{
  "type": "FeatureCollection",
  "features": [
    {
      "type": "Feature",
      "id": 1,
      "geometry": {
        "type": "Polygon",
        "coordinates": [
          [
            [
              -111.666861902,
              40.05437320200008
            ],
            [
              -111.66686601099997,
              40.054115238000065
            ],
            [
              -111.66720170099995,
              40.054118395000046
            ],
            [
              -111.66720768799996,
              40.05374242600004
            ],
            [
              -111.66638275199995,
              40.053734665000036
            ],
            [
              -111.66637264899998,
              40.05436859800005
            ],
            [
              -111.666861902,
              40.05437320200008
            ]
          ]
        ]
      },
      "properties": {
        "OBJECTID": 1,
        "Join_Count": 1,
        "TARGET_FID": 8,
        "PARCEL_NO": 90350007,
        "PARCELID": "090350007",
        "PARCELID_LABEL": "09:035:0007",
        "OWNER_NAME": "SABIN, DON B & LILLIAN ARLENE",
        "CARE_NAME": null,
        "ACREAGE": 1.02,
        "SITE_FULL_ADDRESS": "SALEM, UT",
        "OWN_FULL_ADDRESS": "2415 OLIVERA RD # 4  CONCORD, CA 94520",
        "PROP_TYPE": 900,
        "PROP_TYPE_DESCR": "VACANT",
        "SPECIFIC_PROP_TYPE": 911,
        "SPC_PROP_TYP_DESCR": "Vac Sub Lot",
        "ASMT_YEAR": 2026,
        "ASMT_CODE": "V",
        "ASMT_CODE_DESCR": "VACANT",
        "MKT_LAND_VALUE": 220100,
        "MKT_CUR_VALUE": 220100,
        "MKT_PRV_VAL": 220100,
        "MKT_VAL_YR_CHG": 0,
        "MKT_PCT_CHG": 0,
        "GLOBALID": "{2F90EC66-1F04-4D7E-83CE-EA02479C00A7}",
        "Code": null,
        "Description": "Historic Salem",
        "City": "Salem",
        "Description_detailed": null,
        "Acres": 1830.7,
        "Unit_Rate": null,
        "CityName": null,
        "AdoptedDate": null,
        "Slope_Score": 10,
        "GP_Score": 4,
        "Utilities_Score": 10,
        "Wetlands_Score": 10,
        "Soil_Score": 10,
        "Ownership_Score": 10,
        "Ownership_Type": "Private",
        "Utility_Proximity_Status": "Within 1/8 Mile",
        "Final_Score": 8.5,
        "ELEV_CHANGE": 14.057710551758646,
        "SLOPE": 2.466239468508,
        "Join_Count_12": 1,
        "TARGET_FID_12": 1565,
        "Shape_Length_12": null,
        "Shape_Area_12": null,
        "OBJECTID_1_12": null,
        "Join_Count_12_13": null,
        "TARGET_FID_12_13": null,
        "Id": 2073,
        "gridcode": 1,
        "ClassName": "Not Hydric",
        "Shape_Length_12_13": null,
        "Shape_Area_12_13": null,
        "OWN_STREET_ADDRESS": "65 S 300 E",
        "Entry": 77895,
        "Year": 2024,
        "Record_Date": 1730851200000,
        "Grantor": "DEGRAW, CAROL W AKA DEGRAW, CAROL WOOD DEC CAROL B WOOD LIVING TRUST 04-09-1998",
        "Grantee": "MCKEAN, MICHELLE G SUCTEE CAROL B WOOD LIVING TRUST 04-09-1998",
        "Tax_Address": "237 E CENTER ST SALEM, UT 84653-9575",
        "Serial_Number": "09:035:0002",
        "Serial_Number_Available": "Yes",
        "Detail_URL": "https://www.utahcounty.gov/LandRecords/document.asp?avEntry=77895&avYear=2024",
        "Document_Type": "AF DC",
        "OBJECTID_12": 540,
        "Shape_Length_12_13_14": 625.8123400409246,
        "Shape_Area_12_13_14": 22156.714198784397,
        "DocType": "AFDC",
        "Shape_Length": 0.002917978903572125,
        "Shape_Area": 4.3642653261649855e-07
      }
    },
    {
      "type": "Feature",
      "id": 2,
      "geometry": {
        "type": "Polygon",
        "coordinates": [
          [
            [
              -111.82251350999996,
              40.370867815000054
            ],
            [
              -111.82251349399996,
              40.37086782200004
            ],
            [
              -111.82371435299996,
              40.37083973700004
            ],
            [
              -111.82371593399995,
              40.36994470900004
            ],
            [
              -111.82371515899996,
              40.36987816200008
            ],
            [
              -111.82253801799999,
              40.369881415000066
            ],
            [
              -111.82251350999996,
              40.370867815000054
            ]
          ]
        ]
      },
      "properties": {
        "OBJECTID": 2,
        "Join_Count": 1,
        "TARGET_FID": 64,
        "PARCEL_NO": 130410134,
        "PARCELID": "130410134",
        "PARCELID_LABEL": "13:041:0134",
        "OWNER_NAME": "AF UTAH LLC",
        "CARE_NAME": null,
        "ACREAGE": 2.876439,
        "SITE_FULL_ADDRESS": "AMERICAN FORK, UT",
        "OWN_FULL_ADDRESS": "853 S CRESCENT ROW  MAPLETON, UT 84664",
        "PROP_TYPE": 900,
        "PROP_TYPE_DESCR": "VACANT",
        "SPECIFIC_PROP_TYPE": 901,
        "SPC_PROP_TYP_DESCR": "Vac Res",
        "ASMT_YEAR": 2026,
        "ASMT_CODE": "V",
        "ASMT_CODE_DESCR": "VACANT",
        "MKT_LAND_VALUE": 1320600,
        "MKT_CUR_VALUE": 1320600,
        "MKT_PRV_VAL": 1320600,
        "MKT_VAL_YR_CHG": 0,
        "MKT_PCT_CHG": 0,
        "GLOBALID": "{4D315488-EEDF-4092-AF3F-B23E42C8ADC1}",
        "Code": null,
        "Description": "Mixed Use",
        "City": "American Fork",
        "Description_detailed": "Mixed Use",
        "Acres": null,
        "Unit_Rate": null,
        "CityName": null,
        "AdoptedDate": null,
        "Slope_Score": 10,
        "GP_Score": 7,
        "Utilities_Score": 10,
        "Wetlands_Score": 10,
        "Soil_Score": 1,
        "Ownership_Score": 5,
        "Ownership_Type": "Business",
        "Utility_Proximity_Status": "Within 1/8 Mile",
        "Final_Score": 7.6,
        "ELEV_CHANGE": 14.096157895507531,
        "SLOPE": 0.48920008916280716,
        "Join_Count_12": 1,
        "TARGET_FID_12": 4494,
        "Shape_Length_12": null,
        "Shape_Area_12": null,
        "OBJECTID_1_12": null,
        "Join_Count_12_13": null,
        "TARGET_FID_12_13": null,
        "Id": 561,
        "gridcode": 5,
        "ClassName": "Mostly Hydric (76 - 95%)",
        "Shape_Length_12_13": null,
        "Shape_Area_12_13": null,
        "OWN_STREET_ADDRESS": "22007 SW SCHOLLS SHERWOOD RD",
        "Entry": 47447,
        "Year": 2025,
        "Record_Date": 1750896000000,
        "Grantor": "HOGGARD, BRUCE MAX AKA HOGGARD, BRUCE AKA HOGGARD, BRUCE M DEC",
        "Grantee": "WHOM OF INTEREST",
        "Tax_Address": "923 W 1290 N PLEASANT GROVE, UT 84062",
        "Serial_Number": "13:041:0135",
        "Serial_Number_Available": "Yes",
        "Detail_URL": "https://www.utahcounty.gov/LandRecords/document.asp?avEntry=47447&avYear=2025",
        "Document_Type": "AF DC",
        "OBJECTID_12": 1657,
        "Shape_Length_12_13_14": 1597.7744840633404,
        "Shape_Area_12_13_14": 7584.644757047181,
        "DocType": "AFDC",
        "Shape_Length": 0.004326635655695553,
        "Shape_Area": 1.1582684743836737e-06
      }
    },
    {
      "type": "Feature",
      "id": 3,
      "geometry": {
        "type": "Polygon",
        "coordinates": [
          [
            [
              -111.82251401399998,
              40.37086841800004
            ],
            [
              -111.82248976199998,
              40.37184451600007
            ],
            [
              -111.82256941599996,
              40.37181963300003
            ],
            [
              -111.82259305899998,
              40.37086656900004
            ],
            [
              -111.82251401399998,
              40.37086841800004
            ]
          ]
        ]
      },
      "properties": {
        "OBJECTID": 3,
        "Join_Count": 1,
        "TARGET_FID": 65,
        "PARCEL_NO": 130410134,
        "PARCELID": "130410134",
        "PARCELID_LABEL": "13:041:0134",
        "OWNER_NAME": "AF UTAH LLC",
        "CARE_NAME": null,
        "ACREAGE": 2.876439,
        "SITE_FULL_ADDRESS": "AMERICAN FORK, UT",
        "OWN_FULL_ADDRESS": "853 S CRESCENT ROW  MAPLETON, UT 84664",
        "PROP_TYPE": 900,
        "PROP_TYPE_DESCR": "VACANT",
        "SPECIFIC_PROP_TYPE": 901,
        "SPC_PROP_TYP_DESCR": "Vac Res",
        "ASMT_YEAR": 2026,
        "ASMT_CODE": "V",
        "ASMT_CODE_DESCR": "VACANT",
        "MKT_LAND_VALUE": 1320600,
        "MKT_CUR_VALUE": 1320600,
        "MKT_PRV_VAL": 1320600,
        "MKT_VAL_YR_CHG": 0,
        "MKT_PCT_CHG": 0,
        "GLOBALID": "{047C2995-421D-4B69-BC38-088EEA3110B8}",
        "Code": null,
        "Description": "Mixed Use",
        "City": "American Fork",
        "Description_detailed": "Mixed Use",
        "Acres": null,
        "Unit_Rate": null,
        "CityName": null,
        "AdoptedDate": null,
        "Slope_Score": 10,
        "GP_Score": 7,
        "Utilities_Score": 10,
        "Wetlands_Score": 10,
        "Soil_Score": 1,
        "Ownership_Score": 5,
        "Ownership_Type": "Business",
        "Utility_Proximity_Status": "Within 1/8 Mile",
        "Final_Score": 7.6,
        "ELEV_CHANGE": 14.096157895507531,
        "SLOPE": 0.48920008916280716,
        "Join_Count_12": 1,
        "TARGET_FID_12": 4495,
        "Shape_Length_12": null,
        "Shape_Area_12": null,
        "OBJECTID_1_12": null,
        "Join_Count_12_13": null,
        "TARGET_FID_12_13": null,
        "Id": 561,
        "gridcode": 5,
        "ClassName": "Mostly Hydric (76 - 95%)",
        "Shape_Length_12_13": null,
        "Shape_Area_12_13": null,
        "OWN_STREET_ADDRESS": "22007 SW SCHOLLS SHERWOOD RD",
        "Entry": 47447,
        "Year": 2025,
        "Record_Date": 1750896000000,
        "Grantor": "HOGGARD, BRUCE MAX AKA HOGGARD, BRUCE AKA HOGGARD, BRUCE M DEC",
        "Grantee": "WHOM OF INTEREST",
        "Tax_Address": "923 W 1290 N PLEASANT GROVE, UT 84062",
        "Serial_Number": "13:041:0135",
        "Serial_Number_Available": "Yes",
        "Detail_URL": "https://www.utahcounty.gov/LandRecords/document.asp?avEntry=47447&avYear=2025",
        "Document_Type": "AF DC",
        "OBJECTID_12": 1657,
        "Shape_Length_12_13_14": 1597.7744840633404,
        "Shape_Area_12_13_14": 7584.644757047181,
        "DocType": "AFDC",
        "Shape_Length": 0.002092296205986909,
        "Shape_Area": 7.626615085328465e-08
      }
    },
    {
      "type": "Feature",
      "id": 4,
      "geometry": {
        "type": "Polygon",
        "coordinates": [
          [
            [
              -111.60786965399996,
              40.18855734500005
            ],
            [
              -111.60786968599996,
              40.188556359000074
            ],
            [
              -111.60789750799995,
              40.18774017900006
            ],
            [
              -111.60782801399995,
              40.187672778000035
            ],
            [
              -111.60779585599994,
              40.18767343600007
            ],
            [
              -111.60723027399996,
              40.18712090400004
            ],
            [
              -111.60673112299997,
              40.18663325800003
            ],
            [
              -111.60585664299998,
              40.185778914000025
            ],
            [
              -111.60554190699997,
              40.185481055000025
            ],
            [
              -111.60605142999998,
              40.18663109200003
            ],
            [
              -111.60786965399996,
              40.18855734500005
            ]
          ]
        ]
      },
      "properties": {
        "OBJECTID": 4,
        "Join_Count": 1,
        "TARGET_FID": 330,
        "PARCEL_NO": 230170023,
        "PARCELID": "230170023",
        "PARCELID_LABEL": "23:017:0023",
        "OWNER_NAME": "MORGAN, JEANENE B (ET AL)",
        "CARE_NAME": null,
        "ACREAGE": 4.091652,
        "SITE_FULL_ADDRESS": null,
        "OWN_FULL_ADDRESS": "1307 N 1450 E  PROVO, UT 84604-3715",
        "PROP_TYPE": 900,
        "PROP_TYPE_DESCR": "VACANT",
        "SPECIFIC_PROP_TYPE": 901,
        "SPC_PROP_TYP_DESCR": "Vac Res",
        "ASMT_YEAR": 2026,
        "ASMT_CODE": "V",
        "ASMT_CODE_DESCR": "VACANT",
        "MKT_LAND_VALUE": 5700,
        "MKT_CUR_VALUE": 5700,
        "MKT_PRV_VAL": 5700,
        "MKT_VAL_YR_CHG": 0,
        "MKT_PCT_CHG": 0,
        "GLOBALID": "{4C0758ED-D1F6-440B-A0F2-2FC2088F25FF}",
        "Code": null,
        "Description": "Medium Density Residential",
        "City": "Springville",
        "Description_detailed": "Any Residential",
        "Acres": null,
        "Unit_Rate": null,
        "CityName": null,
        "AdoptedDate": null,
        "Slope_Score": 10,
        "GP_Score": 8,
        "Utilities_Score": 10,
        "Wetlands_Score": 10,
        "Soil_Score": 10,
        "Ownership_Score": 10,
        "Ownership_Type": "Private",
        "Utility_Proximity_Status": "Within 1/8 Mile",
        "Final_Score": 9.5,
        "ELEV_CHANGE": 2.4502171777339754,
        "SLOPE": 0.49220604580735405,
        "Join_Count_12": 2,
        "TARGET_FID_12": 11287,
        "Shape_Length_12": null,
        "Shape_Area_12": null,
        "OBJECTID_1_12": null,
        "Join_Count_12_13": null,
        "TARGET_FID_12_13": null,
        "Id": 2073,
        "gridcode": 1,
        "ClassName": "Not Hydric",
        "Shape_Length_12_13": null,
        "Shape_Area_12_13": null,
        "OWN_STREET_ADDRESS": "1307 N 1450 E",
        "Entry": 81194,
        "Year": 2024,
        "Record_Date": 1731888000000,
        "Grantor": "MORGAN, ALAN ROBERTS AKA MORGAN, ALAN R DEC ALAN R MORGAN AND JEANENE B MORGAN TRUST 04-25-1991",
        "Grantee": "MORGAN, JEANENE B TEE ALAN R MORGAN AND JEANENE B MORGAN TRUST 04-25-1991",
        "Tax_Address": "1307 N 1450 E PROVO, UT 84604-3715",
        "Serial_Number": "23:017:0023",
        "Serial_Number_Available": "Yes",
        "Detail_URL": "https://www.utahcounty.gov/LandRecords/document.asp?avEntry=81194&avYear=2024",
        "Document_Type": "AF DC",
        "OBJECTID_12": 615,
        "Shape_Length_12_13_14": 2663.7628738436347,
        "Shape_Area_12_13_14": 154983.1326595435,
        "DocType": "AFDC",
        "Shape_Length": 0.007997696238111274,
        "Shape_Area": 1.5229032954187998e-06
      }
    },
    {
      "type": "Feature",
      "id": 5,
      "geometry": {
        "type": "Polygon",
        "coordinates": [
          [
            [
              -111.60561308299998,
              40.18564172200007
            ],
            [
              -111.60554190899995,
              40.18548106500003
            ],
            [
              -111.60550626799994,
              40.18544733300007
            ],
            [
              -111.60557961899997,
              40.18561024100006
            ],
            [
              -111.60561308299998,
              40.18564172200007
            ]
          ]
        ]
      },
      "properties": {
        "OBJECTID": 5,
        "Join_Count": 1,
        "TARGET_FID": 331,
        "PARCEL_NO": 230170023,
        "PARCELID": "230170023",
        "PARCELID_LABEL": "23:017:0023",
        "OWNER_NAME": "MORGAN, JEANENE B (ET AL)",
        "CARE_NAME": null,
        "ACREAGE": 4.091652,
        "SITE_FULL_ADDRESS": null,
        "OWN_FULL_ADDRESS": "1307 N 1450 E  PROVO, UT 84604-3715",
        "PROP_TYPE": 900,
        "PROP_TYPE_DESCR": "VACANT",
        "SPECIFIC_PROP_TYPE": 901,
        "SPC_PROP_TYP_DESCR": "Vac Res",
        "ASMT_YEAR": 2026,
        "ASMT_CODE": "V",
        "ASMT_CODE_DESCR": "VACANT",
        "MKT_LAND_VALUE": 5700,
        "MKT_CUR_VALUE": 5700,
        "MKT_PRV_VAL": 5700,
        "MKT_VAL_YR_CHG": 0,
        "MKT_PCT_CHG": 0,
        "GLOBALID": "{F60C8137-69FC-4FD5-9BE9-124501026700}",
        "Code": null,
        "Description": "Medium Density Residential",
        "City": "Springville",
        "Description_detailed": "Any Residential",
        "Acres": null,
        "Unit_Rate": null,
        "CityName": null,
        "AdoptedDate": null,
        "Slope_Score": 10,
        "GP_Score": 8,
        "Utilities_Score": 10,
        "Wetlands_Score": 10,
        "Soil_Score": 10,
        "Ownership_Score": 10,
        "Ownership_Type": "Private",
        "Utility_Proximity_Status": "Within 1/8 Mile",
        "Final_Score": 9.5,
        "ELEV_CHANGE": 1.3524654150387505,
        "SLOPE": 0.23701104816303567,
        "Join_Count_12": 1,
        "TARGET_FID_12": 11288,
        "Shape_Length_12": null,
        "Shape_Area_12": null,
        "OBJECTID_1_12": null,
        "Join_Count_12_13": null,
        "TARGET_FID_12_13": null,
        "Id": null,
        "gridcode": null,
        "ClassName": null,
        "Shape_Length_12_13": null,
        "Shape_Area_12_13": null,
        "OWN_STREET_ADDRESS": "1307 N 1450 E",
        "Entry": 81194,
        "Year": 2024,
        "Record_Date": 1731888000000,
        "Grantor": "MORGAN, ALAN ROBERTS AKA MORGAN, ALAN R DEC ALAN R MORGAN AND JEANENE B MORGAN TRUST 04-25-1991",
        "Grantee": "MORGAN, JEANENE B TEE ALAN R MORGAN AND JEANENE B MORGAN TRUST 04-25-1991",
        "Tax_Address": "1307 N 1450 E PROVO, UT 84604-3715",
        "Serial_Number": "23:017:0023",
        "Serial_Number_Available": "Yes",
        "Detail_URL": "https://www.utahcounty.gov/LandRecords/document.asp?avEntry=81194&avYear=2024",
        "Document_Type": "AF DC",
        "OBJECTID_12": 615,
        "Shape_Length_12_13_14": 2663.7628738436347,
        "Shape_Area_12_13_14": 154983.1326595435,
        "DocType": "AFDC",
        "Shape_Length": 0.0004493939579560803,
        "Shape_Area": 3.2337626275651386e-09
      }
    },
    {
      "type": "Feature",
      "id": 6,
      "geometry": {
        "type": "Polygon",
        "coordinates": [
          [
            [
              -111.60846997399995,
              40.188558433000026
            ],
            [
              -111.60786400699999,
              40.18781576400005
            ],
            [
              -111.60786773199999,
              40.188560203000065
            ],
            [
              -111.60846997399995,
              40.188558433000026
            ]
          ]
        ]
      },
      "properties": {
        "OBJECTID": 6,
        "Join_Count": 1,
        "TARGET_FID": 332,
        "PARCEL_NO": 230170023,
        "PARCELID": "230170023",
        "PARCELID_LABEL": "23:017:0023",
        "OWNER_NAME": "MORGAN, JEANENE B (ET AL)",
        "CARE_NAME": null,
        "ACREAGE": 4.091652,
        "SITE_FULL_ADDRESS": null,
        "OWN_FULL_ADDRESS": "1307 N 1450 E  PROVO, UT 84604-3715",
        "PROP_TYPE": 900,
        "PROP_TYPE_DESCR": "VACANT",
        "SPECIFIC_PROP_TYPE": 901,
        "SPC_PROP_TYP_DESCR": "Vac Res",
        "ASMT_YEAR": 2026,
        "ASMT_CODE": "V",
        "ASMT_CODE_DESCR": "VACANT",
        "MKT_LAND_VALUE": 5700,
        "MKT_CUR_VALUE": 5700,
        "MKT_PRV_VAL": 5700,
        "MKT_VAL_YR_CHG": 0,
        "MKT_PCT_CHG": 0,
        "GLOBALID": "{66869DB4-312C-48BA-BF34-C3B3242B2764}",
        "Code": null,
        "Description": "Medium Density Residential",
        "City": "Springville",
        "Description_detailed": "Any Residential",
        "Acres": null,
        "Unit_Rate": null,
        "CityName": null,
        "AdoptedDate": null,
        "Slope_Score": 10,
        "GP_Score": 8,
        "Utilities_Score": 10,
        "Wetlands_Score": 10,
        "Soil_Score": 10,
        "Ownership_Score": 10,
        "Ownership_Type": "Private",
        "Utility_Proximity_Status": "Within 1/8 Mile",
        "Final_Score": 9.5,
        "ELEV_CHANGE": 2.4502171777339754,
        "SLOPE": 0.49220604580735405,
        "Join_Count_12": 1,
        "TARGET_FID_12": 11289,
        "Shape_Length_12": null,
        "Shape_Area_12": null,
        "OBJECTID_1_12": null,
        "Join_Count_12_13": null,
        "TARGET_FID_12_13": null,
        "Id": 2073,
        "gridcode": 1,
        "ClassName": "Not Hydric",
        "Shape_Length_12_13": null,
        "Shape_Area_12_13": null,
        "OWN_STREET_ADDRESS": "1307 N 1450 E",
        "Entry": 81194,
        "Year": 2024,
        "Record_Date": 1731888000000,
        "Grantor": "MORGAN, ALAN ROBERTS AKA MORGAN, ALAN R DEC ALAN R MORGAN AND JEANENE B MORGAN TRUST 04-25-1991",
        "Grantee": "MORGAN, JEANENE B TEE ALAN R MORGAN AND JEANENE B MORGAN TRUST 04-25-1991",
        "Tax_Address": "1307 N 1450 E PROVO, UT 84604-3715",
        "Serial_Number": "23:017:0023",
        "Serial_Number_Available": "Yes",
        "Detail_URL": "https://www.utahcounty.gov/LandRecords/document.asp?avEntry=81194&avYear=2024",
        "Document_Type": "AF DC",
        "OBJECTID_12": 615,
        "Shape_Length_12_13_14": 2663.7628738436347,
        "Shape_Area_12_13_14": 154983.1326595435,
        "DocType": "AFDC",
        "Shape_Length": 0.0023052090906710955,
        "Shape_Area": 2.24169512732778e-07
      }
    },
    {
      "type": "Feature",
      "id": 7,
      "geometry": {
        "type": "MultiPolygon",
        "coordinates": [
          [
            [
              [
                -111.67243941399994,
                40.11551033500007
              ],
              [
                -111.67198000999997,
                40.11550793600003
              ],
              [
                -111.67197218099994,
                40.11578181900006
              ],
              [
                -111.67201157399995,
                40.11578177800004
              ],
              [
                -111.67200907599994,
                40.11617663900006
              ],
              [
                -111.67198736199998,
                40.11766959300007
              ],
              [
                -111.67161542399998,
                40.118853140000056
              ],
              [
                -111.67208702599999,
                40.119118756000034
              ],
              [
                -111.67342068399995,
                40.12021247900003
              ],
              [
                -111.67358471499995,
                40.12041965100008
              ],
              [
                -111.67357922099995,
                40.11824607700004
              ],
              [
                -111.67340216799994,
                40.11824515400008
              ],
              [
                -111.67340161599998,
                40.11802653400008
              ],
              [
                -111.67240290299998,
                40.11802132500003
              ],
              [
                -111.67243941399994,
                40.11551033500007
              ]
            ]
          ],
          [
            [
              [
                -111.67243941399994,
                40.115510312000026
              ],
              [
                -111.67243941399994,
                40.11551033500007
              ],
              [
                -111.67243943899996,
                40.11551033500007
              ],
              [
                -111.67243941399994,
                40.115510312000026
              ]
            ]
          ]
        ]
      },
      "properties": {
        "OBJECTID": 7,
        "Join_Count": 1,
        "TARGET_FID": 357,
        "PARCEL_NO": 240470048,
        "PARCELID": "240470048",
        "PARCELID_LABEL": "24:047:0048",
        "OWNER_NAME": "GWC CAPITAL LLC",
        "CARE_NAME": null,
        "ACREAGE": 9.250089,
        "SITE_FULL_ADDRESS": "6300 S FRONTAGE RD, SPANISH FORK, UT",
        "OWN_FULL_ADDRESS": "730 N 1500 W  OREM, UT 84057-2826",
        "PROP_TYPE": 900,
        "PROP_TYPE_DESCR": "VACANT",
        "SPECIFIC_PROP_TYPE": 901,
        "SPC_PROP_TYP_DESCR": "Vac Res",
        "ASMT_YEAR": 2026,
        "ASMT_CODE": "V",
        "ASMT_CODE_DESCR": "VACANT",
        "MKT_LAND_VALUE": 433800,
        "MKT_CUR_VALUE": 433800,
        "MKT_PRV_VAL": 433800,
        "MKT_VAL_YR_CHG": 0,
        "MKT_PCT_CHG": 0,
        "GLOBALID": "{00409AD5-142E-4D31-82E1-A8A227FA7336}",
        "Code": null,
        "Description": "Urban Density Residential",
        "City": "Spanish Fork",
        "Description_detailed": null,
        "Acres": 118.721,
        "Unit_Rate": null,
        "CityName": null,
        "AdoptedDate": null,
        "Slope_Score": 10,
        "GP_Score": 10,
        "Utilities_Score": 0,
        "Wetlands_Score": 10,
        "Soil_Score": 7,
        "Ownership_Score": 5,
        "Ownership_Type": "Business",
        "Utility_Proximity_Status": "Not Within 1/8 Mile",
        "Final_Score": 6.45,
        "ELEV_CHANGE": 8.46482351562463,
        "SLOPE": 0.3858645114947408,
        "Join_Count_12": 1,
        "TARGET_FID_12": 12314,
        "Shape_Length_12": null,
        "Shape_Area_12": null,
        "OBJECTID_1_12": null,
        "Join_Count_12_13": null,
        "TARGET_FID_12_13": null,
        "Id": 1530,
        "gridcode": 2,
        "ClassName": "Partially Hydric (1 - 25%)",
        "Shape_Length_12_13": null,
        "Shape_Area_12_13": null,
        "OWN_STREET_ADDRESS": "730 N 1500 W",
        "Entry": 90363,
        "Year": 2024,
        "Record_Date": 1734652800000,
        "Grantor": "NIELSEN, ALLEN HUGHES AKA NIELSEN, ALLEN H AKA NIELSEN, RONALD BOYACK DEC ALLEN H NIELSEN AND MARLENE B NIELSEN FAMILY TRUST 07-09-1986",
        "Grantee": "NIELSEN, RONALD BOYACK SUCTEE MITCHELL, KIMBERLY NIELSEN NKA SCHARDINE, KIMBERLY N SUCTEE KIRK, CARRIE SUE NIELSEN SUCTEE ALLEN H NIELSEN AND MARLENE B NIELSEN FAMILY TRUST 07-09-1986",
        "Tax_Address": "RFD 2 BOX 450 SPANISH FORK, UT 84660",
        "Serial_Number": "24:054:0029",
        "Serial_Number_Available": "Yes",
        "Detail_URL": "https://www.utahcounty.gov/LandRecords/document.asp?avEntry=90363&avYear=2024",
        "Document_Type": "AF DC",
        "OBJECTID_12": 785,
        "Shape_Length_12_13_14": 2374.0641700589504,
        "Shape_Area_12_13_14": 304539.95414542576,
        "DocType": "AFDC",
        "Shape_Length": 0.012511000447986087,
        "Shape_Area": 3.9529904454799e-06
      }
    },
    {
      "type": "Feature",
      "id": 8,
      "geometry": {
        "type": "Polygon",
        "coordinates": [
          [
            [
              -111.67333303899994,
              40.115514967000024
            ],
            [
              -111.67243938799999,
              40.115510302000075
            ],
            [
              -111.67240287799996,
              40.11802133000003
            ],
            [
              -111.67340159699995,
              40.11802654000007
            ],
            [
              -111.67339965099995,
              40.11725554700007
            ],
            [
              -111.67330774699997,
              40.11725568400004
            ],
            [
              -111.67333303899994,
              40.115514967000024
            ]
          ]
        ]
      },
      "properties": {
        "OBJECTID": 8,
        "Join_Count": 1,
        "TARGET_FID": 358,
        "PARCEL_NO": 240470052,
        "PARCELID": "240470052",
        "PARCELID_LABEL": "24:047:0052",
        "OWNER_NAME": "KIRK, RODNEY L & CARRIE S (ET AL)",
        "CARE_NAME": null,
        "ACREAGE": 5.429066,
        "SITE_FULL_ADDRESS": null,
        "OWN_FULL_ADDRESS": "971 E 550 N  SPANISH FORK, UT 84660-2496",
        "PROP_TYPE": 900,
        "PROP_TYPE_DESCR": "VACANT",
        "SPECIFIC_PROP_TYPE": 901,
        "SPC_PROP_TYP_DESCR": "Vac Res",
        "ASMT_YEAR": 2026,
        "ASMT_CODE": "V",
        "ASMT_CODE_DESCR": "VACANT",
        "MKT_LAND_VALUE": 254500,
        "MKT_CUR_VALUE": 254500,
        "MKT_PRV_VAL": 254500,
        "MKT_VAL_YR_CHG": 0,
        "MKT_PCT_CHG": 0,
        "GLOBALID": "{FB67DF0F-5353-4F4C-ABA7-E9E724C2B2D9}",
        "Code": null,
        "Description": "Urban Density Residential",
        "City": "Spanish Fork",
        "Description_detailed": null,
        "Acres": 118.721,
        "Unit_Rate": null,
        "CityName": null,
        "AdoptedDate": null,
        "Slope_Score": 10,
        "GP_Score": 10,
        "Utilities_Score": 0,
        "Wetlands_Score": 10,
        "Soil_Score": 7,
        "Ownership_Score": 10,
        "Ownership_Type": "Private",
        "Utility_Proximity_Status": "Not Within 1/8 Mile",
        "Final_Score": 7.2,
        "ELEV_CHANGE": 8.46482351562463,
        "SLOPE": 0.3858645114947408,
        "Join_Count_12": 1,
        "TARGET_FID_12": 12322,
        "Shape_Length_12": null,
        "Shape_Area_12": null,
        "OBJECTID_1_12": null,
        "Join_Count_12_13": null,
        "TARGET_FID_12_13": null,
        "Id": 1530,
        "gridcode": 2,
        "ClassName": "Partially Hydric (1 - 25%)",
        "Shape_Length_12_13": null,
        "Shape_Area_12_13": null,
        "OWN_STREET_ADDRESS": "730 N 1500 W",
        "Entry": 90363,
        "Year": 2024,
        "Record_Date": 1734652800000,
        "Grantor": "NIELSEN, ALLEN HUGHES AKA NIELSEN, ALLEN H AKA NIELSEN, RONALD BOYACK DEC ALLEN H NIELSEN AND MARLENE B NIELSEN FAMILY TRUST 07-09-1986",
        "Grantee": "NIELSEN, RONALD BOYACK SUCTEE MITCHELL, KIMBERLY NIELSEN NKA SCHARDINE, KIMBERLY N SUCTEE KIRK, CARRIE SUE NIELSEN SUCTEE ALLEN H NIELSEN AND MARLENE B NIELSEN FAMILY TRUST 07-09-1986",
        "Tax_Address": "RFD 2 BOX 450 SPANISH FORK, UT 84660",
        "Serial_Number": "24:054:0029",
        "Serial_Number_Available": "Yes",
        "Detail_URL": "https://www.utahcounty.gov/LandRecords/document.asp?avEntry=90363&avYear=2024",
        "Document_Type": "AF DC",
        "OBJECTID_12": 785,
        "Shape_Length_12_13_14": 2374.0641700589504,
        "Shape_Area_12_13_14": 304539.95414542576,
        "DocType": "AFDC",
        "Shape_Length": 0.007007489466540801,
        "Shape_Area": 2.3200731584866694e-06
      }
    },
    {
      "type": "Feature",
      "id": 9,
      "geometry": {
        "type": "Polygon",
        "coordinates": [
          [
            [
              -111.67200252099997,
              40.116626918000065
            ],
            [
              -111.67200252499998,
              40.11662691300006
            ],
            [
              -111.67081370699998,
              40.116628149000064
            ],
            [
              -111.67079898399999,
              40.11767081600004
            ],
            [
              -111.67198735499994,
              40.11766958100003
            ],
            [
              -111.67200252099997,
              40.116626918000065
            ]
          ]
        ]
      },
      "properties": {
        "OBJECTID": 9,
        "Join_Count": 1,
        "TARGET_FID": 359,
        "PARCEL_NO": 240470080,
        "PARCELID": "240470080",
        "PARCELID_LABEL": "24:047:0080",
        "OWNER_NAME": "GWC CAPITAL LLC",
        "CARE_NAME": null,
        "ACREAGE": 2.898402,
        "SITE_FULL_ADDRESS": null,
        "OWN_FULL_ADDRESS": "482 W 800 N # 204  OREM, UT 84057",
        "PROP_TYPE": 900,
        "PROP_TYPE_DESCR": "VACANT",
        "SPECIFIC_PROP_TYPE": 901,
        "SPC_PROP_TYP_DESCR": "Vac Res",
        "ASMT_YEAR": 2026,
        "ASMT_CODE": "V",
        "ASMT_CODE_DESCR": "VACANT",
        "MKT_LAND_VALUE": 135800,
        "MKT_CUR_VALUE": 135800,
        "MKT_PRV_VAL": 135800,
        "MKT_VAL_YR_CHG": 0,
        "MKT_PCT_CHG": 0,
        "GLOBALID": "{077A83CA-7EE7-4D57-92AB-C065BCACDFC7}",
        "Code": null,
        "Description": "Medium Density Residential",
        "City": "Spanish Fork",
        "Description_detailed": null,
        "Acres": 0,
        "Unit_Rate": null,
        "CityName": null,
        "AdoptedDate": null,
        "Slope_Score": 10,
        "GP_Score": 8,
        "Utilities_Score": 0,
        "Wetlands_Score": 10,
        "Soil_Score": 7,
        "Ownership_Score": 5,
        "Ownership_Type": "Business",
        "Utility_Proximity_Status": "Not Within 1/8 Mile",
        "Final_Score": 5.95,
        "ELEV_CHANGE": 3.006101689453317,
        "SLOPE": 0.2568345969557274,
        "Join_Count_12": 3,
        "TARGET_FID_12": 12382,
        "Shape_Length_12": null,
        "Shape_Area_12": null,
        "OBJECTID_1_12": null,
        "Join_Count_12_13": null,
        "TARGET_FID_12_13": null,
        "Id": 1530,
        "gridcode": 2,
        "ClassName": "Partially Hydric (1 - 25%)",
        "Shape_Length_12_13": null,
        "Shape_Area_12_13": null,
        "OWN_STREET_ADDRESS": "730 N 1500 W",
        "Entry": 90363,
        "Year": 2024,
        "Record_Date": 1734652800000,
        "Grantor": "NIELSEN, ALLEN HUGHES AKA NIELSEN, ALLEN H AKA NIELSEN, RONALD BOYACK DEC ALLEN H NIELSEN AND MARLENE B NIELSEN FAMILY TRUST 07-09-1986",
        "Grantee": "NIELSEN, RONALD BOYACK SUCTEE MITCHELL, KIMBERLY NIELSEN NKA SCHARDINE, KIMBERLY N SUCTEE KIRK, CARRIE SUE NIELSEN SUCTEE ALLEN H NIELSEN AND MARLENE B NIELSEN FAMILY TRUST 07-09-1986",
        "Tax_Address": "RFD 2 BOX 450 SPANISH FORK, UT 84660",
        "Serial_Number": "24:047:0048",
        "Serial_Number_Available": "Yes",
        "Detail_URL": "https://www.utahcounty.gov/LandRecords/document.asp?avEntry=90363&avYear=2024",
        "Document_Type": "AF DC",
        "OBJECTID_12": 784,
        "Shape_Length_12_13_14": 4283.020275928828,
        "Shape_Area_12_13_14": 402679.9336872997,
        "DocType": "AFDC",
        "Shape_Length": 0.004462740922614933,
        "Shape_Area": 1.2392883419559088e-06
      }
    },
    {
      "type": "Feature",
      "id": 10,
      "geometry": {
        "type": "Polygon",
        "coordinates": [
          [
            [
              -111.77909281499996,
              39.98401841800006
            ],
            [
              -111.77909286199997,
              39.984018441000046
            ],
            [
              -111.78023553799994,
              39.98401569300006
            ],
            [
              -111.78023388199995,
              39.98352421900006
            ],
            [
              -111.78023427599999,
              39.983524216000035
            ],
            [
              -111.78022581799996,
              39.982733550000034
            ],
            [
              -111.77973108499998,
              39.98274597000005
            ],
            [
              -111.77973104399996,
              39.98273581400008
            ],
            [
              -111.77914074999995,
              39.98274578500008
            ],
            [
              -111.77914081099999,
              39.98276077100007
            ],
            [
              -111.77913949099997,
              39.982760804000065
            ],
            [
              -111.77909281499996,
              39.98401841800006
            ]
          ]
        ]
      },
      "properties": {
        "OBJECTID": 10,
        "Join_Count": 1,
        "TARGET_FID": 649,
        "PARCEL_NO": 290410168,
        "PARCELID": "290410168",
        "PARCELID_LABEL": "29:041:0168",
        "OWNER_NAME": "STRATTON, KIMBALL & MARLENE",
        "CARE_NAME": null,
        "ACREAGE": 3.650606,
        "SITE_FULL_ADDRESS": null,
        "OWN_FULL_ADDRESS": "847 E DRAPER MEADOW LN  DRAPER, UT 84020",
        "PROP_TYPE": 900,
        "PROP_TYPE_DESCR": "VACANT",
        "SPECIFIC_PROP_TYPE": 901,
        "SPC_PROP_TYP_DESCR": "Vac Res",
        "ASMT_YEAR": 2026,
        "ASMT_CODE": "V",
        "ASMT_CODE_DESCR": "VACANT",
        "MKT_LAND_VALUE": 129200,
        "MKT_CUR_VALUE": 129200,
        "MKT_PRV_VAL": 129200,
        "MKT_VAL_YR_CHG": 0,
        "MKT_PCT_CHG": 0,
        "GLOBALID": "{74FAE203-53B6-4CC9-B182-9786C9FDECAB}",
        "Code": null,
        "Description": "Medium Density Residential",
        "City": "Santaquin",
        "Description_detailed": "Any Residential",
        "Acres": null,
        "Unit_Rate": null,
        "CityName": null,
        "AdoptedDate": null,
        "Slope_Score": 10,
        "GP_Score": 8,
        "Utilities_Score": 10,
        "Wetlands_Score": 10,
        "Soil_Score": 10,
        "Ownership_Score": 10,
        "Ownership_Type": "Private",
        "Utility_Proximity_Status": "Within 1/8 Mile",
        "Final_Score": 9.5,
        "ELEV_CHANGE": 1.0068398144530875,
        "SLOPE": 0.5488456158955215,
        "Join_Count_12": 1,
        "TARGET_FID_12": 15528,
        "Shape_Length_12": null,
        "Shape_Area_12": null,
        "OBJECTID_1_12": null,
        "Join_Count_12_13": null,
        "TARGET_FID_12_13": null,
        "Id": 2073,
        "gridcode": 1,
        "ClassName": "Not Hydric",
        "Shape_Length_12_13": null,
        "Shape_Area_12_13": null,
        "OWN_STREET_ADDRESS": "444 N 200 E",
        "Entry": 55425,
        "Year": 2024,
        "Record_Date": 1723766400000,
        "Grantor": "DEUEL, JOHN BOYD DEC",
        "Grantee": "WHOM OF INTEREST",
        "Tax_Address": "444 N 200 E SANTAQUIN, UT 84655-7108",
        "Serial_Number": "29:041:0178",
        "Serial_Number_Available": "Yes",
        "Detail_URL": "https://www.utahcounty.gov/LandRecords/document.asp?avEntry=55425&avYear=2024",
        "Document_Type": "AF DC",
        "OBJECTID_12": 182,
        "Shape_Length_12_13_14": 581.8918478194337,
        "Shape_Area_12_13_14": 17231.71830998625,
        "DocType": "AFDC",
        "Shape_Length": 0.0047955232549682265,
        "Shape_Area": 1.4239469863327012e-06
      }
    },
    {
      "type": "Feature",
      "id": 11,
      "geometry": {
        "type": "Polygon",
        "coordinates": [
          [
            [
              -111.65879771899995,
              40.06646852700004
            ],
            [
              -111.65443940499995,
              40.06645479600007
            ],
            [
              -111.65444573299999,
              40.067482203000054
            ],
            [
              -111.65671102299996,
              40.067474281000045
            ],
            [
              -111.65671935599994,
              40.06930230200004
            ],
            [
              -111.65992074499997,
              40.06929841400006
            ],
            [
              -111.66034214199999,
              40.069311999000035
            ],
            [
              -111.65921373099997,
              40.06813413000003
            ],
            [
              -111.65926524199995,
              40.06811921900004
            ],
            [
              -111.65875602499995,
              40.066662852000036
            ],
            [
              -111.65879772999995,
              40.066468506000035
            ],
            [
              -111.65879771899995,
              40.06646852700004
            ]
          ]
        ]
      },
      "properties": {
        "OBJECTID": 11,
        "Join_Count": 1,
        "TARGET_FID": 668,
        "PARCEL_NO": 300030019,
        "PARCELID": "300030019",
        "PARCELID_LABEL": "30:003:0019",
        "OWNER_NAME": "BCP DEVELOPMENT LLC",
        "CARE_NAME": null,
        "ACREAGE": 22.651604,
        "SITE_FULL_ADDRESS": null,
        "OWN_FULL_ADDRESS": "300 S 1350 EAST 2ND FLOOR  LEHI, UT 84043",
        "PROP_TYPE": 900,
        "PROP_TYPE_DESCR": "VACANT",
        "SPECIFIC_PROP_TYPE": 901,
        "SPC_PROP_TYP_DESCR": "Vac Res",
        "ASMT_YEAR": 2026,
        "ASMT_CODE": "V",
        "ASMT_CODE_DESCR": "VACANT",
        "MKT_LAND_VALUE": 2014500,
        "MKT_CUR_VALUE": 2014500,
        "MKT_PRV_VAL": 2014500,
        "MKT_VAL_YR_CHG": 0,
        "MKT_PCT_CHG": 0,
        "GLOBALID": "{2C4AF7F6-CB87-4026-8499-FBAA0C324A7A}",
        "Code": null,
        "Description": "Historic Salem Extension",
        "City": "Salem",
        "Description_detailed": null,
        "Acres": 2656.69,
        "Unit_Rate": null,
        "CityName": null,
        "AdoptedDate": null,
        "Slope_Score": 10,
        "GP_Score": 4,
        "Utilities_Score": 10,
        "Wetlands_Score": 10,
        "Soil_Score": 10,
        "Ownership_Score": 5,
        "Ownership_Type": "Business",
        "Utility_Proximity_Status": "Within 1/8 Mile",
        "Final_Score": 7.75,
        "ELEV_CHANGE": 29.8043007763672,
        "SLOPE": 0.7799787701928115,
        "Join_Count_12": 1,
        "TARGET_FID_12": 15929,
        "Shape_Length_12": null,
        "Shape_Area_12": null,
        "OBJECTID_1_12": null,
        "Join_Count_12_13": null,
        "TARGET_FID_12_13": null,
        "Id": 2073,
        "gridcode": 1,
        "ClassName": "Not Hydric",
        "Shape_Length_12_13": null,
        "Shape_Area_12_13": null,
        "OWN_STREET_ADDRESS": "8956 S WOODLAND HILLS DR",
        "Entry": 52847,
        "Year": 2025,
        "Record_Date": 1752624000000,
        "Grantor": "VILLAVERDE, LYNN NAOMI DEC VILLAVERDE FAMILY TRUST 03-19-1998 THE",
        "Grantee": "VILLAVERDE, BYRON MAC TEE VILLAVERDE FAMILY TRUST 03-19-1998 THE",
        "Tax_Address": "8956 S WOODLAND HILLS DR SALEM, UT 84653-9002",
        "Serial_Number": "41:734:0006",
        "Serial_Number_Available": "Yes",
        "Detail_URL": "https://www.utahcounty.gov/LandRecords/document.asp?avEntry=52847&avYear=2025",
        "Document_Type": "AF DC",
        "OBJECTID_12": 1760,
        "Shape_Length_12_13_14": 1949.8828602070353,
        "Shape_Area_12_13_14": 217659.97957455265,
        "DocType": "AFDC",
        "Shape_Length": 0.01652851856822035,
        "Shape_Area": 9.673203999586917e-06
      }
    },
    {
      "type": "Feature",
      "id": 12,
      "geometry": {
        "type": "Polygon",
        "coordinates": [
          [
            [
              -111.69520060199994,
              40.06977737300008
            ],
            [
              -111.69647902199995,
              40.06977950800007
            ],
            [
              -111.69647498199998,
              40.068839672000024
            ],
            [
              -111.69645433499994,
              40.06883972400004
            ],
            [
              -111.69645092799999,
              40.06804677200006
            ],
            [
              -111.69550660799996,
              40.06804916300007
            ],
            [
              -111.69550646399995,
              40.067966829000056
            ],
            [
              -111.69528808499996,
              40.06796593000007
            ],
            [
              -111.69520060199994,
              40.06977737300008
            ]
          ]
        ]
      },
      "properties": {
        "OBJECTID": 12,
        "Join_Count": 1,
        "TARGET_FID": 670,
        "PARCEL_NO": 300090008,
        "PARCELID": "300090008",
        "PARCELID_LABEL": "30:009:0008",
        "OWNER_NAME": "PAXTON, SHERRY PETERSON",
        "CARE_NAME": null,
        "ACREAGE": 4.984934,
        "SITE_FULL_ADDRESS": null,
        "OWN_FULL_ADDRESS": "PO BOX 202  KANOSH, UT 84637-0202",
        "PROP_TYPE": 900,
        "PROP_TYPE_DESCR": "VACANT",
        "SPECIFIC_PROP_TYPE": 901,
        "SPC_PROP_TYP_DESCR": "Vac Res",
        "ASMT_YEAR": 2026,
        "ASMT_CODE": "V",
        "ASMT_CODE_DESCR": "VACANT",
        "MKT_LAND_VALUE": 221600,
        "MKT_CUR_VALUE": 221600,
        "MKT_PRV_VAL": 221600,
        "MKT_VAL_YR_CHG": 0,
        "MKT_PCT_CHG": 0,
        "GLOBALID": "{FDC3A756-EB05-472D-B2AC-4046C9173AC1}",
        "Code": null,
        "Description": "West Transition to I-15",
        "City": "Salem",
        "Description_detailed": null,
        "Acres": 938.81,
        "Unit_Rate": null,
        "CityName": null,
        "AdoptedDate": null,
        "Slope_Score": 10,
        "GP_Score": 4,
        "Utilities_Score": 10,
        "Wetlands_Score": 0,
        "Soil_Score": 0,
        "Ownership_Score": 10,
        "Ownership_Type": "Private",
        "Utility_Proximity_Status": "Within 1/8 Mile",
        "Final_Score": 6,
        "ELEV_CHANGE": 5.137125815429499,
        "SLOPE": 0.08892769511141896,
        "Join_Count_12": 1,
        "TARGET_FID_12": 15945,
        "Shape_Length_12": null,
        "Shape_Area_12": null,
        "OBJECTID_1_12": null,
        "Join_Count_12_13": null,
        "TARGET_FID_12_13": null,
        "Id": 1694,
        "gridcode": 6,
        "ClassName": "All Hydric",
        "Shape_Length_12_13": null,
        "Shape_Area_12_13": null,
        "OWN_STREET_ADDRESS": "240 S 300 W",
        "Entry": 11011,
        "Year": 2025,
        "Record_Date": 1739491200000,
        "Grantor": "RIDING, JEAN W AKA RIDING, JEAN WINIFRED DEC",
        "Grantee": "WHOM OF INTEREST",
        "Tax_Address": "1237 N 1200 W MAPLETON, UT 84664-3328",
        "Serial_Number": "30:009:0112",
        "Serial_Number_Available": "Yes",
        "Detail_URL": "https://www.utahcounty.gov/LandRecords/document.asp?avEntry=11011&avYear=2025",
        "Document_Type": "AF DC",
        "OBJECTID_12": 1004,
        "Shape_Length_12_13_14": 3481.851107059634,
        "Shape_Area_12_13_14": 61213.30408635796,
        "DocType": "AFDC",
        "Shape_Length": 0.006090465104067409,
        "Shape_Area": 2.1352452718771237e-06
      }
    },
    {
      "type": "Feature",
      "id": 13,
      "geometry": {
        "type": "Polygon",
        "coordinates": [
          [
            [
              -111.69305420599994,
              40.066134333000036
            ],
            [
              -111.69305418599998,
              40.06613432800003
            ],
            [
              -111.69305335799999,
              40.066210813000055
            ],
            [
              -111.69550340899997,
              40.06622104400003
            ],
            [
              -111.69549984899999,
              40.06796687800005
            ],
            [
              -111.69550624199996,
              40.06796690400006
            ],
            [
              -111.69561347599995,
              40.067967345000056
            ],
            [
              -111.69561347499996,
              40.06796663100005
            ],
            [
              -111.69561042599997,
              40.06622288300008
            ],
            [
              -111.69683705399996,
              40.06622583300003
            ],
            [
              -111.69683672599996,
              40.06614349900008
            ],
            [
              -111.69537134899997,
              40.066139974000066
            ],
            [
              -111.69537117199997,
              40.06610127700003
            ],
            [
              -111.69305410699997,
              40.06608183900005
            ],
            [
              -111.69305401099996,
              40.066130498000064
            ],
            [
              -111.69305422599996,
              40.06613252200003
            ],
            [
              -111.69305420599994,
              40.066134333000036
            ]
          ]
        ]
      },
      "properties": {
        "OBJECTID": 13,
        "Join_Count": 1,
        "TARGET_FID": 673,
        "PARCEL_NO": 300090112,
        "PARCELID": "300090112",
        "PARCELID_LABEL": "30:009:0112",
        "OWNER_NAME": "PETERSON, CASEY C & CAMMY (ET AL)",
        "CARE_NAME": null,
        "ACREAGE": 1.4052799999999999,
        "SITE_FULL_ADDRESS": null,
        "OWN_FULL_ADDRESS": "240 S 300 W  SALEM, UT 84653-9348",
        "PROP_TYPE": 900,
        "PROP_TYPE_DESCR": "VACANT",
        "SPECIFIC_PROP_TYPE": 901,
        "SPC_PROP_TYP_DESCR": "Vac Res",
        "ASMT_YEAR": 2026,
        "ASMT_CODE": "V",
        "ASMT_CODE_DESCR": "VACANT",
        "MKT_LAND_VALUE": 62500,
        "MKT_CUR_VALUE": 62500,
        "MKT_PRV_VAL": 62500,
        "MKT_VAL_YR_CHG": 0,
        "MKT_PCT_CHG": 0,
        "GLOBALID": "{EAEEA88F-F7C1-430E-96BC-F8388E84EE50}",
        "Code": null,
        "Description": "West Transition to I-15",
        "City": "Salem",
        "Description_detailed": null,
        "Acres": 938.81,
        "Unit_Rate": null,
        "CityName": null,
        "AdoptedDate": null,
        "Slope_Score": 10,
        "GP_Score": 4,
        "Utilities_Score": 0,
        "Wetlands_Score": 0,
        "Soil_Score": 0,
        "Ownership_Score": 10,
        "Ownership_Type": "Private",
        "Utility_Proximity_Status": "Not Within 1/8 Mile",
        "Final_Score": 3.5,
        "ELEV_CHANGE": 5.137125815429499,
        "SLOPE": 0.08892769511141896,
        "Join_Count_12": 1,
        "TARGET_FID_12": 15949,
        "Shape_Length_12": null,
        "Shape_Area_12": null,
        "OBJECTID_1_12": null,
        "Join_Count_12_13": null,
        "TARGET_FID_12_13": null,
        "Id": 1694,
        "gridcode": 6,
        "ClassName": "All Hydric",
        "Shape_Length_12_13": null,
        "Shape_Area_12_13": null,
        "OWN_STREET_ADDRESS": "240 S 300 W",
        "Entry": 11011,
        "Year": 2025,
        "Record_Date": 1739491200000,
        "Grantor": "RIDING, JEAN W AKA RIDING, JEAN WINIFRED DEC",
        "Grantee": "WHOM OF INTEREST",
        "Tax_Address": "1237 N 1200 W MAPLETON, UT 84664-3328",
        "Serial_Number": "30:009:0112",
        "Serial_Number_Available": "Yes",
        "Detail_URL": "https://www.utahcounty.gov/LandRecords/document.asp?avEntry=11011&avYear=2025",
        "Document_Type": "AF DC",
        "OBJECTID_12": 1004,
        "Shape_Length_12_13_14": 3481.851107059634,
        "Shape_Area_12_13_14": 61213.30408635796,
        "DocType": "AFDC",
        "Shape_Length": 0.011313209683493398,
        "Shape_Area": 6.00466896043082e-07
      }
    },
    {
      "type": "Feature",
      "id": 14,
      "geometry": {
        "type": "Polygon",
        "coordinates": [
          [
            [
              -111.69427913699997,
              40.06621775100007
            ],
            [
              -111.69427253499998,
              40.066217761000075
            ],
            [
              -111.69427555099998,
              40.06796181000004
            ],
            [
              -111.69549987499994,
              40.06796685200004
            ],
            [
              -111.69550343199995,
              40.066222829000026
            ],
            [
              -111.69427913699997,
              40.06621775100007
            ]
          ]
        ]
      },
      "properties": {
        "OBJECTID": 14,
        "Join_Count": 1,
        "TARGET_FID": 680,
        "PARCEL_NO": 300090025,
        "PARCELID": "300090025",
        "PARCELID_LABEL": "30:009:0025",
        "OWNER_NAME": "SMITH, DARRELL LE ROY & JANET M",
        "CARE_NAME": null,
        "ACREAGE": 5.01,
        "SITE_FULL_ADDRESS": null,
        "OWN_FULL_ADDRESS": "11966 S HIGHLINE CANAL RD  PAYSON, UT 84651-4617",
        "PROP_TYPE": 900,
        "PROP_TYPE_DESCR": "VACANT",
        "SPECIFIC_PROP_TYPE": 901,
        "SPC_PROP_TYP_DESCR": "Vac Res",
        "ASMT_YEAR": 2026,
        "ASMT_CODE": "V",
        "ASMT_CODE_DESCR": "VACANT",
        "MKT_LAND_VALUE": 222800,
        "MKT_CUR_VALUE": 222800,
        "MKT_PRV_VAL": 222800,
        "MKT_VAL_YR_CHG": 0,
        "MKT_PCT_CHG": 0,
        "GLOBALID": "{816475FF-C49D-4632-9567-571F621730BE}",
        "Code": null,
        "Description": "West Transition to I-15",
        "City": "Salem",
        "Description_detailed": null,
        "Acres": 938.81,
        "Unit_Rate": null,
        "CityName": null,
        "AdoptedDate": null,
        "Slope_Score": 10,
        "GP_Score": 4,
        "Utilities_Score": 0,
        "Wetlands_Score": 0,
        "Soil_Score": 0,
        "Ownership_Score": 10,
        "Ownership_Type": "Private",
        "Utility_Proximity_Status": "Not Within 1/8 Mile",
        "Final_Score": 3.5,
        "ELEV_CHANGE": 5.137125815429499,
        "SLOPE": 0.08892769511141896,
        "Join_Count_12": 1,
        "TARGET_FID_12": 15960,
        "Shape_Length_12": null,
        "Shape_Area_12": null,
        "OBJECTID_1_12": null,
        "Join_Count_12_13": null,
        "TARGET_FID_12_13": null,
        "Id": 1694,
        "gridcode": 6,
        "ClassName": "All Hydric",
        "Shape_Length_12_13": null,
        "Shape_Area_12_13": null,
        "OWN_STREET_ADDRESS": "240 S 300 W",
        "Entry": 11011,
        "Year": 2025,
        "Record_Date": 1739491200000,
        "Grantor": "RIDING, JEAN W AKA RIDING, JEAN WINIFRED DEC",
        "Grantee": "WHOM OF INTEREST",
        "Tax_Address": "1237 N 1200 W MAPLETON, UT 84664-3328",
        "Serial_Number": "30:009:0112",
        "Serial_Number_Available": "Yes",
        "Detail_URL": "https://www.utahcounty.gov/LandRecords/document.asp?avEntry=11011&avYear=2025",
        "Document_Type": "AF DC",
        "OBJECTID_12": 1004,
        "Shape_Length_12_13_14": 3481.851107059634,
        "Shape_Area_12_13_14": 61213.30408635796,
        "DocType": "AFDC",
        "Shape_Length": 0.005943320155462122,
        "Shape_Area": 2.1410211572447653e-06
      }
    },
    {
      "type": "Feature",
      "id": 15,
      "geometry": {
        "type": "Polygon",
        "coordinates": [
          [
            [
              -111.69561060899997,
              40.066222871000036
            ],
            [
              -111.69561059799997,
              40.06622286400005
            ],
            [
              -111.69561364699996,
              40.067966600000034
            ],
            [
              -111.69684031599996,
              40.06796349000007
            ],
            [
              -111.69683724599997,
              40.066225821000046
            ],
            [
              -111.69561060899997,
              40.066222871000036
            ]
          ]
        ]
      },
      "properties": {
        "OBJECTID": 15,
        "Join_Count": 1,
        "TARGET_FID": 681,
        "PARCEL_NO": 300090026,
        "PARCELID": "300090026",
        "PARCELID_LABEL": "30:009:0026",
        "OWNER_NAME": "CASEY AND CAMMY PETERSON FAMILY TRUST 06-27-2019 (ET AL)",
        "CARE_NAME": null,
        "ACREAGE": 5.0000539999999996,
        "SITE_FULL_ADDRESS": "SALEM, UT",
        "OWN_FULL_ADDRESS": "240 S 300 W  SALEM, UT 84653-9348",
        "PROP_TYPE": 900,
        "PROP_TYPE_DESCR": "VACANT",
        "SPECIFIC_PROP_TYPE": 901,
        "SPC_PROP_TYP_DESCR": "Vac Res",
        "ASMT_YEAR": 2026,
        "ASMT_CODE": "V",
        "ASMT_CODE_DESCR": "VACANT",
        "MKT_LAND_VALUE": 222400,
        "MKT_CUR_VALUE": 222400,
        "MKT_PRV_VAL": 222400,
        "MKT_VAL_YR_CHG": 0,
        "MKT_PCT_CHG": 0,
        "GLOBALID": "{21E29EDE-3FA7-4B07-A085-22B070DC416A}",
        "Code": null,
        "Description": "West Transition to I-15",
        "City": "Salem",
        "Description_detailed": null,
        "Acres": 938.81,
        "Unit_Rate": null,
        "CityName": null,
        "AdoptedDate": null,
        "Slope_Score": 10,
        "GP_Score": 4,
        "Utilities_Score": 0,
        "Wetlands_Score": 0,
        "Soil_Score": 0,
        "Ownership_Score": 10,
        "Ownership_Type": "Private",
        "Utility_Proximity_Status": "Not Within 1/8 Mile",
        "Final_Score": 3.5,
        "ELEV_CHANGE": 5.137125815429499,
        "SLOPE": 0.08892769511141896,
        "Join_Count_12": 1,
        "TARGET_FID_12": 15961,
        "Shape_Length_12": null,
        "Shape_Area_12": null,
        "OBJECTID_1_12": null,
        "Join_Count_12_13": null,
        "TARGET_FID_12_13": null,
        "Id": 1694,
        "gridcode": 6,
        "ClassName": "All Hydric",
        "Shape_Length_12_13": null,
        "Shape_Area_12_13": null,
        "OWN_STREET_ADDRESS": "240 S 300 W",
        "Entry": 11011,
        "Year": 2025,
        "Record_Date": 1739491200000,
        "Grantor": "RIDING, JEAN W AKA RIDING, JEAN WINIFRED DEC",
        "Grantee": "WHOM OF INTEREST",
        "Tax_Address": "1237 N 1200 W MAPLETON, UT 84664-3328",
        "Serial_Number": "30:009:0112",
        "Serial_Number_Available": "Yes",
        "Detail_URL": "https://www.utahcounty.gov/LandRecords/document.asp?avEntry=11011&avYear=2025",
        "Document_Type": "AF DC",
        "OBJECTID_12": 1004,
        "Shape_Length_12_13_14": 3481.851107059634,
        "Shape_Area_12_13_14": 61213.30408635796,
        "DocType": "AFDC",
        "Shape_Length": 0.005934736905705395,
        "Shape_Area": 2.135243474658922e-06
      }
    },
    {
      "type": "Feature",
      "id": 16,
      "geometry": {
        "type": "Polygon",
        "coordinates": [
          [
            [
              -111.62378877099997,
              40.064639036000074
            ],
            [
              -111.62378876599996,
              40.064639027000055
            ],
            [
              -111.62460527699994,
              40.06410705700006
            ],
            [
              -111.62538624899997,
              40.06337170300003
            ],
            [
              -111.62585755999999,
              40.06292791000004
            ],
            [
              -111.62585799899995,
              40.062928029000034
            ],
            [
              -111.62587814799997,
              40.056712047000076
            ],
            [
              -111.62118356999997,
              40.056756610000036
            ],
            [
              -111.62108424399997,
              40.06418318200008
            ],
            [
              -111.62103659499996,
              40.067726985000036
            ],
            [
              -111.62222058399999,
              40.066218810000066
            ],
            [
              -111.62272699699997,
              40.065742568000076
            ],
            [
              -111.62272667999997,
              40.06574252400003
            ],
            [
              -111.62378877099997,
              40.064639036000074
            ]
          ]
        ]
      },
      "properties": {
        "OBJECTID": 16,
        "Join_Count": 1,
        "TARGET_FID": 684,
        "PARCEL_NO": 290490035,
        "PARCELID": "290490035",
        "PARCELID_LABEL": "29:049:0035",
        "OWNER_NAME": "D R HORTON INC",
        "CARE_NAME": "%THORNLEY, JONATHAN S",
        "ACREAGE": 93.085616,
        "SITE_FULL_ADDRESS": null,
        "OWN_FULL_ADDRESS": "%THORNLEY, JONATHAN S  12351 S GATEWAY PARK PL STE D-100  DRAPER, UT 84020",
        "PROP_TYPE": 900,
        "PROP_TYPE_DESCR": "VACANT",
        "SPECIFIC_PROP_TYPE": 901,
        "SPC_PROP_TYP_DESCR": "Vac Res",
        "ASMT_YEAR": 2026,
        "ASMT_CODE": "V",
        "ASMT_CODE_DESCR": "VACANT",
        "MKT_LAND_VALUE": 3596900,
        "MKT_CUR_VALUE": 3596900,
        "MKT_PRV_VAL": 3596900,
        "MKT_VAL_YR_CHG": 0,
        "MKT_PCT_CHG": 0,
        "GLOBALID": "{3AB010CE-797B-4B88-82A2-3BCDEE66569D}",
        "Code": null,
        "Description": "Mixed Density",
        "City": "Salem",
        "Description_detailed": null,
        "Acres": 1051.55,
        "Unit_Rate": null,
        "CityName": null,
        "AdoptedDate": null,
        "Slope_Score": 10,
        "GP_Score": 7,
        "Utilities_Score": 0,
        "Wetlands_Score": 10,
        "Soil_Score": 10,
        "Ownership_Score": 5,
        "Ownership_Type": "Business",
        "Utility_Proximity_Status": "Not Within 1/8 Mile",
        "Final_Score": 6,
        "ELEV_CHANGE": 28.794257016601478,
        "SLOPE": 0.1950390382569483,
        "Join_Count_12": 2,
        "TARGET_FID_12": 15964,
        "Shape_Length_12": null,
        "Shape_Area_12": null,
        "OBJECTID_1_12": null,
        "Join_Count_12_13": null,
        "TARGET_FID_12_13": null,
        "Id": 2073,
        "gridcode": 1,
        "ClassName": "Not Hydric",
        "Shape_Length_12_13": null,
        "Shape_Area_12_13": null,
        "OWN_STREET_ADDRESS": "1821 ALVEY DR STE A STE 100",
        "Entry": 33880,
        "Year": 2025,
        "Record_Date": 1746662400000,
        "Grantor": "TWITCHELL, MARGIE KOYLE AKA TWITCHELL, MARGIE K DEC MARGIE K TWITCHELL FAMILY LIVING TRUST 03-26-2001 THE",
        "Grantee": "TWITCHELL, CLARON J TEE MARGIE K TWITCHELL FAMILY LIVING TRUST 03-26-2001 THE",
        "Tax_Address": "4908 WAIMEA WAY HOLLADAY, UT 84117",
        "Serial_Number": "29:049:0022",
        "Serial_Number_Available": "Yes",
        "Detail_URL": "https://www.utahcounty.gov/LandRecords/document.asp?avEntry=33880&avYear=2025",
        "Document_Type": "AF DC",
        "OBJECTID_12": 1379,
        "Shape_Length_12_13_14": 5394.847187922554,
        "Shape_Area_12_13_14": 1699828.7448540768,
        "DocType": "AFDC",
        "Shape_Length": 0.02872166807622354,
        "Shape_Area": 3.976947840007426e-05
      }
    },
    {
      "type": "Feature",
      "id": 17,
      "geometry": {
        "type": "Polygon",
        "coordinates": [
          [
            [
              -111.62586533999996,
              40.06043302100005
            ],
            [
              -111.62586399599996,
              40.06085258000007
            ],
            [
              -111.62719860899995,
              40.06085685600004
            ],
            [
              -111.62726990799996,
              40.060816835000026
            ],
            [
              -111.62723398099996,
              40.06062501900004
            ],
            [
              -111.62722856133513,
              40.06057759790226
            ],
            [
              -111.62722994023349,
              40.06052988802989
            ],
            [
              -111.62723808966847,
              40.06048285910271
            ],
            [
              -111.62725284399994,
              40.06043746700004
            ],
            [
              -111.62586533999996,
              40.06043302100005
            ]
          ]
        ]
      },
      "properties": {
        "OBJECTID": 17,
        "Join_Count": 1,
        "TARGET_FID": 781,
        "PARCEL_NO": 290490019,
        "PARCELID": "290490019",
        "PARCELID_LABEL": "29:049:0019",
        "OWNER_NAME": "NSL INVESTMENT ASSOCIATES LLC",
        "CARE_NAME": null,
        "ACREAGE": 1.352966,
        "SITE_FULL_ADDRESS": null,
        "OWN_FULL_ADDRESS": "1821 ALVEY DR STE A STE 100  MAPLETON, UT 84664",
        "PROP_TYPE": 900,
        "PROP_TYPE_DESCR": "VACANT",
        "SPECIFIC_PROP_TYPE": 901,
        "SPC_PROP_TYP_DESCR": "Vac Res",
        "ASMT_YEAR": 2026,
        "ASMT_CODE": "V",
        "ASMT_CODE_DESCR": "VACANT",
        "MKT_LAND_VALUE": 52300,
        "MKT_CUR_VALUE": 52300,
        "MKT_PRV_VAL": 52300,
        "MKT_VAL_YR_CHG": 0,
        "MKT_PCT_CHG": 0,
        "GLOBALID": "{BDAA541B-067C-4FA4-9A87-393226331FA2}",
        "Code": null,
        "Description": "Foothills",
        "City": "Salem",
        "Description_detailed": null,
        "Acres": 1231.11,
        "Unit_Rate": null,
        "CityName": null,
        "AdoptedDate": null,
        "Slope_Score": 10,
        "GP_Score": 4,
        "Utilities_Score": 0,
        "Wetlands_Score": 10,
        "Soil_Score": 10,
        "Ownership_Score": 5,
        "Ownership_Type": "Business",
        "Utility_Proximity_Status": "Not Within 1/8 Mile",
        "Final_Score": 5.25,
        "ELEV_CHANGE": 28.794257016601478,
        "SLOPE": 0.1950390382569483,
        "Join_Count_12": 1,
        "TARGET_FID_12": 16324,
        "Shape_Length_12": null,
        "Shape_Area_12": null,
        "OBJECTID_1_12": null,
        "Join_Count_12_13": null,
        "TARGET_FID_12_13": null,
        "Id": 2073,
        "gridcode": 1,
        "ClassName": "Not Hydric",
        "Shape_Length_12_13": null,
        "Shape_Area_12_13": null,
        "OWN_STREET_ADDRESS": "1821 ALVEY DR STE A STE 100",
        "Entry": 33880,
        "Year": 2025,
        "Record_Date": 1746662400000,
        "Grantor": "TWITCHELL, MARGIE KOYLE AKA TWITCHELL, MARGIE K DEC MARGIE K TWITCHELL FAMILY LIVING TRUST 03-26-2001 THE",
        "Grantee": "TWITCHELL, CLARON J TEE MARGIE K TWITCHELL FAMILY LIVING TRUST 03-26-2001 THE",
        "Tax_Address": "4908 WAIMEA WAY HOLLADAY, UT 84117",
        "Serial_Number": "29:049:0019",
        "Serial_Number_Available": "Yes",
        "Detail_URL": "https://www.utahcounty.gov/LandRecords/document.asp?avEntry=33880&avYear=2025",
        "Document_Type": "AF DC",
        "OBJECTID_12": 1378,
        "Shape_Length_12_13_14": 1079.1080144810699,
        "Shape_Area_12_13_14": 58931.03519785987,
        "DocType": "AFDC",
        "Shape_Length": 0.0036096881539219314,
        "Shape_Area": 5.780288362378538e-07
      }
    },
    {
      "type": "Feature",
      "id": 18,
      "geometry": {
        "type": "Polygon",
        "coordinates": [
          [
            [
              -111.68668147999995,
              40.05240750200005
            ],
            [
              -111.68764161799999,
              40.05421483400005
            ],
            [
              -111.68848143499997,
              40.053964190000045
            ],
            [
              -111.68751984,
              40.05215462000007
            ],
            [
              -111.68668147999995,
              40.05240750200005
            ]
          ]
        ]
      },
      "properties": {
        "OBJECTID": 18,
        "Join_Count": 1,
        "TARGET_FID": 809,
        "PARCEL_NO": 300350148,
        "PARCELID": "300350148",
        "PARCELID_LABEL": "30:035:0148",
        "OWNER_NAME": "ANDERSON-SHEEN FARMS LLC",
        "CARE_NAME": null,
        "ACREAGE": 4.118344,
        "SITE_FULL_ADDRESS": null,
        "OWN_FULL_ADDRESS": "1741 ANDERSON AVE  SPRINGVILLE, UT 84663-2944",
        "PROP_TYPE": 900,
        "PROP_TYPE_DESCR": "VACANT",
        "SPECIFIC_PROP_TYPE": 901,
        "SPC_PROP_TYP_DESCR": "Vac Res",
        "ASMT_YEAR": 2026,
        "ASMT_CODE": "V",
        "ASMT_CODE_DESCR": "VACANT",
        "MKT_LAND_VALUE": 366200,
        "MKT_CUR_VALUE": 366200,
        "MKT_PRV_VAL": 366200,
        "MKT_VAL_YR_CHG": 0,
        "MKT_PCT_CHG": 0,
        "GLOBALID": "{B2D3A951-F5A5-4172-A232-33CD6461AD4E}",
        "Code": null,
        "Description": "Historic Salem Extension",
        "City": "Salem",
        "Description_detailed": null,
        "Acres": 2656.69,
        "Unit_Rate": null,
        "CityName": null,
        "AdoptedDate": null,
        "Slope_Score": 10,
        "GP_Score": 4,
        "Utilities_Score": 0,
        "Wetlands_Score": 10,
        "Soil_Score": 10,
        "Ownership_Score": 5,
        "Ownership_Type": "Business",
        "Utility_Proximity_Status": "Not Within 1/8 Mile",
        "Final_Score": 5.25,
        "ELEV_CHANGE": 0.3119841748048202,
        "SLOPE": 0.013143310958364107,
        "Join_Count_12": 2,
        "TARGET_FID_12": 16431,
        "Shape_Length_12": null,
        "Shape_Area_12": null,
        "OBJECTID_1_12": null,
        "Join_Count_12_13": null,
        "TARGET_FID_12_13": null,
        "Id": 2073,
        "gridcode": 1,
        "ClassName": "Not Hydric",
        "Shape_Length_12_13": null,
        "Shape_Area_12_13": null,
        "OWN_STREET_ADDRESS": "1741 ANDERSON AVE",
        "Entry": 27712,
        "Year": 2025,
        "Record_Date": 1744848000000,
        "Grantor": "ANDERSON, LYNN EUGENE AKA ANDERSON, LYNN E DEC ANDERSON FAMILY LOVING TRUST 10-26-1995 THE",
        "Grantee": "ANDERSON, ALAN LYNN SUCTEE ANDERSON, MARK SHEEN SUCTEE ANDERSON, MICHAEL JAMES SUCTEE ANDERSON, BRENT RICHARD SUCTEE ANDERSON FAMILY LOVING TRUST 10-26-1995 THE ANDERSON, ALAN",
        "Tax_Address": "1741 ANDERSON AVE SPRINGVILLE, UT 84663-2944",
        "Serial_Number": "30:035:0148",
        "Serial_Number_Available": "Yes",
        "Detail_URL": "https://www.utahcounty.gov/LandRecords/document.asp?avEntry=27712&avYear=2025",
        "Document_Type": "AF DC",
        "OBJECTID_12": 1273,
        "Shape_Length_12_13_14": 1927.3544851934166,
        "Shape_Area_12_13_14": 179387.91910133217,
        "DocType": "AFDC",
        "Shape_Length": 0.005847825153044302,
        "Shape_Area": 1.7593610695674496e-06
      }
    },
    {
      "type": "Feature",
      "id": 19,
      "geometry": {
        "type": "Polygon",
        "coordinates": [
          [
            [
              -111.68641770599999,
              40.05248702000006
            ],
            [
              -111.68566838799995,
              40.05270099200004
            ],
            [
              -111.68581141799996,
              40.05295052400004
            ],
            [
              -111.68595536699996,
              40.05320166400003
            ],
            [
              -111.68669762099995,
              40.05449655800004
            ],
            [
              -111.68764161599995,
              40.05421482200006
            ],
            [
              -111.68668147599999,
              40.052407483000025
            ],
            [
              -111.68641770599999,
              40.05248702000006
            ]
          ]
        ]
      },
      "properties": {
        "OBJECTID": 19,
        "Join_Count": 1,
        "TARGET_FID": 810,
        "PARCEL_NO": 300350149,
        "PARCELID": "300350149",
        "PARCELID_LABEL": "30:035:0149",
        "OWNER_NAME": "SEITZ, RICHARD A & SHANNA K",
        "CARE_NAME": null,
        "ACREAGE": 4.792346,
        "SITE_FULL_ADDRESS": null,
        "OWN_FULL_ADDRESS": "PO BOX 48  SALEM, UT 84653-0048",
        "PROP_TYPE": 900,
        "PROP_TYPE_DESCR": "VACANT",
        "SPECIFIC_PROP_TYPE": 901,
        "SPC_PROP_TYP_DESCR": "Vac Res",
        "ASMT_YEAR": 2026,
        "ASMT_CODE": "V",
        "ASMT_CODE_DESCR": "VACANT",
        "MKT_LAND_VALUE": 426100,
        "MKT_CUR_VALUE": 426100,
        "MKT_PRV_VAL": 426100,
        "MKT_VAL_YR_CHG": 0,
        "MKT_PCT_CHG": 0,
        "GLOBALID": "{755BAA88-4DF8-4D96-B417-8DF9EA2ACDED}",
        "Code": null,
        "Description": "Historic Salem Extension",
        "City": "Salem",
        "Description_detailed": null,
        "Acres": 2656.69,
        "Unit_Rate": null,
        "CityName": null,
        "AdoptedDate": null,
        "Slope_Score": 10,
        "GP_Score": 4,
        "Utilities_Score": 10,
        "Wetlands_Score": 10,
        "Soil_Score": 10,
        "Ownership_Score": 10,
        "Ownership_Type": "Private",
        "Utility_Proximity_Status": "Within 1/8 Mile",
        "Final_Score": 8.5,
        "ELEV_CHANGE": 0.9856136767575663,
        "SLOPE": 0.14983431447280052,
        "Join_Count_12": 2,
        "TARGET_FID_12": 16432,
        "Shape_Length_12": null,
        "Shape_Area_12": null,
        "OBJECTID_1_12": null,
        "Join_Count_12_13": null,
        "TARGET_FID_12_13": null,
        "Id": 2073,
        "gridcode": 1,
        "ClassName": "Not Hydric",
        "Shape_Length_12_13": null,
        "Shape_Area_12_13": null,
        "OWN_STREET_ADDRESS": "1741 ANDERSON AVE",
        "Entry": 27712,
        "Year": 2025,
        "Record_Date": 1744848000000,
        "Grantor": "ANDERSON, LYNN EUGENE AKA ANDERSON, LYNN E DEC ANDERSON FAMILY LOVING TRUST 10-26-1995 THE",
        "Grantee": "ANDERSON, ALAN LYNN SUCTEE ANDERSON, MARK SHEEN SUCTEE ANDERSON, MICHAEL JAMES SUCTEE ANDERSON, BRENT RICHARD SUCTEE ANDERSON FAMILY LOVING TRUST 10-26-1995 THE ANDERSON, ALAN",
        "Tax_Address": "1741 ANDERSON AVE SPRINGVILLE, UT 84663-2944",
        "Serial_Number": "30:035:0147",
        "Serial_Number_Available": "Yes",
        "Detail_URL": "https://www.utahcounty.gov/LandRecords/document.asp?avEntry=27712&avYear=2025",
        "Document_Type": "AF DC",
        "OBJECTID_12": 1272,
        "Shape_Length_12_13_14": 2501.3731431007677,
        "Shape_Area_12_13_14": 384867.769802106,
        "DocType": "AFDC",
        "Shape_Length": 0.0061560876785991085,
        "Shape_Area": 2.0473195622878983e-06
      }
    },
    {
      "type": "Feature",
      "id": 20,
      "geometry": {
        "type": "Polygon",
        "coordinates": [
          [
            [
              -111.70303719599997,
              40.04273459800004
            ],
            [
              -111.70301881799998,
              40.04454864500008
            ],
            [
              -111.70423839199998,
              40.04455501900003
            ],
            [
              -111.70426160699998,
              40.04274562100005
            ],
            [
              -111.70303719599997,
              40.04273459800004
            ]
          ]
        ]
      },
      "properties": {
        "OBJECTID": 20,
        "Join_Count": 1,
        "TARGET_FID": 830,
        "PARCEL_NO": 300300010,
        "PARCELID": "300300010",
        "PARCELID_LABEL": "30:030:0010",
        "OWNER_NAME": "RURAL HOUSING DEVELOPMENT CORPORATION (ET AL)",
        "CARE_NAME": null,
        "ACREAGE": 5.186529999999999,
        "SITE_FULL_ADDRESS": null,
        "OWN_FULL_ADDRESS": "63 N 400 W  PROVO, UT 84601",
        "PROP_TYPE": 900,
        "PROP_TYPE_DESCR": "VACANT",
        "SPECIFIC_PROP_TYPE": 901,
        "SPC_PROP_TYP_DESCR": "Vac Res",
        "ASMT_YEAR": 2026,
        "ASMT_CODE": "V",
        "ASMT_CODE_DESCR": "VACANT",
        "MKT_LAND_VALUE": 400000,
        "MKT_CUR_VALUE": 400000,
        "MKT_PRV_VAL": 400000,
        "MKT_VAL_YR_CHG": 0,
        "MKT_PCT_CHG": 0,
        "GLOBALID": "{7946F9FD-74B9-4C4C-BD0E-B070E238FB8D}",
        "Code": "MDR",
        "Description": "Medium Density Residential",
        "City": "Payson",
        "Description_detailed": null,
        "Acres": null,
        "Unit_Rate": null,
        "CityName": null,
        "AdoptedDate": null,
        "Slope_Score": 10,
        "GP_Score": 8,
        "Utilities_Score": 10,
        "Wetlands_Score": 10,
        "Soil_Score": 10,
        "Ownership_Score": 5,
        "Ownership_Type": "Business",
        "Utility_Proximity_Status": "Within 1/8 Mile",
        "Final_Score": 8.75,
        "ELEV_CHANGE": 22.02872599609418,
        "SLOPE": 1.598822846442379,
        "Join_Count_12": 12,
        "TARGET_FID_12": 16494,
        "Shape_Length_12": null,
        "Shape_Area_12": null,
        "OBJECTID_1_12": null,
        "Join_Count_12_13": null,
        "TARGET_FID_12_13": null,
        "Id": 2073,
        "gridcode": 1,
        "ClassName": "Not Hydric",
        "Shape_Length_12_13": null,
        "Shape_Area_12_13": null,
        "OWN_STREET_ADDRESS": "63 N 400 W",
        "Entry": 60909,
        "Year": 2024,
        "Record_Date": 1725580800000,
        "Grantor": "HOLT, SHARIL DOROTHY AKA HOLT, SHRIL C DEC GALE & SHARIL HOLT FAMILY TRUST 12-15-1999",
        "Grantee": "HOLT, BRIAN L TEE HOLT, CRAIG A TEE GALE & SHARIL HOLT FAMILY TRUST 12-15-1999",
        "Tax_Address": "1025 E 180 S SPANISH FORK, UT 84660-2308",
        "Serial_Number": "30:030:0010",
        "Serial_Number_Available": "Yes",
        "Detail_URL": "https://www.utahcounty.gov/LandRecords/document.asp?avEntry=60909&avYear=2024",
        "Document_Type": "AF DC",
        "OBJECTID_12": 257,
        "Shape_Length_12_13_14": 2004.152521454554,
        "Shape_Area_12_13_14": 225784.1616465511,
        "DocType": "AFDC",
        "Shape_Length": 0.006067738285481612,
        "Shape_Area": 2.214092205458463e-06
      }
    },
    {
      "type": "Feature",
      "id": 21,
      "geometry": {
        "type": "Polygon",
        "coordinates": [
          [
            [
              -111.68603556099998,
              40.04977065700007
            ],
            [
              -111.68586268479582,
              40.04983909161219
            ],
            [
              -111.68569187983435,
              40.04991254325096
            ],
            [
              -111.68552329167798,
              40.049990949319834
            ],
            [
              -111.68535706399996,
              40.05007424300004
            ],
            [
              -111.68538400699998,
              40.05072772900007
            ],
            [
              -111.68548618499995,
              40.05070086600006
            ],
            [
              -111.68622674099998,
              40.050542982000024
            ],
            [
              -111.68603556099998,
              40.04977065700007
            ]
          ]
        ]
      },
      "properties": {
        "OBJECTID": 21,
        "Join_Count": 1,
        "TARGET_FID": 853,
        "PARCEL_NO": 300350136,
        "PARCELID": "300350136",
        "PARCELID_LABEL": "30:035:0136",
        "OWNER_NAME": "FAFUPE PROPERTIES LC",
        "CARE_NAME": null,
        "ACREAGE": 1.340773,
        "SITE_FULL_ADDRESS": null,
        "OWN_FULL_ADDRESS": "225 S STATE ST  OREM, UT 84058-5421",
        "PROP_TYPE": 903,
        "PROP_TYPE_DESCR": "VACANT COMMERCIAL",
        "SPECIFIC_PROP_TYPE": 905,
        "SPC_PROP_TYP_DESCR": "Vac Com Lot",
        "ASMT_YEAR": 2026,
        "ASMT_CODE": "V",
        "ASMT_CODE_DESCR": "VACANT",
        "MKT_LAND_VALUE": 496900,
        "MKT_CUR_VALUE": 496900,
        "MKT_PRV_VAL": 496900,
        "MKT_VAL_YR_CHG": 0,
        "MKT_PCT_CHG": 0,
        "GLOBALID": "{7CF1B939-63FF-49CE-9A6B-A4ECCB8D6B72}",
        "Code": null,
        "Description": "Historic Salem",
        "City": "Salem",
        "Description_detailed": null,
        "Acres": 1830.7,
        "Unit_Rate": null,
        "CityName": null,
        "AdoptedDate": null,
        "Slope_Score": 10,
        "GP_Score": 4,
        "Utilities_Score": 10,
        "Wetlands_Score": 10,
        "Soil_Score": 10,
        "Ownership_Score": 5,
        "Ownership_Type": "Business",
        "Utility_Proximity_Status": "Within 1/8 Mile",
        "Final_Score": 7.75,
        "ELEV_CHANGE": 6.133152314453582,
        "SLOPE": 0.35150360692780397,
        "Join_Count_12": 1,
        "TARGET_FID_12": 16550,
        "Shape_Length_12": null,
        "Shape_Area_12": null,
        "OBJECTID_1_12": null,
        "Join_Count_12_13": null,
        "TARGET_FID_12_13": null,
        "Id": 2073,
        "gridcode": 1,
        "ClassName": "Not Hydric",
        "Shape_Length_12_13": null,
        "Shape_Area_12_13": null,
        "OWN_STREET_ADDRESS": "1741 ANDERSON AVE",
        "Entry": 27712,
        "Year": 2025,
        "Record_Date": 1744848000000,
        "Grantor": "ANDERSON, LYNN EUGENE AKA ANDERSON, LYNN E DEC ANDERSON FAMILY LOVING TRUST 10-26-1995 THE",
        "Grantee": "ANDERSON, ALAN LYNN SUCTEE ANDERSON, MARK SHEEN SUCTEE ANDERSON, MICHAEL JAMES SUCTEE ANDERSON, BRENT RICHARD SUCTEE ANDERSON FAMILY LOVING TRUST 10-26-1995 THE ANDERSON, ALAN",
        "Tax_Address": "1741 ANDERSON AVE SPRINGVILLE, UT 84663-2944",
        "Serial_Number": "30:035:0147",
        "Serial_Number_Available": "Yes",
        "Detail_URL": "https://www.utahcounty.gov/LandRecords/document.asp?avEntry=27712&avYear=2025",
        "Document_Type": "AF DC",
        "OBJECTID_12": 1272,
        "Shape_Length_12_13_14": 2501.3731431007677,
        "Shape_Area_12_13_14": 384867.769802106,
        "DocType": "AFDC",
        "Shape_Length": 0.0030562671137758964,
        "Shape_Area": 5.723746761762661e-07
      }
    },
    {
      "type": "Feature",
      "id": 22,
      "geometry": {
        "type": "Polygon",
        "coordinates": [
          [
            [
              -111.69305748199997,
              40.06450125200007
            ],
            [
              -111.69305745499997,
              40.064501224000026
            ],
            [
              -111.69092105399994,
              40.06450474700006
            ],
            [
              -111.69091409499998,
              40.06480261000007
            ],
            [
              -111.69240796599996,
              40.065940469000054
            ],
            [
              -111.69305427599994,
              40.066130471000065
            ],
            [
              -111.69305748199997,
              40.06450125200007
            ]
          ]
        ]
      },
      "properties": {
        "OBJECTID": 22,
        "Join_Count": 1,
        "TARGET_FID": 894,
        "PARCEL_NO": 300060006,
        "PARCELID": "300060006",
        "PARCELID_LABEL": "30:006:0006",
        "OWNER_NAME": "JOHNSON, DARRELL A & KAREN S (ET AL)",
        "CARE_NAME": null,
        "ACREAGE": 5.36,
        "SITE_FULL_ADDRESS": null,
        "OWN_FULL_ADDRESS": "524 W UTAH AVE  PAYSON, UT 84651",
        "PROP_TYPE": 900,
        "PROP_TYPE_DESCR": "VACANT",
        "SPECIFIC_PROP_TYPE": 901,
        "SPC_PROP_TYP_DESCR": "Vac Res",
        "ASMT_YEAR": 2026,
        "ASMT_CODE": "V",
        "ASMT_CODE_DESCR": "VACANT",
        "MKT_LAND_VALUE": 238200,
        "MKT_CUR_VALUE": 238200,
        "MKT_PRV_VAL": 238200,
        "MKT_VAL_YR_CHG": 0,
        "MKT_PCT_CHG": 0,
        "GLOBALID": "{6D2114E2-22DE-4E6F-B2F4-62B1349A776B}",
        "Code": null,
        "Description": "West Transition to I-15",
        "City": "Salem",
        "Description_detailed": null,
        "Acres": 938.81,
        "Unit_Rate": null,
        "CityName": null,
        "AdoptedDate": null,
        "Slope_Score": 10,
        "GP_Score": 4,
        "Utilities_Score": 0,
        "Wetlands_Score": 0,
        "Soil_Score": 0,
        "Ownership_Score": 10,
        "Ownership_Type": "Private",
        "Utility_Proximity_Status": "Not Within 1/8 Mile",
        "Final_Score": 3.5,
        "ELEV_CHANGE": 44.247285751952404,
        "SLOPE": 0.2989517174473863,
        "Join_Count_12": 1,
        "TARGET_FID_12": 16687,
        "Shape_Length_12": null,
        "Shape_Area_12": null,
        "OBJECTID_1_12": null,
        "Join_Count_12_13": null,
        "TARGET_FID_12_13": null,
        "Id": 1694,
        "gridcode": 6,
        "ClassName": "All Hydric",
        "Shape_Length_12_13": null,
        "Shape_Area_12_13": null,
        "OWN_STREET_ADDRESS": "240 S 300 W",
        "Entry": 11011,
        "Year": 2025,
        "Record_Date": 1739491200000,
        "Grantor": "RIDING, JEAN W AKA RIDING, JEAN WINIFRED DEC",
        "Grantee": "WHOM OF INTEREST",
        "Tax_Address": "1237 N 1200 W MAPLETON, UT 84664-3328",
        "Serial_Number": "30:009:0112",
        "Serial_Number_Available": "Yes",
        "Detail_URL": "https://www.utahcounty.gov/LandRecords/document.asp?avEntry=11011&avYear=2025",
        "Document_Type": "AF DC",
        "OBJECTID_12": 1004,
        "Shape_Length_12_13_14": 3481.851107059634,
        "Shape_Area_12_13_14": 61213.30408635796,
        "DocType": "AFDC",
        "Shape_Length": 0.006615133050010877,
        "Shape_Area": 2.2895251448054457e-06
      }
    },
    {
      "type": "Feature",
      "id": 23,
      "geometry": {
        "type": "Polygon",
        "coordinates": [
          [
            [
              -111.66916845599997,
              40.049789342000054
            ],
            [
              -111.66916846999999,
              40.04978933900003
            ],
            [
              -111.66915134999999,
              40.04940506500003
            ],
            [
              -111.66923159099997,
              40.04799732600003
            ],
            [
              -111.66756562199998,
              40.04799562100004
            ],
            [
              -111.66756848299997,
              40.04916937100006
            ],
            [
              -111.66847137799999,
              40.049164020000035
            ],
            [
              -111.66846826999995,
              40.049511187000064
            ],
            [
              -111.66882537499998,
              40.04951307600004
            ],
            [
              -111.66882291899998,
              40.04978751600004
            ],
            [
              -111.66916845599997,
              40.049789342000054
            ]
          ]
        ]
      },
      "properties": {
        "OBJECTID": 23,
        "Join_Count": 1,
        "TARGET_FID": 936,
        "PARCEL_NO": 300380271,
        "PARCELID": "300380271",
        "PARCELID_LABEL": "30:038:0271",
        "OWNER_NAME": "DURFEY, JASON P & BRITTANY",
        "CARE_NAME": null,
        "ACREAGE": 5.24304,
        "SITE_FULL_ADDRESS": null,
        "OWN_FULL_ADDRESS": "324 E 1000 S  SALEM, UT 84653",
        "PROP_TYPE": 900,
        "PROP_TYPE_DESCR": "VACANT",
        "SPECIFIC_PROP_TYPE": 901,
        "SPC_PROP_TYP_DESCR": "Vac Res",
        "ASMT_YEAR": 2026,
        "ASMT_CODE": "V",
        "ASMT_CODE_DESCR": "VACANT",
        "MKT_LAND_VALUE": 466200,
        "MKT_CUR_VALUE": 466200,
        "MKT_PRV_VAL": 466200,
        "MKT_VAL_YR_CHG": 0,
        "MKT_PCT_CHG": 0,
        "GLOBALID": "{7BF928AE-CDC5-4367-9C10-EB9F5B73228A}",
        "Code": null,
        "Description": "Historic Salem",
        "City": "Salem",
        "Description_detailed": null,
        "Acres": 1830.7,
        "Unit_Rate": null,
        "CityName": null,
        "AdoptedDate": null,
        "Slope_Score": 10,
        "GP_Score": 4,
        "Utilities_Score": 10,
        "Wetlands_Score": 10,
        "Soil_Score": 10,
        "Ownership_Score": 10,
        "Ownership_Type": "Private",
        "Utility_Proximity_Status": "Within 1/8 Mile",
        "Final_Score": 8.5,
        "ELEV_CHANGE": 21.437998579101077,
        "SLOPE": 3.643127103035907,
        "Join_Count_12": 1,
        "TARGET_FID_12": 16892,
        "Shape_Length_12": null,
        "Shape_Area_12": null,
        "OBJECTID_1_12": null,
        "Join_Count_12_13": null,
        "TARGET_FID_12_13": null,
        "Id": 2073,
        "gridcode": 1,
        "ClassName": "Not Hydric",
        "Shape_Length_12_13": null,
        "Shape_Area_12_13": null,
        "OWN_STREET_ADDRESS": "1623 S 1460 E",
        "Entry": 12688,
        "Year": 2025,
        "Record_Date": 1740096000000,
        "Grantor": "BAKER, SANDRA LISTON DEC KEN AND SANDRA BAKER TRUST 04-07-2016 THE",
        "Grantee": "BAKER, LINDA SUCTEE KEN AND SANDRA BAKER TRUST 04-07-2016 THE",
        "Tax_Address": "1623 S 1460 E SPANISH FORK, UT 84660-3514",
        "Serial_Number": "09:003:0004",
        "Serial_Number_Available": "Yes",
        "Detail_URL": "https://www.utahcounty.gov/LandRecords/document.asp?avEntry=12688&avYear=2025",
        "Document_Type": "AF DC",
        "OBJECTID_12": 1025,
        "Shape_Length_12_13_14": 679.5964098274708,
        "Shape_Area_12_13_14": 25902.704086737736,
        "DocType": "AFDC",
        "Shape_Length": 0.00686161143813382,
        "Shape_Area": 2.2396383869114657e-06
      }
    },
    {
      "type": "Feature",
      "id": 24,
      "geometry": {
        "type": "Polygon",
        "coordinates": [
          [
            [
              -111.66354277899995,
              40.040085788000056
            ],
            [
              -111.66354709199999,
              40.041898751000076
            ],
            [
              -111.66587892499996,
              40.04189545000003
            ],
            [
              -111.66587890799997,
              40.040080646000035
            ],
            [
              -111.66354274999998,
              40.040085771000065
            ],
            [
              -111.66354277899995,
              40.040085788000056
            ]
          ]
        ]
      },
      "properties": {
        "OBJECTID": 24,
        "Join_Count": 1,
        "TARGET_FID": 977,
        "PARCEL_NO": 300420051,
        "PARCELID": "300420051",
        "PARCELID_LABEL": "30:042:0051",
        "OWNER_NAME": "NELSON, REED L & SALLY T",
        "CARE_NAME": null,
        "ACREAGE": 9.918012,
        "SITE_FULL_ADDRESS": null,
        "OWN_FULL_ADDRESS": "440 S TOWERS DR  SALEM, UT 84653-9510",
        "PROP_TYPE": 900,
        "PROP_TYPE_DESCR": "VACANT",
        "SPECIFIC_PROP_TYPE": 901,
        "SPC_PROP_TYP_DESCR": "Vac Res",
        "ASMT_YEAR": 2026,
        "ASMT_CODE": "V",
        "ASMT_CODE_DESCR": "VACANT",
        "MKT_LAND_VALUE": 1322900,
        "MKT_CUR_VALUE": 1322900,
        "MKT_PRV_VAL": 1322900,
        "MKT_VAL_YR_CHG": 0,
        "MKT_PCT_CHG": 0,
        "GLOBALID": "{2BD99260-4041-4FBE-9325-5E9C355F4571}",
        "Code": null,
        "Description": "Historic Salem",
        "City": "Salem",
        "Description_detailed": null,
        "Acres": 1830.7,
        "Unit_Rate": null,
        "CityName": null,
        "AdoptedDate": null,
        "Slope_Score": 10,
        "GP_Score": 4,
        "Utilities_Score": 10,
        "Wetlands_Score": 10,
        "Soil_Score": 10,
        "Ownership_Score": 10,
        "Ownership_Type": "Private",
        "Utility_Proximity_Status": "Within 1/8 Mile",
        "Final_Score": 8.5,
        "ELEV_CHANGE": 39.79380176757786,
        "SLOPE": 4.886757139012498,
        "Join_Count_12": 1,
        "TARGET_FID_12": 17146,
        "Shape_Length_12": null,
        "Shape_Area_12": null,
        "OBJECTID_1_12": null,
        "Join_Count_12_13": null,
        "TARGET_FID_12_13": null,
        "Id": 2073,
        "gridcode": 1,
        "ClassName": "Not Hydric",
        "Shape_Length_12_13": null,
        "Shape_Area_12_13": null,
        "OWN_STREET_ADDRESS": "431 E 960 S",
        "Entry": 40363,
        "Year": 2025,
        "Record_Date": 1748563200000,
        "Grantor": "LOVELIS, ROBERT DEC",
        "Grantee": "WHOM OF INTEREST",
        "Tax_Address": "431 E 960 S SALEM, UT 84653",
        "Serial_Number": "46:654:0023",
        "Serial_Number_Available": "Yes",
        "Detail_URL": "https://www.utahcounty.gov/LandRecords/document.asp?avEntry=40363&avYear=2025",
        "Document_Type": "AF DC",
        "OBJECTID_12": 1508,
        "Shape_Length_12_13_14": 408.1669568415964,
        "Shape_Area_12_13_14": 10408.073330876152,
        "DocType": "AFDC",
        "Shape_Length": 0.008295804703785856,
        "Shape_Area": 4.23359869640588e-06
      }
    },
    {
      "type": "Feature",
      "id": 25,
      "geometry": {
        "type": "Polygon",
        "coordinates": [
          [
            [
              -111.68536033799995,
              40.03923375800008
            ],
            [
              -111.68536039599996,
              40.03923376500006
            ],
            [
              -111.68625275799997,
              40.03895218800005
            ],
            [
              -111.68625065499998,
              40.038811845000055
            ],
            [
              -111.68611087,
              40.03852690300005
            ],
            [
              -111.68604893699995,
              40.034393023000064
            ],
            [
              -111.68528796799995,
              40.034399757000074
            ],
            [
              -111.68536033799995,
              40.03923375800008
            ]
          ]
        ]
      },
      "properties": {
        "OBJECTID": 25,
        "Join_Count": 1,
        "TARGET_FID": 993,
        "PARCEL_NO": 300460128,
        "PARCELID": "300460128",
        "PARCELID_LABEL": "30:046:0128",
        "OWNER_NAME": "ROBERT & LINDA NELSON HOLDINGS LLC",
        "CARE_NAME": null,
        "ACREAGE": 8.502994,
        "SITE_FULL_ADDRESS": null,
        "OWN_FULL_ADDRESS": "PO BOX 904  SALEM, UT 84653-0904",
        "PROP_TYPE": 900,
        "PROP_TYPE_DESCR": "VACANT",
        "SPECIFIC_PROP_TYPE": 901,
        "SPC_PROP_TYP_DESCR": "Vac Res",
        "ASMT_YEAR": 2026,
        "ASMT_CODE": "V",
        "ASMT_CODE_DESCR": "VACANT",
        "MKT_LAND_VALUE": 1134100,
        "MKT_CUR_VALUE": 1134100,
        "MKT_PRV_VAL": 1134100,
        "MKT_VAL_YR_CHG": 0,
        "MKT_PCT_CHG": 0,
        "GLOBALID": "{FE70E54B-8630-40BE-823B-6AA66CA0BC6C}",
        "Code": null,
        "Description": "Historic Salem",
        "City": "Salem",
        "Description_detailed": null,
        "Acres": 1830.7,
        "Unit_Rate": null,
        "CityName": null,
        "AdoptedDate": null,
        "Slope_Score": 10,
        "GP_Score": 4,
        "Utilities_Score": 10,
        "Wetlands_Score": 10,
        "Soil_Score": 10,
        "Ownership_Score": 5,
        "Ownership_Type": "Business",
        "Utility_Proximity_Status": "Within 1/8 Mile",
        "Final_Score": 7.75,
        "ELEV_CHANGE": 1.4525887060553941,
        "SLOPE": 0.24779637381673997,
        "Join_Count_12": 2,
        "TARGET_FID_12": 17233,
        "Shape_Length_12": null,
        "Shape_Area_12": null,
        "OBJECTID_1_12": null,
        "Join_Count_12_13": null,
        "TARGET_FID_12_13": null,
        "Id": 2073,
        "gridcode": 1,
        "ClassName": "Not Hydric",
        "Shape_Length_12_13": null,
        "Shape_Area_12_13": null,
        "OWN_STREET_ADDRESS": "PO BOX 904",
        "Entry": 25360,
        "Year": 2025,
        "Record_Date": 1744156800000,
        "Grantor": "EARL, RENEE T AKA EARL, RENEE TAYLOR DEC RENEE T EARL REVOCABLE TRUST 06-05-1990",
        "Grantee": "EARL, C ROBERT TEE EARL, BRUCE T TEE RENEE T EARL REVOCABLE TRUST 06-05-1990",
        "Tax_Address": "944 S 150 E OREM, UT 84058-7014",
        "Serial_Number": "30:046:0128",
        "Serial_Number_Available": "Yes",
        "Detail_URL": "https://www.utahcounty.gov/LandRecords/document.asp?avEntry=25360&avYear=2025",
        "Document_Type": "AF DC",
        "OBJECTID_12": 1246,
        "Shape_Length_12_13_14": 3912.0217673167226,
        "Shape_Area_12_13_14": 370409.3758880423,
        "DocType": "AFDC",
        "Shape_Length": 0.011123417919077942,
        "Shape_Area": 3.631962278346079e-06
      }
    },
    {
      "type": "Feature",
      "id": 26,
      "geometry": {
        "type": "Polygon",
        "coordinates": [
          [
            [
              -111.68812793099994,
              40.09712543000006
            ],
            [
              -111.68812787699994,
              40.097125436000056
            ],
            [
              -111.68817478714146,
              40.09708157114466
            ],
            [
              -111.68821674606276,
              40.097032948764635
            ],
            [
              -111.68825327413828,
              40.09698012465446
            ],
            [
              -111.68828395382151,
              40.096923702637895
            ],
            [
              -111.68830843441805,
              40.09686432766581
            ],
            [
              -111.68832643609416,
              40.09680267844381
            ],
            [
              -111.68833775307566,
              40.096739459674076
            ],
            [
              -111.68834225599994,
              40.096675394000044
            ],
            [
              -111.68832606499996,
              40.09461581900007
            ],
            [
              -111.68591975199996,
              40.09462971100004
            ],
            [
              -111.68593370699995,
              40.09700971700005
            ],
            [
              -111.68613450599997,
              40.09701393800003
            ],
            [
              -111.68620682199997,
              40.09701984800006
            ],
            [
              -111.68655596399998,
              40.097033202000034
            ],
            [
              -111.68701491099995,
              40.09704256600003
            ],
            [
              -111.68709675799994,
              40.09704561500007
            ],
            [
              -111.68721938199997,
              40.09705052100003
            ],
            [
              -111.68731999399995,
              40.09706651000005
            ],
            [
              -111.68739488799997,
              40.097090233000074
            ],
            [
              -111.68759897499996,
              40.09712677300007
            ],
            [
              -111.68810816699994,
              40.097143181000035
            ],
            [
              -111.68812793099994,
              40.09712543000006
            ]
          ]
        ]
      },
      "properties": {
        "OBJECTID": 26,
        "Join_Count": 1,
        "TARGET_FID": 1202,
        "PARCEL_NO": 418030002,
        "PARCELID": "418030002",
        "PARCELID_LABEL": "41:803:0002",
        "OWNER_NAME": "HARRIS, CLINTON M (ET AL)",
        "CARE_NAME": null,
        "ACREAGE": 13.726837,
        "SITE_FULL_ADDRESS": "1075 S 2000 WEST, SPANISH FORK, UT",
        "OWN_FULL_ADDRESS": "7357 S 1400 W  SPANISH FORK, UT 84660-4906",
        "PROP_TYPE": 900,
        "PROP_TYPE_DESCR": "VACANT",
        "SPECIFIC_PROP_TYPE": 901,
        "SPC_PROP_TYP_DESCR": "Vac Res",
        "ASMT_YEAR": 2026,
        "ASMT_CODE": "V",
        "ASMT_CODE_DESCR": "VACANT",
        "MKT_LAND_VALUE": 2332800,
        "MKT_CUR_VALUE": 2332800,
        "MKT_PRV_VAL": 2332800,
        "MKT_VAL_YR_CHG": 0,
        "MKT_PCT_CHG": 0,
        "GLOBALID": "{60F1916B-7826-4179-91B2-A577B0BF1FAC}",
        "Code": null,
        "Description": "Medium Density Residential",
        "City": "Spanish Fork",
        "Description_detailed": null,
        "Acres": 128.002,
        "Unit_Rate": null,
        "CityName": null,
        "AdoptedDate": null,
        "Slope_Score": 10,
        "GP_Score": 8,
        "Utilities_Score": 5,
        "Wetlands_Score": 10,
        "Soil_Score": 10,
        "Ownership_Score": 10,
        "Ownership_Type": "Private",
        "Utility_Proximity_Status": "Unknown - No Data",
        "Final_Score": 8.25,
        "ELEV_CHANGE": 10.026346362305048,
        "SLOPE": 0.7348615554027924,
        "Join_Count_12": 1,
        "TARGET_FID_12": 31873,
        "Shape_Length_12": null,
        "Shape_Area_12": null,
        "OBJECTID_1_12": null,
        "Join_Count_12_13": null,
        "TARGET_FID_12_13": null,
        "Id": 2073,
        "gridcode": 1,
        "ClassName": "Not Hydric",
        "Shape_Length_12_13": null,
        "Shape_Area_12_13": null,
        "OWN_STREET_ADDRESS": "7357 S 1400 W",
        "Entry": 6167,
        "Year": 2025,
        "Record_Date": 1738022400000,
        "Grantor": "HARRIS, JOE D DEC HARRIS FAMILY TRUST 01-28-1994",
        "Grantee": "HARRIS, CLINTON M SUCTEE CROMWELL, MARY JO SUCTEE HARRIS FAMILY TRUST 01-28-1994",
        "Tax_Address": "7357 S 1400 W SPANISH FORK, UT 84660-4906",
        "Serial_Number": "41:803:0002",
        "Serial_Number_Available": "Yes",
        "Detail_URL": "https://www.utahcounty.gov/LandRecords/document.asp?avEntry=6167&avYear=2025",
        "Document_Type": "AF DC",
        "OBJECTID_12": 922,
        "Shape_Length_12_13_14": 3089.82875377723,
        "Shape_Area_12_13_14": 597905.7141310078,
        "DocType": "AFDC",
        "Shape_Length": 0.009570383730135293,
        "Shape_Area": 5.867670326333235e-06
      }
    },
    {
      "type": "Feature",
      "id": 27,
      "geometry": {
        "type": "Polygon",
        "coordinates": [
          [
            [
              -111.68832610799996,
              40.09461583800004
            ],
            [
              -111.68832611899995,
              40.09461585100007
            ],
            [
              -111.68831888999995,
              40.093696195000064
            ],
            [
              -111.68359941199998,
              40.09375550500005
            ],
            [
              -111.68359709999999,
              40.09464309200007
            ],
            [
              -111.68591979499996,
              40.094629730000065
            ],
            [
              -111.68832610799996,
              40.09461583800004
            ]
          ]
        ]
      },
      "properties": {
        "OBJECTID": 27,
        "Join_Count": 1,
        "TARGET_FID": 1203,
        "PARCEL_NO": 418030003,
        "PARCELID": "418030003",
        "PARCELID_LABEL": "41:803:0003",
        "OWNER_NAME": "HARRIS, CLINTON M (ET AL)",
        "CARE_NAME": null,
        "ACREAGE": 9.987226999999999,
        "SITE_FULL_ADDRESS": "1213 S 2000 WEST, SPANISH FORK, UT",
        "OWN_FULL_ADDRESS": "7357 S 1400 W  SPANISH FORK, UT 84660-4906",
        "PROP_TYPE": 900,
        "PROP_TYPE_DESCR": "VACANT",
        "SPECIFIC_PROP_TYPE": 901,
        "SPC_PROP_TYP_DESCR": "Vac Res",
        "ASMT_YEAR": 2026,
        "ASMT_CODE": "V",
        "ASMT_CODE_DESCR": "VACANT",
        "MKT_LAND_VALUE": 1697200,
        "MKT_CUR_VALUE": 1697200,
        "MKT_PRV_VAL": 1697200,
        "MKT_VAL_YR_CHG": 0,
        "MKT_PCT_CHG": 0,
        "GLOBALID": "{A945820A-0C93-4D5D-860C-D4595E61705D}",
        "Code": null,
        "Description": "Medium Density Residential",
        "City": "Spanish Fork",
        "Description_detailed": null,
        "Acres": 128.002,
        "Unit_Rate": null,
        "CityName": null,
        "AdoptedDate": null,
        "Slope_Score": 10,
        "GP_Score": 8,
        "Utilities_Score": 5,
        "Wetlands_Score": 10,
        "Soil_Score": 10,
        "Ownership_Score": 10,
        "Ownership_Type": "Private",
        "Utility_Proximity_Status": "Unknown - No Data",
        "Final_Score": 8.25,
        "ELEV_CHANGE": 10.026346362305048,
        "SLOPE": 0.7348615554027924,
        "Join_Count_12": 1,
        "TARGET_FID_12": 31874,
        "Shape_Length_12": null,
        "Shape_Area_12": null,
        "OBJECTID_1_12": null,
        "Join_Count_12_13": null,
        "TARGET_FID_12_13": null,
        "Id": 2073,
        "gridcode": 1,
        "ClassName": "Not Hydric",
        "Shape_Length_12_13": null,
        "Shape_Area_12_13": null,
        "OWN_STREET_ADDRESS": "7357 S 1400 W",
        "Entry": 6167,
        "Year": 2025,
        "Record_Date": 1738022400000,
        "Grantor": "HARRIS, JOE D DEC HARRIS FAMILY TRUST 01-28-1994",
        "Grantee": "HARRIS, CLINTON M SUCTEE CROMWELL, MARY JO SUCTEE HARRIS FAMILY TRUST 01-28-1994",
        "Tax_Address": "7357 S 1400 W SPANISH FORK, UT 84660-4906",
        "Serial_Number": "41:803:0002",
        "Serial_Number_Available": "Yes",
        "Detail_URL": "https://www.utahcounty.gov/LandRecords/document.asp?avEntry=6167&avYear=2025",
        "Document_Type": "AF DC",
        "OBJECTID_12": 922,
        "Shape_Length_12_13_14": 3089.82875377723,
        "Shape_Area_12_13_14": 597905.7141310078,
        "DocType": "AFDC",
        "Shape_Length": 0.011256228647822903,
        "Shape_Area": 4.269064882618445e-06
      }
    },
    {
      "type": "Feature",
      "id": 28,
      "geometry": {
        "type": "Polygon",
        "coordinates": [
          [
            [
              -111.68592972999994,
              40.097457302000066
            ],
            [
              -111.68593433499996,
              40.09822699700004
            ],
            [
              -111.68710002599994,
              40.09822158800006
            ],
            [
              -111.68709991599997,
              40.09818142900008
            ],
            [
              -111.68709682299999,
              40.09704558000004
            ],
            [
              -111.68701497399996,
              40.09704253000007
            ],
            [
              -111.68655601699999,
              40.09703316700006
            ],
            [
              -111.68620686599996,
              40.09701981300003
            ],
            [
              -111.68613455099995,
              40.097013901000025
            ],
            [
              -111.68593374499994,
              40.09700968000004
            ],
            [
              -111.68592972999994,
              40.097457302000066
            ]
          ]
        ]
      },
      "properties": {
        "OBJECTID": 28,
        "Join_Count": 1,
        "TARGET_FID": 1213,
        "PARCEL_NO": 454810001,
        "PARCELID": "454810001",
        "PARCELID_LABEL": "45:481:0001",
        "OWNER_NAME": "CORP OF PRES BISHOP CHURCH OF JESUS CHRIST OF LDS",
        "CARE_NAME": null,
        "ACREAGE": 3.2633199999999998,
        "SITE_FULL_ADDRESS": null,
        "OWN_FULL_ADDRESS": "50 E NORTH TEMPLE  SALT LAKE CITY, UT 84150-9001",
        "PROP_TYPE": 900,
        "PROP_TYPE_DESCR": "VACANT",
        "SPECIFIC_PROP_TYPE": 901,
        "SPC_PROP_TYP_DESCR": "Vac Res",
        "ASMT_YEAR": 2026,
        "ASMT_CODE": "V",
        "ASMT_CODE_DESCR": "VACANT",
        "MKT_LAND_VALUE": 554600,
        "MKT_CUR_VALUE": 554600,
        "MKT_PRV_VAL": 554600,
        "MKT_VAL_YR_CHG": 0,
        "MKT_PCT_CHG": 0,
        "GLOBALID": "{AAC098FF-F459-4947-8EE5-7A06BEDEC507}",
        "Code": null,
        "Description": "Medium Density Residential",
        "City": "Spanish Fork",
        "Description_detailed": null,
        "Acres": 128.002,
        "Unit_Rate": null,
        "CityName": null,
        "AdoptedDate": null,
        "Slope_Score": 10,
        "GP_Score": 8,
        "Utilities_Score": 5,
        "Wetlands_Score": 10,
        "Soil_Score": 10,
        "Ownership_Score": 5,
        "Ownership_Type": "Business",
        "Utility_Proximity_Status": "Unknown - No Data",
        "Final_Score": 7.5,
        "ELEV_CHANGE": 12.607124311522966,
        "SLOPE": 1.1495003148985403,
        "Join_Count_12": 1,
        "TARGET_FID_12": 33417,
        "Shape_Length_12": null,
        "Shape_Area_12": null,
        "OBJECTID_1_12": null,
        "Join_Count_12_13": null,
        "TARGET_FID_12_13": null,
        "Id": 2073,
        "gridcode": 1,
        "ClassName": "Not Hydric",
        "Shape_Length_12_13": null,
        "Shape_Area_12_13": null,
        "OWN_STREET_ADDRESS": "7357 S 1400 W",
        "Entry": 6167,
        "Year": 2025,
        "Record_Date": 1738022400000,
        "Grantor": "HARRIS, JOE D DEC HARRIS FAMILY TRUST 01-28-1994",
        "Grantee": "HARRIS, CLINTON M SUCTEE CROMWELL, MARY JO SUCTEE HARRIS FAMILY TRUST 01-28-1994",
        "Tax_Address": "7357 S 1400 W SPANISH FORK, UT 84660-4906",
        "Serial_Number": "41:803:0002",
        "Serial_Number_Available": "Yes",
        "Detail_URL": "https://www.utahcounty.gov/LandRecords/document.asp?avEntry=6167&avYear=2025",
        "Document_Type": "AF DC",
        "OBJECTID_12": 922,
        "Shape_Length_12_13_14": 3089.82875377723,
        "Shape_Area_12_13_14": 597905.7141310078,
        "DocType": "AFDC",
        "Shape_Length": 0.00472283589724365,
        "Shape_Area": 1.3942453265835193e-06
      }
    },
    {
      "type": "Feature",
      "id": 29,
      "geometry": {
        "type": "Polygon",
        "coordinates": [
          [
            [
              -111.76594529499994,
              40.019550723000066
            ],
            [
              -111.76594530199998,
              40.019550708000054
            ],
            [
              -111.76593416599997,
              40.01872082500006
            ],
            [
              -111.76473348599995,
              40.01871953600005
            ],
            [
              -111.76473491099995,
              40.01908959800005
            ],
            [
              -111.76325073699996,
              40.01909296600007
            ],
            [
              -111.76325799899996,
              40.01956352700006
            ],
            [
              -111.76594529499994,
              40.019550723000066
            ]
          ]
        ]
      },
      "properties": {
        "OBJECTID": 29,
        "Join_Count": 1,
        "TARGET_FID": 1214,
        "PARCEL_NO": 451970004,
        "PARCELID": "451970004",
        "PARCELID_LABEL": "45:197:0004",
        "OWNER_NAME": "HAWKMOON HOLDINGS LLC",
        "CARE_NAME": null,
        "ACREAGE": 3.977709,
        "SITE_FULL_ADDRESS": null,
        "OWN_FULL_ADDRESS": "42 E 1100 S STE 1A  AMERICAN FORK, UT 84003",
        "PROP_TYPE": 900,
        "PROP_TYPE_DESCR": "VACANT",
        "SPECIFIC_PROP_TYPE": 901,
        "SPC_PROP_TYP_DESCR": "Vac Res",
        "ASMT_YEAR": 2026,
        "ASMT_CODE": "V",
        "ASMT_CODE_DESCR": "VACANT",
        "MKT_LAND_VALUE": 186400,
        "MKT_CUR_VALUE": 186400,
        "MKT_PRV_VAL": 186400,
        "MKT_VAL_YR_CHG": 0,
        "MKT_PCT_CHG": 0,
        "GLOBALID": "{08BE799D-F204-4217-951C-29C445B18125}",
        "Code": "MDR",
        "Description": "Medium Density Residential",
        "City": "Payson",
        "Description_detailed": null,
        "Acres": null,
        "Unit_Rate": null,
        "CityName": null,
        "AdoptedDate": null,
        "Slope_Score": 10,
        "GP_Score": 8,
        "Utilities_Score": 0,
        "Wetlands_Score": 0,
        "Soil_Score": 10,
        "Ownership_Score": 5,
        "Ownership_Type": "Business",
        "Utility_Proximity_Status": "Not Within 1/8 Mile",
        "Final_Score": 4.75,
        "ELEV_CHANGE": 13.490211738280777,
        "SLOPE": 0.4743395227681629,
        "Join_Count_12": 11,
        "TARGET_FID_12": 33539,
        "Shape_Length_12": null,
        "Shape_Area_12": null,
        "OBJECTID_1_12": null,
        "Join_Count_12_13": null,
        "TARGET_FID_12_13": null,
        "Id": 2073,
        "gridcode": 1,
        "ClassName": "Not Hydric",
        "Shape_Length_12_13": null,
        "Shape_Area_12_13": null,
        "OWN_STREET_ADDRESS": "42 E 1100 S STE 1A",
        "Entry": 74139,
        "Year": 2024,
        "Record_Date": 1729728000000,
        "Grantor": "WOOD, ELDON LEE DEC FAMILY TRUST OF ELDON LEE WOOD AND JANICE SPENCER WOOD 08-27-2015 THE",
        "Grantee": "CHRISTENSEN, SHARLENE K SUCTEE FAMILY TRUST OF ELDON LEE WOOD AND JANICE SPENCER WOOD 08-27-2015 THE",
        "Tax_Address": "745 N 1150 E LEHI, UT 84043-1431",
        "Serial_Number": "30:065:0073",
        "Serial_Number_Available": "Yes",
        "Detail_URL": "https://www.utahcounty.gov/LandRecords/document.asp?avEntry=74139&avYear=2024",
        "Document_Type": "AF DC",
        "OBJECTID_12": 490,
        "Shape_Length_12_13_14": 2702.2521756965025,
        "Shape_Area_12_13_14": 446263.9675827391,
        "DocType": "AFDC",
        "Shape_Length": 0.007042841057843052,
        "Shape_Area": 1.6983947835368926e-06
      }
    },
    {
      "type": "Feature",
      "id": 30,
      "geometry": {
        "type": "Polygon",
        "coordinates": [
          [
            [
              -111.76475388899996,
              40.04105775900007
            ],
            [
              -111.76475387999994,
              40.04105771800005
            ],
            [
              -111.76474562229343,
              40.04105793621697
            ],
            [
              -111.76473744641453,
              40.041056756242554
            ],
            [
              -111.76472958739716,
              40.0410542119978
            ],
            [
              -111.76472227116632,
              40.04105037662272
            ],
            [
              -111.76471570804347,
              40.04104536037374
            ],
            [
              -111.76471008670022,
              40.04103930745415
            ],
            [
              -111.76470556873466,
              40.04103239186866
            ],
            [
              -111.7647022840258,
              40.04102481242124
            ],
            [
              -111.76470032699996,
              40.041016787000046
            ],
            [
              -111.76469749499995,
              40.040666945000055
            ],
            [
              -111.76470024390035,
              40.040631623427416
            ],
            [
              -111.76470861944385,
              40.040597199304806
            ],
            [
              -111.76472240499999,
              40.04056456300003
            ],
            [
              -111.76473998335695,
              40.04052531079021
            ],
            [
              -111.76475272091939,
              40.04048423173091
            ],
            [
              -111.76476043334027,
              40.040441920347405
            ],
            [
              -111.76476300899998,
              40.04039898900004
            ],
            [
              -111.76476298099999,
              40.04039152400003
            ],
            [
              -111.76476282899995,
              40.040353018000076
            ],
            [
              -111.76476346132095,
              40.040347211114494
            ],
            [
              -111.76476499360261,
              40.040341574460975
            ],
            [
              -111.76476738817047,
              40.04033624662888
            ],
            [
              -111.76477058614886,
              40.040331358614544
            ],
            [
              -111.76477450890854,
              40.0403270306004
            ],
            [
              -111.76477905999997,
              40.04032336900008
            ],
            [
              -111.76479528195595,
              40.04031165640565
            ],
            [
              -111.76480924892755,
              40.0402973294929
            ],
            [
              -111.76482054506249,
              40.04028081483094
            ],
            [
              -111.76482883402998,
              40.04026260412689
            ],
            [
              -111.76483386903453,
              40.04024323958575
            ],
            [
              -111.76483550016403,
              40.04022329776686
            ],
            [
              -111.76483367885328,
              40.04020337241739
            ],
            [
              -111.76482845932995,
              40.04018405679417
            ],
            [
              -111.76481999699996,
              40.04016592600004
            ],
            [
              -111.76479869266635,
              40.04014161583721
            ],
            [
              -111.7647737967984,
              40.040120998989565
            ],
            [
              -111.76474594175798,
              40.0401045991307
            ],
            [
              -111.76471583507075,
              40.04009283282153
            ],
            [
              -111.7646842414548,
              40.04008599892953
            ],
            [
              -111.76465196339667,
              40.04008427103742
            ],
            [
              -111.76461982076788,
              40.04008769303415
            ],
            [
              -111.76458862999999,
              40.040096178000056
            ],
            [
              -111.76456440256692,
              40.04010561547056
            ],
            [
              -111.76454175029065,
              40.04011837904147
            ],
            [
              -111.76452112699997,
              40.040134213000044
            ],
            [
              -111.76451436455172,
              40.04013944357399
            ],
            [
              -111.76450692885724,
              40.04014366258544
            ],
            [
              -111.76449897012864,
              40.04014678480408
            ],
            [
              -111.76449064914412,
              40.04014874715643
            ],
            [
              -111.76448213399999,
              40.04014951000005
            ],
            [
              -111.76419006599997,
              40.040160944000036
            ],
            [
              -111.76381561899996,
              40.040175600000055
            ],
            [
              -111.76344117199994,
              40.04019025600007
            ],
            [
              -111.76343178902931,
              40.04019031030259
            ],
            [
              -111.7634224938333,
              40.040189028734076
            ],
            [
              -111.76341347563029,
              40.04018643738288
            ],
            [
              -111.76340491799999,
              40.04018258900004
            ],
            [
              -111.76337224844062,
              40.04016744303591
            ],
            [
              -111.76333754136483,
              40.040157845159605
            ],
            [
              -111.76330173177175,
              40.040154053935275
            ],
            [
              -111.76326578436198,
              40.04015617149746
            ],
            [
              -111.76323066754888,
              40.04016414079961
            ],
            [
              -111.76319732736978,
              40.04017774715093
            ],
            [
              -111.76316666199995,
              40.04019662400003
            ],
            [
              -111.76315178836994,
              40.040208965522005
            ],
            [
              -111.76313919277756,
              40.04022362461772
            ],
            [
              -111.76312923132326,
              40.04024018684772
            ],
            [
              -111.76312218563557,
              40.040258183967474
            ],
            [
              -111.76311825490896,
              40.04027710716548
            ],
            [
              -111.76311755027228,
              40.04029642144832
            ],
            [
              -111.7631200916469,
              40.040315580765885
            ],
            [
              -111.76312580718348,
              40.040334043449214
            ],
            [
              -111.76313453529339,
              40.040351287524494
            ],
            [
              -111.76314602921695,
              40.04036682547015
            ],
            [
              -111.76315996399995,
              40.04038021800005
            ],
            [
              -111.76316426562707,
              40.040384471578875
            ],
            [
              -111.76316780593098,
              40.0403893770021
            ],
            [
              -111.76317048773723,
              40.04039479962544
            ],
            [
              -111.7631722374355,
              40.04040059060849
            ],
            [
              -111.76317300699998,
              40.04040659100008
            ],
            [
              -111.76317333099996,
              40.040492193000034
            ],
            [
              -111.76317441999998,
              40.04077600800008
            ],
            [
              -111.76317534599997,
              40.04101761100003
            ],
            [
              -111.76317346693746,
              40.04102568615936
            ],
            [
              -111.76317024001244,
              40.041033323307325
            ],
            [
              -111.76316575951715,
              40.04104029928296
            ],
            [
              -111.76316015637371,
              40.041046410245066
            ],
            [
              -111.76315359430856,
              40.041051477628514
            ],
            [
              -111.76314626506824,
              40.04105535336204
            ],
            [
              -111.7631383828165,
              40.04105792419494
            ],
            [
              -111.76313017787639,
              40.041059115006284
            ],
            [
              -111.76312188999998,
              40.041058891000034
            ],
            [
              -111.76345036099997,
              40.04105866300006
            ],
            [
              -111.7634420842578,
              40.04105889473812
            ],
            [
              -111.76343388803981,
              40.041057719930016
            ],
            [
              -111.76342600963817,
              40.04105517258811
            ],
            [
              -111.76341867714378,
              40.04105132646156
            ],
            [
              -111.76341210284278,
              40.04104629290122
            ],
            [
              -111.76340647707053,
              40.041040217635796
            ],
            [
              -111.76340196270114,
              40.04103327655286
            ],
            [
              -111.763398690432,
              40.04102567060662
            ],
            [
              -111.76339675499997,
              40.04101762000005
            ],
            [
              -111.76339557399996,
              40.04071061500008
            ],
            [
              -111.76339438799994,
              40.04040168600005
            ],
            [
              -111.76339613162996,
              40.04039387777294
            ],
            [
              -111.76339915182842,
              40.04038646919295
            ],
            [
              -111.76340336416648,
              40.04037966736494
            ],
            [
              -111.76340865088935,
              40.04037366243217
            ],
            [
              -111.76341486420812,
              40.04036862226093
            ],
            [
              -111.76342183043113,
              40.040364687747854
            ],
            [
              -111.7634293548195,
              40.040361968881186
            ],
            [
              -111.76343722703096,
              40.040360541666125
            ],
            [
              -111.76344522699998,
              40.04036044600008
            ],
            [
              -111.76378978999998,
              40.04034694100005
            ],
            [
              -111.76416423599994,
              40.04033226300004
            ],
            [
              -111.76448518999996,
              40.040319682000074
            ],
            [
              -111.76449374990293,
              40.040319111887044
            ],
            [
              -111.76450227927619,
              40.04032003208234
            ],
            [
              -111.76451052061118,
              40.04032241480453
            ],
            [
              -111.76451822509546,
              40.04032618811735
            ],
            [
              -111.76452516012452,
              40.040331238101466
            ],
            [
              -111.7645311163243,
              40.04033741229386
            ],
            [
              -111.76453591387242,
              40.04034452429074
            ],
            [
              -111.76453940792707,
              40.04035235937528
            ],
            [
              -111.76454149299997,
              40.04036068100004
            ],
            [
              -111.76454164299997,
              40.040399378000075
            ],
            [
              -111.76453881293828,
              40.04043477366201
            ],
            [
              -111.76453035320665,
              40.040469259819716
            ],
            [
              -111.76451648199998,
              40.04050194700005
            ],
            [
              -111.76449895774958,
              40.04054126858982
            ],
            [
              -111.76448628104333,
              40.04058240966288
            ],
            [
              -111.76447863525944,
              40.04062477508231
            ],
            [
              -111.76447613099998,
              40.04066775200005
            ],
            [
              -111.76447629999996,
              40.04068863800006
            ],
            [
              -111.76447895799998,
              40.04101699100005
            ],
            [
              -111.7644770251262,
              40.04102502102403
            ],
            [
              -111.76447376098501,
              40.0410326080306
            ],
            [
              -111.76446925976936,
              40.0410395330825
            ],
            [
              -111.76446365137019,
              40.04104559634441
            ],
            [
              -111.76445709762837,
              40.041050622849596
            ],
            [
              -111.76444978766435,
              40.04105446754884
            ],
            [
              -111.76444193242081,
              40.04105701949617
            ],
            [
              -111.76443375857548,
              40.041058205050376
            ],
            [
              -111.76442550199994,
              40.04105799000007
            ],
            [
              -111.76475388899996,
              40.04105775900007
            ]
          ]
        ]
      },
      "properties": {
        "OBJECTID": 30,
        "Join_Count": 1,
        "TARGET_FID": 1325,
        "PARCEL_NO": 552570500,
        "PARCELID": "552570500",
        "PARCELID_LABEL": "55:257:0500",
        "OWNER_NAME": "CHRISTIANSEN, GLEN M & LILLIAN M",
        "CARE_NAME": null,
        "ACREAGE": 1.476524,
        "SITE_FULL_ADDRESS": null,
        "OWN_FULL_ADDRESS": "4645 W 10400 S  PAYSON, UT 84651-4616",
        "PROP_TYPE": null,
        "PROP_TYPE_DESCR": null,
        "SPECIFIC_PROP_TYPE": null,
        "SPC_PROP_TYP_DESCR": null,
        "ASMT_YEAR": 2026,
        "ASMT_CODE": "UNK",
        "ASMT_CODE_DESCR": "UNK",
        "MKT_LAND_VALUE": 0,
        "MKT_CUR_VALUE": 0,
        "MKT_PRV_VAL": 0,
        "MKT_VAL_YR_CHG": 0,
        "MKT_PCT_CHG": 0,
        "GLOBALID": "{D62B872E-3DE3-4ECA-B411-BB223CB9880F}",
        "Code": "MDR",
        "Description": "Medium Density Residential",
        "City": "Payson",
        "Description_detailed": null,
        "Acres": null,
        "Unit_Rate": null,
        "CityName": null,
        "AdoptedDate": null,
        "Slope_Score": 10,
        "GP_Score": 8,
        "Utilities_Score": 0,
        "Wetlands_Score": 10,
        "Soil_Score": 10,
        "Ownership_Score": 10,
        "Ownership_Type": "Private",
        "Utility_Proximity_Status": "Not Within 1/8 Mile",
        "Final_Score": 7,
        "ELEV_CHANGE": 1.2279120410157702,
        "SLOPE": 0.36928629952669023,
        "Join_Count_12": 11,
        "TARGET_FID_12": 46325,
        "Shape_Length_12": null,
        "Shape_Area_12": null,
        "OBJECTID_1_12": null,
        "Join_Count_12_13": null,
        "TARGET_FID_12_13": null,
        "Id": 2073,
        "gridcode": 1,
        "ClassName": "Not Hydric",
        "Shape_Length_12_13": null,
        "Shape_Area_12_13": null,
        "OWN_STREET_ADDRESS": "247 S 1700 W",
        "Entry": 88611,
        "Year": 2024,
        "Record_Date": 1734307200000,
        "Grantor": "COLLARD, CORY GRANT AKA COLLARD, CORY G DEC",
        "Grantee": "WHOM OF INTEREST",
        "Tax_Address": "1188 W 10400 S SOUTH JORDAN, UT 84095",
        "Serial_Number": "55:257:0019",
        "Serial_Number_Available": "Yes",
        "Detail_URL": "https://www.utahcounty.gov/LandRecords/document.asp?avEntry=88611&avYear=2024",
        "Document_Type": "AF DC",
        "OBJECTID_12": 754,
        "Shape_Length_12_13_14": 562.1732772991464,
        "Shape_Area_12_13_14": 19356.214203017094,
        "DocType": "AFDC",
        "Shape_Length": 0.006883362518896914,
        "Shape_Area": 6.308574317663673e-07
      }
    },
    {
      "type": "Feature",
      "id": 31,
      "geometry": {
        "type": "Polygon",
        "coordinates": [
          [
            [
              -112.10226112599997,
              40.32011663900005
            ],
            [
              -112.10117264899998,
              40.32012126600006
            ],
            [
              -112.10118995199997,
              40.32011823400006
            ],
            [
              -112.09682273499999,
              40.320144818000074
            ],
            [
              -112.096783502,
              40.32179386000007
            ],
            [
              -112.10223936199998,
              40.321765869000046
            ],
            [
              -112.10226112599997,
              40.32011663900005
            ]
          ]
        ]
      },
      "properties": {
        "OBJECTID": 31,
        "Join_Count": 1,
        "TARGET_FID": 1342,
        "PARCEL_NO": 590370012,
        "PARCELID": "590370012",
        "PARCELID_LABEL": "59:037:0012",
        "OWNER_NAME": "PETERSON, JAY R & JUDY ANN C",
        "CARE_NAME": null,
        "ACREAGE": 21,
        "SITE_FULL_ADDRESS": "CEDAR FORT, UT",
        "OWN_FULL_ADDRESS": "2169 E 200 N  SAINT ANTHONY, ID 83445-5600",
        "PROP_TYPE": 900,
        "PROP_TYPE_DESCR": "VACANT",
        "SPECIFIC_PROP_TYPE": 901,
        "SPC_PROP_TYP_DESCR": "Vac Res",
        "ASMT_YEAR": 2026,
        "ASMT_CODE": "V",
        "ASMT_CODE_DESCR": "VACANT",
        "MKT_LAND_VALUE": 694600,
        "MKT_CUR_VALUE": 694600,
        "MKT_PRV_VAL": 694600,
        "MKT_VAL_YR_CHG": 0,
        "MKT_PCT_CHG": 0,
        "GLOBALID": "{1303B275-1DB6-4507-967B-B020DDCCB1D3}",
        "Code": null,
        "Description": "Commerical Residential Zone (1/2 Acre)",
        "City": null,
        "Description_detailed": null,
        "Acres": null,
        "Unit_Rate": 0.5,
        "CityName": "Cedar Fort",
        "AdoptedDate": 1599264000000,
        "Slope_Score": 10,
        "GP_Score": 5,
        "Utilities_Score": 5,
        "Wetlands_Score": 10,
        "Soil_Score": 10,
        "Ownership_Score": 10,
        "Ownership_Type": "Private",
        "Utility_Proximity_Status": "Unknown - No Data",
        "Final_Score": 7.5,
        "ELEV_CHANGE": 4.726620322265262,
        "SLOPE": 0.9474704900363723,
        "Join_Count_12": 1,
        "TARGET_FID_12": 48318,
        "Shape_Length_12": null,
        "Shape_Area_12": null,
        "OBJECTID_1_12": null,
        "Join_Count_12_13": null,
        "TARGET_FID_12_13": null,
        "Id": 2073,
        "gridcode": 1,
        "ClassName": "Not Hydric",
        "Shape_Length_12_13": null,
        "Shape_Area_12_13": null,
        "OWN_STREET_ADDRESS": "552 W 11200 S",
        "Entry": 42822,
        "Year": 2025,
        "Record_Date": 1749513600000,
        "Grantor": "PETERSON, PAUL",
        "Grantee": "WHOM OF INTEREST",
        "Tax_Address": "405 S MAIN ST STE 800 SALT LAKE CITY, UT 84111",
        "Serial_Number": "59:037:0001",
        "Serial_Number_Available": "Yes",
        "Detail_URL": "https://www.utahcounty.gov/LandRecords/document.asp?avEntry=42822&avYear=2025",
        "Document_Type": "AF DC",
        "OBJECTID_12": 1565,
        "Shape_Length_12_13_14": 4170.486730628321,
        "Shape_Area_12_13_14": 911965.8951843112,
        "DocType": "AFDC",
        "Shape_Length": 0.014228165422159674,
        "Shape_Area": 8.991339296740329e-06
      }
    },
    {
      "type": "Feature",
      "id": 32,
      "geometry": {
        "type": "Polygon",
        "coordinates": [
          [
            [
              -112.09168031299998,
              40.29910995100005
            ],
            [
              -112.09645977399998,
              40.29909568800008
            ],
            [
              -112.09646255699994,
              40.29817635400008
            ],
            [
              -112.09407360199998,
              40.29818443100004
            ],
            [
              -112.09168465999994,
              40.29819245900006
            ],
            [
              -112.09168031299998,
              40.29910995100005
            ]
          ]
        ]
      },
      "properties": {
        "OBJECTID": 32,
        "Join_Count": 1,
        "TARGET_FID": 1436,
        "PARCEL_NO": 590490035,
        "PARCELID": "590490035",
        "PARCELID_LABEL": "59:049:0035",
        "OWNER_NAME": "COOK, G L & S (ET AL)",
        "CARE_NAME": null,
        "ACREAGE": 24.023,
        "SITE_FULL_ADDRESS": "CEDAR FORT, UT",
        "OWN_FULL_ADDRESS": "2764 FOOTHILL DR  OGDEN, UT 84403",
        "PROP_TYPE": 900,
        "PROP_TYPE_DESCR": "VACANT",
        "SPECIFIC_PROP_TYPE": 901,
        "SPC_PROP_TYP_DESCR": "Vac Res",
        "ASMT_YEAR": 2026,
        "ASMT_CODE": "V",
        "ASMT_CODE_DESCR": "VACANT",
        "MKT_LAND_VALUE": 176800,
        "MKT_CUR_VALUE": 176800,
        "MKT_PRV_VAL": 176800,
        "MKT_VAL_YR_CHG": 0,
        "MKT_PCT_CHG": 0,
        "GLOBALID": "{1A9CB821-D2E5-42FC-B9CE-2ECFAD9DE773}",
        "Code": null,
        "Description": "Medium Density Residential",
        "City": "Eagle Mountain",
        "Description_detailed": "Any Residential",
        "Acres": null,
        "Unit_Rate": null,
        "CityName": null,
        "AdoptedDate": null,
        "Slope_Score": 10,
        "GP_Score": 8,
        "Utilities_Score": 10,
        "Wetlands_Score": 10,
        "Soil_Score": 10,
        "Ownership_Score": 10,
        "Ownership_Type": "Private",
        "Utility_Proximity_Status": "Within 1/8 Mile",
        "Final_Score": 9.5,
        "ELEV_CHANGE": 13.835436845703043,
        "SLOPE": 1.7317211108093171,
        "Join_Count_12": 1,
        "TARGET_FID_12": 50588,
        "Shape_Length_12": null,
        "Shape_Area_12": null,
        "OBJECTID_1_12": null,
        "Join_Count_12_13": null,
        "TARGET_FID_12_13": null,
        "Id": 2073,
        "gridcode": 1,
        "ClassName": "Not Hydric",
        "Shape_Length_12_13": null,
        "Shape_Area_12_13": null,
        "OWN_STREET_ADDRESS": "2535 E 1700 S",
        "Entry": 24178,
        "Year": 2025,
        "Record_Date": 1743724800000,
        "Grantor": "COOK, RICHARD ERNEST AKA COOK, RICHARD E DEC RICHARD E COOK TRUST 03-27-1978 AS AMD AND RESTATED 02-11-1992 AKA RICHARD E COOK REVOCABLE TRUST 03-27-1978 AS AMD",
        "Grantee": "COOK, MARY N SUCTEE COOK, RICHARD W SUCTEE RICHARD E COOK TRUST 03-27-1978 AS AMD AND RESTATED 02-11-1992 AKA RICHARD E COOK REVOCABLE TRUST 03-27-1978 AS AMD",
        "Tax_Address": "2535 E 1700 S SALT LAKE CITY, UT 84108",
        "Serial_Number": "59:049:0037",
        "Serial_Number_Available": "Yes",
        "Detail_URL": "https://www.utahcounty.gov/LandRecords/document.asp?avEntry=24178&avYear=2025",
        "Document_Type": "AF DC",
        "OBJECTID_12": 1219,
        "Shape_Length_12_13_14": 3336.78521222738,
        "Shape_Area_12_13_14": 446575.7275622145,
        "DocType": "AFDC",
        "Shape_Length": 0.011394246935060168,
        "Shape_Area": 4.388688308613959e-06
      }
    },
    {
      "type": "Feature",
      "id": 33,
      "geometry": {
        "type": "Polygon",
        "coordinates": [
          [
            [
              -112.09986165399994,
              40.30001291800005
            ],
            [
              -112.09645716699998,
              40.30003882400007
            ],
            [
              -112.09645454699995,
              40.30188120100007
            ],
            [
              -112.10024470599996,
              40.30185234900006
            ],
            [
              -112.09986165399994,
              40.30001291800005
            ]
          ]
        ]
      },
      "properties": {
        "OBJECTID": 33,
        "Join_Count": 1,
        "TARGET_FID": 1440,
        "PARCEL_NO": 590490037,
        "PARCELID": "590490037",
        "PARCELID_LABEL": "59:049:0037",
        "OWNER_NAME": "COOK, MARY N & RICHARD W (ET AL)",
        "CARE_NAME": null,
        "ACREAGE": 25.726000000000003,
        "SITE_FULL_ADDRESS": "CEDAR FORT, UT",
        "OWN_FULL_ADDRESS": "2535 E 1700 S  SALT LAKE CITY, UT 84108",
        "PROP_TYPE": 900,
        "PROP_TYPE_DESCR": "VACANT",
        "SPECIFIC_PROP_TYPE": 901,
        "SPC_PROP_TYP_DESCR": "Vac Res",
        "ASMT_YEAR": 2026,
        "ASMT_CODE": "V",
        "ASMT_CODE_DESCR": "VACANT",
        "MKT_LAND_VALUE": 189400,
        "MKT_CUR_VALUE": 189400,
        "MKT_PRV_VAL": 189400,
        "MKT_VAL_YR_CHG": 0,
        "MKT_PCT_CHG": 0,
        "GLOBALID": "{2CE65922-2071-48C0-9018-D829E64FADAE}",
        "Code": null,
        "Description": "Commerical Residential Zone (1/2 Acre)",
        "City": null,
        "Description_detailed": null,
        "Acres": null,
        "Unit_Rate": 0.5,
        "CityName": "Cedar Fort",
        "AdoptedDate": 1599264000000,
        "Slope_Score": 10,
        "GP_Score": 5,
        "Utilities_Score": 10,
        "Wetlands_Score": 10,
        "Soil_Score": 10,
        "Ownership_Score": 10,
        "Ownership_Type": "Private",
        "Utility_Proximity_Status": "Within 1/8 Mile",
        "Final_Score": 8.75,
        "ELEV_CHANGE": 52.47862175292994,
        "SLOPE": 1.9236212292905854,
        "Join_Count_12": 1,
        "TARGET_FID_12": 50670,
        "Shape_Length_12": null,
        "Shape_Area_12": null,
        "OBJECTID_1_12": null,
        "Join_Count_12_13": null,
        "TARGET_FID_12_13": null,
        "Id": 2073,
        "gridcode": 1,
        "ClassName": "Not Hydric",
        "Shape_Length_12_13": null,
        "Shape_Area_12_13": null,
        "OWN_STREET_ADDRESS": "2535 E 1700 S",
        "Entry": 24178,
        "Year": 2025,
        "Record_Date": 1743724800000,
        "Grantor": "COOK, RICHARD ERNEST AKA COOK, RICHARD E DEC RICHARD E COOK TRUST 03-27-1978 AS AMD AND RESTATED 02-11-1992 AKA RICHARD E COOK REVOCABLE TRUST 03-27-1978 AS AMD",
        "Grantee": "COOK, MARY N SUCTEE COOK, RICHARD W SUCTEE RICHARD E COOK TRUST 03-27-1978 AS AMD AND RESTATED 02-11-1992 AKA RICHARD E COOK REVOCABLE TRUST 03-27-1978 AS AMD",
        "Tax_Address": "2535 E 1700 S SALT LAKE CITY, UT 84108",
        "Serial_Number": "59:049:0037",
        "Serial_Number_Available": "Yes",
        "Detail_URL": "https://www.utahcounty.gov/LandRecords/document.asp?avEntry=24178&avYear=2025",
        "Document_Type": "AF DC",
        "OBJECTID_12": 1219,
        "Shape_Length_12_13_14": 3356.4318228724305,
        "Shape_Area_12_13_14": 673367.8348552221,
        "DocType": "AFDC",
        "Shape_Length": 0.010916125263899696,
        "Shape_Area": 6.6275342238401015e-06
      }
    },
    {
      "type": "Feature",
      "id": 34,
      "geometry": {
        "type": "Polygon",
        "coordinates": [
          [
            [
              -112.09986162399997,
              40.30001293200007
            ],
            [
              -112.10024467299996,
              40.30185235700003
            ],
            [
              -112.10123543799995,
              40.30184479400003
            ],
            [
              -112.10123792999997,
              40.300002429000074
            ],
            [
              -112.09986162399997,
              40.30001293200007
            ]
          ]
        ]
      },
      "properties": {
        "OBJECTID": 34,
        "Join_Count": 1,
        "TARGET_FID": 1441,
        "PARCEL_NO": 590490038,
        "PARCELID": "590490038",
        "PARCELID_LABEL": "59:049:0038",
        "OWNER_NAME": "COOK, MARY N & RICHARD W (ET AL)",
        "CARE_NAME": null,
        "ACREAGE": 5.089,
        "SITE_FULL_ADDRESS": null,
        "OWN_FULL_ADDRESS": "2535 E 1700 S  SALT LAKE CITY, UT 84108",
        "PROP_TYPE": 900,
        "PROP_TYPE_DESCR": "VACANT",
        "SPECIFIC_PROP_TYPE": 901,
        "SPC_PROP_TYP_DESCR": "Vac Res",
        "ASMT_YEAR": 2026,
        "ASMT_CODE": "V",
        "ASMT_CODE_DESCR": "VACANT",
        "MKT_LAND_VALUE": 93700,
        "MKT_CUR_VALUE": 93700,
        "MKT_PRV_VAL": 93700,
        "MKT_VAL_YR_CHG": 0,
        "MKT_PCT_CHG": 0,
        "GLOBALID": "{13641FE2-9913-4008-9934-0037E8495996}",
        "Code": null,
        "Description": "Commerical Residential Zone (1/2 Acre)",
        "City": null,
        "Description_detailed": null,
        "Acres": null,
        "Unit_Rate": 0.5,
        "CityName": "Cedar Fort",
        "AdoptedDate": 1599264000000,
        "Slope_Score": 10,
        "GP_Score": 5,
        "Utilities_Score": 10,
        "Wetlands_Score": 10,
        "Soil_Score": 10,
        "Ownership_Score": 10,
        "Ownership_Type": "Private",
        "Utility_Proximity_Status": "Within 1/8 Mile",
        "Final_Score": 8.75,
        "ELEV_CHANGE": 52.47862175292994,
        "SLOPE": 1.9236212292905854,
        "Join_Count_12": 1,
        "TARGET_FID_12": 50672,
        "Shape_Length_12": null,
        "Shape_Area_12": null,
        "OBJECTID_1_12": null,
        "Join_Count_12_13": null,
        "TARGET_FID_12_13": null,
        "Id": 2073,
        "gridcode": 1,
        "ClassName": "Not Hydric",
        "Shape_Length_12_13": null,
        "Shape_Area_12_13": null,
        "OWN_STREET_ADDRESS": "2535 E 1700 S",
        "Entry": 24178,
        "Year": 2025,
        "Record_Date": 1743724800000,
        "Grantor": "COOK, RICHARD ERNEST AKA COOK, RICHARD E DEC RICHARD E COOK TRUST 03-27-1978 AS AMD AND RESTATED 02-11-1992 AKA RICHARD E COOK REVOCABLE TRUST 03-27-1978 AS AMD",
        "Grantee": "COOK, MARY N SUCTEE COOK, RICHARD W SUCTEE RICHARD E COOK TRUST 03-27-1978 AS AMD AND RESTATED 02-11-1992 AKA RICHARD E COOK REVOCABLE TRUST 03-27-1978 AS AMD",
        "Tax_Address": "2535 E 1700 S SALT LAKE CITY, UT 84108",
        "Serial_Number": "59:049:0037",
        "Serial_Number_Available": "Yes",
        "Detail_URL": "https://www.utahcounty.gov/LandRecords/document.asp?avEntry=24178&avYear=2025",
        "Document_Type": "AF DC",
        "OBJECTID_12": 1219,
        "Shape_Length_12_13_14": 3356.4318228724305,
        "Shape_Area_12_13_14": 673367.8348552221,
        "DocType": "AFDC",
        "Shape_Length": 0.006088392164626491,
        "Shape_Area": 2.1804833698951006e-06
      }
    },
    {
      "type": "Feature",
      "id": 35,
      "geometry": {
        "type": "Polygon",
        "coordinates": [
          [
            [
              -112.10048363699997,
              40.30540053900006
            ],
            [
              -112.10048365099999,
              40.305400537000025
            ],
            [
              -112.09972640599995,
              40.301847620000046
            ],
            [
              -112.09645113999994,
              40.30185368900004
            ],
            [
              -112.09644034699994,
              40.30540054000005
            ],
            [
              -112.10048363699997,
              40.30540053900006
            ]
          ]
        ]
      },
      "properties": {
        "OBJECTID": 35,
        "Join_Count": 1,
        "TARGET_FID": 1443,
        "PARCEL_NO": 590490048,
        "PARCELID": "590490048",
        "PARCELID_LABEL": "59:049:0048",
        "OWNER_NAME": "ARGONAUT INVESTMENT COMPANY",
        "CARE_NAME": null,
        "ACREAGE": 30.300258999999997,
        "SITE_FULL_ADDRESS": "CEDAR FORT, UT",
        "OWN_FULL_ADDRESS": "3131 BANNOCK DR  PROVO, UT 84604-4259",
        "PROP_TYPE": 900,
        "PROP_TYPE_DESCR": "VACANT",
        "SPECIFIC_PROP_TYPE": 901,
        "SPC_PROP_TYP_DESCR": "Vac Res",
        "ASMT_YEAR": 2026,
        "ASMT_CODE": "V",
        "ASMT_CODE_DESCR": "VACANT",
        "MKT_LAND_VALUE": 446200,
        "MKT_CUR_VALUE": 446200,
        "MKT_PRV_VAL": 446200,
        "MKT_VAL_YR_CHG": 0,
        "MKT_PCT_CHG": 0,
        "GLOBALID": "{0DFF5A5D-ECB2-4D29-BC09-9B835DE4267E}",
        "Code": null,
        "Description": "Commerical Residential Zone (1/2 Acre)",
        "City": null,
        "Description_detailed": null,
        "Acres": null,
        "Unit_Rate": 0.5,
        "CityName": "Cedar Fort",
        "AdoptedDate": 1599264000000,
        "Slope_Score": 10,
        "GP_Score": 5,
        "Utilities_Score": 5,
        "Wetlands_Score": 10,
        "Soil_Score": 10,
        "Ownership_Score": 5,
        "Ownership_Type": "Business",
        "Utility_Proximity_Status": "Unknown - No Data",
        "Final_Score": 6.75,
        "ELEV_CHANGE": 158.36260644042977,
        "SLOPE": 3.063793992524928,
        "Join_Count_12": 1,
        "TARGET_FID_12": 50740,
        "Shape_Length_12": null,
        "Shape_Area_12": null,
        "OBJECTID_1_12": null,
        "Join_Count_12_13": null,
        "TARGET_FID_12_13": null,
        "Id": 2073,
        "gridcode": 1,
        "ClassName": "Not Hydric",
        "Shape_Length_12_13": null,
        "Shape_Area_12_13": null,
        "OWN_STREET_ADDRESS": "2535 E 1700 S",
        "Entry": 24178,
        "Year": 2025,
        "Record_Date": 1743724800000,
        "Grantor": "COOK, RICHARD ERNEST AKA COOK, RICHARD E DEC RICHARD E COOK TRUST 03-27-1978 AS AMD AND RESTATED 02-11-1992 AKA RICHARD E COOK REVOCABLE TRUST 03-27-1978 AS AMD",
        "Grantee": "COOK, MARY N SUCTEE COOK, RICHARD W SUCTEE RICHARD E COOK TRUST 03-27-1978 AS AMD AND RESTATED 02-11-1992 AKA RICHARD E COOK REVOCABLE TRUST 03-27-1978 AS AMD",
        "Tax_Address": "2535 E 1700 S SALT LAKE CITY, UT 84108",
        "Serial_Number": "59:049:0037",
        "Serial_Number_Available": "Yes",
        "Detail_URL": "https://www.utahcounty.gov/LandRecords/document.asp?avEntry=24178&avYear=2025",
        "Document_Type": "AF DC",
        "OBJECTID_12": 1219,
        "Shape_Length_12_13_14": 3356.4318228724305,
        "Shape_Area_12_13_14": 673367.8348552221,
        "DocType": "AFDC",
        "Shape_Length": 0.014498161066907461,
        "Shape_Area": 1.2991174430507578e-05
      }
    },
    {
      "type": "Feature",
      "id": 36,
      "geometry": {
        "type": "Polygon",
        "coordinates": [
          [
            [
              -112.09166679599997,
              40.301862465000056
            ],
            [
              -112.09166682099999,
              40.30186248700005
            ],
            [
              -112.09168421499999,
              40.29819254600005
            ],
            [
              -112.08693199299995,
              40.298208370000054
            ],
            [
              -112.08692218499999,
              40.30187445800004
            ],
            [
              -112.09166679599997,
              40.301862465000056
            ]
          ]
        ]
      },
      "properties": {
        "OBJECTID": 36,
        "Join_Count": 1,
        "TARGET_FID": 1454,
        "PARCEL_NO": 590490008,
        "PARCELID": "590490008",
        "PARCELID_LABEL": "59:049:0008",
        "OWNER_NAME": "OQUIRRH WOOD RANCH LLC",
        "CARE_NAME": null,
        "ACREAGE": 40.65014,
        "SITE_FULL_ADDRESS": "EAGLE MOUNTAIN, UT",
        "OWN_FULL_ADDRESS": "14034 S 145 E # 202  DRAPER, UT 84020",
        "PROP_TYPE": 903,
        "PROP_TYPE_DESCR": "VACANT COMMERCIAL",
        "SPECIFIC_PROP_TYPE": 905,
        "SPC_PROP_TYP_DESCR": "Vac Com Lot",
        "ASMT_YEAR": 2026,
        "ASMT_CODE": "V",
        "ASMT_CODE_DESCR": "VACANT",
        "MKT_LAND_VALUE": 2907800,
        "MKT_CUR_VALUE": 2907800,
        "MKT_PRV_VAL": 2907800,
        "MKT_VAL_YR_CHG": 0,
        "MKT_PCT_CHG": 0,
        "GLOBALID": "{34F41C51-DC52-4733-82BC-472DBC37DA4B}",
        "Code": null,
        "Description": "Medium Density Residential",
        "City": "Eagle Mountain",
        "Description_detailed": "Any Residential",
        "Acres": null,
        "Unit_Rate": null,
        "CityName": null,
        "AdoptedDate": null,
        "Slope_Score": 10,
        "GP_Score": 8,
        "Utilities_Score": 10,
        "Wetlands_Score": 10,
        "Soil_Score": 10,
        "Ownership_Score": 5,
        "Ownership_Type": "Business",
        "Utility_Proximity_Status": "Within 1/8 Mile",
        "Final_Score": 8.75,
        "ELEV_CHANGE": 158.36260644042977,
        "SLOPE": 3.063793992524928,
        "Join_Count_12": 1,
        "TARGET_FID_12": 51369,
        "Shape_Length_12": null,
        "Shape_Area_12": null,
        "OBJECTID_1_12": null,
        "Join_Count_12_13": null,
        "TARGET_FID_12_13": null,
        "Id": 2073,
        "gridcode": 1,
        "ClassName": "Not Hydric",
        "Shape_Length_12_13": null,
        "Shape_Area_12_13": null,
        "OWN_STREET_ADDRESS": "2535 E 1700 S",
        "Entry": 24178,
        "Year": 2025,
        "Record_Date": 1743724800000,
        "Grantor": "COOK, RICHARD ERNEST AKA COOK, RICHARD E DEC RICHARD E COOK TRUST 03-27-1978 AS AMD AND RESTATED 02-11-1992 AKA RICHARD E COOK REVOCABLE TRUST 03-27-1978 AS AMD",
        "Grantee": "COOK, MARY N SUCTEE COOK, RICHARD W SUCTEE RICHARD E COOK TRUST 03-27-1978 AS AMD AND RESTATED 02-11-1992 AKA RICHARD E COOK REVOCABLE TRUST 03-27-1978 AS AMD",
        "Tax_Address": "2535 E 1700 S SALT LAKE CITY, UT 84108",
        "Serial_Number": "59:049:0037",
        "Serial_Number_Available": "Yes",
        "Detail_URL": "https://www.utahcounty.gov/LandRecords/document.asp?avEntry=24178&avYear=2025",
        "Document_Type": "AF DC",
        "OBJECTID_12": 1219,
        "Shape_Length_12_13_14": 3336.78521222738,
        "Shape_Area_12_13_14": 446575.7275622145,
        "DocType": "AFDC",
        "Shape_Length": 0.01683299114418859,
        "Shape_Area": 1.741706506373359e-05
      }
    },
    {
      "type": "Feature",
      "id": 37,
      "geometry": {
        "type": "Polygon",
        "coordinates": [
          [
            [
              -112.10223934499999,
              40.32176586600008
            ],
            [
              -112.10222195799997,
              40.32176050600003
            ],
            [
              -112.09676609899998,
              40.32178849500008
            ],
            [
              -112.09675125499996,
              40.322412332000056
            ],
            [
              -112.09999091099996,
              40.32383548800004
            ],
            [
              -112.10221196599997,
              40.32384093400003
            ],
            [
              -112.10223934499999,
              40.32176586600008
            ]
          ]
        ]
      },
      "properties": {
        "OBJECTID": 37,
        "Join_Count": 1,
        "TARGET_FID": 1461,
        "PARCEL_NO": 590370001,
        "PARCELID": "590370001",
        "PARCELID_LABEL": "59:037:0001",
        "OWNER_NAME": "PETERSON, MARGERY J",
        "CARE_NAME": "%PETERSON, JONATHAN",
        "ACREAGE": 20.77,
        "SITE_FULL_ADDRESS": "CEDAR FORT, UT",
        "OWN_FULL_ADDRESS": "%PETERSON, JONATHAN  552 W 11200 S  WOODLAND HILLS, UT 84653",
        "PROP_TYPE": 900,
        "PROP_TYPE_DESCR": "VACANT",
        "SPECIFIC_PROP_TYPE": 901,
        "SPC_PROP_TYP_DESCR": "Vac Res",
        "ASMT_YEAR": 2026,
        "ASMT_CODE": "V",
        "ASMT_CODE_DESCR": "VACANT",
        "MKT_LAND_VALUE": 687000,
        "MKT_CUR_VALUE": 687000,
        "MKT_PRV_VAL": 687000,
        "MKT_VAL_YR_CHG": 0,
        "MKT_PCT_CHG": 0,
        "GLOBALID": "{D612E179-D84A-4943-8C59-B2A454078A79}",
        "Code": null,
        "Description": "Commerical Residential Zone (1/2 Acre)",
        "City": null,
        "Description_detailed": null,
        "Acres": null,
        "Unit_Rate": 0.5,
        "CityName": "Cedar Fort",
        "AdoptedDate": 1599264000000,
        "Slope_Score": 10,
        "GP_Score": 5,
        "Utilities_Score": 5,
        "Wetlands_Score": 10,
        "Soil_Score": 10,
        "Ownership_Score": 10,
        "Ownership_Type": "Private",
        "Utility_Proximity_Status": "Unknown - No Data",
        "Final_Score": 7.5,
        "ELEV_CHANGE": 114.88226509765627,
        "SLOPE": 3.2405963608961543,
        "Join_Count_12": 1,
        "TARGET_FID_12": 51682,
        "Shape_Length_12": null,
        "Shape_Area_12": null,
        "OBJECTID_1_12": null,
        "Join_Count_12_13": null,
        "TARGET_FID_12_13": null,
        "Id": 2073,
        "gridcode": 1,
        "ClassName": "Not Hydric",
        "Shape_Length_12_13": null,
        "Shape_Area_12_13": null,
        "OWN_STREET_ADDRESS": "552 W 11200 S",
        "Entry": 42822,
        "Year": 2025,
        "Record_Date": 1749513600000,
        "Grantor": "PETERSON, PAUL",
        "Grantee": "WHOM OF INTEREST",
        "Tax_Address": "405 S MAIN ST STE 800 SALT LAKE CITY, UT 84111",
        "Serial_Number": "59:037:0001",
        "Serial_Number_Available": "Yes",
        "Detail_URL": "https://www.utahcounty.gov/LandRecords/document.asp?avEntry=42822&avYear=2025",
        "Document_Type": "AF DC",
        "OBJECTID_12": 1565,
        "Shape_Length_12_13_14": 4170.486730628321,
        "Shape_Area_12_13_14": 911965.8951843112,
        "DocType": "AFDC",
        "Shape_Length": 0.013932915429935189,
        "Shape_Area": 8.978766219732278e-06
      }
    },
    {
      "type": "Feature",
      "id": 38,
      "geometry": {
        "type": "Polygon",
        "coordinates": [
          [
            [
              -111.70867661199998,
              40.23491710400003
            ],
            [
              -111.70867493199995,
              40.23393192000003
            ],
            [
              -111.70827051699996,
              40.23393232800004
            ],
            [
              -111.70825715097264,
              40.23393338384308
            ],
            [
              -111.70824416194738,
              40.23393670810444
            ],
            [
              -111.70823193199999,
              40.233942203000026
            ],
            [
              -111.70823067999999,
              40.23400948700004
            ],
            [
              -111.70821399699997,
              40.234911993000026
            ],
            [
              -111.70867661199998,
              40.23491710400003
            ]
          ]
        ]
      },
      "properties": {
        "OBJECTID": 38,
        "Join_Count": 1,
        "TARGET_FID": 1587,
        "PARCEL_NO": 210220188,
        "PARCELID": "210220188",
        "PARCELID_LABEL": "21:022:0188",
        "OWNER_NAME": "DENTON, DARLING JOY (ET AL)",
        "CARE_NAME": null,
        "ACREAGE": 1.038163,
        "SITE_FULL_ADDRESS": "2858 W CENTER, PROVO, UT",
        "OWN_FULL_ADDRESS": "2858 W CENTER ST  PROVO, UT 84601-3671",
        "PROP_TYPE": 9999,
        "PROP_TYPE_DESCR": "DEFAULT",
        "SPECIFIC_PROP_TYPE": 9999,
        "SPC_PROP_TYP_DESCR": "DEFAULT",
        "ASMT_YEAR": 2026,
        "ASMT_CODE": "UNK",
        "ASMT_CODE_DESCR": "UNK",
        "MKT_LAND_VALUE": 0,
        "MKT_CUR_VALUE": 0,
        "MKT_PRV_VAL": 0,
        "MKT_VAL_YR_CHG": 0,
        "MKT_PCT_CHG": 0,
        "GLOBALID": "{AF444801-6F91-4D41-9FA8-72B14584C3E3}",
        "Code": "R",
        "Description": "Residential",
        "City": "Provo",
        "Description_detailed": null,
        "Acres": null,
        "Unit_Rate": null,
        "CityName": null,
        "AdoptedDate": null,
        "Slope_Score": 10,
        "GP_Score": 5,
        "Utilities_Score": 5,
        "Wetlands_Score": 10,
        "Soil_Score": 7,
        "Ownership_Score": 10,
        "Ownership_Type": "Private",
        "Utility_Proximity_Status": "Unknown - No Data",
        "Final_Score": 7.2,
        "ELEV_CHANGE": 1.0164516503900813,
        "SLOPE": 0.15340659505173768,
        "Join_Count_12": 1,
        "TARGET_FID_12": 59826,
        "Shape_Length_12": null,
        "Shape_Area_12": null,
        "OBJECTID_1_12": null,
        "Join_Count_12_13": null,
        "TARGET_FID_12_13": null,
        "Id": 969,
        "gridcode": 2,
        "ClassName": "Partially Hydric (1 - 25%)",
        "Shape_Length_12_13": null,
        "Shape_Area_12_13": null,
        "OWN_STREET_ADDRESS": "2858 W CENTER ST",
        "Entry": 42698,
        "Year": 2025,
        "Record_Date": 1749427200000,
        "Grantor": "ELLIOTT, MARTHA JANICE AKA ELLIOTT, MARTHA J DEC MARTHA J ELLIOTT REVOCABLE TRUST 10-30-2014 THE",
        "Grantee": "DIAMOND, JENNIFER SUCTEE MARTHA J ELLIOTT REVOCABLE TRUST 10-30-2014 THE",
        "Tax_Address": "2858 W CENTER ST PROVO, UT 84601-3671",
        "Serial_Number": "21:022:0188",
        "Serial_Number_Available": "Yes",
        "Detail_URL": "https://www.utahcounty.gov/LandRecords/document.asp?avEntry=42698&avYear=2025",
        "Document_Type": "AF DC",
        "OBJECTID_12": 1528,
        "Shape_Length_12_13_14": 965.8061410016018,
        "Shape_Area_12_13_14": 45220.41816270474,
        "DocType": "AFDC",
        "Shape_Length": 0.0028624721579454575,
        "Shape_Area": 4.4465378273231314e-07
      }
    },
    {
      "type": "Feature",
      "id": 39,
      "geometry": {
        "type": "Polygon",
        "coordinates": [
          [
            [
              -111.64647244199995,
              40.23087797200003
            ],
            [
              -111.64647587599995,
              40.230380155000034
            ],
            [
              -111.64571455599997,
              40.23039023800004
            ],
            [
              -111.64571563199996,
              40.230201341000054
            ],
            [
              -111.64539476799996,
              40.23020083000006
            ],
            [
              -111.64521254799996,
              40.230266984000025
            ],
            [
              -111.64520661499995,
              40.23085015700008
            ],
            [
              -111.64519469199996,
              40.230850013000065
            ],
            [
              -111.64518559899994,
              40.230849903000035
            ],
            [
              -111.64518516599998,
              40.23087084000008
            ],
            [
              -111.64647244199995,
              40.23087797200003
            ]
          ]
        ]
      },
      "properties": {
        "OBJECTID": 39,
        "Join_Count": 1,
        "TARGET_FID": 1623,
        "PARCEL_NO": 472920003,
        "PARCELID": "472920003",
        "PARCELID_LABEL": "47:292:0003",
        "OWNER_NAME": "SEVENTH DAY ADVENTIST NEVADA UTAH ASSOCIATION (ET AL)",
        "CARE_NAME": "%TREASURER DEPARTMENT",
        "ACREAGE": 1.64866,
        "SITE_FULL_ADDRESS": null,
        "OWN_FULL_ADDRESS": "%TREASURER DEPARTMENT  10475 DOUBLE R BLVD  RENO, NV 89521",
        "PROP_TYPE": 9999,
        "PROP_TYPE_DESCR": "DEFAULT",
        "SPECIFIC_PROP_TYPE": 9999,
        "SPC_PROP_TYP_DESCR": "DEFAULT",
        "ASMT_YEAR": 2026,
        "ASMT_CODE": "UNK",
        "ASMT_CODE_DESCR": "UNK",
        "MKT_LAND_VALUE": 0,
        "MKT_CUR_VALUE": 0,
        "MKT_PRV_VAL": 0,
        "MKT_VAL_YR_CHG": 0,
        "MKT_PCT_CHG": 0,
        "GLOBALID": "{8D04F004-D333-4BB1-9B98-22AC343E2A29}",
        "Code": "R",
        "Description": "Residential",
        "City": "Provo",
        "Description_detailed": null,
        "Acres": null,
        "Unit_Rate": null,
        "CityName": null,
        "AdoptedDate": null,
        "Slope_Score": 10,
        "GP_Score": 5,
        "Utilities_Score": 5,
        "Wetlands_Score": 10,
        "Soil_Score": 10,
        "Ownership_Score": 10,
        "Ownership_Type": "Private",
        "Utility_Proximity_Status": "Unknown - No Data",
        "Final_Score": 7.5,
        "ELEV_CHANGE": 1.7361378662117204,
        "SLOPE": 0.5252106486490034,
        "Join_Count_12": 1,
        "TARGET_FID_12": 61211,
        "Shape_Length_12": null,
        "Shape_Area_12": null,
        "OBJECTID_1_12": null,
        "Join_Count_12_13": null,
        "TARGET_FID_12_13": null,
        "Id": 2073,
        "gridcode": 1,
        "ClassName": "Not Hydric",
        "Shape_Length_12_13": null,
        "Shape_Area_12_13": null,
        "OWN_STREET_ADDRESS": "820 E 200 S",
        "Entry": 88859,
        "Year": 2024,
        "Record_Date": 1734393600000,
        "Grantor": "MILLER, FRANCES SMITH DEC FRANCES SMITH MILLER TRUST 07-18-2017",
        "Grantee": "HICKERSON, DEBRA ANN SUCTEE FRANCES SMITH MILLER TRUST 07-18-2017",
        "Tax_Address": "820 E 200 S PROVO, UT 84606-4953",
        "Serial_Number": "22:030:0134",
        "Serial_Number_Available": "Yes",
        "Detail_URL": "https://www.utahcounty.gov/LandRecords/document.asp?avEntry=88859&avYear=2024",
        "Document_Type": "AF DC",
        "OBJECTID_12": 756,
        "Shape_Length_12_13_14": 729.0087852763648,
        "Shape_Area_12_13_14": 29990.55841640754,
        "DocType": "AFDC",
        "Shape_Length": 0.0038752948853784407,
        "Shape_Area": 7.061281296545372e-07
      }
    },
    {
      "type": "Feature",
      "id": 40,
      "geometry": {
        "type": "Polygon",
        "coordinates": [
          [
            [
              -111.63525951899999,
              40.06409653900005
            ],
            [
              -111.63520332499996,
              40.057907690000036
            ],
            [
              -111.63469793199994,
              40.05798378700007
            ],
            [
              -111.63417396799997,
              40.05838063400006
            ],
            [
              -111.63376782199998,
              40.05842775200006
            ],
            [
              -111.63376467499995,
              40.056811018000076
            ],
            [
              -111.63053562399995,
              40.056770484000026
            ],
            [
              -111.63055135599996,
              40.06228666900006
            ],
            [
              -111.63007268199999,
              40.062287371000025
            ],
            [
              -111.62988428099999,
              40.06377298700005
            ],
            [
              -111.63026805599998,
              40.06416076700003
            ],
            [
              -111.63027683099995,
              40.06414919500003
            ],
            [
              -111.63080917999997,
              40.06438437000003
            ],
            [
              -111.63069369999994,
              40.064550489000055
            ],
            [
              -111.63047754799999,
              40.06472303900006
            ],
            [
              -111.63079447499996,
              40.064964779000036
            ],
            [
              -111.63095416599998,
              40.06508660800006
            ],
            [
              -111.631038544504,
              40.06501842620272
            ],
            [
              -111.63111981711594,
              40.064946570430685
            ],
            [
              -111.63119782399997,
              40.06487118200005
            ],
            [
              -111.6311938957716,
              40.06487560515366
            ],
            [
              -111.63119077410148,
              40.06488063013541
            ],
            [
              -111.63118854932812,
              40.064886111526604
            ],
            [
              -111.63118728583454,
              40.06489189070042
            ],
            [
              -111.63118702018521,
              40.06489780041246
            ],
            [
              -111.63118776006776,
              40.06490366964067
            ],
            [
              -111.63118948407065,
              40.064909328534554
            ],
            [
              -111.63119214230268,
              40.06491461333053
            ],
            [
              -111.63119565783687,
              40.064919371091065
            ],
            [
              -111.63119992893664,
              40.06492346413061
            ],
            [
              -111.63120483199998,
              40.06492677400007
            ],
            [
              -111.63127354799997,
              40.064977906000024
            ],
            [
              -111.63135140999998,
              40.064947446000076
            ],
            [
              -111.63166663699997,
              40.06482411700006
            ],
            [
              -111.63209198199996,
              40.06468630000006
            ],
            [
              -111.63249098199998,
              40.06458173000004
            ],
            [
              -111.63283344099995,
              40.06450979400006
            ],
            [
              -111.63317944799996,
              40.06445301600007
            ],
            [
              -111.63352906899996,
              40.06441130400003
            ],
            [
              -111.63388119399997,
              40.064384791000066
            ],
            [
              -111.63424292099995,
              40.06437348000003
            ],
            [
              -111.63462613799999,
              40.06436999400006
            ],
            [
              -111.63462422199996,
              40.06415886100007
            ],
            [
              -111.6346222191115,
              40.064150779307376
            ],
            [
              -111.63461887439071,
              40.0641431544689
            ],
            [
              -111.63461428477636,
              40.0641362074725
            ],
            [
              -111.63460858328753,
              40.064130139660364
            ],
            [
              -111.63460193516836,
              40.06412512689363
            ],
            [
              -111.63459453309879,
              40.064121314455434
            ],
            [
              -111.63458659161023,
              40.064118812840256
            ],
            [
              -111.63457834086789,
              40.06411769455148
            ],
            [
              -111.63457001999996,
              40.064117992000035
            ],
            [
              -111.63456949199997,
              40.06408368700005
            ],
            [
              -111.63484856699995,
              40.06408219200006
            ],
            [
              -111.63484871799994,
              40.064098741000066
            ],
            [
              -111.63525951899999,
              40.06409653900005
            ]
          ]
        ]
      },
      "properties": {
        "OBJECTID": 40,
        "Join_Count": 1,
        "TARGET_FID": 1781,
        "PARCEL_NO": 290490051,
        "PARCELID": "290490051",
        "PARCELID_LABEL": "29:049:0051",
        "OWNER_NAME": "D R HORTON INC",
        "CARE_NAME": "%THORNLEY, JONATHAN S",
        "ACREAGE": 82.786366,
        "SITE_FULL_ADDRESS": null,
        "OWN_FULL_ADDRESS": "%THORNLEY, JONATHAN S  12351 S GATEWAY PARK PL STE D-100  DRAPER, UT 84020",
        "PROP_TYPE": 900,
        "PROP_TYPE_DESCR": "VACANT",
        "SPECIFIC_PROP_TYPE": 901,
        "SPC_PROP_TYP_DESCR": "Vac Res",
        "ASMT_YEAR": 2026,
        "ASMT_CODE": "V",
        "ASMT_CODE_DESCR": "VACANT",
        "MKT_LAND_VALUE": 6389000,
        "MKT_CUR_VALUE": 6389000,
        "MKT_PRV_VAL": 6389000,
        "MKT_VAL_YR_CHG": 0,
        "MKT_PCT_CHG": 0,
        "GLOBALID": "{776D0124-D02F-4735-BD75-3271A3F98C0B}",
        "Code": null,
        "Description": "Mixed Density",
        "City": "Salem",
        "Description_detailed": null,
        "Acres": 1051.55,
        "Unit_Rate": null,
        "CityName": null,
        "AdoptedDate": null,
        "Slope_Score": 7,
        "GP_Score": 7,
        "Utilities_Score": 0,
        "Wetlands_Score": 10,
        "Soil_Score": 10,
        "Ownership_Score": 5,
        "Ownership_Type": "Business",
        "Utility_Proximity_Status": "Not Within 1/8 Mile",
        "Final_Score": 5.7,
        "ELEV_CHANGE": 92.9124115966797,
        "SLOPE": 7.129465365670374,
        "Join_Count_12": 1,
        "TARGET_FID_12": 66872,
        "Shape_Length_12": null,
        "Shape_Area_12": null,
        "OBJECTID_1_12": null,
        "Join_Count_12_13": null,
        "TARGET_FID_12_13": null,
        "Id": 2073,
        "gridcode": 1,
        "ClassName": "Not Hydric",
        "Shape_Length_12_13": null,
        "Shape_Area_12_13": null,
        "OWN_STREET_ADDRESS": "1821 ALVEY DR STE A STE 100",
        "Entry": 33880,
        "Year": 2025,
        "Record_Date": 1746662400000,
        "Grantor": "TWITCHELL, MARGIE KOYLE AKA TWITCHELL, MARGIE K DEC MARGIE K TWITCHELL FAMILY LIVING TRUST 03-26-2001 THE",
        "Grantee": "TWITCHELL, CLARON J TEE MARGIE K TWITCHELL FAMILY LIVING TRUST 03-26-2001 THE",
        "Tax_Address": "4908 WAIMEA WAY HOLLADAY, UT 84117",
        "Serial_Number": "29:049:0022",
        "Serial_Number_Available": "Yes",
        "Detail_URL": "https://www.utahcounty.gov/LandRecords/document.asp?avEntry=33880&avYear=2025",
        "Document_Type": "AF DC",
        "OBJECTID_12": 1379,
        "Shape_Length_12_13_14": 5394.847187922554,
        "Shape_Area_12_13_14": 1699828.7448540768,
        "DocType": "AFDC",
        "Shape_Length": 0.02726105271104331,
        "Shape_Area": 3.537150292528901e-05
      }
    }
  ]
}