{
  "type": "FeatureCollection",
  "features": [
    {
      "type": "Feature",
      "id": 1,
      "geometry": {
        "type": "Polygon",
        "coordinates": [
          [
            [
              -111.84773920899994,
              40.43387850400006
            ],
            [
              -111.84773922699998,
              40.43387850500005
            ],
            [
              -111.84840361599998,
              40.43387652900003
            ],
            [
              -111.84840023099997,
              40.43321243300005
            ],
            [
              -111.84773559499996,
              40.433168195000064
            ],
            [
              -111.84773920899994,
              40.43387850400006
            ]
          ]
        ]
      },
      "properties": {
        "OBJECTID": 1,
        "Join_Count": 1,
        "TARGET_FID": 16,
        "PARCEL_NO": 110290057,
        "PARCELID": "110290057",
        "PARCELID_LABEL": "11:029:0057",
        "OWNER_NAME": "TEXAS INSTRUMENTS INCORPORATED",
        "CARE_NAME": null,
        "ACREAGE": 1.064223,
        "SITE_FULL_ADDRESS": "LEHI, UT",
        "OWN_FULL_ADDRESS": "PO BOX 660199 M/S A3000  DALLAS, TX 75266",
        "PROP_TYPE": 903,
        "PROP_TYPE_DESCR": "VACANT COMMERCIAL",
        "SPECIFIC_PROP_TYPE": 905,
        "SPC_PROP_TYP_DESCR": "Vac Com Lot",
        "ASMT_YEAR": 2026,
        "ASMT_CODE": "V",
        "ASMT_CODE_DESCR": "VACANT",
        "MKT_LAND_VALUE": 258000,
        "MKT_CUR_VALUE": 258000,
        "MKT_PRV_VAL": 258000,
        "MKT_VAL_YR_CHG": 0,
        "MKT_PCT_CHG": 0,
        "GLOBALID": "{59DDD581-BDC7-43B7-B3CA-5B952E00A653}",
        "Code": null,
        "Description": "Commercial / Residential",
        "City": "Lehi",
        "Description_detailed": null,
        "Acres": 117.741106,
        "Unit_Rate": null,
        "CityName": null,
        "AdoptedDate": null,
        "Slope_Score": 10,
        "GP_Score": 6,
        "Utilities_Score": 5,
        "Wetlands_Score": 10,
        "Soil_Score": 10,
        "Ownership_Score": 5,
        "Ownership_Type": "Business",
        "Utility_Proximity_Status": "Unknown - No Data",
        "Final_Score": 7,
        "ELEV_CHANGE": 4.867193422851415,
        "SLOPE": 0.25122554031654737,
        "Join_Count_12": 1,
        "TARGET_FID_12": 2148,
        "Shape_Length_12": null,
        "Shape_Area_12": null,
        "OBJECTID_1_12": null,
        "Join_Count_12_13": null,
        "TARGET_FID_12_13": null,
        "Id": 2073,
        "gridcode": 1,
        "ClassName": "Not Hydric",
        "Shape_Length_12_13": null,
        "Shape_Area_12_13": null,
        "SITE_HOUSE_NUM": null,
        "SITE_PRE_DIR": null,
        "SITE_STREET_NAME": null,
        "SITE_STREET_TYPE": null,
        "SITE_POST_DIR": null,
        "SITE_STREET_UNIT": null,
        "SITE_CITY": null,
        "SITE_STATE": null,
        "SITE_ZIP5": null,
        "OWN_STREET_ADDRESS": "201 S MAIN ST STE 2000",
        "OWN_CITY": "SALT LAKE CITY",
        "OWN_STATE": "UT",
        "OWN_ZIP5": "84111",
        "VESTING_DOC": "206300-2021",
        "PARCEL_CREATE_DATE": 1751500800000,
        "MAP_FILING_NO": null,
        "SUB_NAME": null,
        "LEGAL_DESCR": "COM N 1098.235 FT & E 1790.935 FT FR SE COR. SEC. 29, T4S, R1E, SLB&M.; N 89 DEG 58' 53\" W 657.46 FT; ALONG A CURVE TO R (CHORD BEARS: S 28 DEG 14' 34\" W 60.53 FT, RADIUS = 64 FT); ALONG A CURVE TO L (CHORD BEARS: S 28 DEG 14' 35\" W 11.35 FT, RADIUS = 12 FT); N 89 DEG 59' 3\" W 60 FT; N 0 DEG 0' 59\" E 20.34 FT; ALONG A CURVE TO L (CHORD BEARS: N 44 DEG 59' 2\" W 16.97 FT, RADIUS = 12 FT); N 89 DEG 58' 53\" W 20.67 FT; N .08 FT; S 89 DEG 58' 53\" W 26.22 FT; ALONG A CURVE TO L (CHORD BEARS: S 71 DEG 16' 20\" W 205.04 FT, RADIUS = 319.18 FT); S 52 DEG 31' 33\" W 83.81 FT; ALONG A CURVE TO R (CHORD BEARS: S 71 DEG 29' 40\" W 247.69 FT, RADIUS = 381.13 FT); N 89 DEG 32' 12\" W 408.94 FT; S 0 DEG 27' 51\" W 11 FT; N 89 DEG 32' 4\" W 6.48 FT; S 0 DEG 27' 48\" W 885.64 FT; N 89 DEG 32' 12\" W 88.54 FT; S 0 DEG 27' 48\" W 152.59 FT; S 5 DEG 38' 21\" W 138.56 FT; S 0 DEG 27' 48\" W 411.69 FT; S 87 DEG 58' 14\" E 19.51 FT; S 0 DEG 27' 48\" W 52.87 FT; ALONG A CURVE TO L (CHORD BEARS: S 87 DEG 42' 26\" E 26.44 FT, RADIUS = 9520 FT); N 0 DEG 4' 51\" W 50.05 FT; S 87 DEG 34' 24\" E 24.77 FT; S 0 DEG 4' 51\" E 50.05 FT; ALONG A CURVE TO L (CHORD BEARS: S 87 DEG 19' 37\" E 52.86 FT, RADIUS = 9520 FT); N 0 DEG 27' 48\" E 51.15 FT; S 86 DEG 4' 30\" E 305.26 FT; N 0 DEG 0' 12\" E 242 FT; S 89 DEG 59' 48\" E 185 FT; S 0 DEG 0' 12\" W 85 FT; S 89 DEG 59' 48\" E 1222.31 FT; N 1691.76 FT TO BEG. AREA 65.609 AC.",
        "BOOK_PAGE": 11029,
        "LOT": null,
        "BUILDING": null,
        "UNIT": null,
        "TAX_DISTRICT": "010",
        "TAX_DISTRICT_DESCR": "LEHI CITY",
        "SCHOOL_DISTRICT": "ALPINE",
        "TAXABLE_CODE": 100,
        "ACCOUNT_TYPE": null,
        "NEIGHBORHOOD": "9999",
        "NBHD_DISTRICT": null,
        "LAND_DISTRICT": 9999,
        "ECONOMIC_UNIT": null,
        "GLA_WEIGHTED_YRBLT": null,
        "TOTAL_ABOVE_GRADE_AREA": null,
        "TOTAL_MEZZANINE": null,
        "TOTAL_BASEMENT": null,
        "TOTAL_BSMT_FINISH": null,
        "TOTAL_UNIT_COUNT": null,
        "TOTAL_IMP_COUNT": null,
        "MKT_LAND_RES": 0,
        "MKT_LAND_AGR": 0,
        "MKT_LAND_COM": 0,
        "MKT_IMP_VALUE": 0,
        "MKT_IMP_RES": 0,
        "MKT_IMP_AGR": 0,
        "MKT_IMP_COM": 0,
        "TXBL_CUR_VALUE": 0,
        "TXBL_PRV_VAL": 0,
        "TXBL_VAL_YR_CHG": 0,
        "TXBL_PCT_CHG": 0,
        "TOT_CUR_TAXES": 0,
        "TOT_PRV_TAXES": 0,
        "TAXES_YR_CHG": 0,
        "TAXES_PCT_CHG": 0,
        "GREENBELT": null,
        "EXEMPT_RES": "UNK",
        "COMMON_AREA": null,
        "PUBLIC_ROAD": null,
        "PRIVATE_ROAD": null,
        "PART_CENTRAL_ASSD": null,
        "PART_TAXABLE": null,
        "IMP_NO_RES": null,
        "COST_GROUP_RES": null,
        "STYLE_DESCR_RES": null,
        "QUALITY_RES": null,
        "QUALITY_DESCR_RES": null,
        "CONDITION_RES": null,
        "CONDITION_DESCR_RES": null,
        "YEARBLT_RES": null,
        "GLA_RES": null,
        "BASEMENT_RES": null,
        "BSMT_FINISH_RES": null,
        "ATT_GARAGE_SQFT_RES": null,
        "BATHROOMS_RES": null,
        "GLA_BEDROOMS_RES": null,
        "EXTERIOR_RES": null,
        "ALLOCATION_PCT_RES": null,
        "TRAV_COUNT": null,
        "LASTUPDATE": null,
        "CREATED_DATE": 1751556996000,
        "LAST_EDITED_DATE": 1751556996000,
        "ChangeType": "Added",
        "Previous_Owner": null,
        "Shape_Length_12_13_14": 7583.656806906785,
        "Shape_Area_12_13_14": 2857916.7171748555,
        "Shape_Length": 0.002704939394894408,
        "Shape_Area": 4.5658723640655386e-07
      }
    },
    {
      "type": "Feature",
      "id": 2,
      "geometry": {
        "type": "Polygon",
        "coordinates": [
          [
            [
              -111.87836299999998,
              40.421416075000025
            ],
            [
              -111.87835607399995,
              40.42141079000004
            ],
            [
              -111.87835611999998,
              40.421414275000075
            ],
            [
              -111.87773298299999,
              40.42093514700008
            ],
            [
              -111.877377922,
              40.42066410700005
            ],
            [
              -111.87731608399997,
              40.42071099700007
            ],
            [
              -111.87726957561945,
              40.4207474041413
            ],
            [
              -111.87722769362418,
              40.42078905036398
            ],
            [
              -111.87719102450957,
              40.42083535247435
            ],
            [
              -111.87716008177233,
              40.420885662079826
            ],
            [
              -111.87713529871975,
              40.4209392746688
            ],
            [
              -111.87711702240182,
              40.42099543947623
            ],
            [
              -111.87710550875136,
              40.42105336999707
            ],
            [
              -111.87710091899999,
              40.421112255000025
            ],
            [
              -111.87712336799996,
              40.42261005600005
            ],
            [
              -111.87838051799997,
              40.42259904900004
            ],
            [
              -111.87836299999998,
              40.421416075000025
            ]
          ]
        ]
      },
      "properties": {
        "OBJECTID": 2,
        "Join_Count": 1,
        "TARGET_FID": 23,
        "PARCEL_NO": 110320618,
        "PARCELID": "110320618",
        "PARCELID_LABEL": "11:032:0618",
        "OWNER_NAME": "SILICON SLOPES MOB LLC",
        "CARE_NAME": null,
        "ACREAGE": 4.737303,
        "SITE_FULL_ADDRESS": "LEHI, UT",
        "OWN_FULL_ADDRESS": "533 W STATE RD # 102  PLEASANT GROVE, UT 84062",
        "PROP_TYPE": 903,
        "PROP_TYPE_DESCR": "VACANT COMMERCIAL",
        "SPECIFIC_PROP_TYPE": 905,
        "SPC_PROP_TYP_DESCR": "Vac Com Lot",
        "ASMT_YEAR": 2026,
        "ASMT_CODE": "V",
        "ASMT_CODE_DESCR": "VACANT",
        "MKT_LAND_VALUE": 4119300,
        "MKT_CUR_VALUE": 4119300,
        "MKT_PRV_VAL": 4119300,
        "MKT_VAL_YR_CHG": 0,
        "MKT_PCT_CHG": 0,
        "GLOBALID": "{555993F4-FA1E-43C9-99E3-602800E2F143}",
        "Code": null,
        "Description": "Transit-Oriented Development",
        "City": "Lehi",
        "Description_detailed": null,
        "Acres": 42.752324,
        "Unit_Rate": null,
        "CityName": null,
        "AdoptedDate": null,
        "Slope_Score": 10,
        "GP_Score": 10,
        "Utilities_Score": 5,
        "Wetlands_Score": 10,
        "Soil_Score": 10,
        "Ownership_Score": 5,
        "Ownership_Type": "Business",
        "Utility_Proximity_Status": "Unknown - No Data",
        "Final_Score": 8,
        "ELEV_CHANGE": 35.64188913574253,
        "SLOPE": 1.7006847137652235,
        "Join_Count_12": 1,
        "TARGET_FID_12": 2346,
        "Shape_Length_12": null,
        "Shape_Area_12": null,
        "OBJECTID_1_12": null,
        "Join_Count_12_13": null,
        "TARGET_FID_12_13": null,
        "Id": 2073,
        "gridcode": 1,
        "ClassName": "Not Hydric",
        "Shape_Length_12_13": null,
        "Shape_Area_12_13": null,
        "SITE_HOUSE_NUM": null,
        "SITE_PRE_DIR": null,
        "SITE_STREET_NAME": null,
        "SITE_STREET_TYPE": null,
        "SITE_POST_DIR": null,
        "SITE_STREET_UNIT": null,
        "SITE_CITY": null,
        "SITE_STATE": null,
        "SITE_ZIP5": null,
        "OWN_STREET_ADDRESS": "533 W STATE RD # 102",
        "OWN_CITY": "PLEASANT GROVE",
        "OWN_STATE": "UT",
        "OWN_ZIP5": "84062",
        "VESTING_DOC": "71774-2024",
        "PARCEL_CREATE_DATE": 1753228800000,
        "MAP_FILING_NO": "19820 ",
        "SUB_NAME": "SILICON SLOPES",
        "LEGAL_DESCR": "LOT 102, SILICON SLOPES SUB AREA 2.001 AC.",
        "BOOK_PAGE": 71052,
        "LOT": "102",
        "BUILDING": null,
        "UNIT": null,
        "TAX_DISTRICT": "010",
        "TAX_DISTRICT_DESCR": "LEHI CITY",
        "SCHOOL_DISTRICT": "ALPINE",
        "TAXABLE_CODE": 100,
        "ACCOUNT_TYPE": null,
        "NEIGHBORHOOD": "9999",
        "NBHD_DISTRICT": null,
        "LAND_DISTRICT": 9999,
        "ECONOMIC_UNIT": null,
        "GLA_WEIGHTED_YRBLT": null,
        "TOTAL_ABOVE_GRADE_AREA": null,
        "TOTAL_MEZZANINE": null,
        "TOTAL_BASEMENT": null,
        "TOTAL_BSMT_FINISH": null,
        "TOTAL_UNIT_COUNT": null,
        "TOTAL_IMP_COUNT": null,
        "MKT_LAND_RES": 0,
        "MKT_LAND_AGR": 0,
        "MKT_LAND_COM": 0,
        "MKT_IMP_VALUE": 0,
        "MKT_IMP_RES": 0,
        "MKT_IMP_AGR": 0,
        "MKT_IMP_COM": 0,
        "TXBL_CUR_VALUE": 0,
        "TXBL_PRV_VAL": 0,
        "TXBL_VAL_YR_CHG": 0,
        "TXBL_PCT_CHG": 0,
        "TOT_CUR_TAXES": 0,
        "TOT_PRV_TAXES": 0,
        "TAXES_YR_CHG": 0,
        "TAXES_PCT_CHG": 0,
        "GREENBELT": null,
        "EXEMPT_RES": "UNK",
        "COMMON_AREA": null,
        "PUBLIC_ROAD": null,
        "PRIVATE_ROAD": null,
        "PART_CENTRAL_ASSD": null,
        "PART_TAXABLE": null,
        "IMP_NO_RES": null,
        "COST_GROUP_RES": null,
        "STYLE_DESCR_RES": null,
        "QUALITY_RES": null,
        "QUALITY_DESCR_RES": null,
        "CONDITION_RES": null,
        "CONDITION_DESCR_RES": null,
        "YEARBLT_RES": null,
        "GLA_RES": null,
        "BASEMENT_RES": null,
        "BSMT_FINISH_RES": null,
        "ATT_GARAGE_SQFT_RES": null,
        "BATHROOMS_RES": null,
        "GLA_BEDROOMS_RES": null,
        "EXTERIOR_RES": null,
        "ALLOCATION_PCT_RES": null,
        "TRAV_COUNT": null,
        "LASTUPDATE": null,
        "CREATED_DATE": 1753284577000,
        "LAST_EDITED_DATE": 1753284577000,
        "ChangeType": "Added",
        "Previous_Owner": null,
        "Shape_Length_12_13_14": 1190.1650273950252,
        "Shape_Area_12_13_14": 87178.90751823832,
        "Shape_Length": 0.005733590737227698,
        "Shape_Area": 2.0334817967541254e-06
      }
    },
    {
      "type": "Feature",
      "id": 3,
      "geometry": {
        "type": "Polygon",
        "coordinates": [
          [
            [
              -111.88394193099998,
              40.45293265000004
            ],
            [
              -111.88324914599997,
              40.453847533000044
            ],
            [
              -111.88611769699997,
              40.45434155700008
            ],
            [
              -111.88648176699996,
              40.45336992500006
            ],
            [
              -111.88422777999995,
              40.45295245600005
            ],
            [
              -111.88415685235712,
              40.45294144725512
            ],
            [
              -111.88408541597657,
              40.45293446395246
            ],
            [
              -111.88401369913366,
              40.45293152840725
            ],
            [
              -111.88394193099998,
              40.45293265000004
            ]
          ]
        ]
      },
      "properties": {
        "OBJECTID": 3,
        "Join_Count": 1,
        "TARGET_FID": 27,
        "PARCEL_NO": 110130107,
        "PARCELID": "110130107",
        "PARCELID_LABEL": "11:013:0107",
        "OWNER_NAME": "PERRY MULTI-FAMILY INC",
        "CARE_NAME": null,
        "ACREAGE": 6.604,
        "SITE_FULL_ADDRESS": "LEHI, UT",
        "OWN_FULL_ADDRESS": "17 E 6400 S # 200  SALT LAKE CITY, UT 84107-5610",
        "PROP_TYPE": 900,
        "PROP_TYPE_DESCR": "VACANT",
        "SPECIFIC_PROP_TYPE": 901,
        "SPC_PROP_TYP_DESCR": "Vac Res",
        "ASMT_YEAR": 2026,
        "ASMT_CODE": "V",
        "ASMT_CODE_DESCR": "VACANT",
        "MKT_LAND_VALUE": 674000,
        "MKT_CUR_VALUE": 674000,
        "MKT_PRV_VAL": 674000,
        "MKT_VAL_YR_CHG": 0,
        "MKT_PCT_CHG": 0,
        "GLOBALID": "{16DF8924-CB24-40D5-87F1-F9047B49621B}",
        "Code": "HDR",
        "Description": "High Density Residential",
        "City": "Lehi",
        "Description_detailed": null,
        "Acres": 10.580699,
        "Unit_Rate": null,
        "CityName": null,
        "AdoptedDate": null,
        "Slope_Score": 7,
        "GP_Score": 10,
        "Utilities_Score": 5,
        "Wetlands_Score": 10,
        "Soil_Score": 10,
        "Ownership_Score": 5,
        "Ownership_Type": "Business",
        "Utility_Proximity_Status": "Unknown - No Data",
        "Final_Score": 7.7,
        "ELEV_CHANGE": 43.33055689941466,
        "SLOPE": 7.160275948706528,
        "Join_Count_12": 1,
        "TARGET_FID_12": 2413,
        "Shape_Length_12": null,
        "Shape_Area_12": null,
        "OBJECTID_1_12": null,
        "Join_Count_12_13": null,
        "TARGET_FID_12_13": null,
        "Id": 2073,
        "gridcode": 1,
        "ClassName": "Not Hydric",
        "Shape_Length_12_13": null,
        "Shape_Area_12_13": null,
        "SITE_HOUSE_NUM": null,
        "SITE_PRE_DIR": null,
        "SITE_STREET_NAME": null,
        "SITE_STREET_TYPE": null,
        "SITE_POST_DIR": null,
        "SITE_STREET_UNIT": null,
        "SITE_CITY": null,
        "SITE_STATE": null,
        "SITE_ZIP5": null,
        "OWN_STREET_ADDRESS": "17 E 6400 S # 200",
        "OWN_CITY": "SALT LAKE CITY",
        "OWN_STATE": "UT",
        "OWN_ZIP5": "84107",
        "VESTING_DOC": "67451-2023",
        "PARCEL_CREATE_DATE": 1753401600000,
        "MAP_FILING_NO": "19821 ",
        "SUB_NAME": "FOX CANYON, PLAT J1",
        "LEGAL_DESCR": "LOT 255, PLAT J1, FOX CANYON SUB AREA 0.025 AC.",
        "BOOK_PAGE": 39401,
        "LOT": "255",
        "BUILDING": null,
        "UNIT": null,
        "TAX_DISTRICT": "010",
        "TAX_DISTRICT_DESCR": "LEHI CITY",
        "SCHOOL_DISTRICT": "ALPINE",
        "TAXABLE_CODE": 100,
        "ACCOUNT_TYPE": null,
        "NEIGHBORHOOD": "9999",
        "NBHD_DISTRICT": null,
        "LAND_DISTRICT": 9999,
        "ECONOMIC_UNIT": null,
        "GLA_WEIGHTED_YRBLT": null,
        "TOTAL_ABOVE_GRADE_AREA": null,
        "TOTAL_MEZZANINE": null,
        "TOTAL_BASEMENT": null,
        "TOTAL_BSMT_FINISH": null,
        "TOTAL_UNIT_COUNT": null,
        "TOTAL_IMP_COUNT": null,
        "MKT_LAND_RES": 0,
        "MKT_LAND_AGR": 0,
        "MKT_LAND_COM": 0,
        "MKT_IMP_VALUE": 0,
        "MKT_IMP_RES": 0,
        "MKT_IMP_AGR": 0,
        "MKT_IMP_COM": 0,
        "TXBL_CUR_VALUE": 0,
        "TXBL_PRV_VAL": 0,
        "TXBL_VAL_YR_CHG": 0,
        "TXBL_PCT_CHG": 0,
        "TOT_CUR_TAXES": 0,
        "TOT_PRV_TAXES": 0,
        "TAXES_YR_CHG": 0,
        "TAXES_PCT_CHG": 0,
        "GREENBELT": null,
        "EXEMPT_RES": "UNK",
        "COMMON_AREA": "Yes",
        "PUBLIC_ROAD": "Yes",
        "PRIVATE_ROAD": null,
        "PART_CENTRAL_ASSD": null,
        "PART_TAXABLE": null,
        "IMP_NO_RES": null,
        "COST_GROUP_RES": null,
        "STYLE_DESCR_RES": null,
        "QUALITY_RES": null,
        "QUALITY_DESCR_RES": null,
        "CONDITION_RES": null,
        "CONDITION_DESCR_RES": null,
        "YEARBLT_RES": null,
        "GLA_RES": null,
        "BASEMENT_RES": null,
        "BSMT_FINISH_RES": null,
        "ATT_GARAGE_SQFT_RES": null,
        "BATHROOMS_RES": null,
        "GLA_BEDROOMS_RES": null,
        "EXTERIOR_RES": null,
        "ALLOCATION_PCT_RES": null,
        "TRAV_COUNT": null,
        "LASTUPDATE": null,
        "CREATED_DATE": 1753457965000,
        "LAST_EDITED_DATE": 1753457965000,
        "ChangeType": "Added",
        "Previous_Owner": null,
        "Shape_Length_12_13_14": 138.64892732275544,
        "Shape_Area_12_13_14": 1079.4585186159989,
        "Shape_Length": 0.007675438624400473,
        "Shape_Area": 2.835708006141589e-06
      }
    },
    {
      "type": "Feature",
      "id": 4,
      "geometry": {
        "type": "Polygon",
        "coordinates": [
          [
            [
              -111.88780980299998,
              40.453407484000024
            ],
            [
              -111.88777695789872,
              40.453470778005574
            ],
            [
              -111.88774927163013,
              40.4535364925576
            ],
            [
              -111.88772692099997,
              40.45360420800006
            ],
            [
              -111.88739151999994,
              40.45354106100007
            ],
            [
              -111.88733138999999,
              40.45386661600003
            ],
            [
              -111.88738799499998,
              40.45418791600008
            ],
            [
              -111.88770845199997,
              40.454937322000035
            ],
            [
              -111.88863402999999,
              40.45493631700003
            ],
            [
              -111.88976087599997,
              40.45484701200007
            ],
            [
              -111.89091064499996,
              40.454936642000064
            ],
            [
              -111.89129737499997,
              40.454485076000026
            ],
            [
              -111.89082766299998,
              40.45423111900004
            ],
            [
              -111.89074911699998,
              40.45427733900004
            ],
            [
              -111.88994402999998,
              40.453849588000026
            ],
            [
              -111.88798642999996,
              40.45348294900003
            ],
            [
              -111.88800847299996,
              40.453444697000066
            ],
            [
              -111.88780980299998,
              40.453407484000024
            ]
          ]
        ]
      },
      "properties": {
        "OBJECTID": 4,
        "Join_Count": 1,
        "TARGET_FID": 28,
        "PARCEL_NO": 110130150,
        "PARCELID": "110130150",
        "PARCELID_LABEL": "11:013:0150",
        "OWNER_NAME": "PERRY MULTI-FAMILY INC",
        "CARE_NAME": null,
        "ACREAGE": 9.480262999999999,
        "SITE_FULL_ADDRESS": "LEHI, UT",
        "OWN_FULL_ADDRESS": "17 E 6400 S # 200  SALT LAKE CITY, UT 84107-5610",
        "PROP_TYPE": 900,
        "PROP_TYPE_DESCR": "VACANT",
        "SPECIFIC_PROP_TYPE": 901,
        "SPC_PROP_TYP_DESCR": "Vac Res",
        "ASMT_YEAR": 2026,
        "ASMT_CODE": "V",
        "ASMT_CODE_DESCR": "VACANT",
        "MKT_LAND_VALUE": 232100,
        "MKT_CUR_VALUE": 232100,
        "MKT_PRV_VAL": 232100,
        "MKT_VAL_YR_CHG": 0,
        "MKT_PCT_CHG": 0,
        "GLOBALID": "{1F4DC168-E2A4-4319-B49F-BFC98EDA1227}",
        "Code": "HDR",
        "Description": "High Density Residential",
        "City": "Lehi",
        "Description_detailed": null,
        "Acres": 14.490251,
        "Unit_Rate": null,
        "CityName": null,
        "AdoptedDate": null,
        "Slope_Score": 7,
        "GP_Score": 10,
        "Utilities_Score": 5,
        "Wetlands_Score": 10,
        "Soil_Score": 10,
        "Ownership_Score": 5,
        "Ownership_Type": "Business",
        "Utility_Proximity_Status": "Unknown - No Data",
        "Final_Score": 7.7,
        "ELEV_CHANGE": 43.33055689941466,
        "SLOPE": 7.160275948706528,
        "Join_Count_12": 1,
        "TARGET_FID_12": 2415,
        "Shape_Length_12": null,
        "Shape_Area_12": null,
        "OBJECTID_1_12": null,
        "Join_Count_12_13": null,
        "TARGET_FID_12_13": null,
        "Id": 2073,
        "gridcode": 1,
        "ClassName": "Not Hydric",
        "Shape_Length_12_13": null,
        "Shape_Area_12_13": null,
        "SITE_HOUSE_NUM": null,
        "SITE_PRE_DIR": null,
        "SITE_STREET_NAME": null,
        "SITE_STREET_TYPE": null,
        "SITE_POST_DIR": null,
        "SITE_STREET_UNIT": null,
        "SITE_CITY": null,
        "SITE_STATE": null,
        "SITE_ZIP5": null,
        "OWN_STREET_ADDRESS": "100 E CENTER ST",
        "OWN_CITY": "PROVO",
        "OWN_STATE": "UT",
        "OWN_ZIP5": "84606",
        "VESTING_DOC": "53173-2025",
        "PARCEL_CREATE_DATE": 1753401600000,
        "MAP_FILING_NO": "19821 ",
        "SUB_NAME": "FOX CANYON, PLAT J1",
        "LEGAL_DESCR": "COMMON AREA, PLAT J1, FOX CANYON SUB AREA 1.208 AC. ALSO COMMON AREA, PLAT J1, FOX CANYON SUB AREA 0.207 AC. ALSO COMMON AREA, PLAT J1, FOX CANYON SUB AREA 0.207 AC. ALSO COMMON AREA, PLAT J1, FOX CANYON SUB AREA 0.207 AC. ALSO COMMON AREA, PLAT J1, FOX CANYON SUB AREA 0.356 AC. ALSO COMMON AREA, PLAT J1, FOX CANYON SUB AREA 0.180 AC. ALSO COMMON AREA, PLAT J1, FOX CANYON SUB AREA 0.053 AC. ALSO COMMON AREA, PLAT J1, FOX CANYON SUB AREA 0.094 AC. ALSO COMMON AREA, PLAT J1, FOX CANYON SUB AREA 0.094 AC. ALSO COMMON AREA, PLAT J1, FOX CANYON SUB AREA 0.354 AC. ALSO COMMON AREA, PLAT J1, FOX CANYON SUB AREA 0.478 AC. ALSO COMMON AREA, PLAT J1, FOX CANYON SUB AREA 0.414 AC. ALSO COMMON AREA, PLAT J1, FOX CANYON SUB AREA 0.121 AC. ALSO COMMON AREA, PLAT J1, FOX CANYON SUB AREA 0.094 AC. ALSO COMMON AREA, PLAT J1, FOX CANYON SUB AREA 0.135 AC. ALSO COMMON AREA, PLAT J1, FOX CANYON SUB AREA 0.203 AC. ALSO COMMON AREA, PLAT J1, FOX CANYON SUB AREA 0.224 AC. ALSO COMMON AREA, PLAT J1, FOX CANYON SUB AREA 0.159 AC. TOTAL AREA 4.786 AC.",
        "BOOK_PAGE": 39401,
        "LOT": "245",
        "BUILDING": null,
        "UNIT": null,
        "TAX_DISTRICT": "010",
        "TAX_DISTRICT_DESCR": "LEHI CITY",
        "SCHOOL_DISTRICT": "ALPINE",
        "TAXABLE_CODE": 100,
        "ACCOUNT_TYPE": null,
        "NEIGHBORHOOD": "9999",
        "NBHD_DISTRICT": null,
        "LAND_DISTRICT": 9999,
        "ECONOMIC_UNIT": null,
        "GLA_WEIGHTED_YRBLT": null,
        "TOTAL_ABOVE_GRADE_AREA": null,
        "TOTAL_MEZZANINE": null,
        "TOTAL_BASEMENT": null,
        "TOTAL_BSMT_FINISH": null,
        "TOTAL_UNIT_COUNT": null,
        "TOTAL_IMP_COUNT": null,
        "MKT_LAND_RES": 0,
        "MKT_LAND_AGR": 0,
        "MKT_LAND_COM": 0,
        "MKT_IMP_VALUE": 0,
        "MKT_IMP_RES": 0,
        "MKT_IMP_AGR": 0,
        "MKT_IMP_COM": 0,
        "TXBL_CUR_VALUE": 0,
        "TXBL_PRV_VAL": 0,
        "TXBL_VAL_YR_CHG": 0,
        "TXBL_PCT_CHG": 0,
        "TOT_CUR_TAXES": 0,
        "TOT_PRV_TAXES": 0,
        "TAXES_YR_CHG": 0,
        "TAXES_PCT_CHG": 0,
        "GREENBELT": null,
        "EXEMPT_RES": "UNK",
        "COMMON_AREA": "Yes",
        "PUBLIC_ROAD": "Yes",
        "PRIVATE_ROAD": null,
        "PART_CENTRAL_ASSD": null,
        "PART_TAXABLE": null,
        "IMP_NO_RES": null,
        "COST_GROUP_RES": null,
        "STYLE_DESCR_RES": null,
        "QUALITY_RES": null,
        "QUALITY_DESCR_RES": null,
        "CONDITION_RES": null,
        "CONDITION_DESCR_RES": null,
        "YEARBLT_RES": null,
        "GLA_RES": null,
        "BASEMENT_RES": null,
        "BSMT_FINISH_RES": null,
        "ATT_GARAGE_SQFT_RES": null,
        "BATHROOMS_RES": null,
        "GLA_BEDROOMS_RES": null,
        "EXTERIOR_RES": null,
        "ALLOCATION_PCT_RES": null,
        "TRAV_COUNT": null,
        "LASTUPDATE": null,
        "CREATED_DATE": 1753457965000,
        "LAST_EDITED_DATE": 1753457965000,
        "ChangeType": "Added",
        "Previous_Owner": null,
        "Shape_Length_12_13_14": 3182.774688692949,
        "Shape_Area_12_13_14": 52627.78230130441,
        "Shape_Length": 0.009606067702005235,
        "Shape_Area": 4.073275526009392e-06
      }
    },
    {
      "type": "Feature",
      "id": 5,
      "geometry": {
        "type": "Polygon",
        "coordinates": [
          [
            [
              -111.88311232399997,
              40.45382379700004
            ],
            [
              -111.88311229099997,
              40.45382383300006
            ],
            [
              -111.88304430389191,
              40.45384650417298
            ],
            [
              -111.8829748104691,
              40.45386402253847
            ],
            [
              -111.88290420067302,
              40.453876289797456
            ],
            [
              -111.8828328707094,
              40.4538832371159
            ],
            [
              -111.88276122082492,
              40.45388482551102
            ],
            [
              -111.88268965306143,
              40.45388104607
            ],
            [
              -111.88261856899999,
              40.45387192000004
            ],
            [
              -111.88260820736986,
              40.45387078112675
            ],
            [
              -111.88259780166216,
              40.45387139891213
            ],
            [
              -111.88258764757491,
              40.45387375580061
            ],
            [
              -111.8825780336558,
              40.453877784816726
            ],
            [
              -111.88256923310267,
              40.453883371468315
            ],
            [
              -111.882561496,
              40.453890357000034
            ],
            [
              -111.88250976300337,
              40.45394421776477
            ],
            [
              -111.88245348869236,
              40.4539933144738
            ],
            [
              -111.88239311015953,
              40.454037265784265
            ],
            [
              -111.88232909637568,
              40.45407573031852
            ],
            [
              -111.88226194454727,
              40.454108409315694
            ],
            [
              -111.88219217625443,
              40.45413504895221
            ],
            [
              -111.88212033339994,
              40.45415544231327
            ],
            [
              -111.88204697399999,
              40.454169431000025
            ],
            [
              -111.88159871599998,
              40.454246717000046
            ],
            [
              -111.88153222083284,
              40.4542467183842
            ],
            [
              -111.88146608241887,
              40.45425359715241
            ],
            [
              -111.88140101015158,
              40.45426727952375
            ],
            [
              -111.88133770198912,
              40.45428761874257
            ],
            [
              -111.88127683696806,
              40.4543143966526
            ],
            [
              -111.88121906792004,
              40.454347326036846
            ],
            [
              -111.88116501446969,
              40.45438605369828
            ],
            [
              -111.8811152563885,
              40.454430164248166
            ],
            [
              -111.88107032737629,
              40.45447918456148
            ],
            [
              -111.88103070933683,
              40.45453258885161
            ],
            [
              -111.88099682720895,
              40.45458980430989
            ],
            [
              -111.88096904440872,
              40.45465021724945
            ],
            [
              -111.88094765893146,
              40.4547131796876
            ],
            [
              -111.8809329001555,
              40.454778016296
            ],
            [
              -111.8809249263819,
              40.45484403164413
            ],
            [
              -111.88092382313648,
              40.45491051765849
            ],
            [
              -111.88092960225255,
              40.45497676121722
            ],
            [
              -111.8809422017439,
              40.45504205179902
            ],
            [
              -111.88096148646979,
              40.455105689104144
            ],
            [
              -111.88098724958428,
              40.45516699056569
            ],
            [
              -111.88101921475499,
              40.455225298670754
            ],
            [
              -111.88105703912693,
              40.45527998801288
            ],
            [
              -111.88110031699995,
              40.45533047200007
            ],
            [
              -111.88115855475155,
              40.455388910202714
            ],
            [
              -111.88121218026592,
              40.455451607598576
            ],
            [
              -111.88126088302849,
              40.45551820114299
            ],
            [
              -111.88130438102948,
              40.45558830523096
            ],
            [
              -111.88134242239693,
              40.45566151392992
            ],
            [
              -111.88137478685509,
              40.45573740333028
            ],
            [
              -111.88140128699996,
              40.45581553400007
            ],
            [
              -111.88193436399996,
              40.45581379600003
            ],
            [
              -111.88311836699995,
              40.45490158800004
            ],
            [
              -111.88311232399997,
              40.45382379700004
            ]
          ]
        ]
      },
      "properties": {
        "OBJECTID": 5,
        "Join_Count": 1,
        "TARGET_FID": 29,
        "PARCEL_NO": 110130151,
        "PARCELID": "110130151",
        "PARCELID_LABEL": "11:013:0151",
        "OWNER_NAME": "PERRY MULTI-FAMILY INC",
        "CARE_NAME": null,
        "ACREAGE": 6.791595999999999,
        "SITE_FULL_ADDRESS": "LEHI, UT",
        "OWN_FULL_ADDRESS": "17 E 6400 S # 200  SALT LAKE CITY, UT 84107-5610",
        "PROP_TYPE": 900,
        "PROP_TYPE_DESCR": "VACANT",
        "SPECIFIC_PROP_TYPE": 901,
        "SPC_PROP_TYP_DESCR": "Vac Res",
        "ASMT_YEAR": 2026,
        "ASMT_CODE": "V",
        "ASMT_CODE_DESCR": "VACANT",
        "MKT_LAND_VALUE": 166300,
        "MKT_CUR_VALUE": 166300,
        "MKT_PRV_VAL": 166300,
        "MKT_VAL_YR_CHG": 0,
        "MKT_PCT_CHG": 0,
        "GLOBALID": "{9CB7662C-6A33-4700-8754-E2C22957F1BB}",
        "Code": "HDR",
        "Description": "High Density Residential",
        "City": "Lehi",
        "Description_detailed": null,
        "Acres": 10.580699,
        "Unit_Rate": null,
        "CityName": null,
        "AdoptedDate": null,
        "Slope_Score": 7,
        "GP_Score": 10,
        "Utilities_Score": 5,
        "Wetlands_Score": 10,
        "Soil_Score": 10,
        "Ownership_Score": 5,
        "Ownership_Type": "Business",
        "Utility_Proximity_Status": "Unknown - No Data",
        "Final_Score": 7.7,
        "ELEV_CHANGE": 302.06075518554735,
        "SLOPE": 6.969282957227444,
        "Join_Count_12": 2,
        "TARGET_FID_12": 2416,
        "Shape_Length_12": null,
        "Shape_Area_12": null,
        "OBJECTID_1_12": null,
        "Join_Count_12_13": null,
        "TARGET_FID_12_13": null,
        "Id": 2073,
        "gridcode": 1,
        "ClassName": "Not Hydric",
        "Shape_Length_12_13": null,
        "Shape_Area_12_13": null,
        "SITE_HOUSE_NUM": null,
        "SITE_PRE_DIR": null,
        "SITE_STREET_NAME": null,
        "SITE_STREET_TYPE": null,
        "SITE_POST_DIR": null,
        "SITE_STREET_UNIT": null,
        "SITE_CITY": null,
        "SITE_STATE": null,
        "SITE_ZIP5": null,
        "OWN_STREET_ADDRESS": "17 E 6400 S # 200",
        "OWN_CITY": "SALT LAKE CITY",
        "OWN_STATE": "UT",
        "OWN_ZIP5": "84107",
        "VESTING_DOC": "67451-2023",
        "PARCEL_CREATE_DATE": 1753401600000,
        "MAP_FILING_NO": "19821 ",
        "SUB_NAME": "FOX CANYON, PLAT J1",
        "LEGAL_DESCR": "COM N 6807.936 FT & W 3951.413 FT FR SE COR. SEC. 30, T4S, R1E, SLB&M.; N 244.72 FT; N 36 DEG 27' 48\" E 39.11 FT; N 0 DEG 17' 17\" E 140.53 FT; N 45 DEG 0' 0\" E 434.23 FT; E 148.39 FT; ALONG A CURVE TO L (CHORD BEARS: S 25 DEG 6' 55\" E 195.61 FT, RADIUS = 428.44 FT); ALONG A CURVE TO R (CHORD BEARS: S 19 DEG 36' 2\" W 418.58 FT, RADIUS = 247 FT); S 77 DEG 31' 32\" W 127.92 FT; ALONG A CURVE TO L (CHORD BEARS: S 54 DEG 52' 8\" W 175.66 FT, RADIUS = 228.07 FT); ALONG A CURVE TO R (CHORD BEARS: S 67 DEG 19' 19\" W 17.25 FT, RADIUS = 14.99 FT); ALONG A CURVE TO L (CHORD BEARS: S 82 DEG 58' 46\" W 138.55 FT, RADIUS = 207.94 FT) TO BEG. AREA 6.714 AC.",
        "BOOK_PAGE": 11013,
        "LOT": null,
        "BUILDING": null,
        "UNIT": null,
        "TAX_DISTRICT": "010",
        "TAX_DISTRICT_DESCR": "LEHI CITY",
        "SCHOOL_DISTRICT": "ALPINE",
        "TAXABLE_CODE": 100,
        "ACCOUNT_TYPE": null,
        "NEIGHBORHOOD": "9999",
        "NBHD_DISTRICT": null,
        "LAND_DISTRICT": 9999,
        "ECONOMIC_UNIT": null,
        "GLA_WEIGHTED_YRBLT": null,
        "TOTAL_ABOVE_GRADE_AREA": null,
        "TOTAL_MEZZANINE": null,
        "TOTAL_BASEMENT": null,
        "TOTAL_BSMT_FINISH": null,
        "TOTAL_UNIT_COUNT": null,
        "TOTAL_IMP_COUNT": null,
        "MKT_LAND_RES": 0,
        "MKT_LAND_AGR": 0,
        "MKT_LAND_COM": 0,
        "MKT_IMP_VALUE": 0,
        "MKT_IMP_RES": 0,
        "MKT_IMP_AGR": 0,
        "MKT_IMP_COM": 0,
        "TXBL_CUR_VALUE": 0,
        "TXBL_PRV_VAL": 0,
        "TXBL_VAL_YR_CHG": 0,
        "TXBL_PCT_CHG": 0,
        "TOT_CUR_TAXES": 0,
        "TOT_PRV_TAXES": 0,
        "TAXES_YR_CHG": 0,
        "TAXES_PCT_CHG": 0,
        "GREENBELT": null,
        "EXEMPT_RES": "UNK",
        "COMMON_AREA": null,
        "PUBLIC_ROAD": null,
        "PRIVATE_ROAD": null,
        "PART_CENTRAL_ASSD": null,
        "PART_TAXABLE": null,
        "IMP_NO_RES": null,
        "COST_GROUP_RES": null,
        "STYLE_DESCR_RES": null,
        "QUALITY_RES": null,
        "QUALITY_DESCR_RES": null,
        "CONDITION_RES": null,
        "CONDITION_DESCR_RES": null,
        "YEARBLT_RES": null,
        "GLA_RES": null,
        "BASEMENT_RES": null,
        "BSMT_FINISH_RES": null,
        "ATT_GARAGE_SQFT_RES": null,
        "BATHROOMS_RES": null,
        "GLA_BEDROOMS_RES": null,
        "EXTERIOR_RES": null,
        "ALLOCATION_PCT_RES": null,
        "TRAV_COUNT": null,
        "LASTUPDATE": null,
        "CREATED_DATE": 1753457965000,
        "LAST_EDITED_DATE": 1753457965000,
        "ChangeType": "Added",
        "Previous_Owner": null,
        "Shape_Length_12_13_14": 2170.9923360764606,
        "Shape_Area_12_13_14": 292441.78534877894,
        "Shape_Length": 0.006830242588133517,
        "Shape_Area": 2.9301086843914714e-06
      }
    },
    {
      "type": "Feature",
      "id": 6,
      "geometry": {
        "type": "Polygon",
        "coordinates": [
          [
            [
              -111.89191299199996,
              40.45709960900007
            ],
            [
              -111.89118900299997,
              40.455854688000045
            ],
            [
              -111.89208500999996,
              40.45554426000007
            ],
            [
              -111.89119084299995,
              40.45461046400004
            ],
            [
              -111.89091111999994,
              40.45493708200007
            ],
            [
              -111.88976134999996,
              40.45484745200008
            ],
            [
              -111.88876481899996,
              40.45492643000006
            ],
            [
              -111.88877142499996,
              40.45676685600006
            ],
            [
              -111.88947280599996,
              40.45688169300007
            ],
            [
              -111.89060843199996,
              40.45662107600003
            ],
            [
              -111.89191299199996,
              40.45709960900007
            ]
          ]
        ]
      },
      "properties": {
        "OBJECTID": 6,
        "Join_Count": 1,
        "TARGET_FID": 30,
        "PARCEL_NO": 110130154,
        "PARCELID": "110130154",
        "PARCELID_LABEL": "11:013:0154",
        "OWNER_NAME": "GENEVA ROCK PRODUCTS INC",
        "CARE_NAME": null,
        "ACREAGE": 12.774742,
        "SITE_FULL_ADDRESS": "LEHI, UT",
        "OWN_FULL_ADDRESS": "730 N 1500 W  OREM, UT 84057-2826",
        "PROP_TYPE": 900,
        "PROP_TYPE_DESCR": "VACANT",
        "SPECIFIC_PROP_TYPE": 901,
        "SPC_PROP_TYP_DESCR": "Vac Res",
        "ASMT_YEAR": 2026,
        "ASMT_CODE": "V",
        "ASMT_CODE_DESCR": "VACANT",
        "MKT_LAND_VALUE": 312900,
        "MKT_CUR_VALUE": 312900,
        "MKT_PRV_VAL": 312900,
        "MKT_VAL_YR_CHG": 0,
        "MKT_PCT_CHG": 0,
        "GLOBALID": "{1698F739-E0C6-430B-A5FA-8AEBD36C3E1B}",
        "Code": "HDR",
        "Description": "High Density Residential",
        "City": "Lehi",
        "Description_detailed": null,
        "Acres": 14.490251,
        "Unit_Rate": null,
        "CityName": null,
        "AdoptedDate": null,
        "Slope_Score": 10,
        "GP_Score": 10,
        "Utilities_Score": 5,
        "Wetlands_Score": 10,
        "Soil_Score": 10,
        "Ownership_Score": 5,
        "Ownership_Type": "Business",
        "Utility_Proximity_Status": "Unknown - No Data",
        "Final_Score": 8,
        "ELEV_CHANGE": 31.35821425293034,
        "SLOPE": 3.1277881290092706,
        "Join_Count_12": 1,
        "TARGET_FID_12": 2417,
        "Shape_Length_12": null,
        "Shape_Area_12": null,
        "OBJECTID_1_12": null,
        "Join_Count_12_13": null,
        "TARGET_FID_12_13": null,
        "Id": 2073,
        "gridcode": 1,
        "ClassName": "Not Hydric",
        "Shape_Length_12_13": null,
        "Shape_Area_12_13": null,
        "SITE_HOUSE_NUM": null,
        "SITE_PRE_DIR": null,
        "SITE_STREET_NAME": null,
        "SITE_STREET_TYPE": null,
        "SITE_POST_DIR": null,
        "SITE_STREET_UNIT": null,
        "SITE_CITY": null,
        "SITE_STATE": null,
        "SITE_ZIP5": null,
        "OWN_STREET_ADDRESS": "153 N 100 E",
        "OWN_CITY": "LEHI",
        "OWN_STATE": "UT",
        "OWN_ZIP5": "84043",
        "VESTING_DOC": "53173-2025",
        "PARCEL_CREATE_DATE": 1753401600000,
        "MAP_FILING_NO": "19821 ",
        "SUB_NAME": "FOX CANYON, PLAT J1",
        "LEGAL_DESCR": "PARCEL B, PLAT J1, FOX CANYON SUB AREA 1.725 AC.",
        "BOOK_PAGE": 39401,
        "LOT": null,
        "BUILDING": null,
        "UNIT": null,
        "TAX_DISTRICT": "010",
        "TAX_DISTRICT_DESCR": "LEHI CITY",
        "SCHOOL_DISTRICT": "ALPINE",
        "TAXABLE_CODE": 100,
        "ACCOUNT_TYPE": null,
        "NEIGHBORHOOD": "9999",
        "NBHD_DISTRICT": null,
        "LAND_DISTRICT": 9999,
        "ECONOMIC_UNIT": null,
        "GLA_WEIGHTED_YRBLT": null,
        "TOTAL_ABOVE_GRADE_AREA": null,
        "TOTAL_MEZZANINE": null,
        "TOTAL_BASEMENT": null,
        "TOTAL_BSMT_FINISH": null,
        "TOTAL_UNIT_COUNT": null,
        "TOTAL_IMP_COUNT": null,
        "MKT_LAND_RES": 0,
        "MKT_LAND_AGR": 0,
        "MKT_LAND_COM": 0,
        "MKT_IMP_VALUE": 0,
        "MKT_IMP_RES": 0,
        "MKT_IMP_AGR": 0,
        "MKT_IMP_COM": 0,
        "TXBL_CUR_VALUE": 0,
        "TXBL_PRV_VAL": 0,
        "TXBL_VAL_YR_CHG": 0,
        "TXBL_PCT_CHG": 0,
        "TOT_CUR_TAXES": 0,
        "TOT_PRV_TAXES": 0,
        "TAXES_YR_CHG": 0,
        "TAXES_PCT_CHG": 0,
        "GREENBELT": null,
        "EXEMPT_RES": "UNK",
        "COMMON_AREA": null,
        "PUBLIC_ROAD": null,
        "PRIVATE_ROAD": null,
        "PART_CENTRAL_ASSD": null,
        "PART_TAXABLE": null,
        "IMP_NO_RES": null,
        "COST_GROUP_RES": null,
        "STYLE_DESCR_RES": null,
        "QUALITY_RES": null,
        "QUALITY_DESCR_RES": null,
        "CONDITION_RES": null,
        "CONDITION_DESCR_RES": null,
        "YEARBLT_RES": null,
        "GLA_RES": null,
        "BASEMENT_RES": null,
        "BSMT_FINISH_RES": null,
        "ATT_GARAGE_SQFT_RES": null,
        "BATHROOMS_RES": null,
        "GLA_BEDROOMS_RES": null,
        "EXTERIOR_RES": null,
        "ALLOCATION_PCT_RES": null,
        "TRAV_COUNT": null,
        "LASTUPDATE": null,
        "CREATED_DATE": 1753457965000,
        "LAST_EDITED_DATE": 1753457965000,
        "ChangeType": "Added",
        "Previous_Owner": null,
        "Shape_Length_12_13_14": 1320.733186757027,
        "Shape_Area_12_13_14": 75149.78081948293,
        "Shape_Length": 0.011370066789054913,
        "Shape_Area": 5.488886235058907e-06
      }
    },
    {
      "type": "Feature",
      "id": 7,
      "geometry": {
        "type": "Polygon",
        "coordinates": [
          [
            [
              -111.88311231699998,
              40.45382379200004
            ],
            [
              -111.88311228499998,
              40.45382379400007
            ],
            [
              -111.88311832799997,
              40.45490158600006
            ],
            [
              -111.88193432399999,
              40.45581379300006
            ],
            [
              -111.88249031199996,
              40.45635166100004
            ],
            [
              -111.88316970099999,
              40.45550435200005
            ],
            [
              -111.88737427299998,
              40.45410993400003
            ],
            [
              -111.88733140499994,
              40.453866606000076
            ],
            [
              -111.88739153499995,
              40.45354105200005
            ],
            [
              -111.88648153699995,
              40.45336971000006
            ],
            [
              -111.88611746599997,
              40.45434134300007
            ],
            [
              -111.88311231699998,
              40.45382379200004
            ]
          ]
        ]
      },
      "properties": {
        "OBJECTID": 7,
        "Join_Count": 1,
        "TARGET_FID": 34,
        "PARCEL_NO": 110130185,
        "PARCELID": "110130185",
        "PARCELID_LABEL": "11:013:0185",
        "OWNER_NAME": "PERRY MULTI-FAMILY INC",
        "CARE_NAME": null,
        "ACREAGE": 10.564243,
        "SITE_FULL_ADDRESS": "LEHI, UT",
        "OWN_FULL_ADDRESS": "17 E 6400 S # 200  SALT LAKE CITY, UT 84107-5610",
        "PROP_TYPE": 900,
        "PROP_TYPE_DESCR": "VACANT",
        "SPECIFIC_PROP_TYPE": 901,
        "SPC_PROP_TYP_DESCR": "Vac Res",
        "ASMT_YEAR": 2026,
        "ASMT_CODE": "V",
        "ASMT_CODE_DESCR": "VACANT",
        "MKT_LAND_VALUE": 452700,
        "MKT_CUR_VALUE": 452700,
        "MKT_PRV_VAL": 452700,
        "MKT_VAL_YR_CHG": 0,
        "MKT_PCT_CHG": 0,
        "GLOBALID": "{5BC96968-D351-477A-9057-98588507F609}",
        "Code": "HDR",
        "Description": "High Density Residential",
        "City": "Lehi",
        "Description_detailed": null,
        "Acres": 10.580699,
        "Unit_Rate": null,
        "CityName": null,
        "AdoptedDate": null,
        "Slope_Score": 7,
        "GP_Score": 10,
        "Utilities_Score": 5,
        "Wetlands_Score": 10,
        "Soil_Score": 10,
        "Ownership_Score": 5,
        "Ownership_Type": "Business",
        "Utility_Proximity_Status": "Unknown - No Data",
        "Final_Score": 7.7,
        "ELEV_CHANGE": 43.33055689941466,
        "SLOPE": 7.160275948706528,
        "Join_Count_12": 2,
        "TARGET_FID_12": 2528,
        "Shape_Length_12": null,
        "Shape_Area_12": null,
        "OBJECTID_1_12": null,
        "Join_Count_12_13": null,
        "TARGET_FID_12_13": null,
        "Id": 2073,
        "gridcode": 1,
        "ClassName": "Not Hydric",
        "Shape_Length_12_13": null,
        "Shape_Area_12_13": null,
        "SITE_HOUSE_NUM": null,
        "SITE_PRE_DIR": null,
        "SITE_STREET_NAME": null,
        "SITE_STREET_TYPE": null,
        "SITE_POST_DIR": null,
        "SITE_STREET_UNIT": null,
        "SITE_CITY": null,
        "SITE_STATE": null,
        "SITE_ZIP5": null,
        "OWN_STREET_ADDRESS": "17 E 6400 S # 200",
        "OWN_CITY": "SALT LAKE CITY",
        "OWN_STATE": "UT",
        "OWN_ZIP5": "84107",
        "VESTING_DOC": "67451-2023",
        "PARCEL_CREATE_DATE": 1753401600000,
        "MAP_FILING_NO": "19821 ",
        "SUB_NAME": "FOX CANYON, PLAT J1",
        "LEGAL_DESCR": "LOT 255, PLAT J1, FOX CANYON SUB AREA 0.025 AC.",
        "BOOK_PAGE": 39401,
        "LOT": "255",
        "BUILDING": null,
        "UNIT": null,
        "TAX_DISTRICT": "010",
        "TAX_DISTRICT_DESCR": "LEHI CITY",
        "SCHOOL_DISTRICT": "ALPINE",
        "TAXABLE_CODE": 100,
        "ACCOUNT_TYPE": null,
        "NEIGHBORHOOD": "9999",
        "NBHD_DISTRICT": null,
        "LAND_DISTRICT": 9999,
        "ECONOMIC_UNIT": null,
        "GLA_WEIGHTED_YRBLT": null,
        "TOTAL_ABOVE_GRADE_AREA": null,
        "TOTAL_MEZZANINE": null,
        "TOTAL_BASEMENT": null,
        "TOTAL_BSMT_FINISH": null,
        "TOTAL_UNIT_COUNT": null,
        "TOTAL_IMP_COUNT": null,
        "MKT_LAND_RES": 0,
        "MKT_LAND_AGR": 0,
        "MKT_LAND_COM": 0,
        "MKT_IMP_VALUE": 0,
        "MKT_IMP_RES": 0,
        "MKT_IMP_AGR": 0,
        "MKT_IMP_COM": 0,
        "TXBL_CUR_VALUE": 0,
        "TXBL_PRV_VAL": 0,
        "TXBL_VAL_YR_CHG": 0,
        "TXBL_PCT_CHG": 0,
        "TOT_CUR_TAXES": 0,
        "TOT_PRV_TAXES": 0,
        "TAXES_YR_CHG": 0,
        "TAXES_PCT_CHG": 0,
        "GREENBELT": null,
        "EXEMPT_RES": "UNK",
        "COMMON_AREA": "Yes",
        "PUBLIC_ROAD": "Yes",
        "PRIVATE_ROAD": null,
        "PART_CENTRAL_ASSD": null,
        "PART_TAXABLE": null,
        "IMP_NO_RES": null,
        "COST_GROUP_RES": null,
        "STYLE_DESCR_RES": null,
        "QUALITY_RES": null,
        "QUALITY_DESCR_RES": null,
        "CONDITION_RES": null,
        "CONDITION_DESCR_RES": null,
        "YEARBLT_RES": null,
        "GLA_RES": null,
        "BASEMENT_RES": null,
        "BSMT_FINISH_RES": null,
        "ATT_GARAGE_SQFT_RES": null,
        "BATHROOMS_RES": null,
        "GLA_BEDROOMS_RES": null,
        "EXTERIOR_RES": null,
        "ALLOCATION_PCT_RES": null,
        "TRAV_COUNT": null,
        "LASTUPDATE": null,
        "CREATED_DATE": 1753457965000,
        "LAST_EDITED_DATE": 1753457965000,
        "ChangeType": "Added",
        "Previous_Owner": null,
        "Shape_Length_12_13_14": 138.64892732275544,
        "Shape_Area_12_13_14": 1079.4585186159989,
        "Shape_Length": 0.014453004097823453,
        "Shape_Area": 4.538983312298177e-06
      }
    },
    {
      "type": "Feature",
      "id": 8,
      "geometry": {
        "type": "Polygon",
        "coordinates": [
          [
            [
              -111.70722138499997,
              40.32888816800005
            ],
            [
              -111.70722286299997,
              40.329376463000074
            ],
            [
              -111.70728052399994,
              40.329376360000026
            ],
            [
              -111.70727904499995,
              40.32888806500006
            ],
            [
              -111.70722138499997,
              40.32888816800005
            ]
          ]
        ]
      },
      "properties": {
        "OBJECTID": 8,
        "Join_Count": 1,
        "TARGET_FID": 138,
        "PARCEL_NO": 170110190,
        "PARCELID": "170110190",
        "PARCELID_LABEL": "17:011:0190",
        "OWNER_NAME": "UHS TIMPANOGOS INC",
        "CARE_NAME": "%DIRECTOR OF REAL ESTATE",
        "ACREAGE": 3.126569,
        "SITE_FULL_ADDRESS": "1748 N STATE ST, OREM, UT",
        "OWN_FULL_ADDRESS": "%DIRECTOR OF REAL ESTATE  367 S GULPH RD  KING OF PRUSSIA, PA 19406",
        "PROP_TYPE": 903,
        "PROP_TYPE_DESCR": "VACANT COMMERCIAL",
        "SPECIFIC_PROP_TYPE": 905,
        "SPC_PROP_TYP_DESCR": "Vac Com Lot",
        "ASMT_YEAR": 2026,
        "ASMT_CODE": "V",
        "ASMT_CODE_DESCR": "VACANT",
        "MKT_LAND_VALUE": 1979600,
        "MKT_CUR_VALUE": 1979600,
        "MKT_PRV_VAL": 1979600,
        "MKT_VAL_YR_CHG": 0,
        "MKT_PCT_CHG": 0,
        "GLOBALID": "{E4969526-0D16-4759-9C5B-400391898E34}",
        "Code": null,
        "Description": "Mixed Use - High Density",
        "City": "Orem",
        "Description_detailed": "Mixed Use",
        "Acres": null,
        "Unit_Rate": null,
        "CityName": null,
        "AdoptedDate": null,
        "Slope_Score": 10,
        "GP_Score": 9,
        "Utilities_Score": 10,
        "Wetlands_Score": 10,
        "Soil_Score": 10,
        "Ownership_Score": 5,
        "Ownership_Type": "Business",
        "Utility_Proximity_Status": "Within 1/8 Mile",
        "Final_Score": 9,
        "ELEV_CHANGE": 2.646859321289412,
        "SLOPE": 0.6478738124275224,
        "Join_Count_12": 1,
        "TARGET_FID_12": 7214,
        "Shape_Length_12": null,
        "Shape_Area_12": null,
        "OBJECTID_1_12": null,
        "Join_Count_12_13": null,
        "TARGET_FID_12_13": null,
        "Id": 2073,
        "gridcode": 1,
        "ClassName": "Not Hydric",
        "Shape_Length_12_13": null,
        "Shape_Area_12_13": null,
        "SITE_HOUSE_NUM": null,
        "SITE_PRE_DIR": null,
        "SITE_STREET_NAME": null,
        "SITE_STREET_TYPE": null,
        "SITE_POST_DIR": null,
        "SITE_STREET_UNIT": null,
        "SITE_CITY": null,
        "SITE_STATE": null,
        "SITE_ZIP5": null,
        "OWN_STREET_ADDRESS": "367 S GULPH RD",
        "OWN_CITY": "KING OF PRUSSIA",
        "OWN_STATE": "PA",
        "OWN_ZIP5": "19406",
        "VESTING_DOC": "53792-2025",
        "PARCEL_CREATE_DATE": 1753142400000,
        "MAP_FILING_NO": null,
        "SUB_NAME": null,
        "LEGAL_DESCR": "COM S 1581.215 FT & E 2281.087 FT FR NW COR. SEC. 3, T6S, R2E, SLB&M.; S 11.09 FT; S 89 DEG 28' 37\" W 1.14 FT; N 0 DEG 31' 23\" W 11.09 FT; N 89 DEG 28' 20\" E 1.24 FT TO BEG. AREA 0.000 AC.",
        "BOOK_PAGE": 17011,
        "LOT": null,
        "BUILDING": null,
        "UNIT": null,
        "TAX_DISTRICT": "090",
        "TAX_DISTRICT_DESCR": "OREM CITY",
        "SCHOOL_DISTRICT": "ALPINE",
        "TAXABLE_CODE": 100,
        "ACCOUNT_TYPE": null,
        "NEIGHBORHOOD": "9999",
        "NBHD_DISTRICT": null,
        "LAND_DISTRICT": 9999,
        "ECONOMIC_UNIT": null,
        "GLA_WEIGHTED_YRBLT": null,
        "TOTAL_ABOVE_GRADE_AREA": null,
        "TOTAL_MEZZANINE": null,
        "TOTAL_BASEMENT": null,
        "TOTAL_BSMT_FINISH": null,
        "TOTAL_UNIT_COUNT": null,
        "TOTAL_IMP_COUNT": null,
        "MKT_LAND_RES": 0,
        "MKT_LAND_AGR": 0,
        "MKT_LAND_COM": 0,
        "MKT_IMP_VALUE": 0,
        "MKT_IMP_RES": 0,
        "MKT_IMP_AGR": 0,
        "MKT_IMP_COM": 0,
        "TXBL_CUR_VALUE": 0,
        "TXBL_PRV_VAL": 0,
        "TXBL_VAL_YR_CHG": 0,
        "TXBL_PCT_CHG": 0,
        "TOT_CUR_TAXES": 0,
        "TOT_PRV_TAXES": 0,
        "TAXES_YR_CHG": 0,
        "TAXES_PCT_CHG": 0,
        "GREENBELT": null,
        "EXEMPT_RES": "UNK",
        "COMMON_AREA": null,
        "PUBLIC_ROAD": null,
        "PRIVATE_ROAD": null,
        "PART_CENTRAL_ASSD": null,
        "PART_TAXABLE": null,
        "IMP_NO_RES": null,
        "COST_GROUP_RES": null,
        "STYLE_DESCR_RES": null,
        "QUALITY_RES": null,
        "QUALITY_DESCR_RES": null,
        "CONDITION_RES": null,
        "CONDITION_DESCR_RES": null,
        "YEARBLT_RES": null,
        "GLA_RES": null,
        "BASEMENT_RES": null,
        "BSMT_FINISH_RES": null,
        "ATT_GARAGE_SQFT_RES": null,
        "BATHROOMS_RES": null,
        "GLA_BEDROOMS_RES": null,
        "EXTERIOR_RES": null,
        "ALLOCATION_PCT_RES": null,
        "TRAV_COUNT": null,
        "LASTUPDATE": null,
        "CREATED_DATE": 1753184884000,
        "LAST_EDITED_DATE": 1753184884000,
        "ChangeType": "Added",
        "Previous_Owner": null,
        "Shape_Length_12_13_14": 24.553993619665967,
        "Shape_Area_12_13_14": 13.193335755366952,
        "Shape_Length": 0.0010919156606518689,
        "Shape_Area": 2.8155486121345016e-08
      }
    },
    {
      "type": "Feature",
      "id": 9,
      "geometry": {
        "type": "Polygon",
        "coordinates": [
          [
            [
              -111.74205372699998,
              40.296955807000074
            ],
            [
              -111.74205373799998,
              40.29695581000004
            ],
            [
              -111.74206475943228,
              40.296956061648515
            ],
            [
              -111.74207566369626,
              40.29695443920461
            ],
            [
              -111.74208613444019,
              40.29695098973825
            ],
            [
              -111.74209586788959,
              40.29694581332447
            ],
            [
              -111.74210458166013,
              40.29693906014004
            ],
            [
              -111.74211202295014,
              40.296930926106604
            ],
            [
              -111.74211797587483,
              40.29692164720665
            ],
            [
              -111.74212226772951,
              40.29691149263722
            ],
            [
              -111.74212477399999,
              40.29690075700006
            ],
            [
              -111.74212461299999,
              40.296855693000055
            ],
            [
              -111.74213722599995,
              40.29685127700003
            ],
            [
              -111.74213405999996,
              40.296584617000065
            ],
            [
              -111.74213185834363,
              40.29656937116728
            ],
            [
              -111.74212710028512,
              40.296554720447595
            ],
            [
              -111.74211992397163,
              40.296541090215285
            ],
            [
              -111.74211053776283,
              40.29652887621544
            ],
            [
              -111.7420992141813,
              40.29651843307372
            ],
            [
              -111.74208628199995,
              40.296510064000074
            ],
            [
              -111.7420655218914,
              40.29649606784748
            ],
            [
              -111.74204631199996,
              40.29648001000004
            ],
            [
              -111.74202922084645,
              40.29646723487786
            ],
            [
              -111.74201042479001,
              40.296457134405706
            ],
            [
              -111.74199033914373,
              40.29644993176114
            ],
            [
              -111.74196940771513,
              40.29644578609203
            ],
            [
              -111.74194809299996,
              40.29644478900008
            ],
            [
              -111.73877059299997,
              40.296466862000045
            ],
            [
              -111.73866707390819,
              40.29646528636636
            ],
            [
              -111.73856378977607,
              40.296458139826235
            ],
            [
              -111.73846104018557,
              40.29644544310864
            ],
            [
              -111.73835912316821,
              40.29642723304119
            ],
            [
              -111.73825833434056,
              40.2964035624433
            ],
            [
              -111.7381589660468,
              40.296374499973005
            ],
            [
              -111.73806130651077,
              40.29634012992778
            ],
            [
              -111.73796563899998,
              40.29630055200005
            ],
            [
              -111.73804743967,
              40.29637013660362
            ],
            [
              -111.73813303648294,
              40.29643499454287
            ],
            [
              -111.73822215667727,
              40.29649491914243
            ],
            [
              -111.73831451626387,
              40.296549719447476
            ],
            [
              -111.73840982093104,
              40.296599220832135
            ],
            [
              -111.73850776698235,
              40.29664326555604
            ],
            [
              -111.73860804230434,
              40.29668171326691
            ],
            [
              -111.73871032736112,
              40.29671444144785
            ],
            [
              -111.73881429621265,
              40.296741345807696
            ],
            [
              -111.73891961755334,
              40.296762340613434
            ],
            [
              -111.73902595576772,
              40.296777358963304
            ],
            [
              -111.739132972,
              40.29678635300007
            ],
            [
              -111.74131807299995,
              40.296953262000045
            ],
            [
              -111.74141078956504,
              40.29695856495236
            ],
            [
              -111.74150365099996,
              40.296959677000075
            ],
            [
              -111.74205372699998,
              40.296955807000074
            ]
          ]
        ]
      },
      "properties": {
        "OBJECTID": 9,
        "Join_Count": 1,
        "TARGET_FID": 150,
        "PARCEL_NO": 180180065,
        "PARCELID": "180180065",
        "PARCELID_LABEL": "18:018:0065",
        "OWNER_NAME": "VINEYARD HOMESTEADS POD 1 LLC",
        "CARE_NAME": null,
        "ACREAGE": 3.580663,
        "SITE_FULL_ADDRESS": null,
        "OWN_FULL_ADDRESS": "2264 W WILLIAMSBURG CIR  WEST JORDAN, UT 84084",
        "PROP_TYPE": 900,
        "PROP_TYPE_DESCR": "VACANT",
        "SPECIFIC_PROP_TYPE": 901,
        "SPC_PROP_TYP_DESCR": "Vac Res",
        "ASMT_YEAR": 2026,
        "ASMT_CODE": "V",
        "ASMT_CODE_DESCR": "VACANT",
        "MKT_LAND_VALUE": 2433200,
        "MKT_CUR_VALUE": 2433200,
        "MKT_PRV_VAL": 2433200,
        "MKT_VAL_YR_CHG": 0,
        "MKT_PCT_CHG": 0,
        "GLOBALID": "{DDB13A4D-C745-4147-BBAB-765C3E95ABD4}",
        "Code": null,
        "Description": "Medium Density Residential",
        "City": "Vineyard",
        "Description_detailed": "Any Residential",
        "Acres": null,
        "Unit_Rate": null,
        "CityName": null,
        "AdoptedDate": null,
        "Slope_Score": 10,
        "GP_Score": 8,
        "Utilities_Score": 10,
        "Wetlands_Score": 10,
        "Soil_Score": 10,
        "Ownership_Score": 5,
        "Ownership_Type": "Business",
        "Utility_Proximity_Status": "Within 1/8 Mile",
        "Final_Score": 8.75,
        "ELEV_CHANGE": 9.617843334961435,
        "SLOPE": 0.7611348461112679,
        "Join_Count_12": 1,
        "TARGET_FID_12": 8264,
        "Shape_Length_12": null,
        "Shape_Area_12": null,
        "OBJECTID_1_12": null,
        "Join_Count_12_13": null,
        "TARGET_FID_12_13": null,
        "Id": 2073,
        "gridcode": 1,
        "ClassName": "Not Hydric",
        "Shape_Length_12_13": null,
        "Shape_Area_12_13": null,
        "SITE_HOUSE_NUM": " ",
        "SITE_PRE_DIR": "E",
        "SITE_STREET_NAME": "REMINGTON",
        "SITE_STREET_TYPE": "LN",
        "SITE_POST_DIR": null,
        "SITE_STREET_UNIT": null,
        "SITE_CITY": "VINEYARD",
        "SITE_STATE": "UT",
        "SITE_ZIP5": null,
        "OWN_STREET_ADDRESS": "2264 W WILLIAMSBURG CIR",
        "OWN_CITY": "WEST JORDAN",
        "OWN_STATE": "UT",
        "OWN_ZIP5": "84088",
        "VESTING_DOC": "49661-2025",
        "PARCEL_CREATE_DATE": 1753056000000,
        "MAP_FILING_NO": "19793 ",
        "SUB_NAME": "ORCHARDS AT VINEYARD THE PUD, PHASE 7",
        "LEGAL_DESCR": "COMMON AREA, ORCHARDS AT VINEYARD, PHASE 7 PUD. AREA 0.084 AC. ALSO COMMON AREA, ORCHARDS AT VINEYARD, PHASE 7 PUD. AREA 1.159 AC. ALSO COMMON AREA, ORCHARDS AT VINEYARD, PHASE 7 PUD. AREA 0.310 AC. ALSO COMMON AREA, ORCHARDS AT VINEYARD, PHASE 7 PUD. AREA 0.086 AC. ALSO COMMON AREA, ORCHARDS AT VINEYARD, PHASE 7 PUD. AREA 0.068 AC. ALSO COMMON AREA, ORCHARDS AT VINEYARD, PHASE 7 PUD. AREA 0.066 AC. ALSO COMMON AREA, ORCHARDS AT VINEYARD, PHASE 7 PUD. AREA 0.105 AC. ALSO COMMON AREA, ORCHARDS AT VINEYARD, PHASE 7 PUD. AREA 0.537 AC. ALSO COMMON AREA, ORCHARDS AT VINEYARD, PHASE 7 PUD. AREA 0.064 AC. ALSO COMMON AREA, ORCHARDS AT VINEYARD, PHASE 7 PUD. AREA 0.059 AC. ALSO COMMON AREA, ORCHARDS AT VINEYARD, PHASE 7 PUD. AREA 0.104 AC. ALSO COMMON AREA, ORCHARDS AT VINEYARD, PHASE 7 PUD. AREA 0.062 AC. ALSO COMMON AREA, ORCHARDS AT VINEYARD, PHASE 7 PUD. AREA 0.060 AC. ALSO COMMON AREA, ORCHARDS AT VINEYARD, PHASE 7 PUD. AREA 0.118 AC. ALSO COMMON AREA, ORCHARDS AT VINEYARD, PHASE 7 PUD. AREA 0.236 AC. ALSO COMMON AREA, ORCHARDS AT VINEYARD, PHASE 7 PUD. AREA 0.058 AC. TOTAL AREA 3.175 AC.",
        "BOOK_PAGE": 48602,
        "LOT": "6001",
        "BUILDING": null,
        "UNIT": null,
        "TAX_DISTRICT": "095",
        "TAX_DISTRICT_DESCR": "VINEYARD CITY",
        "SCHOOL_DISTRICT": "ALPINE",
        "TAXABLE_CODE": 100,
        "ACCOUNT_TYPE": null,
        "NEIGHBORHOOD": "9999",
        "NBHD_DISTRICT": null,
        "LAND_DISTRICT": 9999,
        "ECONOMIC_UNIT": null,
        "GLA_WEIGHTED_YRBLT": null,
        "TOTAL_ABOVE_GRADE_AREA": null,
        "TOTAL_MEZZANINE": null,
        "TOTAL_BASEMENT": null,
        "TOTAL_BSMT_FINISH": null,
        "TOTAL_UNIT_COUNT": null,
        "TOTAL_IMP_COUNT": null,
        "MKT_LAND_RES": 0,
        "MKT_LAND_AGR": 0,
        "MKT_LAND_COM": 0,
        "MKT_IMP_VALUE": 0,
        "MKT_IMP_RES": 0,
        "MKT_IMP_AGR": 0,
        "MKT_IMP_COM": 0,
        "TXBL_CUR_VALUE": 0,
        "TXBL_PRV_VAL": 0,
        "TXBL_VAL_YR_CHG": 0,
        "TXBL_PCT_CHG": 0,
        "TOT_CUR_TAXES": 0,
        "TOT_PRV_TAXES": 0,
        "TAXES_YR_CHG": 0,
        "TAXES_PCT_CHG": 0,
        "GREENBELT": null,
        "EXEMPT_RES": "UNK",
        "COMMON_AREA": "Yes",
        "PUBLIC_ROAD": null,
        "PRIVATE_ROAD": null,
        "PART_CENTRAL_ASSD": null,
        "PART_TAXABLE": null,
        "IMP_NO_RES": null,
        "COST_GROUP_RES": null,
        "STYLE_DESCR_RES": null,
        "QUALITY_RES": null,
        "QUALITY_DESCR_RES": null,
        "CONDITION_RES": null,
        "CONDITION_DESCR_RES": null,
        "YEARBLT_RES": null,
        "GLA_RES": null,
        "BASEMENT_RES": null,
        "BSMT_FINISH_RES": null,
        "ATT_GARAGE_SQFT_RES": null,
        "BATHROOMS_RES": null,
        "GLA_BEDROOMS_RES": null,
        "EXTERIOR_RES": null,
        "ALLOCATION_PCT_RES": null,
        "TRAV_COUNT": null,
        "LASTUPDATE": null,
        "CREATED_DATE": 1753089236000,
        "LAST_EDITED_DATE": 1753089236000,
        "ChangeType": "Added",
        "Previous_Owner": null,
        "Shape_Length_12_13_14": 305.4907017166834,
        "Shape_Area_12_13_14": 2533.918966063251,
        "Shape_Length": 0.008896005802377387,
        "Shape_Area": 1.5350024159129417e-06
      }
    },
    {
      "type": "Feature",
      "id": 10,
      "geometry": {
        "type": "Polygon",
        "coordinates": [
          [
            [
              -111.74150383199998,
              40.29695947500005
            ],
            [
              -111.74150369699998,
              40.296959395000044
            ],
            [
              -111.74141084076899,
              40.29695811955744
            ],
            [
              -111.74131811799998,
              40.29695298200005
            ],
            [
              -111.73913301399995,
              40.29678609700005
            ],
            [
              -111.73902602773846,
              40.296777091789636
            ],
            [
              -111.73891972000744,
              40.29676206447171
            ],
            [
              -111.73881442950947,
              40.296741062924184
            ],
            [
              -111.73871049170623,
              40.2967141540592
            ],
            [
              -111.73860823774956,
              40.296681423609975
            ],
            [
              -111.73850799342654,
              40.29664297585762
            ],
            [
              -111.73841007812139,
              40.29659893329891
            ],
            [
              -111.73831480379798,
              40.296549436255994
            ],
            [
              -111.73822247400582,
              40.29649464242932
            ],
            [
              -111.738133382913,
              40.29643472639522
            ],
            [
              -111.73804781436895,
              40.29636987904965
            ],
            [
              -111.73796604099999,
              40.296300307000024
            ],
            [
              -111.73790368199997,
              40.29627039700006
            ],
            [
              -111.73782787099998,
              40.296303944000044
            ],
            [
              -111.73843262699995,
              40.297105223000074
            ],
            [
              -111.73862312699998,
              40.29710483500003
            ],
            [
              -111.73864634646799,
              40.29706644555221
            ],
            [
              -111.73867532860913,
              40.29703219750273
            ],
            [
              -111.73870934833359,
              40.29700294768656
            ],
            [
              -111.73874755451874,
              40.29697942789033
            ],
            [
              -111.73878899130298,
              40.296962226544174
            ],
            [
              -111.73883262199996,
              40.296951774000036
            ],
            [
              -111.73899097299994,
              40.29691864800003
            ],
            [
              -111.73920515099996,
              40.29688114000004
            ],
            [
              -111.73941281199996,
              40.296865438000054
            ],
            [
              -111.73951483599996,
              40.29686687100008
            ],
            [
              -111.74046513099995,
              40.29693361200003
            ],
            [
              -111.74077699299994,
              40.29696459400003
            ],
            [
              -111.74150383199998,
              40.29695947500005
            ]
          ]
        ]
      },
      "properties": {
        "OBJECTID": 10,
        "Join_Count": 1,
        "TARGET_FID": 154,
        "PARCEL_NO": 180180077,
        "PARCELID": "180180077",
        "PARCELID_LABEL": "18:018:0077",
        "OWNER_NAME": "VINEYARD HOMESTEADS POD 1 LLC",
        "CARE_NAME": null,
        "ACREAGE": 1.0841239999999999,
        "SITE_FULL_ADDRESS": null,
        "OWN_FULL_ADDRESS": "2246 W WILLIAMSBURG CIR  WEST JORDAN, UT 84088",
        "PROP_TYPE": 900,
        "PROP_TYPE_DESCR": "VACANT",
        "SPECIFIC_PROP_TYPE": 901,
        "SPC_PROP_TYP_DESCR": "Vac Res",
        "ASMT_YEAR": 2026,
        "ASMT_CODE": "V",
        "ASMT_CODE_DESCR": "VACANT",
        "MKT_LAND_VALUE": 736500,
        "MKT_CUR_VALUE": 736500,
        "MKT_PRV_VAL": 736500,
        "MKT_VAL_YR_CHG": 0,
        "MKT_PCT_CHG": 0,
        "GLOBALID": "{74D00528-8354-4878-AEED-5F3109403118}",
        "Code": null,
        "Description": "Medium Density Residential",
        "City": "Vineyard",
        "Description_detailed": "Any Residential",
        "Acres": null,
        "Unit_Rate": null,
        "CityName": null,
        "AdoptedDate": null,
        "Slope_Score": 10,
        "GP_Score": 8,
        "Utilities_Score": 10,
        "Wetlands_Score": 0,
        "Soil_Score": 10,
        "Ownership_Score": 5,
        "Ownership_Type": "Business",
        "Utility_Proximity_Status": "Within 1/8 Mile",
        "Final_Score": 7.25,
        "ELEV_CHANGE": 2.411369340819874,
        "SLOPE": 0.2400801499398885,
        "Join_Count_12": 3,
        "TARGET_FID_12": 8316,
        "Shape_Length_12": null,
        "Shape_Area_12": null,
        "OBJECTID_1_12": null,
        "Join_Count_12_13": null,
        "TARGET_FID_12_13": null,
        "Id": 2073,
        "gridcode": 1,
        "ClassName": "Not Hydric",
        "Shape_Length_12_13": null,
        "Shape_Area_12_13": null,
        "SITE_HOUSE_NUM": " ",
        "SITE_PRE_DIR": "E",
        "SITE_STREET_NAME": "REMINGTON",
        "SITE_STREET_TYPE": "LN",
        "SITE_POST_DIR": null,
        "SITE_STREET_UNIT": null,
        "SITE_CITY": "VINEYARD",
        "SITE_STATE": "UT",
        "SITE_ZIP5": null,
        "OWN_STREET_ADDRESS": "2264 W WILLIAMSBURG CIR",
        "OWN_CITY": "WEST JORDAN",
        "OWN_STATE": "UT",
        "OWN_ZIP5": "84088",
        "VESTING_DOC": "49661-2025",
        "PARCEL_CREATE_DATE": 1753056000000,
        "MAP_FILING_NO": "19793 ",
        "SUB_NAME": "ORCHARDS AT VINEYARD THE PUD, PHASE 7",
        "LEGAL_DESCR": "COMMON AREA, ORCHARDS AT VINEYARD, PHASE 7 PUD. AREA 0.084 AC. ALSO COMMON AREA, ORCHARDS AT VINEYARD, PHASE 7 PUD. AREA 1.159 AC. ALSO COMMON AREA, ORCHARDS AT VINEYARD, PHASE 7 PUD. AREA 0.310 AC. ALSO COMMON AREA, ORCHARDS AT VINEYARD, PHASE 7 PUD. AREA 0.086 AC. ALSO COMMON AREA, ORCHARDS AT VINEYARD, PHASE 7 PUD. AREA 0.068 AC. ALSO COMMON AREA, ORCHARDS AT VINEYARD, PHASE 7 PUD. AREA 0.066 AC. ALSO COMMON AREA, ORCHARDS AT VINEYARD, PHASE 7 PUD. AREA 0.105 AC. ALSO COMMON AREA, ORCHARDS AT VINEYARD, PHASE 7 PUD. AREA 0.537 AC. ALSO COMMON AREA, ORCHARDS AT VINEYARD, PHASE 7 PUD. AREA 0.064 AC. ALSO COMMON AREA, ORCHARDS AT VINEYARD, PHASE 7 PUD. AREA 0.059 AC. ALSO COMMON AREA, ORCHARDS AT VINEYARD, PHASE 7 PUD. AREA 0.104 AC. ALSO COMMON AREA, ORCHARDS AT VINEYARD, PHASE 7 PUD. AREA 0.062 AC. ALSO COMMON AREA, ORCHARDS AT VINEYARD, PHASE 7 PUD. AREA 0.060 AC. ALSO COMMON AREA, ORCHARDS AT VINEYARD, PHASE 7 PUD. AREA 0.118 AC. ALSO COMMON AREA, ORCHARDS AT VINEYARD, PHASE 7 PUD. AREA 0.236 AC. ALSO COMMON AREA, ORCHARDS AT VINEYARD, PHASE 7 PUD. AREA 0.058 AC. TOTAL AREA 3.175 AC.",
        "BOOK_PAGE": 48602,
        "LOT": "6302",
        "BUILDING": null,
        "UNIT": null,
        "TAX_DISTRICT": "095",
        "TAX_DISTRICT_DESCR": "VINEYARD CITY",
        "SCHOOL_DISTRICT": "ALPINE",
        "TAXABLE_CODE": 100,
        "ACCOUNT_TYPE": null,
        "NEIGHBORHOOD": "9999",
        "NBHD_DISTRICT": null,
        "LAND_DISTRICT": 9999,
        "ECONOMIC_UNIT": null,
        "GLA_WEIGHTED_YRBLT": null,
        "TOTAL_ABOVE_GRADE_AREA": null,
        "TOTAL_MEZZANINE": null,
        "TOTAL_BASEMENT": null,
        "TOTAL_BSMT_FINISH": null,
        "TOTAL_UNIT_COUNT": null,
        "TOTAL_IMP_COUNT": null,
        "MKT_LAND_RES": 0,
        "MKT_LAND_AGR": 0,
        "MKT_LAND_COM": 0,
        "MKT_IMP_VALUE": 0,
        "MKT_IMP_RES": 0,
        "MKT_IMP_AGR": 0,
        "MKT_IMP_COM": 0,
        "TXBL_CUR_VALUE": 0,
        "TXBL_PRV_VAL": 0,
        "TXBL_VAL_YR_CHG": 0,
        "TXBL_PCT_CHG": 0,
        "TOT_CUR_TAXES": 0,
        "TOT_PRV_TAXES": 0,
        "TAXES_YR_CHG": 0,
        "TAXES_PCT_CHG": 0,
        "GREENBELT": null,
        "EXEMPT_RES": "UNK",
        "COMMON_AREA": "Yes",
        "PUBLIC_ROAD": null,
        "PRIVATE_ROAD": null,
        "PART_CENTRAL_ASSD": null,
        "PART_TAXABLE": null,
        "IMP_NO_RES": null,
        "COST_GROUP_RES": null,
        "STYLE_DESCR_RES": null,
        "QUALITY_RES": null,
        "QUALITY_DESCR_RES": null,
        "CONDITION_RES": null,
        "CONDITION_DESCR_RES": null,
        "YEARBLT_RES": null,
        "GLA_RES": null,
        "BASEMENT_RES": null,
        "BSMT_FINISH_RES": null,
        "ATT_GARAGE_SQFT_RES": null,
        "BATHROOMS_RES": null,
        "GLA_BEDROOMS_RES": null,
        "EXTERIOR_RES": null,
        "ALLOCATION_PCT_RES": null,
        "TRAV_COUNT": null,
        "LASTUPDATE": null,
        "CREATED_DATE": 1753089236000,
        "LAST_EDITED_DATE": 1753089236000,
        "ChangeType": "Added",
        "Previous_Owner": null,
        "Shape_Length_12_13_14": 305.4907017166834,
        "Shape_Area_12_13_14": 2533.918966063251,
        "Shape_Length": 0.007964230746655126,
        "Shape_Area": 4.6487405461086126e-07
      }
    },
    {
      "type": "Feature",
      "id": 11,
      "geometry": {
        "type": "Polygon",
        "coordinates": [
          [
            [
              -111.65527592799998,
              40.16887036800006
            ],
            [
              -111.65699243599994,
              40.16886806900004
            ],
            [
              -111.65698808499997,
              40.16696618700007
            ],
            [
              -111.65527162399997,
              40.16696848600003
            ],
            [
              -111.65527592799998,
              40.16887036800006
            ]
          ]
        ]
      },
      "properties": {
        "OBJECTID": 11,
        "Join_Count": 1,
        "TARGET_FID": 253,
        "PARCEL_NO": 210960004,
        "PARCELID": "210960004",
        "PARCELID_LABEL": "21:096:0004",
        "OWNER_NAME": "LYNN & SHARON PROPERTIES LLC",
        "CARE_NAME": null,
        "ACREAGE": 7.633500000000001,
        "SITE_FULL_ADDRESS": null,
        "OWN_FULL_ADDRESS": "763 W 6400 S  SPANISH FORK, UT 84660-9640",
        "PROP_TYPE": 900,
        "PROP_TYPE_DESCR": "VACANT",
        "SPECIFIC_PROP_TYPE": 901,
        "SPC_PROP_TYP_DESCR": "Vac Res",
        "ASMT_YEAR": 2026,
        "ASMT_CODE": "V",
        "ASMT_CODE_DESCR": "VACANT",
        "MKT_LAND_VALUE": 357700,
        "MKT_CUR_VALUE": 357700,
        "MKT_PRV_VAL": 357700,
        "MKT_VAL_YR_CHG": 0,
        "MKT_PCT_CHG": 0,
        "GLOBALID": "{2607F31D-5F41-46AF-A3E4-0200CD03180E}",
        "Code": null,
        "Description": "Medium Density Residential",
        "City": "Springville",
        "Description_detailed": "Any Residential",
        "Acres": null,
        "Unit_Rate": null,
        "CityName": null,
        "AdoptedDate": null,
        "Slope_Score": 10,
        "GP_Score": 8,
        "Utilities_Score": 10,
        "Wetlands_Score": 10,
        "Soil_Score": 7,
        "Ownership_Score": 5,
        "Ownership_Type": "Business",
        "Utility_Proximity_Status": "Within 1/8 Mile",
        "Final_Score": 8.45,
        "ELEV_CHANGE": 3.9372482958988257,
        "SLOPE": 0.1451824644324995,
        "Join_Count_12": 1,
        "TARGET_FID_12": 10400,
        "Shape_Length_12": null,
        "Shape_Area_12": null,
        "OBJECTID_1_12": null,
        "Join_Count_12_13": null,
        "TARGET_FID_12_13": null,
        "Id": 1498,
        "gridcode": 2,
        "ClassName": "Partially Hydric (1 - 25%)",
        "Shape_Length_12_13": null,
        "Shape_Area_12_13": null,
        "SITE_HOUSE_NUM": null,
        "SITE_PRE_DIR": null,
        "SITE_STREET_NAME": null,
        "SITE_STREET_TYPE": null,
        "SITE_POST_DIR": null,
        "SITE_STREET_UNIT": null,
        "SITE_CITY": null,
        "SITE_STATE": null,
        "SITE_ZIP5": null,
        "OWN_STREET_ADDRESS": "7585 S UNION PARK AVE STE 200",
        "OWN_CITY": "MIDVALE",
        "OWN_STATE": "UT",
        "OWN_ZIP5": "84047",
        "VESTING_DOC": "83593-2022",
        "PARCEL_CREATE_DATE": 1752019200000,
        "MAP_FILING_NO": null,
        "SUB_NAME": null,
        "LEGAL_DESCR": "COM S 1673.067 FT & W 167.64 FT FR NE COR. SEC. 36, T7S, R2E, SLB&M.; W 233.6 FT; N 0 DEG 20' 47\" W 341.55 FT; E 235.63 FT; S 341.55 FT TO BEG. AREA 1.838 AC.",
        "BOOK_PAGE": 21096,
        "LOT": null,
        "BUILDING": null,
        "UNIT": null,
        "TAX_DISTRICT": "131",
        "TAX_DISTRICT_DESCR": "SPRINGVILLE W/SPRV DRAIN DIST",
        "SCHOOL_DISTRICT": "NEBO",
        "TAXABLE_CODE": 100,
        "ACCOUNT_TYPE": null,
        "NEIGHBORHOOD": "9999",
        "NBHD_DISTRICT": null,
        "LAND_DISTRICT": 9999,
        "ECONOMIC_UNIT": null,
        "GLA_WEIGHTED_YRBLT": null,
        "TOTAL_ABOVE_GRADE_AREA": null,
        "TOTAL_MEZZANINE": null,
        "TOTAL_BASEMENT": null,
        "TOTAL_BSMT_FINISH": null,
        "TOTAL_UNIT_COUNT": null,
        "TOTAL_IMP_COUNT": null,
        "MKT_LAND_RES": 0,
        "MKT_LAND_AGR": 0,
        "MKT_LAND_COM": 0,
        "MKT_IMP_VALUE": 0,
        "MKT_IMP_RES": 0,
        "MKT_IMP_AGR": 0,
        "MKT_IMP_COM": 0,
        "TXBL_CUR_VALUE": 0,
        "TXBL_PRV_VAL": 0,
        "TXBL_VAL_YR_CHG": 0,
        "TXBL_PCT_CHG": 0,
        "TOT_CUR_TAXES": 0,
        "TOT_PRV_TAXES": 0,
        "TAXES_YR_CHG": 0,
        "TAXES_PCT_CHG": 0,
        "GREENBELT": null,
        "EXEMPT_RES": "UNK",
        "COMMON_AREA": null,
        "PUBLIC_ROAD": null,
        "PRIVATE_ROAD": null,
        "PART_CENTRAL_ASSD": null,
        "PART_TAXABLE": null,
        "IMP_NO_RES": null,
        "COST_GROUP_RES": null,
        "STYLE_DESCR_RES": null,
        "QUALITY_RES": null,
        "QUALITY_DESCR_RES": null,
        "CONDITION_RES": null,
        "CONDITION_DESCR_RES": null,
        "YEARBLT_RES": null,
        "GLA_RES": null,
        "BASEMENT_RES": null,
        "BSMT_FINISH_RES": null,
        "ATT_GARAGE_SQFT_RES": null,
        "BATHROOMS_RES": null,
        "GLA_BEDROOMS_RES": null,
        "EXTERIOR_RES": null,
        "ALLOCATION_PCT_RES": null,
        "TRAV_COUNT": null,
        "LASTUPDATE": null,
        "CREATED_DATE": 1752057104000,
        "LAST_EDITED_DATE": 1752057104000,
        "ChangeType": "Added",
        "Previous_Owner": null,
        "Shape_Length_12_13_14": 1151.967190711709,
        "Shape_Area_12_13_14": 80080.55926498941,
        "Shape_Length": 0.007236745926131081,
        "Shape_Area": 3.2645609227103692e-06
      }
    },
    {
      "type": "Feature",
      "id": 12,
      "geometry": {
        "type": "Polygon",
        "coordinates": [
          [
            [
              -111.65528016999997,
              40.17074508300004
            ],
            [
              -111.65587990099999,
              40.17074428300003
            ],
            [
              -111.65587564199996,
              40.16886957300005
            ],
            [
              -111.65527592799998,
              40.16887037300006
            ],
            [
              -111.65528016999997,
              40.17074508300004
            ]
          ]
        ]
      },
      "properties": {
        "OBJECTID": 12,
        "Join_Count": 1,
        "TARGET_FID": 260,
        "PARCEL_NO": 210960015,
        "PARCELID": "210960015",
        "PARCELID_LABEL": "21:096:0015",
        "OWNER_NAME": "LAKESIDE LAND PARTNERS LLC",
        "CARE_NAME": null,
        "ACREAGE": 2.63,
        "SITE_FULL_ADDRESS": null,
        "OWN_FULL_ADDRESS": "7585 S UNION PARK AVE STE 200  MIDVALE, UT 84047",
        "PROP_TYPE": 900,
        "PROP_TYPE_DESCR": "VACANT",
        "SPECIFIC_PROP_TYPE": 901,
        "SPC_PROP_TYP_DESCR": "Vac Res",
        "ASMT_YEAR": 2026,
        "ASMT_CODE": "V",
        "ASMT_CODE_DESCR": "VACANT",
        "MKT_LAND_VALUE": 123400,
        "MKT_CUR_VALUE": 123400,
        "MKT_PRV_VAL": 123400,
        "MKT_VAL_YR_CHG": 0,
        "MKT_PCT_CHG": 0,
        "GLOBALID": "{84E49438-15DE-44E3-99C1-3441C4834BD0}",
        "Code": null,
        "Description": "Medium Density Residential",
        "City": "Springville",
        "Description_detailed": "Any Residential",
        "Acres": null,
        "Unit_Rate": null,
        "CityName": null,
        "AdoptedDate": null,
        "Slope_Score": 10,
        "GP_Score": 8,
        "Utilities_Score": 0,
        "Wetlands_Score": 10,
        "Soil_Score": 7,
        "Ownership_Score": 5,
        "Ownership_Type": "Business",
        "Utility_Proximity_Status": "Not Within 1/8 Mile",
        "Final_Score": 5.95,
        "ELEV_CHANGE": 3.9372482958988257,
        "SLOPE": 0.1451824644324995,
        "Join_Count_12": 1,
        "TARGET_FID_12": 10457,
        "Shape_Length_12": null,
        "Shape_Area_12": null,
        "OBJECTID_1_12": null,
        "Join_Count_12_13": null,
        "TARGET_FID_12_13": null,
        "Id": 1498,
        "gridcode": 2,
        "ClassName": "Partially Hydric (1 - 25%)",
        "Shape_Length_12_13": null,
        "Shape_Area_12_13": null,
        "SITE_HOUSE_NUM": null,
        "SITE_PRE_DIR": null,
        "SITE_STREET_NAME": null,
        "SITE_STREET_TYPE": null,
        "SITE_POST_DIR": null,
        "SITE_STREET_UNIT": null,
        "SITE_CITY": null,
        "SITE_STATE": null,
        "SITE_ZIP5": null,
        "OWN_STREET_ADDRESS": "7585 S UNION PARK AVE STE 200",
        "OWN_CITY": "MIDVALE",
        "OWN_STATE": "UT",
        "OWN_ZIP5": "84047",
        "VESTING_DOC": "83593-2022",
        "PARCEL_CREATE_DATE": 1752019200000,
        "MAP_FILING_NO": null,
        "SUB_NAME": null,
        "LEGAL_DESCR": "COM S 989.981 FT & W 303.987 FT FR NE COR. SEC. 36, T7S, R2E, SLB&M.; E 136.35 FT; S 341.55 FT; W 235.63 FT; N 0 DEG 20' 47\" W 158.81 FT; ALONG A CURVE TO R (CHORD BEARS: N 35 DEG 7' 31\" E 62.87 FT, RADIUS = 100 FT); N 53 DEG 46' 21\" E 75.12 FT; N 61 DEG 42' 40\" E 6.91 FT; ALONG A CURVE TO R (CHORD BEARS: N 80 DEG 1' 24\" E 72.17 FT, RADIUS = 201.5 FT); S 89 DEG 36' 12\" E 4.36 FT; N 0 DEG 23' 48\" E 60 FT; N 89 DEG 36' 12\" W 52.76 FT; N 89 DEG 36' 12\" W 1.35 FT; ALONG A CURVE TO R (CHORD BEARS: N 76 DEG 18' 54\" W 14.78 FT, RADIUS = 35 FT); ALONG A CURVE TO R (CHORD BEARS: N 53 DEG 53' 45\" W 12.42 FT, RADIUS = 35 FT) TO BEG. AREA 1.451 AC.",
        "BOOK_PAGE": 21096,
        "LOT": null,
        "BUILDING": null,
        "UNIT": null,
        "TAX_DISTRICT": "131",
        "TAX_DISTRICT_DESCR": "SPRINGVILLE W/SPRV DRAIN DIST",
        "SCHOOL_DISTRICT": "NEBO",
        "TAXABLE_CODE": 100,
        "ACCOUNT_TYPE": null,
        "NEIGHBORHOOD": "9999",
        "NBHD_DISTRICT": null,
        "LAND_DISTRICT": 9999,
        "ECONOMIC_UNIT": null,
        "GLA_WEIGHTED_YRBLT": null,
        "TOTAL_ABOVE_GRADE_AREA": null,
        "TOTAL_MEZZANINE": null,
        "TOTAL_BASEMENT": null,
        "TOTAL_BSMT_FINISH": null,
        "TOTAL_UNIT_COUNT": null,
        "TOTAL_IMP_COUNT": null,
        "MKT_LAND_RES": 0,
        "MKT_LAND_AGR": 0,
        "MKT_LAND_COM": 0,
        "MKT_IMP_VALUE": 0,
        "MKT_IMP_RES": 0,
        "MKT_IMP_AGR": 0,
        "MKT_IMP_COM": 0,
        "TXBL_CUR_VALUE": 0,
        "TXBL_PRV_VAL": 0,
        "TXBL_VAL_YR_CHG": 0,
        "TXBL_PCT_CHG": 0,
        "TOT_CUR_TAXES": 0,
        "TOT_PRV_TAXES": 0,
        "TAXES_YR_CHG": 0,
        "TAXES_PCT_CHG": 0,
        "GREENBELT": null,
        "EXEMPT_RES": "UNK",
        "COMMON_AREA": null,
        "PUBLIC_ROAD": null,
        "PRIVATE_ROAD": null,
        "PART_CENTRAL_ASSD": null,
        "PART_TAXABLE": null,
        "IMP_NO_RES": null,
        "COST_GROUP_RES": null,
        "STYLE_DESCR_RES": null,
        "QUALITY_RES": null,
        "QUALITY_DESCR_RES": null,
        "CONDITION_RES": null,
        "CONDITION_DESCR_RES": null,
        "YEARBLT_RES": null,
        "GLA_RES": null,
        "BASEMENT_RES": null,
        "BSMT_FINISH_RES": null,
        "ATT_GARAGE_SQFT_RES": null,
        "BATHROOMS_RES": null,
        "GLA_BEDROOMS_RES": null,
        "EXTERIOR_RES": null,
        "ALLOCATION_PCT_RES": null,
        "TRAV_COUNT": null,
        "LASTUPDATE": null,
        "CREATED_DATE": 1752057104000,
        "LAST_EDITED_DATE": 1752057104000,
        "ChangeType": "Added",
        "Previous_Owner": null,
        "Shape_Length_12_13_14": 1236.4232891106242,
        "Shape_Area_12_13_14": 63199.22744490342,
        "Shape_Length": 0.004948875704236938,
        "Shape_Area": 1.1243091683615244e-06
      }
    },
    {
      "type": "Feature",
      "id": 13,
      "geometry": {
        "type": "Polygon",
        "coordinates": [
          [
            [
              -111.65522266999994,
              40.17071615100008
            ],
            [
              -111.65521879099998,
              40.17071618500006
            ],
            [
              -111.65523765799998,
              40.17257734000003
            ],
            [
              -111.65590579299999,
              40.17257084800008
            ],
            [
              -111.65589441099996,
              40.17071882400006
            ],
            [
              -111.65522266999994,
              40.17071615100008
            ]
          ]
        ]
      },
      "properties": {
        "OBJECTID": 13,
        "Join_Count": 1,
        "TARGET_FID": 261,
        "PARCEL_NO": 210960018,
        "PARCELID": "210960018",
        "PARCELID_LABEL": "21:096:0018",
        "OWNER_NAME": "CLEMENTS, DAVID H & CINDY A (ET AL)",
        "CARE_NAME": null,
        "ACREAGE": 2.9082939999999997,
        "SITE_FULL_ADDRESS": null,
        "OWN_FULL_ADDRESS": "2781 ARAPAHOE LN  PROVO, UT 84604",
        "PROP_TYPE": 900,
        "PROP_TYPE_DESCR": "VACANT",
        "SPECIFIC_PROP_TYPE": 901,
        "SPC_PROP_TYP_DESCR": "Vac Res",
        "ASMT_YEAR": 2026,
        "ASMT_CODE": "V",
        "ASMT_CODE_DESCR": "VACANT",
        "MKT_LAND_VALUE": 136300,
        "MKT_CUR_VALUE": 136300,
        "MKT_PRV_VAL": 136300,
        "MKT_VAL_YR_CHG": 0,
        "MKT_PCT_CHG": 0,
        "GLOBALID": "{4E14ABF0-6DAD-4F26-928D-F1B45B4263F8}",
        "Code": null,
        "Description": "Medium Density Residential",
        "City": "Springville",
        "Description_detailed": "Any Residential",
        "Acres": null,
        "Unit_Rate": null,
        "CityName": null,
        "AdoptedDate": null,
        "Slope_Score": 10,
        "GP_Score": 8,
        "Utilities_Score": 10,
        "Wetlands_Score": 10,
        "Soil_Score": 7,
        "Ownership_Score": 10,
        "Ownership_Type": "Private",
        "Utility_Proximity_Status": "Within 1/8 Mile",
        "Final_Score": 9.2,
        "ELEV_CHANGE": 0.6500004052732038,
        "SLOPE": 0.10677196793925407,
        "Join_Count_12": 1,
        "TARGET_FID_12": 10458,
        "Shape_Length_12": null,
        "Shape_Area_12": null,
        "OBJECTID_1_12": null,
        "Join_Count_12_13": null,
        "TARGET_FID_12_13": null,
        "Id": 1498,
        "gridcode": 2,
        "ClassName": "Partially Hydric (1 - 25%)",
        "Shape_Length_12_13": null,
        "Shape_Area_12_13": null,
        "SITE_HOUSE_NUM": null,
        "SITE_PRE_DIR": null,
        "SITE_STREET_NAME": null,
        "SITE_STREET_TYPE": null,
        "SITE_POST_DIR": null,
        "SITE_STREET_UNIT": null,
        "SITE_CITY": null,
        "SITE_STATE": null,
        "SITE_ZIP5": null,
        "OWN_STREET_ADDRESS": "7585 S UNION PARK AVE STE 200",
        "OWN_CITY": "MIDVALE",
        "OWN_STATE": "UT",
        "OWN_ZIP5": "84047",
        "VESTING_DOC": "83593-2022",
        "PARCEL_CREATE_DATE": 1752019200000,
        "MAP_FILING_NO": null,
        "SUB_NAME": null,
        "LEGAL_DESCR": "COM S 989.981 FT & W 303.987 FT FR NE COR. SEC. 36, T7S, R2E, SLB&M.; E 136.35 FT; S 341.55 FT; W 235.63 FT; N 0 DEG 20' 47\" W 158.81 FT; ALONG A CURVE TO R (CHORD BEARS: N 35 DEG 7' 31\" E 62.87 FT, RADIUS = 100 FT); N 53 DEG 46' 21\" E 75.12 FT; N 61 DEG 42' 40\" E 6.91 FT; ALONG A CURVE TO R (CHORD BEARS: N 80 DEG 1' 24\" E 72.17 FT, RADIUS = 201.5 FT); S 89 DEG 36' 12\" E 4.36 FT; N 0 DEG 23' 48\" E 60 FT; N 89 DEG 36' 12\" W 52.76 FT; N 89 DEG 36' 12\" W 1.35 FT; ALONG A CURVE TO R (CHORD BEARS: N 76 DEG 18' 54\" W 14.78 FT, RADIUS = 35 FT); ALONG A CURVE TO R (CHORD BEARS: N 53 DEG 53' 45\" W 12.42 FT, RADIUS = 35 FT) TO BEG. AREA 1.451 AC.",
        "BOOK_PAGE": 21096,
        "LOT": null,
        "BUILDING": null,
        "UNIT": null,
        "TAX_DISTRICT": "131",
        "TAX_DISTRICT_DESCR": "SPRINGVILLE W/SPRV DRAIN DIST",
        "SCHOOL_DISTRICT": "NEBO",
        "TAXABLE_CODE": 100,
        "ACCOUNT_TYPE": null,
        "NEIGHBORHOOD": "9999",
        "NBHD_DISTRICT": null,
        "LAND_DISTRICT": 9999,
        "ECONOMIC_UNIT": null,
        "GLA_WEIGHTED_YRBLT": null,
        "TOTAL_ABOVE_GRADE_AREA": null,
        "TOTAL_MEZZANINE": null,
        "TOTAL_BASEMENT": null,
        "TOTAL_BSMT_FINISH": null,
        "TOTAL_UNIT_COUNT": null,
        "TOTAL_IMP_COUNT": null,
        "MKT_LAND_RES": 0,
        "MKT_LAND_AGR": 0,
        "MKT_LAND_COM": 0,
        "MKT_IMP_VALUE": 0,
        "MKT_IMP_RES": 0,
        "MKT_IMP_AGR": 0,
        "MKT_IMP_COM": 0,
        "TXBL_CUR_VALUE": 0,
        "TXBL_PRV_VAL": 0,
        "TXBL_VAL_YR_CHG": 0,
        "TXBL_PCT_CHG": 0,
        "TOT_CUR_TAXES": 0,
        "TOT_PRV_TAXES": 0,
        "TAXES_YR_CHG": 0,
        "TAXES_PCT_CHG": 0,
        "GREENBELT": null,
        "EXEMPT_RES": "UNK",
        "COMMON_AREA": null,
        "PUBLIC_ROAD": null,
        "PRIVATE_ROAD": null,
        "PART_CENTRAL_ASSD": null,
        "PART_TAXABLE": null,
        "IMP_NO_RES": null,
        "COST_GROUP_RES": null,
        "STYLE_DESCR_RES": null,
        "QUALITY_RES": null,
        "QUALITY_DESCR_RES": null,
        "CONDITION_RES": null,
        "CONDITION_DESCR_RES": null,
        "YEARBLT_RES": null,
        "GLA_RES": null,
        "BASEMENT_RES": null,
        "BSMT_FINISH_RES": null,
        "ATT_GARAGE_SQFT_RES": null,
        "BATHROOMS_RES": null,
        "GLA_BEDROOMS_RES": null,
        "EXTERIOR_RES": null,
        "ALLOCATION_PCT_RES": null,
        "TRAV_COUNT": null,
        "LASTUPDATE": null,
        "CREATED_DATE": 1752057104000,
        "LAST_EDITED_DATE": 1752057104000,
        "ChangeType": "Added",
        "Previous_Owner": null,
        "Shape_Length_12_13_14": 1236.4232891106242,
        "Shape_Area_12_13_14": 63199.22744490342,
        "Shape_Length": 0.00505710160873972,
        "Shape_Area": 1.247446452999164e-06
      }
    },
    {
      "type": "Feature",
      "id": 14,
      "geometry": {
        "type": "Polygon",
        "coordinates": [
          [
            [
              -111.65699241899995,
              40.16886806200006
            ],
            [
              -111.65947393199997,
              40.16886469100007
            ],
            [
              -111.65947173999996,
              40.167922813000075
            ],
            [
              -111.65999590399997,
              40.16792209500005
            ],
            [
              -111.65999366599999,
              40.16696210600003
            ],
            [
              -111.65931585999999,
              40.16696303400005
            ],
            [
              -111.65931601699998,
              40.16703043800004
            ],
            [
              -111.65699405799995,
              40.16701225600008
            ],
            [
              -111.65698815399998,
              40.16700387800006
            ],
            [
              -111.65699241899995,
              40.16886806200006
            ]
          ]
        ]
      },
      "properties": {
        "OBJECTID": 14,
        "Join_Count": 1,
        "TARGET_FID": 262,
        "PARCEL_NO": 210960021,
        "PARCELID": "210960021",
        "PARCELID_LABEL": "21:096:0021",
        "OWNER_NAME": "CRANDALL FARMS INC",
        "CARE_NAME": null,
        "ACREAGE": 11.896296,
        "SITE_FULL_ADDRESS": null,
        "OWN_FULL_ADDRESS": "1034 S MAIN ST  SPRINGVILLE, UT 84663-9423",
        "PROP_TYPE": 900,
        "PROP_TYPE_DESCR": "VACANT",
        "SPECIFIC_PROP_TYPE": 901,
        "SPC_PROP_TYP_DESCR": "Vac Res",
        "ASMT_YEAR": 2026,
        "ASMT_CODE": "V",
        "ASMT_CODE_DESCR": "VACANT",
        "MKT_LAND_VALUE": 557700,
        "MKT_CUR_VALUE": 557700,
        "MKT_PRV_VAL": 557700,
        "MKT_VAL_YR_CHG": 0,
        "MKT_PCT_CHG": 0,
        "GLOBALID": "{3EDBF6DD-74F9-432B-B4E7-1B0989CD4D46}",
        "Code": null,
        "Description": "Medium Density Residential",
        "City": "Springville",
        "Description_detailed": "Any Residential",
        "Acres": null,
        "Unit_Rate": null,
        "CityName": null,
        "AdoptedDate": null,
        "Slope_Score": 10,
        "GP_Score": 8,
        "Utilities_Score": 0,
        "Wetlands_Score": 0,
        "Soil_Score": 7,
        "Ownership_Score": 5,
        "Ownership_Type": "Business",
        "Utility_Proximity_Status": "Not Within 1/8 Mile",
        "Final_Score": 4.45,
        "ELEV_CHANGE": 3.9372482958988257,
        "SLOPE": 0.1451824644324995,
        "Join_Count_12": 1,
        "TARGET_FID_12": 10462,
        "Shape_Length_12": null,
        "Shape_Area_12": null,
        "OBJECTID_1_12": null,
        "Join_Count_12_13": null,
        "TARGET_FID_12_13": null,
        "Id": 1498,
        "gridcode": 2,
        "ClassName": "Partially Hydric (1 - 25%)",
        "Shape_Length_12_13": null,
        "Shape_Area_12_13": null,
        "SITE_HOUSE_NUM": null,
        "SITE_PRE_DIR": null,
        "SITE_STREET_NAME": null,
        "SITE_STREET_TYPE": null,
        "SITE_POST_DIR": null,
        "SITE_STREET_UNIT": null,
        "SITE_CITY": null,
        "SITE_STATE": null,
        "SITE_ZIP5": null,
        "OWN_STREET_ADDRESS": "7585 S UNION PARK AVE STE 200",
        "OWN_CITY": "MIDVALE",
        "OWN_STATE": "UT",
        "OWN_ZIP5": "84047",
        "VESTING_DOC": "83593-2022",
        "PARCEL_CREATE_DATE": 1752019200000,
        "MAP_FILING_NO": null,
        "SUB_NAME": null,
        "LEGAL_DESCR": "COM S 1673.067 FT & W 532.904 FT FR NE COR. SEC. 36, T7S, R2E, SLB&M.; W 787.09 FT; N 341.55 FT; E 785.05 FT; S 0 DEG 20' 53\" E 341.55 FT TO BEG. AREA 6.160 AC.",
        "BOOK_PAGE": 21096,
        "LOT": null,
        "BUILDING": null,
        "UNIT": null,
        "TAX_DISTRICT": "131",
        "TAX_DISTRICT_DESCR": "SPRINGVILLE W/SPRV DRAIN DIST",
        "SCHOOL_DISTRICT": "NEBO",
        "TAXABLE_CODE": 100,
        "ACCOUNT_TYPE": null,
        "NEIGHBORHOOD": "9999",
        "NBHD_DISTRICT": null,
        "LAND_DISTRICT": 9999,
        "ECONOMIC_UNIT": null,
        "GLA_WEIGHTED_YRBLT": null,
        "TOTAL_ABOVE_GRADE_AREA": null,
        "TOTAL_MEZZANINE": null,
        "TOTAL_BASEMENT": null,
        "TOTAL_BSMT_FINISH": null,
        "TOTAL_UNIT_COUNT": null,
        "TOTAL_IMP_COUNT": null,
        "MKT_LAND_RES": 0,
        "MKT_LAND_AGR": 0,
        "MKT_LAND_COM": 0,
        "MKT_IMP_VALUE": 0,
        "MKT_IMP_RES": 0,
        "MKT_IMP_AGR": 0,
        "MKT_IMP_COM": 0,
        "TXBL_CUR_VALUE": 0,
        "TXBL_PRV_VAL": 0,
        "TXBL_VAL_YR_CHG": 0,
        "TXBL_PCT_CHG": 0,
        "TOT_CUR_TAXES": 0,
        "TOT_PRV_TAXES": 0,
        "TAXES_YR_CHG": 0,
        "TAXES_PCT_CHG": 0,
        "GREENBELT": null,
        "EXEMPT_RES": "UNK",
        "COMMON_AREA": null,
        "PUBLIC_ROAD": null,
        "PRIVATE_ROAD": null,
        "PART_CENTRAL_ASSD": null,
        "PART_TAXABLE": null,
        "IMP_NO_RES": null,
        "COST_GROUP_RES": null,
        "STYLE_DESCR_RES": null,
        "QUALITY_RES": null,
        "QUALITY_DESCR_RES": null,
        "CONDITION_RES": null,
        "CONDITION_DESCR_RES": null,
        "YEARBLT_RES": null,
        "GLA_RES": null,
        "BASEMENT_RES": null,
        "BSMT_FINISH_RES": null,
        "ATT_GARAGE_SQFT_RES": null,
        "BATHROOMS_RES": null,
        "GLA_BEDROOMS_RES": null,
        "EXTERIOR_RES": null,
        "ALLOCATION_PCT_RES": null,
        "TRAV_COUNT": null,
        "LASTUPDATE": null,
        "CREATED_DATE": 1752057104000,
        "LAST_EDITED_DATE": 1752057104000,
        "ChangeType": "Added",
        "Previous_Owner": null,
        "Shape_Length_12_13_14": 2254.6434801018304,
        "Shape_Area_12_13_14": 268337.794212958,
        "Shape_Length": 0.009849231120970001,
        "Shape_Area": 5.090657392681865e-06
      }
    },
    {
      "type": "Feature",
      "id": 15,
      "geometry": {
        "type": "Polygon",
        "coordinates": [
          [
            [
              -111.62621513999994,
              40.214579564000076
            ],
            [
              -111.62621492999995,
              40.21457953000004
            ],
            [
              -111.62684831899998,
              40.213880534000054
            ],
            [
              -111.62685135728825,
              40.213780843643484
            ],
            [
              -111.62686114399784,
              40.2136815883227
            ],
            [
              -111.62687763413706,
              40.21358322433692
            ],
            [
              -111.62690075189695,
              40.213486203887705
            ],
            [
              -111.62693039099997,
              40.21339097300006
            ],
            [
              -111.62602912999995,
              40.213076519000026
            ],
            [
              -111.62518540999997,
              40.212007620000065
            ],
            [
              -111.62324305399994,
              40.21185475800007
            ],
            [
              -111.62440426599994,
              40.213350381000055
            ],
            [
              -111.62500054399999,
              40.21440188500003
            ],
            [
              -111.62506965499995,
              40.21458002600008
            ],
            [
              -111.62621513999994,
              40.214579564000076
            ]
          ]
        ]
      },
      "properties": {
        "OBJECTID": 15,
        "Join_Count": 1,
        "TARGET_FID": 325,
        "PARCEL_NO": 220480071,
        "PARCELID": "220480071",
        "PARCELID_LABEL": "22:048:0071",
        "OWNER_NAME": "TPG AG EHC III (LEN) MULTI STATE 5 LLC",
        "CARE_NAME": "%LENNAR HOMES OF UTAH LLC",
        "ACREAGE": 11.791881,
        "SITE_FULL_ADDRESS": null,
        "OWN_FULL_ADDRESS": "%LENNAR HOMES OF UTAH LLC  111 E SEGO LILY DR # 150  SANDY, UT 84070",
        "PROP_TYPE": 900,
        "PROP_TYPE_DESCR": "VACANT",
        "SPECIFIC_PROP_TYPE": 901,
        "SPC_PROP_TYP_DESCR": "Vac Res",
        "ASMT_YEAR": 2026,
        "ASMT_CODE": "V",
        "ASMT_CODE_DESCR": "VACANT",
        "MKT_LAND_VALUE": 401200,
        "MKT_CUR_VALUE": 401200,
        "MKT_PRV_VAL": 401200,
        "MKT_VAL_YR_CHG": 0,
        "MKT_PCT_CHG": 0,
        "GLOBALID": "{189D6C79-5232-4E04-9B7C-4DC262CC70E8}",
        "Code": "R",
        "Description": "Residential",
        "City": "Provo",
        "Description_detailed": null,
        "Acres": null,
        "Unit_Rate": null,
        "CityName": null,
        "AdoptedDate": null,
        "Slope_Score": 10,
        "GP_Score": 5,
        "Utilities_Score": 5,
        "Wetlands_Score": 10,
        "Soil_Score": 10,
        "Ownership_Score": 5,
        "Ownership_Type": "Business",
        "Utility_Proximity_Status": "Unknown - No Data",
        "Final_Score": 6.75,
        "ELEV_CHANGE": 40.744572539061664,
        "SLOPE": 2.52407284804332,
        "Join_Count_12": 1,
        "TARGET_FID_12": 11182,
        "Shape_Length_12": null,
        "Shape_Area_12": null,
        "OBJECTID_1_12": null,
        "Join_Count_12_13": null,
        "TARGET_FID_12_13": null,
        "Id": 2073,
        "gridcode": 1,
        "ClassName": "Not Hydric",
        "Shape_Length_12_13": null,
        "Shape_Area_12_13": null,
        "SITE_HOUSE_NUM": null,
        "SITE_PRE_DIR": null,
        "SITE_STREET_NAME": null,
        "SITE_STREET_TYPE": null,
        "SITE_POST_DIR": null,
        "SITE_STREET_UNIT": null,
        "SITE_CITY": null,
        "SITE_STATE": null,
        "SITE_ZIP5": "84606",
        "OWN_STREET_ADDRESS": "111 E SEGO LILY DR # 150",
        "OWN_CITY": "SANDY",
        "OWN_STATE": "UT",
        "OWN_ZIP5": "84070",
        "VESTING_DOC": "59415-2024",
        "PARCEL_CREATE_DATE": 1749168000000,
        "MAP_FILING_NO": null,
        "SUB_NAME": null,
        "LEGAL_DESCR": "COM S 1526.585 FT & E 181.925 FT FR N 1/4 COR. SEC. 17, T7S, R3E, SLB&M.; S 65 DEG 26' 55\" E 276.61 FT; S 31 DEG 5' 59\" E 334.43 FT; S 59 DEG 18' 59\" W 158.71 FT; S 15 DEG 6' 35\" E 41.53 FT; N 59 DEG 18' 59\" E 144.18 FT; N 30 DEG 40' 58\" W 39.02 FT; N 59 DEG 19' 7\" E 25.68 FT; S 31 DEG 5' 59\" E 119.83 FT; S 84 DEG 3' 34\" E 545.52 FT; S 30 DEG 41' 0\" E 144.83 FT; S 77 DEG 41' 0\" W 457.6 FT; S 71.33 FT; N 83 DEG 36' 38\" E 225.88 FT; N 30 DEG 40' 59\" W 97.9 FT; N 77 DEG 41' 0\" E 279.03 FT; S 30 DEG 41' 0\" E 240.56 FT; S 14 DEG 53' 0\" E 226 FT; S 14 DEG 52' 59\" E 6.6 FT; S 89 DEG 35' 1\" W 94.25 FT; N 40.06 FT; W 173.06 FT; N 40 DEG 27' 44\" W .02 FT; W 102 FT; N 89 DEG 59' 56\" W 390.04 FT; N 12 DEG 9' 18\" E .03 FT; S 11 DEG 43' 37\" W 112.67 FT; N 72 DEG 30' 16\" W 82.89 FT; ALONG A CURVE TO R (CHORD BEARS: N 48 DEG 21' 44\" W 222.49 FT, RADIUS = 272.04 FT); N 24 DEG 13' 13\" W 155.25 FT; N 64 DEG 43' 10\" E 234.31 FT; S 15 DEG 6' 26\" E 30.48 FT; N 70 DEG 7' 21\" E 75.98 FT; N 18 DEG 51' 46\" W 38.4 FT; S 64 DEG 43' 10\" W 308.83 FT; N 24 DEG 13' 13\" W 530.62 FT; ALONG A CURVE TO L (CHORD BEARS: N 39 DEG 53' 48\" W 163.74 FT, RADIUS = 303.05 FT); N 55 DEG 34' 56\" W 4 FT; N 34 DEG 25' 35\" E 62.72 FT; ALONG A CURVE TO L (CHORD BEARS: N 24 DEG 41' 55\" E 230.82 FT, RADIUS = 683.83 FT) TO BEG. AREA 16.833 AC.",
        "BOOK_PAGE": 22048,
        "LOT": null,
        "BUILDING": null,
        "UNIT": null,
        "TAX_DISTRICT": "110",
        "TAX_DISTRICT_DESCR": "PROVO CITY",
        "SCHOOL_DISTRICT": "PROVO",
        "TAXABLE_CODE": 100,
        "ACCOUNT_TYPE": null,
        "NEIGHBORHOOD": "9999",
        "NBHD_DISTRICT": null,
        "LAND_DISTRICT": 9999,
        "ECONOMIC_UNIT": null,
        "GLA_WEIGHTED_YRBLT": null,
        "TOTAL_ABOVE_GRADE_AREA": null,
        "TOTAL_MEZZANINE": null,
        "TOTAL_BASEMENT": null,
        "TOTAL_BSMT_FINISH": null,
        "TOTAL_UNIT_COUNT": null,
        "TOTAL_IMP_COUNT": null,
        "MKT_LAND_RES": 0,
        "MKT_LAND_AGR": 0,
        "MKT_LAND_COM": 0,
        "MKT_IMP_VALUE": 0,
        "MKT_IMP_RES": 0,
        "MKT_IMP_AGR": 0,
        "MKT_IMP_COM": 0,
        "TXBL_CUR_VALUE": 0,
        "TXBL_PRV_VAL": 0,
        "TXBL_VAL_YR_CHG": 0,
        "TXBL_PCT_CHG": 0,
        "TOT_CUR_TAXES": 0,
        "TOT_PRV_TAXES": 0,
        "TAXES_YR_CHG": 0,
        "TAXES_PCT_CHG": 0,
        "GREENBELT": null,
        "EXEMPT_RES": "UNK",
        "COMMON_AREA": null,
        "PUBLIC_ROAD": null,
        "PRIVATE_ROAD": null,
        "PART_CENTRAL_ASSD": null,
        "PART_TAXABLE": null,
        "IMP_NO_RES": null,
        "COST_GROUP_RES": null,
        "STYLE_DESCR_RES": null,
        "QUALITY_RES": null,
        "QUALITY_DESCR_RES": null,
        "CONDITION_RES": null,
        "CONDITION_DESCR_RES": null,
        "YEARBLT_RES": null,
        "GLA_RES": null,
        "BASEMENT_RES": null,
        "BSMT_FINISH_RES": null,
        "ATT_GARAGE_SQFT_RES": null,
        "BATHROOMS_RES": null,
        "GLA_BEDROOMS_RES": null,
        "EXTERIOR_RES": null,
        "ALLOCATION_PCT_RES": null,
        "TRAV_COUNT": null,
        "LASTUPDATE": null,
        "CREATED_DATE": 1749222354000,
        "LAST_EDITED_DATE": 1749222354000,
        "ChangeType": "Added",
        "Previous_Owner": null,
        "Shape_Length_12_13_14": 6495.848374559576,
        "Shape_Area_12_13_14": 733243.4553694342,
        "Shape_Length": 0.010145799196697078,
        "Shape_Area": 5.04924630518136e-06
      }
    },
    {
      "type": "Feature",
      "id": 16,
      "geometry": {
        "type": "Polygon",
        "coordinates": [
          [
            [
              -111.69328696699995,
              40.080949805000046
            ],
            [
              -111.69328697399999,
              40.08094979900005
            ],
            [
              -111.69333873198808,
              40.081088521915106
            ],
            [
              -111.6933839258929,
              40.08122951995572
            ],
            [
              -111.69342245622002,
              40.08137248271445
            ],
            [
              -111.69345423814482,
              40.08151709545852
            ],
            [
              -111.69347920169935,
              40.0816630398227
            ],
            [
              -111.6934972919263,
              40.08180999451021
            ],
            [
              -111.693508469,
              40.08195763600003
            ],
            [
              -111.69353593599999,
              40.082366980000074
            ],
            [
              -111.69586290699999,
              40.08235955400005
            ],
            [
              -111.69586008099998,
              40.080699614000025
            ],
            [
              -111.69328639599996,
              40.08070782400006
            ],
            [
              -111.69328696699995,
              40.080949805000046
            ]
          ]
        ]
      },
      "properties": {
        "OBJECTID": 16,
        "Join_Count": 1,
        "TARGET_FID": 463,
        "PARCEL_NO": 250600054,
        "PARCELID": "250600054",
        "PARCELID_LABEL": "25:060:0054",
        "OWNER_NAME": "NEW SALEM VISION 1 LLC",
        "CARE_NAME": null,
        "ACREAGE": 9.444443,
        "SITE_FULL_ADDRESS": null,
        "OWN_FULL_ADDRESS": "8417 ETIENNE WAY  SANDY, UT 84093",
        "PROP_TYPE": 903,
        "PROP_TYPE_DESCR": "VACANT COMMERCIAL",
        "SPECIFIC_PROP_TYPE": 905,
        "SPC_PROP_TYP_DESCR": "Vac Com Lot",
        "ASMT_YEAR": 2026,
        "ASMT_CODE": "V",
        "ASMT_CODE_DESCR": "VACANT",
        "MKT_LAND_VALUE": 2524000,
        "MKT_CUR_VALUE": 2524000,
        "MKT_PRV_VAL": 2524000,
        "MKT_VAL_YR_CHG": 0,
        "MKT_PCT_CHG": 0,
        "GLOBALID": "{143D0669-5B03-4F8C-9D9B-64048BC2625D}",
        "Code": null,
        "Description": "Ultra High Density Residential",
        "City": "Salem",
        "Description_detailed": null,
        "Acres": 18.46,
        "Unit_Rate": null,
        "CityName": null,
        "AdoptedDate": null,
        "Slope_Score": 10,
        "GP_Score": 10,
        "Utilities_Score": 0,
        "Wetlands_Score": 10,
        "Soil_Score": 7,
        "Ownership_Score": 5,
        "Ownership_Type": "Business",
        "Utility_Proximity_Status": "Not Within 1/8 Mile",
        "Final_Score": 6.45,
        "ELEV_CHANGE": 44.247285751952404,
        "SLOPE": 0.2989517174473863,
        "Join_Count_12": 2,
        "TARGET_FID_12": 13072,
        "Shape_Length_12": null,
        "Shape_Area_12": null,
        "OBJECTID_1_12": null,
        "Join_Count_12_13": null,
        "TARGET_FID_12_13": null,
        "Id": 1586,
        "gridcode": 2,
        "ClassName": "Partially Hydric (1 - 25%)",
        "Shape_Length_12_13": null,
        "Shape_Area_12_13": null,
        "SITE_HOUSE_NUM": null,
        "SITE_PRE_DIR": null,
        "SITE_STREET_NAME": null,
        "SITE_STREET_TYPE": null,
        "SITE_POST_DIR": null,
        "SITE_STREET_UNIT": null,
        "SITE_CITY": null,
        "SITE_STATE": null,
        "SITE_ZIP5": null,
        "OWN_STREET_ADDRESS": "450 W 50 N STE 300",
        "OWN_CITY": "SALT LAKE CITY",
        "OWN_STATE": "UT",
        "OWN_ZIP5": "84101",
        "VESTING_DOC": "2616-2024",
        "PARCEL_CREATE_DATE": 1752710400000,
        "MAP_FILING_NO": "5675 ",
        "SUB_NAME": "SPANISH FORK RANCHES, PLAT A",
        "LEGAL_DESCR": "PART LOT 3, PLAT A, SPANISH FORK RANCHES SUB DESCRIBED AS FOLLOWS; COM N 969.05 FT & W 852.41 FT FR E 1/4 COR. SEC. 34, T8S, R2E; N 89 DEG 53' 12\" E 136.95 FT; S 0 DEG 0' 45\" E 428.42 FT; W 34.58 FT; ALONG A CURVE TO R (CHORD BEARS: N 45 DEG 0' 0\" W 35.36 FT, RADIUS = 25 FT); W 53 FT; ALONG A CURVE TO R (CHORD BEARS: S 45 DEG 0' 0\" W 16.97 FT, RADIUS = 12 FT); W 123.57 FT; S 13 FT; W 12.6 FT; N 0 DEG 0' 45\" W 430.97 FT; S 88 DEG 44' 30\" E 123.84 FT TO BEG. AREA 2.491 AC.",
        "BOOK_PAGE": 52504,
        "LOT": "3",
        "BUILDING": null,
        "UNIT": null,
        "TAX_DISTRICT": "507",
        "TAX_DISTRICT_DESCR": "SALEM W/NS PID 2",
        "SCHOOL_DISTRICT": "NEBO",
        "TAXABLE_CODE": 100,
        "ACCOUNT_TYPE": null,
        "NEIGHBORHOOD": "9999",
        "NBHD_DISTRICT": null,
        "LAND_DISTRICT": 9999,
        "ECONOMIC_UNIT": null,
        "GLA_WEIGHTED_YRBLT": null,
        "TOTAL_ABOVE_GRADE_AREA": null,
        "TOTAL_MEZZANINE": null,
        "TOTAL_BASEMENT": null,
        "TOTAL_BSMT_FINISH": null,
        "TOTAL_UNIT_COUNT": null,
        "TOTAL_IMP_COUNT": null,
        "MKT_LAND_RES": 0,
        "MKT_LAND_AGR": 0,
        "MKT_LAND_COM": 0,
        "MKT_IMP_VALUE": 0,
        "MKT_IMP_RES": 0,
        "MKT_IMP_AGR": 0,
        "MKT_IMP_COM": 0,
        "TXBL_CUR_VALUE": 0,
        "TXBL_PRV_VAL": 0,
        "TXBL_VAL_YR_CHG": 0,
        "TXBL_PCT_CHG": 0,
        "TOT_CUR_TAXES": 0,
        "TOT_PRV_TAXES": 0,
        "TAXES_YR_CHG": 0,
        "TAXES_PCT_CHG": 0,
        "GREENBELT": null,
        "EXEMPT_RES": "UNK",
        "COMMON_AREA": null,
        "PUBLIC_ROAD": null,
        "PRIVATE_ROAD": null,
        "PART_CENTRAL_ASSD": null,
        "PART_TAXABLE": null,
        "IMP_NO_RES": null,
        "COST_GROUP_RES": null,
        "STYLE_DESCR_RES": null,
        "QUALITY_RES": null,
        "QUALITY_DESCR_RES": null,
        "CONDITION_RES": null,
        "CONDITION_DESCR_RES": null,
        "YEARBLT_RES": null,
        "GLA_RES": null,
        "BASEMENT_RES": null,
        "BSMT_FINISH_RES": null,
        "ATT_GARAGE_SQFT_RES": null,
        "BATHROOMS_RES": null,
        "GLA_BEDROOMS_RES": null,
        "EXTERIOR_RES": null,
        "ALLOCATION_PCT_RES": null,
        "TRAV_COUNT": null,
        "LASTUPDATE": null,
        "CREATED_DATE": 1752758551000,
        "LAST_EDITED_DATE": 1752758551000,
        "ChangeType": "Added",
        "Previous_Owner": null,
        "Shape_Length_12_13_14": 1414.7613238623162,
        "Shape_Area_12_13_14": 108526.96686106634,
        "Shape_Length": 0.00824942154823432,
        "Shape_Area": 4.036391852554495e-06
      }
    },
    {
      "type": "Feature",
      "id": 17,
      "geometry": {
        "type": "Polygon",
        "coordinates": [
          [
            [
              -111.58481649799995,
              40.08458737700005
            ],
            [
              -111.58481650799996,
              40.08458739500003
            ],
            [
              -111.58495302659884,
              40.0845387319705
            ],
            [
              -111.58509142029833,
              40.08449569010458
            ],
            [
              -111.58523145775409,
              40.08445834135274
            ],
            [
              -111.58537290487402,
              40.08442674814863
            ],
            [
              -111.58551552520954,
              40.08440096330468
            ],
            [
              -111.5856590803509,
              40.08438102992386
            ],
            [
              -111.58580333032567,
              40.084366981327584
            ],
            [
              -111.58594803399995,
              40.08435884100004
            ],
            [
              -111.58597187999999,
              40.084335328000066
            ],
            [
              -111.58605641172284,
              40.08425027093377
            ],
            [
              -111.58613580568387,
              40.084160399271674
            ],
            [
              -111.58620978816803,
              40.08406602285126
            ],
            [
              -111.58627810411669,
              40.0839674670404
            ],
            [
              -111.58634051800685,
              40.08386507161565
            ],
            [
              -111.58639681466322,
              40.08375918959084
            ],
            [
              -111.58644679999998,
              40.08365018600006
            ],
            [
              -111.58653107099997,
              40.08344585400005
            ],
            [
              -111.58655929850849,
              40.08336795664733
            ],
            [
              -111.58658140495938,
              40.08328810619569
            ],
            [
              -111.58659725741379,
              40.083206782831965
            ],
            [
              -111.58660676054178,
              40.08312447560048
            ],
            [
              -111.58660985719557,
              40.08304167946208
            ],
            [
              -111.58660652875317,
              40.082958892317734
            ],
            [
              -111.58659679523042,
              40.0828766120143
            ],
            [
              -111.58658071516064,
              40.082795333350724
            ],
            [
              -111.58655838524254,
              40.082715545102495
            ],
            [
              -111.5865299397588,
              40.082637727082385
            ],
            [
              -111.58649554976854,
              40.082562347255056
            ],
            [
              -111.58645542207861,
              40.0824898589229
            ],
            [
              -111.58640979799998,
              40.08242069800008
            ],
            [
              -111.5863746294553,
              40.08236355838141
            ],
            [
              -111.58634519951978,
              40.08230326210082
            ],
            [
              -111.58632178862382,
              40.08224038370623
            ],
            [
              -111.58630461984384,
              40.08217552234986
            ],
            [
              -111.5862938567768,
              40.082109296079054
            ],
            [
              -111.58628960198122,
              40.0820423359471
            ],
            [
              -111.58629189599998,
              40.08197528000005
            ],
            [
              -111.58579675599998,
              40.08144052100005
            ],
            [
              -111.58577921599999,
              40.08146948600006
            ],
            [
              -111.58573831822031,
              40.081542057530996
            ],
            [
              -111.58570319120764,
              40.08161759128813
            ],
            [
              -111.58567404795647,
              40.0816956292686
            ],
            [
              -111.5856510651784,
              40.081775698285064
            ],
            [
              -111.5856343822307,
              40.08185731283488
            ],
            [
              -111.58562410027129,
              40.081939978043984
            ],
            [
              -111.58562028164536,
              40.082023192667585
            ],
            [
              -111.58562294950737,
              40.082106452129494
            ],
            [
              -111.58563208768057,
              40.082189251581646
            ],
            [
              -111.58564764075518,
              40.08227108896525
            ],
            [
              -111.58566951442434,
              40.08235146805508
            ],
            [
              -111.5856975760559,
              40.082429901468366
            ],
            [
              -111.58573165549672,
              40.08250591362002
            ],
            [
              -111.58577154610433,
              40.082579043606415
            ],
            [
              -111.58581700599996,
              40.082648848000076
            ],
            [
              -111.58585350978295,
              40.08270635268737
            ],
            [
              -111.58588403730525,
              40.08276724099179
            ],
            [
              -111.58590827821564,
              40.08283089390608
            ],
            [
              -111.58592598607436,
              40.082896664317154
            ],
            [
              -111.58593698085843,
              40.0829638835849
            ],
            [
              -111.58594115079185,
              40.083031868339724
            ],
            [
              -111.58593845348193,
              40.08309992742988
            ],
            [
              -111.58592891635027,
              40.083167368947905
            ],
            [
              -111.58591263635397,
              40.08323350726474
            ],
            [
              -111.58588977899996,
              40.083297670000036
            ],
            [
              -111.58580550599999,
              40.083502001000056
            ],
            [
              -111.58576413299919,
              40.08359110104216
            ],
            [
              -111.58571741556642,
              40.083677518772824
            ],
            [
              -111.5856655268018,
              40.08376093399209
            ],
            [
              -111.58560865896659,
              40.083841037625064
            ],
            [
              -111.58554702277075,
              40.08391753286715
            ],
            [
              -111.5854808465923,
              40.08399013628375
            ],
            [
              -111.58541037563103,
              40.084058578860514
            ],
            [
              -111.58533587099998,
              40.08412260700004
            ],
            [
              -111.5852684047009,
              40.08417612743067
            ],
            [
              -111.58519872715779,
              40.08422673551297
            ],
            [
              -111.58512696399998,
              40.084274340000036
            ],
            [
              -111.58514217399994,
              40.08428986600006
            ],
            [
              -111.5850480415256,
              40.0843468245012
            ],
            [
              -111.5849512936194,
              40.0843992175945
            ],
            [
              -111.58485215153466,
              40.08444692546192
            ],
            [
              -111.58475084199995,
              40.08448983900007
            ],
            [
              -111.58481649799995,
              40.08458737700005
            ]
          ]
        ]
      },
      "properties": {
        "OBJECTID": 17,
        "Join_Count": 1,
        "TARGET_FID": 596,
        "PARCEL_NO": 270560054,
        "PARCELID": "270560054",
        "PARCELID_LABEL": "27:056:0054",
        "OWNER_NAME": "UNITED STATES OF AMERICA",
        "CARE_NAME": null,
        "ACREAGE": 4.686177,
        "SITE_FULL_ADDRESS": null,
        "OWN_FULL_ADDRESS": "125 S STATE ST # 6107  SALT LAKE CITY, UT 84138-1102",
        "PROP_TYPE": 903,
        "PROP_TYPE_DESCR": "VACANT COMMERCIAL",
        "SPECIFIC_PROP_TYPE": 905,
        "SPC_PROP_TYP_DESCR": "Vac Com Lot",
        "ASMT_YEAR": 2025,
        "ASMT_CODE": "V",
        "ASMT_CODE_DESCR": "VACANT",
        "MKT_LAND_VALUE": 145300,
        "MKT_CUR_VALUE": 145300,
        "MKT_PRV_VAL": 139400,
        "MKT_VAL_YR_CHG": 5900,
        "MKT_PCT_CHG": 0.042300000000000004,
        "GLOBALID": "{26AC138C-5E2E-48B3-9BBD-96946F0458FF}",
        "Code": "HDR",
        "Description": "High Density Residential",
        "City": "Mapleton",
        "Description_detailed": null,
        "Acres": 594.985472,
        "Unit_Rate": null,
        "CityName": null,
        "AdoptedDate": null,
        "Slope_Score": 10,
        "GP_Score": 10,
        "Utilities_Score": 10,
        "Wetlands_Score": 10,
        "Soil_Score": 10,
        "Ownership_Score": 10,
        "Ownership_Type": "Private",
        "Utility_Proximity_Status": "Within 1/8 Mile",
        "Final_Score": 10,
        "ELEV_CHANGE": 6.26931999023418,
        "SLOPE": 0.19147196901184668,
        "Join_Count_12": 1,
        "TARGET_FID_12": 14518,
        "Shape_Length_12": null,
        "Shape_Area_12": null,
        "OBJECTID_1_12": null,
        "Join_Count_12_13": null,
        "TARGET_FID_12_13": null,
        "Id": 2073,
        "gridcode": 1,
        "ClassName": "Not Hydric",
        "Shape_Length_12_13": null,
        "Shape_Area_12_13": null,
        "SITE_HOUSE_NUM": null,
        "SITE_PRE_DIR": null,
        "SITE_STREET_NAME": null,
        "SITE_STREET_TYPE": null,
        "SITE_POST_DIR": null,
        "SITE_STREET_UNIT": null,
        "SITE_CITY": null,
        "SITE_STATE": null,
        "SITE_ZIP5": null,
        "OWN_STREET_ADDRESS": "13702 S 200 WEST B12",
        "OWN_CITY": "DRAPER",
        "OWN_STATE": "UT",
        "OWN_ZIP5": "84020",
        "VESTING_DOC": "113537-2022",
        "PARCEL_CREATE_DATE": 1753056000000,
        "MAP_FILING_NO": null,
        "SUB_NAME": null,
        "LEGAL_DESCR": "COM S 797.08 FT & E 735.46 FT FR N 1/4 COR. SEC. 34, T8S, R3E, SLB&M.; S 36 DEG 54' 22\" E 153.94 FT; ALONG A CURVE TO L (CHORD BEARS: S 48 DEG 34' 2\" E 273.67 FT, RADIUS = 677 FT); ALONG A CURVE TO L (CHORD BEARS: S 60 DEG 54' 58\" E 21.06 FT, RADIUS = 877 FT); S 27 DEG 47' 49\" W 120.29 FT; ALONG A CURVE TO L (CHORD BEARS: S 3 DEG 47' 20\" E 338.36 FT, RADIUS = 323 FT); S 35 DEG 22' 30\" E 254.16 FT; ALONG A CURVE TO R (CHORD BEARS: S 9 DEG 37' 31\" W 28.28 FT, RADIUS = 20 FT); S 35 DEG 22' 32\" E 32 FT; ALONG A CURVE TO R (CHORD BEARS: S 80 DEG 22' 28\" E 28.28 FT, RADIUS = 20 FT); N 54 DEG 37' 30\" E 46 FT; ALONG A CURVE TO R (CHORD BEARS: N 9 DEG 37' 31\" E 28.28 FT, RADIUS = 20 FT); N 54 DEG 37' 30\" E 349.11 FT; S 35 DEG 23' 8\" E 672.75 FT; S 46 DEG 5' 9\" E 16.32 FT; S 35 DEG 27' 49\" E 25.2 FT; S 49 DEG 16' 13\" E 83.62 FT; S 46 DEG 5' 9\" E 29.59 FT; S 72 DEG 47' 41\" E 43.96 FT; S 65 DEG 45' 33\" E 43.37 FT; S 78 DEG 30' 30\" E 53.36 FT; S 72 DEG 47' 41\" E 28.01 FT; S 8 DEG 48' 13\" W 17.06 FT; S 81 DEG 11' 49\" E 150.4 FT; S 8 DEG 48' 11\" W 225.39 FT; S 1 DEG 1' 2\" E 1046.42 FT; S 54 DEG 37' 30\" W 346.97 FT; N 35 DEG 22' 30\" W 2472.57 FT; ALONG A CURVE TO L (CHORD BEARS: N 1 DEG 21' 18\" W 429.86 FT, RADIUS = 490 FT); ALONG A CURVE TO R (CHORD BEARS: N 4 DEG 52' 9\" W 237.29 FT, RADIUS = 310 FT); N 17 DEG 37' 59\" E 78.1 FT; ALONG A CURVE TO R (CHORD BEARS: N 30 DEG 13' 22\" E 261.56 FT, RADIUS = 600 FT) TO BEG. AREA 48.464 AC.",
        "BOOK_PAGE": 27056,
        "LOT": null,
        "BUILDING": null,
        "UNIT": null,
        "TAX_DISTRICT": "140",
        "TAX_DISTRICT_DESCR": "MAPLETON CITY",
        "SCHOOL_DISTRICT": "NEBO",
        "TAXABLE_CODE": 100,
        "ACCOUNT_TYPE": null,
        "NEIGHBORHOOD": "9999",
        "NBHD_DISTRICT": null,
        "LAND_DISTRICT": 9999,
        "ECONOMIC_UNIT": null,
        "GLA_WEIGHTED_YRBLT": null,
        "TOTAL_ABOVE_GRADE_AREA": null,
        "TOTAL_MEZZANINE": null,
        "TOTAL_BASEMENT": null,
        "TOTAL_BSMT_FINISH": null,
        "TOTAL_UNIT_COUNT": null,
        "TOTAL_IMP_COUNT": null,
        "MKT_LAND_RES": 0,
        "MKT_LAND_AGR": 0,
        "MKT_LAND_COM": 0,
        "MKT_IMP_VALUE": 0,
        "MKT_IMP_RES": 0,
        "MKT_IMP_AGR": 0,
        "MKT_IMP_COM": 0,
        "TXBL_CUR_VALUE": 0,
        "TXBL_PRV_VAL": 0,
        "TXBL_VAL_YR_CHG": 0,
        "TXBL_PCT_CHG": 0,
        "TOT_CUR_TAXES": 0,
        "TOT_PRV_TAXES": 0,
        "TAXES_YR_CHG": 0,
        "TAXES_PCT_CHG": 0,
        "GREENBELT": null,
        "EXEMPT_RES": "UNK",
        "COMMON_AREA": null,
        "PUBLIC_ROAD": null,
        "PRIVATE_ROAD": null,
        "PART_CENTRAL_ASSD": null,
        "PART_TAXABLE": null,
        "IMP_NO_RES": null,
        "COST_GROUP_RES": null,
        "STYLE_DESCR_RES": null,
        "QUALITY_RES": null,
        "QUALITY_DESCR_RES": null,
        "CONDITION_RES": null,
        "CONDITION_DESCR_RES": null,
        "YEARBLT_RES": null,
        "GLA_RES": null,
        "BASEMENT_RES": null,
        "BSMT_FINISH_RES": null,
        "ATT_GARAGE_SQFT_RES": null,
        "BATHROOMS_RES": null,
        "GLA_BEDROOMS_RES": null,
        "EXTERIOR_RES": null,
        "ALLOCATION_PCT_RES": null,
        "TRAV_COUNT": null,
        "LASTUPDATE": null,
        "CREATED_DATE": 1753107181000,
        "LAST_EDITED_DATE": 1753107181000,
        "ChangeType": "Added",
        "Previous_Owner": null,
        "Shape_Length_12_13_14": 7985.566852322806,
        "Shape_Area_12_13_14": 2111105.193738383,
        "Shape_Length": 0.008339625632071539,
        "Shape_Area": 2.004041694388818e-06
      }
    },
    {
      "type": "Feature",
      "id": 18,
      "geometry": {
        "type": "MultiPolygon",
        "coordinates": [
          [
            [
              [
                -111.64554174799997,
                40.09373803300008
              ],
              [
                -111.64536461299997,
                40.092348865000076
              ],
              [
                -111.64536029799996,
                40.09234838900005
              ],
              [
                -111.64532794899998,
                40.092397919000064
              ],
              [
                -111.64375407199998,
                40.09222681800003
              ],
              [
                -111.64368519299995,
                40.09216397900008
              ],
              [
                -111.64368374299994,
                40.09216381900006
              ],
              [
                -111.64388469699998,
                40.092456026000036
              ],
              [
                -111.64397525099997,
                40.09272803600004
              ],
              [
                -111.64386723899997,
                40.09309740900005
              ],
              [
                -111.64373462799995,
                40.09309757200003
              ],
              [
                -111.64373540799994,
                40.09347069900008
              ],
              [
                -111.64554174799997,
                40.09373803300008
              ]
            ]
          ],
          [
            [
              [
                -111.64373540799994,
                40.09347069900008
              ],
              [
                -111.64373538399997,
                40.093470695000065
              ],
              [
                -111.64373540799994,
                40.093470711000066
              ],
              [
                -111.64373540799994,
                40.09347069900008
              ]
            ]
          ]
        ]
      },
      "properties": {
        "OBJECTID": 18,
        "Join_Count": 1,
        "TARGET_FID": 599,
        "PARCEL_NO": 270410044,
        "PARCELID": "270410044",
        "PARCELID_LABEL": "27:041:0044",
        "OWNER_NAME": "BIG ROCK PROPERTIES LLC",
        "CARE_NAME": null,
        "ACREAGE": 4.838584,
        "SITE_FULL_ADDRESS": null,
        "OWN_FULL_ADDRESS": "985 W 14600 S  BLUFFDALE, UT 84065",
        "PROP_TYPE": 900,
        "PROP_TYPE_DESCR": "VACANT",
        "SPECIFIC_PROP_TYPE": 901,
        "SPC_PROP_TYP_DESCR": "Vac Res",
        "ASMT_YEAR": 2026,
        "ASMT_CODE": "V",
        "ASMT_CODE_DESCR": "VACANT",
        "MKT_LAND_VALUE": 822300,
        "MKT_CUR_VALUE": 822300,
        "MKT_PRV_VAL": 822300,
        "MKT_VAL_YR_CHG": 0,
        "MKT_PCT_CHG": 0,
        "GLOBALID": "{E1C186BD-A1A8-4FA2-81DF-900D109869AC}",
        "Code": null,
        "Description": "Medium Density Residential",
        "City": "Spanish Fork",
        "Description_detailed": null,
        "Acres": 870.516,
        "Unit_Rate": null,
        "CityName": null,
        "AdoptedDate": null,
        "Slope_Score": 10,
        "GP_Score": 8,
        "Utilities_Score": 5,
        "Wetlands_Score": 10,
        "Soil_Score": 1,
        "Ownership_Score": 5,
        "Ownership_Type": "Business",
        "Utility_Proximity_Status": "Unknown - No Data",
        "Final_Score": 6.6,
        "ELEV_CHANGE": 10.451670102538628,
        "SLOPE": 0.45774904264905836,
        "Join_Count_12": 1,
        "TARGET_FID_12": 14693,
        "Shape_Length_12": null,
        "Shape_Area_12": null,
        "OBJECTID_1_12": null,
        "Join_Count_12_13": null,
        "TARGET_FID_12_13": null,
        "Id": 1582,
        "gridcode": 5,
        "ClassName": "Mostly Hydric (76 - 95%)",
        "Shape_Length_12_13": null,
        "Shape_Area_12_13": null,
        "SITE_HOUSE_NUM": null,
        "SITE_PRE_DIR": null,
        "SITE_STREET_NAME": null,
        "SITE_STREET_TYPE": null,
        "SITE_POST_DIR": null,
        "SITE_STREET_UNIT": null,
        "SITE_CITY": null,
        "SITE_STATE": null,
        "SITE_ZIP5": "84660",
        "OWN_STREET_ADDRESS": "493 E 1350 S",
        "OWN_CITY": "SPANISH FORK",
        "OWN_STATE": "UT",
        "OWN_ZIP5": "84660",
        "VESTING_DOC": "27538-2005",
        "PARCEL_CREATE_DATE": 1749513600000,
        "MAP_FILING_NO": null,
        "SUB_NAME": null,
        "LEGAL_DESCR": "COM N 267.923 FT & E 2502.812 FT FR W 1/4 COR. SEC. 30, T8S, R3E, SLB&M.; S 79 DEG 0' 0\" E 13.45 FT; S 6 DEG 20' 1\" E 230.99 FT; S 77 DEG 42' 23\" E 1.55 FT; S 6 DEG 20' 0\" E 254.09 FT; S 25 DEG 0' 0\" W 136.13 FT; N 82 DEG 22' 16\" W 15.76 FT; N 26 DEG 54' 2\" E 123.63 FT; N 6 DEG 8' 21\" W 285.76 FT; N 5 DEG 30' 48\" W 212.89 FT TO BEG. AREA 0.222 AC.",
        "BOOK_PAGE": 27040,
        "LOT": null,
        "BUILDING": null,
        "UNIT": null,
        "TAX_DISTRICT": "150",
        "TAX_DISTRICT_DESCR": "SPANISH FORK CITY",
        "SCHOOL_DISTRICT": "NEBO",
        "TAXABLE_CODE": 100,
        "ACCOUNT_TYPE": null,
        "NEIGHBORHOOD": "9999",
        "NBHD_DISTRICT": null,
        "LAND_DISTRICT": 9999,
        "ECONOMIC_UNIT": null,
        "GLA_WEIGHTED_YRBLT": null,
        "TOTAL_ABOVE_GRADE_AREA": null,
        "TOTAL_MEZZANINE": null,
        "TOTAL_BASEMENT": null,
        "TOTAL_BSMT_FINISH": null,
        "TOTAL_UNIT_COUNT": null,
        "TOTAL_IMP_COUNT": null,
        "MKT_LAND_RES": 0,
        "MKT_LAND_AGR": 0,
        "MKT_LAND_COM": 0,
        "MKT_IMP_VALUE": 0,
        "MKT_IMP_RES": 0,
        "MKT_IMP_AGR": 0,
        "MKT_IMP_COM": 0,
        "TXBL_CUR_VALUE": 0,
        "TXBL_PRV_VAL": 0,
        "TXBL_VAL_YR_CHG": 0,
        "TXBL_PCT_CHG": 0,
        "TOT_CUR_TAXES": 0,
        "TOT_PRV_TAXES": 0,
        "TAXES_YR_CHG": 0,
        "TAXES_PCT_CHG": 0,
        "GREENBELT": null,
        "EXEMPT_RES": "UNK",
        "COMMON_AREA": null,
        "PUBLIC_ROAD": null,
        "PRIVATE_ROAD": null,
        "PART_CENTRAL_ASSD": null,
        "PART_TAXABLE": null,
        "IMP_NO_RES": null,
        "COST_GROUP_RES": null,
        "STYLE_DESCR_RES": null,
        "QUALITY_RES": null,
        "QUALITY_DESCR_RES": null,
        "CONDITION_RES": null,
        "CONDITION_DESCR_RES": null,
        "YEARBLT_RES": null,
        "GLA_RES": null,
        "BASEMENT_RES": null,
        "BSMT_FINISH_RES": null,
        "ATT_GARAGE_SQFT_RES": null,
        "BATHROOMS_RES": null,
        "GLA_BEDROOMS_RES": null,
        "EXTERIOR_RES": null,
        "ALLOCATION_PCT_RES": null,
        "TRAV_COUNT": null,
        "LASTUPDATE": null,
        "CREATED_DATE": 1749547905000,
        "LAST_EDITED_DATE": 1749547905000,
        "ChangeType": "Added",
        "Previous_Owner": null,
        "Shape_Length_12_13_14": 1273.8682647993137,
        "Shape_Area_12_13_14": 9673.922409969742,
        "Shape_Length": 0.006499745580216126,
        "Shape_Area": 2.0670658248455466e-06
      }
    },
    {
      "type": "Feature",
      "id": 19,
      "geometry": {
        "type": "Polygon",
        "coordinates": [
          [
            [
              -111.70895505299995,
              40.06345300900006
            ],
            [
              -111.70895499199997,
              40.06345303400008
            ],
            [
              -111.70622419799997,
              40.06346412900007
            ],
            [
              -111.70609835999994,
              40.06346456700004
            ],
            [
              -111.70574090199995,
              40.06378761700006
            ],
            [
              -111.70477664099997,
              40.06396041800008
            ],
            [
              -111.70312650499994,
              40.06394665100004
            ],
            [
              -111.70197989199994,
              40.06349537300008
            ],
            [
              -111.70079454699999,
              40.06351640100007
            ],
            [
              -111.69925465299997,
              40.06354296000006
            ],
            [
              -111.69837253299994,
              40.064292401000046
            ],
            [
              -111.69813678399998,
              40.06429278600007
            ],
            [
              -111.69813534899998,
              40.06377473800006
            ],
            [
              -111.69799333599997,
              40.06359305700005
            ],
            [
              -111.69799374599995,
              40.06356468100006
            ],
            [
              -111.69787929499995,
              40.06356665200008
            ],
            [
              -111.69802965999997,
              40.06379655100005
            ],
            [
              -111.698044703,
              40.06396639800005
            ],
            [
              -111.69804076199995,
              40.064129722000075
            ],
            [
              -111.69804108599999,
              40.06432416900003
            ],
            [
              -111.69805980499996,
              40.06467313600007
            ],
            [
              -111.70465751699999,
              40.06697848500005
            ],
            [
              -111.70895505299995,
              40.06345300900006
            ]
          ]
        ]
      },
      "properties": {
        "OBJECTID": 19,
        "Join_Count": 1,
        "TARGET_FID": 669,
        "PARCEL_NO": 300090108,
        "PARCELID": "300090108",
        "PARCELID_LABEL": "30:009:0108",
        "OWNER_NAME": "D NEWELL BURTON AND SANDRA O BURTON FAMILY TRUST 03-01-1996 (ET AL)",
        "CARE_NAME": null,
        "ACREAGE": 48.764907,
        "SITE_FULL_ADDRESS": null,
        "OWN_FULL_ADDRESS": "720 SCENIC DR  SPANISH FORK, UT 84660-2812",
        "PROP_TYPE": 900,
        "PROP_TYPE_DESCR": "VACANT",
        "SPECIFIC_PROP_TYPE": 901,
        "SPC_PROP_TYP_DESCR": "Vac Res",
        "ASMT_YEAR": 2026,
        "ASMT_CODE": "V",
        "ASMT_CODE_DESCR": "VACANT",
        "MKT_LAND_VALUE": 1557900,
        "MKT_CUR_VALUE": 1557900,
        "MKT_PRV_VAL": 1557900,
        "MKT_VAL_YR_CHG": 0,
        "MKT_PCT_CHG": 0,
        "GLOBALID": "{3F1E4D45-BD22-4AAD-A192-0941456A4CEC}",
        "Code": "MDR",
        "Description": "Medium Density Residential",
        "City": "Payson",
        "Description_detailed": null,
        "Acres": 938.81,
        "Unit_Rate": null,
        "CityName": null,
        "AdoptedDate": null,
        "Slope_Score": 10,
        "GP_Score": 8,
        "Utilities_Score": 10,
        "Wetlands_Score": 0,
        "Soil_Score": 10,
        "Ownership_Score": 10,
        "Ownership_Type": "Private",
        "Utility_Proximity_Status": "Within 1/8 Mile",
        "Final_Score": 8,
        "ELEV_CHANGE": 1.8727060351566251,
        "SLOPE": 0.09584588455990004,
        "Join_Count_12": 55,
        "TARGET_FID_12": 15940,
        "Shape_Length_12": null,
        "Shape_Area_12": null,
        "OBJECTID_1_12": null,
        "Join_Count_12_13": null,
        "TARGET_FID_12_13": null,
        "Id": 2073,
        "gridcode": 1,
        "ClassName": "Not Hydric",
        "Shape_Length_12_13": null,
        "Shape_Area_12_13": null,
        "SITE_HOUSE_NUM": null,
        "SITE_PRE_DIR": null,
        "SITE_STREET_NAME": null,
        "SITE_STREET_TYPE": null,
        "SITE_POST_DIR": null,
        "SITE_STREET_UNIT": null,
        "SITE_CITY": null,
        "SITE_STATE": null,
        "SITE_ZIP5": "84653",
        "OWN_STREET_ADDRESS": "911 E PIONEER RD",
        "OWN_CITY": "DRAPER",
        "OWN_STATE": "UT",
        "OWN_ZIP5": "84020",
        "VESTING_DOC": "45353-2025 (MORE)",
        "PARCEL_CREATE_DATE": 1751414400000,
        "MAP_FILING_NO": null,
        "SUB_NAME": null,
        "LEGAL_DESCR": "COM S 811.42 FT & W 1024.81 FT FR NW COR. OF SE 1/4, SEC. 3, T9S, R2E, SLB&M.; N 31 DEG 12' 20\" W 260 FT; N 20 DEG 35' 25\" W 145.48 FT; N 20 DEG 9' 7\" W 271.02 FT; N 19 DEG 48' 45\" W 236.95 FT; S 88 DEG 4' 52\" W 62.62 FT; S 87 DEG 55' 47\" W 88.81 FT; S 89 DEG 1' 5\" W 26.58 FT; S 88 DEG 50' 14\" W 3.92 FT; S 0 DEG 46' 35\" W 840.03 FT; N 88 DEG 58' 46\" E 552.87 FT TO BEG. AREA 6.704 AC.",
        "BOOK_PAGE": 30009,
        "LOT": null,
        "BUILDING": null,
        "UNIT": null,
        "TAX_DISTRICT": "180",
        "TAX_DISTRICT_DESCR": "SALEM CITY",
        "SCHOOL_DISTRICT": "NEBO",
        "TAXABLE_CODE": 100,
        "ACCOUNT_TYPE": null,
        "NEIGHBORHOOD": "9999",
        "NBHD_DISTRICT": null,
        "LAND_DISTRICT": 9999,
        "ECONOMIC_UNIT": null,
        "GLA_WEIGHTED_YRBLT": null,
        "TOTAL_ABOVE_GRADE_AREA": null,
        "TOTAL_MEZZANINE": null,
        "TOTAL_BASEMENT": null,
        "TOTAL_BSMT_FINISH": null,
        "TOTAL_UNIT_COUNT": null,
        "TOTAL_IMP_COUNT": null,
        "MKT_LAND_RES": 0,
        "MKT_LAND_AGR": 0,
        "MKT_LAND_COM": 0,
        "MKT_IMP_VALUE": 0,
        "MKT_IMP_RES": 0,
        "MKT_IMP_AGR": 0,
        "MKT_IMP_COM": 0,
        "TXBL_CUR_VALUE": 0,
        "TXBL_PRV_VAL": 0,
        "TXBL_VAL_YR_CHG": 0,
        "TXBL_PCT_CHG": 0,
        "TOT_CUR_TAXES": 0,
        "TOT_PRV_TAXES": 0,
        "TAXES_YR_CHG": 0,
        "TAXES_PCT_CHG": 0,
        "GREENBELT": null,
        "EXEMPT_RES": "UNK",
        "COMMON_AREA": null,
        "PUBLIC_ROAD": null,
        "PRIVATE_ROAD": null,
        "PART_CENTRAL_ASSD": null,
        "PART_TAXABLE": null,
        "IMP_NO_RES": null,
        "COST_GROUP_RES": null,
        "STYLE_DESCR_RES": null,
        "QUALITY_RES": null,
        "QUALITY_DESCR_RES": null,
        "CONDITION_RES": null,
        "CONDITION_DESCR_RES": null,
        "YEARBLT_RES": null,
        "GLA_RES": null,
        "BASEMENT_RES": null,
        "BSMT_FINISH_RES": null,
        "ATT_GARAGE_SQFT_RES": null,
        "BATHROOMS_RES": null,
        "GLA_BEDROOMS_RES": null,
        "EXTERIOR_RES": null,
        "ALLOCATION_PCT_RES": null,
        "TRAV_COUNT": null,
        "LASTUPDATE": null,
        "CREATED_DATE": 1751463374000,
        "LAST_EDITED_DATE": 1751463374000,
        "ChangeType": "Added",
        "Previous_Owner": null,
        "Shape_Length_12_13_14": 2487.611444681694,
        "Shape_Area_12_13_14": 292053.392369761,
        "Shape_Length": 0.025910924874312416,
        "Shape_Area": 2.0836044047953685e-05
      }
    },
    {
      "type": "Feature",
      "id": 20,
      "geometry": {
        "type": "Polygon",
        "coordinates": [
          [
            [
              -111.69301307499995,
              40.063522815000056
            ],
            [
              -111.69414935999998,
              40.06352092800006
            ],
            [
              -111.69418116599996,
              40.06250324400003
            ],
            [
              -111.69304489899997,
              40.06250132300005
            ],
            [
              -111.69301301799999,
              40.06352081800003
            ],
            [
              -111.69301307499995,
              40.063522815000056
            ]
          ]
        ]
      },
      "properties": {
        "OBJECTID": 20,
        "Join_Count": 1,
        "TARGET_FID": 676,
        "PARCEL_NO": 300090014,
        "PARCELID": "300090014",
        "PARCELID_LABEL": "30:009:0014",
        "OWNER_NAME": "LARSON CATTLE CO LLC",
        "CARE_NAME": null,
        "ACREAGE": 2.72,
        "SITE_FULL_ADDRESS": null,
        "OWN_FULL_ADDRESS": "7553 S 1400 W  SPANISH FORK, UT 84660-4906",
        "PROP_TYPE": 900,
        "PROP_TYPE_DESCR": "VACANT",
        "SPECIFIC_PROP_TYPE": 901,
        "SPC_PROP_TYP_DESCR": "Vac Res",
        "ASMT_YEAR": 2026,
        "ASMT_CODE": "V",
        "ASMT_CODE_DESCR": "VACANT",
        "MKT_LAND_VALUE": 121000,
        "MKT_CUR_VALUE": 121000,
        "MKT_PRV_VAL": 121000,
        "MKT_VAL_YR_CHG": 0,
        "MKT_PCT_CHG": 0,
        "GLOBALID": "{CCDFB6AE-1B48-46CE-A72F-DF528EE6621F}",
        "Code": null,
        "Description": "West Transition to I-15",
        "City": "Salem",
        "Description_detailed": null,
        "Acres": 938.81,
        "Unit_Rate": null,
        "CityName": null,
        "AdoptedDate": null,
        "Slope_Score": 10,
        "GP_Score": 4,
        "Utilities_Score": 0,
        "Wetlands_Score": 0,
        "Soil_Score": 0,
        "Ownership_Score": 5,
        "Ownership_Type": "Business",
        "Utility_Proximity_Status": "Not Within 1/8 Mile",
        "Final_Score": 2.75,
        "ELEV_CHANGE": 6.22526574218773,
        "SLOPE": 0.28865340696267816,
        "Join_Count_12": 1,
        "TARGET_FID_12": 15956,
        "Shape_Length_12": null,
        "Shape_Area_12": null,
        "OBJECTID_1_12": null,
        "Join_Count_12_13": null,
        "TARGET_FID_12_13": null,
        "Id": 1694,
        "gridcode": 6,
        "ClassName": "All Hydric",
        "Shape_Length_12_13": null,
        "Shape_Area_12_13": null,
        "SITE_HOUSE_NUM": null,
        "SITE_PRE_DIR": null,
        "SITE_STREET_NAME": null,
        "SITE_STREET_TYPE": null,
        "SITE_POST_DIR": null,
        "SITE_STREET_UNIT": null,
        "SITE_CITY": null,
        "SITE_STATE": null,
        "SITE_ZIP5": "84653",
        "OWN_STREET_ADDRESS": "223 N MAIN",
        "OWN_CITY": "SALEM",
        "OWN_STATE": "UT",
        "OWN_ZIP5": "84653",
        "VESTING_DOC": "45353-2025 (MORE)",
        "PARCEL_CREATE_DATE": 1751414400000,
        "MAP_FILING_NO": null,
        "SUB_NAME": null,
        "LEGAL_DESCR": "COM N 1646.76 FT & W 923.03 FT FR SE COR. SEC. 3, T9S, R2E, SLB&M.; N 31 DEG 12' 20\" W 513.51 FT; N 20 DEG 35' 25\" W 145.48 FT; N 20 DEG 9' 7\" W 271.02 FT; N 19 DEG 48' 45\" W 236.95 FT; S 88 DEG 4' 52\" W 3.92 FT; N 19 DEG 0' 0\" W 73.14 FT; W 166.26 FT; N 0 DEG 50' 0\" E 188.76 FT; S 89 DEG 22' 30\" E 1121.34 FT; S 3 DEG 15' 0\" W 644.16 FT; S 89 DEG 22' 30\" E 448.65 FT; S 0 DEG 30' 0\" W 637.96 FT; S 89 DEG 9' 22\" W 60.9 FT; S 89 DEG 9' 56\" W 784.86 FT TO BEG. AREA 29.229 AC.",
        "BOOK_PAGE": 30009,
        "LOT": null,
        "BUILDING": null,
        "UNIT": null,
        "TAX_DISTRICT": "180",
        "TAX_DISTRICT_DESCR": "SALEM CITY",
        "SCHOOL_DISTRICT": "NEBO",
        "TAXABLE_CODE": 100,
        "ACCOUNT_TYPE": null,
        "NEIGHBORHOOD": "9999",
        "NBHD_DISTRICT": null,
        "LAND_DISTRICT": 9999,
        "ECONOMIC_UNIT": null,
        "GLA_WEIGHTED_YRBLT": null,
        "TOTAL_ABOVE_GRADE_AREA": null,
        "TOTAL_MEZZANINE": null,
        "TOTAL_BASEMENT": null,
        "TOTAL_BSMT_FINISH": null,
        "TOTAL_UNIT_COUNT": null,
        "TOTAL_IMP_COUNT": null,
        "MKT_LAND_RES": 0,
        "MKT_LAND_AGR": 0,
        "MKT_LAND_COM": 0,
        "MKT_IMP_VALUE": 0,
        "MKT_IMP_RES": 0,
        "MKT_IMP_AGR": 0,
        "MKT_IMP_COM": 0,
        "TXBL_CUR_VALUE": 0,
        "TXBL_PRV_VAL": 0,
        "TXBL_VAL_YR_CHG": 0,
        "TXBL_PCT_CHG": 0,
        "TOT_CUR_TAXES": 0,
        "TOT_PRV_TAXES": 0,
        "TAXES_YR_CHG": 0,
        "TAXES_PCT_CHG": 0,
        "GREENBELT": null,
        "EXEMPT_RES": "UNK",
        "COMMON_AREA": null,
        "PUBLIC_ROAD": null,
        "PRIVATE_ROAD": null,
        "PART_CENTRAL_ASSD": null,
        "PART_TAXABLE": null,
        "IMP_NO_RES": null,
        "COST_GROUP_RES": null,
        "STYLE_DESCR_RES": null,
        "QUALITY_RES": null,
        "QUALITY_DESCR_RES": null,
        "CONDITION_RES": null,
        "CONDITION_DESCR_RES": null,
        "YEARBLT_RES": null,
        "GLA_RES": null,
        "BASEMENT_RES": null,
        "BSMT_FINISH_RES": null,
        "ATT_GARAGE_SQFT_RES": null,
        "BATHROOMS_RES": null,
        "GLA_BEDROOMS_RES": null,
        "EXTERIOR_RES": null,
        "ALLOCATION_PCT_RES": null,
        "TRAV_COUNT": null,
        "LASTUPDATE": null,
        "CREATED_DATE": 1751463374000,
        "LAST_EDITED_DATE": 1751463374000,
        "ChangeType": "Added",
        "Previous_Owner": null,
        "Shape_Length_12_13_14": 5295.4215068018875,
        "Shape_Area_12_13_14": 1273210.5604507085,
        "Shape_Length": 0.004312727263616265,
        "Shape_Area": 1.1585948039452554e-06
      }
    },
    {
      "type": "Feature",
      "id": 21,
      "geometry": {
        "type": "Polygon",
        "coordinates": [
          [
            [
              -111.69301307899997,
              40.06352281900007
            ],
            [
              -111.69301739199994,
              40.063526687000035
            ],
            [
              -111.69305761799995,
              40.06427232100003
            ],
            [
              -111.69315525899998,
              40.06608211300005
            ],
            [
              -111.69537136999998,
              40.06607841500005
            ],
            [
              -111.69536344799997,
              40.064331382000034
            ],
            [
              -111.69533394399997,
              40.06433141400004
            ],
            [
              -111.69533020999995,
              40.064268852000055
            ],
            [
              -111.69415147799998,
              40.06427082400006
            ],
            [
              -111.69414935999998,
              40.06352092800006
            ],
            [
              -111.69301307899997,
              40.06352281900007
            ]
          ]
        ]
      },
      "properties": {
        "OBJECTID": 21,
        "Join_Count": 1,
        "TARGET_FID": 677,
        "PARCEL_NO": 300090019,
        "PARCELID": "300090019",
        "PARCELID_LABEL": "30:009:0019",
        "OWNER_NAME": "LARSON CATTLE CO LLC",
        "CARE_NAME": null,
        "ACREAGE": 11.67,
        "SITE_FULL_ADDRESS": null,
        "OWN_FULL_ADDRESS": "7553 S 1400 W  SPANISH FORK, UT 84660-4906",
        "PROP_TYPE": 900,
        "PROP_TYPE_DESCR": "VACANT",
        "SPECIFIC_PROP_TYPE": 901,
        "SPC_PROP_TYP_DESCR": "Vac Res",
        "ASMT_YEAR": 2026,
        "ASMT_CODE": "V",
        "ASMT_CODE_DESCR": "VACANT",
        "MKT_LAND_VALUE": 518900,
        "MKT_CUR_VALUE": 518900,
        "MKT_PRV_VAL": 518900,
        "MKT_VAL_YR_CHG": 0,
        "MKT_PCT_CHG": 0,
        "GLOBALID": "{9956C743-1233-404D-BE92-B99A1BD964CA}",
        "Code": null,
        "Description": "West Transition to I-15",
        "City": "Salem",
        "Description_detailed": null,
        "Acres": 938.81,
        "Unit_Rate": null,
        "CityName": null,
        "AdoptedDate": null,
        "Slope_Score": 10,
        "GP_Score": 4,
        "Utilities_Score": 0,
        "Wetlands_Score": 0,
        "Soil_Score": 0,
        "Ownership_Score": 5,
        "Ownership_Type": "Business",
        "Utility_Proximity_Status": "Not Within 1/8 Mile",
        "Final_Score": 2.75,
        "ELEV_CHANGE": 6.22526574218773,
        "SLOPE": 0.28865340696267816,
        "Join_Count_12": 1,
        "TARGET_FID_12": 15957,
        "Shape_Length_12": null,
        "Shape_Area_12": null,
        "OBJECTID_1_12": null,
        "Join_Count_12_13": null,
        "TARGET_FID_12_13": null,
        "Id": 1694,
        "gridcode": 6,
        "ClassName": "All Hydric",
        "Shape_Length_12_13": null,
        "Shape_Area_12_13": null,
        "SITE_HOUSE_NUM": null,
        "SITE_PRE_DIR": null,
        "SITE_STREET_NAME": null,
        "SITE_STREET_TYPE": null,
        "SITE_POST_DIR": null,
        "SITE_STREET_UNIT": null,
        "SITE_CITY": null,
        "SITE_STATE": null,
        "SITE_ZIP5": "84653",
        "OWN_STREET_ADDRESS": "223 N MAIN",
        "OWN_CITY": "SALEM",
        "OWN_STATE": "UT",
        "OWN_ZIP5": "84653",
        "VESTING_DOC": "45353-2025 (MORE)",
        "PARCEL_CREATE_DATE": 1751414400000,
        "MAP_FILING_NO": null,
        "SUB_NAME": null,
        "LEGAL_DESCR": "COM N 1646.76 FT & W 923.03 FT FR SE COR. SEC. 3, T9S, R2E, SLB&M.; N 31 DEG 12' 20\" W 513.51 FT; N 20 DEG 35' 25\" W 145.48 FT; N 20 DEG 9' 7\" W 271.02 FT; N 19 DEG 48' 45\" W 236.95 FT; S 88 DEG 4' 52\" W 3.92 FT; N 19 DEG 0' 0\" W 73.14 FT; W 166.26 FT; N 0 DEG 50' 0\" E 188.76 FT; S 89 DEG 22' 30\" E 1121.34 FT; S 3 DEG 15' 0\" W 644.16 FT; S 89 DEG 22' 30\" E 448.65 FT; S 0 DEG 30' 0\" W 637.96 FT; S 89 DEG 9' 22\" W 60.9 FT; S 89 DEG 9' 56\" W 784.86 FT TO BEG. AREA 29.229 AC.",
        "BOOK_PAGE": 30009,
        "LOT": null,
        "BUILDING": null,
        "UNIT": null,
        "TAX_DISTRICT": "180",
        "TAX_DISTRICT_DESCR": "SALEM CITY",
        "SCHOOL_DISTRICT": "NEBO",
        "TAXABLE_CODE": 100,
        "ACCOUNT_TYPE": null,
        "NEIGHBORHOOD": "9999",
        "NBHD_DISTRICT": null,
        "LAND_DISTRICT": 9999,
        "ECONOMIC_UNIT": null,
        "GLA_WEIGHTED_YRBLT": null,
        "TOTAL_ABOVE_GRADE_AREA": null,
        "TOTAL_MEZZANINE": null,
        "TOTAL_BASEMENT": null,
        "TOTAL_BSMT_FINISH": null,
        "TOTAL_UNIT_COUNT": null,
        "TOTAL_IMP_COUNT": null,
        "MKT_LAND_RES": 0,
        "MKT_LAND_AGR": 0,
        "MKT_LAND_COM": 0,
        "MKT_IMP_VALUE": 0,
        "MKT_IMP_RES": 0,
        "MKT_IMP_AGR": 0,
        "MKT_IMP_COM": 0,
        "TXBL_CUR_VALUE": 0,
        "TXBL_PRV_VAL": 0,
        "TXBL_VAL_YR_CHG": 0,
        "TXBL_PCT_CHG": 0,
        "TOT_CUR_TAXES": 0,
        "TOT_PRV_TAXES": 0,
        "TAXES_YR_CHG": 0,
        "TAXES_PCT_CHG": 0,
        "GREENBELT": null,
        "EXEMPT_RES": "UNK",
        "COMMON_AREA": null,
        "PUBLIC_ROAD": null,
        "PRIVATE_ROAD": null,
        "PART_CENTRAL_ASSD": null,
        "PART_TAXABLE": null,
        "IMP_NO_RES": null,
        "COST_GROUP_RES": null,
        "STYLE_DESCR_RES": null,
        "QUALITY_RES": null,
        "QUALITY_DESCR_RES": null,
        "CONDITION_RES": null,
        "CONDITION_DESCR_RES": null,
        "YEARBLT_RES": null,
        "GLA_RES": null,
        "BASEMENT_RES": null,
        "BSMT_FINISH_RES": null,
        "ATT_GARAGE_SQFT_RES": null,
        "BATHROOMS_RES": null,
        "GLA_BEDROOMS_RES": null,
        "EXTERIOR_RES": null,
        "ALLOCATION_PCT_RES": null,
        "TRAV_COUNT": null,
        "LASTUPDATE": null,
        "CREATED_DATE": 1751463374000,
        "LAST_EDITED_DATE": 1751463374000,
        "ChangeType": "Added",
        "Previous_Owner": null,
        "Shape_Length_12_13_14": 5295.4215068018875,
        "Shape_Area_12_13_14": 1273210.5604507085,
        "Shape_Length": 0.009685193310394372,
        "Shape_Area": 4.9239447236273856e-06
      }
    },
    {
      "type": "Feature",
      "id": 22,
      "geometry": {
        "type": "Polygon",
        "coordinates": [
          [
            [
              -111.70374823899999,
              40.063473627000064
            ],
            [
              -111.70374829599996,
              40.06347362400004
            ],
            [
              -111.70374133799999,
              40.06319642700004
            ],
            [
              -111.70374106799994,
              40.06318567100004
            ],
            [
              -111.70366813599998,
              40.063186365000035
            ],
            [
              -111.70366574899998,
              40.06303836600006
            ],
            [
              -111.70365938499998,
              40.06278476800003
            ],
            [
              -111.70365385399998,
              40.062564371000065
            ],
            [
              -111.70364832399997,
              40.06234397500003
            ],
            [
              -111.70364279299997,
              40.06212357800007
            ],
            [
              -111.70363726199997,
              40.06190318100005
            ],
            [
              -111.70363173199996,
              40.06168278500007
            ],
            [
              -111.70362620099996,
              40.06146238900004
            ],
            [
              -111.70361983799995,
              40.06120879000008
            ],
            [
              -111.70361892899996,
              40.06117257000005
            ],
            [
              -111.70127755899995,
              40.06121020100005
            ],
            [
              -111.69802048599996,
              40.06126037200005
            ],
            [
              -111.69798647099998,
              40.06356567700004
            ],
            [
              -111.70079389099999,
              40.06351708300008
            ],
            [
              -111.70274866699998,
              40.063482269000076
            ],
            [
              -111.70374823899999,
              40.063473627000064
            ]
          ]
        ]
      },
      "properties": {
        "OBJECTID": 22,
        "Join_Count": 1,
        "TARGET_FID": 700,
        "PARCEL_NO": 300090124,
        "PARCELID": "300090124",
        "PARCELID_LABEL": "30:009:0124",
        "OWNER_NAME": "ARROWHEAD RANCH LLC",
        "CARE_NAME": null,
        "ACREAGE": 30.449783,
        "SITE_FULL_ADDRESS": null,
        "OWN_FULL_ADDRESS": "911 E PIONEER RD  DRAPER, UT 84020",
        "PROP_TYPE": 900,
        "PROP_TYPE_DESCR": "VACANT",
        "SPECIFIC_PROP_TYPE": 901,
        "SPC_PROP_TYP_DESCR": "Vac Res",
        "ASMT_YEAR": 2026,
        "ASMT_CODE": "V",
        "ASMT_CODE_DESCR": "VACANT",
        "MKT_LAND_VALUE": 1110700,
        "MKT_CUR_VALUE": 1110700,
        "MKT_PRV_VAL": 1110700,
        "MKT_VAL_YR_CHG": 0,
        "MKT_PCT_CHG": 0,
        "GLOBALID": "{5C47A3F4-42D1-4242-A883-9E4F7BC16FD4}",
        "Code": null,
        "Description": "West Transition to I-15",
        "City": "Salem",
        "Description_detailed": null,
        "Acres": 938.81,
        "Unit_Rate": null,
        "CityName": null,
        "AdoptedDate": null,
        "Slope_Score": 10,
        "GP_Score": 4,
        "Utilities_Score": 0,
        "Wetlands_Score": 0,
        "Soil_Score": 0,
        "Ownership_Score": 5,
        "Ownership_Type": "Business",
        "Utility_Proximity_Status": "Not Within 1/8 Mile",
        "Final_Score": 2.75,
        "ELEV_CHANGE": 1.8727060351566251,
        "SLOPE": 0.09584588455990004,
        "Join_Count_12": 1,
        "TARGET_FID_12": 16015,
        "Shape_Length_12": null,
        "Shape_Area_12": null,
        "OBJECTID_1_12": null,
        "Join_Count_12_13": null,
        "TARGET_FID_12_13": null,
        "Id": 1694,
        "gridcode": 6,
        "ClassName": "All Hydric",
        "Shape_Length_12_13": null,
        "Shape_Area_12_13": null,
        "SITE_HOUSE_NUM": null,
        "SITE_PRE_DIR": null,
        "SITE_STREET_NAME": null,
        "SITE_STREET_TYPE": null,
        "SITE_POST_DIR": null,
        "SITE_STREET_UNIT": null,
        "SITE_CITY": null,
        "SITE_STATE": null,
        "SITE_ZIP5": "84653",
        "OWN_STREET_ADDRESS": "911 E PIONEER RD",
        "OWN_CITY": "DRAPER",
        "OWN_STATE": "UT",
        "OWN_ZIP5": "84020",
        "VESTING_DOC": "45353-2025 (MORE)",
        "PARCEL_CREATE_DATE": 1751414400000,
        "MAP_FILING_NO": null,
        "SUB_NAME": null,
        "LEGAL_DESCR": "COM S 811.42 FT & W 1024.81 FT FR NW COR. OF SE 1/4, SEC. 3, T9S, R2E, SLB&M.; N 31 DEG 12' 20\" W 260 FT; N 20 DEG 35' 25\" W 145.48 FT; N 20 DEG 9' 7\" W 271.02 FT; N 19 DEG 48' 45\" W 236.95 FT; S 88 DEG 4' 52\" W 62.62 FT; S 87 DEG 55' 47\" W 88.81 FT; S 89 DEG 1' 5\" W 26.58 FT; S 88 DEG 50' 14\" W 3.92 FT; S 0 DEG 46' 35\" W 840.03 FT; N 88 DEG 58' 46\" E 552.87 FT TO BEG. AREA 6.704 AC.",
        "BOOK_PAGE": 30009,
        "LOT": null,
        "BUILDING": null,
        "UNIT": null,
        "TAX_DISTRICT": "180",
        "TAX_DISTRICT_DESCR": "SALEM CITY",
        "SCHOOL_DISTRICT": "NEBO",
        "TAXABLE_CODE": 100,
        "ACCOUNT_TYPE": null,
        "NEIGHBORHOOD": "9999",
        "NBHD_DISTRICT": null,
        "LAND_DISTRICT": 9999,
        "ECONOMIC_UNIT": null,
        "GLA_WEIGHTED_YRBLT": null,
        "TOTAL_ABOVE_GRADE_AREA": null,
        "TOTAL_MEZZANINE": null,
        "TOTAL_BASEMENT": null,
        "TOTAL_BSMT_FINISH": null,
        "TOTAL_UNIT_COUNT": null,
        "TOTAL_IMP_COUNT": null,
        "MKT_LAND_RES": 0,
        "MKT_LAND_AGR": 0,
        "MKT_LAND_COM": 0,
        "MKT_IMP_VALUE": 0,
        "MKT_IMP_RES": 0,
        "MKT_IMP_AGR": 0,
        "MKT_IMP_COM": 0,
        "TXBL_CUR_VALUE": 0,
        "TXBL_PRV_VAL": 0,
        "TXBL_VAL_YR_CHG": 0,
        "TXBL_PCT_CHG": 0,
        "TOT_CUR_TAXES": 0,
        "TOT_PRV_TAXES": 0,
        "TAXES_YR_CHG": 0,
        "TAXES_PCT_CHG": 0,
        "GREENBELT": null,
        "EXEMPT_RES": "UNK",
        "COMMON_AREA": null,
        "PUBLIC_ROAD": null,
        "PRIVATE_ROAD": null,
        "PART_CENTRAL_ASSD": null,
        "PART_TAXABLE": null,
        "IMP_NO_RES": null,
        "COST_GROUP_RES": null,
        "STYLE_DESCR_RES": null,
        "QUALITY_RES": null,
        "QUALITY_DESCR_RES": null,
        "CONDITION_RES": null,
        "CONDITION_DESCR_RES": null,
        "YEARBLT_RES": null,
        "GLA_RES": null,
        "BASEMENT_RES": null,
        "BSMT_FINISH_RES": null,
        "ATT_GARAGE_SQFT_RES": null,
        "BATHROOMS_RES": null,
        "GLA_BEDROOMS_RES": null,
        "EXTERIOR_RES": null,
        "ALLOCATION_PCT_RES": null,
        "TRAV_COUNT": null,
        "LASTUPDATE": null,
        "CREATED_DATE": 1751463374000,
        "LAST_EDITED_DATE": 1751463374000,
        "ChangeType": "Added",
        "Previous_Owner": null,
        "Shape_Length_12_13_14": 2487.611444681694,
        "Shape_Area_12_13_14": 292053.392369761,
        "Shape_Length": 0.016042661267782667,
        "Shape_Area": 1.3002472240774538e-05
      }
    },
    {
      "type": "Feature",
      "id": 23,
      "geometry": {
        "type": "Polygon",
        "coordinates": [
          [
            [
              -111.69808379499995,
              40.05732501700004
            ],
            [
              -111.69802625599999,
              40.06122510000006
            ],
            [
              -111.70062922999995,
              40.06122064300007
            ],
            [
              -111.70127759499997,
              40.06121064900003
            ],
            [
              -111.70361685699999,
              40.06117305200007
            ],
            [
              -111.70361571099994,
              40.06112733700007
            ],
            [
              -111.70361371499996,
              40.06104778900004
            ],
            [
              -111.70360749099996,
              40.060799761000055
            ],
            [
              -111.70360198499998,
              40.06058029700006
            ],
            [
              -111.70359647899994,
              40.06036083300006
            ],
            [
              -111.70359097199997,
              40.06014137000005
            ],
            [
              -111.70358546599999,
              40.059921906000056
            ],
            [
              -111.70357996099995,
              40.05970244300005
            ],
            [
              -111.70357445499997,
              40.05948297900005
            ],
            [
              -111.70393145299994,
              40.05947768900006
            ],
            [
              -111.70403497699999,
              40.05947615600007
            ],
            [
              -111.70413850099999,
              40.05947462100005
            ],
            [
              -111.70449549799997,
              40.05946933000007
            ],
            [
              -111.70485249499995,
              40.059464038000044
            ],
            [
              -111.70495601899995,
              40.05946250200003
            ],
            [
              -111.705048724,
              40.059461128000066
            ],
            [
              -111.70506960520015,
              40.0594622222784
            ],
            [
              -111.70509011785651,
              40.059466278495094
            ],
            [
              -111.70510984399999,
              40.059473214000036
            ],
            [
              -111.70544634299995,
              40.05946822300007
            ],
            [
              -111.70554866699996,
              40.057348957000045
            ],
            [
              -111.69808381799999,
              40.057324996000034
            ],
            [
              -111.69808379499995,
              40.05732501700004
            ]
          ]
        ]
      },
      "properties": {
        "OBJECTID": 23,
        "Join_Count": 1,
        "TARGET_FID": 701,
        "PARCEL_NO": 300090125,
        "PARCELID": "300090125",
        "PARCELID_LABEL": "30:009:0125",
        "OWNER_NAME": "ARROWHEAD RANCH LLC",
        "CARE_NAME": null,
        "ACREAGE": 59.752241999999995,
        "SITE_FULL_ADDRESS": null,
        "OWN_FULL_ADDRESS": "911 E PIONEER RD  DRAPER, UT 84020",
        "PROP_TYPE": 900,
        "PROP_TYPE_DESCR": "VACANT",
        "SPECIFIC_PROP_TYPE": 901,
        "SPC_PROP_TYP_DESCR": "Vac Res",
        "ASMT_YEAR": 2026,
        "ASMT_CODE": "V",
        "ASMT_CODE_DESCR": "VACANT",
        "MKT_LAND_VALUE": 1148100,
        "MKT_CUR_VALUE": 1148100,
        "MKT_PRV_VAL": 1148100,
        "MKT_VAL_YR_CHG": 0,
        "MKT_PCT_CHG": 0,
        "GLOBALID": "{C3C9AA70-3910-42A7-9AFA-9294061864D1}",
        "Code": null,
        "Description": "West Transition to I-15",
        "City": "Salem",
        "Description_detailed": null,
        "Acres": 938.81,
        "Unit_Rate": null,
        "CityName": null,
        "AdoptedDate": null,
        "Slope_Score": 10,
        "GP_Score": 4,
        "Utilities_Score": 0,
        "Wetlands_Score": 0,
        "Soil_Score": 10,
        "Ownership_Score": 5,
        "Ownership_Type": "Business",
        "Utility_Proximity_Status": "Not Within 1/8 Mile",
        "Final_Score": 3.75,
        "ELEV_CHANGE": 17.518772475586047,
        "SLOPE": 0.7390695926804942,
        "Join_Count_12": 1,
        "TARGET_FID_12": 16016,
        "Shape_Length_12": null,
        "Shape_Area_12": null,
        "OBJECTID_1_12": null,
        "Join_Count_12_13": null,
        "TARGET_FID_12_13": null,
        "Id": 2073,
        "gridcode": 1,
        "ClassName": "Not Hydric",
        "Shape_Length_12_13": null,
        "Shape_Area_12_13": null,
        "SITE_HOUSE_NUM": null,
        "SITE_PRE_DIR": null,
        "SITE_STREET_NAME": null,
        "SITE_STREET_TYPE": null,
        "SITE_POST_DIR": null,
        "SITE_STREET_UNIT": null,
        "SITE_CITY": null,
        "SITE_STATE": null,
        "SITE_ZIP5": "84653",
        "OWN_STREET_ADDRESS": "911 E PIONEER RD",
        "OWN_CITY": "DRAPER",
        "OWN_STATE": "UT",
        "OWN_ZIP5": "84020",
        "VESTING_DOC": "45353-2025 (MORE)",
        "PARCEL_CREATE_DATE": 1751414400000,
        "MAP_FILING_NO": null,
        "SUB_NAME": null,
        "LEGAL_DESCR": "COM N 1144.7 FT & W 616.96 FT FR SE COR. SEC. 3, T9S, R2E, SLB&M.; N 30 DEG 55' 4\" W 237.04 FT; N 31 DEG 47' 49\" W 275.85 FT; N 31 DEG 12' 20\" W 329.28 FT; S 88 DEG 58' 46\" W 40.88 FT; S 30 DEG 53' 0\" E 25.77 FT; W 526.14 FT; S 0 DEG 46' 35\" W 1421.58 FT; S 89 DEG 37' 53\" E 15.52 FT; N 53 DEG 55' 55\" E 1231.3 FT TO BEG. AREA 21.015 AC.",
        "BOOK_PAGE": 30009,
        "LOT": null,
        "BUILDING": null,
        "UNIT": null,
        "TAX_DISTRICT": "180",
        "TAX_DISTRICT_DESCR": "SALEM CITY",
        "SCHOOL_DISTRICT": "NEBO",
        "TAXABLE_CODE": 100,
        "ACCOUNT_TYPE": null,
        "NEIGHBORHOOD": "9999",
        "NBHD_DISTRICT": null,
        "LAND_DISTRICT": 9999,
        "ECONOMIC_UNIT": null,
        "GLA_WEIGHTED_YRBLT": null,
        "TOTAL_ABOVE_GRADE_AREA": null,
        "TOTAL_MEZZANINE": null,
        "TOTAL_BASEMENT": null,
        "TOTAL_BSMT_FINISH": null,
        "TOTAL_UNIT_COUNT": null,
        "TOTAL_IMP_COUNT": null,
        "MKT_LAND_RES": 0,
        "MKT_LAND_AGR": 0,
        "MKT_LAND_COM": 0,
        "MKT_IMP_VALUE": 0,
        "MKT_IMP_RES": 0,
        "MKT_IMP_AGR": 0,
        "MKT_IMP_COM": 0,
        "TXBL_CUR_VALUE": 0,
        "TXBL_PRV_VAL": 0,
        "TXBL_VAL_YR_CHG": 0,
        "TXBL_PCT_CHG": 0,
        "TOT_CUR_TAXES": 0,
        "TOT_PRV_TAXES": 0,
        "TAXES_YR_CHG": 0,
        "TAXES_PCT_CHG": 0,
        "GREENBELT": null,
        "EXEMPT_RES": "UNK",
        "COMMON_AREA": null,
        "PUBLIC_ROAD": null,
        "PRIVATE_ROAD": null,
        "PART_CENTRAL_ASSD": null,
        "PART_TAXABLE": null,
        "IMP_NO_RES": null,
        "COST_GROUP_RES": null,
        "STYLE_DESCR_RES": null,
        "QUALITY_RES": null,
        "QUALITY_DESCR_RES": null,
        "CONDITION_RES": null,
        "CONDITION_DESCR_RES": null,
        "YEARBLT_RES": null,
        "GLA_RES": null,
        "BASEMENT_RES": null,
        "BSMT_FINISH_RES": null,
        "ATT_GARAGE_SQFT_RES": null,
        "BATHROOMS_RES": null,
        "GLA_BEDROOMS_RES": null,
        "EXTERIOR_RES": null,
        "ALLOCATION_PCT_RES": null,
        "TRAV_COUNT": null,
        "LASTUPDATE": null,
        "CREATED_DATE": 1751463374000,
        "LAST_EDITED_DATE": 1751463374000,
        "ChangeType": "Added",
        "Previous_Owner": null,
        "Shape_Length_12_13_14": 4102.2373213141955,
        "Shape_Area_12_13_14": 915477.935673403,
        "Shape_Length": 0.022642499475952923,
        "Shape_Area": 2.551428759318775e-05
      }
    },
    {
      "type": "Feature",
      "id": 24,
      "geometry": {
        "type": "Polygon",
        "coordinates": [
          [
            [
              -111.69300337799996,
              40.05749935700004
            ],
            [
              -111.69300335799994,
              40.057499359000076
            ],
            [
              -111.69447867799994,
              40.05932080900004
            ],
            [
              -111.69804049899994,
              40.05731841200003
            ],
            [
              -111.69812533699996,
              40.05418959900004
            ],
            [
              -111.69812532899999,
              40.05418139300008
            ],
            [
              -111.69667710299996,
              40.055138775000046
            ],
            [
              -111.69572985299999,
              40.05575799700006
            ],
            [
              -111.69548152299996,
              40.05588001600006
            ],
            [
              -111.69473176399998,
              40.05636763200005
            ],
            [
              -111.69307864599995,
              40.05745681900004
            ],
            [
              -111.69300337799996,
              40.05749935700004
            ]
          ]
        ]
      },
      "properties": {
        "OBJECTID": 24,
        "Join_Count": 1,
        "TARGET_FID": 709,
        "PARCEL_NO": 300090055,
        "PARCELID": "300090055",
        "PARCELID_LABEL": "30:009:0055",
        "OWNER_NAME": "MCKEE INVESTMENTS LLC",
        "CARE_NAME": null,
        "ACREAGE": 29.474504,
        "SITE_FULL_ADDRESS": null,
        "OWN_FULL_ADDRESS": "586 N 100 W  HEBER CITY, UT 84032",
        "PROP_TYPE": 900,
        "PROP_TYPE_DESCR": "VACANT",
        "SPECIFIC_PROP_TYPE": 901,
        "SPC_PROP_TYP_DESCR": "Vac Res",
        "ASMT_YEAR": 2026,
        "ASMT_CODE": "V",
        "ASMT_CODE_DESCR": "VACANT",
        "MKT_LAND_VALUE": 1532700,
        "MKT_CUR_VALUE": 1532700,
        "MKT_PRV_VAL": 1532700,
        "MKT_VAL_YR_CHG": 0,
        "MKT_PCT_CHG": 0,
        "GLOBALID": "{CA50620D-4016-491C-A727-B3E97AAD9EA2}",
        "Code": null,
        "Description": "West Transition to I-15",
        "City": "Salem",
        "Description_detailed": null,
        "Acres": 938.81,
        "Unit_Rate": null,
        "CityName": null,
        "AdoptedDate": null,
        "Slope_Score": 10,
        "GP_Score": 4,
        "Utilities_Score": 0,
        "Wetlands_Score": 0,
        "Soil_Score": 10,
        "Ownership_Score": 5,
        "Ownership_Type": "Business",
        "Utility_Proximity_Status": "Not Within 1/8 Mile",
        "Final_Score": 3.75,
        "ELEV_CHANGE": 17.518772475586047,
        "SLOPE": 0.7390695926804942,
        "Join_Count_12": 1,
        "TARGET_FID_12": 16040,
        "Shape_Length_12": null,
        "Shape_Area_12": null,
        "OBJECTID_1_12": null,
        "Join_Count_12_13": null,
        "TARGET_FID_12_13": null,
        "Id": 2073,
        "gridcode": 1,
        "ClassName": "Not Hydric",
        "Shape_Length_12_13": null,
        "Shape_Area_12_13": null,
        "SITE_HOUSE_NUM": null,
        "SITE_PRE_DIR": null,
        "SITE_STREET_NAME": null,
        "SITE_STREET_TYPE": null,
        "SITE_POST_DIR": null,
        "SITE_STREET_UNIT": null,
        "SITE_CITY": null,
        "SITE_STATE": null,
        "SITE_ZIP5": "84653",
        "OWN_STREET_ADDRESS": "223 N MAIN",
        "OWN_CITY": "SALEM",
        "OWN_STATE": "UT",
        "OWN_ZIP5": "84653",
        "VESTING_DOC": "45353-2025 (MORE)",
        "PARCEL_CREATE_DATE": 1751414400000,
        "MAP_FILING_NO": null,
        "SUB_NAME": null,
        "LEGAL_DESCR": "COM N 1646.76 FT & W 923.03 FT FR SE COR. SEC. 3, T9S, R2E, SLB&M.; N 89 DEG 9' 56\" E 784.86 FT; S 1324.33 FT; N 30 DEG 52' 30\" W 157.05 FT; N 53 DEG 47' 24\" E 16.96 FT; N 31 DEG 46' 25\" W 781.72 FT; N 7 DEG 47' 33\" W 1.52 FT; N 30 DEG 55' 4\" W 236.98 FT; N 31 DEG 47' 49\" W 275.85 FT; N 31 DEG 12' 20\" W 75.12 FT TO BEG. AREA 11.686 AC.",
        "BOOK_PAGE": 30009,
        "LOT": null,
        "BUILDING": null,
        "UNIT": null,
        "TAX_DISTRICT": "180",
        "TAX_DISTRICT_DESCR": "SALEM CITY",
        "SCHOOL_DISTRICT": "NEBO",
        "TAXABLE_CODE": 100,
        "ACCOUNT_TYPE": null,
        "NEIGHBORHOOD": "9999",
        "NBHD_DISTRICT": null,
        "LAND_DISTRICT": 9999,
        "ECONOMIC_UNIT": null,
        "GLA_WEIGHTED_YRBLT": null,
        "TOTAL_ABOVE_GRADE_AREA": null,
        "TOTAL_MEZZANINE": null,
        "TOTAL_BASEMENT": null,
        "TOTAL_BSMT_FINISH": null,
        "TOTAL_UNIT_COUNT": null,
        "TOTAL_IMP_COUNT": null,
        "MKT_LAND_RES": 0,
        "MKT_LAND_AGR": 0,
        "MKT_LAND_COM": 0,
        "MKT_IMP_VALUE": 0,
        "MKT_IMP_RES": 0,
        "MKT_IMP_AGR": 0,
        "MKT_IMP_COM": 0,
        "TXBL_CUR_VALUE": 0,
        "TXBL_PRV_VAL": 0,
        "TXBL_VAL_YR_CHG": 0,
        "TXBL_PCT_CHG": 0,
        "TOT_CUR_TAXES": 0,
        "TOT_PRV_TAXES": 0,
        "TAXES_YR_CHG": 0,
        "TAXES_PCT_CHG": 0,
        "GREENBELT": null,
        "EXEMPT_RES": "UNK",
        "COMMON_AREA": null,
        "PUBLIC_ROAD": null,
        "PRIVATE_ROAD": null,
        "PART_CENTRAL_ASSD": null,
        "PART_TAXABLE": null,
        "IMP_NO_RES": null,
        "COST_GROUP_RES": null,
        "STYLE_DESCR_RES": null,
        "QUALITY_RES": null,
        "QUALITY_DESCR_RES": null,
        "CONDITION_RES": null,
        "CONDITION_DESCR_RES": null,
        "YEARBLT_RES": null,
        "GLA_RES": null,
        "BASEMENT_RES": null,
        "BSMT_FINISH_RES": null,
        "ATT_GARAGE_SQFT_RES": null,
        "BATHROOMS_RES": null,
        "GLA_BEDROOMS_RES": null,
        "EXTERIOR_RES": null,
        "ALLOCATION_PCT_RES": null,
        "TRAV_COUNT": null,
        "LASTUPDATE": null,
        "CREATED_DATE": 1751463374000,
        "LAST_EDITED_DATE": 1751463374000,
        "ChangeType": "Added",
        "Previous_Owner": null,
        "Shape_Length_12_13_14": 3653.3669033999413,
        "Shape_Area_12_13_14": 509043.05926182505,
        "Shape_Length": 0.015673221946299984,
        "Shape_Area": 1.2592653751242918e-05
      }
    },
    {
      "type": "Feature",
      "id": 25,
      "geometry": {
        "type": "Polygon",
        "coordinates": [
          [
            [
              -111.71137573599998,
              40.05739580200003
            ],
            [
              -111.71135781899994,
              40.05612261600004
            ],
            [
              -111.70183552999998,
              40.05616019900003
            ],
            [
              -111.69807190299997,
              40.05616899200004
            ],
            [
              -111.69804065299996,
              40.05732491600003
            ],
            [
              -111.70555001299999,
              40.057347314000026
            ],
            [
              -111.70822910999999,
              40.05737284600008
            ],
            [
              -111.70984599099995,
              40.05738279000008
            ],
            [
              -111.71069453699994,
              40.057392863000075
            ],
            [
              -111.71137552099998,
              40.05739579900006
            ],
            [
              -111.71137573599998,
              40.05739580200003
            ]
          ]
        ]
      },
      "properties": {
        "OBJECTID": 25,
        "Join_Count": 1,
        "TARGET_FID": 710,
        "PARCEL_NO": 300090056,
        "PARCELID": "300090056",
        "PARCELID_LABEL": "30:009:0056",
        "OWNER_NAME": "CORP OF PRES BISHOP CHURCH OF JESUS CHRIST OF LDS",
        "CARE_NAME": null,
        "ACREAGE": 37.517645,
        "SITE_FULL_ADDRESS": null,
        "OWN_FULL_ADDRESS": "PO BOX 511196  SALT LAKE CITY, UT 84151-1196",
        "PROP_TYPE": 900,
        "PROP_TYPE_DESCR": "VACANT",
        "SPECIFIC_PROP_TYPE": 901,
        "SPC_PROP_TYP_DESCR": "Vac Res",
        "ASMT_YEAR": 2026,
        "ASMT_CODE": "V",
        "ASMT_CODE_DESCR": "VACANT",
        "MKT_LAND_VALUE": 3335800,
        "MKT_CUR_VALUE": 3335800,
        "MKT_PRV_VAL": 3335800,
        "MKT_VAL_YR_CHG": 0,
        "MKT_PCT_CHG": 0,
        "GLOBALID": "{08EE57DE-2D44-464F-BC0F-6BE684697536}",
        "Code": "MDR",
        "Description": "Medium Density Residential",
        "City": "Payson",
        "Description_detailed": null,
        "Acres": 938.81,
        "Unit_Rate": null,
        "CityName": null,
        "AdoptedDate": null,
        "Slope_Score": 10,
        "GP_Score": 8,
        "Utilities_Score": 0,
        "Wetlands_Score": 0,
        "Soil_Score": 10,
        "Ownership_Score": 5,
        "Ownership_Type": "Business",
        "Utility_Proximity_Status": "Not Within 1/8 Mile",
        "Final_Score": 4.75,
        "ELEV_CHANGE": 49.47652499511696,
        "SLOPE": 0.8987913576903641,
        "Join_Count_12": 35,
        "TARGET_FID_12": 16041,
        "Shape_Length_12": null,
        "Shape_Area_12": null,
        "OBJECTID_1_12": null,
        "Join_Count_12_13": null,
        "TARGET_FID_12_13": null,
        "Id": 2073,
        "gridcode": 1,
        "ClassName": "Not Hydric",
        "Shape_Length_12_13": null,
        "Shape_Area_12_13": null,
        "SITE_HOUSE_NUM": null,
        "SITE_PRE_DIR": null,
        "SITE_STREET_NAME": null,
        "SITE_STREET_TYPE": null,
        "SITE_POST_DIR": null,
        "SITE_STREET_UNIT": null,
        "SITE_CITY": null,
        "SITE_STATE": null,
        "SITE_ZIP5": "84653",
        "OWN_STREET_ADDRESS": "911 E PIONEER RD",
        "OWN_CITY": "DRAPER",
        "OWN_STATE": "UT",
        "OWN_ZIP5": "84020",
        "VESTING_DOC": "45353-2025 (MORE)",
        "PARCEL_CREATE_DATE": 1751414400000,
        "MAP_FILING_NO": null,
        "SUB_NAME": null,
        "LEGAL_DESCR": "COM N 1144.7 FT & W 616.96 FT FR SE COR. SEC. 3, T9S, R2E, SLB&M.; N 30 DEG 55' 4\" W 237.04 FT; N 31 DEG 47' 49\" W 275.85 FT; N 31 DEG 12' 20\" W 329.28 FT; S 88 DEG 58' 46\" W 40.88 FT; S 30 DEG 53' 0\" E 25.77 FT; W 526.14 FT; S 0 DEG 46' 35\" W 1421.58 FT; S 89 DEG 37' 53\" E 15.52 FT; N 53 DEG 55' 55\" E 1231.3 FT TO BEG. AREA 21.015 AC.",
        "BOOK_PAGE": 30009,
        "LOT": null,
        "BUILDING": null,
        "UNIT": null,
        "TAX_DISTRICT": "180",
        "TAX_DISTRICT_DESCR": "SALEM CITY",
        "SCHOOL_DISTRICT": "NEBO",
        "TAXABLE_CODE": 100,
        "ACCOUNT_TYPE": null,
        "NEIGHBORHOOD": "9999",
        "NBHD_DISTRICT": null,
        "LAND_DISTRICT": 9999,
        "ECONOMIC_UNIT": null,
        "GLA_WEIGHTED_YRBLT": null,
        "TOTAL_ABOVE_GRADE_AREA": null,
        "TOTAL_MEZZANINE": null,
        "TOTAL_BASEMENT": null,
        "TOTAL_BSMT_FINISH": null,
        "TOTAL_UNIT_COUNT": null,
        "TOTAL_IMP_COUNT": null,
        "MKT_LAND_RES": 0,
        "MKT_LAND_AGR": 0,
        "MKT_LAND_COM": 0,
        "MKT_IMP_VALUE": 0,
        "MKT_IMP_RES": 0,
        "MKT_IMP_AGR": 0,
        "MKT_IMP_COM": 0,
        "TXBL_CUR_VALUE": 0,
        "TXBL_PRV_VAL": 0,
        "TXBL_VAL_YR_CHG": 0,
        "TXBL_PCT_CHG": 0,
        "TOT_CUR_TAXES": 0,
        "TOT_PRV_TAXES": 0,
        "TAXES_YR_CHG": 0,
        "TAXES_PCT_CHG": 0,
        "GREENBELT": null,
        "EXEMPT_RES": "UNK",
        "COMMON_AREA": null,
        "PUBLIC_ROAD": null,
        "PRIVATE_ROAD": null,
        "PART_CENTRAL_ASSD": null,
        "PART_TAXABLE": null,
        "IMP_NO_RES": null,
        "COST_GROUP_RES": null,
        "STYLE_DESCR_RES": null,
        "QUALITY_RES": null,
        "QUALITY_DESCR_RES": null,
        "CONDITION_RES": null,
        "CONDITION_DESCR_RES": null,
        "YEARBLT_RES": null,
        "GLA_RES": null,
        "BASEMENT_RES": null,
        "BSMT_FINISH_RES": null,
        "ATT_GARAGE_SQFT_RES": null,
        "BATHROOMS_RES": null,
        "GLA_BEDROOMS_RES": null,
        "EXTERIOR_RES": null,
        "ALLOCATION_PCT_RES": null,
        "TRAV_COUNT": null,
        "LASTUPDATE": null,
        "CREATED_DATE": 1751463374000,
        "LAST_EDITED_DATE": 1751463374000,
        "ChangeType": "Added",
        "Previous_Owner": null,
        "Shape_Length_12_13_14": 4102.2373213141955,
        "Shape_Area_12_13_14": 915477.935673403,
        "Shape_Length": 0.0290509936154189,
        "Shape_Area": 1.602943014419017e-05
      }
    },
    {
      "type": "Feature",
      "id": 26,
      "geometry": {
        "type": "Polygon",
        "coordinates": [
          [
            [
              -111.69233893199998,
              40.05068452000006
            ],
            [
              -111.69240934999999,
              40.05080455700005
            ],
            [
              -111.69318110599994,
              40.05201572300007
            ],
            [
              -111.69325402708961,
              40.05212613762657
            ],
            [
              -111.69332223691146,
              40.0522395232309
            ],
            [
              -111.69338561460926,
              40.05235567891302
            ],
            [
              -111.69344404788849,
              40.05247439886477
            ],
            [
              -111.69349743321531,
              40.05259547273456
            ],
            [
              -111.69354567599999,
              40.05271868600005
            ],
            [
              -111.69412903799997,
              40.05241773500006
            ],
            [
              -111.69408622099996,
              40.05231755700004
            ],
            [
              -111.69407562199996,
              40.05232112400006
            ],
            [
              -111.69312083499995,
              40.05044632500005
            ],
            [
              -111.69233893199998,
              40.05068452000006
            ]
          ]
        ]
      },
      "properties": {
        "OBJECTID": 26,
        "Join_Count": 1,
        "TARGET_FID": 811,
        "PARCEL_NO": 300320033,
        "PARCELID": "300320033",
        "PARCELID_LABEL": "30:032:0033",
        "OWNER_NAME": "CHRISTENSEN, JOSEPH DOUGLAS & DEEANN",
        "CARE_NAME": null,
        "ACREAGE": 3.7442279999999997,
        "SITE_FULL_ADDRESS": null,
        "OWN_FULL_ADDRESS": "PO BOX 1729  SPANISH FORK, UT 84660",
        "PROP_TYPE": 900,
        "PROP_TYPE_DESCR": "VACANT",
        "SPECIFIC_PROP_TYPE": 901,
        "SPC_PROP_TYP_DESCR": "Vac Res",
        "ASMT_YEAR": 2026,
        "ASMT_CODE": "V",
        "ASMT_CODE_DESCR": "VACANT",
        "MKT_LAND_VALUE": 333100,
        "MKT_CUR_VALUE": 333100,
        "MKT_PRV_VAL": 333100,
        "MKT_VAL_YR_CHG": 0,
        "MKT_PCT_CHG": 0,
        "GLOBALID": "{8B075085-C5DC-4B48-BAEC-4A34E20920EA}",
        "Code": null,
        "Description": "Historic Salem Extension",
        "City": "Salem",
        "Description_detailed": null,
        "Acres": 2656.69,
        "Unit_Rate": null,
        "CityName": null,
        "AdoptedDate": null,
        "Slope_Score": 10,
        "GP_Score": 4,
        "Utilities_Score": 0,
        "Wetlands_Score": 0,
        "Soil_Score": 10,
        "Ownership_Score": 10,
        "Ownership_Type": "Private",
        "Utility_Proximity_Status": "Not Within 1/8 Mile",
        "Final_Score": 4.5,
        "ELEV_CHANGE": 0.3119841748048202,
        "SLOPE": 0.013143310958364107,
        "Join_Count_12": 2,
        "TARGET_FID_12": 16441,
        "Shape_Length_12": null,
        "Shape_Area_12": null,
        "OBJECTID_1_12": null,
        "Join_Count_12_13": null,
        "TARGET_FID_12_13": null,
        "Id": 2073,
        "gridcode": 1,
        "ClassName": "Not Hydric",
        "Shape_Length_12_13": null,
        "Shape_Area_12_13": null,
        "SITE_HOUSE_NUM": null,
        "SITE_PRE_DIR": null,
        "SITE_STREET_NAME": null,
        "SITE_STREET_TYPE": null,
        "SITE_POST_DIR": null,
        "SITE_STREET_UNIT": null,
        "SITE_CITY": null,
        "SITE_STATE": null,
        "SITE_ZIP5": null,
        "OWN_STREET_ADDRESS": "PO BOX 1729",
        "OWN_CITY": "SPANISH FORK",
        "OWN_STATE": "UT",
        "OWN_ZIP5": "84660",
        "VESTING_DOC": "128517-2022",
        "PARCEL_CREATE_DATE": 1752105600000,
        "MAP_FILING_NO": null,
        "SUB_NAME": null,
        "LEGAL_DESCR": "COM S 388.67 FT & W 298.48 FT FR NE COR. SEC. 10, T9S, R2E, SLB&M.; ALONG A CURVE TO L (CHORD BEARS: S 3 DEG 39' 22\" W 893.04 FT, RADIUS = 1303 FT); S 65 DEG 15' 0\" W 190.16 FT; N 22 DEG 6' 43\" W 119.93 FT; N 23 DEG 42' 16\" W 56.43 FT; N 20 DEG 54' 0\" W 120.9 FT; N 21 DEG 55' 16\" W 303.2 FT; N 48 DEG 7' 32\" E 589.99 FT; ALONG A CURVE TO R (CHORD BEARS: N 23 DEG 29' 13\" E 12.88 FT, RADIUS = 1303 FT); N 48 DEG 45' 0\" E 12.43 FT TO BEG. AREA 4.563 AC.",
        "BOOK_PAGE": 30032,
        "LOT": null,
        "BUILDING": null,
        "UNIT": null,
        "TAX_DISTRICT": "180",
        "TAX_DISTRICT_DESCR": "SALEM CITY",
        "SCHOOL_DISTRICT": "NEBO",
        "TAXABLE_CODE": 100,
        "ACCOUNT_TYPE": null,
        "NEIGHBORHOOD": "9999",
        "NBHD_DISTRICT": null,
        "LAND_DISTRICT": 9999,
        "ECONOMIC_UNIT": null,
        "GLA_WEIGHTED_YRBLT": null,
        "TOTAL_ABOVE_GRADE_AREA": null,
        "TOTAL_MEZZANINE": null,
        "TOTAL_BASEMENT": null,
        "TOTAL_BSMT_FINISH": null,
        "TOTAL_UNIT_COUNT": null,
        "TOTAL_IMP_COUNT": null,
        "MKT_LAND_RES": 0,
        "MKT_LAND_AGR": 0,
        "MKT_LAND_COM": 0,
        "MKT_IMP_VALUE": 0,
        "MKT_IMP_RES": 0,
        "MKT_IMP_AGR": 0,
        "MKT_IMP_COM": 0,
        "TXBL_CUR_VALUE": 0,
        "TXBL_PRV_VAL": 0,
        "TXBL_VAL_YR_CHG": 0,
        "TXBL_PCT_CHG": 0,
        "TOT_CUR_TAXES": 0,
        "TOT_PRV_TAXES": 0,
        "TAXES_YR_CHG": 0,
        "TAXES_PCT_CHG": 0,
        "GREENBELT": null,
        "EXEMPT_RES": "UNK",
        "COMMON_AREA": null,
        "PUBLIC_ROAD": null,
        "PRIVATE_ROAD": null,
        "PART_CENTRAL_ASSD": null,
        "PART_TAXABLE": null,
        "IMP_NO_RES": null,
        "COST_GROUP_RES": null,
        "STYLE_DESCR_RES": null,
        "QUALITY_RES": null,
        "QUALITY_DESCR_RES": null,
        "CONDITION_RES": null,
        "CONDITION_DESCR_RES": null,
        "YEARBLT_RES": null,
        "GLA_RES": null,
        "BASEMENT_RES": null,
        "BSMT_FINISH_RES": null,
        "ATT_GARAGE_SQFT_RES": null,
        "BATHROOMS_RES": null,
        "GLA_BEDROOMS_RES": null,
        "EXTERIOR_RES": null,
        "ALLOCATION_PCT_RES": null,
        "TRAV_COUNT": null,
        "LASTUPDATE": null,
        "CREATED_DATE": 1752163478000,
        "LAST_EDITED_DATE": 1752163478000,
        "ChangeType": "Added",
        "Previous_Owner": null,
        "Shape_Length_12_13_14": 2316.77978593958,
        "Shape_Area_12_13_14": 198789.8082346192,
        "Shape_Length": 0.006067150113321364,
        "Shape_Area": 1.5994684408443129e-06
      }
    },
    {
      "type": "Feature",
      "id": 27,
      "geometry": {
        "type": "Polygon",
        "coordinates": [
          [
            [
              -111.70065984999997,
              40.04453751900007
            ],
            [
              -111.70066046199997,
              40.04452035400004
            ],
            [
              -111.70067855399998,
              40.04270191900008
            ],
            [
              -111.69940456199998,
              40.042692008000074
            ],
            [
              -111.69938149799998,
              40.044501737000076
            ],
            [
              -111.70065984999997,
              40.04453751900007
            ]
          ]
        ]
      },
      "properties": {
        "OBJECTID": 27,
        "Join_Count": 1,
        "TARGET_FID": 815,
        "PARCEL_NO": 300330014,
        "PARCELID": "300330014",
        "PARCELID_LABEL": "30:033:0014",
        "OWNER_NAME": "BALLARD, MARY JANE & EDWIN E",
        "CARE_NAME": null,
        "ACREAGE": 5.45,
        "SITE_FULL_ADDRESS": null,
        "OWN_FULL_ADDRESS": "1165 S 1950 W  SPRINGVILLE, UT 84663",
        "PROP_TYPE": 900,
        "PROP_TYPE_DESCR": "VACANT",
        "SPECIFIC_PROP_TYPE": 901,
        "SPC_PROP_TYP_DESCR": "Vac Res",
        "ASMT_YEAR": 2026,
        "ASMT_CODE": "V",
        "ASMT_CODE_DESCR": "VACANT",
        "MKT_LAND_VALUE": 420900,
        "MKT_CUR_VALUE": 420900,
        "MKT_PRV_VAL": 420900,
        "MKT_VAL_YR_CHG": 0,
        "MKT_PCT_CHG": 0,
        "GLOBALID": "{0EF886BB-C260-4C3B-9985-8BCC1E52FC59}",
        "Code": "HDR",
        "Description": "High Density Residential",
        "City": "Payson",
        "Description_detailed": null,
        "Acres": null,
        "Unit_Rate": null,
        "CityName": null,
        "AdoptedDate": null,
        "Slope_Score": 10,
        "GP_Score": 10,
        "Utilities_Score": 0,
        "Wetlands_Score": 10,
        "Soil_Score": 10,
        "Ownership_Score": 10,
        "Ownership_Type": "Private",
        "Utility_Proximity_Status": "Not Within 1/8 Mile",
        "Final_Score": 7.5,
        "ELEV_CHANGE": 7.923356757812144,
        "SLOPE": 0.574694143656686,
        "Join_Count_12": 35,
        "TARGET_FID_12": 16456,
        "Shape_Length_12": null,
        "Shape_Area_12": null,
        "OBJECTID_1_12": null,
        "Join_Count_12_13": null,
        "TARGET_FID_12_13": null,
        "Id": 2073,
        "gridcode": 1,
        "ClassName": "Not Hydric",
        "Shape_Length_12_13": null,
        "Shape_Area_12_13": null,
        "SITE_HOUSE_NUM": null,
        "SITE_PRE_DIR": null,
        "SITE_STREET_NAME": null,
        "SITE_STREET_TYPE": null,
        "SITE_POST_DIR": null,
        "SITE_STREET_UNIT": null,
        "SITE_CITY": null,
        "SITE_STATE": null,
        "SITE_ZIP5": "84651",
        "OWN_STREET_ADDRESS": "63 N 400 W",
        "OWN_CITY": "PROVO",
        "OWN_STATE": "UT",
        "OWN_ZIP5": "84601",
        "VESTING_DOC": "11119-2025",
        "PARCEL_CREATE_DATE": 1750118400000,
        "MAP_FILING_NO": null,
        "SUB_NAME": null,
        "LEGAL_DESCR": "COM N 432.46 FT & W 68.62 FT FR S 1/4 COR. SEC. 10, T9S, R2E, SLB&M.; S 88 DEG 45' 0\" E 176.15 FT; N 0 DEG 51' 54\" E 135.05 FT; S 88 DEG 45' 0\" E 131.34 FT; S 88 DEG 45' 0\" E .01 FT; N 0 DEG 34' 0\" E 530.67 FT; N 89 DEG 19' 10\" W 266.36 FT; S 88 DEG 38' 1\" W 63.41 FT; S 23 DEG 42' 38\" W .15 FT; S 0 DEG 35' 24\" W 660.01 FT; S 89 DEG 23' 33\" E 21.89 FT TO BEG. AREA 4.617 AC.",
        "BOOK_PAGE": 30033,
        "LOT": null,
        "BUILDING": null,
        "UNIT": null,
        "TAX_DISTRICT": "170",
        "TAX_DISTRICT_DESCR": "PAYSON CITY",
        "SCHOOL_DISTRICT": "NEBO",
        "TAXABLE_CODE": 100,
        "ACCOUNT_TYPE": null,
        "NEIGHBORHOOD": "9999",
        "NBHD_DISTRICT": null,
        "LAND_DISTRICT": 9999,
        "ECONOMIC_UNIT": null,
        "GLA_WEIGHTED_YRBLT": null,
        "TOTAL_ABOVE_GRADE_AREA": null,
        "TOTAL_MEZZANINE": null,
        "TOTAL_BASEMENT": null,
        "TOTAL_BSMT_FINISH": null,
        "TOTAL_UNIT_COUNT": null,
        "TOTAL_IMP_COUNT": null,
        "MKT_LAND_RES": 0,
        "MKT_LAND_AGR": 0,
        "MKT_LAND_COM": 0,
        "MKT_IMP_VALUE": 0,
        "MKT_IMP_RES": 0,
        "MKT_IMP_AGR": 0,
        "MKT_IMP_COM": 0,
        "TXBL_CUR_VALUE": 0,
        "TXBL_PRV_VAL": 0,
        "TXBL_VAL_YR_CHG": 0,
        "TXBL_PCT_CHG": 0,
        "TOT_CUR_TAXES": 0,
        "TOT_PRV_TAXES": 0,
        "TAXES_YR_CHG": 0,
        "TAXES_PCT_CHG": 0,
        "GREENBELT": null,
        "EXEMPT_RES": "UNK",
        "COMMON_AREA": null,
        "PUBLIC_ROAD": null,
        "PRIVATE_ROAD": null,
        "PART_CENTRAL_ASSD": null,
        "PART_TAXABLE": null,
        "IMP_NO_RES": null,
        "COST_GROUP_RES": null,
        "STYLE_DESCR_RES": null,
        "QUALITY_RES": null,
        "QUALITY_DESCR_RES": null,
        "CONDITION_RES": null,
        "CONDITION_DESCR_RES": null,
        "YEARBLT_RES": null,
        "GLA_RES": null,
        "BASEMENT_RES": null,
        "BSMT_FINISH_RES": null,
        "ATT_GARAGE_SQFT_RES": null,
        "BATHROOMS_RES": null,
        "GLA_BEDROOMS_RES": null,
        "EXTERIOR_RES": null,
        "ALLOCATION_PCT_RES": null,
        "TRAV_COUNT": null,
        "LASTUPDATE": null,
        "CREATED_DATE": 1750161715000,
        "LAST_EDITED_DATE": 1750161715000,
        "ChangeType": "Added",
        "Previous_Owner": null,
        "Shape_Length_12_13_14": 1984.757295658901,
        "Shape_Area_12_13_14": 201124.54704783158,
        "Shape_Length": 0.006198460102679899,
        "Shape_Area": 2.3269116931052986e-06
      }
    },
    {
      "type": "Feature",
      "id": 28,
      "geometry": {
        "type": "Polygon",
        "coordinates": [
          [
            [
              -111.68934827899994,
              40.049589482000044
            ],
            [
              -111.68911331099997,
              40.04966063400008
            ],
            [
              -111.68917206099997,
              40.04989031400004
            ],
            [
              -111.68993621499999,
              40.05143047800004
            ],
            [
              -111.69146375199995,
              40.050965173000066
            ],
            [
              -111.69085751799997,
              40.04965829900004
            ],
            [
              -111.69065061299995,
              40.04922876100005
            ],
            [
              -111.69015355499994,
              40.049309066000035
            ],
            [
              -111.69003363499996,
              40.049050555000065
            ],
            [
              -111.68923260599996,
              40.049179964000075
            ],
            [
              -111.68934827899994,
              40.049589482000044
            ]
          ]
        ]
      },
      "properties": {
        "OBJECTID": 28,
        "Join_Count": 1,
        "TARGET_FID": 835,
        "PARCEL_NO": 300350112,
        "PARCELID": "300350112",
        "PARCELID_LABEL": "30:035:0112",
        "OWNER_NAME": "CHRISTENSEN FAMILY TRUST 07-14-1999 (ET AL)",
        "CARE_NAME": null,
        "ACREAGE": 8.045138999999999,
        "SITE_FULL_ADDRESS": null,
        "OWN_FULL_ADDRESS": "99 W SOUTH TEMPLE UNIT 207  SALT LAKE CITY, UT 84101",
        "PROP_TYPE": 903,
        "PROP_TYPE_DESCR": "VACANT COMMERCIAL",
        "SPECIFIC_PROP_TYPE": 905,
        "SPC_PROP_TYP_DESCR": "Vac Com Lot",
        "ASMT_YEAR": 2026,
        "ASMT_CODE": "V",
        "ASMT_CODE_DESCR": "VACANT",
        "MKT_LAND_VALUE": 1036400,
        "MKT_CUR_VALUE": 1036400,
        "MKT_PRV_VAL": 1036400,
        "MKT_VAL_YR_CHG": 0,
        "MKT_PCT_CHG": 0,
        "GLOBALID": "{D6AD5DBB-A462-4F3E-B760-0FCDAE09551B}",
        "Code": null,
        "Description": "Historic Salem",
        "City": "Salem",
        "Description_detailed": null,
        "Acres": 1830.7,
        "Unit_Rate": null,
        "CityName": null,
        "AdoptedDate": null,
        "Slope_Score": 10,
        "GP_Score": 4,
        "Utilities_Score": 10,
        "Wetlands_Score": 10,
        "Soil_Score": 10,
        "Ownership_Score": 10,
        "Ownership_Type": "Private",
        "Utility_Proximity_Status": "Within 1/8 Mile",
        "Final_Score": 8.5,
        "ELEV_CHANGE": 6.133152314453582,
        "SLOPE": 0.35150360692780397,
        "Join_Count_12": 2,
        "TARGET_FID_12": 16500,
        "Shape_Length_12": null,
        "Shape_Area_12": null,
        "OBJECTID_1_12": null,
        "Join_Count_12_13": null,
        "TARGET_FID_12_13": null,
        "Id": 2073,
        "gridcode": 1,
        "ClassName": "Not Hydric",
        "Shape_Length_12_13": null,
        "Shape_Area_12_13": null,
        "SITE_HOUSE_NUM": null,
        "SITE_PRE_DIR": null,
        "SITE_STREET_NAME": null,
        "SITE_STREET_TYPE": null,
        "SITE_POST_DIR": null,
        "SITE_STREET_UNIT": null,
        "SITE_CITY": null,
        "SITE_STATE": null,
        "SITE_ZIP5": null,
        "OWN_STREET_ADDRESS": "PO BOX 1729",
        "OWN_CITY": "SPANISH FORK",
        "OWN_STATE": "UT",
        "OWN_ZIP5": "84660",
        "VESTING_DOC": "128517-2022",
        "PARCEL_CREATE_DATE": 1752105600000,
        "MAP_FILING_NO": null,
        "SUB_NAME": null,
        "LEGAL_DESCR": "COM S 1168.48 FT & E 116.86 FT FR NE COR. SEC. 10, T9S, R2E, SLB&M.; S 21 DEG 15' 0\" E 729.3 FT; S 68 DEG 30' 0\" W 169.03 FT; N 19 DEG 29' 54\" W .95 FT; S 69 DEG 19' 48\" W 135.14 FT; ALONG A CURVE TO R (CHORD BEARS: N 22 DEG 57' 29\" W 3.03 FT, RADIUS = 1453 FT); N 68 DEG 42' 20\" E 128.45 FT; S 20 DEG 7' 37\" E .95 FT; N 67 DEG 52' 32\" E 169.03 FT; N 21 DEG 52' 24\" W 723.11 FT; N 69 DEG 14' 57\" E 14.64 FT TO BEG. AREA 0.210 AC.",
        "BOOK_PAGE": 30035,
        "LOT": null,
        "BUILDING": null,
        "UNIT": null,
        "TAX_DISTRICT": "180",
        "TAX_DISTRICT_DESCR": "SALEM CITY",
        "SCHOOL_DISTRICT": "NEBO",
        "TAXABLE_CODE": 100,
        "ACCOUNT_TYPE": null,
        "NEIGHBORHOOD": "9999",
        "NBHD_DISTRICT": null,
        "LAND_DISTRICT": 9999,
        "ECONOMIC_UNIT": null,
        "GLA_WEIGHTED_YRBLT": null,
        "TOTAL_ABOVE_GRADE_AREA": null,
        "TOTAL_MEZZANINE": null,
        "TOTAL_BASEMENT": null,
        "TOTAL_BSMT_FINISH": null,
        "TOTAL_UNIT_COUNT": null,
        "TOTAL_IMP_COUNT": null,
        "MKT_LAND_RES": 0,
        "MKT_LAND_AGR": 0,
        "MKT_LAND_COM": 0,
        "MKT_IMP_VALUE": 0,
        "MKT_IMP_RES": 0,
        "MKT_IMP_AGR": 0,
        "MKT_IMP_COM": 0,
        "TXBL_CUR_VALUE": 0,
        "TXBL_PRV_VAL": 0,
        "TXBL_VAL_YR_CHG": 0,
        "TXBL_PCT_CHG": 0,
        "TOT_CUR_TAXES": 0,
        "TOT_PRV_TAXES": 0,
        "TAXES_YR_CHG": 0,
        "TAXES_PCT_CHG": 0,
        "GREENBELT": null,
        "EXEMPT_RES": "UNK",
        "COMMON_AREA": null,
        "PUBLIC_ROAD": null,
        "PRIVATE_ROAD": null,
        "PART_CENTRAL_ASSD": null,
        "PART_TAXABLE": null,
        "IMP_NO_RES": null,
        "COST_GROUP_RES": null,
        "STYLE_DESCR_RES": null,
        "QUALITY_RES": null,
        "QUALITY_DESCR_RES": null,
        "CONDITION_RES": null,
        "CONDITION_DESCR_RES": null,
        "YEARBLT_RES": null,
        "GLA_RES": null,
        "BASEMENT_RES": null,
        "BSMT_FINISH_RES": null,
        "ATT_GARAGE_SQFT_RES": null,
        "BATHROOMS_RES": null,
        "GLA_BEDROOMS_RES": null,
        "EXTERIOR_RES": null,
        "ALLOCATION_PCT_RES": null,
        "TRAV_COUNT": null,
        "LASTUPDATE": null,
        "CREATED_DATE": 1752163478000,
        "LAST_EDITED_DATE": 1752163478000,
        "ChangeType": "Added",
        "Previous_Owner": null,
        "Shape_Length_12_13_14": 2073.072130533843,
        "Shape_Area_12_13_14": 9176.566266425118,
        "Shape_Length": 0.007741568434587931,
        "Shape_Area": 3.434708328130928e-06
      }
    },
    {
      "type": "Feature",
      "id": 29,
      "geometry": {
        "type": "MultiPolygon",
        "coordinates": [
          [
            [
              [
                -111.69137199299996,
                40.04886367200004
              ],
              [
                -111.69137200399996,
                40.04886368000007
              ],
              [
                -111.69137202299999,
                40.04886367600005
              ],
              [
                -111.69137199299996,
                40.04886367200004
              ]
            ]
          ],
          [
            [
              [
                -111.69137200399996,
                40.04886368000007
              ],
              [
                -111.69054225899998,
                40.049003707000054
              ],
              [
                -111.69085756699997,
                40.049658297000065
              ],
              [
                -111.69145381399994,
                40.05094364300004
              ],
              [
                -111.69190499599995,
                40.05081198200003
              ],
              [
                -111.6918357141947,
                40.05068200493231
              ],
              [
                -111.6917724606625,
                40.050548989905586
              ],
              [
                -111.69171536827037,
                40.050413216324095
              ],
              [
                -111.6916645569435,
                40.050274969386585
              ],
              [
                -111.69162013341347,
                40.05013453948717
              ],
              [
                -111.69158219099394,
                40.0499922216054
              ],
              [
                -111.69155080938478,
                40.049848314686606
              ],
              [
                -111.69152605450448,
                40.04970312101398
              ],
              [
                -111.69150797835184,
                40.04955694557358
              ],
              [
                -111.69149661889665,
                40.04941009541373
              ],
              [
                -111.69149199999998,
                40.049262879000025
              ],
              [
                -111.69149093899995,
                40.04893700200006
              ],
              [
                -111.69137200399996,
                40.04886368000007
              ]
            ]
          ]
        ]
      },
      "properties": {
        "OBJECTID": 29,
        "Join_Count": 1,
        "TARGET_FID": 838,
        "PARCEL_NO": 300350160,
        "PARCELID": "300350160",
        "PARCELID_LABEL": "30:035:0160",
        "OWNER_NAME": "HANSEN, LARRY S & LUANN C",
        "CARE_NAME": null,
        "ACREAGE": 2.942024,
        "SITE_FULL_ADDRESS": null,
        "OWN_FULL_ADDRESS": "455 S 550 W  SALEM, UT 84653-5549",
        "PROP_TYPE": 903,
        "PROP_TYPE_DESCR": "VACANT COMMERCIAL",
        "SPECIFIC_PROP_TYPE": 905,
        "SPC_PROP_TYP_DESCR": "Vac Com Lot",
        "ASMT_YEAR": 2026,
        "ASMT_CODE": "V",
        "ASMT_CODE_DESCR": "VACANT",
        "MKT_LAND_VALUE": 962300,
        "MKT_CUR_VALUE": 962300,
        "MKT_PRV_VAL": 962300,
        "MKT_VAL_YR_CHG": 0,
        "MKT_PCT_CHG": 0,
        "GLOBALID": "{1ACA2BF5-EFCE-4B6C-9F68-FC007702E27F}",
        "Code": null,
        "Description": "Historic Salem Extension",
        "City": "Salem",
        "Description_detailed": null,
        "Acres": 2656.69,
        "Unit_Rate": null,
        "CityName": null,
        "AdoptedDate": null,
        "Slope_Score": 10,
        "GP_Score": 4,
        "Utilities_Score": 10,
        "Wetlands_Score": 10,
        "Soil_Score": 10,
        "Ownership_Score": 10,
        "Ownership_Type": "Private",
        "Utility_Proximity_Status": "Within 1/8 Mile",
        "Final_Score": 8.5,
        "ELEV_CHANGE": 6.133152314453582,
        "SLOPE": 0.35150360692780397,
        "Join_Count_12": 1,
        "TARGET_FID_12": 16506,
        "Shape_Length_12": null,
        "Shape_Area_12": null,
        "OBJECTID_1_12": null,
        "Join_Count_12_13": null,
        "TARGET_FID_12_13": null,
        "Id": 2073,
        "gridcode": 1,
        "ClassName": "Not Hydric",
        "Shape_Length_12_13": null,
        "Shape_Area_12_13": null,
        "SITE_HOUSE_NUM": null,
        "SITE_PRE_DIR": null,
        "SITE_STREET_NAME": null,
        "SITE_STREET_TYPE": null,
        "SITE_POST_DIR": null,
        "SITE_STREET_UNIT": null,
        "SITE_CITY": null,
        "SITE_STATE": null,
        "SITE_ZIP5": null,
        "OWN_STREET_ADDRESS": "PO BOX 1729",
        "OWN_CITY": "SPANISH FORK",
        "OWN_STATE": "UT",
        "OWN_ZIP5": "84660",
        "VESTING_DOC": "128517-2022",
        "PARCEL_CREATE_DATE": 1752105600000,
        "MAP_FILING_NO": null,
        "SUB_NAME": null,
        "LEGAL_DESCR": "COM S 1168.48 FT & E 116.86 FT FR NE COR. SEC. 10, T9S, R2E, SLB&M.; S 21 DEG 15' 0\" E 729.3 FT; S 68 DEG 30' 0\" W 169.03 FT; N 19 DEG 29' 54\" W .95 FT; S 69 DEG 19' 48\" W 135.14 FT; ALONG A CURVE TO R (CHORD BEARS: N 22 DEG 57' 29\" W 3.03 FT, RADIUS = 1453 FT); N 68 DEG 42' 20\" E 128.45 FT; S 20 DEG 7' 37\" E .95 FT; N 67 DEG 52' 32\" E 169.03 FT; N 21 DEG 52' 24\" W 723.11 FT; N 69 DEG 14' 57\" E 14.64 FT TO BEG. AREA 0.210 AC.",
        "BOOK_PAGE": 30035,
        "LOT": null,
        "BUILDING": null,
        "UNIT": null,
        "TAX_DISTRICT": "180",
        "TAX_DISTRICT_DESCR": "SALEM CITY",
        "SCHOOL_DISTRICT": "NEBO",
        "TAXABLE_CODE": 100,
        "ACCOUNT_TYPE": null,
        "NEIGHBORHOOD": "9999",
        "NBHD_DISTRICT": null,
        "LAND_DISTRICT": 9999,
        "ECONOMIC_UNIT": null,
        "GLA_WEIGHTED_YRBLT": null,
        "TOTAL_ABOVE_GRADE_AREA": null,
        "TOTAL_MEZZANINE": null,
        "TOTAL_BASEMENT": null,
        "TOTAL_BSMT_FINISH": null,
        "TOTAL_UNIT_COUNT": null,
        "TOTAL_IMP_COUNT": null,
        "MKT_LAND_RES": 0,
        "MKT_LAND_AGR": 0,
        "MKT_LAND_COM": 0,
        "MKT_IMP_VALUE": 0,
        "MKT_IMP_RES": 0,
        "MKT_IMP_AGR": 0,
        "MKT_IMP_COM": 0,
        "TXBL_CUR_VALUE": 0,
        "TXBL_PRV_VAL": 0,
        "TXBL_VAL_YR_CHG": 0,
        "TXBL_PCT_CHG": 0,
        "TOT_CUR_TAXES": 0,
        "TOT_PRV_TAXES": 0,
        "TAXES_YR_CHG": 0,
        "TAXES_PCT_CHG": 0,
        "GREENBELT": null,
        "EXEMPT_RES": "UNK",
        "COMMON_AREA": null,
        "PUBLIC_ROAD": null,
        "PRIVATE_ROAD": null,
        "PART_CENTRAL_ASSD": null,
        "PART_TAXABLE": null,
        "IMP_NO_RES": null,
        "COST_GROUP_RES": null,
        "STYLE_DESCR_RES": null,
        "QUALITY_RES": null,
        "QUALITY_DESCR_RES": null,
        "CONDITION_RES": null,
        "CONDITION_DESCR_RES": null,
        "YEARBLT_RES": null,
        "GLA_RES": null,
        "BASEMENT_RES": null,
        "BSMT_FINISH_RES": null,
        "ATT_GARAGE_SQFT_RES": null,
        "BATHROOMS_RES": null,
        "GLA_BEDROOMS_RES": null,
        "EXTERIOR_RES": null,
        "ALLOCATION_PCT_RES": null,
        "TRAV_COUNT": null,
        "LASTUPDATE": null,
        "CREATED_DATE": 1752163478000,
        "LAST_EDITED_DATE": 1752163478000,
        "ChangeType": "Added",
        "Previous_Owner": null,
        "Shape_Length_12_13_14": 2073.072130533843,
        "Shape_Area_12_13_14": 9176.566266425118,
        "Shape_Length": 0.005540937423639878,
        "Shape_Area": 1.2566951487990663e-06
      }
    },
    {
      "type": "Feature",
      "id": 30,
      "geometry": {
        "type": "Polygon",
        "coordinates": [
          [
            [
              -111.69708593499996,
              40.051275503000056
            ],
            [
              -111.69657555999999,
              40.05144111200008
            ],
            [
              -111.69528486099995,
              40.05187129600006
            ],
            [
              -111.69506094599996,
              40.051968328000044
            ],
            [
              -111.69453474599999,
              40.052166036000074
            ],
            [
              -111.69408562199999,
              40.052317182000024
            ],
            [
              -111.69413713199998,
              40.05243769600003
            ],
            [
              -111.69430473099999,
              40.05275272700004
            ],
            [
              -111.69438614899997,
              40.05289439500007
            ],
            [
              -111.69454105599999,
              40.05320411100007
            ],
            [
              -111.69495616699999,
              40.053991859000064
            ],
            [
              -111.69521557399997,
              40.053820149000046
            ],
            [
              -111.69547218699995,
              40.053670501000056
            ],
            [
              -111.69599965999998,
              40.05332313300005
            ],
            [
              -111.69723920099995,
              40.05247097300003
            ],
            [
              -111.69765220299996,
              40.05225794200004
            ],
            [
              -111.69771923599995,
              40.05221396400003
            ],
            [
              -111.69804521199995,
              40.052052572000036
            ],
            [
              -111.69815602299997,
              40.05200631900004
            ],
            [
              -111.69814498299996,
              40.051792557000056
            ],
            [
              -111.69809768599998,
              40.051107897000065
            ],
            [
              -111.69808303499997,
              40.05096642700005
            ],
            [
              -111.69708593499996,
              40.051275503000056
            ]
          ]
        ]
      },
      "properties": {
        "OBJECTID": 30,
        "Join_Count": 1,
        "TARGET_FID": 845,
        "PARCEL_NO": 300320020,
        "PARCELID": "300320020",
        "PARCELID_LABEL": "30:032:0020",
        "OWNER_NAME": "FRANK & SUSAN BALLARD FAMILY TRUST 6-26-15 (ET AL)",
        "CARE_NAME": null,
        "ACREAGE": 13.191348999999999,
        "SITE_FULL_ADDRESS": null,
        "OWN_FULL_ADDRESS": "315 N 1140 E  PAYSON, UT 84651-3061",
        "PROP_TYPE": 900,
        "PROP_TYPE_DESCR": "VACANT",
        "SPECIFIC_PROP_TYPE": 901,
        "SPC_PROP_TYP_DESCR": "Vac Res",
        "ASMT_YEAR": 2026,
        "ASMT_CODE": "V",
        "ASMT_CODE_DESCR": "VACANT",
        "MKT_LAND_VALUE": 586500,
        "MKT_CUR_VALUE": 586500,
        "MKT_PRV_VAL": 586500,
        "MKT_VAL_YR_CHG": 0,
        "MKT_PCT_CHG": 0,
        "GLOBALID": "{D70605F4-E725-4EFA-9F2F-69E4B1648CD8}",
        "Code": null,
        "Description": "Historic Salem Extension",
        "City": "Salem",
        "Description_detailed": null,
        "Acres": 2656.69,
        "Unit_Rate": null,
        "CityName": null,
        "AdoptedDate": null,
        "Slope_Score": 10,
        "GP_Score": 4,
        "Utilities_Score": 0,
        "Wetlands_Score": 0,
        "Soil_Score": 1,
        "Ownership_Score": 10,
        "Ownership_Type": "Private",
        "Utility_Proximity_Status": "Not Within 1/8 Mile",
        "Final_Score": 3.6,
        "ELEV_CHANGE": 0.3119841748048202,
        "SLOPE": 0.013143310958364107,
        "Join_Count_12": 2,
        "TARGET_FID_12": 16541,
        "Shape_Length_12": null,
        "Shape_Area_12": null,
        "OBJECTID_1_12": null,
        "Join_Count_12_13": null,
        "TARGET_FID_12_13": null,
        "Id": 1706,
        "gridcode": 5,
        "ClassName": "Mostly Hydric (76 - 95%)",
        "Shape_Length_12_13": null,
        "Shape_Area_12_13": null,
        "SITE_HOUSE_NUM": null,
        "SITE_PRE_DIR": null,
        "SITE_STREET_NAME": null,
        "SITE_STREET_TYPE": null,
        "SITE_POST_DIR": null,
        "SITE_STREET_UNIT": null,
        "SITE_CITY": null,
        "SITE_STATE": null,
        "SITE_ZIP5": null,
        "OWN_STREET_ADDRESS": "PO BOX 1729",
        "OWN_CITY": "SPANISH FORK",
        "OWN_STATE": "UT",
        "OWN_ZIP5": "84660",
        "VESTING_DOC": "128517-2022",
        "PARCEL_CREATE_DATE": 1752105600000,
        "MAP_FILING_NO": null,
        "SUB_NAME": null,
        "LEGAL_DESCR": "COM S 388.67 FT & W 298.48 FT FR NE COR. SEC. 10, T9S, R2E, SLB&M.; ALONG A CURVE TO L (CHORD BEARS: S 3 DEG 39' 22\" W 893.04 FT, RADIUS = 1303 FT); S 65 DEG 15' 0\" W 190.16 FT; N 22 DEG 6' 43\" W 119.93 FT; N 23 DEG 42' 16\" W 56.43 FT; N 20 DEG 54' 0\" W 120.9 FT; N 21 DEG 55' 16\" W 303.2 FT; N 48 DEG 7' 32\" E 589.99 FT; ALONG A CURVE TO R (CHORD BEARS: N 23 DEG 29' 13\" E 12.88 FT, RADIUS = 1303 FT); N 48 DEG 45' 0\" E 12.43 FT TO BEG. AREA 4.563 AC.",
        "BOOK_PAGE": 30032,
        "LOT": null,
        "BUILDING": null,
        "UNIT": null,
        "TAX_DISTRICT": "180",
        "TAX_DISTRICT_DESCR": "SALEM CITY",
        "SCHOOL_DISTRICT": "NEBO",
        "TAXABLE_CODE": 100,
        "ACCOUNT_TYPE": null,
        "NEIGHBORHOOD": "9999",
        "NBHD_DISTRICT": null,
        "LAND_DISTRICT": 9999,
        "ECONOMIC_UNIT": null,
        "GLA_WEIGHTED_YRBLT": null,
        "TOTAL_ABOVE_GRADE_AREA": null,
        "TOTAL_MEZZANINE": null,
        "TOTAL_BASEMENT": null,
        "TOTAL_BSMT_FINISH": null,
        "TOTAL_UNIT_COUNT": null,
        "TOTAL_IMP_COUNT": null,
        "MKT_LAND_RES": 0,
        "MKT_LAND_AGR": 0,
        "MKT_LAND_COM": 0,
        "MKT_IMP_VALUE": 0,
        "MKT_IMP_RES": 0,
        "MKT_IMP_AGR": 0,
        "MKT_IMP_COM": 0,
        "TXBL_CUR_VALUE": 0,
        "TXBL_PRV_VAL": 0,
        "TXBL_VAL_YR_CHG": 0,
        "TXBL_PCT_CHG": 0,
        "TOT_CUR_TAXES": 0,
        "TOT_PRV_TAXES": 0,
        "TAXES_YR_CHG": 0,
        "TAXES_PCT_CHG": 0,
        "GREENBELT": null,
        "EXEMPT_RES": "UNK",
        "COMMON_AREA": null,
        "PUBLIC_ROAD": null,
        "PRIVATE_ROAD": null,
        "PART_CENTRAL_ASSD": null,
        "PART_TAXABLE": null,
        "IMP_NO_RES": null,
        "COST_GROUP_RES": null,
        "STYLE_DESCR_RES": null,
        "QUALITY_RES": null,
        "QUALITY_DESCR_RES": null,
        "CONDITION_RES": null,
        "CONDITION_DESCR_RES": null,
        "YEARBLT_RES": null,
        "GLA_RES": null,
        "BASEMENT_RES": null,
        "BSMT_FINISH_RES": null,
        "ATT_GARAGE_SQFT_RES": null,
        "BATHROOMS_RES": null,
        "GLA_BEDROOMS_RES": null,
        "EXTERIOR_RES": null,
        "ALLOCATION_PCT_RES": null,
        "TRAV_COUNT": null,
        "LASTUPDATE": null,
        "CREATED_DATE": 1752163478000,
        "LAST_EDITED_DATE": 1752163478000,
        "ChangeType": "Added",
        "Previous_Owner": null,
        "Shape_Length_12_13_14": 2316.77978593958,
        "Shape_Area_12_13_14": 198789.8082346192,
        "Shape_Length": 0.010924221547461787,
        "Shape_Area": 5.6319788152833905e-06
      }
    },
    {
      "type": "Feature",
      "id": 31,
      "geometry": {
        "type": "Polygon",
        "coordinates": [
          [
            [
              -111.69239018199994,
              40.06248956700006
            ],
            [
              -111.69254098699997,
              40.06249285900003
            ],
            [
              -111.69255419099994,
              40.06094962700007
            ],
            [
              -111.69200880599999,
              40.06101317700006
            ],
            [
              -111.691996271,
              40.062476712000034
            ],
            [
              -111.69242283899996,
              40.062484590000054
            ],
            [
              -111.69239018199994,
              40.06248956700006
            ]
          ]
        ]
      },
      "properties": {
        "OBJECTID": 31,
        "Join_Count": 1,
        "TARGET_FID": 888,
        "PARCEL_NO": 300050009,
        "PARCELID": "300050009",
        "PARCELID_LABEL": "30:005:0009",
        "OWNER_NAME": "ARTHUR FRANCOM HOLDINGS LLC",
        "CARE_NAME": "%DEHART, IVY",
        "ACREAGE": 5.94,
        "SITE_FULL_ADDRESS": null,
        "OWN_FULL_ADDRESS": "%DEHART, IVY  2704 E 1300 S CIR  SAINT GEORGE, UT 84790",
        "PROP_TYPE": 900,
        "PROP_TYPE_DESCR": "VACANT",
        "SPECIFIC_PROP_TYPE": 901,
        "SPC_PROP_TYP_DESCR": "Vac Res",
        "ASMT_YEAR": 2026,
        "ASMT_CODE": "V",
        "ASMT_CODE_DESCR": "VACANT",
        "MKT_LAND_VALUE": 264100,
        "MKT_CUR_VALUE": 264100,
        "MKT_PRV_VAL": 264100,
        "MKT_VAL_YR_CHG": 0,
        "MKT_PCT_CHG": 0,
        "GLOBALID": "{C290885E-2A7A-4598-871F-524C3970C10D}",
        "Code": null,
        "Description": "West Transition to I-15",
        "City": "Salem",
        "Description_detailed": null,
        "Acres": 938.81,
        "Unit_Rate": null,
        "CityName": null,
        "AdoptedDate": null,
        "Slope_Score": 10,
        "GP_Score": 4,
        "Utilities_Score": 0,
        "Wetlands_Score": 0,
        "Soil_Score": 1,
        "Ownership_Score": 5,
        "Ownership_Type": "Business",
        "Utility_Proximity_Status": "Not Within 1/8 Mile",
        "Final_Score": 2.85,
        "ELEV_CHANGE": 6.22526574218773,
        "SLOPE": 0.28865340696267816,
        "Join_Count_12": 1,
        "TARGET_FID_12": 16650,
        "Shape_Length_12": null,
        "Shape_Area_12": null,
        "OBJECTID_1_12": null,
        "Join_Count_12_13": null,
        "TARGET_FID_12_13": null,
        "Id": 1706,
        "gridcode": 5,
        "ClassName": "Mostly Hydric (76 - 95%)",
        "Shape_Length_12_13": null,
        "Shape_Area_12_13": null,
        "SITE_HOUSE_NUM": null,
        "SITE_PRE_DIR": null,
        "SITE_STREET_NAME": null,
        "SITE_STREET_TYPE": null,
        "SITE_POST_DIR": null,
        "SITE_STREET_UNIT": null,
        "SITE_CITY": null,
        "SITE_STATE": null,
        "SITE_ZIP5": "84653",
        "OWN_STREET_ADDRESS": "223 N MAIN",
        "OWN_CITY": "SALEM",
        "OWN_STATE": "UT",
        "OWN_ZIP5": "84653",
        "VESTING_DOC": "45353-2025 (MORE)",
        "PARCEL_CREATE_DATE": 1751414400000,
        "MAP_FILING_NO": null,
        "SUB_NAME": null,
        "LEGAL_DESCR": "COM N 1646.76 FT & W 923.03 FT FR SE COR. SEC. 3, T9S, R2E, SLB&M.; N 31 DEG 12' 20\" W 513.51 FT; N 20 DEG 35' 25\" W 145.48 FT; N 20 DEG 9' 7\" W 271.02 FT; N 19 DEG 48' 45\" W 236.95 FT; S 88 DEG 4' 52\" W 3.92 FT; N 19 DEG 0' 0\" W 73.14 FT; W 166.26 FT; N 0 DEG 50' 0\" E 188.76 FT; S 89 DEG 22' 30\" E 1121.34 FT; S 3 DEG 15' 0\" W 644.16 FT; S 89 DEG 22' 30\" E 448.65 FT; S 0 DEG 30' 0\" W 637.96 FT; S 89 DEG 9' 22\" W 60.9 FT; S 89 DEG 9' 56\" W 784.86 FT TO BEG. AREA 29.229 AC.",
        "BOOK_PAGE": 30009,
        "LOT": null,
        "BUILDING": null,
        "UNIT": null,
        "TAX_DISTRICT": "180",
        "TAX_DISTRICT_DESCR": "SALEM CITY",
        "SCHOOL_DISTRICT": "NEBO",
        "TAXABLE_CODE": 100,
        "ACCOUNT_TYPE": null,
        "NEIGHBORHOOD": "9999",
        "NBHD_DISTRICT": null,
        "LAND_DISTRICT": 9999,
        "ECONOMIC_UNIT": null,
        "GLA_WEIGHTED_YRBLT": null,
        "TOTAL_ABOVE_GRADE_AREA": null,
        "TOTAL_MEZZANINE": null,
        "TOTAL_BASEMENT": null,
        "TOTAL_BSMT_FINISH": null,
        "TOTAL_UNIT_COUNT": null,
        "TOTAL_IMP_COUNT": null,
        "MKT_LAND_RES": 0,
        "MKT_LAND_AGR": 0,
        "MKT_LAND_COM": 0,
        "MKT_IMP_VALUE": 0,
        "MKT_IMP_RES": 0,
        "MKT_IMP_AGR": 0,
        "MKT_IMP_COM": 0,
        "TXBL_CUR_VALUE": 0,
        "TXBL_PRV_VAL": 0,
        "TXBL_VAL_YR_CHG": 0,
        "TXBL_PCT_CHG": 0,
        "TOT_CUR_TAXES": 0,
        "TOT_PRV_TAXES": 0,
        "TAXES_YR_CHG": 0,
        "TAXES_PCT_CHG": 0,
        "GREENBELT": null,
        "EXEMPT_RES": "UNK",
        "COMMON_AREA": null,
        "PUBLIC_ROAD": null,
        "PRIVATE_ROAD": null,
        "PART_CENTRAL_ASSD": null,
        "PART_TAXABLE": null,
        "IMP_NO_RES": null,
        "COST_GROUP_RES": null,
        "STYLE_DESCR_RES": null,
        "QUALITY_RES": null,
        "QUALITY_DESCR_RES": null,
        "CONDITION_RES": null,
        "CONDITION_DESCR_RES": null,
        "YEARBLT_RES": null,
        "GLA_RES": null,
        "BASEMENT_RES": null,
        "BSMT_FINISH_RES": null,
        "ATT_GARAGE_SQFT_RES": null,
        "BATHROOMS_RES": null,
        "GLA_BEDROOMS_RES": null,
        "EXTERIOR_RES": null,
        "ALLOCATION_PCT_RES": null,
        "TRAV_COUNT": null,
        "LASTUPDATE": null,
        "CREATED_DATE": 1751463374000,
        "LAST_EDITED_DATE": 1751463374000,
        "ChangeType": "Added",
        "Previous_Owner": null,
        "Shape_Length_12_13_14": 5295.4215068018875,
        "Shape_Area_12_13_14": 1273210.5604507085,
        "Shape_Length": 0.004166467950177893,
        "Shape_Area": 8.182456730893659e-07
      }
    },
    {
      "type": "Feature",
      "id": 32,
      "geometry": {
        "type": "Polygon",
        "coordinates": [
          [
            [
              -111.66921300299998,
              40.03100075000003
            ],
            [
              -111.66921297199997,
              40.03100074500003
            ],
            [
              -111.66905382399995,
              40.030955093000046
            ],
            [
              -111.66828479999998,
              40.030964305000055
            ],
            [
              -111.66823569216255,
              40.03096302200714
            ],
            [
              -111.66818683685273,
              40.03095788542566
            ],
            [
              -111.66813853599996,
              40.030948927000054
            ],
            [
              -111.66802920499998,
              40.031233249000024
            ],
            [
              -111.66803222299995,
              40.03246836000005
            ],
            [
              -111.66920919599994,
              40.03245925900006
            ],
            [
              -111.66921300299998,
              40.03100075000003
            ]
          ]
        ]
      },
      "properties": {
        "OBJECTID": 32,
        "Join_Count": 1,
        "TARGET_FID": 963,
        "PARCEL_NO": 300410087,
        "PARCELID": "300410087",
        "PARCELID_LABEL": "30:041:0087",
        "OWNER_NAME": "KLS INVESTMENTS LLC",
        "CARE_NAME": null,
        "ACREAGE": 4.117836,
        "SITE_FULL_ADDRESS": "1539 S 50 EAST, SALEM, UT",
        "OWN_FULL_ADDRESS": "9303 W 8800 N  LEHI, UT 84043-9777",
        "PROP_TYPE": 900,
        "PROP_TYPE_DESCR": "VACANT",
        "SPECIFIC_PROP_TYPE": 901,
        "SPC_PROP_TYP_DESCR": "Vac Res",
        "ASMT_YEAR": 2026,
        "ASMT_CODE": "V",
        "ASMT_CODE_DESCR": "VACANT",
        "MKT_LAND_VALUE": 186300,
        "MKT_CUR_VALUE": 186300,
        "MKT_PRV_VAL": 186300,
        "MKT_VAL_YR_CHG": 0,
        "MKT_PCT_CHG": 0,
        "GLOBALID": "{5C4C5DB3-1D32-4561-A2A8-8B81D80C1D66}",
        "Code": null,
        "Description": "Historic Salem Extension",
        "City": "Salem",
        "Description_detailed": null,
        "Acres": 2656.69,
        "Unit_Rate": null,
        "CityName": null,
        "AdoptedDate": null,
        "Slope_Score": 10,
        "GP_Score": 4,
        "Utilities_Score": 10,
        "Wetlands_Score": 10,
        "Soil_Score": 10,
        "Ownership_Score": 5,
        "Ownership_Type": "Business",
        "Utility_Proximity_Status": "Within 1/8 Mile",
        "Final_Score": 7.75,
        "ELEV_CHANGE": 0.6632166796871388,
        "SLOPE": 0.04151141967385496,
        "Join_Count_12": 1,
        "TARGET_FID_12": 17062,
        "Shape_Length_12": null,
        "Shape_Area_12": null,
        "OBJECTID_1_12": null,
        "Join_Count_12_13": null,
        "TARGET_FID_12_13": null,
        "Id": 2073,
        "gridcode": 1,
        "ClassName": "Not Hydric",
        "Shape_Length_12_13": null,
        "Shape_Area_12_13": null,
        "SITE_HOUSE_NUM": null,
        "SITE_PRE_DIR": null,
        "SITE_STREET_NAME": null,
        "SITE_STREET_TYPE": null,
        "SITE_POST_DIR": null,
        "SITE_STREET_UNIT": null,
        "SITE_CITY": null,
        "SITE_STATE": null,
        "SITE_ZIP5": null,
        "OWN_STREET_ADDRESS": "433 W ASCENSION WAY FL 6",
        "OWN_CITY": "SALT LAKE CITY",
        "OWN_STATE": "UT",
        "OWN_ZIP5": "84123",
        "VESTING_DOC": "184779-2020",
        "PARCEL_CREATE_DATE": 1753660800000,
        "MAP_FILING_NO": "19789 ",
        "SUB_NAME": "GARRETT'S PLACE, PLAT E",
        "LEGAL_DESCR": "LOT 60, PLAT E, GARRETT'S PLACE SUB AREA 0.344 AC.",
        "BOOK_PAGE": 40655,
        "LOT": "60",
        "BUILDING": null,
        "UNIT": null,
        "TAX_DISTRICT": "180",
        "TAX_DISTRICT_DESCR": "SALEM CITY",
        "SCHOOL_DISTRICT": "NEBO",
        "TAXABLE_CODE": 100,
        "ACCOUNT_TYPE": null,
        "NEIGHBORHOOD": "9999",
        "NBHD_DISTRICT": null,
        "LAND_DISTRICT": 9999,
        "ECONOMIC_UNIT": null,
        "GLA_WEIGHTED_YRBLT": null,
        "TOTAL_ABOVE_GRADE_AREA": null,
        "TOTAL_MEZZANINE": null,
        "TOTAL_BASEMENT": null,
        "TOTAL_BSMT_FINISH": null,
        "TOTAL_UNIT_COUNT": null,
        "TOTAL_IMP_COUNT": null,
        "MKT_LAND_RES": 0,
        "MKT_LAND_AGR": 0,
        "MKT_LAND_COM": 0,
        "MKT_IMP_VALUE": 0,
        "MKT_IMP_RES": 0,
        "MKT_IMP_AGR": 0,
        "MKT_IMP_COM": 0,
        "TXBL_CUR_VALUE": 0,
        "TXBL_PRV_VAL": 0,
        "TXBL_VAL_YR_CHG": 0,
        "TXBL_PCT_CHG": 0,
        "TOT_CUR_TAXES": 0,
        "TOT_PRV_TAXES": 0,
        "TAXES_YR_CHG": 0,
        "TAXES_PCT_CHG": 0,
        "GREENBELT": null,
        "EXEMPT_RES": "UNK",
        "COMMON_AREA": null,
        "PUBLIC_ROAD": "Yes",
        "PRIVATE_ROAD": null,
        "PART_CENTRAL_ASSD": null,
        "PART_TAXABLE": null,
        "IMP_NO_RES": null,
        "COST_GROUP_RES": null,
        "STYLE_DESCR_RES": null,
        "QUALITY_RES": null,
        "QUALITY_DESCR_RES": null,
        "CONDITION_RES": null,
        "CONDITION_DESCR_RES": null,
        "YEARBLT_RES": null,
        "GLA_RES": null,
        "BASEMENT_RES": null,
        "BSMT_FINISH_RES": null,
        "ATT_GARAGE_SQFT_RES": null,
        "BATHROOMS_RES": null,
        "GLA_BEDROOMS_RES": null,
        "EXTERIOR_RES": null,
        "ALLOCATION_PCT_RES": null,
        "TRAV_COUNT": null,
        "LASTUPDATE": null,
        "CREATED_DATE": 1753713372000,
        "LAST_EDITED_DATE": 1753713372000,
        "ChangeType": "Added",
        "Previous_Owner": null,
        "Shape_Length_12_13_14": 501.8213172256427,
        "Shape_Area_12_13_14": 14991.599236820133,
        "Shape_Length": 0.005257343679607932,
        "Shape_Area": 1.7586784540205357e-06
      }
    },
    {
      "type": "Feature",
      "id": 33,
      "geometry": {
        "type": "Polygon",
        "coordinates": [
          [
            [
              -111.67276087399995,
              40.027361609000025
            ],
            [
              -111.67276086499999,
              40.02736162300005
            ],
            [
              -111.67067849399996,
              40.02738677900004
            ],
            [
              -111.67071736099996,
              40.029289633000076
            ],
            [
              -111.66830675399996,
              40.029293145000054
            ],
            [
              -111.66830923099997,
              40.030305232000046
            ],
            [
              -111.66830898199999,
              40.030305232000046
            ],
            [
              -111.66830925199997,
              40.030415455000025
            ],
            [
              -111.67086043599994,
              40.03039277700003
            ],
            [
              -111.67085979799998,
              40.03013593900005
            ],
            [
              -111.67051887299999,
              40.030136439000046
            ],
            [
              -111.67051842399997,
              40.02995529800006
            ],
            [
              -111.67051781199996,
              40.02970828700006
            ],
            [
              -111.67105427499996,
              40.02970749900004
            ],
            [
              -111.67105385499997,
              40.029538983000066
            ],
            [
              -111.67128949099998,
              40.02953863600004
            ],
            [
              -111.67169817399997,
              40.02953803400004
            ],
            [
              -111.67165986699996,
              40.02934293700008
            ],
            [
              -111.67190165199997,
              40.02931488000007
            ],
            [
              -111.67190160999996,
              40.02929780900007
            ],
            [
              -111.67263943699999,
              40.02928219900008
            ],
            [
              -111.67276569499995,
              40.029280448000065
            ],
            [
              -111.67276087399995,
              40.027361609000025
            ]
          ]
        ]
      },
      "properties": {
        "OBJECTID": 33,
        "Join_Count": 1,
        "TARGET_FID": 970,
        "PARCEL_NO": 300410098,
        "PARCELID": "300410098",
        "PARCELID_LABEL": "30:041:0098",
        "OWNER_NAME": "SNA-SW LLC",
        "CARE_NAME": "%STEPHENS, JEFFREY R",
        "ACREAGE": 16.143134,
        "SITE_FULL_ADDRESS": null,
        "OWN_FULL_ADDRESS": "%STEPHENS, JEFFREY R  433 W ASCENSION WAY FL 6  SALT LAKE CITY, UT 84123",
        "PROP_TYPE": 900,
        "PROP_TYPE_DESCR": "VACANT",
        "SPECIFIC_PROP_TYPE": 901,
        "SPC_PROP_TYP_DESCR": "Vac Res",
        "ASMT_YEAR": 2026,
        "ASMT_CODE": "V",
        "ASMT_CODE_DESCR": "VACANT",
        "MKT_LAND_VALUE": 1435100,
        "MKT_CUR_VALUE": 1435100,
        "MKT_PRV_VAL": 1435100,
        "MKT_VAL_YR_CHG": 0,
        "MKT_PCT_CHG": 0,
        "GLOBALID": "{BB11C7A2-1158-4157-BEB4-7960C567D3EC}",
        "Code": null,
        "Description": "Historic Salem Extension",
        "City": "Salem",
        "Description_detailed": null,
        "Acres": 2656.69,
        "Unit_Rate": null,
        "CityName": null,
        "AdoptedDate": null,
        "Slope_Score": 7,
        "GP_Score": 4,
        "Utilities_Score": 10,
        "Wetlands_Score": 10,
        "Soil_Score": 10,
        "Ownership_Score": 5,
        "Ownership_Type": "Business",
        "Utility_Proximity_Status": "Within 1/8 Mile",
        "Final_Score": 7.45,
        "ELEV_CHANGE": 103.41174038574172,
        "SLOPE": 5.496916186473111,
        "Join_Count_12": 1,
        "TARGET_FID_12": 17121,
        "Shape_Length_12": null,
        "Shape_Area_12": null,
        "OBJECTID_1_12": null,
        "Join_Count_12_13": null,
        "TARGET_FID_12_13": null,
        "Id": 2073,
        "gridcode": 1,
        "ClassName": "Not Hydric",
        "Shape_Length_12_13": null,
        "Shape_Area_12_13": null,
        "SITE_HOUSE_NUM": null,
        "SITE_PRE_DIR": null,
        "SITE_STREET_NAME": null,
        "SITE_STREET_TYPE": null,
        "SITE_POST_DIR": null,
        "SITE_STREET_UNIT": null,
        "SITE_CITY": null,
        "SITE_STATE": null,
        "SITE_ZIP5": null,
        "OWN_STREET_ADDRESS": "433 W ASCENSION WAY FL 6",
        "OWN_CITY": "SALT LAKE CITY",
        "OWN_STATE": "UT",
        "OWN_ZIP5": "84123",
        "VESTING_DOC": "184779-2020",
        "PARCEL_CREATE_DATE": 1753660800000,
        "MAP_FILING_NO": null,
        "SUB_NAME": null,
        "LEGAL_DESCR": "COM N 1136.31 FT & E 534.4 FT FR SW COR. SEC. 13, T9S, R2E, SLB&M.; N 21.5 FT; E 26.52 FT; E 94.99 FT; E 96.69 FT; E 66 FT; N 18.04 FT; E 106.94 FT; N 33 DEG 17' 58\" E .05 FT; E 105.38 FT; E 104.11 FT; E 102.9 FT; S 27.6 FT; N 89 DEG 12' 55\" E 158.03 FT; N 89 DEG 12' 55\" E 26.06 FT; N 71 DEG 51' 43\" E .03 FT; N 89 DEG 12' 55\" E 17.65 FT; N 89 DEG 12' 55\" E 87.8 FT; S 0 DEG 0' 14\" W 6.46 FT; S 89 DEG 27' 6\" W 993.13 FT; N 64 DEG 26' 24\" W .01 FT TO BEG. AREA 0.506 AC.",
        "BOOK_PAGE": 30041,
        "LOT": null,
        "BUILDING": null,
        "UNIT": null,
        "TAX_DISTRICT": "180",
        "TAX_DISTRICT_DESCR": "SALEM CITY",
        "SCHOOL_DISTRICT": "NEBO",
        "TAXABLE_CODE": 100,
        "ACCOUNT_TYPE": null,
        "NEIGHBORHOOD": "9999",
        "NBHD_DISTRICT": null,
        "LAND_DISTRICT": 9999,
        "ECONOMIC_UNIT": null,
        "GLA_WEIGHTED_YRBLT": null,
        "TOTAL_ABOVE_GRADE_AREA": null,
        "TOTAL_MEZZANINE": null,
        "TOTAL_BASEMENT": null,
        "TOTAL_BSMT_FINISH": null,
        "TOTAL_UNIT_COUNT": null,
        "TOTAL_IMP_COUNT": null,
        "MKT_LAND_RES": 0,
        "MKT_LAND_AGR": 0,
        "MKT_LAND_COM": 0,
        "MKT_IMP_VALUE": 0,
        "MKT_IMP_RES": 0,
        "MKT_IMP_AGR": 0,
        "MKT_IMP_COM": 0,
        "TXBL_CUR_VALUE": 0,
        "TXBL_PRV_VAL": 0,
        "TXBL_VAL_YR_CHG": 0,
        "TXBL_PCT_CHG": 0,
        "TOT_CUR_TAXES": 0,
        "TOT_PRV_TAXES": 0,
        "TAXES_YR_CHG": 0,
        "TAXES_PCT_CHG": 0,
        "GREENBELT": null,
        "EXEMPT_RES": "UNK",
        "COMMON_AREA": null,
        "PUBLIC_ROAD": null,
        "PRIVATE_ROAD": null,
        "PART_CENTRAL_ASSD": null,
        "PART_TAXABLE": null,
        "IMP_NO_RES": null,
        "COST_GROUP_RES": null,
        "STYLE_DESCR_RES": null,
        "QUALITY_RES": null,
        "QUALITY_DESCR_RES": null,
        "CONDITION_RES": null,
        "CONDITION_DESCR_RES": null,
        "YEARBLT_RES": null,
        "GLA_RES": null,
        "BASEMENT_RES": null,
        "BSMT_FINISH_RES": null,
        "ATT_GARAGE_SQFT_RES": null,
        "BATHROOMS_RES": null,
        "GLA_BEDROOMS_RES": null,
        "EXTERIOR_RES": null,
        "ALLOCATION_PCT_RES": null,
        "TRAV_COUNT": null,
        "LASTUPDATE": null,
        "CREATED_DATE": 1753713372000,
        "LAST_EDITED_DATE": 1753713372000,
        "ChangeType": "Added",
        "Previous_Owner": null,
        "Shape_Length_12_13_14": 2059.317346526245,
        "Shape_Area_12_13_14": 22025.037337476904,
        "Shape_Length": 0.015687872467654646,
        "Shape_Area": 6.8942966922531295e-06
      }
    },
    {
      "type": "Feature",
      "id": 34,
      "geometry": {
        "type": "Polygon",
        "coordinates": [
          [
            [
              -111.91679853299996,
              40.37145780700007
            ],
            [
              -111.91679928399998,
              40.37164749100003
            ],
            [
              -111.91680690299995,
              40.37175944300003
            ],
            [
              -111.91712031799995,
              40.37201133900004
            ],
            [
              -111.91735377907428,
              40.37201565476897
            ],
            [
              -111.91758704930375,
              40.37202603258806
            ],
            [
              -111.91781997130775,
              40.3720424654557
            ],
            [
              -111.9180523879406,
              40.37206494228511
            ],
            [
              -111.9182841423976,
              40.37209344791183
            ],
            [
              -111.91851507832074,
              40.37212796310395
            ],
            [
              -111.91874503990432,
              40.37216846457507
            ],
            [
              -111.91897387199998,
              40.37221492500004
            ],
            [
              -111.92017827399997,
              40.37264583900003
            ],
            [
              -111.92098458999999,
              40.373012982000034
            ],
            [
              -111.92334862799999,
              40.37300596500006
            ],
            [
              -111.92355988299994,
              40.37261548400005
            ],
            [
              -111.92331056999996,
              40.371434416000056
            ],
            [
              -111.91679853299996,
              40.37145780700007
            ]
          ]
        ]
      },
      "properties": {
        "OBJECTID": 34,
        "Join_Count": 1,
        "TARGET_FID": 1105,
        "PARCEL_NO": 352390017,
        "PARCELID": "352390017",
        "PARCELID_LABEL": "35:239:0017",
        "OWNER_NAME": "CHURCH OF JESUS CHRIST OF LATTER-DAY SAINTS THE",
        "CARE_NAME": null,
        "ACREAGE": 17.374155,
        "SITE_FULL_ADDRESS": "553 N REDWOOD RD, SARATOGA SPRINGS, UT",
        "OWN_FULL_ADDRESS": "50 E NORTH TEMPLE  SALT LAKE CITY, UT 84150-9001",
        "PROP_TYPE": 903,
        "PROP_TYPE_DESCR": "VACANT COMMERCIAL",
        "SPECIFIC_PROP_TYPE": 905,
        "SPC_PROP_TYP_DESCR": "Vac Com Lot",
        "ASMT_YEAR": 2026,
        "ASMT_CODE": "UNK",
        "ASMT_CODE_DESCR": "UNK",
        "MKT_LAND_VALUE": 0,
        "MKT_CUR_VALUE": 0,
        "MKT_PRV_VAL": 0,
        "MKT_VAL_YR_CHG": 0,
        "MKT_PCT_CHG": 0,
        "GLOBALID": "{8AC96280-EED2-4CBD-984C-8A0B03E6FB34}",
        "Code": null,
        "Description": "Medium Density Residential",
        "City": "Saratoga Springs",
        "Description_detailed": "Any Residential",
        "Acres": null,
        "Unit_Rate": null,
        "CityName": null,
        "AdoptedDate": null,
        "Slope_Score": 10,
        "GP_Score": 8,
        "Utilities_Score": 10,
        "Wetlands_Score": 10,
        "Soil_Score": 10,
        "Ownership_Score": 5,
        "Ownership_Type": "Business",
        "Utility_Proximity_Status": "Within 1/8 Mile",
        "Final_Score": 8.75,
        "ELEV_CHANGE": 3.9248330078125946,
        "SLOPE": 1.496961394135228,
        "Join_Count_12": 1,
        "TARGET_FID_12": 21950,
        "Shape_Length_12": null,
        "Shape_Area_12": null,
        "OBJECTID_1_12": null,
        "Join_Count_12_13": null,
        "TARGET_FID_12_13": null,
        "Id": 2073,
        "gridcode": 1,
        "ClassName": "Not Hydric",
        "Shape_Length_12_13": null,
        "Shape_Area_12_13": null,
        "SITE_HOUSE_NUM": null,
        "SITE_PRE_DIR": null,
        "SITE_STREET_NAME": null,
        "SITE_STREET_TYPE": null,
        "SITE_POST_DIR": null,
        "SITE_STREET_UNIT": null,
        "SITE_CITY": null,
        "SITE_STATE": null,
        "SITE_ZIP5": "84045",
        "OWN_STREET_ADDRESS": "PO BOX 511196",
        "OWN_CITY": "SALT LAKE CITY",
        "OWN_STATE": "UT",
        "OWN_ZIP5": "84151",
        "VESTING_DOC": "28995-1977 (MORE)",
        "PARCEL_CREATE_DATE": 1749686400000,
        "MAP_FILING_NO": null,
        "SUB_NAME": null,
        "LEGAL_DESCR": "COM AT NE COR. SEC. 22, T5S, R1W, SLB&M.; N 89 DEG 48' 28\" E 408.63 FT; S 14 DEG 16' 59\" W 67.3 FT; S 30 DEG 43' 2\" E 138 FT; S 75 DEG 43' 1\" E 77.78 FT; S 30 DEG 43' 2\" E 475.39 FT; ALONG A CURVE TO L (CHORD BEARS: S 48 DEG 25' 36\" E 1079.87 FT, RADIUS = 1774.9 FT); N 89 DEG 57' 11\" W 1590.76 FT; S 89 DEG 54' 48\" W 868.38 FT; N 0 DEG 5' 11\" W 323.43 FT; ALONG A CURVE TO L (CHORD BEARS: N 8 DEG 9' 44\" W 92.58 FT, RADIUS = 328.05 FT); ALONG A CURVE TO R (CHORD BEARS: N 27 DEG 26' 49\" E 20.72 FT, RADIUS = 15.01 FT); ALONG A CURVE TO R (CHORD BEARS: N 70 DEG 51' 43\" E 19.07 FT, RADIUS = 2038.5 FT); N 19 DEG 26' 13\" W 95 FT; ALONG A CURVE TO R (CHORD BEARS: S 70 DEG 55' 52\" W 22.68 FT, RADIUS = 1943.5 FT); ALONG A CURVE TO R (CHORD BEARS: N 62 DEG 45' 4\" W 10.54 FT, RADIUS = 7.49 FT); S 72 DEG 37' 42\" W 59 FT; ALONG A CURVE TO R (CHORD BEARS: S 26 DEG 40' 27\" W 10.79 FT, RADIUS = 7.51 FT); ALONG A CURVE TO R (CHORD BEARS: S 79 DEG 57' 11\" W 440.47 FT, RADIUS = 1941.67 FT); S 3 DEG 32' 24\" E 95 FT; S 328.61 FT; S 89 DEG 54' 48\" W 1220.25 FT; ALONG A CURVE TO R (CHORD BEARS: N 0 DEG 41' 55\" W 51.03 FT, RADIUS = 1234.5 FT); N 0 DEG 29' 8\" E 1275.89 FT; N 89 DEG 56' 25\" E 2618.2 FT TO BEG. AREA 100.306 AC.",
        "BOOK_PAGE": 58034,
        "LOT": null,
        "BUILDING": null,
        "UNIT": null,
        "TAX_DISTRICT": "039",
        "TAX_DISTRICT_DESCR": "SARATOGA SPRINGS",
        "SCHOOL_DISTRICT": "ALPINE",
        "TAXABLE_CODE": 100,
        "ACCOUNT_TYPE": null,
        "NEIGHBORHOOD": "9999",
        "NBHD_DISTRICT": null,
        "LAND_DISTRICT": 9999,
        "ECONOMIC_UNIT": null,
        "GLA_WEIGHTED_YRBLT": null,
        "TOTAL_ABOVE_GRADE_AREA": null,
        "TOTAL_MEZZANINE": null,
        "TOTAL_BASEMENT": null,
        "TOTAL_BSMT_FINISH": null,
        "TOTAL_UNIT_COUNT": null,
        "TOTAL_IMP_COUNT": null,
        "MKT_LAND_RES": 0,
        "MKT_LAND_AGR": 0,
        "MKT_LAND_COM": 0,
        "MKT_IMP_VALUE": 0,
        "MKT_IMP_RES": 0,
        "MKT_IMP_AGR": 0,
        "MKT_IMP_COM": 0,
        "TXBL_CUR_VALUE": 0,
        "TXBL_PRV_VAL": 0,
        "TXBL_VAL_YR_CHG": 0,
        "TXBL_PCT_CHG": 0,
        "TOT_CUR_TAXES": 0,
        "TOT_PRV_TAXES": 0,
        "TAXES_YR_CHG": 0,
        "TAXES_PCT_CHG": 0,
        "GREENBELT": null,
        "EXEMPT_RES": "UNK",
        "COMMON_AREA": null,
        "PUBLIC_ROAD": null,
        "PRIVATE_ROAD": null,
        "PART_CENTRAL_ASSD": null,
        "PART_TAXABLE": null,
        "IMP_NO_RES": null,
        "COST_GROUP_RES": null,
        "STYLE_DESCR_RES": null,
        "QUALITY_RES": null,
        "QUALITY_DESCR_RES": null,
        "CONDITION_RES": null,
        "CONDITION_DESCR_RES": null,
        "YEARBLT_RES": null,
        "GLA_RES": null,
        "BASEMENT_RES": null,
        "BSMT_FINISH_RES": null,
        "ATT_GARAGE_SQFT_RES": null,
        "BATHROOMS_RES": null,
        "GLA_BEDROOMS_RES": null,
        "EXTERIOR_RES": null,
        "ALLOCATION_PCT_RES": null,
        "TRAV_COUNT": null,
        "LASTUPDATE": null,
        "CREATED_DATE": 1749732662000,
        "LAST_EDITED_DATE": 1749732662000,
        "ChangeType": "Added",
        "Previous_Owner": null,
        "Shape_Length_12_13_14": 11409.470839110565,
        "Shape_Area_12_13_14": 4369285.078106169,
        "Shape_Length": 0.01526437466270625,
        "Shape_Area": 7.456426994479101e-06
      }
    },
    {
      "type": "Feature",
      "id": 35,
      "geometry": {
        "type": "Polygon",
        "coordinates": [
          [
            [
              -111.76771131699996,
              40.36820395800004
            ],
            [
              -111.76771354299996,
              40.367661818000045
            ],
            [
              -111.76690389599997,
              40.367662675000076
            ],
            [
              -111.76690373999998,
              40.36762263500003
            ],
            [
              -111.76682660099999,
              40.36762281100005
            ],
            [
              -111.76682926199999,
              40.36830507800005
            ],
            [
              -111.76718087899997,
              40.36830427500007
            ],
            [
              -111.76718081899998,
              40.36825350400005
            ],
            [
              -111.76744245099997,
              40.36825311300004
            ],
            [
              -111.76744225799996,
              40.36820371500005
            ],
            [
              -111.76771131699996,
              40.36820395800004
            ]
          ]
        ]
      },
      "properties": {
        "OBJECTID": 35,
        "Join_Count": 1,
        "TARGET_FID": 1126,
        "PARCEL_NO": 358060004,
        "PARCELID": "358060004",
        "PARCELID_LABEL": "35:806:0004",
        "OWNER_NAME": "BEEHIVE HOSPITALITY PG LLC (ET AL)",
        "CARE_NAME": "%WOLFGRAMM FINANCE DEPT",
        "ACREAGE": 1.236365,
        "SITE_FULL_ADDRESS": "1843 W STATE ST, PLEASANT GROVE, UT",
        "OWN_FULL_ADDRESS": "%WOLFGRAMM FINANCE DEPT  2753 E BROADWAY RD STE 101-606  MESA, AZ 85204",
        "PROP_TYPE": 903,
        "PROP_TYPE_DESCR": "VACANT COMMERCIAL",
        "SPECIFIC_PROP_TYPE": 905,
        "SPC_PROP_TYP_DESCR": "Vac Com Lot",
        "ASMT_YEAR": 2026,
        "ASMT_CODE": "V",
        "ASMT_CODE_DESCR": "VACANT",
        "MKT_LAND_VALUE": 817700,
        "MKT_CUR_VALUE": 817700,
        "MKT_PRV_VAL": 817700,
        "MKT_VAL_YR_CHG": 0,
        "MKT_PCT_CHG": 0,
        "GLOBALID": "{C785B739-6453-45F8-A8DE-5ED97E5F1637}",
        "Code": null,
        "Description": "Medium Density Residential",
        "City": "Pleasant Grove",
        "Description_detailed": "Any Residential",
        "Acres": null,
        "Unit_Rate": null,
        "CityName": null,
        "AdoptedDate": null,
        "Slope_Score": 10,
        "GP_Score": 8,
        "Utilities_Score": 10,
        "Wetlands_Score": 0,
        "Soil_Score": 1,
        "Ownership_Score": 5,
        "Ownership_Type": "Business",
        "Utility_Proximity_Status": "Within 1/8 Mile",
        "Final_Score": 6.35,
        "ELEV_CHANGE": 19.62816997070331,
        "SLOPE": 1.0728745834935283,
        "Join_Count_12": 1,
        "TARGET_FID_12": 22843,
        "Shape_Length_12": null,
        "Shape_Area_12": null,
        "OBJECTID_1_12": null,
        "Join_Count_12_13": null,
        "TARGET_FID_12_13": null,
        "Id": 591,
        "gridcode": 5,
        "ClassName": "Mostly Hydric (76 - 95%)",
        "Shape_Length_12_13": null,
        "Shape_Area_12_13": null,
        "SITE_HOUSE_NUM": "1809",
        "SITE_PRE_DIR": "W",
        "SITE_STREET_NAME": "STATE",
        "SITE_STREET_TYPE": "ST",
        "SITE_POST_DIR": null,
        "SITE_STREET_UNIT": null,
        "SITE_CITY": "PLEASANT GROVE",
        "SITE_STATE": "UT",
        "SITE_ZIP5": null,
        "OWN_STREET_ADDRESS": "3280 N UNIVERSITY AVE",
        "OWN_CITY": "PROVO",
        "OWN_STATE": "UT",
        "OWN_ZIP5": "84604",
        "VESTING_DOC": "53528-2025",
        "PARCEL_CREATE_DATE": 1752105600000,
        "MAP_FILING_NO": "19798 ",
        "SUB_NAME": "GROVE COMMONS, PLAT D",
        "LEGAL_DESCR": "LOT 12, PLAT D, GROVE COMMONS SUB AREA 0.625 AC.",
        "BOOK_PAGE": 40657,
        "LOT": "12",
        "BUILDING": null,
        "UNIT": null,
        "TAX_DISTRICT": "070",
        "TAX_DISTRICT_DESCR": "PLEASANT GROVE CITY",
        "SCHOOL_DISTRICT": "ALPINE",
        "TAXABLE_CODE": 100,
        "ACCOUNT_TYPE": null,
        "NEIGHBORHOOD": "9999",
        "NBHD_DISTRICT": null,
        "LAND_DISTRICT": 9999,
        "ECONOMIC_UNIT": null,
        "GLA_WEIGHTED_YRBLT": null,
        "TOTAL_ABOVE_GRADE_AREA": null,
        "TOTAL_MEZZANINE": null,
        "TOTAL_BASEMENT": null,
        "TOTAL_BSMT_FINISH": null,
        "TOTAL_UNIT_COUNT": null,
        "TOTAL_IMP_COUNT": null,
        "MKT_LAND_RES": 0,
        "MKT_LAND_AGR": 0,
        "MKT_LAND_COM": 0,
        "MKT_IMP_VALUE": 0,
        "MKT_IMP_RES": 0,
        "MKT_IMP_AGR": 0,
        "MKT_IMP_COM": 0,
        "TXBL_CUR_VALUE": 0,
        "TXBL_PRV_VAL": 0,
        "TXBL_VAL_YR_CHG": 0,
        "TXBL_PCT_CHG": 0,
        "TOT_CUR_TAXES": 0,
        "TOT_PRV_TAXES": 0,
        "TAXES_YR_CHG": 0,
        "TAXES_PCT_CHG": 0,
        "GREENBELT": null,
        "EXEMPT_RES": "UNK",
        "COMMON_AREA": null,
        "PUBLIC_ROAD": null,
        "PRIVATE_ROAD": null,
        "PART_CENTRAL_ASSD": null,
        "PART_TAXABLE": null,
        "IMP_NO_RES": null,
        "COST_GROUP_RES": null,
        "STYLE_DESCR_RES": null,
        "QUALITY_RES": null,
        "QUALITY_DESCR_RES": null,
        "CONDITION_RES": null,
        "CONDITION_DESCR_RES": null,
        "YEARBLT_RES": null,
        "GLA_RES": null,
        "BASEMENT_RES": null,
        "BSMT_FINISH_RES": null,
        "ATT_GARAGE_SQFT_RES": null,
        "BATHROOMS_RES": null,
        "GLA_BEDROOMS_RES": null,
        "EXTERIOR_RES": null,
        "ALLOCATION_PCT_RES": null,
        "TRAV_COUNT": null,
        "LASTUPDATE": null,
        "CREATED_DATE": 1752139904000,
        "LAST_EDITED_DATE": 1752139904000,
        "ChangeType": "Added",
        "Previous_Owner": null,
        "Shape_Length_12_13_14": 662.3136359914288,
        "Shape_Area_12_13_14": 27230.676501217105,
        "Shape_Length": 0.0031337224486654575,
        "Shape_Area": 5.305605632680644e-07
      }
    },
    {
      "type": "Feature",
      "id": 36,
      "geometry": {
        "type": "Polygon",
        "coordinates": [
          [
            [
              -111.63168732099996,
              40.24373362400007
            ],
            [
              -111.63168731899998,
              40.24373361800008
            ],
            [
              -111.63165690840265,
              40.24369340386785
            ],
            [
              -111.6316318242314,
              40.243649668696484
            ],
            [
              -111.63161246878862,
              40.24360311391483
            ],
            [
              -111.63159915249871,
              40.24355448617291
            ],
            [
              -111.63159208892961,
              40.243504565367104
            ],
            [
              -111.63159139136751,
              40.24345415213205
            ],
            [
              -111.63159707099999,
              40.24340405500004
            ],
            [
              -111.63147643399998,
              40.24335698300007
            ],
            [
              -111.63067598799995,
              40.24385066200006
            ],
            [
              -111.63084802799995,
              40.24427175500006
            ],
            [
              -111.63168732099996,
              40.24373362400007
            ]
          ]
        ]
      },
      "properties": {
        "OBJECTID": 36,
        "Join_Count": 1,
        "TARGET_FID": 1167,
        "PARCEL_NO": 392350301,
        "PARCELID": "392350301",
        "PARCELID_LABEL": "39:235:0301",
        "OWNER_NAME": "KEYSTONE CANYON LLC",
        "CARE_NAME": null,
        "ACREAGE": 1.014811,
        "SITE_FULL_ADDRESS": "734 N 1540 EAST, PROVO, UT",
        "OWN_FULL_ADDRESS": "813 N 900 W  OREM, UT 84057",
        "PROP_TYPE": 900,
        "PROP_TYPE_DESCR": "VACANT",
        "SPECIFIC_PROP_TYPE": 911,
        "SPC_PROP_TYP_DESCR": "Vac Sub Lot",
        "ASMT_YEAR": 2026,
        "ASMT_CODE": "V",
        "ASMT_CODE_DESCR": "VACANT",
        "MKT_LAND_VALUE": 358200,
        "MKT_CUR_VALUE": 358200,
        "MKT_PRV_VAL": 358200,
        "MKT_VAL_YR_CHG": 0,
        "MKT_PCT_CHG": 0,
        "GLOBALID": "{C526E16A-C339-40F4-A55D-1985CC440AA7}",
        "Code": "R",
        "Description": "Residential",
        "City": "Provo",
        "Description_detailed": null,
        "Acres": null,
        "Unit_Rate": null,
        "CityName": null,
        "AdoptedDate": null,
        "Slope_Score": 4,
        "GP_Score": 5,
        "Utilities_Score": 5,
        "Wetlands_Score": 10,
        "Soil_Score": 10,
        "Ownership_Score": 5,
        "Ownership_Type": "Business",
        "Utility_Proximity_Status": "Unknown - No Data",
        "Final_Score": 6.15,
        "ELEV_CHANGE": 62.756878315430185,
        "SLOPE": 12.073482507011366,
        "Join_Count_12": 1,
        "TARGET_FID_12": 27885,
        "Shape_Length_12": null,
        "Shape_Area_12": null,
        "OBJECTID_1_12": null,
        "Join_Count_12_13": null,
        "TARGET_FID_12_13": null,
        "Id": 2073,
        "gridcode": 1,
        "ClassName": "Not Hydric",
        "Shape_Length_12_13": null,
        "Shape_Area_12_13": null,
        "SITE_HOUSE_NUM": null,
        "SITE_PRE_DIR": null,
        "SITE_STREET_NAME": null,
        "SITE_STREET_TYPE": null,
        "SITE_POST_DIR": null,
        "SITE_STREET_UNIT": null,
        "SITE_CITY": null,
        "SITE_STATE": null,
        "SITE_ZIP5": "84606",
        "OWN_STREET_ADDRESS": "351 W CENTER ST",
        "OWN_CITY": "PROVO",
        "OWN_STATE": "UT",
        "OWN_ZIP5": "84601",
        "VESTING_DOC": "64209-2014",
        "PARCEL_CREATE_DATE": 1750896000000,
        "MAP_FILING_NO": "14357 ",
        "SUB_NAME": "FOOTHILL PARK, PLAT C",
        "LEGAL_DESCR": "PUBLIC ROAD, PLAT C, FOOTHILL PARK SUB AREA 0.638 AC.",
        "BOOK_PAGE": 39235,
        "LOT": null,
        "BUILDING": null,
        "UNIT": null,
        "TAX_DISTRICT": "110",
        "TAX_DISTRICT_DESCR": "PROVO CITY",
        "SCHOOL_DISTRICT": "PROVO",
        "TAXABLE_CODE": 100,
        "ACCOUNT_TYPE": null,
        "NEIGHBORHOOD": "9999",
        "NBHD_DISTRICT": null,
        "LAND_DISTRICT": 9999,
        "ECONOMIC_UNIT": null,
        "GLA_WEIGHTED_YRBLT": null,
        "TOTAL_ABOVE_GRADE_AREA": null,
        "TOTAL_MEZZANINE": null,
        "TOTAL_BASEMENT": null,
        "TOTAL_BSMT_FINISH": null,
        "TOTAL_UNIT_COUNT": null,
        "TOTAL_IMP_COUNT": null,
        "MKT_LAND_RES": 0,
        "MKT_LAND_AGR": 0,
        "MKT_LAND_COM": 0,
        "MKT_IMP_VALUE": 0,
        "MKT_IMP_RES": 0,
        "MKT_IMP_AGR": 0,
        "MKT_IMP_COM": 0,
        "TXBL_CUR_VALUE": 0,
        "TXBL_PRV_VAL": 0,
        "TXBL_VAL_YR_CHG": 0,
        "TXBL_PCT_CHG": 0,
        "TOT_CUR_TAXES": 0,
        "TOT_PRV_TAXES": 0,
        "TAXES_YR_CHG": 0,
        "TAXES_PCT_CHG": 0,
        "GREENBELT": null,
        "EXEMPT_RES": "UNK",
        "COMMON_AREA": null,
        "PUBLIC_ROAD": "Yes",
        "PRIVATE_ROAD": null,
        "PART_CENTRAL_ASSD": null,
        "PART_TAXABLE": null,
        "IMP_NO_RES": null,
        "COST_GROUP_RES": null,
        "STYLE_DESCR_RES": null,
        "QUALITY_RES": null,
        "QUALITY_DESCR_RES": null,
        "CONDITION_RES": null,
        "CONDITION_DESCR_RES": null,
        "YEARBLT_RES": null,
        "GLA_RES": null,
        "BASEMENT_RES": null,
        "BSMT_FINISH_RES": null,
        "ATT_GARAGE_SQFT_RES": null,
        "BATHROOMS_RES": null,
        "GLA_BEDROOMS_RES": null,
        "EXTERIOR_RES": null,
        "ALLOCATION_PCT_RES": null,
        "TRAV_COUNT": null,
        "LASTUPDATE": null,
        "CREATED_DATE": 1750929502000,
        "LAST_EDITED_DATE": 1750929502000,
        "ChangeType": "Added",
        "Previous_Owner": null,
        "Shape_Length_12_13_14": 1106.5527051243869,
        "Shape_Area_12_13_14": 27760.92562115954,
        "Shape_Length": 0.0028749829993346713,
        "Shape_Area": 4.346867839733257e-07
      }
    },
    {
      "type": "Feature",
      "id": 37,
      "geometry": {
        "type": "Polygon",
        "coordinates": [
          [
            [
              -111.69537031199997,
              40.080700946000036
            ],
            [
              -111.69537030499998,
              40.080700670000056
            ],
            [
              -111.69536204899998,
              40.07806034400005
            ],
            [
              -111.69442603499999,
              40.078065010000046
            ],
            [
              -111.69443425299994,
              40.08070393600008
            ],
            [
              -111.69537031199997,
              40.080700946000036
            ]
          ]
        ]
      },
      "properties": {
        "OBJECTID": 37,
        "Join_Count": 1,
        "TARGET_FID": 1295,
        "PARCEL_NO": 525040002,
        "PARCELID": "525040002",
        "PARCELID_LABEL": "52:504:0002",
        "OWNER_NAME": "WOODSIDE HOMES OF UTAH LLC",
        "CARE_NAME": null,
        "ACREAGE": 5.785216,
        "SITE_FULL_ADDRESS": "1092 W 1500 NORTH, SALEM, UT",
        "OWN_FULL_ADDRESS": "460 W 50 N STE 300  SALT LAKE CITY, UT 84101",
        "PROP_TYPE": 903,
        "PROP_TYPE_DESCR": "VACANT COMMERCIAL",
        "SPECIFIC_PROP_TYPE": 905,
        "SPC_PROP_TYP_DESCR": "Vac Com Lot",
        "ASMT_YEAR": 2026,
        "ASMT_CODE": "V",
        "ASMT_CODE_DESCR": "VACANT",
        "MKT_LAND_VALUE": 1123100,
        "MKT_CUR_VALUE": 1123100,
        "MKT_PRV_VAL": 1123100,
        "MKT_VAL_YR_CHG": 0,
        "MKT_PCT_CHG": 0,
        "GLOBALID": "{33B47A92-C8A2-4E9F-AF1D-41A9E76E1EE9}",
        "Code": null,
        "Description": "Ultra High Density Residential",
        "City": "Salem",
        "Description_detailed": null,
        "Acres": 9.81,
        "Unit_Rate": null,
        "CityName": null,
        "AdoptedDate": null,
        "Slope_Score": 10,
        "GP_Score": 10,
        "Utilities_Score": 0,
        "Wetlands_Score": 10,
        "Soil_Score": 10,
        "Ownership_Score": 5,
        "Ownership_Type": "Business",
        "Utility_Proximity_Status": "Not Within 1/8 Mile",
        "Final_Score": 6.75,
        "ELEV_CHANGE": 1.4626010351566947,
        "SLOPE": 0.053062730840580746,
        "Join_Count_12": 3,
        "TARGET_FID_12": 42381,
        "Shape_Length_12": null,
        "Shape_Area_12": null,
        "OBJECTID_1_12": null,
        "Join_Count_12_13": null,
        "TARGET_FID_12_13": null,
        "Id": 2073,
        "gridcode": 1,
        "ClassName": "Not Hydric",
        "Shape_Length_12_13": null,
        "Shape_Area_12_13": null,
        "SITE_HOUSE_NUM": "1102",
        "SITE_PRE_DIR": "W",
        "SITE_STREET_NAME": "1580 NORTH",
        "SITE_STREET_TYPE": null,
        "SITE_POST_DIR": null,
        "SITE_STREET_UNIT": null,
        "SITE_CITY": "SALEM",
        "SITE_STATE": "UT",
        "SITE_ZIP5": null,
        "OWN_STREET_ADDRESS": "450 W 50 N STE 300",
        "OWN_CITY": "SALT LAKE CITY",
        "OWN_STATE": "UT",
        "OWN_ZIP5": "84101",
        "VESTING_DOC": "2616-2024",
        "PARCEL_CREATE_DATE": 1752710400000,
        "MAP_FILING_NO": "19784 ",
        "SUB_NAME": "HARMONY PLACE, PLAT 1A",
        "LEGAL_DESCR": "LOT 172, PLAT 1A, HARMONY PLACE SUB AREA 0.026 AC.",
        "BOOK_PAGE": 68226,
        "LOT": "172",
        "BUILDING": null,
        "UNIT": null,
        "TAX_DISTRICT": "507",
        "TAX_DISTRICT_DESCR": "SALEM W/NS PID 2",
        "SCHOOL_DISTRICT": "NEBO",
        "TAXABLE_CODE": 100,
        "ACCOUNT_TYPE": null,
        "NEIGHBORHOOD": "9999",
        "NBHD_DISTRICT": null,
        "LAND_DISTRICT": 9999,
        "ECONOMIC_UNIT": null,
        "GLA_WEIGHTED_YRBLT": null,
        "TOTAL_ABOVE_GRADE_AREA": null,
        "TOTAL_MEZZANINE": null,
        "TOTAL_BASEMENT": null,
        "TOTAL_BSMT_FINISH": null,
        "TOTAL_UNIT_COUNT": null,
        "TOTAL_IMP_COUNT": null,
        "MKT_LAND_RES": 0,
        "MKT_LAND_AGR": 0,
        "MKT_LAND_COM": 0,
        "MKT_IMP_VALUE": 0,
        "MKT_IMP_RES": 0,
        "MKT_IMP_AGR": 0,
        "MKT_IMP_COM": 0,
        "TXBL_CUR_VALUE": 0,
        "TXBL_PRV_VAL": 0,
        "TXBL_VAL_YR_CHG": 0,
        "TXBL_PCT_CHG": 0,
        "TOT_CUR_TAXES": 0,
        "TOT_PRV_TAXES": 0,
        "TAXES_YR_CHG": 0,
        "TAXES_PCT_CHG": 0,
        "GREENBELT": null,
        "EXEMPT_RES": "UNK",
        "COMMON_AREA": "Yes",
        "PUBLIC_ROAD": "Yes",
        "PRIVATE_ROAD": "Yes",
        "PART_CENTRAL_ASSD": null,
        "PART_TAXABLE": null,
        "IMP_NO_RES": null,
        "COST_GROUP_RES": null,
        "STYLE_DESCR_RES": null,
        "QUALITY_RES": null,
        "QUALITY_DESCR_RES": null,
        "CONDITION_RES": null,
        "CONDITION_DESCR_RES": null,
        "YEARBLT_RES": null,
        "GLA_RES": null,
        "BASEMENT_RES": null,
        "BSMT_FINISH_RES": null,
        "ATT_GARAGE_SQFT_RES": null,
        "BATHROOMS_RES": null,
        "GLA_BEDROOMS_RES": null,
        "EXTERIOR_RES": null,
        "ALLOCATION_PCT_RES": null,
        "TRAV_COUNT": null,
        "LASTUPDATE": null,
        "CREATED_DATE": 1752758551000,
        "LAST_EDITED_DATE": 1752758551000,
        "ChangeType": "Added",
        "Previous_Owner": null,
        "Shape_Length_12_13_14": 140.6211098432541,
        "Shape_Area_12_13_14": 1115.9819688293646,
        "Shape_Length": 0.007151643197775353,
        "Shape_Area": 2.4709388982579205e-06
      }
    },
    {
      "type": "Feature",
      "id": 38,
      "geometry": {
        "type": "Polygon",
        "coordinates": [
          [
            [
              -111.69585960099994,
              40.08069938300008
            ],
            [
              -111.69585959599999,
              40.08069965200008
            ],
            [
              -111.69630196399999,
              40.080706371000076
            ],
            [
              -111.69629363899998,
              40.07805597200007
            ],
            [
              -111.69536205499998,
              40.078060624000045
            ],
            [
              -111.69537031399994,
              40.08070094900006
            ],
            [
              -111.69585960099994,
              40.08069938300008
            ]
          ]
        ]
      },
      "properties": {
        "OBJECTID": 38,
        "Join_Count": 1,
        "TARGET_FID": 1296,
        "PARCEL_NO": 525040003,
        "PARCELID": "525040003",
        "PARCELID_LABEL": "52:504:0003",
        "OWNER_NAME": "WOODSIDE HOMES OF UTAH LLC",
        "CARE_NAME": null,
        "ACREAGE": 5.76537,
        "SITE_FULL_ADDRESS": "1142 W 1500 NORTH, SALEM, UT",
        "OWN_FULL_ADDRESS": "460 W 50 N STE 300  SALT LAKE CITY, UT 84101",
        "PROP_TYPE": 903,
        "PROP_TYPE_DESCR": "VACANT COMMERCIAL",
        "SPECIFIC_PROP_TYPE": 905,
        "SPC_PROP_TYP_DESCR": "Vac Com Lot",
        "ASMT_YEAR": 2026,
        "ASMT_CODE": "V",
        "ASMT_CODE_DESCR": "VACANT",
        "MKT_LAND_VALUE": 1120700,
        "MKT_CUR_VALUE": 1120700,
        "MKT_PRV_VAL": 1120700,
        "MKT_VAL_YR_CHG": 0,
        "MKT_PCT_CHG": 0,
        "GLOBALID": "{84312376-9393-43BD-8FCD-F1B92989DF81}",
        "Code": null,
        "Description": "Ultra High Density Residential",
        "City": "Salem",
        "Description_detailed": null,
        "Acres": 9.81,
        "Unit_Rate": null,
        "CityName": null,
        "AdoptedDate": null,
        "Slope_Score": 10,
        "GP_Score": 10,
        "Utilities_Score": 0,
        "Wetlands_Score": 10,
        "Soil_Score": 7,
        "Ownership_Score": 5,
        "Ownership_Type": "Business",
        "Utility_Proximity_Status": "Not Within 1/8 Mile",
        "Final_Score": 6.45,
        "ELEV_CHANGE": 1.4626010351566947,
        "SLOPE": 0.053062730840580746,
        "Join_Count_12": 3,
        "TARGET_FID_12": 42382,
        "Shape_Length_12": null,
        "Shape_Area_12": null,
        "OBJECTID_1_12": null,
        "Join_Count_12_13": null,
        "TARGET_FID_12_13": null,
        "Id": 1586,
        "gridcode": 2,
        "ClassName": "Partially Hydric (1 - 25%)",
        "Shape_Length_12_13": null,
        "Shape_Area_12_13": null,
        "SITE_HOUSE_NUM": " ",
        "SITE_PRE_DIR": "W",
        "SITE_STREET_NAME": "1580 NORTH",
        "SITE_STREET_TYPE": null,
        "SITE_POST_DIR": null,
        "SITE_STREET_UNIT": null,
        "SITE_CITY": "SALEM",
        "SITE_STATE": "UT",
        "SITE_ZIP5": null,
        "OWN_STREET_ADDRESS": "PO BOX 540265",
        "OWN_CITY": "NORTH SALT LAKE",
        "OWN_STATE": "UT",
        "OWN_ZIP5": "84054",
        "VESTING_DOC": "48421-2025",
        "PARCEL_CREATE_DATE": 1752710400000,
        "MAP_FILING_NO": "19784 ",
        "SUB_NAME": "HARMONY PLACE, PLAT 1A",
        "LEGAL_DESCR": "COMMON AREA, PLAT 1A, HARMONY PLACE SUB AREA 1.397 AC. ALSO COMMON AREA, PLAT 1A, HARMONY PLACE SUB AREA 0.147 AC. ALSO COMMON AREA, PLAT 1A, HARMONY PLACE SUB AREA 0.172 AC. ALSO PRIVATE ROAD, COMMON AREA, PLAT 1A, HARMONY PLACE SUB AREA 0.079 AC. ALSO COMMON AREA, PLAT 1A, HARMONY PLACE SUB AREA 0.170 AC. ALSO COMMON AREA, PLAT 1A, HARMONY PLACE SUB AREA 0.066 AC. ALSO COMMON AREA, PLAT 1A, HARMONY PLACE SUB AREA 0.266 AC. ALSO COMMON AREA, PLAT 1A, HARMONY PLACE SUB AREA 0.152 AC. TOTAL AREA 2.447 AC.",
        "BOOK_PAGE": 68226,
        "LOT": "3",
        "BUILDING": null,
        "UNIT": null,
        "TAX_DISTRICT": "507",
        "TAX_DISTRICT_DESCR": "SALEM W/NS PID 2",
        "SCHOOL_DISTRICT": "NEBO",
        "TAXABLE_CODE": 100,
        "ACCOUNT_TYPE": null,
        "NEIGHBORHOOD": "9999",
        "NBHD_DISTRICT": null,
        "LAND_DISTRICT": 9999,
        "ECONOMIC_UNIT": null,
        "GLA_WEIGHTED_YRBLT": null,
        "TOTAL_ABOVE_GRADE_AREA": null,
        "TOTAL_MEZZANINE": null,
        "TOTAL_BASEMENT": null,
        "TOTAL_BSMT_FINISH": null,
        "TOTAL_UNIT_COUNT": null,
        "TOTAL_IMP_COUNT": null,
        "MKT_LAND_RES": 0,
        "MKT_LAND_AGR": 0,
        "MKT_LAND_COM": 0,
        "MKT_IMP_VALUE": 0,
        "MKT_IMP_RES": 0,
        "MKT_IMP_AGR": 0,
        "MKT_IMP_COM": 0,
        "TXBL_CUR_VALUE": 0,
        "TXBL_PRV_VAL": 0,
        "TXBL_VAL_YR_CHG": 0,
        "TXBL_PCT_CHG": 0,
        "TOT_CUR_TAXES": 0,
        "TOT_PRV_TAXES": 0,
        "TAXES_YR_CHG": 0,
        "TAXES_PCT_CHG": 0,
        "GREENBELT": null,
        "EXEMPT_RES": "UNK",
        "COMMON_AREA": "Yes",
        "PUBLIC_ROAD": "Yes",
        "PRIVATE_ROAD": "Yes",
        "PART_CENTRAL_ASSD": null,
        "PART_TAXABLE": null,
        "IMP_NO_RES": null,
        "COST_GROUP_RES": null,
        "STYLE_DESCR_RES": null,
        "QUALITY_RES": null,
        "QUALITY_DESCR_RES": null,
        "CONDITION_RES": null,
        "CONDITION_DESCR_RES": null,
        "YEARBLT_RES": null,
        "GLA_RES": null,
        "BASEMENT_RES": null,
        "BSMT_FINISH_RES": null,
        "ATT_GARAGE_SQFT_RES": null,
        "BATHROOMS_RES": null,
        "GLA_BEDROOMS_RES": null,
        "EXTERIOR_RES": null,
        "ALLOCATION_PCT_RES": null,
        "TRAV_COUNT": null,
        "LASTUPDATE": null,
        "CREATED_DATE": 1752758551000,
        "LAST_EDITED_DATE": 1752758551000,
        "ChangeType": "Added",
        "Previous_Owner": null,
        "Shape_Length_12_13_14": 2216.363123830198,
        "Shape_Area_12_13_14": 60848.50051965185,
        "Shape_Length": 0.007154323182868604,
        "Shape_Area": 2.462464594288108e-06
      }
    },
    {
      "type": "Feature",
      "id": 39,
      "geometry": {
        "type": "Polygon",
        "coordinates": [
          [
            [
              -111.69723093899995,
              40.08072020000003
            ],
            [
              -111.69722251999997,
              40.07805105800003
            ],
            [
              -111.69629365299994,
              40.078055704000064
            ],
            [
              -111.69630197699996,
              40.08070610100003
            ],
            [
              -111.69723093899995,
              40.08072020000003
            ]
          ]
        ]
      },
      "properties": {
        "OBJECTID": 39,
        "Join_Count": 1,
        "TARGET_FID": 1297,
        "PARCEL_NO": 525040004,
        "PARCELID": "525040004",
        "PARCELID_LABEL": "52:504:0004",
        "OWNER_NAME": "WOODSIDE HOMES OF UTAH LLC",
        "CARE_NAME": null,
        "ACREAGE": 5.784568,
        "SITE_FULL_ADDRESS": "SALEM, UT",
        "OWN_FULL_ADDRESS": "460 W 50 N STE 300  SALT LAKE CITY, UT 84101",
        "PROP_TYPE": 903,
        "PROP_TYPE_DESCR": "VACANT COMMERCIAL",
        "SPECIFIC_PROP_TYPE": 905,
        "SPC_PROP_TYP_DESCR": "Vac Com Lot",
        "ASMT_YEAR": 2026,
        "ASMT_CODE": "V",
        "ASMT_CODE_DESCR": "VACANT",
        "MKT_LAND_VALUE": 1123000,
        "MKT_CUR_VALUE": 1123000,
        "MKT_PRV_VAL": 1123000,
        "MKT_VAL_YR_CHG": 0,
        "MKT_PCT_CHG": 0,
        "GLOBALID": "{0B573C22-8E13-46E5-870A-2AFCFB5E578B}",
        "Code": null,
        "Description": "Ultra High Density Residential",
        "City": "Salem",
        "Description_detailed": null,
        "Acres": 9.81,
        "Unit_Rate": null,
        "CityName": null,
        "AdoptedDate": null,
        "Slope_Score": 10,
        "GP_Score": 10,
        "Utilities_Score": 0,
        "Wetlands_Score": 10,
        "Soil_Score": 7,
        "Ownership_Score": 5,
        "Ownership_Type": "Business",
        "Utility_Proximity_Status": "Not Within 1/8 Mile",
        "Final_Score": 6.45,
        "ELEV_CHANGE": 1.4626010351566947,
        "SLOPE": 0.053062730840580746,
        "Join_Count_12": 3,
        "TARGET_FID_12": 42383,
        "Shape_Length_12": null,
        "Shape_Area_12": null,
        "OBJECTID_1_12": null,
        "Join_Count_12_13": null,
        "TARGET_FID_12_13": null,
        "Id": 1586,
        "gridcode": 2,
        "ClassName": "Partially Hydric (1 - 25%)",
        "Shape_Length_12_13": null,
        "Shape_Area_12_13": null,
        "SITE_HOUSE_NUM": " ",
        "SITE_PRE_DIR": "N",
        "SITE_STREET_NAME": "1190 WEST",
        "SITE_STREET_TYPE": null,
        "SITE_POST_DIR": null,
        "SITE_STREET_UNIT": null,
        "SITE_CITY": "SALEM",
        "SITE_STATE": "UT",
        "SITE_ZIP5": null,
        "OWN_STREET_ADDRESS": "PO BOX 540265",
        "OWN_CITY": "NORTH SALT LAKE",
        "OWN_STATE": "UT",
        "OWN_ZIP5": "84054",
        "VESTING_DOC": "48421-2025",
        "PARCEL_CREATE_DATE": 1752710400000,
        "MAP_FILING_NO": "19784 ",
        "SUB_NAME": "HARMONY PLACE, PLAT 1A",
        "LEGAL_DESCR": "COMMON AREA, PLAT 1A, HARMONY PLACE SUB AREA 1.397 AC. ALSO COMMON AREA, PLAT 1A, HARMONY PLACE SUB AREA 0.147 AC. ALSO COMMON AREA, PLAT 1A, HARMONY PLACE SUB AREA 0.172 AC. ALSO PRIVATE ROAD, COMMON AREA, PLAT 1A, HARMONY PLACE SUB AREA 0.079 AC. ALSO COMMON AREA, PLAT 1A, HARMONY PLACE SUB AREA 0.170 AC. ALSO COMMON AREA, PLAT 1A, HARMONY PLACE SUB AREA 0.066 AC. ALSO COMMON AREA, PLAT 1A, HARMONY PLACE SUB AREA 0.266 AC. ALSO COMMON AREA, PLAT 1A, HARMONY PLACE SUB AREA 0.152 AC. TOTAL AREA 2.447 AC.",
        "BOOK_PAGE": 68226,
        "LOT": "118",
        "BUILDING": null,
        "UNIT": null,
        "TAX_DISTRICT": "507",
        "TAX_DISTRICT_DESCR": "SALEM W/NS PID 2",
        "SCHOOL_DISTRICT": "NEBO",
        "TAXABLE_CODE": 100,
        "ACCOUNT_TYPE": null,
        "NEIGHBORHOOD": "9999",
        "NBHD_DISTRICT": null,
        "LAND_DISTRICT": 9999,
        "ECONOMIC_UNIT": null,
        "GLA_WEIGHTED_YRBLT": null,
        "TOTAL_ABOVE_GRADE_AREA": null,
        "TOTAL_MEZZANINE": null,
        "TOTAL_BASEMENT": null,
        "TOTAL_BSMT_FINISH": null,
        "TOTAL_UNIT_COUNT": null,
        "TOTAL_IMP_COUNT": null,
        "MKT_LAND_RES": 0,
        "MKT_LAND_AGR": 0,
        "MKT_LAND_COM": 0,
        "MKT_IMP_VALUE": 0,
        "MKT_IMP_RES": 0,
        "MKT_IMP_AGR": 0,
        "MKT_IMP_COM": 0,
        "TXBL_CUR_VALUE": 0,
        "TXBL_PRV_VAL": 0,
        "TXBL_VAL_YR_CHG": 0,
        "TXBL_PCT_CHG": 0,
        "TOT_CUR_TAXES": 0,
        "TOT_PRV_TAXES": 0,
        "TAXES_YR_CHG": 0,
        "TAXES_PCT_CHG": 0,
        "GREENBELT": null,
        "EXEMPT_RES": "UNK",
        "COMMON_AREA": "Yes",
        "PUBLIC_ROAD": "Yes",
        "PRIVATE_ROAD": "Yes",
        "PART_CENTRAL_ASSD": null,
        "PART_TAXABLE": null,
        "IMP_NO_RES": null,
        "COST_GROUP_RES": null,
        "STYLE_DESCR_RES": null,
        "QUALITY_RES": null,
        "QUALITY_DESCR_RES": null,
        "CONDITION_RES": null,
        "CONDITION_DESCR_RES": null,
        "YEARBLT_RES": null,
        "GLA_RES": null,
        "BASEMENT_RES": null,
        "BSMT_FINISH_RES": null,
        "ATT_GARAGE_SQFT_RES": null,
        "BATHROOMS_RES": null,
        "GLA_BEDROOMS_RES": null,
        "EXTERIOR_RES": null,
        "ALLOCATION_PCT_RES": null,
        "TRAV_COUNT": null,
        "LASTUPDATE": null,
        "CREATED_DATE": 1752758551000,
        "LAST_EDITED_DATE": 1752758551000,
        "ChangeType": "Added",
        "Previous_Owner": null,
        "Shape_Length_12_13_14": 2216.363123830198,
        "Shape_Area_12_13_14": 60848.50051965185,
        "Shape_Length": 0.007177512953230533,
        "Shape_Area": 2.470658887321071e-06
      }
    },
    {
      "type": "Feature",
      "id": 40,
      "geometry": {
        "type": "Polygon",
        "coordinates": [
          [
            [
              -112.10035477999998,
              40.33340681400006
            ],
            [
              -112.10049306118412,
              40.33328985232061
            ],
            [
              -112.10062727762525,
              40.33316824776773
            ],
            [
              -112.10075727351602,
              40.333042141508045
            ],
            [
              -112.1008828979486,
              40.33291167993404
            ],
            [
              -112.10100400508979,
              40.33277701449417
            ],
            [
              -112.10112045435045,
              40.33263830151698
            ],
            [
              -112.10123211054855,
              40.33249570202969
            ],
            [
              -112.10133884406618,
              40.33234938157123
            ],
            [
              -112.10144053099998,
              40.332199510000066
            ],
            [
              -112.09955747099997,
              40.332193303000054
            ],
            [
              -112.09951742199996,
              40.333404733000066
            ],
            [
              -112.10035477999998,
              40.33340681400006
            ]
          ]
        ]
      },
      "properties": {
        "OBJECTID": 40,
        "Join_Count": 1,
        "TARGET_FID": 1340,
        "PARCEL_NO": 590370078,
        "PARCELID": "590370078",
        "PARCELID_LABEL": "59:037:0078",
        "OWNER_NAME": "HUMMEL, RICHARD ARNOLD & TAMARA (ET AL)",
        "CARE_NAME": null,
        "ACREAGE": 4,
        "SITE_FULL_ADDRESS": "CEDAR FORT, UT",
        "OWN_FULL_ADDRESS": "645 N 5000 W  WEST POINT, UT 84015-6947",
        "PROP_TYPE": 900,
        "PROP_TYPE_DESCR": "VACANT",
        "SPECIFIC_PROP_TYPE": 901,
        "SPC_PROP_TYP_DESCR": "Vac Res",
        "ASMT_YEAR": 2026,
        "ASMT_CODE": "V",
        "ASMT_CODE_DESCR": "VACANT",
        "MKT_LAND_VALUE": 29800,
        "MKT_CUR_VALUE": 29800,
        "MKT_PRV_VAL": 29800,
        "MKT_VAL_YR_CHG": 0,
        "MKT_PCT_CHG": 0,
        "GLOBALID": "{E5381A36-F919-451C-9BFF-1FD4CE917B3E}",
        "Code": null,
        "Description": "Commerical Residential Zone (1/2 Acre)",
        "City": null,
        "Description_detailed": null,
        "Acres": null,
        "Unit_Rate": 0.5,
        "CityName": "Cedar Fort",
        "AdoptedDate": 1599264000000,
        "Slope_Score": 10,
        "GP_Score": 5,
        "Utilities_Score": 5,
        "Wetlands_Score": 10,
        "Soil_Score": 10,
        "Ownership_Score": 10,
        "Ownership_Type": "Private",
        "Utility_Proximity_Status": "Unknown - No Data",
        "Final_Score": 7.5,
        "ELEV_CHANGE": 4.647723168945959,
        "SLOPE": 0.07666460543910929,
        "Join_Count_12": 1,
        "TARGET_FID_12": 48127,
        "Shape_Length_12": null,
        "Shape_Area_12": null,
        "OBJECTID_1_12": null,
        "Join_Count_12_13": null,
        "TARGET_FID_12_13": null,
        "Id": 2073,
        "gridcode": 1,
        "ClassName": "Not Hydric",
        "Shape_Length_12_13": null,
        "Shape_Area_12_13": null,
        "SITE_HOUSE_NUM": null,
        "SITE_PRE_DIR": null,
        "SITE_STREET_NAME": null,
        "SITE_STREET_TYPE": null,
        "SITE_POST_DIR": null,
        "SITE_STREET_UNIT": null,
        "SITE_CITY": null,
        "SITE_STATE": null,
        "SITE_ZIP5": "84013",
        "OWN_STREET_ADDRESS": "210 N 200 E",
        "OWN_CITY": "CEDAR FORT",
        "OWN_STATE": "UT",
        "OWN_ZIP5": "84013",
        "VESTING_DOC": "36538-2025",
        "PARCEL_CREATE_DATE": 1748908800000,
        "MAP_FILING_NO": null,
        "SUB_NAME": null,
        "LEGAL_DESCR": "COM AT SW COR. SEC. 32, T5S, R2W, SLB&M.; S 89 DEG 8' 29\" E 897.73 FT; S 0 DEG 56' 34\" W 850.91 FT; S 89 DEG 49' 7\" W 19.87 FT; S 0 DEG 36' 25\" E 100.38 FT; S 88 DEG 50' 41\" W 264.38 FT; S 89 DEG 0' 25\" W 258.98 FT; S 88 DEG 55' 8\" W 266.67 FT; S 1 DEG 18' 9\" W 12.1 FT; S 89 DEG 15' 38\" W 365.48 FT; N 1 DEG 50' 0\" E 557.7 FT; N 89 DEG 22' 7\" W 146.11 FT; N 1 DEG 50' 0\" E 441.58 FT; S 89 DEG 25' 48\" E 404.95 FT TO BEG. AREA 27.458 AC.",
        "BOOK_PAGE": 59037,
        "LOT": null,
        "BUILDING": null,
        "UNIT": null,
        "TAX_DISTRICT": "050",
        "TAX_DISTRICT_DESCR": "CEDAR FORT CITY",
        "SCHOOL_DISTRICT": "ALPINE",
        "TAXABLE_CODE": 100,
        "ACCOUNT_TYPE": null,
        "NEIGHBORHOOD": "9999",
        "NBHD_DISTRICT": null,
        "LAND_DISTRICT": 9999,
        "ECONOMIC_UNIT": null,
        "GLA_WEIGHTED_YRBLT": null,
        "TOTAL_ABOVE_GRADE_AREA": null,
        "TOTAL_MEZZANINE": null,
        "TOTAL_BASEMENT": null,
        "TOTAL_BSMT_FINISH": null,
        "TOTAL_UNIT_COUNT": null,
        "TOTAL_IMP_COUNT": null,
        "MKT_LAND_RES": 0,
        "MKT_LAND_AGR": 0,
        "MKT_LAND_COM": 0,
        "MKT_IMP_VALUE": 0,
        "MKT_IMP_RES": 0,
        "MKT_IMP_AGR": 0,
        "MKT_IMP_COM": 0,
        "TXBL_CUR_VALUE": 0,
        "TXBL_PRV_VAL": 0,
        "TXBL_VAL_YR_CHG": 0,
        "TXBL_PCT_CHG": 0,
        "TOT_CUR_TAXES": 0,
        "TOT_PRV_TAXES": 0,
        "TAXES_YR_CHG": 0,
        "TAXES_PCT_CHG": 0,
        "GREENBELT": null,
        "EXEMPT_RES": "UNK",
        "COMMON_AREA": null,
        "PUBLIC_ROAD": null,
        "PRIVATE_ROAD": null,
        "PART_CENTRAL_ASSD": null,
        "PART_TAXABLE": null,
        "IMP_NO_RES": null,
        "COST_GROUP_RES": null,
        "STYLE_DESCR_RES": null,
        "QUALITY_RES": null,
        "QUALITY_DESCR_RES": null,
        "CONDITION_RES": null,
        "CONDITION_DESCR_RES": null,
        "YEARBLT_RES": null,
        "GLA_RES": null,
        "BASEMENT_RES": null,
        "BSMT_FINISH_RES": null,
        "ATT_GARAGE_SQFT_RES": null,
        "BATHROOMS_RES": null,
        "GLA_BEDROOMS_RES": null,
        "EXTERIOR_RES": null,
        "ALLOCATION_PCT_RES": null,
        "TRAV_COUNT": null,
        "LASTUPDATE": null,
        "CREATED_DATE": 1748953228000,
        "LAST_EDITED_DATE": 1748953228000,
        "ChangeType": "Added",
        "Previous_Owner": null,
        "Shape_Length_12_13_14": 4585.435907454608,
        "Shape_Area_12_13_14": 1196013.949398813,
        "Shape_Length": 0.005562613553439949,
        "Shape_Area": 1.7149102257843294e-06
      }
    },
    {
      "type": "Feature",
      "id": 41,
      "geometry": {
        "type": "Polygon",
        "coordinates": [
          [
            [
              -112.06305887699995,
              40.287182605000055
            ],
            [
              -112.06305878299997,
              40.29082652300008
            ],
            [
              -112.06801568499998,
              40.29082377800006
            ],
            [
              -112.06799459999996,
              40.28900178200007
            ],
            [
              -112.06797351599994,
              40.287179785000035
            ],
            [
              -112.06795243299996,
              40.285357788000056
            ],
            [
              -112.06793135099997,
              40.28353578900004
            ],
            [
              -112.06305893499996,
              40.28353868500005
            ],
            [
              -112.06305887699995,
              40.287182605000055
            ]
          ]
        ]
      },
      "properties": {
        "OBJECTID": 41,
        "Join_Count": 1,
        "TARGET_FID": 1345,
        "PARCEL_NO": 590530025,
        "PARCELID": "590530025",
        "PARCELID_LABEL": "59:053:0025",
        "OWNER_NAME": "BOWLES FAMILY HOLDINGS LLC",
        "CARE_NAME": null,
        "ACREAGE": 83.61,
        "SITE_FULL_ADDRESS": null,
        "OWN_FULL_ADDRESS": "2105 W 4700 S  SALT LAKE CITY, UT 84118-1109",
        "PROP_TYPE": 900,
        "PROP_TYPE_DESCR": "VACANT",
        "SPECIFIC_PROP_TYPE": 901,
        "SPC_PROP_TYP_DESCR": "Vac Res",
        "ASMT_YEAR": 2026,
        "ASMT_CODE": "V",
        "ASMT_CODE_DESCR": "VACANT",
        "MKT_LAND_VALUE": 1231000,
        "MKT_CUR_VALUE": 1231000,
        "MKT_PRV_VAL": 1231000,
        "MKT_VAL_YR_CHG": 0,
        "MKT_PCT_CHG": 0,
        "GLOBALID": "{2E2944B7-5F00-442D-A3D7-B728BBF22018}",
        "Code": null,
        "Description": "Medium Density Residential",
        "City": "Eagle Mountain",
        "Description_detailed": "Any Residential",
        "Acres": null,
        "Unit_Rate": null,
        "CityName": null,
        "AdoptedDate": null,
        "Slope_Score": 10,
        "GP_Score": 8,
        "Utilities_Score": 10,
        "Wetlands_Score": 10,
        "Soil_Score": 10,
        "Ownership_Score": 5,
        "Ownership_Type": "Business",
        "Utility_Proximity_Status": "Within 1/8 Mile",
        "Final_Score": 8.75,
        "ELEV_CHANGE": 0.9359525244144606,
        "SLOPE": 0.013731362475370969,
        "Join_Count_12": 2,
        "TARGET_FID_12": 48740,
        "Shape_Length_12": null,
        "Shape_Area_12": null,
        "OBJECTID_1_12": null,
        "Join_Count_12_13": null,
        "TARGET_FID_12_13": null,
        "Id": 2073,
        "gridcode": 1,
        "ClassName": "Not Hydric",
        "Shape_Length_12_13": null,
        "Shape_Area_12_13": null,
        "SITE_HOUSE_NUM": null,
        "SITE_PRE_DIR": null,
        "SITE_STREET_NAME": null,
        "SITE_STREET_TYPE": null,
        "SITE_POST_DIR": null,
        "SITE_STREET_UNIT": null,
        "SITE_CITY": null,
        "SITE_STATE": null,
        "SITE_ZIP5": "84013",
        "OWN_STREET_ADDRESS": "14034 S 145 E STE 204",
        "OWN_CITY": "DRAPER",
        "OWN_STATE": "UT",
        "OWN_ZIP5": "84020",
        "VESTING_DOC": "98519-2008",
        "PARCEL_CREATE_DATE": 1750204800000,
        "MAP_FILING_NO": null,
        "SUB_NAME": null,
        "LEGAL_DESCR": "COM S 0 DEG 1' 19\" W 13.541 FT & S 89 DEG 58' 41\" E 1247.46 FT FR SE COR. SEC. 17, T6S, R2W, SLB&M.; S 89 DEG 21' 43\" E 1067.82 FT; ALONG A CURVE TO L (CHORD BEARS: S 74 DEG 49' 53\" E 263.26 FT, RADIUS = 1076.88 FT); N 0 DEG 37' 30\" W 65.99 FT; S 89 DEG 39' 15\" E 1383.03 FT; S 0 DEG 7' 26\" E 2655.65 FT; N 89 DEG 39' 48\" W 1359.67 FT; S 0 DEG 37' 47\" E 1243.93 FT; S 87 DEG 12' 10\" E 1001.36 FT; S 51 DEG 20' 7\" E 28 FT; S 38 DEG 39' 51\" W 123.17 FT; N 51 DEG 20' 12\" W 28 FT; N 87 DEG 12' 10\" W 923.38 FT; S 0 DEG 37' 27\" E 543.45 FT; N 88 DEG 30' 3\" W 433.73 FT; S 1 DEG 31' 1\" W 100 FT; N 88 DEG 30' 22\" W 2226.7 FT; N 0 DEG 24' 7\" E 1933.39 FT; N 0 DEG 38' 49\" E 1683.3 FT; ALONG A CURVE TO R (CHORD BEARS: N 45 DEG 31' 4\" E 330.53 FT, RADIUS = 1370.5 FT); N 56 DEG 49' 50\" E 98.56 FT; ALONG A CURVE TO R (CHORD BEARS: N 58 DEG 24' 33\" E 87.81 FT, RADIUS = 1593.78 FT); N 60 DEG 15' 0\" E 84.23 FT; ALONG A CURVE TO R (CHORD BEARS: S 76 DEG 20' 52\" E 20.61 FT, RADIUS = 15 FT); S 32 DEG 56' 45\" E 5.08 FT; N 57 DEG 3' 10\" E 61 FT; ALONG A CURVE TO R (CHORD BEARS: N 13 DEG 39' 8\" E 21.8 FT, RADIUS = 15 FT); N 29 DEG 44' 55\" W 4.12 FT; N 60 DEG 13' 45\" E 16.58 FT; ALONG A CURVE TO L (CHORD BEARS: N 57 DEG 2' 14\" E 187.6 FT, RADIUS = 1673.5 FT); N 53 DEG 49' 27\" E 330.2 FT; S 1 DEG 38' 17\" E 942.79 FT; S 89 DEG 21' 38\" E 200 FT; S 0 DEG 38' 50\" W 200 FT; N 89 DEG 21' 38\" W 200 FT; N 0 DEG 38' 50\" E 200 FT; N 1 DEG 38' 17\" W 942.79 FT; N 53 DEG 49' 27\" E 47.33 FT; ALONG A CURVE TO L (CHORD BEARS: N 50 DEG 52' 48\" E 157.11 FT, RADIUS = 1529.5 FT); S 89 DEG 21' 35\" E 36.21 FT; N 0 DEG 38' 52\" E 34.54 FT; ALONG A CURVE TO L (CHORD BEARS: N 43 DEG 53' 17\" E 115.99 FT, RADIUS = 1529.49 FT); S 51 DEG 48' 22\" E .1 FT TO BEG. AREA 347.345 AC.",
        "BOOK_PAGE": 59053,
        "LOT": null,
        "BUILDING": null,
        "UNIT": null,
        "TAX_DISTRICT": "053",
        "TAX_DISTRICT_DESCR": "EAGLE MOUNTAIN W/POLE CANYON DIST",
        "SCHOOL_DISTRICT": "ALPINE",
        "TAXABLE_CODE": 100,
        "ACCOUNT_TYPE": "RESIDENTIAL",
        "NEIGHBORHOOD": "103",
        "NBHD_DISTRICT": "152",
        "LAND_DISTRICT": 1509,
        "ECONOMIC_UNIT": null,
        "GLA_WEIGHTED_YRBLT": null,
        "TOTAL_ABOVE_GRADE_AREA": null,
        "TOTAL_MEZZANINE": null,
        "TOTAL_BASEMENT": null,
        "TOTAL_BSMT_FINISH": null,
        "TOTAL_UNIT_COUNT": null,
        "TOTAL_IMP_COUNT": null,
        "MKT_LAND_RES": 0,
        "MKT_LAND_AGR": 16394900,
        "MKT_LAND_COM": 0,
        "MKT_IMP_VALUE": 0,
        "MKT_IMP_RES": 0,
        "MKT_IMP_AGR": 0,
        "MKT_IMP_COM": 0,
        "TXBL_CUR_VALUE": 16394900,
        "TXBL_PRV_VAL": 0,
        "TXBL_VAL_YR_CHG": 16394900,
        "TXBL_PCT_CHG": 0,
        "TOT_CUR_TAXES": 0,
        "TOT_PRV_TAXES": 0,
        "TAXES_YR_CHG": 0,
        "TAXES_PCT_CHG": 0,
        "GREENBELT": null,
        "EXEMPT_RES": "N",
        "COMMON_AREA": null,
        "PUBLIC_ROAD": null,
        "PRIVATE_ROAD": null,
        "PART_CENTRAL_ASSD": null,
        "PART_TAXABLE": null,
        "IMP_NO_RES": null,
        "COST_GROUP_RES": null,
        "STYLE_DESCR_RES": null,
        "QUALITY_RES": null,
        "QUALITY_DESCR_RES": null,
        "CONDITION_RES": null,
        "CONDITION_DESCR_RES": null,
        "YEARBLT_RES": null,
        "GLA_RES": null,
        "BASEMENT_RES": null,
        "BSMT_FINISH_RES": null,
        "ATT_GARAGE_SQFT_RES": null,
        "BATHROOMS_RES": null,
        "GLA_BEDROOMS_RES": null,
        "EXTERIOR_RES": null,
        "ALLOCATION_PCT_RES": null,
        "TRAV_COUNT": null,
        "LASTUPDATE": null,
        "CREATED_DATE": 1750242989000,
        "LAST_EDITED_DATE": 1750242989000,
        "ChangeType": "Added",
        "Previous_Owner": null,
        "Shape_Length_12_13_14": 19504.15908741381,
        "Shape_Area_12_13_14": 15128280.65096009,
        "Shape_Length": 0.02440563454752882,
        "Shape_Area": 3.581765359630965e-05
      }
    },
    {
      "type": "Feature",
      "id": 42,
      "geometry": {
        "type": "Polygon",
        "coordinates": [
          [
            [
              -111.89750905699998,
              40.450543355000036
            ],
            [
              -111.89750898999995,
              40.450543322000044
            ],
            [
              -111.89755163399997,
              40.450695808000035
            ],
            [
              -111.89757068058897,
              40.45077614966091
            ],
            [
              -111.89758270928664,
              40.45085783726987
            ],
            [
              -111.89758762999998,
              40.45094025900005
            ],
            [
              -111.89758973799997,
              40.45105923800003
            ],
            [
              -111.89626941799997,
              40.45106371400004
            ],
            [
              -111.89627106899997,
              40.45134842600004
            ],
            [
              -111.89661547699995,
              40.45160920500007
            ],
            [
              -111.89701866799999,
              40.453866050000045
            ],
            [
              -111.89703126593659,
              40.4539154180287
            ],
            [
              -111.89704955101375,
              40.4539629739559
            ],
            [
              -111.89707327228,
              40.454008065105675
            ],
            [
              -111.89710210417545,
              40.45405007262958
            ],
            [
              -111.89713565099999,
              40.45408842000006
            ],
            [
              -111.89681627299996,
              40.45433456600006
            ],
            [
              -111.89745789699998,
              40.45482036200008
            ],
            [
              -111.89840851299999,
              40.454087704000074
            ],
            [
              -111.89804119899998,
              40.453809602000035
            ],
            [
              -111.89781364999999,
              40.45398498000003
            ],
            [
              -111.89729217999997,
              40.45359015500003
            ],
            [
              -111.89717670099998,
              40.453573697000024
            ],
            [
              -111.89703119199999,
              40.45275924200007
            ],
            [
              -111.89724877499998,
              40.452736558000026
            ],
            [
              -111.89728299686512,
              40.45273107430197
            ],
            [
              -111.8973161511034,
              40.45272097462468
            ],
            [
              -111.89734761815782,
              40.45270644770196
            ],
            [
              -111.89737680999997,
              40.452687765000064
            ],
            [
              -111.89783592199996,
              40.45233391100004
            ],
            [
              -111.89784684499995,
              40.45223337900006
            ],
            [
              -111.89773335899997,
              40.45222618300005
            ],
            [
              -111.89781084299995,
              40.45151310500006
            ],
            [
              -111.89794724699999,
              40.45140797200003
            ],
            [
              -111.89807560799994,
              40.45150516100006
            ],
            [
              -111.89833852499999,
              40.451302515000066
            ],
            [
              -111.89771371699999,
              40.45082943400007
            ],
            [
              -111.89766727550852,
              40.45079200719624
            ],
            [
              -111.8976251639842,
              40.450749767436605
            ],
            [
              -111.8975878785587,
              40.45070321236363
            ],
            [
              -111.89755585850561,
              40.4506528904601
            ],
            [
              -111.89752948106519,
              40.45059939458725
            ],
            [
              -111.89750905699998,
              40.450543355000036
            ]
          ]
        ]
      },
      "properties": {
        "OBJECTID": 42,
        "Join_Count": 1,
        "TARGET_FID": 1375,
        "PARCEL_NO": 580010079,
        "PARCELID": "580010079",
        "PARCELID_LABEL": "58:001:0079",
        "OWNER_NAME": "ARIVE GWC VISTAS LLC",
        "CARE_NAME": null,
        "ACREAGE": 7.767074999999999,
        "SITE_FULL_ADDRESS": "LEHI, UT",
        "OWN_FULL_ADDRESS": "733 N MAIN ST  SPANISH FORK, UT 84660-1146",
        "PROP_TYPE": 903,
        "PROP_TYPE_DESCR": "VACANT COMMERCIAL",
        "SPECIFIC_PROP_TYPE": 905,
        "SPC_PROP_TYP_DESCR": "Vac Com Lot",
        "ASMT_YEAR": 2026,
        "ASMT_CODE": "V",
        "ASMT_CODE_DESCR": "VACANT",
        "MKT_LAND_VALUE": 1457300,
        "MKT_CUR_VALUE": 1457300,
        "MKT_PRV_VAL": 1457300,
        "MKT_VAL_YR_CHG": 0,
        "MKT_PCT_CHG": 0,
        "GLOBALID": "{034A3A25-FA65-4519-9651-0EDEF55531E5}",
        "Code": null,
        "Description": "Transit-Oriented Development",
        "City": "Lehi",
        "Description_detailed": null,
        "Acres": 40.255796,
        "Unit_Rate": null,
        "CityName": null,
        "AdoptedDate": null,
        "Slope_Score": 10,
        "GP_Score": 10,
        "Utilities_Score": 5,
        "Wetlands_Score": 10,
        "Soil_Score": 10,
        "Ownership_Score": 5,
        "Ownership_Type": "Business",
        "Utility_Proximity_Status": "Unknown - No Data",
        "Final_Score": 8,
        "ELEV_CHANGE": 201.89781534667964,
        "SLOPE": 4.1066538579191345,
        "Join_Count_12": 1,
        "TARGET_FID_12": 49468,
        "Shape_Length_12": null,
        "Shape_Area_12": null,
        "OBJECTID_1_12": null,
        "Join_Count_12_13": null,
        "TARGET_FID_12_13": null,
        "Id": 2073,
        "gridcode": 1,
        "ClassName": "Not Hydric",
        "Shape_Length_12_13": null,
        "Shape_Area_12_13": null,
        "SITE_HOUSE_NUM": null,
        "SITE_PRE_DIR": null,
        "SITE_STREET_NAME": null,
        "SITE_STREET_TYPE": null,
        "SITE_POST_DIR": null,
        "SITE_STREET_UNIT": null,
        "SITE_CITY": null,
        "SITE_STATE": null,
        "SITE_ZIP5": null,
        "OWN_STREET_ADDRESS": "3343 PEACHTREE RD NE",
        "OWN_CITY": "ATLANTA",
        "OWN_STATE": "GA",
        "OWN_ZIP5": "30326",
        "VESTING_DOC": "8202-2025",
        "PARCEL_CREATE_DATE": 1753747200000,
        "MAP_FILING_NO": "19828 ",
        "SUB_NAME": "ALTA VISTA",
        "LEGAL_DESCR": "LOT 5, ALTA VISTA SUB AREA 1.544 AC.",
        "BOOK_PAGE": 34792,
        "LOT": "5",
        "BUILDING": null,
        "UNIT": null,
        "TAX_DISTRICT": "010",
        "TAX_DISTRICT_DESCR": "LEHI CITY",
        "SCHOOL_DISTRICT": "ALPINE",
        "TAXABLE_CODE": 100,
        "ACCOUNT_TYPE": null,
        "NEIGHBORHOOD": null,
        "NBHD_DISTRICT": null,
        "LAND_DISTRICT": null,
        "ECONOMIC_UNIT": null,
        "GLA_WEIGHTED_YRBLT": null,
        "TOTAL_ABOVE_GRADE_AREA": null,
        "TOTAL_MEZZANINE": null,
        "TOTAL_BASEMENT": null,
        "TOTAL_BSMT_FINISH": null,
        "TOTAL_UNIT_COUNT": null,
        "TOTAL_IMP_COUNT": null,
        "MKT_LAND_RES": 0,
        "MKT_LAND_AGR": 0,
        "MKT_LAND_COM": 0,
        "MKT_IMP_VALUE": 0,
        "MKT_IMP_RES": 0,
        "MKT_IMP_AGR": 0,
        "MKT_IMP_COM": 0,
        "TXBL_CUR_VALUE": 0,
        "TXBL_PRV_VAL": 0,
        "TXBL_VAL_YR_CHG": 0,
        "TXBL_PCT_CHG": 0,
        "TOT_CUR_TAXES": 0,
        "TOT_PRV_TAXES": 0,
        "TAXES_YR_CHG": 0,
        "TAXES_PCT_CHG": 0,
        "GREENBELT": null,
        "EXEMPT_RES": "UNK",
        "COMMON_AREA": null,
        "PUBLIC_ROAD": null,
        "PRIVATE_ROAD": null,
        "PART_CENTRAL_ASSD": null,
        "PART_TAXABLE": null,
        "IMP_NO_RES": null,
        "COST_GROUP_RES": null,
        "STYLE_DESCR_RES": null,
        "QUALITY_RES": null,
        "QUALITY_DESCR_RES": null,
        "CONDITION_RES": null,
        "CONDITION_DESCR_RES": null,
        "YEARBLT_RES": null,
        "GLA_RES": null,
        "BASEMENT_RES": null,
        "BSMT_FINISH_RES": null,
        "ATT_GARAGE_SQFT_RES": null,
        "BATHROOMS_RES": null,
        "GLA_BEDROOMS_RES": null,
        "EXTERIOR_RES": null,
        "ALLOCATION_PCT_RES": null,
        "TRAV_COUNT": null,
        "LASTUPDATE": null,
        "CREATED_DATE": 1753782535000,
        "LAST_EDITED_DATE": 1753782535000,
        "ChangeType": "Added",
        "Previous_Owner": null,
        "Shape_Length_12_13_14": 1214.589683373493,
        "Shape_Area_12_13_14": 67255.50469823362,
        "Shape_Length": 0.01354018458829409,
        "Shape_Area": 3.3354173066976635e-06
      }
    },
    {
      "type": "Feature",
      "id": 43,
      "geometry": {
        "type": "MultiPolygon",
        "coordinates": [
          [
            [
              [
                -112.03439116399994,
                40.32271700200005
              ],
              [
                -112.03204078499999,
                40.32272772600004
              ],
              [
                -112.03204261999997,
                40.32296373100007
              ],
              [
                -112.03221331999998,
                40.32296295400005
              ],
              [
                -112.03221957199997,
                40.32376707100008
              ],
              [
                -112.03229289399997,
                40.32376673700003
              ],
              [
                -112.03229547499996,
                40.324098708000065
              ],
              [
                -112.03437503499998,
                40.32408921800004
              ],
              [
                -112.03439116399994,
                40.32271700200005
              ]
            ]
          ],
          [
            [
              [
                -112.03439116499999,
                40.32271696400005
              ],
              [
                -112.03439116399994,
                40.32271700200005
              ],
              [
                -112.03439121499997,
                40.32271700200005
              ],
              [
                -112.03439116499999,
                40.32271696400005
              ]
            ]
          ]
        ]
      },
      "properties": {
        "OBJECTID": 43,
        "Join_Count": 1,
        "TARGET_FID": 1427,
        "PARCEL_NO": 590340165,
        "PARCELID": "590340165",
        "PARCELID_LABEL": "59:034:0165",
        "OWNER_NAME": "BRYLEE ESTATES LAND HOLDINGS LLC",
        "CARE_NAME": null,
        "ACREAGE": 6.968381,
        "SITE_FULL_ADDRESS": null,
        "OWN_FULL_ADDRESS": "PO BOX 871  LEHI, UT 84043",
        "PROP_TYPE": 900,
        "PROP_TYPE_DESCR": "VACANT",
        "SPECIFIC_PROP_TYPE": 901,
        "SPC_PROP_TYP_DESCR": "Vac Res",
        "ASMT_YEAR": 2026,
        "ASMT_CODE": "V",
        "ASMT_CODE_DESCR": "VACANT",
        "MKT_LAND_VALUE": 768600,
        "MKT_CUR_VALUE": 768600,
        "MKT_PRV_VAL": 768600,
        "MKT_VAL_YR_CHG": 0,
        "MKT_PCT_CHG": 0,
        "GLOBALID": "{A9110D3E-E8F9-4131-824D-7DFBFABEABDE}",
        "Code": null,
        "Description": "Medium Density Residential",
        "City": "Eagle Mountain",
        "Description_detailed": "Any Residential",
        "Acres": null,
        "Unit_Rate": null,
        "CityName": null,
        "AdoptedDate": null,
        "Slope_Score": 10,
        "GP_Score": 8,
        "Utilities_Score": 10,
        "Wetlands_Score": 10,
        "Soil_Score": 10,
        "Ownership_Score": 5,
        "Ownership_Type": "Business",
        "Utility_Proximity_Status": "Within 1/8 Mile",
        "Final_Score": 8.75,
        "ELEV_CHANGE": 54.84593684570336,
        "SLOPE": 0.8456425736552882,
        "Join_Count_12": 1,
        "TARGET_FID_12": 50373,
        "Shape_Length_12": null,
        "Shape_Area_12": null,
        "OBJECTID_1_12": null,
        "Join_Count_12_13": null,
        "TARGET_FID_12_13": null,
        "Id": 2073,
        "gridcode": 1,
        "ClassName": "Not Hydric",
        "Shape_Length_12_13": null,
        "Shape_Area_12_13": null,
        "SITE_HOUSE_NUM": " ",
        "SITE_PRE_DIR": null,
        "SITE_STREET_NAME": null,
        "SITE_STREET_TYPE": null,
        "SITE_POST_DIR": null,
        "SITE_STREET_UNIT": null,
        "SITE_CITY": "EAGLE MOUNTAIN",
        "SITE_STATE": "UT",
        "SITE_ZIP5": "84005",
        "OWN_STREET_ADDRESS": "1650 E STAGECOACH RUN",
        "OWN_CITY": "EAGLE MOUNTAIN",
        "OWN_STATE": "UT",
        "OWN_ZIP5": "84005",
        "VESTING_DOC": "42776-2025",
        "PARCEL_CREATE_DATE": 1749686400000,
        "MAP_FILING_NO": "19756 ",
        "SUB_NAME": "BRYLEE NORTH, PLAT A",
        "LEGAL_DESCR": "PUBLIC ROAD, PLAT A, BRYLEE NORTH SUB AREA 0.828 AC.",
        "BOOK_PAGE": 35876,
        "LOT": null,
        "BUILDING": null,
        "UNIT": null,
        "TAX_DISTRICT": "038",
        "TAX_DISTRICT_DESCR": "EAGLE MOUNTAIN",
        "SCHOOL_DISTRICT": "ALPINE",
        "TAXABLE_CODE": 100,
        "ACCOUNT_TYPE": null,
        "NEIGHBORHOOD": "9999",
        "NBHD_DISTRICT": null,
        "LAND_DISTRICT": 9999,
        "ECONOMIC_UNIT": null,
        "GLA_WEIGHTED_YRBLT": null,
        "TOTAL_ABOVE_GRADE_AREA": null,
        "TOTAL_MEZZANINE": null,
        "TOTAL_BASEMENT": null,
        "TOTAL_BSMT_FINISH": null,
        "TOTAL_UNIT_COUNT": null,
        "TOTAL_IMP_COUNT": null,
        "MKT_LAND_RES": 0,
        "MKT_LAND_AGR": 0,
        "MKT_LAND_COM": 0,
        "MKT_IMP_VALUE": 0,
        "MKT_IMP_RES": 0,
        "MKT_IMP_AGR": 0,
        "MKT_IMP_COM": 0,
        "TXBL_CUR_VALUE": 0,
        "TXBL_PRV_VAL": 0,
        "TXBL_VAL_YR_CHG": 0,
        "TXBL_PCT_CHG": 0,
        "TOT_CUR_TAXES": 0,
        "TOT_PRV_TAXES": 0,
        "TAXES_YR_CHG": 0,
        "TAXES_PCT_CHG": 0,
        "GREENBELT": null,
        "EXEMPT_RES": "UNK",
        "COMMON_AREA": null,
        "PUBLIC_ROAD": "Yes",
        "PRIVATE_ROAD": null,
        "PART_CENTRAL_ASSD": null,
        "PART_TAXABLE": null,
        "IMP_NO_RES": null,
        "COST_GROUP_RES": null,
        "STYLE_DESCR_RES": null,
        "QUALITY_RES": null,
        "QUALITY_DESCR_RES": null,
        "CONDITION_RES": null,
        "CONDITION_DESCR_RES": null,
        "YEARBLT_RES": null,
        "GLA_RES": null,
        "BASEMENT_RES": null,
        "BSMT_FINISH_RES": null,
        "ATT_GARAGE_SQFT_RES": null,
        "BATHROOMS_RES": null,
        "GLA_BEDROOMS_RES": null,
        "EXTERIOR_RES": null,
        "ALLOCATION_PCT_RES": null,
        "TRAV_COUNT": null,
        "LASTUPDATE": null,
        "CREATED_DATE": 1749744872000,
        "LAST_EDITED_DATE": 1749744872000,
        "ChangeType": "Added",
        "Previous_Owner": null,
        "Shape_Length_12_13_14": 1410.5551047809217,
        "Shape_Area_12_13_14": 36081.36809004513,
        "Shape_Length": 0.007418606719884161,
        "Shape_Area": 2.9883931090472377e-06
      }
    },
    {
      "type": "Feature",
      "id": 44,
      "geometry": {
        "type": "Polygon",
        "coordinates": [
          [
            [
              -112.03437502599996,
              40.324089282000045
            ],
            [
              -112.03240312099996,
              40.32409828200008
            ],
            [
              -112.03240437999995,
              40.32426019600007
            ],
            [
              -112.03254130673255,
              40.324416669430455
            ],
            [
              -112.03268348580119,
              40.32456838619605
            ],
            [
              -112.03283075207169,
              40.32471517008512
            ],
            [
              -112.03298293450136,
              40.32485685061525
            ],
            [
              -112.03313985633764,
              40.324993263231306
            ],
            [
              -112.03330133532334,
              40.32512424949659
            ],
            [
              -112.03346718390841,
              40.325249657276856
            ],
            [
              -112.03363720946767,
              40.325369340917
            ],
            [
              -112.03381121452462,
              40.32548316141022
            ],
            [
              -112.03398899698074,
              40.32559098655949
            ],
            [
              -112.03417035035025,
              40.32569269113109
            ],
            [
              -112.03435506399995,
              40.325788157000034
            ],
            [
              -112.03437502599996,
              40.324089282000045
            ]
          ]
        ]
      },
      "properties": {
        "OBJECTID": 44,
        "Join_Count": 1,
        "TARGET_FID": 1428,
        "PARCEL_NO": 590340170,
        "PARCELID": "590340170",
        "PARCELID_LABEL": "59:034:0170",
        "OWNER_NAME": "WASATCH BEHAVIORAL HEALTH",
        "CARE_NAME": "%KORBANKA, JEUERGEN PHD",
        "ACREAGE": 4.761526,
        "SITE_FULL_ADDRESS": null,
        "OWN_FULL_ADDRESS": "%KORBANKA, JEUERGEN PHD  750 N FREEDOM BLVD # 300  PROVO, UT 84601",
        "PROP_TYPE": 900,
        "PROP_TYPE_DESCR": "VACANT",
        "SPECIFIC_PROP_TYPE": 901,
        "SPC_PROP_TYP_DESCR": "Vac Res",
        "ASMT_YEAR": 2025,
        "ASMT_CODE": "V",
        "ASMT_CODE_DESCR": "VACANT",
        "MKT_LAND_VALUE": 250500,
        "MKT_CUR_VALUE": 250500,
        "MKT_PRV_VAL": 250500,
        "MKT_VAL_YR_CHG": 0,
        "MKT_PCT_CHG": 0,
        "GLOBALID": "{14BF69D4-6483-49A0-AB83-F0A1491DDE47}",
        "Code": null,
        "Description": "Medium Density Residential",
        "City": "Eagle Mountain",
        "Description_detailed": "Any Residential",
        "Acres": null,
        "Unit_Rate": null,
        "CityName": null,
        "AdoptedDate": null,
        "Slope_Score": 10,
        "GP_Score": 8,
        "Utilities_Score": 10,
        "Wetlands_Score": 10,
        "Soil_Score": 10,
        "Ownership_Score": 10,
        "Ownership_Type": "Private",
        "Utility_Proximity_Status": "Within 1/8 Mile",
        "Final_Score": 9.5,
        "ELEV_CHANGE": 54.84593684570336,
        "SLOPE": 0.8456425736552882,
        "Join_Count_12": 1,
        "TARGET_FID_12": 50374,
        "Shape_Length_12": null,
        "Shape_Area_12": null,
        "OBJECTID_1_12": null,
        "Join_Count_12_13": null,
        "TARGET_FID_12_13": null,
        "Id": 2073,
        "gridcode": 1,
        "ClassName": "Not Hydric",
        "Shape_Length_12_13": null,
        "Shape_Area_12_13": null,
        "SITE_HOUSE_NUM": "5499",
        "SITE_PRE_DIR": "N",
        "SITE_STREET_NAME": "BECKMAN",
        "SITE_STREET_TYPE": "LN",
        "SITE_POST_DIR": null,
        "SITE_STREET_UNIT": null,
        "SITE_CITY": "EAGLE MOUNTAIN",
        "SITE_STATE": "UT",
        "SITE_ZIP5": "84005",
        "OWN_STREET_ADDRESS": "2855 S STATE ST",
        "OWN_CITY": "PROVO",
        "OWN_STATE": "UT",
        "OWN_ZIP5": "84606",
        "VESTING_DOC": "80249-2023",
        "PARCEL_CREATE_DATE": 1749686400000,
        "MAP_FILING_NO": "19756 ",
        "SUB_NAME": "BRYLEE NORTH, PLAT A",
        "LEGAL_DESCR": "LOT 8, PLAT A, BRYLEE NORTH SUB AREA 1.370 AC.",
        "BOOK_PAGE": 35876,
        "LOT": "8",
        "BUILDING": null,
        "UNIT": null,
        "TAX_DISTRICT": "038",
        "TAX_DISTRICT_DESCR": "EAGLE MOUNTAIN",
        "SCHOOL_DISTRICT": "ALPINE",
        "TAXABLE_CODE": 100,
        "ACCOUNT_TYPE": null,
        "NEIGHBORHOOD": "9999",
        "NBHD_DISTRICT": null,
        "LAND_DISTRICT": 9999,
        "ECONOMIC_UNIT": null,
        "GLA_WEIGHTED_YRBLT": null,
        "TOTAL_ABOVE_GRADE_AREA": null,
        "TOTAL_MEZZANINE": null,
        "TOTAL_BASEMENT": null,
        "TOTAL_BSMT_FINISH": null,
        "TOTAL_UNIT_COUNT": null,
        "TOTAL_IMP_COUNT": null,
        "MKT_LAND_RES": 0,
        "MKT_LAND_AGR": 0,
        "MKT_LAND_COM": 0,
        "MKT_IMP_VALUE": 0,
        "MKT_IMP_RES": 0,
        "MKT_IMP_AGR": 0,
        "MKT_IMP_COM": 0,
        "TXBL_CUR_VALUE": 0,
        "TXBL_PRV_VAL": 0,
        "TXBL_VAL_YR_CHG": 0,
        "TXBL_PCT_CHG": 0,
        "TOT_CUR_TAXES": 0,
        "TOT_PRV_TAXES": 0,
        "TAXES_YR_CHG": 0,
        "TAXES_PCT_CHG": 0,
        "GREENBELT": null,
        "EXEMPT_RES": "UNK",
        "COMMON_AREA": null,
        "PUBLIC_ROAD": null,
        "PRIVATE_ROAD": null,
        "PART_CENTRAL_ASSD": null,
        "PART_TAXABLE": null,
        "IMP_NO_RES": null,
        "COST_GROUP_RES": null,
        "STYLE_DESCR_RES": null,
        "QUALITY_RES": null,
        "QUALITY_DESCR_RES": null,
        "CONDITION_RES": null,
        "CONDITION_DESCR_RES": null,
        "YEARBLT_RES": null,
        "GLA_RES": null,
        "BASEMENT_RES": null,
        "BSMT_FINISH_RES": null,
        "ATT_GARAGE_SQFT_RES": null,
        "BATHROOMS_RES": null,
        "GLA_BEDROOMS_RES": null,
        "EXTERIOR_RES": null,
        "ALLOCATION_PCT_RES": null,
        "TRAV_COUNT": null,
        "LASTUPDATE": null,
        "CREATED_DATE": 1749744872000,
        "LAST_EDITED_DATE": 1749744872000,
        "ChangeType": "Added",
        "Previous_Owner": null,
        "Shape_Length_12_13_14": 1040.3968037612585,
        "Shape_Area_12_13_14": 59666.705701861494,
        "Shape_Length": 0.006328059169918302,
        "Shape_Area": 2.042309745424064e-06
      }
    },
    {
      "type": "Feature",
      "id": 45,
      "geometry": {
        "type": "Polygon",
        "coordinates": [
          [
            [
              -112.08111238599997,
              40.29398443200006
            ],
            [
              -112.08111293599995,
              40.29398356300004
            ],
            [
              -112.08121174299998,
              40.293707391000055
            ],
            [
              -112.08123021199998,
              40.293652965000035
            ],
            [
              -112.08123995274912,
              40.2936284324567
            ],
            [
              -112.08125203799995,
              40.29360496600003
            ],
            [
              -112.08128802016137,
              40.29353720278423
            ],
            [
              -112.08131777699577,
              40.29346648432721
            ],
            [
              -112.08134106844875,
              40.29339338112909
            ],
            [
              -112.08135770662344,
              40.29331848292818
            ],
            [
              -112.08136755729629,
              40.29324239394342
            ],
            [
              -112.08137054099996,
              40.293165728000076
            ],
            [
              -112.08137024999996,
              40.29314168900004
            ],
            [
              -112.08136490002043,
              40.29303341248313
            ],
            [
              -112.08135267449008,
              40.29292569543341
            ],
            [
              -112.08133362291072,
              40.29281897400296
            ],
            [
              -112.08130782242321,
              40.29271368031256
            ],
            [
              -112.08127537749513,
              40.29261024070198
            ],
            [
              -112.08123641949771,
              40.29250907400375
            ],
            [
              -112.08119110617397,
              40.292410589847236
            ],
            [
              -112.08113962099998,
              40.29231518700004
            ],
            [
              -112.08106696499999,
              40.29218777400007
            ],
            [
              -112.08103918225757,
              40.29212708386884
            ],
            [
              -112.08101761994266,
              40.29206391552725
            ],
            [
              -112.08100249505057,
              40.291998904678586
            ],
            [
              -112.08099395979275,
              40.29193270556849
            ],
            [
              -112.08099210006493,
              40.29186598440081
            ],
            [
              -112.08099693458274,
              40.2917994126332
            ],
            [
              -112.08100841469336,
              40.29173366021983
            ],
            [
              -112.08102642486509,
              40.29166938886915
            ],
            [
              -112.0810507838501,
              40.29160724538475
            ],
            [
              -112.0810812465084,
              40.291547855156146
            ],
            [
              -112.08111750627482,
              40.29149181586507
            ],
            [
              -112.08115919824421,
              40.291439691470664
            ],
            [
              -112.08120590284369,
              40.291392006533925
            ],
            [
              -112.0812571500551,
              40.2913492409388
            ],
            [
              -112.08131242414507,
              40.291311825062735
            ],
            [
              -112.08137116885518,
              40.29128013544555
            ],
            [
              -112.08143279299998,
              40.291254491000075
            ],
            [
              -112.08178973399998,
              40.29107701400005
            ],
            [
              -112.0817950591489,
              40.29107469354018
            ],
            [
              -112.08179993925015,
              40.29107154292805
            ],
            [
              -112.0818042459842,
              40.291067645007224
            ],
            [
              -112.08180786610792,
              40.29106310227135
            ],
            [
              -112.08181070443219,
              40.291058034169104
            ],
            [
              -112.08181268632487,
              40.29105257396339
            ],
            [
              -112.08181375967318,
              40.291046865227244
            ],
            [
              -112.08181389625406,
              40.29104105806867
            ],
            [
              -112.08181309247618,
              40.29103530518365
            ],
            [
              -112.08181136947444,
              40.291029757841045
            ],
            [
              -112.08180877255418,
              40.29102456190511
            ],
            [
              -112.08180536999998,
              40.29101985400007
            ],
            [
              -112.08165826399994,
              40.29084863800006
            ],
            [
              -112.07870778299997,
              40.29083813300008
            ],
            [
              -112.07870647199996,
              40.29106127600005
            ],
            [
              -112.07798970599998,
              40.29105891300003
            ],
            [
              -112.07799101599994,
              40.290836401000035
            ],
            [
              -112.07770896899996,
              40.290835464000054
            ],
            [
              -112.07757800884366,
              40.29095344448652
            ],
            [
              -112.07745181703326,
              40.29107651188559
            ],
            [
              -112.07733059101558,
              40.29120447363909
            ],
            [
              -112.07721452046763,
              40.29133712953087
            ],
            [
              -112.07710378699994,
              40.29147427200007
            ],
            [
              -112.07666770899999,
              40.292039705000036
            ],
            [
              -112.08046957899995,
              40.29376045200007
            ],
            [
              -112.0805948472426,
              40.29381419232148
            ],
            [
              -112.08072191856864,
              40.29386351810435
            ],
            [
              -112.08085063746228,
              40.29390836898151
            ],
            [
              -112.0809808463913,
              40.29394869006235
            ],
            [
              -112.08111238599997,
              40.29398443200006
            ]
          ]
        ]
      },
      "properties": {
        "OBJECTID": 45,
        "Join_Count": 1,
        "TARGET_FID": 1444,
        "PARCEL_NO": 590480107,
        "PARCELID": "590480107",
        "PARCELID_LABEL": "59:048:0107",
        "OWNER_NAME": "OQUIRRH WOOD RANCH LLC",
        "CARE_NAME": null,
        "ACREAGE": 22.230261,
        "SITE_FULL_ADDRESS": "EAGLE MOUNTAIN, UT",
        "OWN_FULL_ADDRESS": "14034 S 145 E STE 204  DRAPER, UT 84020",
        "PROP_TYPE": 900,
        "PROP_TYPE_DESCR": "VACANT",
        "SPECIFIC_PROP_TYPE": 901,
        "SPC_PROP_TYP_DESCR": "Vac Res",
        "ASMT_YEAR": 2026,
        "ASMT_CODE": "V",
        "ASMT_CODE_DESCR": "VACANT",
        "MKT_LAND_VALUE": 1050400,
        "MKT_CUR_VALUE": 1050400,
        "MKT_PRV_VAL": 1050400,
        "MKT_VAL_YR_CHG": 0,
        "MKT_PCT_CHG": 0,
        "GLOBALID": "{431A0900-BAE7-4820-B14C-46D9C0784A32}",
        "Code": null,
        "Description": "Mixed Use",
        "City": "Eagle Mountain",
        "Description_detailed": "Mixed Use",
        "Acres": null,
        "Unit_Rate": null,
        "CityName": null,
        "AdoptedDate": null,
        "Slope_Score": 10,
        "GP_Score": 7,
        "Utilities_Score": 10,
        "Wetlands_Score": 10,
        "Soil_Score": 10,
        "Ownership_Score": 5,
        "Ownership_Type": "Business",
        "Utility_Proximity_Status": "Within 1/8 Mile",
        "Final_Score": 8.5,
        "ELEV_CHANGE": 27.912771562499984,
        "SLOPE": 0.262257584559601,
        "Join_Count_12": 1,
        "TARGET_FID_12": 50801,
        "Shape_Length_12": null,
        "Shape_Area_12": null,
        "OBJECTID_1_12": null,
        "Join_Count_12_13": null,
        "TARGET_FID_12_13": null,
        "Id": 2073,
        "gridcode": 1,
        "ClassName": "Not Hydric",
        "Shape_Length_12_13": null,
        "Shape_Area_12_13": null,
        "SITE_HOUSE_NUM": null,
        "SITE_PRE_DIR": null,
        "SITE_STREET_NAME": null,
        "SITE_STREET_TYPE": null,
        "SITE_POST_DIR": null,
        "SITE_STREET_UNIT": null,
        "SITE_CITY": null,
        "SITE_STATE": null,
        "SITE_ZIP5": "84013",
        "OWN_STREET_ADDRESS": "14034 S 145 E STE 204",
        "OWN_CITY": "DRAPER",
        "OWN_STATE": "UT",
        "OWN_ZIP5": "84020",
        "VESTING_DOC": "98519-2008",
        "PARCEL_CREATE_DATE": 1750204800000,
        "MAP_FILING_NO": null,
        "SUB_NAME": null,
        "LEGAL_DESCR": "COM S 0 DEG 1' 19\" W 1.68 FT & S 89 DEG 58' 41\" E 144.67 FT FR SE COR. SEC. 17, T6S, R2W, SLB&M.; S 89 DEG 21' 43\" E 823.39 FT; S 0 DEG 38' 51\" W 119.01 FT; S 89 DEG 21' 37\" E 163.79 FT; ALONG A CURVE TO R (CHORD BEARS: S 50 DEG 52' 48\" W 157.11 FT, RADIUS = 1529.5 FT); S 53 DEG 49' 28\" W 47.33 FT; S 53 DEG 49' 27\" W 330.2 FT; ALONG A CURVE TO R (CHORD BEARS: S 57 DEG 2' 13\" W 187.6 FT, RADIUS = 1673.5 FT); S 60 DEG 15' 3\" W 16.62 FT; N 29 DEG 44' 59\" W 58.96 FT; S 60 DEG 15' 4\" W 4.19 FT; ALONG A CURVE TO R (CHORD BEARS: N 76 DEG 20' 57\" W 20.61 FT, RADIUS = 15 FT); N 32 DEG 56' 51\" W 244.27 FT; N 36 DEG 18' 18\" W 68.3 FT; N 32 DEG 56' 50\" W 28.36 FT; S 56 DEG 59' 53\" W .2 FT; N 32 DEG 56' 51\" W 267.59 FT; N 27 DEG 58' 48\" E .07 FT TO BEG. AREA 6.949 AC.",
        "BOOK_PAGE": 59053,
        "LOT": null,
        "BUILDING": null,
        "UNIT": null,
        "TAX_DISTRICT": "506",
        "TAX_DISTRICT_DESCR": "EAGLE MTN W/POLE CYN & FF PID 1",
        "SCHOOL_DISTRICT": "NEBO",
        "TAXABLE_CODE": 100,
        "ACCOUNT_TYPE": "RESIDENTIAL",
        "NEIGHBORHOOD": "103",
        "NBHD_DISTRICT": "152",
        "LAND_DISTRICT": 1509,
        "ECONOMIC_UNIT": null,
        "GLA_WEIGHTED_YRBLT": null,
        "TOTAL_ABOVE_GRADE_AREA": null,
        "TOTAL_MEZZANINE": null,
        "TOTAL_BASEMENT": null,
        "TOTAL_BSMT_FINISH": null,
        "TOTAL_UNIT_COUNT": null,
        "TOTAL_IMP_COUNT": null,
        "MKT_LAND_RES": 0,
        "MKT_LAND_AGR": 423300,
        "MKT_LAND_COM": 0,
        "MKT_IMP_VALUE": 0,
        "MKT_IMP_RES": 0,
        "MKT_IMP_AGR": 0,
        "MKT_IMP_COM": 0,
        "TXBL_CUR_VALUE": 423300,
        "TXBL_PRV_VAL": 0,
        "TXBL_VAL_YR_CHG": 423300,
        "TXBL_PCT_CHG": 0,
        "TOT_CUR_TAXES": 0,
        "TOT_PRV_TAXES": 0,
        "TAXES_YR_CHG": 0,
        "TAXES_PCT_CHG": 0,
        "GREENBELT": null,
        "EXEMPT_RES": "N",
        "COMMON_AREA": null,
        "PUBLIC_ROAD": null,
        "PRIVATE_ROAD": null,
        "PART_CENTRAL_ASSD": null,
        "PART_TAXABLE": null,
        "IMP_NO_RES": null,
        "COST_GROUP_RES": null,
        "STYLE_DESCR_RES": null,
        "QUALITY_RES": null,
        "QUALITY_DESCR_RES": null,
        "CONDITION_RES": null,
        "CONDITION_DESCR_RES": null,
        "YEARBLT_RES": null,
        "GLA_RES": null,
        "BASEMENT_RES": null,
        "BSMT_FINISH_RES": null,
        "ATT_GARAGE_SQFT_RES": null,
        "BATHROOMS_RES": null,
        "GLA_BEDROOMS_RES": null,
        "EXTERIOR_RES": null,
        "ALLOCATION_PCT_RES": null,
        "TRAV_COUNT": null,
        "LASTUPDATE": null,
        "CREATED_DATE": 1750242989000,
        "LAST_EDITED_DATE": 1750242989000,
        "ChangeType": "Added",
        "Previous_Owner": null,
        "Shape_Length_12_13_14": 2539.159610329771,
        "Shape_Area_12_13_14": 301397.38551673724,
        "Shape_Length": 0.014577740257230397,
        "Shape_Area": 9.53003867554519e-06
      }
    },
    {
      "type": "Feature",
      "id": 46,
      "geometry": {
        "type": "Polygon",
        "coordinates": [
          [
            [
              -112.07666772399995,
              40.292039715000044
            ],
            [
              -112.07666772299996,
              40.29203973600005
            ],
            [
              -112.07710380099996,
              40.29147430300003
            ],
            [
              -112.07721421250413,
              40.29133754032615
            ],
            [
              -112.07732993263477,
              40.29120523922794
            ],
            [
              -112.07745078127527,
              40.29107760563006
            ],
            [
              -112.07757657032657,
              40.29095483819222
            ],
            [
              -112.07770710399996,
              40.29083712800008
            ],
            [
              -112.07770899799999,
              40.290835480000055
            ],
            [
              -112.07387786199996,
              40.29082269000003
            ],
            [
              -112.0740128098886,
              40.29086629565156
            ],
            [
              -112.0741463050172,
              40.29091416459908
            ],
            [
              -112.0742782127369,
              40.29096624855994
            ],
            [
              -112.07440839999998,
              40.29102249500005
            ],
            [
              -112.07663716799999,
              40.292031347000034
            ],
            [
              -112.07664282599995,
              40.292028446000074
            ],
            [
              -112.07666772399995,
              40.292039715000044
            ]
          ]
        ]
      },
      "properties": {
        "OBJECTID": 46,
        "Join_Count": 1,
        "TARGET_FID": 1445,
        "PARCEL_NO": 590480108,
        "PARCELID": "590480108",
        "PARCELID_LABEL": "59:048:0108",
        "OWNER_NAME": "OQUIRRH WOOD RANCH LLC",
        "CARE_NAME": null,
        "ACREAGE": 5.18081,
        "SITE_FULL_ADDRESS": "EAGLE MOUNTAIN, UT",
        "OWN_FULL_ADDRESS": "14034 S 145 E STE 204  DRAPER, UT 84020",
        "PROP_TYPE": 900,
        "PROP_TYPE_DESCR": "VACANT",
        "SPECIFIC_PROP_TYPE": 901,
        "SPC_PROP_TYP_DESCR": "Vac Res",
        "ASMT_YEAR": 2026,
        "ASMT_CODE": "V",
        "ASMT_CODE_DESCR": "VACANT",
        "MKT_LAND_VALUE": 244800,
        "MKT_CUR_VALUE": 244800,
        "MKT_PRV_VAL": 244800,
        "MKT_VAL_YR_CHG": 0,
        "MKT_PCT_CHG": 0,
        "GLOBALID": "{95EF445A-5FEF-4023-AF66-8B812223B353}",
        "Code": null,
        "Description": "Mixed Use",
        "City": "Eagle Mountain",
        "Description_detailed": "Mixed Use",
        "Acres": null,
        "Unit_Rate": null,
        "CityName": null,
        "AdoptedDate": null,
        "Slope_Score": 10,
        "GP_Score": 7,
        "Utilities_Score": 10,
        "Wetlands_Score": 10,
        "Soil_Score": 10,
        "Ownership_Score": 5,
        "Ownership_Type": "Business",
        "Utility_Proximity_Status": "Within 1/8 Mile",
        "Final_Score": 8.5,
        "ELEV_CHANGE": 0.9359525244144606,
        "SLOPE": 0.013731362475370969,
        "Join_Count_12": 1,
        "TARGET_FID_12": 50802,
        "Shape_Length_12": null,
        "Shape_Area_12": null,
        "OBJECTID_1_12": null,
        "Join_Count_12_13": null,
        "TARGET_FID_12_13": null,
        "Id": 2073,
        "gridcode": 1,
        "ClassName": "Not Hydric",
        "Shape_Length_12_13": null,
        "Shape_Area_12_13": null,
        "SITE_HOUSE_NUM": null,
        "SITE_PRE_DIR": null,
        "SITE_STREET_NAME": null,
        "SITE_STREET_TYPE": null,
        "SITE_POST_DIR": null,
        "SITE_STREET_UNIT": null,
        "SITE_CITY": null,
        "SITE_STATE": null,
        "SITE_ZIP5": "84013",
        "OWN_STREET_ADDRESS": "14034 S 145 E STE 204",
        "OWN_CITY": "DRAPER",
        "OWN_STATE": "UT",
        "OWN_ZIP5": "84020",
        "VESTING_DOC": "98519-2008",
        "PARCEL_CREATE_DATE": 1750204800000,
        "MAP_FILING_NO": null,
        "SUB_NAME": null,
        "LEGAL_DESCR": "COM S 0 DEG 1' 19\" W 13.541 FT & S 89 DEG 58' 41\" E 1247.46 FT FR SE COR. SEC. 17, T6S, R2W, SLB&M.; S 89 DEG 21' 43\" E 1067.82 FT; ALONG A CURVE TO L (CHORD BEARS: S 74 DEG 49' 53\" E 263.26 FT, RADIUS = 1076.88 FT); N 0 DEG 37' 30\" W 65.99 FT; S 89 DEG 39' 15\" E 1383.03 FT; S 0 DEG 7' 26\" E 2655.65 FT; N 89 DEG 39' 48\" W 1359.67 FT; S 0 DEG 37' 47\" E 1243.93 FT; S 87 DEG 12' 10\" E 1001.36 FT; S 51 DEG 20' 7\" E 28 FT; S 38 DEG 39' 51\" W 123.17 FT; N 51 DEG 20' 12\" W 28 FT; N 87 DEG 12' 10\" W 923.38 FT; S 0 DEG 37' 27\" E 543.45 FT; N 88 DEG 30' 3\" W 433.73 FT; S 1 DEG 31' 1\" W 100 FT; N 88 DEG 30' 22\" W 2226.7 FT; N 0 DEG 24' 7\" E 1933.39 FT; N 0 DEG 38' 49\" E 1683.3 FT; ALONG A CURVE TO R (CHORD BEARS: N 45 DEG 31' 4\" E 330.53 FT, RADIUS = 1370.5 FT); N 56 DEG 49' 50\" E 98.56 FT; ALONG A CURVE TO R (CHORD BEARS: N 58 DEG 24' 33\" E 87.81 FT, RADIUS = 1593.78 FT); N 60 DEG 15' 0\" E 84.23 FT; ALONG A CURVE TO R (CHORD BEARS: S 76 DEG 20' 52\" E 20.61 FT, RADIUS = 15 FT); S 32 DEG 56' 45\" E 5.08 FT; N 57 DEG 3' 10\" E 61 FT; ALONG A CURVE TO R (CHORD BEARS: N 13 DEG 39' 8\" E 21.8 FT, RADIUS = 15 FT); N 29 DEG 44' 55\" W 4.12 FT; N 60 DEG 13' 45\" E 16.58 FT; ALONG A CURVE TO L (CHORD BEARS: N 57 DEG 2' 14\" E 187.6 FT, RADIUS = 1673.5 FT); N 53 DEG 49' 27\" E 330.2 FT; S 1 DEG 38' 17\" E 942.79 FT; S 89 DEG 21' 38\" E 200 FT; S 0 DEG 38' 50\" W 200 FT; N 89 DEG 21' 38\" W 200 FT; N 0 DEG 38' 50\" E 200 FT; N 1 DEG 38' 17\" W 942.79 FT; N 53 DEG 49' 27\" E 47.33 FT; ALONG A CURVE TO L (CHORD BEARS: N 50 DEG 52' 48\" E 157.11 FT, RADIUS = 1529.5 FT); S 89 DEG 21' 35\" E 36.21 FT; N 0 DEG 38' 52\" E 34.54 FT; ALONG A CURVE TO L (CHORD BEARS: N 43 DEG 53' 17\" E 115.99 FT, RADIUS = 1529.49 FT); S 51 DEG 48' 22\" E .1 FT TO BEG. AREA 347.345 AC.",
        "BOOK_PAGE": 59053,
        "LOT": null,
        "BUILDING": null,
        "UNIT": null,
        "TAX_DISTRICT": "053",
        "TAX_DISTRICT_DESCR": "EAGLE MOUNTAIN W/POLE CANYON DIST",
        "SCHOOL_DISTRICT": "ALPINE",
        "TAXABLE_CODE": 100,
        "ACCOUNT_TYPE": "RESIDENTIAL",
        "NEIGHBORHOOD": "103",
        "NBHD_DISTRICT": "152",
        "LAND_DISTRICT": 1509,
        "ECONOMIC_UNIT": null,
        "GLA_WEIGHTED_YRBLT": null,
        "TOTAL_ABOVE_GRADE_AREA": null,
        "TOTAL_MEZZANINE": null,
        "TOTAL_BASEMENT": null,
        "TOTAL_BSMT_FINISH": null,
        "TOTAL_UNIT_COUNT": null,
        "TOTAL_IMP_COUNT": null,
        "MKT_LAND_RES": 0,
        "MKT_LAND_AGR": 16394900,
        "MKT_LAND_COM": 0,
        "MKT_IMP_VALUE": 0,
        "MKT_IMP_RES": 0,
        "MKT_IMP_AGR": 0,
        "MKT_IMP_COM": 0,
        "TXBL_CUR_VALUE": 16394900,
        "TXBL_PRV_VAL": 0,
        "TXBL_VAL_YR_CHG": 16394900,
        "TXBL_PCT_CHG": 0,
        "TOT_CUR_TAXES": 0,
        "TOT_PRV_TAXES": 0,
        "TAXES_YR_CHG": 0,
        "TAXES_PCT_CHG": 0,
        "GREENBELT": null,
        "EXEMPT_RES": "N",
        "COMMON_AREA": null,
        "PUBLIC_ROAD": null,
        "PRIVATE_ROAD": null,
        "PART_CENTRAL_ASSD": null,
        "PART_TAXABLE": null,
        "IMP_NO_RES": null,
        "COST_GROUP_RES": null,
        "STYLE_DESCR_RES": null,
        "QUALITY_RES": null,
        "QUALITY_DESCR_RES": null,
        "CONDITION_RES": null,
        "CONDITION_DESCR_RES": null,
        "YEARBLT_RES": null,
        "GLA_RES": null,
        "BASEMENT_RES": null,
        "BSMT_FINISH_RES": null,
        "ATT_GARAGE_SQFT_RES": null,
        "BATHROOMS_RES": null,
        "GLA_BEDROOMS_RES": null,
        "EXTERIOR_RES": null,
        "ALLOCATION_PCT_RES": null,
        "TRAV_COUNT": null,
        "LASTUPDATE": null,
        "CREATED_DATE": 1750242989000,
        "LAST_EDITED_DATE": 1750242989000,
        "ChangeType": "Added",
        "Previous_Owner": null,
        "Shape_Length_12_13_14": 19504.15908741381,
        "Shape_Area_12_13_14": 15128280.65096009,
        "Shape_Length": 0.008474097466131689,
        "Shape_Area": 2.2273627541385156e-06
      }
    },
    {
      "type": "Feature",
      "id": 47,
      "geometry": {
        "type": "MultiPolygon",
        "coordinates": [
          [
            [
              [
                -112.03204058199998,
                40.322727557000064
              ],
              [
                -112.03131656999994,
                40.322730851000074
              ],
              [
                -112.03131840199995,
                40.32296694400003
              ],
              [
                -112.03149767599996,
                40.322966129000065
              ],
              [
                -112.03150466399995,
                40.323866260000045
              ],
              [
                -112.03100097099997,
                40.32386855000004
              ],
              [
                -112.03100279999995,
                40.324104368000064
              ],
              [
                -112.03165174499998,
                40.324101417000065
              ],
              [
                -112.03164991199998,
                40.32386540600004
              ],
              [
                -112.03222011699995,
                40.323862811000026
              ],
              [
                -112.03221311899995,
                40.322962680000046
              ],
              [
                -112.03204241499998,
                40.32296345700007
              ],
              [
                -112.03204058199998,
                40.322727557000064
              ]
            ]
          ],
          [
            [
              [
                -112.03204058099999,
                40.322727447000034
              ],
              [
                -112.03204058199998,
                40.322727557000064
              ],
              [
                -112.03204065299997,
                40.322727557000064
              ],
              [
                -112.03204058099999,
                40.322727447000034
              ]
            ]
          ]
        ]
      },
      "properties": {
        "OBJECTID": 47,
        "Join_Count": 1,
        "TARGET_FID": 1449,
        "PARCEL_NO": 590340152,
        "PARCELID": "590340152",
        "PARCELID_LABEL": "59:034:0152",
        "OWNER_NAME": "BRYLEE ESTATES DEVELOPMENT INC",
        "CARE_NAME": null,
        "ACREAGE": 2.2570829999999997,
        "SITE_FULL_ADDRESS": null,
        "OWN_FULL_ADDRESS": "PO BOX 871  LEHI, UT 84043",
        "PROP_TYPE": 900,
        "PROP_TYPE_DESCR": "VACANT",
        "SPECIFIC_PROP_TYPE": 901,
        "SPC_PROP_TYP_DESCR": "Vac Res",
        "ASMT_YEAR": 2026,
        "ASMT_CODE": "V",
        "ASMT_CODE_DESCR": "VACANT",
        "MKT_LAND_VALUE": 249300,
        "MKT_CUR_VALUE": 249300,
        "MKT_PRV_VAL": 249300,
        "MKT_VAL_YR_CHG": 0,
        "MKT_PCT_CHG": 0,
        "GLOBALID": "{2580A8E0-AB4A-4FED-89BC-AAD1D6128919}",
        "Code": null,
        "Description": "Medium Density Residential",
        "City": "Eagle Mountain",
        "Description_detailed": "Any Residential",
        "Acres": null,
        "Unit_Rate": null,
        "CityName": null,
        "AdoptedDate": null,
        "Slope_Score": 10,
        "GP_Score": 8,
        "Utilities_Score": 10,
        "Wetlands_Score": 10,
        "Soil_Score": 10,
        "Ownership_Score": 5,
        "Ownership_Type": "Business",
        "Utility_Proximity_Status": "Within 1/8 Mile",
        "Final_Score": 8.75,
        "ELEV_CHANGE": 54.84593684570336,
        "SLOPE": 0.8456425736552882,
        "Join_Count_12": 1,
        "TARGET_FID_12": 51088,
        "Shape_Length_12": null,
        "Shape_Area_12": null,
        "OBJECTID_1_12": null,
        "Join_Count_12_13": null,
        "TARGET_FID_12_13": null,
        "Id": 2073,
        "gridcode": 1,
        "ClassName": "Not Hydric",
        "Shape_Length_12_13": null,
        "Shape_Area_12_13": null,
        "SITE_HOUSE_NUM": null,
        "SITE_PRE_DIR": null,
        "SITE_STREET_NAME": null,
        "SITE_STREET_TYPE": null,
        "SITE_POST_DIR": null,
        "SITE_STREET_UNIT": null,
        "SITE_CITY": null,
        "SITE_STATE": null,
        "SITE_ZIP5": "84005",
        "OWN_STREET_ADDRESS": "9089 S 1300 W # 100",
        "OWN_CITY": "WEST JORDAN",
        "OWN_STATE": "UT",
        "OWN_ZIP5": "84088",
        "VESTING_DOC": "127877-2021",
        "PARCEL_CREATE_DATE": 1750204800000,
        "MAP_FILING_NO": "17812 ",
        "SUB_NAME": "TOWNS AT BRYLEE FARMS THE PHASE B, PLAT 2",
        "LEGAL_DESCR": "PART PARCEL D, COMMON AREA, PLAT 2, THE TOWNS AT BRYLEE FARMS, PHASE B SUB DESCRIBED AS FOLLOWS; COM N 1361.71 FT & E 822.16 FT FR S 1/4 COR. SEC. 2, T6S, R2W, SLB&M.; S 89 DEG 59' 58\" E 76 FT; S 5 FT; S 33 DEG 41' 23\" W 18.03 FT; N 5 FT; W 19.93 FT; W 16.23 FT; S 0 FT; W 1.83 FT; S 26 FT; S 26 FT; S 26 FT; S 26 FT; E 1.83 FT; E 16.23 FT; E 19.93 FT; S 0 DEG 0' 20\" E 25.08 FT; W 6.33 FT; W 13.6 FT; N 5 FT; W 16.23 FT; S 26 FT; S 26 FT; S 26 FT; S 26 FT; E 16.23 FT; N 5 FT; E 13.6 FT; E 6.33 FT; S 63 DEG 37' 33\" E 22.32 FT; ALONG A CURVE TO R (CHORD BEARS: S 45 DEG 0' 0\" W 14.14 FT, RADIUS = 10 FT); S 89 DEG 59' 58\" W 76 FT; N 258 FT TO BEG. AREA 0.228 AC. ALSO PART PARCEL D, COMMON AREA, PLAT 2, THE TOWNS AT BRYLEE FARMS, PHASE B SUB DESCRIBED AS FOLLOWS; COM N 1356.71 FT & E 898.16 FT FR S 1/4 COR. SEC. 2, T6S, R2W, SLB&M.; ALONG A CURVE TO R (CHORD BEARS: S 45 DEG 0' 0\" E 14.14 FT, RADIUS = 10 FT); S 5 FT; S 218.08 FT; S 9.92 FT; N 63 DEG 37' 33\" W 22.32 FT; N 21 FT; N 5 FT; N 21 FT; N 21 FT; N 5 FT; N 21 FT; N 0 DEG 0' 20\" W 30.08 FT; N 21 FT; N 5 FT; N 21 FT; N 21 FT; N 5 FT; N 21 FT; N 33 DEG 41' 23\" E 18.03 FT TO BEG. AREA 0.107 AC. TOTAL AREA .335 AC.",
        "BOOK_PAGE": 53622,
        "LOT": null,
        "BUILDING": null,
        "UNIT": null,
        "TAX_DISTRICT": "038",
        "TAX_DISTRICT_DESCR": "EAGLE MOUNTAIN",
        "SCHOOL_DISTRICT": "ALPINE",
        "TAXABLE_CODE": 100,
        "ACCOUNT_TYPE": null,
        "NEIGHBORHOOD": "9999",
        "NBHD_DISTRICT": null,
        "LAND_DISTRICT": 9999,
        "ECONOMIC_UNIT": null,
        "GLA_WEIGHTED_YRBLT": null,
        "TOTAL_ABOVE_GRADE_AREA": null,
        "TOTAL_MEZZANINE": null,
        "TOTAL_BASEMENT": null,
        "TOTAL_BSMT_FINISH": null,
        "TOTAL_UNIT_COUNT": null,
        "TOTAL_IMP_COUNT": null,
        "MKT_LAND_RES": 0,
        "MKT_LAND_AGR": 0,
        "MKT_LAND_COM": 0,
        "MKT_IMP_VALUE": 0,
        "MKT_IMP_RES": 0,
        "MKT_IMP_AGR": 0,
        "MKT_IMP_COM": 0,
        "TXBL_CUR_VALUE": 0,
        "TXBL_PRV_VAL": 0,
        "TXBL_VAL_YR_CHG": 0,
        "TXBL_PCT_CHG": 0,
        "TOT_CUR_TAXES": 0,
        "TOT_PRV_TAXES": 0,
        "TAXES_YR_CHG": 0,
        "TAXES_PCT_CHG": 0,
        "GREENBELT": null,
        "EXEMPT_RES": "UNK",
        "COMMON_AREA": "Yes",
        "PUBLIC_ROAD": null,
        "PRIVATE_ROAD": null,
        "PART_CENTRAL_ASSD": null,
        "PART_TAXABLE": null,
        "IMP_NO_RES": null,
        "COST_GROUP_RES": null,
        "STYLE_DESCR_RES": null,
        "QUALITY_RES": null,
        "QUALITY_DESCR_RES": null,
        "CONDITION_RES": null,
        "CONDITION_DESCR_RES": null,
        "YEARBLT_RES": null,
        "GLA_RES": null,
        "BASEMENT_RES": null,
        "BSMT_FINISH_RES": null,
        "ATT_GARAGE_SQFT_RES": null,
        "BATHROOMS_RES": null,
        "GLA_BEDROOMS_RES": null,
        "EXTERIOR_RES": null,
        "ALLOCATION_PCT_RES": null,
        "TRAV_COUNT": null,
        "LASTUPDATE": null,
        "CREATED_DATE": 1750257214000,
        "LAST_EDITED_DATE": 1750257214000,
        "ChangeType": "Added",
        "Previous_Owner": null,
        "Shape_Length_12_13_14": 867.1894409635574,
        "Shape_Area_12_13_14": 9912.686049760483,
        "Shape_Length": 0.005541341174079991,
        "Shape_Area": 9.679224909937021e-07
      }
    },
    {
      "type": "Feature",
      "id": 48,
      "geometry": {
        "type": "Polygon",
        "coordinates": [
          [
            [
              -112.07874072799996,
              40.351614561000076
            ],
            [
              -112.07880494599999,
              40.347711427000036
            ],
            [
              -112.07725760799997,
              40.34770133100005
            ],
            [
              -112.07360809399995,
              40.34989219500005
            ],
            [
              -112.07365436899994,
              40.349951186000055
            ],
            [
              -112.07405350099998,
              40.35061825300005
            ],
            [
              -112.073736097,
              40.35147826100007
            ],
            [
              -112.07378946799997,
              40.35163896700004
            ],
            [
              -112.07874072799996,
              40.351614561000076
            ]
          ]
        ]
      },
      "properties": {
        "OBJECTID": 48,
        "Join_Count": 1,
        "TARGET_FID": 1457,
        "PARCEL_NO": 580480127,
        "PARCELID": "580480127",
        "PARCELID_LABEL": "58:048:0127",
        "OWNER_NAME": "BERRY, STEVEN G & STEVEN G (ET AL)",
        "CARE_NAME": null,
        "ACREAGE": 36.905276,
        "SITE_FULL_ADDRESS": "CEDAR FORT, UT",
        "OWN_FULL_ADDRESS": "612 N 75 W  LINDON, UT 84042-1310",
        "PROP_TYPE": 900,
        "PROP_TYPE_DESCR": "VACANT",
        "SPECIFIC_PROP_TYPE": 901,
        "SPC_PROP_TYP_DESCR": "Vac Res",
        "ASMT_YEAR": 2026,
        "ASMT_CODE": "V",
        "ASMT_CODE_DESCR": "VACANT",
        "MKT_LAND_VALUE": 678100,
        "MKT_CUR_VALUE": 678100,
        "MKT_PRV_VAL": 678100,
        "MKT_VAL_YR_CHG": 0,
        "MKT_PCT_CHG": 0,
        "GLOBALID": "{B0A2189C-EF48-49BF-93B1-E9DDF6AEE56A}",
        "Code": null,
        "Description": "Commerical Residential Zone (1/2 Acre)",
        "City": null,
        "Description_detailed": null,
        "Acres": null,
        "Unit_Rate": 0.5,
        "CityName": "Cedar Fort",
        "AdoptedDate": 1599264000000,
        "Slope_Score": 10,
        "GP_Score": 5,
        "Utilities_Score": 5,
        "Wetlands_Score": 10,
        "Soil_Score": 10,
        "Ownership_Score": 10,
        "Ownership_Type": "Private",
        "Utility_Proximity_Status": "Unknown - No Data",
        "Final_Score": 7.5,
        "ELEV_CHANGE": 62.65154861328119,
        "SLOPE": 2.354240293790472,
        "Join_Count_12": 1,
        "TARGET_FID_12": 51409,
        "Shape_Length_12": null,
        "Shape_Area_12": null,
        "OBJECTID_1_12": null,
        "Join_Count_12_13": null,
        "TARGET_FID_12_13": null,
        "Id": 2073,
        "gridcode": 1,
        "ClassName": "Not Hydric",
        "Shape_Length_12_13": null,
        "Shape_Area_12_13": null,
        "SITE_HOUSE_NUM": null,
        "SITE_PRE_DIR": null,
        "SITE_STREET_NAME": null,
        "SITE_STREET_TYPE": null,
        "SITE_POST_DIR": null,
        "SITE_STREET_UNIT": null,
        "SITE_CITY": null,
        "SITE_STATE": null,
        "SITE_ZIP5": null,
        "OWN_STREET_ADDRESS": "PO BOX 321",
        "OWN_CITY": "CEDAR VALLEY",
        "OWN_STATE": "UT",
        "OWN_ZIP5": "84013",
        "VESTING_DOC": "41458-2009 (MORE)",
        "PARCEL_CREATE_DATE": 1752624000000,
        "MAP_FILING_NO": null,
        "SUB_NAME": null,
        "LEGAL_DESCR": "COM N 11.99 FT & E .23 FT FR SE COR. SEC. 29, T5S, R2W, SLB&M.; N 1 DEG 5' 31\" E 1319.42 FT; N 88 DEG 58' 0\" W 854.62 FT; S 0 DEG 58' 37\" W 976.32 FT; N 88 DEG 58' 1\" W 457.67 FT; S 0 DEG 58' 37\" W 328.83 FT; S 43 DEG 56' 9\" E 16.93 FT; S 88 DEG 51' 53\" E 1297.64 FT TO BEG. AREA 29.398 AC.",
        "BOOK_PAGE": 58049,
        "LOT": null,
        "BUILDING": null,
        "UNIT": null,
        "TAX_DISTRICT": "050",
        "TAX_DISTRICT_DESCR": "CEDAR FORT CITY",
        "SCHOOL_DISTRICT": "ALPINE",
        "TAXABLE_CODE": 100,
        "ACCOUNT_TYPE": null,
        "NEIGHBORHOOD": "9999",
        "NBHD_DISTRICT": null,
        "LAND_DISTRICT": 9999,
        "ECONOMIC_UNIT": null,
        "GLA_WEIGHTED_YRBLT": null,
        "TOTAL_ABOVE_GRADE_AREA": null,
        "TOTAL_MEZZANINE": null,
        "TOTAL_BASEMENT": null,
        "TOTAL_BSMT_FINISH": null,
        "TOTAL_UNIT_COUNT": null,
        "TOTAL_IMP_COUNT": null,
        "MKT_LAND_RES": 0,
        "MKT_LAND_AGR": 0,
        "MKT_LAND_COM": 0,
        "MKT_IMP_VALUE": 0,
        "MKT_IMP_RES": 0,
        "MKT_IMP_AGR": 0,
        "MKT_IMP_COM": 0,
        "TXBL_CUR_VALUE": 0,
        "TXBL_PRV_VAL": 0,
        "TXBL_VAL_YR_CHG": 0,
        "TXBL_PCT_CHG": 0,
        "TOT_CUR_TAXES": 0,
        "TOT_PRV_TAXES": 0,
        "TAXES_YR_CHG": 0,
        "TAXES_PCT_CHG": 0,
        "GREENBELT": null,
        "EXEMPT_RES": "UNK",
        "COMMON_AREA": null,
        "PUBLIC_ROAD": null,
        "PRIVATE_ROAD": null,
        "PART_CENTRAL_ASSD": null,
        "PART_TAXABLE": null,
        "IMP_NO_RES": null,
        "COST_GROUP_RES": null,
        "STYLE_DESCR_RES": null,
        "QUALITY_RES": null,
        "QUALITY_DESCR_RES": null,
        "CONDITION_RES": null,
        "CONDITION_DESCR_RES": null,
        "YEARBLT_RES": null,
        "GLA_RES": null,
        "BASEMENT_RES": null,
        "BSMT_FINISH_RES": null,
        "ATT_GARAGE_SQFT_RES": null,
        "BATHROOMS_RES": null,
        "GLA_BEDROOMS_RES": null,
        "EXTERIOR_RES": null,
        "ALLOCATION_PCT_RES": null,
        "TRAV_COUNT": null,
        "LASTUPDATE": null,
        "CREATED_DATE": 1752654252000,
        "LAST_EDITED_DATE": 1752654252000,
        "ChangeType": "Added",
        "Previous_Owner": null,
        "Shape_Length_12_13_14": 5250.015903750595,
        "Shape_Area_12_13_14": 1280591.2089262332,
        "Shape_Length": 0.01659735667057364,
        "Shape_Area": 1.583360759344954e-05
      }
    },
    {
      "type": "Feature",
      "id": 49,
      "geometry": {
        "type": "Polygon",
        "coordinates": [
          [
            [
              -111.92053475799997,
              40.417505134000066
            ],
            [
              -111.92053478699995,
              40.41750515500007
            ],
            [
              -111.92056858599994,
              40.41757996500007
            ],
            [
              -111.92059035499994,
              40.41769532100005
            ],
            [
              -111.92070875599995,
              40.41767559600004
            ],
            [
              -111.92071352799996,
              40.417711885000074
            ],
            [
              -111.92097621699997,
              40.41794082400003
            ],
            [
              -111.92096955799997,
              40.417987088000075
            ],
            [
              -111.92095910098884,
              40.41807168917372
            ],
            [
              -111.92095519640372,
              40.41815684468958
            ],
            [
              -111.9209578674794,
              40.418242047817564
            ],
            [
              -111.92096709832127,
              40.41832679154431
            ],
            [
              -111.92098283399987,
              40.418410571590165
            ],
            [
              -111.92100498087781,
              40.41849288941
            ],
            [
              -111.92103340716693,
              40.41857325515986
            ],
            [
              -111.92106794371253,
              40.41865119061189
            ],
            [
              -111.92110838499997,
              40.41872623200004
            ],
            [
              -111.92114475041382,
              40.4187947490906
            ],
            [
              -111.92117467368331,
              40.41886631467567
            ],
            [
              -111.92119790220252,
              40.41894032461364
            ],
            [
              -111.92121423988118,
              40.4190161541282
            ],
            [
              -111.92122354880004,
              40.41909316308257
            ],
            [
              -111.92122575037517,
              40.419170701383365
            ],
            [
              -111.92122082602134,
              40.41924811446858
            ],
            [
              -111.9212088173089,
              40.419324748833255
            ],
            [
              -111.92118982561288,
              40.41939995754622
            ],
            [
              -111.92116401125718,
              40.41947310571135
            ],
            [
              -111.92113159216113,
              40.419543575827255
            ],
            [
              -111.92109284199995,
              40.419610773000045
            ],
            [
              -111.92105087659422,
              40.4196831162158
            ],
            [
              -111.9210143925303,
              40.41975837277182
            ],
            [
              -111.92098359079475,
              40.419836128088235
            ],
            [
              -111.92095864107085,
              40.41991595381982
            ],
            [
              -111.92093968080384,
              40.41999741021563
            ],
            [
              -111.92092681444365,
              40.4200800485416
            ],
            [
              -111.92092011286962,
              40.420163413552544
            ],
            [
              -111.92091961299997,
              40.42024704600004
            ],
            [
              -111.9209179198698,
              40.4202552756399
            ],
            [
              -111.92091482479327,
              40.42026308679624
            ],
            [
              -111.92091042162109,
              40.420270242614635
            ],
            [
              -111.92090484386883,
              40.4202765261122
            ],
            [
              -111.9208982606683,
              40.42028174675707
            ],
            [
              -111.92089087163914,
              40.42028574624582
            ],
            [
              -111.9208829008358,
              40.42028840330363
            ],
            [
              -111.92087458995361,
              40.42028963736165
            ],
            [
              -111.92086619099996,
              40.420289411000056
            ],
            [
              -111.92043334799996,
              40.420291975000055
            ],
            [
              -111.92043475299994,
              40.42043055600004
            ],
            [
              -111.92488368199997,
              40.42040413600006
            ],
            [
              -111.92483289499995,
              40.420265845000074
            ],
            [
              -111.92130793399997,
              40.420286790000034
            ],
            [
              -111.92129973373126,
              40.42028704271703
            ],
            [
              -111.92129160418054,
              40.420285938779635
            ],
            [
              -111.92128376825032,
              40.4202835084565
            ],
            [
              -111.92127644079244,
              40.42027981838416
            ],
            [
              -111.92126982271701,
              40.42027496973998
            ],
            [
              -111.92126409548372,
              40.42026909546797
            ],
            [
              -111.92125941612645,
              40.420262356633636
            ],
            [
              -111.92125591294754,
              40.42025493800772
            ],
            [
              -111.92125368199999,
              40.420247043000074
            ],
            [
              -111.92125362199994,
              40.420245726000076
            ],
            [
              -111.92125396891464,
              40.42016670014675
            ],
            [
              -111.92126110274278,
              40.42008799618027
            ],
            [
              -111.92127497074966,
              40.42001019589602
            ],
            [
              -111.92129547042023,
              40.4199338744092
            ],
            [
              -111.92132245021683,
              40.41985959590343
            ],
            [
              -111.92135571069944,
              40.419787909460226
            ],
            [
              -111.92139500599995,
              40.41971934500003
            ],
            [
              -111.92143661965052,
              40.41964827962441
            ],
            [
              -111.92147251028965,
              40.41957415914446
            ],
            [
              -111.92150245519309,
              40.41949744352491
            ],
            [
              -111.92152626853368,
              40.41941860883499
            ],
            [
              -111.92154380253447,
              40.419338144294095
            ],
            [
              -111.92155494838586,
              40.4192565492359
            ],
            [
              -111.92155963692073,
              40.419174330009646
            ],
            [
              -111.92155783904376,
              40.419091996837935
            ],
            [
              -111.92154956591189,
              40.41901006065048
            ],
            [
              -111.92153486886518,
              40.41892902991345
            ],
            [
              -111.92151383910816,
              40.41884940747412
            ],
            [
              -111.92148660714385,
              40.41877168744038
            ],
            [
              -111.92145334196391,
              40.41869635211448
            ],
            [
              -111.92141424999994,
              40.418623869000044
            ],
            [
              -111.92137738947993,
              40.41855466716703
            ],
            [
              -111.92134666618415,
              40.418482530694114
            ],
            [
              -111.9213223113904,
              40.4184080026078
            ],
            [
              -111.92130450843587,
              40.4183316439381
            ],
            [
              -111.92129339133704,
              40.41825402949523
            ],
            [
              -111.92128904378085,
              40.41817574354258
            ],
            [
              -111.92129149849465,
              40.41809737539848
            ],
            [
              -111.92130073699997,
              40.418019515000026
            ],
            [
              -111.92130815176104,
              40.41797117847966
            ],
            [
              -111.92131297499998,
              40.41792251500004
            ],
            [
              -111.92166470499996,
              40.41757247000004
            ],
            [
              -111.92393425099999,
              40.417194316000064
            ],
            [
              -111.92383802599994,
              40.41694071000006
            ],
            [
              -111.92157031299996,
              40.417318558000034
            ],
            [
              -111.92109235599997,
              40.417101993000074
            ],
            [
              -111.92078402799996,
              40.41720004700005
            ],
            [
              -111.92068862599996,
              40.41747950000007
            ],
            [
              -111.92053475799997,
              40.417505134000066
            ]
          ]
        ]
      },
      "properties": {
        "OBJECTID": 49,
        "Join_Count": 1,
        "TARGET_FID": 1489,
        "PARCEL_NO": 580210309,
        "PARCELID": "580210309",
        "PARCELID_LABEL": "58:021:0309",
        "OWNER_NAME": "IVORY DEVELOPMENT LLC (ET AL)",
        "CARE_NAME": null,
        "ACREAGE": 6.164071,
        "SITE_FULL_ADDRESS": "LEHI, UT",
        "OWN_FULL_ADDRESS": "978 WOODOAK LN  SALT LAKE CITY, UT 84117",
        "PROP_TYPE": 900,
        "PROP_TYPE_DESCR": "VACANT",
        "SPECIFIC_PROP_TYPE": 901,
        "SPC_PROP_TYP_DESCR": "Vac Res",
        "ASMT_YEAR": 2026,
        "ASMT_CODE": "V",
        "ASMT_CODE_DESCR": "VACANT",
        "MKT_LAND_VALUE": 377600,
        "MKT_CUR_VALUE": 377600,
        "MKT_PRV_VAL": 377600,
        "MKT_VAL_YR_CHG": 0,
        "MKT_PCT_CHG": 0,
        "GLOBALID": "{D2EBF151-C6A7-49DA-A310-1A199A777640}",
        "Code": "HDR",
        "Description": "High Density Residential",
        "City": "Lehi",
        "Description_detailed": null,
        "Acres": 78.197682,
        "Unit_Rate": null,
        "CityName": null,
        "AdoptedDate": null,
        "Slope_Score": 10,
        "GP_Score": 10,
        "Utilities_Score": 5,
        "Wetlands_Score": 10,
        "Soil_Score": 10,
        "Ownership_Score": 5,
        "Ownership_Type": "Business",
        "Utility_Proximity_Status": "Unknown - No Data",
        "Final_Score": 8,
        "ELEV_CHANGE": 118.06898920410185,
        "SLOPE": 4.8378950801575975,
        "Join_Count_12": 1,
        "TARGET_FID_12": 52137,
        "Shape_Length_12": null,
        "Shape_Area_12": null,
        "OBJECTID_1_12": null,
        "Join_Count_12_13": null,
        "TARGET_FID_12_13": null,
        "Id": 2073,
        "gridcode": 1,
        "ClassName": "Not Hydric",
        "Shape_Length_12_13": null,
        "Shape_Area_12_13": null,
        "SITE_HOUSE_NUM": null,
        "SITE_PRE_DIR": null,
        "SITE_STREET_NAME": null,
        "SITE_STREET_TYPE": null,
        "SITE_POST_DIR": null,
        "SITE_STREET_UNIT": null,
        "SITE_CITY": null,
        "SITE_STATE": null,
        "SITE_ZIP5": null,
        "OWN_STREET_ADDRESS": "978 WOODOAK LN",
        "OWN_CITY": "SALT LAKE CITY",
        "OWN_STATE": "UT",
        "OWN_ZIP5": "84117",
        "VESTING_DOC": "61322-2018",
        "PARCEL_CREATE_DATE": 1752192000000,
        "MAP_FILING_NO": null,
        "SUB_NAME": null,
        "LEGAL_DESCR": "COM N 2079.52 FT & W 4062.55 FT FR E 1/4 COR. SEC. 2, T5S, R1W, SLB&M.; ALONG A CURVE TO L (CHORD BEARS: S 17 DEG 19' 50\" E 101.57 FT, RADIUS = 485.2 FT); ALONG A CURVE TO R (CHORD BEARS: S 7 DEG 53' 58\" E 222.48 FT, RADIUS = 416.78 FT); ALONG A CURVE TO L (CHORD BEARS: S 5 DEG 46' 38\" W 35.51 FT, RADIUS = 432.11 FT); S 37 DEG 47' 38\" W 160.83 FT; S 77 DEG 58' 22\" W 646.95 FT; N 15 DEG 54' 2\" W 212.87 FT; N 12 DEG 1' 21\" W 371.72 FT; N 78 DEG 5' 2\" E 148.92 FT; ALONG A CURVE TO R (CHORD BEARS: N 83 DEG 30' 47\" E 34.44 FT, RADIUS = 182 FT); N 88 DEG 56' 32\" E 149.07 FT; S 1 DEG 3' 17\" E .01 FT; N 88 DEG 56' 32\" E 480.91 FT TO BEG. AREA 9.673 AC.",
        "BOOK_PAGE": 58021,
        "LOT": null,
        "BUILDING": null,
        "UNIT": null,
        "TAX_DISTRICT": "011",
        "TAX_DISTRICT_DESCR": "LEHI CITY W/O NUCW",
        "SCHOOL_DISTRICT": "ALPINE",
        "TAXABLE_CODE": 100,
        "ACCOUNT_TYPE": null,
        "NEIGHBORHOOD": "9999",
        "NBHD_DISTRICT": null,
        "LAND_DISTRICT": 9999,
        "ECONOMIC_UNIT": null,
        "GLA_WEIGHTED_YRBLT": null,
        "TOTAL_ABOVE_GRADE_AREA": null,
        "TOTAL_MEZZANINE": null,
        "TOTAL_BASEMENT": null,
        "TOTAL_BSMT_FINISH": null,
        "TOTAL_UNIT_COUNT": null,
        "TOTAL_IMP_COUNT": null,
        "MKT_LAND_RES": 0,
        "MKT_LAND_AGR": 0,
        "MKT_LAND_COM": 0,
        "MKT_IMP_VALUE": 0,
        "MKT_IMP_RES": 0,
        "MKT_IMP_AGR": 0,
        "MKT_IMP_COM": 0,
        "TXBL_CUR_VALUE": 0,
        "TXBL_PRV_VAL": 0,
        "TXBL_VAL_YR_CHG": 0,
        "TXBL_PCT_CHG": 0,
        "TOT_CUR_TAXES": 0,
        "TOT_PRV_TAXES": 0,
        "TAXES_YR_CHG": 0,
        "TAXES_PCT_CHG": 0,
        "GREENBELT": null,
        "EXEMPT_RES": "UNK",
        "COMMON_AREA": null,
        "PUBLIC_ROAD": null,
        "PRIVATE_ROAD": null,
        "PART_CENTRAL_ASSD": null,
        "PART_TAXABLE": null,
        "IMP_NO_RES": null,
        "COST_GROUP_RES": null,
        "STYLE_DESCR_RES": null,
        "QUALITY_RES": null,
        "QUALITY_DESCR_RES": null,
        "CONDITION_RES": null,
        "CONDITION_DESCR_RES": null,
        "YEARBLT_RES": null,
        "GLA_RES": null,
        "BASEMENT_RES": null,
        "BSMT_FINISH_RES": null,
        "ATT_GARAGE_SQFT_RES": null,
        "BATHROOMS_RES": null,
        "GLA_BEDROOMS_RES": null,
        "EXTERIOR_RES": null,
        "ALLOCATION_PCT_RES": null,
        "TRAV_COUNT": null,
        "LASTUPDATE": null,
        "CREATED_DATE": 1752221850000,
        "LAST_EDITED_DATE": 1752221850000,
        "ChangeType": "Added",
        "Previous_Owner": null,
        "Shape_Length_12_13_14": 2567.5206192909277,
        "Shape_Area_12_13_14": 421371.66403991467,
        "Shape_Length": 0.02106157581665876,
        "Shape_Area": 2.647485091134921e-06
      }
    },
    {
      "type": "Feature",
      "id": 50,
      "geometry": {
        "type": "Polygon",
        "coordinates": [
          [
            [
              -112.10010950999998,
              40.33339046000003
            ],
            [
              -112.09806551299994,
              40.33340093100003
            ],
            [
              -112.09807750199997,
              40.33477305800005
            ],
            [
              -112.10010950999998,
              40.33339046000003
            ]
          ]
        ]
      },
      "properties": {
        "OBJECTID": 50,
        "Join_Count": 1,
        "TARGET_FID": 1500,
        "PARCEL_NO": 580490012,
        "PARCELID": "580490012",
        "PARCELID_LABEL": "58:049:0012",
        "OWNER_NAME": "COOK, CALVIN J & JEANINE (ET AL)",
        "CARE_NAME": null,
        "ACREAGE": 3.27134,
        "SITE_FULL_ADDRESS": "CEDAR FORT, UT",
        "OWN_FULL_ADDRESS": "210 N 200 E  CEDAR FORT, UT 84013",
        "PROP_TYPE": 900,
        "PROP_TYPE_DESCR": "VACANT",
        "SPECIFIC_PROP_TYPE": 901,
        "SPC_PROP_TYP_DESCR": "Vac Res",
        "ASMT_YEAR": 2026,
        "ASMT_CODE": "V",
        "ASMT_CODE_DESCR": "VACANT",
        "MKT_LAND_VALUE": 24400,
        "MKT_CUR_VALUE": 24400,
        "MKT_PRV_VAL": 24400,
        "MKT_VAL_YR_CHG": 0,
        "MKT_PCT_CHG": 0,
        "GLOBALID": "{7F4AEE2F-F764-461E-8EAD-F8422CFB9B57}",
        "Code": null,
        "Description": "Commerical Residential Zone (1/2 Acre)",
        "City": null,
        "Description_detailed": null,
        "Acres": null,
        "Unit_Rate": 0.5,
        "CityName": "Cedar Fort",
        "AdoptedDate": 1599264000000,
        "Slope_Score": 10,
        "GP_Score": 5,
        "Utilities_Score": 5,
        "Wetlands_Score": 10,
        "Soil_Score": 10,
        "Ownership_Score": 10,
        "Ownership_Type": "Private",
        "Utility_Proximity_Status": "Unknown - No Data",
        "Final_Score": 7.5,
        "ELEV_CHANGE": 4.647723168945959,
        "SLOPE": 0.07666460543910929,
        "Join_Count_12": 1,
        "TARGET_FID_12": 52289,
        "Shape_Length_12": null,
        "Shape_Area_12": null,
        "OBJECTID_1_12": null,
        "Join_Count_12_13": null,
        "TARGET_FID_12_13": null,
        "Id": 2073,
        "gridcode": 1,
        "ClassName": "Not Hydric",
        "Shape_Length_12_13": null,
        "Shape_Area_12_13": null,
        "SITE_HOUSE_NUM": null,
        "SITE_PRE_DIR": null,
        "SITE_STREET_NAME": null,
        "SITE_STREET_TYPE": null,
        "SITE_POST_DIR": null,
        "SITE_STREET_UNIT": null,
        "SITE_CITY": null,
        "SITE_STATE": null,
        "SITE_ZIP5": "84013",
        "OWN_STREET_ADDRESS": "210 N 200 E",
        "OWN_CITY": "CEDAR FORT",
        "OWN_STATE": "UT",
        "OWN_ZIP5": "84013",
        "VESTING_DOC": "36538-2025",
        "PARCEL_CREATE_DATE": 1748908800000,
        "MAP_FILING_NO": null,
        "SUB_NAME": null,
        "LEGAL_DESCR": "COM AT SW COR. SEC. 32, T5S, R2W, SLB&M.; S 89 DEG 8' 29\" E 897.73 FT; S 0 DEG 56' 34\" W 850.91 FT; S 89 DEG 49' 7\" W 19.87 FT; S 0 DEG 36' 25\" E 100.38 FT; S 88 DEG 50' 41\" W 264.38 FT; S 89 DEG 0' 25\" W 258.98 FT; S 88 DEG 55' 8\" W 266.67 FT; S 1 DEG 18' 9\" W 12.1 FT; S 89 DEG 15' 38\" W 365.48 FT; N 1 DEG 50' 0\" E 557.7 FT; N 89 DEG 22' 7\" W 146.11 FT; N 1 DEG 50' 0\" E 441.58 FT; S 89 DEG 25' 48\" E 404.95 FT TO BEG. AREA 27.458 AC.",
        "BOOK_PAGE": 59037,
        "LOT": null,
        "BUILDING": null,
        "UNIT": null,
        "TAX_DISTRICT": "050",
        "TAX_DISTRICT_DESCR": "CEDAR FORT CITY",
        "SCHOOL_DISTRICT": "ALPINE",
        "TAXABLE_CODE": 100,
        "ACCOUNT_TYPE": null,
        "NEIGHBORHOOD": "9999",
        "NBHD_DISTRICT": null,
        "LAND_DISTRICT": 9999,
        "ECONOMIC_UNIT": null,
        "GLA_WEIGHTED_YRBLT": null,
        "TOTAL_ABOVE_GRADE_AREA": null,
        "TOTAL_MEZZANINE": null,
        "TOTAL_BASEMENT": null,
        "TOTAL_BSMT_FINISH": null,
        "TOTAL_UNIT_COUNT": null,
        "TOTAL_IMP_COUNT": null,
        "MKT_LAND_RES": 0,
        "MKT_LAND_AGR": 0,
        "MKT_LAND_COM": 0,
        "MKT_IMP_VALUE": 0,
        "MKT_IMP_RES": 0,
        "MKT_IMP_AGR": 0,
        "MKT_IMP_COM": 0,
        "TXBL_CUR_VALUE": 0,
        "TXBL_PRV_VAL": 0,
        "TXBL_VAL_YR_CHG": 0,
        "TXBL_PCT_CHG": 0,
        "TOT_CUR_TAXES": 0,
        "TOT_PRV_TAXES": 0,
        "TAXES_YR_CHG": 0,
        "TAXES_PCT_CHG": 0,
        "GREENBELT": null,
        "EXEMPT_RES": "UNK",
        "COMMON_AREA": null,
        "PUBLIC_ROAD": null,
        "PRIVATE_ROAD": null,
        "PART_CENTRAL_ASSD": null,
        "PART_TAXABLE": null,
        "IMP_NO_RES": null,
        "COST_GROUP_RES": null,
        "STYLE_DESCR_RES": null,
        "QUALITY_RES": null,
        "QUALITY_DESCR_RES": null,
        "CONDITION_RES": null,
        "CONDITION_DESCR_RES": null,
        "YEARBLT_RES": null,
        "GLA_RES": null,
        "BASEMENT_RES": null,
        "BSMT_FINISH_RES": null,
        "ATT_GARAGE_SQFT_RES": null,
        "BATHROOMS_RES": null,
        "GLA_BEDROOMS_RES": null,
        "EXTERIOR_RES": null,
        "ALLOCATION_PCT_RES": null,
        "TRAV_COUNT": null,
        "LASTUPDATE": null,
        "CREATED_DATE": 1748953228000,
        "LAST_EDITED_DATE": 1748953228000,
        "ChangeType": "Added",
        "Previous_Owner": null,
        "Shape_Length_12_13_14": 4585.435907454608,
        "Shape_Area_12_13_14": 1196013.949398813,
        "Shape_Length": 0.005873973271508284,
        "Shape_Area": 1.4023745042744185e-06
      }
    },
    {
      "type": "Feature",
      "id": 51,
      "geometry": {
        "type": "Polygon",
        "coordinates": [
          [
            [
              -111.65718236499998,
              40.16886781300008
            ],
            [
              -111.65718223999994,
              40.16886783100006
            ],
            [
              -111.65719180999997,
              40.16980517800005
            ],
            [
              -111.66000034399997,
              40.16980135800003
            ],
            [
              -111.65999815899994,
              40.16886398300005
            ],
            [
              -111.65718236499998,
              40.16886781300008
            ]
          ]
        ]
      },
      "properties": {
        "OBJECTID": 51,
        "Join_Count": 1,
        "TARGET_FID": 1553,
        "PARCEL_NO": 210960031,
        "PARCELID": "210960031",
        "PARCELID_LABEL": "21:096:0031",
        "OWNER_NAME": "LAKESIDE LAND PARTNERS LLC",
        "CARE_NAME": null,
        "ACREAGE": 6.159828999999999,
        "SITE_FULL_ADDRESS": null,
        "OWN_FULL_ADDRESS": "7585 S UNION PARK AVE STE 200  MIDVALE, UT 84047",
        "PROP_TYPE": 9999,
        "PROP_TYPE_DESCR": "DEFAULT",
        "SPECIFIC_PROP_TYPE": 9999,
        "SPC_PROP_TYP_DESCR": "DEFAULT",
        "ASMT_YEAR": 2026,
        "ASMT_CODE": "UNK",
        "ASMT_CODE_DESCR": "UNK",
        "MKT_LAND_VALUE": 0,
        "MKT_CUR_VALUE": 0,
        "MKT_PRV_VAL": 0,
        "MKT_VAL_YR_CHG": 0,
        "MKT_PCT_CHG": 0,
        "GLOBALID": "{FDC351DE-5794-4DF9-9C16-CF423942B356}",
        "Code": null,
        "Description": "Medium Density Residential",
        "City": "Springville",
        "Description_detailed": "Any Residential",
        "Acres": null,
        "Unit_Rate": null,
        "CityName": null,
        "AdoptedDate": null,
        "Slope_Score": 10,
        "GP_Score": 8,
        "Utilities_Score": 0,
        "Wetlands_Score": 0,
        "Soil_Score": 7,
        "Ownership_Score": 5,
        "Ownership_Type": "Business",
        "Utility_Proximity_Status": "Not Within 1/8 Mile",
        "Final_Score": 4.45,
        "ELEV_CHANGE": 3.9372482958988257,
        "SLOPE": 0.1451824644324995,
        "Join_Count_12": 1,
        "TARGET_FID_12": 58595,
        "Shape_Length_12": null,
        "Shape_Area_12": null,
        "OBJECTID_1_12": null,
        "Join_Count_12_13": null,
        "TARGET_FID_12_13": null,
        "Id": 1498,
        "gridcode": 2,
        "ClassName": "Partially Hydric (1 - 25%)",
        "Shape_Length_12_13": null,
        "Shape_Area_12_13": null,
        "SITE_HOUSE_NUM": null,
        "SITE_PRE_DIR": null,
        "SITE_STREET_NAME": null,
        "SITE_STREET_TYPE": null,
        "SITE_POST_DIR": null,
        "SITE_STREET_UNIT": null,
        "SITE_CITY": null,
        "SITE_STATE": null,
        "SITE_ZIP5": null,
        "OWN_STREET_ADDRESS": "7585 S UNION PARK AVE STE 200",
        "OWN_CITY": "MIDVALE",
        "OWN_STATE": "UT",
        "OWN_ZIP5": "84047",
        "VESTING_DOC": "83593-2022",
        "PARCEL_CREATE_DATE": 1752019200000,
        "MAP_FILING_NO": null,
        "SUB_NAME": null,
        "LEGAL_DESCR": "COM S 989.981 FT & W 1319.977 FT FR NE COR. SEC. 36, T7S, R2E, SLB&M.; E 730.93 FT; S 61 DEG 56' 13\" W 11.08 FT; S 61 DEG 56' 13\" W 8.24 FT; S 0 DEG 23' 48\" W 60 FT; S 89 DEG 36' 12\" E 71.06 FT; ALONG A CURVE TO R (CHORD BEARS: S 60 DEG 6' 14\" E 23.64 FT, RADIUS = 25 FT); S 30 DEG 36' 15\" E 21.38 FT; ALONG A CURVE TO R (CHORD BEARS: S 5 DEG 37' 59\" E 8.19 FT, RADIUS = 10 FT); ALONG A CURVE TO L (CHORD BEARS: S 9 DEG 29' 45\" W 193.24 FT, RADIUS = 568 FT); S 0 DEG 20' 53\" E 43.04 FT; W 785.05 FT; N 341.55 FT TO BEG. AREA 6.104 AC.",
        "BOOK_PAGE": 21096,
        "LOT": null,
        "BUILDING": null,
        "UNIT": null,
        "TAX_DISTRICT": "131",
        "TAX_DISTRICT_DESCR": "SPRINGVILLE W/SPRV DRAIN DIST",
        "SCHOOL_DISTRICT": "NEBO",
        "TAXABLE_CODE": 100,
        "ACCOUNT_TYPE": null,
        "NEIGHBORHOOD": "9999",
        "NBHD_DISTRICT": null,
        "LAND_DISTRICT": 9999,
        "ECONOMIC_UNIT": null,
        "GLA_WEIGHTED_YRBLT": null,
        "TOTAL_ABOVE_GRADE_AREA": null,
        "TOTAL_MEZZANINE": null,
        "TOTAL_BASEMENT": null,
        "TOTAL_BSMT_FINISH": null,
        "TOTAL_UNIT_COUNT": null,
        "TOTAL_IMP_COUNT": null,
        "MKT_LAND_RES": 0,
        "MKT_LAND_AGR": 0,
        "MKT_LAND_COM": 0,
        "MKT_IMP_VALUE": 0,
        "MKT_IMP_RES": 0,
        "MKT_IMP_AGR": 0,
        "MKT_IMP_COM": 0,
        "TXBL_CUR_VALUE": 0,
        "TXBL_PRV_VAL": 0,
        "TXBL_VAL_YR_CHG": 0,
        "TXBL_PCT_CHG": 0,
        "TOT_CUR_TAXES": 0,
        "TOT_PRV_TAXES": 0,
        "TAXES_YR_CHG": 0,
        "TAXES_PCT_CHG": 0,
        "GREENBELT": null,
        "EXEMPT_RES": "UNK",
        "COMMON_AREA": null,
        "PUBLIC_ROAD": null,
        "PRIVATE_ROAD": null,
        "PART_CENTRAL_ASSD": null,
        "PART_TAXABLE": null,
        "IMP_NO_RES": null,
        "COST_GROUP_RES": null,
        "STYLE_DESCR_RES": null,
        "QUALITY_RES": null,
        "QUALITY_DESCR_RES": null,
        "CONDITION_RES": null,
        "CONDITION_DESCR_RES": null,
        "YEARBLT_RES": null,
        "GLA_RES": null,
        "BASEMENT_RES": null,
        "BSMT_FINISH_RES": null,
        "ATT_GARAGE_SQFT_RES": null,
        "BATHROOMS_RES": null,
        "GLA_BEDROOMS_RES": null,
        "EXTERIOR_RES": null,
        "ALLOCATION_PCT_RES": null,
        "TRAV_COUNT": null,
        "LASTUPDATE": null,
        "CREATED_DATE": 1752057104000,
        "LAST_EDITED_DATE": 1752057104000,
        "ChangeType": "Added",
        "Previous_Owner": null,
        "Shape_Length_12_13_14": 2298.889124778901,
        "Shape_Area_12_13_14": 265911.9076703736,
        "Shape_Length": 0.007499232890499879,
        "Shape_Area": 2.63611908129799e-06
      }
    },
    {
      "type": "Feature",
      "id": 52,
      "geometry": {
        "type": "Polygon",
        "coordinates": [
          [
            [
              -111.70177875799999,
              40.04272702800006
            ],
            [
              -111.70114986099998,
              40.042717570000036
            ],
            [
              -111.70114366599995,
              40.043088193000074
            ],
            [
              -111.70067473099999,
              40.04308113900004
            ],
            [
              -111.70066022299994,
              40.04453755500003
            ],
            [
              -111.70161135199999,
              40.04454459400006
            ],
            [
              -111.70183771299997,
              40.04454005100007
            ],
            [
              -111.70183792699999,
              40.04453967400008
            ],
            [
              -111.70185687899999,
              40.04272829100006
            ],
            [
              -111.70177871399994,
              40.04272779000007
            ],
            [
              -111.70177875799999,
              40.04272702800006
            ]
          ]
        ]
      },
      "properties": {
        "OBJECTID": 52,
        "Join_Count": 1,
        "TARGET_FID": 1554,
        "PARCEL_NO": 300330071,
        "PARCELID": "300330071",
        "PARCELID_LABEL": "30:033:0071",
        "OWNER_NAME": "RURAL HOUSING DEVELOPMENT CORPORATION (ET AL)",
        "CARE_NAME": null,
        "ACREAGE": 4.617287999999999,
        "SITE_FULL_ADDRESS": null,
        "OWN_FULL_ADDRESS": "63 N 400 W  PROVO, UT 84601",
        "PROP_TYPE": 9999,
        "PROP_TYPE_DESCR": "DEFAULT",
        "SPECIFIC_PROP_TYPE": 9999,
        "SPC_PROP_TYP_DESCR": "DEFAULT",
        "ASMT_YEAR": 2026,
        "ASMT_CODE": "UNK",
        "ASMT_CODE_DESCR": "UNK",
        "MKT_LAND_VALUE": 0,
        "MKT_CUR_VALUE": 0,
        "MKT_PRV_VAL": 0,
        "MKT_VAL_YR_CHG": 0,
        "MKT_PCT_CHG": 0,
        "GLOBALID": "{3D81AC6F-5167-43FB-80A4-300C633DA79F}",
        "Code": "MDR",
        "Description": "Medium Density Residential",
        "City": "Payson",
        "Description_detailed": null,
        "Acres": null,
        "Unit_Rate": null,
        "CityName": null,
        "AdoptedDate": null,
        "Slope_Score": 10,
        "GP_Score": 8,
        "Utilities_Score": 0,
        "Wetlands_Score": 10,
        "Soil_Score": 10,
        "Ownership_Score": 5,
        "Ownership_Type": "Business",
        "Utility_Proximity_Status": "Not Within 1/8 Mile",
        "Final_Score": 6.25,
        "ELEV_CHANGE": 7.923356757812144,
        "SLOPE": 0.574694143656686,
        "Join_Count_12": 16,
        "TARGET_FID_12": 58638,
        "Shape_Length_12": null,
        "Shape_Area_12": null,
        "OBJECTID_1_12": null,
        "Join_Count_12_13": null,
        "TARGET_FID_12_13": null,
        "Id": 2073,
        "gridcode": 1,
        "ClassName": "Not Hydric",
        "Shape_Length_12_13": null,
        "Shape_Area_12_13": null,
        "SITE_HOUSE_NUM": null,
        "SITE_PRE_DIR": null,
        "SITE_STREET_NAME": null,
        "SITE_STREET_TYPE": null,
        "SITE_POST_DIR": null,
        "SITE_STREET_UNIT": null,
        "SITE_CITY": null,
        "SITE_STATE": null,
        "SITE_ZIP5": "84651",
        "OWN_STREET_ADDRESS": "63 N 400 W",
        "OWN_CITY": "PROVO",
        "OWN_STATE": "UT",
        "OWN_ZIP5": "84601",
        "VESTING_DOC": "11119-2025",
        "PARCEL_CREATE_DATE": 1750118400000,
        "MAP_FILING_NO": null,
        "SUB_NAME": null,
        "LEGAL_DESCR": "COM N 432.46 FT & W 68.62 FT FR S 1/4 COR. SEC. 10, T9S, R2E, SLB&M.; S 88 DEG 45' 0\" E 176.15 FT; N 0 DEG 51' 54\" E 135.05 FT; S 88 DEG 45' 0\" E 131.34 FT; S 88 DEG 45' 0\" E .01 FT; N 0 DEG 34' 0\" E 530.67 FT; N 89 DEG 19' 10\" W 266.36 FT; S 88 DEG 38' 1\" W 63.41 FT; S 23 DEG 42' 38\" W .15 FT; S 0 DEG 35' 24\" W 660.01 FT; S 89 DEG 23' 33\" E 21.89 FT TO BEG. AREA 4.617 AC.",
        "BOOK_PAGE": 30033,
        "LOT": null,
        "BUILDING": null,
        "UNIT": null,
        "TAX_DISTRICT": "170",
        "TAX_DISTRICT_DESCR": "PAYSON CITY",
        "SCHOOL_DISTRICT": "NEBO",
        "TAXABLE_CODE": 100,
        "ACCOUNT_TYPE": null,
        "NEIGHBORHOOD": "9999",
        "NBHD_DISTRICT": null,
        "LAND_DISTRICT": 9999,
        "ECONOMIC_UNIT": null,
        "GLA_WEIGHTED_YRBLT": null,
        "TOTAL_ABOVE_GRADE_AREA": null,
        "TOTAL_MEZZANINE": null,
        "TOTAL_BASEMENT": null,
        "TOTAL_BSMT_FINISH": null,
        "TOTAL_UNIT_COUNT": null,
        "TOTAL_IMP_COUNT": null,
        "MKT_LAND_RES": 0,
        "MKT_LAND_AGR": 0,
        "MKT_LAND_COM": 0,
        "MKT_IMP_VALUE": 0,
        "MKT_IMP_RES": 0,
        "MKT_IMP_AGR": 0,
        "MKT_IMP_COM": 0,
        "TXBL_CUR_VALUE": 0,
        "TXBL_PRV_VAL": 0,
        "TXBL_VAL_YR_CHG": 0,
        "TXBL_PCT_CHG": 0,
        "TOT_CUR_TAXES": 0,
        "TOT_PRV_TAXES": 0,
        "TAXES_YR_CHG": 0,
        "TAXES_PCT_CHG": 0,
        "GREENBELT": null,
        "EXEMPT_RES": "UNK",
        "COMMON_AREA": null,
        "PUBLIC_ROAD": null,
        "PRIVATE_ROAD": null,
        "PART_CENTRAL_ASSD": null,
        "PART_TAXABLE": null,
        "IMP_NO_RES": null,
        "COST_GROUP_RES": null,
        "STYLE_DESCR_RES": null,
        "QUALITY_RES": null,
        "QUALITY_DESCR_RES": null,
        "CONDITION_RES": null,
        "CONDITION_DESCR_RES": null,
        "YEARBLT_RES": null,
        "GLA_RES": null,
        "BASEMENT_RES": null,
        "BSMT_FINISH_RES": null,
        "ATT_GARAGE_SQFT_RES": null,
        "BATHROOMS_RES": null,
        "GLA_BEDROOMS_RES": null,
        "EXTERIOR_RES": null,
        "ALLOCATION_PCT_RES": null,
        "TRAV_COUNT": null,
        "LASTUPDATE": null,
        "CREATED_DATE": 1750161715000,
        "LAST_EDITED_DATE": 1750161715000,
        "ChangeType": "Added",
        "Previous_Owner": null,
        "Shape_Length_12_13_14": 1984.757295658901,
        "Shape_Area_12_13_14": 201124.54704783158,
        "Shape_Length": 0.00599352634796574,
        "Shape_Area": 1.9722749167161945e-06
      }
    },
    {
      "type": "Feature",
      "id": 53,
      "geometry": {
        "type": "Polygon",
        "coordinates": [
          [
            [
              -111.85378748499994,
              40.435224351000045
            ],
            [
              -111.85483144099999,
              40.435227643000076
            ],
            [
              -111.85500740699996,
              40.435231254078644
            ],
            [
              -111.85518312257867,
              40.43524130934755
            ],
            [
              -111.85535835181764,
              40.43525779530644
            ],
            [
              -111.8555328594514,
              40.435280689821
            ],
            [
              -111.85570641118325,
              40.43530996215271
            ],
            [
              -111.85587877399996,
              40.43534557300006
            ],
            [
              -111.85687012099999,
              40.43557037800008
            ],
            [
              -111.85687017699996,
              40.435570538000036
            ],
            [
              -111.85687558299998,
              40.43557176200005
            ],
            [
              -111.85689421265162,
              40.435575924586175
            ],
            [
              -111.85691327372669,
              40.435576957282095
            ],
            [
              -111.85693224405507,
              40.43557483179755
            ],
            [
              -111.85695060395264,
              40.435569606359294
            ],
            [
              -111.85696785045774,
              40.435561424115996
            ],
            [
              -111.85698351110965,
              40.43555050921675
            ],
            [
              -111.85699715689141,
              40.435537160670634
            ],
            [
              -111.85700841398261,
              40.43552174415542
            ],
            [
              -111.85701697399998,
              40.435504682000044
            ],
            [
              -111.85703427085349,
              40.43541141566575
            ],
            [
              -111.8570444928826,
              40.43531711136905
            ],
            [
              -111.85704758199995,
              40.435222305000025
            ],
            [
              -111.85703931599994,
              40.43411856000006
            ],
            [
              -111.85703516390689,
              40.43410186622802
            ],
            [
              -111.8570282471506,
              40.434086115660286
            ],
            [
              -111.85701876517783,
              40.43407176246921
            ],
            [
              -111.8570069914041,
              40.43405922053339
            ],
            [
              -111.85699326532976,
              40.43404885150332
            ],
            [
              -111.85697798275027,
              40.4340409543731
            ],
            [
              -111.85696158434341,
              40.43403575685887
            ],
            [
              -111.8569445429622,
              40.434033408832505
            ],
            [
              -111.85692734999998,
              40.43403397800006
            ],
            [
              -111.85674957999998,
              40.43403475300005
            ],
            [
              -111.85674814299995,
              40.43384266000004
            ],
            [
              -111.85678662742724,
              40.43384366146118
            ],
            [
              -111.85682472094003,
              40.43383809923569
            ],
            [
              -111.85686131226625,
              40.433826135585974
            ],
            [
              -111.85689533395595,
              40.433808119518176
            ],
            [
              -111.85692579352116,
              40.43378457660085
            ],
            [
              -111.85695180238896,
              40.433756193632995
            ],
            [
              -111.85697260182314,
              40.43372379860858
            ],
            [
              -111.85698758505818,
              40.433688336562156
            ],
            [
              -111.85699631499995,
              40.43365084200008
            ],
            [
              -111.85699305599996,
              40.43321610600003
            ],
            [
              -111.85454003099994,
              40.43314045100004
            ],
            [
              -111.85370018799995,
              40.43317220500006
            ],
            [
              -111.85349659899998,
              40.43319452700007
            ],
            [
              -111.85349876599997,
              40.43361359700003
            ],
            [
              -111.8535013506984,
              40.43362410359543
            ],
            [
              -111.85350567790779,
              40.433634020473534
            ],
            [
              -111.85351162254184,
              40.43364306096791
            ],
            [
              -111.85351901275948,
              40.433650963745656
            ],
            [
              -111.85352763493219,
              40.43365750036177
            ],
            [
              -111.85353723981952,
              40.43366248186276
            ],
            [
              -111.85354754977368,
              40.43366576424877
            ],
            [
              -111.85355826676559,
              40.433667252636106
            ],
            [
              -111.85356908099999,
              40.43366690400006
            ],
            [
              -111.853795333,
              40.43366622000008
            ],
            [
              -111.85379622799996,
              40.43383910700004
            ],
            [
              -111.8537837656967,
              40.433838767257875
            ],
            [
              -111.8537714271431,
              40.433840551780996
            ],
            [
              -111.85375957178535,
              40.43384440858276
            ],
            [
              -111.85374854499312,
              40.433850225307
            ],
            [
              -111.85373866799844,
              40.43385783250118
            ],
            [
              -111.85373022853742,
              40.433867008552895
            ],
            [
              -111.85372347246802,
              40.43387748614584
            ],
            [
              -111.85371859660776,
              40.43388896004728
            ],
            [
              -111.85371574299995,
              40.433901096000056
            ],
            [
              -111.85372227299996,
              40.43516289200005
            ],
            [
              -111.85372476546112,
              40.43517477502059
            ],
            [
              -111.85372927514692,
              40.43518604805364
            ],
            [
              -111.85373566619397,
              40.43519637147639
            ],
            [
              -111.85374374605917,
              40.43520543427497
            ],
            [
              -111.85375327132031,
              40.43521296341437
            ],
            [
              -111.85376395500975,
              40.43521873206411
            ],
            [
              -111.85377547525987,
              40.43522256643202
            ],
            [
              -111.85378748499994,
              40.435224351000045
            ]
          ]
        ]
      },
      "properties": {
        "OBJECTID": 53,
        "Join_Count": 1,
        "TARGET_FID": 1555,
        "PARCEL_NO": 110290077,
        "PARCELID": "110290077",
        "PARCELID_LABEL": "11:029:0077",
        "OWNER_NAME": "GARDNER-PLUMB LC (ET AL)",
        "CARE_NAME": "%PLUMB, WALTER",
        "ACREAGE": 16.63053,
        "SITE_FULL_ADDRESS": null,
        "OWN_FULL_ADDRESS": "%PLUMB, WALTER  201 S MAIN ST STE 2000  SALT LAKE CITY, UT 84111",
        "PROP_TYPE": 9999,
        "PROP_TYPE_DESCR": "DEFAULT",
        "SPECIFIC_PROP_TYPE": 9999,
        "SPC_PROP_TYP_DESCR": "DEFAULT",
        "ASMT_YEAR": 2026,
        "ASMT_CODE": "UNK",
        "ASMT_CODE_DESCR": "UNK",
        "MKT_LAND_VALUE": 0,
        "MKT_CUR_VALUE": 0,
        "MKT_PRV_VAL": 0,
        "MKT_VAL_YR_CHG": 0,
        "MKT_PCT_CHG": 0,
        "GLOBALID": "{59D83F36-06E4-423D-9A87-A88FB56E37F9}",
        "Code": null,
        "Description": "Commercial / Residential",
        "City": "Lehi",
        "Description_detailed": null,
        "Acres": 117.741106,
        "Unit_Rate": null,
        "CityName": null,
        "AdoptedDate": null,
        "Slope_Score": 10,
        "GP_Score": 6,
        "Utilities_Score": 5,
        "Wetlands_Score": 10,
        "Soil_Score": 10,
        "Ownership_Score": 5,
        "Ownership_Type": "Business",
        "Utility_Proximity_Status": "Unknown - No Data",
        "Final_Score": 7,
        "ELEV_CHANGE": 8.04070125488306,
        "SLOPE": 4.220642326792095,
        "Join_Count_12": 1,
        "TARGET_FID_12": 58651,
        "Shape_Length_12": null,
        "Shape_Area_12": null,
        "OBJECTID_1_12": null,
        "Join_Count_12_13": null,
        "TARGET_FID_12_13": null,
        "Id": 2073,
        "gridcode": 1,
        "ClassName": "Not Hydric",
        "Shape_Length_12_13": null,
        "Shape_Area_12_13": null,
        "SITE_HOUSE_NUM": "3799",
        "SITE_PRE_DIR": "N",
        "SITE_STREET_NAME": "CENTER",
        "SITE_STREET_TYPE": "ST",
        "SITE_POST_DIR": null,
        "SITE_STREET_UNIT": null,
        "SITE_CITY": "LEHI",
        "SITE_STATE": "UT",
        "SITE_ZIP5": null,
        "OWN_STREET_ADDRESS": "1000 NICOLLET MALL TPN 12H",
        "OWN_CITY": "MINNEAPOLIS",
        "OWN_STATE": "MN",
        "OWN_ZIP5": "55403",
        "VESTING_DOC": "53614-2025",
        "PARCEL_CREATE_DATE": 1751500800000,
        "MAP_FILING_NO": "19777 ",
        "SUB_NAME": "LEHI SKY VIEW, PLAT A ",
        "LEGAL_DESCR": "LOT 1, PLAT A, LEHI SKY VIEW SUB AREA 12.957 AC.",
        "BOOK_PAGE": 45853,
        "LOT": "1",
        "BUILDING": null,
        "UNIT": null,
        "TAX_DISTRICT": "010",
        "TAX_DISTRICT_DESCR": "LEHI CITY",
        "SCHOOL_DISTRICT": "ALPINE",
        "TAXABLE_CODE": 100,
        "ACCOUNT_TYPE": null,
        "NEIGHBORHOOD": "9999",
        "NBHD_DISTRICT": null,
        "LAND_DISTRICT": 9999,
        "ECONOMIC_UNIT": null,
        "GLA_WEIGHTED_YRBLT": null,
        "TOTAL_ABOVE_GRADE_AREA": null,
        "TOTAL_MEZZANINE": null,
        "TOTAL_BASEMENT": null,
        "TOTAL_BSMT_FINISH": null,
        "TOTAL_UNIT_COUNT": null,
        "TOTAL_IMP_COUNT": null,
        "MKT_LAND_RES": 0,
        "MKT_LAND_AGR": 0,
        "MKT_LAND_COM": 0,
        "MKT_IMP_VALUE": 0,
        "MKT_IMP_RES": 0,
        "MKT_IMP_AGR": 0,
        "MKT_IMP_COM": 0,
        "TXBL_CUR_VALUE": 0,
        "TXBL_PRV_VAL": 0,
        "TXBL_VAL_YR_CHG": 0,
        "TXBL_PCT_CHG": 0,
        "TOT_CUR_TAXES": 0,
        "TOT_PRV_TAXES": 0,
        "TAXES_YR_CHG": 0,
        "TAXES_PCT_CHG": 0,
        "GREENBELT": null,
        "EXEMPT_RES": "UNK",
        "COMMON_AREA": null,
        "PUBLIC_ROAD": null,
        "PRIVATE_ROAD": "Yes",
        "PART_CENTRAL_ASSD": null,
        "PART_TAXABLE": null,
        "IMP_NO_RES": null,
        "COST_GROUP_RES": null,
        "STYLE_DESCR_RES": null,
        "QUALITY_RES": null,
        "QUALITY_DESCR_RES": null,
        "CONDITION_RES": null,
        "CONDITION_DESCR_RES": null,
        "YEARBLT_RES": null,
        "GLA_RES": null,
        "BASEMENT_RES": null,
        "BSMT_FINISH_RES": null,
        "ATT_GARAGE_SQFT_RES": null,
        "BATHROOMS_RES": null,
        "GLA_BEDROOMS_RES": null,
        "EXTERIOR_RES": null,
        "ALLOCATION_PCT_RES": null,
        "TRAV_COUNT": null,
        "LASTUPDATE": null,
        "CREATED_DATE": 1751556996000,
        "LAST_EDITED_DATE": 1751556996000,
        "ChangeType": "Added",
        "Previous_Owner": null,
        "Shape_Length_12_13_14": 3501.3735804691178,
        "Shape_Area_12_13_14": 564390.8078125103,
        "Shape_Length": 0.011875769893165173,
        "Shape_Area": 7.143852612932526e-06
      }
    },
    {
      "type": "Feature",
      "id": 54,
      "geometry": {
        "type": "Polygon",
        "coordinates": [
          [
            [
              -111.65738751599997,
              40.17074225400006
            ],
            [
              -111.66000233199998,
              40.17073869700005
            ],
            [
              -111.66000014599996,
              40.16980133100003
            ],
            [
              -111.65719161099997,
              40.16980515100005
            ],
            [
              -111.65719281799994,
              40.16992327000003
            ],
            [
              -111.65719008461429,
              40.170013131988284
            ],
            [
              -111.65718082138268,
              40.17010255704558
            ],
            [
              -111.65716507739086,
              40.17019107131026
            ],
            [
              -111.6571429360659,
              40.17027820574697
            ],
            [
              -111.65711451473423,
              40.170363498632014
            ],
            [
              -111.65707996399999,
              40.17044649800005
            ],
            [
              -111.65707885681834,
              40.17044969314641
            ],
            [
              -111.65707825469262,
              40.170453020646384
            ],
            [
              -111.65707817197713,
              40.1704564011744
            ],
            [
              -111.65707861064377,
              40.17045975414071
            ],
            [
              -111.65707956023499,
              40.17046299961263
            ],
            [
              -111.6570809981131,
              40.170466060220086
            ],
            [
              -111.65708288999997,
              40.17046886300005
            ],
            [
              -111.65712194699995,
              40.170519314000046
            ],
            [
              -111.65713398917126,
              40.17053059808045
            ],
            [
              -111.65714776238417,
              40.17053968889816
            ],
            [
              -111.65716287182168,
              40.1705463258597
            ],
            [
              -111.65717888436316,
              40.1705503187128
            ],
            [
              -111.65719534099998,
              40.17055155300005
            ],
            [
              -111.65744955899999,
              40.17055256100008
            ],
            [
              -111.65744844999995,
              40.17071722600008
            ],
            [
              -111.65742246199994,
              40.17072790000003
            ],
            [
              -111.65738751599997,
              40.17074225400006
            ]
          ]
        ]
      },
      "properties": {
        "OBJECTID": 54,
        "Join_Count": 1,
        "TARGET_FID": 1563,
        "PARCEL_NO": 210960029,
        "PARCELID": "210960029",
        "PARCELID_LABEL": "21:096:0029",
        "OWNER_NAME": "LAKESIDE LAND PARTNERS LLC",
        "CARE_NAME": null,
        "ACREAGE": 6.104499,
        "SITE_FULL_ADDRESS": null,
        "OWN_FULL_ADDRESS": "7585 S UNION PARK AVE STE 200  MIDVALE, UT 84047",
        "PROP_TYPE": 9999,
        "PROP_TYPE_DESCR": "DEFAULT",
        "SPECIFIC_PROP_TYPE": 9999,
        "SPC_PROP_TYP_DESCR": "DEFAULT",
        "ASMT_YEAR": 2026,
        "ASMT_CODE": "UNK",
        "ASMT_CODE_DESCR": "UNK",
        "MKT_LAND_VALUE": 0,
        "MKT_CUR_VALUE": 0,
        "MKT_PRV_VAL": 0,
        "MKT_VAL_YR_CHG": 0,
        "MKT_PCT_CHG": 0,
        "GLOBALID": "{A16E349C-4B6B-4C9E-9CCA-E38DD29F9127}",
        "Code": null,
        "Description": "Medium Density Residential",
        "City": "Springville",
        "Description_detailed": "Any Residential",
        "Acres": null,
        "Unit_Rate": null,
        "CityName": null,
        "AdoptedDate": null,
        "Slope_Score": 10,
        "GP_Score": 8,
        "Utilities_Score": 0,
        "Wetlands_Score": 0,
        "Soil_Score": 7,
        "Ownership_Score": 5,
        "Ownership_Type": "Business",
        "Utility_Proximity_Status": "Not Within 1/8 Mile",
        "Final_Score": 4.45,
        "ELEV_CHANGE": 0.6500004052732038,
        "SLOPE": 0.10677196793925407,
        "Join_Count_12": 1,
        "TARGET_FID_12": 58859,
        "Shape_Length_12": null,
        "Shape_Area_12": null,
        "OBJECTID_1_12": null,
        "Join_Count_12_13": null,
        "TARGET_FID_12_13": null,
        "Id": 1498,
        "gridcode": 2,
        "ClassName": "Partially Hydric (1 - 25%)",
        "Shape_Length_12_13": null,
        "Shape_Area_12_13": null,
        "SITE_HOUSE_NUM": null,
        "SITE_PRE_DIR": null,
        "SITE_STREET_NAME": null,
        "SITE_STREET_TYPE": null,
        "SITE_POST_DIR": null,
        "SITE_STREET_UNIT": null,
        "SITE_CITY": null,
        "SITE_STATE": null,
        "SITE_ZIP5": null,
        "OWN_STREET_ADDRESS": "7585 S UNION PARK AVE STE 200",
        "OWN_CITY": "MIDVALE",
        "OWN_STATE": "UT",
        "OWN_ZIP5": "84047",
        "VESTING_DOC": "83593-2022",
        "PARCEL_CREATE_DATE": 1752019200000,
        "MAP_FILING_NO": null,
        "SUB_NAME": null,
        "LEGAL_DESCR": "COM S 989.981 FT & W 1319.977 FT FR NE COR. SEC. 36, T7S, R2E, SLB&M.; E 730.93 FT; S 61 DEG 56' 13\" W 11.08 FT; S 61 DEG 56' 13\" W 8.24 FT; S 0 DEG 23' 48\" W 60 FT; S 89 DEG 36' 12\" E 71.06 FT; ALONG A CURVE TO R (CHORD BEARS: S 60 DEG 6' 14\" E 23.64 FT, RADIUS = 25 FT); S 30 DEG 36' 15\" E 21.38 FT; ALONG A CURVE TO R (CHORD BEARS: S 5 DEG 37' 59\" E 8.19 FT, RADIUS = 10 FT); ALONG A CURVE TO L (CHORD BEARS: S 9 DEG 29' 45\" W 193.24 FT, RADIUS = 568 FT); S 0 DEG 20' 53\" E 43.04 FT; W 785.05 FT; N 341.55 FT TO BEG. AREA 6.104 AC.",
        "BOOK_PAGE": 21096,
        "LOT": null,
        "BUILDING": null,
        "UNIT": null,
        "TAX_DISTRICT": "131",
        "TAX_DISTRICT_DESCR": "SPRINGVILLE W/SPRV DRAIN DIST",
        "SCHOOL_DISTRICT": "NEBO",
        "TAXABLE_CODE": 100,
        "ACCOUNT_TYPE": null,
        "NEIGHBORHOOD": "9999",
        "NBHD_DISTRICT": null,
        "LAND_DISTRICT": 9999,
        "ECONOMIC_UNIT": null,
        "GLA_WEIGHTED_YRBLT": null,
        "TOTAL_ABOVE_GRADE_AREA": null,
        "TOTAL_MEZZANINE": null,
        "TOTAL_BASEMENT": null,
        "TOTAL_BSMT_FINISH": null,
        "TOTAL_UNIT_COUNT": null,
        "TOTAL_IMP_COUNT": null,
        "MKT_LAND_RES": 0,
        "MKT_LAND_AGR": 0,
        "MKT_LAND_COM": 0,
        "MKT_IMP_VALUE": 0,
        "MKT_IMP_RES": 0,
        "MKT_IMP_AGR": 0,
        "MKT_IMP_COM": 0,
        "TXBL_CUR_VALUE": 0,
        "TXBL_PRV_VAL": 0,
        "TXBL_VAL_YR_CHG": 0,
        "TXBL_PCT_CHG": 0,
        "TOT_CUR_TAXES": 0,
        "TOT_PRV_TAXES": 0,
        "TAXES_YR_CHG": 0,
        "TAXES_PCT_CHG": 0,
        "GREENBELT": null,
        "EXEMPT_RES": "UNK",
        "COMMON_AREA": null,
        "PUBLIC_ROAD": null,
        "PRIVATE_ROAD": null,
        "PART_CENTRAL_ASSD": null,
        "PART_TAXABLE": null,
        "IMP_NO_RES": null,
        "COST_GROUP_RES": null,
        "STYLE_DESCR_RES": null,
        "QUALITY_RES": null,
        "QUALITY_DESCR_RES": null,
        "CONDITION_RES": null,
        "CONDITION_DESCR_RES": null,
        "YEARBLT_RES": null,
        "GLA_RES": null,
        "BASEMENT_RES": null,
        "BSMT_FINISH_RES": null,
        "ATT_GARAGE_SQFT_RES": null,
        "BATHROOMS_RES": null,
        "GLA_BEDROOMS_RES": null,
        "EXTERIOR_RES": null,
        "ALLOCATION_PCT_RES": null,
        "TRAV_COUNT": null,
        "LASTUPDATE": null,
        "CREATED_DATE": 1752057104000,
        "LAST_EDITED_DATE": 1752057104000,
        "ChangeType": "Added",
        "Previous_Owner": null,
        "Shape_Length_12_13_14": 2298.889124778901,
        "Shape_Area_12_13_14": 265911.9076703736,
        "Shape_Length": 0.007673262678140768,
        "Shape_Area": 2.6123155946404755e-06
      }
    },
    {
      "type": "Feature",
      "id": 55,
      "geometry": {
        "type": "Polygon",
        "coordinates": [
          [
            [
              -111.67086051299998,
              40.030392531000075
            ],
            [
              -111.66731497799998,
              40.030423763000044
            ],
            [
              -111.66731501999999,
              40.03044149300007
            ],
            [
              -111.66762845299996,
              40.03043774200006
            ],
            [
              -111.66769145999996,
              40.03043698700003
            ],
            [
              -111.66774221425418,
              40.03048264801208
            ],
            [
              -111.66778919143859,
              40.030532186547475
            ],
            [
              -111.66783209622552,
              40.030585291176294
            ],
            [
              -111.66787065888892,
              40.03064162804997
            ],
            [
              -111.66790463699999,
              40.030700843000034
            ],
            [
              -111.66790663899997,
              40.03070469100004
            ],
            [
              -111.66790676199997,
              40.03070491900007
            ],
            [
              -111.66849096299995,
              40.03091189500003
            ],
            [
              -111.66858055999995,
              40.030919554000036
            ],
            [
              -111.66880220599995,
              40.03088317400005
            ],
            [
              -111.669053884,
              40.03095537000007
            ],
            [
              -111.66921209999998,
              40.03095347500005
            ],
            [
              -111.66921306399996,
              40.03100103300005
            ],
            [
              -111.66921197299996,
              40.03142847200007
            ],
            [
              -111.66956325799998,
              40.03142796000003
            ],
            [
              -111.66956221899994,
              40.03100669600008
            ],
            [
              -111.66946879499994,
              40.031007816000056
            ],
            [
              -111.66946718999998,
              40.03082667800004
            ],
            [
              -111.66946432299994,
              40.03050310000003
            ],
            [
              -111.66984612899995,
              40.03050254300007
            ],
            [
              -111.66984600599994,
              40.030453032000025
            ],
            [
              -111.67008164399999,
              40.030452688000025
            ],
            [
              -111.67042685399997,
              40.03045218200003
            ],
            [
              -111.67076599399996,
              40.03045168500006
            ],
            [
              -111.67086067799994,
              40.03045154600005
            ],
            [
              -111.67086051299998,
              40.030392531000075
            ]
          ]
        ]
      },
      "properties": {
        "OBJECTID": 55,
        "Join_Count": 1,
        "TARGET_FID": 1565,
        "PARCEL_NO": 300410102,
        "PARCELID": "300410102",
        "PARCELID_LABEL": "30:041:0102",
        "OWNER_NAME": "SNA-SW LLC",
        "CARE_NAME": "%STEPHENS, JEFFREY R",
        "ACREAGE": 2.40469,
        "SITE_FULL_ADDRESS": null,
        "OWN_FULL_ADDRESS": "%STEPHENS, JEFFREY R  433 W ASCENSION WAY FL 6  SALT LAKE CITY, UT 84123",
        "PROP_TYPE": 9999,
        "PROP_TYPE_DESCR": "DEFAULT",
        "SPECIFIC_PROP_TYPE": 9999,
        "SPC_PROP_TYP_DESCR": "DEFAULT",
        "ASMT_YEAR": 2026,
        "ASMT_CODE": "UNK",
        "ASMT_CODE_DESCR": "UNK",
        "MKT_LAND_VALUE": 0,
        "MKT_CUR_VALUE": 0,
        "MKT_PRV_VAL": 0,
        "MKT_VAL_YR_CHG": 0,
        "MKT_PCT_CHG": 0,
        "GLOBALID": "{8C0DAFC4-2A01-4698-9D43-787207F24886}",
        "Code": null,
        "Description": "Historic Salem Extension",
        "City": "Salem",
        "Description_detailed": null,
        "Acres": 2656.69,
        "Unit_Rate": null,
        "CityName": null,
        "AdoptedDate": null,
        "Slope_Score": 7,
        "GP_Score": 4,
        "Utilities_Score": 10,
        "Wetlands_Score": 10,
        "Soil_Score": 10,
        "Ownership_Score": 5,
        "Ownership_Type": "Business",
        "Utility_Proximity_Status": "Within 1/8 Mile",
        "Final_Score": 7.45,
        "ELEV_CHANGE": 103.41174038574172,
        "SLOPE": 5.496916186473111,
        "Join_Count_12": 1,
        "TARGET_FID_12": 58896,
        "Shape_Length_12": null,
        "Shape_Area_12": null,
        "OBJECTID_1_12": null,
        "Join_Count_12_13": null,
        "TARGET_FID_12_13": null,
        "Id": 2073,
        "gridcode": 1,
        "ClassName": "Not Hydric",
        "Shape_Length_12_13": null,
        "Shape_Area_12_13": null,
        "SITE_HOUSE_NUM": null,
        "SITE_PRE_DIR": null,
        "SITE_STREET_NAME": null,
        "SITE_STREET_TYPE": null,
        "SITE_POST_DIR": null,
        "SITE_STREET_UNIT": null,
        "SITE_CITY": null,
        "SITE_STATE": null,
        "SITE_ZIP5": null,
        "OWN_STREET_ADDRESS": "433 W ASCENSION WAY FL 6",
        "OWN_CITY": "SALT LAKE CITY",
        "OWN_STATE": "UT",
        "OWN_ZIP5": "84123",
        "VESTING_DOC": "184779-2020",
        "PARCEL_CREATE_DATE": 1753660800000,
        "MAP_FILING_NO": "19789 ",
        "SUB_NAME": "GARRETT'S PLACE, PLAT E",
        "LEGAL_DESCR": "LOT 61, PLAT E, GARRETT'S PLACE SUB AREA 0.287 AC.",
        "BOOK_PAGE": 40655,
        "LOT": "61",
        "BUILDING": null,
        "UNIT": null,
        "TAX_DISTRICT": "180",
        "TAX_DISTRICT_DESCR": "SALEM CITY",
        "SCHOOL_DISTRICT": "NEBO",
        "TAXABLE_CODE": 100,
        "ACCOUNT_TYPE": null,
        "NEIGHBORHOOD": "9999",
        "NBHD_DISTRICT": null,
        "LAND_DISTRICT": 9999,
        "ECONOMIC_UNIT": null,
        "GLA_WEIGHTED_YRBLT": null,
        "TOTAL_ABOVE_GRADE_AREA": null,
        "TOTAL_MEZZANINE": null,
        "TOTAL_BASEMENT": null,
        "TOTAL_BSMT_FINISH": null,
        "TOTAL_UNIT_COUNT": null,
        "TOTAL_IMP_COUNT": null,
        "MKT_LAND_RES": 0,
        "MKT_LAND_AGR": 0,
        "MKT_LAND_COM": 0,
        "MKT_IMP_VALUE": 0,
        "MKT_IMP_RES": 0,
        "MKT_IMP_AGR": 0,
        "MKT_IMP_COM": 0,
        "TXBL_CUR_VALUE": 0,
        "TXBL_PRV_VAL": 0,
        "TXBL_VAL_YR_CHG": 0,
        "TXBL_PCT_CHG": 0,
        "TOT_CUR_TAXES": 0,
        "TOT_PRV_TAXES": 0,
        "TAXES_YR_CHG": 0,
        "TAXES_PCT_CHG": 0,
        "GREENBELT": null,
        "EXEMPT_RES": "UNK",
        "COMMON_AREA": null,
        "PUBLIC_ROAD": "Yes",
        "PRIVATE_ROAD": null,
        "PART_CENTRAL_ASSD": null,
        "PART_TAXABLE": null,
        "IMP_NO_RES": null,
        "COST_GROUP_RES": null,
        "STYLE_DESCR_RES": null,
        "QUALITY_RES": null,
        "QUALITY_DESCR_RES": null,
        "CONDITION_RES": null,
        "CONDITION_DESCR_RES": null,
        "YEARBLT_RES": null,
        "GLA_RES": null,
        "BASEMENT_RES": null,
        "BSMT_FINISH_RES": null,
        "ATT_GARAGE_SQFT_RES": null,
        "BATHROOMS_RES": null,
        "GLA_BEDROOMS_RES": null,
        "EXTERIOR_RES": null,
        "ALLOCATION_PCT_RES": null,
        "TRAV_COUNT": null,
        "LASTUPDATE": null,
        "CREATED_DATE": 1753713372000,
        "LAST_EDITED_DATE": 1753713372000,
        "ChangeType": "Added",
        "Previous_Owner": null,
        "Shape_Length_12_13_14": 447.87053456578303,
        "Shape_Area_12_13_14": 12492.32530089663,
        "Shape_Length": 0.008991015058197029,
        "Shape_Area": 1.0270446932663354e-06
      }
    },
    {
      "type": "Feature",
      "id": 56,
      "geometry": {
        "type": "Polygon",
        "coordinates": [
          [
            [
              -111.94478917599997,
              40.34048278700004
            ],
            [
              -111.94480273245068,
              40.34048314004474
            ],
            [
              -111.94481615125012,
              40.34048118100987
            ],
            [
              -111.94482904095453,
              40.34047696704302
            ],
            [
              -111.94484102555448,
              40.34047062107106
            ],
            [
              -111.94485175544366,
              40.34046232821424
            ],
            [
              -111.94486091761729,
              40.34045233038593
            ],
            [
              -111.94486824480285,
              40.340440919235775
            ],
            [
              -111.94487352325686,
              40.34042842764182
            ],
            [
              -111.94487659899994,
              40.34041522000007
            ],
            [
              -111.94487469899997,
              40.34012287000007
            ],
            [
              -111.94245690899999,
              40.340125588000035
            ],
            [
              -111.94245947599995,
              40.34052181100003
            ],
            [
              -111.94344738799998,
              40.34051806700006
            ],
            [
              -111.94355640666906,
              40.34051598540037
            ],
            [
              -111.94366530993592,
              40.34051055569188
            ],
            [
              -111.94377399499996,
              40.340501783000036
            ],
            [
              -111.94388338254971,
              40.34049295328991
            ],
            [
              -111.94399298969243,
              40.340487487570726
            ],
            [
              -111.94410271299995,
              40.34048539100007
            ],
            [
              -111.94478917599997,
              40.34048278700004
            ]
          ]
        ]
      },
      "properties": {
        "OBJECTID": 56,
        "Join_Count": 1,
        "TARGET_FID": 1573,
        "PARCEL_NO": 580410333,
        "PARCELID": "580410333",
        "PARCELID_LABEL": "58:041:0333",
        "OWNER_NAME": "CORP OF PRESIDING BISHOP OF CHURCH OF JESUS CHRIST OF LDS",
        "CARE_NAME": null,
        "ACREAGE": 2.134522,
        "SITE_FULL_ADDRESS": null,
        "OWN_FULL_ADDRESS": "50 E NORTH TEMPLE # 22  SALT LAKE CITY, UT 84150",
        "PROP_TYPE": 9999,
        "PROP_TYPE_DESCR": "DEFAULT",
        "SPECIFIC_PROP_TYPE": 9999,
        "SPC_PROP_TYP_DESCR": "DEFAULT",
        "ASMT_YEAR": 2026,
        "ASMT_CODE": "UNK",
        "ASMT_CODE_DESCR": "UNK",
        "MKT_LAND_VALUE": 0,
        "MKT_CUR_VALUE": 0,
        "MKT_PRV_VAL": 0,
        "MKT_VAL_YR_CHG": 0,
        "MKT_PCT_CHG": 0,
        "GLOBALID": "{827D77D0-C04A-4896-9317-71530F898EA9}",
        "Code": null,
        "Description": "Medium Density Residential",
        "City": "Saratoga Springs",
        "Description_detailed": "Any Residential",
        "Acres": null,
        "Unit_Rate": null,
        "CityName": null,
        "AdoptedDate": null,
        "Slope_Score": 10,
        "GP_Score": 8,
        "Utilities_Score": 10,
        "Wetlands_Score": 10,
        "Soil_Score": 10,
        "Ownership_Score": 5,
        "Ownership_Type": "Business",
        "Utility_Proximity_Status": "Within 1/8 Mile",
        "Final_Score": 8.75,
        "ELEV_CHANGE": 3.640883354492871,
        "SLOPE": 2.8298678774312194,
        "Join_Count_12": 1,
        "TARGET_FID_12": 59108,
        "Shape_Length_12": null,
        "Shape_Area_12": null,
        "OBJECTID_1_12": null,
        "Join_Count_12_13": null,
        "TARGET_FID_12_13": null,
        "Id": 2073,
        "gridcode": 1,
        "ClassName": "Not Hydric",
        "Shape_Length_12_13": null,
        "Shape_Area_12_13": null,
        "SITE_HOUSE_NUM": null,
        "SITE_PRE_DIR": null,
        "SITE_STREET_NAME": null,
        "SITE_STREET_TYPE": null,
        "SITE_POST_DIR": null,
        "SITE_STREET_UNIT": null,
        "SITE_CITY": null,
        "SITE_STATE": null,
        "SITE_ZIP5": "84045",
        "OWN_STREET_ADDRESS": "575 N 100 E",
        "OWN_CITY": "AMERICAN FORK",
        "OWN_STATE": "UT",
        "OWN_ZIP5": "84003",
        "VESTING_DOC": "37503-2025",
        "PARCEL_CREATE_DATE": 1749168000000,
        "MAP_FILING_NO": null,
        "SUB_NAME": null,
        "LEGAL_DESCR": "COM S 759.954 FT & W 6.256 FT FR NW COR. SEC. 34, T5S, R2W, SLB&M.; S 89 DEG 50' 4\" E 1164.58 FT; ALONG A CURVE TO R (CHORD BEARS: S 44 DEG 38' 17\" E 309.28 FT, RADIUS = 216.46 FT); ALONG A CURVE TO L (CHORD BEARS: S 45 DEG 34' 58\" E 254.76 FT, RADIUS = 182 FT); N 89 DEG 59' 55\" E 87.33 FT; S 49 FT; S 89 DEG 59' 55\" W 87.33 FT; ALONG A CURVE TO R (CHORD BEARS: N 45 DEG 34' 58\" W 323.35 FT, RADIUS = 231 FT); ALONG A CURVE TO L (CHORD BEARS: N 19 DEG 58' 29\" W 92.84 FT, RADIUS = 170.48 FT); S 1560.87 FT; S 89 DEG 59' 55\" W 579.11 FT; S 0 DEG 0' 2\" E 63.26 FT; W 275.28 FT; ALONG A CURVE TO L (CHORD BEARS: S 86 DEG 33' 21\" W 91.25 FT, RADIUS = 759.5 FT); ALONG A CURVE TO R (CHORD BEARS: S 86 DEG 33' 21\" W 91.85 FT, RADIUS = 764.5 FT); W 191.41 FT; ALONG A CURVE TO L (CHORD BEARS: S 45 DEG 0' 0\" W 34.65 FT, RADIUS = 24.5 FT); S 106.69 FT; N 89 DEG 48' 13\" W 49 FT; N 106.52 FT; ALONG A CURVE TO L (CHORD BEARS: N 45 DEG 0' 0\" W 34.65 FT, RADIUS = 24.5 FT); N 60 FT; ALONG A CURVE TO L (CHORD BEARS: N 45 DEG 0' 0\" E 34.65 FT, RADIUS = 24.5 FT); N 101.38 FT; ALONG A CURVE TO L (CHORD BEARS: N 21 DEG 58' 7\" W 363.25 FT, RADIUS = 485.5 FT); N 43 DEG 56' 14\" W 1115.09 FT; ALONG A CURVE TO R (CHORD BEARS: N 18 DEG 56' 43\" W 451.65 FT, RADIUS = 534.5 FT); N 6 DEG 2' 50\" E 32.65 FT; ALONG A CURVE TO L (CHORD BEARS: N 38 DEG 57' 11\" W 34.65 FT, RADIUS = 24.5 FT); N 6 DEG 2' 49\" E 49 FT; ALONG A CURVE TO L (CHORD BEARS: N 51 DEG 2' 49\" E 34.65 FT, RADIUS = 24.5 FT); S 83 DEG 57' 11\" E 49 FT; ALONG A CURVE TO L (CHORD BEARS: S 38 DEG 57' 11\" E 34.65 FT, RADIUS = 24.5 FT); S 4 DEG 41' 57\" W 63.02 FT; ALONG A CURVE TO L (CHORD BEARS: S 51 DEG 2' 49\" W 16.97 FT, RADIUS = 12 FT); S 6 DEG 2' 49\" W 31.15 FT; ALONG A CURVE TO L (CHORD BEARS: S 18 DEG 56' 43\" E 398.41 FT, RADIUS = 471.5 FT); S 43 DEG 56' 14\" E 82.89 FT; N 46 DEG 3' 46\" E 597.43 FT; N 83 DEG 57' 11\" W 603.95 FT; N 4 DEG 41' 57\" E 63.02 FT; S 83 DEG 57' 11\" E 712.82 FT; ALONG A CURVE TO L (CHORD BEARS: S 86 DEG 53' 38\" E 49.81 FT, RADIUS = 485.5 FT); S 89 DEG 50' 4\" E 214.29 FT TO BEG. AREA 70.110 AC.",
        "BOOK_PAGE": 58041,
        "LOT": null,
        "BUILDING": null,
        "UNIT": null,
        "TAX_DISTRICT": "039",
        "TAX_DISTRICT_DESCR": "SARATOGA SPRINGS",
        "SCHOOL_DISTRICT": "ALPINE",
        "TAXABLE_CODE": 100,
        "ACCOUNT_TYPE": null,
        "NEIGHBORHOOD": "9999",
        "NBHD_DISTRICT": null,
        "LAND_DISTRICT": 9999,
        "ECONOMIC_UNIT": null,
        "GLA_WEIGHTED_YRBLT": null,
        "TOTAL_ABOVE_GRADE_AREA": null,
        "TOTAL_MEZZANINE": null,
        "TOTAL_BASEMENT": null,
        "TOTAL_BSMT_FINISH": null,
        "TOTAL_UNIT_COUNT": null,
        "TOTAL_IMP_COUNT": null,
        "MKT_LAND_RES": 0,
        "MKT_LAND_AGR": 0,
        "MKT_LAND_COM": 0,
        "MKT_IMP_VALUE": 0,
        "MKT_IMP_RES": 0,
        "MKT_IMP_AGR": 0,
        "MKT_IMP_COM": 0,
        "TXBL_CUR_VALUE": 0,
        "TXBL_PRV_VAL": 0,
        "TXBL_VAL_YR_CHG": 0,
        "TXBL_PCT_CHG": 0,
        "TOT_CUR_TAXES": 0,
        "TOT_PRV_TAXES": 0,
        "TAXES_YR_CHG": 0,
        "TAXES_PCT_CHG": 0,
        "GREENBELT": null,
        "EXEMPT_RES": "UNK",
        "COMMON_AREA": null,
        "PUBLIC_ROAD": null,
        "PRIVATE_ROAD": null,
        "PART_CENTRAL_ASSD": null,
        "PART_TAXABLE": null,
        "IMP_NO_RES": null,
        "COST_GROUP_RES": null,
        "STYLE_DESCR_RES": null,
        "QUALITY_RES": null,
        "QUALITY_DESCR_RES": null,
        "CONDITION_RES": null,
        "CONDITION_DESCR_RES": null,
        "YEARBLT_RES": null,
        "GLA_RES": null,
        "BASEMENT_RES": null,
        "BSMT_FINISH_RES": null,
        "ATT_GARAGE_SQFT_RES": null,
        "BATHROOMS_RES": null,
        "GLA_BEDROOMS_RES": null,
        "EXTERIOR_RES": null,
        "ALLOCATION_PCT_RES": null,
        "TRAV_COUNT": null,
        "LASTUPDATE": null,
        "CREATED_DATE": 1749207104000,
        "LAST_EDITED_DATE": 1749207104000,
        "ChangeType": "Added",
        "Previous_Owner": null,
        "Shape_Length_12_13_14": 10778.634715930966,
        "Shape_Area_12_13_14": 3053987.674264696,
        "Shape_Length": 0.005559335752704331,
        "Shape_Area": 9.156627101741848e-07
      }
    },
    {
      "type": "Feature",
      "id": 57,
      "geometry": {
        "type": "Polygon",
        "coordinates": [
          [
            [
              -111.69333001299998,
              40.055113823000056
            ],
            [
              -111.69336332799998,
              40.05509127000005
            ],
            [
              -111.69338156999999,
              40.05505881900007
            ],
            [
              -111.69494752799994,
              40.05397534600007
            ],
            [
              -111.69454107299998,
              40.053204039000036
            ],
            [
              -111.69438616199994,
              40.052894313000024
            ],
            [
              -111.69430473899996,
              40.05275263900006
            ],
            [
              -111.69414265099999,
              40.05244796300008
            ],
            [
              -111.69352650899998,
              40.05266749000003
            ],
            [
              -111.69357430616778,
              40.05280020744123
            ],
            [
              -111.69361539728295,
              40.052935151906475
            ],
            [
              -111.69364967923663,
              40.053071984783
            ],
            [
              -111.69367706600596,
              40.05321036271951
            ],
            [
              -111.69369748887,
              40.05334993848772
            ],
            [
              -111.69371089658217,
              40.05349036185366
            ],
            [
              -111.69371725549884,
              40.0536312804565
            ],
            [
              -111.69371654966373,
              40.053772340692724
            ],
            [
              -111.693708780848,
              40.053913188603424
            ],
            [
              -111.69369396854572,
              40.054053470762476
            ],
            [
              -111.69367214992504,
              40.05419283516338
            ],
            [
              -111.69364337973487,
              40.05433093210253
            ],
            [
              -111.69360773016751,
              40.05446741505676
            ],
            [
              -111.69356529067757,
              40.05460194155281
            ],
            [
              -111.69351616775735,
              40.05473417402672
            ],
            [
              -111.6934604846698,
              40.05486378067087
            ],
            [
              -111.69339838113906,
              40.05499043626655
            ],
            [
              -111.69333001299998,
              40.055113823000056
            ]
          ]
        ]
      },
      "properties": {
        "OBJECTID": 57,
        "Join_Count": 1,
        "TARGET_FID": 1578,
        "PARCEL_NO": 300320040,
        "PARCELID": "300320040",
        "PARCELID_LABEL": "30:032:0040",
        "OWNER_NAME": "CHRISTENSEN, JOSEPH DOUGLAS & DEEANN",
        "CARE_NAME": null,
        "ACREAGE": 4.563434,
        "SITE_FULL_ADDRESS": null,
        "OWN_FULL_ADDRESS": "PO BOX 1729  SPANISH FORK, UT 84660",
        "PROP_TYPE": 9999,
        "PROP_TYPE_DESCR": "DEFAULT",
        "SPECIFIC_PROP_TYPE": 9999,
        "SPC_PROP_TYP_DESCR": "DEFAULT",
        "ASMT_YEAR": 2026,
        "ASMT_CODE": "UNK",
        "ASMT_CODE_DESCR": "UNK",
        "MKT_LAND_VALUE": 0,
        "MKT_CUR_VALUE": 0,
        "MKT_PRV_VAL": 0,
        "MKT_VAL_YR_CHG": 0,
        "MKT_PCT_CHG": 0,
        "GLOBALID": "{FA67A6A9-4529-47DD-B021-AE17D4C5B513}",
        "Code": null,
        "Description": "West Transition to I-15",
        "City": "Salem",
        "Description_detailed": null,
        "Acres": 938.81,
        "Unit_Rate": null,
        "CityName": null,
        "AdoptedDate": null,
        "Slope_Score": 10,
        "GP_Score": 4,
        "Utilities_Score": 0,
        "Wetlands_Score": 0,
        "Soil_Score": 1,
        "Ownership_Score": 10,
        "Ownership_Type": "Private",
        "Utility_Proximity_Status": "Not Within 1/8 Mile",
        "Final_Score": 3.6,
        "ELEV_CHANGE": 0.3119841748048202,
        "SLOPE": 0.013143310958364107,
        "Join_Count_12": 1,
        "TARGET_FID_12": 59384,
        "Shape_Length_12": null,
        "Shape_Area_12": null,
        "OBJECTID_1_12": null,
        "Join_Count_12_13": null,
        "TARGET_FID_12_13": null,
        "Id": 1706,
        "gridcode": 5,
        "ClassName": "Mostly Hydric (76 - 95%)",
        "Shape_Length_12_13": null,
        "Shape_Area_12_13": null,
        "SITE_HOUSE_NUM": null,
        "SITE_PRE_DIR": null,
        "SITE_STREET_NAME": null,
        "SITE_STREET_TYPE": null,
        "SITE_POST_DIR": null,
        "SITE_STREET_UNIT": null,
        "SITE_CITY": null,
        "SITE_STATE": null,
        "SITE_ZIP5": null,
        "OWN_STREET_ADDRESS": "PO BOX 1729",
        "OWN_CITY": "SPANISH FORK",
        "OWN_STATE": "UT",
        "OWN_ZIP5": "84660",
        "VESTING_DOC": "128517-2022",
        "PARCEL_CREATE_DATE": 1752105600000,
        "MAP_FILING_NO": null,
        "SUB_NAME": null,
        "LEGAL_DESCR": "COM S 388.67 FT & W 298.48 FT FR NE COR. SEC. 10, T9S, R2E, SLB&M.; ALONG A CURVE TO L (CHORD BEARS: S 3 DEG 39' 22\" W 893.04 FT, RADIUS = 1303 FT); S 65 DEG 15' 0\" W 190.16 FT; N 22 DEG 6' 43\" W 119.93 FT; N 23 DEG 42' 16\" W 56.43 FT; N 20 DEG 54' 0\" W 120.9 FT; N 21 DEG 55' 16\" W 303.2 FT; N 48 DEG 7' 32\" E 589.99 FT; ALONG A CURVE TO R (CHORD BEARS: N 23 DEG 29' 13\" E 12.88 FT, RADIUS = 1303 FT); N 48 DEG 45' 0\" E 12.43 FT TO BEG. AREA 4.563 AC.",
        "BOOK_PAGE": 30032,
        "LOT": null,
        "BUILDING": null,
        "UNIT": null,
        "TAX_DISTRICT": "180",
        "TAX_DISTRICT_DESCR": "SALEM CITY",
        "SCHOOL_DISTRICT": "NEBO",
        "TAXABLE_CODE": 100,
        "ACCOUNT_TYPE": null,
        "NEIGHBORHOOD": "9999",
        "NBHD_DISTRICT": null,
        "LAND_DISTRICT": 9999,
        "ECONOMIC_UNIT": null,
        "GLA_WEIGHTED_YRBLT": null,
        "TOTAL_ABOVE_GRADE_AREA": null,
        "TOTAL_MEZZANINE": null,
        "TOTAL_BASEMENT": null,
        "TOTAL_BSMT_FINISH": null,
        "TOTAL_UNIT_COUNT": null,
        "TOTAL_IMP_COUNT": null,
        "MKT_LAND_RES": 0,
        "MKT_LAND_AGR": 0,
        "MKT_LAND_COM": 0,
        "MKT_IMP_VALUE": 0,
        "MKT_IMP_RES": 0,
        "MKT_IMP_AGR": 0,
        "MKT_IMP_COM": 0,
        "TXBL_CUR_VALUE": 0,
        "TXBL_PRV_VAL": 0,
        "TXBL_VAL_YR_CHG": 0,
        "TXBL_PCT_CHG": 0,
        "TOT_CUR_TAXES": 0,
        "TOT_PRV_TAXES": 0,
        "TAXES_YR_CHG": 0,
        "TAXES_PCT_CHG": 0,
        "GREENBELT": null,
        "EXEMPT_RES": "UNK",
        "COMMON_AREA": null,
        "PUBLIC_ROAD": null,
        "PRIVATE_ROAD": null,
        "PART_CENTRAL_ASSD": null,
        "PART_TAXABLE": null,
        "IMP_NO_RES": null,
        "COST_GROUP_RES": null,
        "STYLE_DESCR_RES": null,
        "QUALITY_RES": null,
        "QUALITY_DESCR_RES": null,
        "CONDITION_RES": null,
        "CONDITION_DESCR_RES": null,
        "YEARBLT_RES": null,
        "GLA_RES": null,
        "BASEMENT_RES": null,
        "BSMT_FINISH_RES": null,
        "ATT_GARAGE_SQFT_RES": null,
        "BATHROOMS_RES": null,
        "GLA_BEDROOMS_RES": null,
        "EXTERIOR_RES": null,
        "ALLOCATION_PCT_RES": null,
        "TRAV_COUNT": null,
        "LASTUPDATE": null,
        "CREATED_DATE": 1752163478000,
        "LAST_EDITED_DATE": 1752163478000,
        "ChangeType": "Added",
        "Previous_Owner": null,
        "Shape_Length_12_13_14": 2316.77978593958,
        "Shape_Area_12_13_14": 198789.8082346192,
        "Shape_Length": 0.0069018316922985,
        "Shape_Area": 1.9476830108167058e-06
      }
    },
    {
      "type": "Feature",
      "id": 58,
      "geometry": {
        "type": "Polygon",
        "coordinates": [
          [
            [
              -111.84795608499996,
              40.441685826000025
            ],
            [
              -111.84767145199999,
              40.44250414600003
            ],
            [
              -111.84764844899996,
              40.44257168300004
            ],
            [
              -111.84984013199994,
              40.44256947200006
            ],
            [
              -111.84984327899997,
              40.445597519000046
            ],
            [
              -111.84985927399998,
              40.445591586000035
            ],
            [
              -111.84986353,
              40.446220365000045
            ],
            [
              -111.85201042199998,
              40.446209588000045
            ],
            [
              -111.85198974199994,
              40.44380939300004
            ],
            [
              -111.85184745799995,
              40.44339532400005
            ],
            [
              -111.85191780899999,
              40.44338121200008
            ],
            [
              -111.85183794399995,
              40.44305311100004
            ],
            [
              -111.85190158599994,
              40.44305071300005
            ],
            [
              -111.85191628999996,
              40.44271173800007
            ],
            [
              -111.85184152458099,
              40.44270375459742
            ],
            [
              -111.85176652999996,
              40.44269833100003
            ],
            [
              -111.85181189299999,
              40.44221879200006
            ],
            [
              -111.851004134,
              40.442199542000026
            ],
            [
              -111.85057386399995,
              40.44218019700003
            ],
            [
              -111.850262811,
              40.44215414000007
            ],
            [
              -111.84795608499996,
              40.441685826000025
            ]
          ]
        ]
      },
      "properties": {
        "OBJECTID": 58,
        "Join_Count": 1,
        "TARGET_FID": 1580,
        "PARCEL_NO": 110290075,
        "PARCELID": "110290075",
        "PARCELID_LABEL": "11:029:0075",
        "OWNER_NAME": "D R HORTON INC",
        "CARE_NAME": null,
        "ACREAGE": 23.109862,
        "SITE_FULL_ADDRESS": null,
        "OWN_FULL_ADDRESS": "12351 S GATEWAY PARK PL STE D-100  DRAPER, UT 84020",
        "PROP_TYPE": 9999,
        "PROP_TYPE_DESCR": "DEFAULT",
        "SPECIFIC_PROP_TYPE": 9999,
        "SPC_PROP_TYP_DESCR": "DEFAULT",
        "ASMT_YEAR": 2026,
        "ASMT_CODE": "UNK",
        "ASMT_CODE_DESCR": "UNK",
        "MKT_LAND_VALUE": 0,
        "MKT_CUR_VALUE": 0,
        "MKT_PRV_VAL": 0,
        "MKT_VAL_YR_CHG": 0,
        "MKT_PCT_CHG": 0,
        "GLOBALID": "{5A47078F-8F81-4CA8-91E8-632F9A7C5A31}",
        "Code": "MDR",
        "Description": "Medium Density Residential",
        "City": "Lehi",
        "Description_detailed": null,
        "Acres": 63.139494,
        "Unit_Rate": null,
        "CityName": null,
        "AdoptedDate": null,
        "Slope_Score": 7,
        "GP_Score": 8,
        "Utilities_Score": 5,
        "Wetlands_Score": 10,
        "Soil_Score": 10,
        "Ownership_Score": 5,
        "Ownership_Type": "Business",
        "Utility_Proximity_Status": "Unknown - No Data",
        "Final_Score": 7.2,
        "ELEV_CHANGE": 115.65281394531303,
        "SLOPE": 8.149414960126041,
        "Join_Count_12": 1,
        "TARGET_FID_12": 59424,
        "Shape_Length_12": null,
        "Shape_Area_12": null,
        "OBJECTID_1_12": null,
        "Join_Count_12_13": null,
        "TARGET_FID_12_13": null,
        "Id": 2073,
        "gridcode": 1,
        "ClassName": "Not Hydric",
        "Shape_Length_12_13": null,
        "Shape_Area_12_13": null,
        "SITE_HOUSE_NUM": "43",
        "SITE_PRE_DIR": "E",
        "SITE_STREET_NAME": "TALISMAN",
        "SITE_STREET_TYPE": "AVE",
        "SITE_POST_DIR": null,
        "SITE_STREET_UNIT": null,
        "SITE_CITY": "LEHI",
        "SITE_STATE": "UT",
        "SITE_ZIP5": "84003",
        "OWN_STREET_ADDRESS": "12351 S GATEWAY PARK PL STE D-100",
        "OWN_CITY": "DRAPER",
        "OWN_STATE": "UT",
        "OWN_ZIP5": "84020",
        "VESTING_DOC": "46343-2021",
        "PARCEL_CREATE_DATE": 1751328000000,
        "MAP_FILING_NO": "19776 ",
        "SUB_NAME": "INVERNESS, PLAT 5",
        "LEGAL_DESCR": "LOT 223, PLAT 5, INVERNESS SUB AREA 0.300 AC.",
        "BOOK_PAGE": 42116,
        "LOT": "223",
        "BUILDING": null,
        "UNIT": null,
        "TAX_DISTRICT": "010",
        "TAX_DISTRICT_DESCR": "LEHI CITY",
        "SCHOOL_DISTRICT": "ALPINE",
        "TAXABLE_CODE": 100,
        "ACCOUNT_TYPE": null,
        "NEIGHBORHOOD": "9999",
        "NBHD_DISTRICT": null,
        "LAND_DISTRICT": 9999,
        "ECONOMIC_UNIT": null,
        "GLA_WEIGHTED_YRBLT": null,
        "TOTAL_ABOVE_GRADE_AREA": null,
        "TOTAL_MEZZANINE": null,
        "TOTAL_BASEMENT": null,
        "TOTAL_BSMT_FINISH": null,
        "TOTAL_UNIT_COUNT": null,
        "TOTAL_IMP_COUNT": null,
        "MKT_LAND_RES": 0,
        "MKT_LAND_AGR": 0,
        "MKT_LAND_COM": 0,
        "MKT_IMP_VALUE": 0,
        "MKT_IMP_RES": 0,
        "MKT_IMP_AGR": 0,
        "MKT_IMP_COM": 0,
        "TXBL_CUR_VALUE": 0,
        "TXBL_PRV_VAL": 0,
        "TXBL_VAL_YR_CHG": 0,
        "TXBL_PCT_CHG": 0,
        "TOT_CUR_TAXES": 0,
        "TOT_PRV_TAXES": 0,
        "TAXES_YR_CHG": 0,
        "TAXES_PCT_CHG": 0,
        "GREENBELT": null,
        "EXEMPT_RES": "UNK",
        "COMMON_AREA": "Yes",
        "PUBLIC_ROAD": "Yes",
        "PRIVATE_ROAD": null,
        "PART_CENTRAL_ASSD": null,
        "PART_TAXABLE": null,
        "IMP_NO_RES": null,
        "COST_GROUP_RES": null,
        "STYLE_DESCR_RES": null,
        "QUALITY_RES": null,
        "QUALITY_DESCR_RES": null,
        "CONDITION_RES": null,
        "CONDITION_DESCR_RES": null,
        "YEARBLT_RES": null,
        "GLA_RES": null,
        "BASEMENT_RES": null,
        "BSMT_FINISH_RES": null,
        "ATT_GARAGE_SQFT_RES": null,
        "BATHROOMS_RES": null,
        "GLA_BEDROOMS_RES": null,
        "EXTERIOR_RES": null,
        "ALLOCATION_PCT_RES": null,
        "TRAV_COUNT": null,
        "LASTUPDATE": null,
        "CREATED_DATE": 1751370172000,
        "LAST_EDITED_DATE": 1751370172000,
        "ChangeType": "Added",
        "Previous_Owner": null,
        "Shape_Length_12_13_14": 457.87085587025774,
        "Shape_Area_12_13_14": 13072.627356272416,
        "Shape_Length": 0.01713748122722898,
        "Shape_Area": 9.928301941945575e-06
      }
    },
    {
      "type": "Feature",
      "id": 59,
      "geometry": {
        "type": "Polygon",
        "coordinates": [
          [
            [
              -111.89761375999996,
              40.44985653800006
            ],
            [
              -111.89731805699995,
              40.44985658000007
            ],
            [
              -111.89751033699997,
              40.45054410900008
            ],
            [
              -111.89753076100781,
              40.450600148357324
            ],
            [
              -111.8975571382584,
              40.45065364406097
            ],
            [
              -111.897589158003,
              40.450703965881424
            ],
            [
              -111.89762644301894,
              40.450750520980435
            ],
            [
              -111.89766855405375,
              40.450792760895254
            ],
            [
              -111.89771499499994,
              40.450830188000054
            ],
            [
              -111.89771492299997,
              40.450830249000035
            ],
            [
              -111.89833858299994,
              40.45130246000008
            ],
            [
              -111.90048071599995,
              40.45292432400004
            ],
            [
              -111.89924579199999,
              40.45381814500007
            ],
            [
              -111.89816640899994,
              40.45300091900003
            ],
            [
              -111.89844559099998,
              40.452785739000035
            ],
            [
              -111.89784344999998,
              40.45232983200003
            ],
            [
              -111.89737831999997,
              40.452688325000054
            ],
            [
              -111.89734912793062,
              40.45270700765294
            ],
            [
              -111.89731766061234,
              40.45272153439765
            ],
            [
              -111.89728450610534,
              40.45273163375885
            ],
            [
              -111.89725028399994,
              40.45273711700003
            ],
            [
              -111.89703270199999,
              40.45275980400004
            ],
            [
              -111.89717821099998,
              40.45357426000004
            ],
            [
              -111.89729368899998,
              40.453590718000044
            ],
            [
              -111.89781515899995,
              40.453985543000044
            ],
            [
              -111.89804270899998,
              40.45381016600004
            ],
            [
              -111.89841002299994,
              40.45408826800008
            ],
            [
              -111.89745940599994,
              40.454820925000035
            ],
            [
              -111.89681778199997,
              40.45433513000006
            ],
            [
              -111.89713716199998,
              40.454088985000055
            ],
            [
              -111.89710361518964,
              40.454050637566716
            ],
            [
              -111.89707478348106,
              40.45400862986852
            ],
            [
              -111.89705106259834,
              40.45396353847409
            ],
            [
              -111.89703277811793,
              40.453915982276776
            ],
            [
              -111.89702018099996,
              40.45386661400005
            ],
            [
              -111.89661698899994,
              40.45160977000006
            ],
            [
              -111.89627258199994,
              40.45134899000004
            ],
            [
              -111.89627092999996,
              40.451064279000036
            ],
            [
              -111.89626134599996,
              40.44985296900006
            ],
            [
              -111.89618935799996,
              40.44985297900007
            ],
            [
              -111.89619029299996,
              40.45607900500005
            ],
            [
              -111.90094723699997,
              40.45263617900008
            ],
            [
              -111.90094772499998,
              40.45215942500005
            ],
            [
              -111.90024600899994,
              40.45201242500008
            ],
            [
              -111.90025075799997,
              40.45199919100003
            ],
            [
              -111.90020156693062,
              40.45199084244175
            ],
            [
              -111.90015379476726,
              40.45197644521504
            ],
            [
              -111.900108182229,
              40.451956222552425
            ],
            [
              -111.90006543654945,
              40.45193048801125
            ],
            [
              -111.90002622051087,
              40.4518996406119
            ],
            [
              -111.89999114216755,
              40.451864158650864
            ],
            [
              -111.89996074541781,
              40.451824592284666
            ],
            [
              -111.89993550157071,
              40.45178155499951
            ],
            [
              -111.89991580203832,
              40.45173571409909
            ],
            [
              -111.89990195226669,
              40.45168778035778
            ],
            [
              -111.89989416699996,
              40.45163849700003
            ],
            [
              -111.89989591099999,
              40.45149805400007
            ],
            [
              -111.89989225328283,
              40.451456888117576
            ],
            [
              -111.8998831100243,
              40.45141658415251
            ],
            [
              -111.89986864628435,
              40.45137786969781
            ],
            [
              -111.89984912317163,
              40.45134144365154
            ],
            [
              -111.89982489312987,
              40.45130796359999
            ],
            [
              -111.89979639357526,
              40.45127803394641
            ],
            [
              -111.89976413899996,
              40.45125219500005
            ],
            [
              -111.89946624899994,
              40.45102507200005
            ],
            [
              -111.89940677018402,
              40.4509848969223
            ],
            [
              -111.89934397058694,
              40.45095014095847
            ],
            [
              -111.89927834261283,
              40.45092107662588
            ],
            [
              -111.89921040084275,
              40.45089793181451
            ],
            [
              -111.89914067799998,
              40.45088088800003
            ],
            [
              -111.89874091899998,
              40.45079737400005
            ],
            [
              -111.89860790949041,
              40.45076765199195
            ],
            [
              -111.89847589399994,
              40.45073378700005
            ],
            [
              -111.89823565999995,
              40.450668516000064
            ],
            [
              -111.89817252392193,
              40.45065224193324
            ],
            [
              -111.89811116104435,
              40.45063020544404
            ],
            [
              -111.8980520960721,
              40.450602594963215
            ],
            [
              -111.89799583406095,
              40.45056964658388
            ],
            [
              -111.89794285609901,
              40.45053164204274
            ],
            [
              -111.89789361519294,
              40.450488906310966
            ],
            [
              -111.89784853239445,
              40.45044180481546
            ],
            [
              -111.8978079931998,
              40.450390740314106
            ],
            [
              -111.89777234425368,
              40.45033614945188
            ],
            [
              -111.89774189038489,
              40.450278499027114
            ],
            [
              -111.89771689199995,
              40.45021828200004
            ],
            [
              -111.89761375999996,
              40.44985653800006
            ]
          ]
        ]
      },
      "properties": {
        "OBJECTID": 59,
        "Join_Count": 1,
        "TARGET_FID": 1581,
        "PARCEL_NO": 580010081,
        "PARCELID": "580010081",
        "PARCELID_LABEL": "58:001:0081",
        "OWNER_NAME": "GENEVA ROCK PRODUCTS INC",
        "CARE_NAME": null,
        "ACREAGE": 20.514561999999998,
        "SITE_FULL_ADDRESS": null,
        "OWN_FULL_ADDRESS": "730 N 1500 W  OREM, UT 84057-2826",
        "PROP_TYPE": 9999,
        "PROP_TYPE_DESCR": "DEFAULT",
        "SPECIFIC_PROP_TYPE": 9999,
        "SPC_PROP_TYP_DESCR": "DEFAULT",
        "ASMT_YEAR": 2026,
        "ASMT_CODE": "UNK",
        "ASMT_CODE_DESCR": "UNK",
        "MKT_LAND_VALUE": 0,
        "MKT_CUR_VALUE": 0,
        "MKT_PRV_VAL": 0,
        "MKT_VAL_YR_CHG": 0,
        "MKT_PCT_CHG": 0,
        "GLOBALID": "{CB752753-B319-4D61-BB7D-E6123CBF2E88}",
        "Code": "HDR",
        "Description": "High Density Residential",
        "City": "Lehi",
        "Description_detailed": null,
        "Acres": 62.947609,
        "Unit_Rate": null,
        "CityName": null,
        "AdoptedDate": null,
        "Slope_Score": 10,
        "GP_Score": 10,
        "Utilities_Score": 5,
        "Wetlands_Score": 10,
        "Soil_Score": 10,
        "Ownership_Score": 5,
        "Ownership_Type": "Business",
        "Utility_Proximity_Status": "Unknown - No Data",
        "Final_Score": 8,
        "ELEV_CHANGE": 201.89781534667964,
        "SLOPE": 4.1066538579191345,
        "Join_Count_12": 2,
        "TARGET_FID_12": 59528,
        "Shape_Length_12": null,
        "Shape_Area_12": null,
        "OBJECTID_1_12": null,
        "Join_Count_12_13": null,
        "TARGET_FID_12_13": null,
        "Id": 2073,
        "gridcode": 1,
        "ClassName": "Not Hydric",
        "Shape_Length_12_13": null,
        "Shape_Area_12_13": null,
        "SITE_HOUSE_NUM": null,
        "SITE_PRE_DIR": null,
        "SITE_STREET_NAME": null,
        "SITE_STREET_TYPE": null,
        "SITE_POST_DIR": null,
        "SITE_STREET_UNIT": null,
        "SITE_CITY": null,
        "SITE_STATE": null,
        "SITE_ZIP5": null,
        "OWN_STREET_ADDRESS": "3343 PEACHTREE RD NE",
        "OWN_CITY": "ATLANTA",
        "OWN_STATE": "GA",
        "OWN_ZIP5": "30326",
        "VESTING_DOC": "8202-2025",
        "PARCEL_CREATE_DATE": 1753747200000,
        "MAP_FILING_NO": "19828 ",
        "SUB_NAME": "ALTA VISTA",
        "LEGAL_DESCR": "LOT 4, ALTA VISTA SUB AREA 1.465 AC.",
        "BOOK_PAGE": 34792,
        "LOT": "4",
        "BUILDING": null,
        "UNIT": null,
        "TAX_DISTRICT": "010",
        "TAX_DISTRICT_DESCR": "LEHI CITY",
        "SCHOOL_DISTRICT": "ALPINE",
        "TAXABLE_CODE": 100,
        "ACCOUNT_TYPE": null,
        "NEIGHBORHOOD": null,
        "NBHD_DISTRICT": null,
        "LAND_DISTRICT": null,
        "ECONOMIC_UNIT": null,
        "GLA_WEIGHTED_YRBLT": null,
        "TOTAL_ABOVE_GRADE_AREA": null,
        "TOTAL_MEZZANINE": null,
        "TOTAL_BASEMENT": null,
        "TOTAL_BSMT_FINISH": null,
        "TOTAL_UNIT_COUNT": null,
        "TOTAL_IMP_COUNT": null,
        "MKT_LAND_RES": 0,
        "MKT_LAND_AGR": 0,
        "MKT_LAND_COM": 0,
        "MKT_IMP_VALUE": 0,
        "MKT_IMP_RES": 0,
        "MKT_IMP_AGR": 0,
        "MKT_IMP_COM": 0,
        "TXBL_CUR_VALUE": 0,
        "TXBL_PRV_VAL": 0,
        "TXBL_VAL_YR_CHG": 0,
        "TXBL_PCT_CHG": 0,
        "TOT_CUR_TAXES": 0,
        "TOT_PRV_TAXES": 0,
        "TAXES_YR_CHG": 0,
        "TAXES_PCT_CHG": 0,
        "GREENBELT": null,
        "EXEMPT_RES": "UNK",
        "COMMON_AREA": null,
        "PUBLIC_ROAD": "Yes",
        "PRIVATE_ROAD": null,
        "PART_CENTRAL_ASSD": null,
        "PART_TAXABLE": null,
        "IMP_NO_RES": null,
        "COST_GROUP_RES": null,
        "STYLE_DESCR_RES": null,
        "QUALITY_RES": null,
        "QUALITY_DESCR_RES": null,
        "CONDITION_RES": null,
        "CONDITION_DESCR_RES": null,
        "YEARBLT_RES": null,
        "GLA_RES": null,
        "BASEMENT_RES": null,
        "BSMT_FINISH_RES": null,
        "ATT_GARAGE_SQFT_RES": null,
        "BATHROOMS_RES": null,
        "GLA_BEDROOMS_RES": null,
        "EXTERIOR_RES": null,
        "ALLOCATION_PCT_RES": null,
        "TRAV_COUNT": null,
        "LASTUPDATE": null,
        "CREATED_DATE": 1753782535000,
        "LAST_EDITED_DATE": 1753782535000,
        "ChangeType": "Added",
        "Previous_Owner": null,
        "Shape_Length_12_13_14": 1127.7478089419053,
        "Shape_Area_12_13_14": 63820.60614681505,
        "Shape_Length": 0.036111669402778684,
        "Shape_Area": 8.813664503988307e-06
      }
    },
    {
      "type": "Feature",
      "id": 60,
      "geometry": {
        "type": "Polygon",
        "coordinates": [
          [
            [
              -111.84337179299996,
              40.43830110300007
            ],
            [
              -111.84573311499997,
              40.43829473300008
            ],
            [
              -111.84573664673535,
              40.4382681018287
            ],
            [
              -111.84574434647129,
              40.43824236456952
            ],
            [
              -111.84575602033816,
              40.43821816925435
            ],
            [
              -111.84577137440264,
              40.438196125090776
            ],
            [
              -111.84579002206874,
              40.438176787123126
            ],
            [
              -111.84581149381167,
              40.43816064225708
            ],
            [
              -111.84583524899995,
              40.43814809700007
            ],
            [
              -111.84583970343705,
              40.43814574471198
            ],
            [
              -111.84584372968465,
              40.43814271740302
            ],
            [
              -111.84584722635384,
              40.4381390913068
            ],
            [
              -111.84585010539158,
              40.438134957735606
            ],
            [
              -111.84585229429803,
              40.43813042078092
            ],
            [
              -111.84585373795217,
              40.43812559469225
            ],
            [
              -111.84585439999995,
              40.43812060100004
            ],
            [
              -111.84606989299999,
              40.438120010000034
            ],
            [
              -111.84607015499995,
              40.438175827000066
            ],
            [
              -111.84607174340223,
              40.43818229176419
            ],
            [
              -111.8460744039583,
              40.43818839402922
            ],
            [
              -111.84607805976721,
              40.438193957414725
            ],
            [
              -111.84608260516111,
              40.43819882111612
            ],
            [
              -111.84608790875956,
              40.438202844552535
            ],
            [
              -111.84609381726685,
              40.43820591143021
            ],
            [
              -111.84610015990295,
              40.43820793310383
            ],
            [
              -111.84610675333975,
              40.43820885113876
            ],
            [
              -111.84611340699996,
              40.43820863900004
            ],
            [
              -111.84618764399994,
              40.43820843700007
            ],
            [
              -111.84618764499999,
              40.438208657000075
            ],
            [
              -111.84628181599999,
              40.43820835500003
            ],
            [
              -111.84637281604229,
              40.43820589185075
            ],
            [
              -111.84646345912199,
              40.43819747122698
            ],
            [
              -111.84655335564337,
              40.43818312932165
            ],
            [
              -111.84664211921947,
              40.438162927778144
            ],
            [
              -111.84672936833292,
              40.43813695342531
            ],
            [
              -111.84681472797568,
              40.438105317904295
            ],
            [
              -111.84689783126093,
              40.43806815718869
            ],
            [
              -111.84697832099994,
              40.43802563100007
            ],
            [
              -111.84721649699998,
              40.43788499400006
            ],
            [
              -111.84730285070633,
              40.437839021161594
            ],
            [
              -111.84739176230939,
              40.437798214405824
            ],
            [
              -111.847482923084,
              40.43776271542487
            ],
            [
              -111.84757601649524,
              40.4377326474808
            ],
            [
              -111.84767071929755,
              40.437708114977674
            ],
            [
              -111.84776670265715,
              40.43768920309899
            ],
            [
              -111.84786363329381,
              40.437675977511915
            ],
            [
              -111.84796117463809,
              40.437668484139266
            ],
            [
              -111.84805898799999,
              40.43766674900007
            ],
            [
              -111.84952770299998,
              40.43767144700007
            ],
            [
              -111.84952786899999,
              40.43764126100007
            ],
            [
              -111.84955114299999,
              40.43764133600007
            ],
            [
              -111.84956443299995,
              40.43521094300007
            ],
            [
              -111.84988241499997,
              40.435211958000025
            ],
            [
              -111.84988470299999,
              40.43479321700005
            ],
            [
              -111.84993166299995,
              40.43441467100007
            ],
            [
              -111.84993783599998,
              40.433284902000025
            ],
            [
              -111.84986780299994,
              40.43328321400003
            ],
            [
              -111.84986859599996,
              40.43313812800005
            ],
            [
              -111.84977370399997,
              40.43313550900007
            ],
            [
              -111.84977466099997,
              40.43327285600003
            ],
            [
              -111.84968576899996,
              40.43327024400003
            ],
            [
              -111.84968481199996,
              40.433132896000075
            ],
            [
              -111.84949514899995,
              40.433126697000034
            ],
            [
              -111.84949438199999,
              40.43326706400006
            ],
            [
              -111.84840038299996,
              40.43321298400008
            ],
            [
              -111.84840371799999,
              40.43387708700004
            ],
            [
              -111.84773932199994,
              40.43387903300004
            ],
            [
              -111.84773815299997,
              40.43364577300008
            ],
            [
              -111.84334845499995,
              40.43365853600005
            ],
            [
              -111.84337179299996,
              40.43830110300007
            ]
          ]
        ]
      },
      "properties": {
        "OBJECTID": 60,
        "Join_Count": 1,
        "TARGET_FID": 1585,
        "PARCEL_NO": 110290076,
        "PARCELID": "110290076",
        "PARCELID_LABEL": "11:029:0076",
        "OWNER_NAME": "GARDNER-PLUMB LC (ET AL)",
        "CARE_NAME": "%PLUMB, WALTER",
        "ACREAGE": 65.609344,
        "SITE_FULL_ADDRESS": null,
        "OWN_FULL_ADDRESS": "%PLUMB, WALTER  201 S MAIN ST STE 2000  SALT LAKE CITY, UT 84111",
        "PROP_TYPE": 9999,
        "PROP_TYPE_DESCR": "DEFAULT",
        "SPECIFIC_PROP_TYPE": 9999,
        "SPC_PROP_TYP_DESCR": "DEFAULT",
        "ASMT_YEAR": 2026,
        "ASMT_CODE": "UNK",
        "ASMT_CODE_DESCR": "UNK",
        "MKT_LAND_VALUE": 0,
        "MKT_CUR_VALUE": 0,
        "MKT_PRV_VAL": 0,
        "MKT_VAL_YR_CHG": 0,
        "MKT_PCT_CHG": 0,
        "GLOBALID": "{854BF63D-85E6-4C6F-8A0A-704B10D20F0A}",
        "Code": null,
        "Description": "Commercial / Residential",
        "City": "Lehi",
        "Description_detailed": null,
        "Acres": 117.741106,
        "Unit_Rate": null,
        "CityName": null,
        "AdoptedDate": null,
        "Slope_Score": 7,
        "GP_Score": 6,
        "Utilities_Score": 5,
        "Wetlands_Score": 10,
        "Soil_Score": 10,
        "Ownership_Score": 5,
        "Ownership_Type": "Business",
        "Utility_Proximity_Status": "Unknown - No Data",
        "Final_Score": 6.7,
        "ELEV_CHANGE": 48.55418923828165,
        "SLOPE": 5.463415849066055,
        "Join_Count_12": 1,
        "TARGET_FID_12": 59716,
        "Shape_Length_12": null,
        "Shape_Area_12": null,
        "OBJECTID_1_12": null,
        "Join_Count_12_13": null,
        "TARGET_FID_12_13": null,
        "Id": 2073,
        "gridcode": 1,
        "ClassName": "Not Hydric",
        "Shape_Length_12_13": null,
        "Shape_Area_12_13": null,
        "SITE_HOUSE_NUM": "3833",
        "SITE_PRE_DIR": "N",
        "SITE_STREET_NAME": "CENTER",
        "SITE_STREET_TYPE": "ST",
        "SITE_POST_DIR": null,
        "SITE_STREET_UNIT": null,
        "SITE_CITY": "LEHI",
        "SITE_STATE": "UT",
        "SITE_ZIP5": null,
        "OWN_STREET_ADDRESS": "201 S MAIN ST STE 2000",
        "OWN_CITY": "SALT LAKE CITY",
        "OWN_STATE": "UT",
        "OWN_ZIP5": "84111",
        "VESTING_DOC": "206300-2021",
        "PARCEL_CREATE_DATE": 1751500800000,
        "MAP_FILING_NO": "19777 ",
        "SUB_NAME": "LEHI SKY VIEW, PLAT A ",
        "LEGAL_DESCR": "LOT 2, PLAT A, LEHI SKY VIEW SUB AREA 1.382 AC.",
        "BOOK_PAGE": 45853,
        "LOT": "2",
        "BUILDING": null,
        "UNIT": null,
        "TAX_DISTRICT": "010",
        "TAX_DISTRICT_DESCR": "LEHI CITY",
        "SCHOOL_DISTRICT": "ALPINE",
        "TAXABLE_CODE": 100,
        "ACCOUNT_TYPE": null,
        "NEIGHBORHOOD": "9999",
        "NBHD_DISTRICT": null,
        "LAND_DISTRICT": 9999,
        "ECONOMIC_UNIT": null,
        "GLA_WEIGHTED_YRBLT": null,
        "TOTAL_ABOVE_GRADE_AREA": null,
        "TOTAL_MEZZANINE": null,
        "TOTAL_BASEMENT": null,
        "TOTAL_BSMT_FINISH": null,
        "TOTAL_UNIT_COUNT": null,
        "TOTAL_IMP_COUNT": null,
        "MKT_LAND_RES": 0,
        "MKT_LAND_AGR": 0,
        "MKT_LAND_COM": 0,
        "MKT_IMP_VALUE": 0,
        "MKT_IMP_RES": 0,
        "MKT_IMP_AGR": 0,
        "MKT_IMP_COM": 0,
        "TXBL_CUR_VALUE": 0,
        "TXBL_PRV_VAL": 0,
        "TXBL_VAL_YR_CHG": 0,
        "TXBL_PCT_CHG": 0,
        "TOT_CUR_TAXES": 0,
        "TOT_PRV_TAXES": 0,
        "TAXES_YR_CHG": 0,
        "TAXES_PCT_CHG": 0,
        "GREENBELT": null,
        "EXEMPT_RES": "UNK",
        "COMMON_AREA": null,
        "PUBLIC_ROAD": null,
        "PRIVATE_ROAD": null,
        "PART_CENTRAL_ASSD": null,
        "PART_TAXABLE": null,
        "IMP_NO_RES": null,
        "COST_GROUP_RES": null,
        "STYLE_DESCR_RES": null,
        "QUALITY_RES": null,
        "QUALITY_DESCR_RES": null,
        "CONDITION_RES": null,
        "CONDITION_DESCR_RES": null,
        "YEARBLT_RES": null,
        "GLA_RES": null,
        "BASEMENT_RES": null,
        "BSMT_FINISH_RES": null,
        "ATT_GARAGE_SQFT_RES": null,
        "BATHROOMS_RES": null,
        "GLA_BEDROOMS_RES": null,
        "EXTERIOR_RES": null,
        "ALLOCATION_PCT_RES": null,
        "TRAV_COUNT": null,
        "LASTUPDATE": null,
        "CREATED_DATE": 1751556996000,
        "LAST_EDITED_DATE": 1751556996000,
        "ChangeType": "Added",
        "Previous_Owner": null,
        "Shape_Length_12_13_14": 971.3794238725388,
        "Shape_Area_12_13_14": 60205.52174786548,
        "Shape_Length": 0.023864247666570852,
        "Shape_Area": 2.8182959809803873e-05
      }
    },
    {
      "type": "Feature",
      "id": 61,
      "geometry": {
        "type": "Polygon",
        "coordinates": [
          [
            [
              -111.65671133999996,
              40.16886844700008
            ],
            [
              -111.65587576799999,
              40.16886956400003
            ],
            [
              -111.65587789699998,
              40.169806925000046
            ],
            [
              -111.65672086799998,
              40.16980579500006
            ],
            [
              -111.65671133999996,
              40.16886844700008
            ]
          ]
        ]
      },
      "properties": {
        "OBJECTID": 61,
        "Join_Count": 1,
        "TARGET_FID": 1589,
        "PARCEL_NO": 210960032,
        "PARCELID": "210960032",
        "PARCELID_LABEL": "21:096:0032",
        "OWNER_NAME": "LAKESIDE LAND PARTNERS LLC",
        "CARE_NAME": null,
        "ACREAGE": 1.8384829999999999,
        "SITE_FULL_ADDRESS": null,
        "OWN_FULL_ADDRESS": "7585 S UNION PARK AVE STE 200  MIDVALE, UT 84047",
        "PROP_TYPE": 9999,
        "PROP_TYPE_DESCR": "DEFAULT",
        "SPECIFIC_PROP_TYPE": 9999,
        "SPC_PROP_TYP_DESCR": "DEFAULT",
        "ASMT_YEAR": 2026,
        "ASMT_CODE": "UNK",
        "ASMT_CODE_DESCR": "UNK",
        "MKT_LAND_VALUE": 0,
        "MKT_CUR_VALUE": 0,
        "MKT_PRV_VAL": 0,
        "MKT_VAL_YR_CHG": 0,
        "MKT_PCT_CHG": 0,
        "GLOBALID": "{1ADD533F-EF3D-4705-B467-06F171C28E1C}",
        "Code": null,
        "Description": "Medium Density Residential",
        "City": "Springville",
        "Description_detailed": "Any Residential",
        "Acres": null,
        "Unit_Rate": null,
        "CityName": null,
        "AdoptedDate": null,
        "Slope_Score": 10,
        "GP_Score": 8,
        "Utilities_Score": 0,
        "Wetlands_Score": 10,
        "Soil_Score": 7,
        "Ownership_Score": 5,
        "Ownership_Type": "Business",
        "Utility_Proximity_Status": "Not Within 1/8 Mile",
        "Final_Score": 5.95,
        "ELEV_CHANGE": 3.9372482958988257,
        "SLOPE": 0.1451824644324995,
        "Join_Count_12": 1,
        "TARGET_FID_12": 59875,
        "Shape_Length_12": null,
        "Shape_Area_12": null,
        "OBJECTID_1_12": null,
        "Join_Count_12_13": null,
        "TARGET_FID_12_13": null,
        "Id": 1498,
        "gridcode": 2,
        "ClassName": "Partially Hydric (1 - 25%)",
        "Shape_Length_12_13": null,
        "Shape_Area_12_13": null,
        "SITE_HOUSE_NUM": null,
        "SITE_PRE_DIR": null,
        "SITE_STREET_NAME": null,
        "SITE_STREET_TYPE": null,
        "SITE_POST_DIR": null,
        "SITE_STREET_UNIT": null,
        "SITE_CITY": null,
        "SITE_STATE": null,
        "SITE_ZIP5": null,
        "OWN_STREET_ADDRESS": "7585 S UNION PARK AVE STE 200",
        "OWN_CITY": "MIDVALE",
        "OWN_STATE": "UT",
        "OWN_ZIP5": "84047",
        "VESTING_DOC": "83593-2022",
        "PARCEL_CREATE_DATE": 1752019200000,
        "MAP_FILING_NO": null,
        "SUB_NAME": null,
        "LEGAL_DESCR": "COM S 1673.067 FT & W 167.64 FT FR NE COR. SEC. 36, T7S, R2E, SLB&M.; W 233.6 FT; N 0 DEG 20' 47\" W 341.55 FT; E 235.63 FT; S 341.55 FT TO BEG. AREA 1.838 AC.",
        "BOOK_PAGE": 21096,
        "LOT": null,
        "BUILDING": null,
        "UNIT": null,
        "TAX_DISTRICT": "131",
        "TAX_DISTRICT_DESCR": "SPRINGVILLE W/SPRV DRAIN DIST",
        "SCHOOL_DISTRICT": "NEBO",
        "TAXABLE_CODE": 100,
        "ACCOUNT_TYPE": null,
        "NEIGHBORHOOD": "9999",
        "NBHD_DISTRICT": null,
        "LAND_DISTRICT": 9999,
        "ECONOMIC_UNIT": null,
        "GLA_WEIGHTED_YRBLT": null,
        "TOTAL_ABOVE_GRADE_AREA": null,
        "TOTAL_MEZZANINE": null,
        "TOTAL_BASEMENT": null,
        "TOTAL_BSMT_FINISH": null,
        "TOTAL_UNIT_COUNT": null,
        "TOTAL_IMP_COUNT": null,
        "MKT_LAND_RES": 0,
        "MKT_LAND_AGR": 0,
        "MKT_LAND_COM": 0,
        "MKT_IMP_VALUE": 0,
        "MKT_IMP_RES": 0,
        "MKT_IMP_AGR": 0,
        "MKT_IMP_COM": 0,
        "TXBL_CUR_VALUE": 0,
        "TXBL_PRV_VAL": 0,
        "TXBL_VAL_YR_CHG": 0,
        "TXBL_PCT_CHG": 0,
        "TOT_CUR_TAXES": 0,
        "TOT_PRV_TAXES": 0,
        "TAXES_YR_CHG": 0,
        "TAXES_PCT_CHG": 0,
        "GREENBELT": null,
        "EXEMPT_RES": "UNK",
        "COMMON_AREA": null,
        "PUBLIC_ROAD": null,
        "PRIVATE_ROAD": null,
        "PART_CENTRAL_ASSD": null,
        "PART_TAXABLE": null,
        "IMP_NO_RES": null,
        "COST_GROUP_RES": null,
        "STYLE_DESCR_RES": null,
        "QUALITY_RES": null,
        "QUALITY_DESCR_RES": null,
        "CONDITION_RES": null,
        "CONDITION_DESCR_RES": null,
        "YEARBLT_RES": null,
        "GLA_RES": null,
        "BASEMENT_RES": null,
        "BSMT_FINISH_RES": null,
        "ATT_GARAGE_SQFT_RES": null,
        "BATHROOMS_RES": null,
        "GLA_BEDROOMS_RES": null,
        "EXTERIOR_RES": null,
        "ALLOCATION_PCT_RES": null,
        "TRAV_COUNT": null,
        "LASTUPDATE": null,
        "CREATED_DATE": 1752057104000,
        "LAST_EDITED_DATE": 1752057104000,
        "ChangeType": "Added",
        "Previous_Owner": null,
        "Shape_Length_12_13_14": 1151.967190711709,
        "Shape_Area_12_13_14": 80080.55926498941,
        "Shape_Length": 0.0035533043457977352,
        "Shape_Area": 7.867014655482609e-07
      }
    },
    {
      "type": "Feature",
      "id": 62,
      "geometry": {
        "type": "Polygon",
        "coordinates": [
          [
            [
              -111.95458661999999,
              40.34747782200003
            ],
            [
              -111.96408816799999,
              40.34753318800006
            ],
            [
              -111.96413439999998,
              40.34387729600007
            ],
            [
              -111.95936821799995,
              40.34385117800008
            ],
            [
              -111.94984595499994,
              40.343800712000075
            ],
            [
              -111.94793626399996,
              40.343790959000046
            ],
            [
              -111.94833891499997,
              40.34410750700005
            ],
            [
              -111.94841033332536,
              40.3441619815483
            ],
            [
              -111.94847775490166,
              40.34422133122949
            ],
            [
              -111.94854084762947,
              40.34428526370408
            ],
            [
              -111.94859930073206,
              40.344353464058976
            ],
            [
              -111.94865282628615,
              40.34442559635874
            ],
            [
              -111.94870116064017,
              40.344501305300284
            ],
            [
              -111.94874406571293,
              40.34458021796302
            ],
            [
              -111.94878133016631,
              40.34466194564575
            ],
            [
              -111.94881277044627,
              40.344746085781274
            ],
            [
              -111.94883823168698,
              40.34483222391935
            ],
            [
              -111.94885758847364,
              40.34491993576815
            ],
            [
              -111.94887074546027,
              40.345008789284186
            ],
            [
              -111.9488776378393,
              40.345098346800455
            ],
            [
              -111.94887823166087,
              40.34518816718224
            ],
            [
              -111.94887252399997,
              40.34527780800005
            ],
            [
              -111.94886077199999,
              40.34536695800006
            ],
            [
              -111.94886188275929,
              40.34537892761793
            ],
            [
              -111.94886490050044,
              40.345390563715924
            ],
            [
              -111.94886974695699,
              40.34540156450667
            ],
            [
              -111.94887629643391,
              40.3454116446798
            ],
            [
              -111.94888437906764,
              40.34542054280153
            ],
            [
              -111.94889378523146,
              40.34542802809512
            ],
            [
              -111.94890427097236,
              40.34543390642618
            ],
            [
              -111.948915564338,
              40.345438025337565
            ],
            [
              -111.94892737242989,
              40.345440278003494
            ],
            [
              -111.94893938899997,
              40.34544060600007
            ],
            [
              -111.94892175199999,
              40.34557439900004
            ],
            [
              -111.94890801264772,
              40.3455731271177
            ],
            [
              -111.94889424873513,
              40.345574097785104
            ],
            [
              -111.9488808238755,
              40.34557728535928
            ],
            [
              -111.94886809272508,
              40.34558260563129
            ],
            [
              -111.94885639161379,
              40.34558991805088
            ],
            [
              -111.94884602966013,
              40.34559902943944
            ],
            [
              -111.94883728060488,
              40.34560969909349
            ],
            [
              -111.94883037557946,
              40.34562164514343
            ],
            [
              -111.94882549699997,
              40.345634552000035
            ],
            [
              -111.94865063599997,
              40.34562105700007
            ],
            [
              -111.94864952523972,
              40.34560908738259
            ],
            [
              -111.9486465074979,
              40.34559745128508
            ],
            [
              -111.948641661041,
              40.34558645049482
            ],
            [
              -111.94863511156396,
              40.345576370322135
            ],
            [
              -111.94862702893035,
              40.3455674722007
            ],
            [
              -111.94861762276683,
              40.345559986907205
            ],
            [
              -111.94860713702636,
              40.34555410857601
            ],
            [
              -111.9485958436612,
              40.34554998966422
            ],
            [
              -111.94858403556974,
              40.3455477369976
            ],
            [
              -111.94857201899998,
              40.34554740900006
            ],
            [
              -111.94602825099997,
              40.345351066000035
            ],
            [
              -111.945939098117,
              40.34534594870316
            ],
            [
              -111.94584981299994,
              40.345344339000064
            ],
            [
              -111.94508319299996,
              40.34534556600005
            ],
            [
              -111.94507458299995,
              40.34743083500007
            ],
            [
              -111.95458661999999,
              40.34747782200003
            ]
          ]
        ]
      },
      "properties": {
        "OBJECTID": 62,
        "Join_Count": 1,
        "TARGET_FID": 1591,
        "PARCEL_NO": 580410330,
        "PARCELID": "580410330",
        "PARCELID_LABEL": "58:041:0330",
        "OWNER_NAME": "CORP OF PRESIDING BISHOP OF CHURCH OF JESUS CHRIST OF LDS",
        "CARE_NAME": null,
        "ACREAGE": 148.411581,
        "SITE_FULL_ADDRESS": null,
        "OWN_FULL_ADDRESS": "50 E NORTH TEMPLE # 22  SALT LAKE CITY, UT 84150",
        "PROP_TYPE": 9999,
        "PROP_TYPE_DESCR": "DEFAULT",
        "SPECIFIC_PROP_TYPE": 9999,
        "SPC_PROP_TYP_DESCR": "DEFAULT",
        "ASMT_YEAR": 2026,
        "ASMT_CODE": "UNK",
        "ASMT_CODE_DESCR": "UNK",
        "MKT_LAND_VALUE": 0,
        "MKT_CUR_VALUE": 0,
        "MKT_PRV_VAL": 0,
        "MKT_VAL_YR_CHG": 0,
        "MKT_PCT_CHG": 0,
        "GLOBALID": "{557C3854-407E-4725-91A5-0A9E240F6BF6}",
        "Code": null,
        "Description": "Medium Density Residential",
        "City": "Eagle Mountain",
        "Description_detailed": "Any Residential",
        "Acres": null,
        "Unit_Rate": null,
        "CityName": null,
        "AdoptedDate": null,
        "Slope_Score": 10,
        "GP_Score": 8,
        "Utilities_Score": 10,
        "Wetlands_Score": 10,
        "Soil_Score": 10,
        "Ownership_Score": 5,
        "Ownership_Type": "Business",
        "Utility_Proximity_Status": "Within 1/8 Mile",
        "Final_Score": 8.75,
        "ELEV_CHANGE": 4.025757285156033,
        "SLOPE": 3.2087875835574633,
        "Join_Count_12": 1,
        "TARGET_FID_12": 59891,
        "Shape_Length_12": null,
        "Shape_Area_12": null,
        "OBJECTID_1_12": null,
        "Join_Count_12_13": null,
        "TARGET_FID_12_13": null,
        "Id": 2073,
        "gridcode": 1,
        "ClassName": "Not Hydric",
        "Shape_Length_12_13": null,
        "Shape_Area_12_13": null,
        "SITE_HOUSE_NUM": null,
        "SITE_PRE_DIR": null,
        "SITE_STREET_NAME": null,
        "SITE_STREET_TYPE": null,
        "SITE_POST_DIR": null,
        "SITE_STREET_UNIT": null,
        "SITE_CITY": null,
        "SITE_STATE": null,
        "SITE_ZIP5": "84045",
        "OWN_STREET_ADDRESS": "575 N 100 E",
        "OWN_CITY": "AMERICAN FORK",
        "OWN_STATE": "UT",
        "OWN_ZIP5": "84003",
        "VESTING_DOC": "37503-2025",
        "PARCEL_CREATE_DATE": 1749168000000,
        "MAP_FILING_NO": null,
        "SUB_NAME": null,
        "LEGAL_DESCR": "COM S 759.954 FT & W 6.256 FT FR NW COR. SEC. 34, T5S, R2W, SLB&M.; S 89 DEG 50' 4\" E 1164.58 FT; ALONG A CURVE TO R (CHORD BEARS: S 44 DEG 38' 17\" E 309.28 FT, RADIUS = 216.46 FT); ALONG A CURVE TO L (CHORD BEARS: S 45 DEG 34' 58\" E 254.76 FT, RADIUS = 182 FT); N 89 DEG 59' 55\" E 87.33 FT; S 49 FT; S 89 DEG 59' 55\" W 87.33 FT; ALONG A CURVE TO R (CHORD BEARS: N 45 DEG 34' 58\" W 323.35 FT, RADIUS = 231 FT); ALONG A CURVE TO L (CHORD BEARS: N 19 DEG 58' 29\" W 92.84 FT, RADIUS = 170.48 FT); S 1560.87 FT; S 89 DEG 59' 55\" W 579.11 FT; S 0 DEG 0' 2\" E 63.26 FT; W 275.28 FT; ALONG A CURVE TO L (CHORD BEARS: S 86 DEG 33' 21\" W 91.25 FT, RADIUS = 759.5 FT); ALONG A CURVE TO R (CHORD BEARS: S 86 DEG 33' 21\" W 91.85 FT, RADIUS = 764.5 FT); W 191.41 FT; ALONG A CURVE TO L (CHORD BEARS: S 45 DEG 0' 0\" W 34.65 FT, RADIUS = 24.5 FT); S 106.69 FT; N 89 DEG 48' 13\" W 49 FT; N 106.52 FT; ALONG A CURVE TO L (CHORD BEARS: N 45 DEG 0' 0\" W 34.65 FT, RADIUS = 24.5 FT); N 60 FT; ALONG A CURVE TO L (CHORD BEARS: N 45 DEG 0' 0\" E 34.65 FT, RADIUS = 24.5 FT); N 101.38 FT; ALONG A CURVE TO L (CHORD BEARS: N 21 DEG 58' 7\" W 363.25 FT, RADIUS = 485.5 FT); N 43 DEG 56' 14\" W 1115.09 FT; ALONG A CURVE TO R (CHORD BEARS: N 18 DEG 56' 43\" W 451.65 FT, RADIUS = 534.5 FT); N 6 DEG 2' 50\" E 32.65 FT; ALONG A CURVE TO L (CHORD BEARS: N 38 DEG 57' 11\" W 34.65 FT, RADIUS = 24.5 FT); N 6 DEG 2' 49\" E 49 FT; ALONG A CURVE TO L (CHORD BEARS: N 51 DEG 2' 49\" E 34.65 FT, RADIUS = 24.5 FT); S 83 DEG 57' 11\" E 49 FT; ALONG A CURVE TO L (CHORD BEARS: S 38 DEG 57' 11\" E 34.65 FT, RADIUS = 24.5 FT); S 4 DEG 41' 57\" W 63.02 FT; ALONG A CURVE TO L (CHORD BEARS: S 51 DEG 2' 49\" W 16.97 FT, RADIUS = 12 FT); S 6 DEG 2' 49\" W 31.15 FT; ALONG A CURVE TO L (CHORD BEARS: S 18 DEG 56' 43\" E 398.41 FT, RADIUS = 471.5 FT); S 43 DEG 56' 14\" E 82.89 FT; N 46 DEG 3' 46\" E 597.43 FT; N 83 DEG 57' 11\" W 603.95 FT; N 4 DEG 41' 57\" E 63.02 FT; S 83 DEG 57' 11\" E 712.82 FT; ALONG A CURVE TO L (CHORD BEARS: S 86 DEG 53' 38\" E 49.81 FT, RADIUS = 485.5 FT); S 89 DEG 50' 4\" E 214.29 FT TO BEG. AREA 70.110 AC.",
        "BOOK_PAGE": 58041,
        "LOT": null,
        "BUILDING": null,
        "UNIT": null,
        "TAX_DISTRICT": "039",
        "TAX_DISTRICT_DESCR": "SARATOGA SPRINGS",
        "SCHOOL_DISTRICT": "ALPINE",
        "TAXABLE_CODE": 100,
        "ACCOUNT_TYPE": null,
        "NEIGHBORHOOD": "9999",
        "NBHD_DISTRICT": null,
        "LAND_DISTRICT": 9999,
        "ECONOMIC_UNIT": null,
        "GLA_WEIGHTED_YRBLT": null,
        "TOTAL_ABOVE_GRADE_AREA": null,
        "TOTAL_MEZZANINE": null,
        "TOTAL_BASEMENT": null,
        "TOTAL_BSMT_FINISH": null,
        "TOTAL_UNIT_COUNT": null,
        "TOTAL_IMP_COUNT": null,
        "MKT_LAND_RES": 0,
        "MKT_LAND_AGR": 0,
        "MKT_LAND_COM": 0,
        "MKT_IMP_VALUE": 0,
        "MKT_IMP_RES": 0,
        "MKT_IMP_AGR": 0,
        "MKT_IMP_COM": 0,
        "TXBL_CUR_VALUE": 0,
        "TXBL_PRV_VAL": 0,
        "TXBL_VAL_YR_CHG": 0,
        "TXBL_PCT_CHG": 0,
        "TOT_CUR_TAXES": 0,
        "TOT_PRV_TAXES": 0,
        "TAXES_YR_CHG": 0,
        "TAXES_PCT_CHG": 0,
        "GREENBELT": null,
        "EXEMPT_RES": "UNK",
        "COMMON_AREA": null,
        "PUBLIC_ROAD": null,
        "PRIVATE_ROAD": null,
        "PART_CENTRAL_ASSD": null,
        "PART_TAXABLE": null,
        "IMP_NO_RES": null,
        "COST_GROUP_RES": null,
        "STYLE_DESCR_RES": null,
        "QUALITY_RES": null,
        "QUALITY_DESCR_RES": null,
        "CONDITION_RES": null,
        "CONDITION_DESCR_RES": null,
        "YEARBLT_RES": null,
        "GLA_RES": null,
        "BASEMENT_RES": null,
        "BSMT_FINISH_RES": null,
        "ATT_GARAGE_SQFT_RES": null,
        "BATHROOMS_RES": null,
        "GLA_BEDROOMS_RES": null,
        "EXTERIOR_RES": null,
        "ALLOCATION_PCT_RES": null,
        "TRAV_COUNT": null,
        "LASTUPDATE": null,
        "CREATED_DATE": 1749207104000,
        "LAST_EDITED_DATE": 1749207104000,
        "ChangeType": "Added",
        "Previous_Owner": null,
        "Shape_Length_12_13_14": 10778.634715930966,
        "Shape_Area_12_13_14": 3053987.674264696,
        "Shape_Length": 0.047075313640693235,
        "Shape_Area": 6.366832833426973e-05
      }
    },
    {
      "type": "Feature",
      "id": 63,
      "geometry": {
        "type": "Polygon",
        "coordinates": [
          [
            [
              -112.08287501199999,
              40.287309796000045
            ],
            [
              -112.08305817999997,
              40.28738785300004
            ],
            [
              -112.08305516933109,
              40.28739312550095
            ],
            [
              -112.0830530843523,
              40.28739882780367
            ],
            [
              -112.08305198397787,
              40.2874047987809
            ],
            [
              -112.08305189930057,
              40.287410869713504
            ],
            [
              -112.0830528327131,
              40.287416869057964
            ],
            [
              -112.08305475784043,
              40.2874226272936
            ],
            [
              -112.08305762028516,
              40.287427981712625
            ],
            [
              -112.0830613391645,
              40.28743278101771
            ],
            [
              -112.08306580939582,
              40.28743688959714
            ],
            [
              -112.08307090466587,
              40.28744019135667
            ],
            [
              -112.08307648099998,
              40.28744259300004
            ],
            [
              -112.08314637588266,
              40.28747426284678
            ],
            [
              -112.0832132032791,
              40.28751197720614
            ],
            [
              -112.0832764417419,
              40.28755544179679
            ],
            [
              -112.08333559782774,
              40.28760431746893
            ],
            [
              -112.08339020994764,
              40.287658222850645
            ],
            [
              -112.08343985196878,
              40.28771673732368
            ],
            [
              -112.08348413653948,
              40.28777940430554
            ],
            [
              -112.08352271811174,
              40.287845734812095
            ],
            [
              -112.08355529563744,
              40.28791521127313
            ],
            [
              -112.08358161491743,
              40.28798729157084
            ],
            [
              -112.08360147058505,
              40.288061413269965
            ],
            [
              -112.08361470770855,
              40.28813699800639
            ],
            [
              -112.08362122299997,
              40.28821345600005
            ],
            [
              -112.08362103499996,
              40.288247366000064
            ],
            [
              -112.08362581807852,
              40.28833722389628
            ],
            [
              -112.08363681005642,
              40.288426535126106
            ],
            [
              -112.0836539581964,
              40.28851487119262
            ],
            [
              -112.08367718022521,
              40.28860180827751
            ],
            [
              -112.08370636472834,
              40.288686929274505
            ],
            [
              -112.08374137168451,
              40.28876982579054
            ],
            [
              -112.08378203313757,
              40.28885010010516
            ],
            [
              -112.08382815400219,
              40.28892736707869
            ],
            [
              -112.08387951299994,
              40.28900125600006
            ],
            [
              -112.08393968558416,
              40.28907824711074
            ],
            [
              -112.08400410531517,
              40.28915172138698
            ],
            [
              -112.08407256705111,
              40.28922144485309
            ],
            [
              -112.08414485277848,
              40.28928719547766
            ],
            [
              -112.08422073230648,
              40.289348763880646
            ],
            [
              -112.08429996399997,
              40.289405954000074
            ],
            [
              -112.08438777796724,
              40.289468222631186
            ],
            [
              -112.08447162389214,
              40.28953573956348
            ],
            [
              -112.0845511885644,
              40.28960825258438
            ],
            [
              -112.08462617476653,
              40.28968549081817
            ],
            [
              -112.08469630238416,
              40.28976716573791
            ],
            [
              -112.08476130945238,
              40.28985297224322
            ],
            [
              -112.0848209531343,
              40.289942589799956
            ],
            [
              -112.08487501062822,
              40.29003568363766
            ],
            [
              -112.08492327999994,
              40.290131906000056
            ],
            [
              -112.08496098704897,
              40.29020992536571
            ],
            [
              -112.08500325153611,
              40.29028557294393
            ],
            [
              -112.08504992489024,
              40.290358582812964
            ],
            [
              -112.08510084304189,
              40.29042869832335
            ],
            [
              -112.08515582699994,
              40.290495673000066
            ],
            [
              -112.08515627499997,
              40.29049544600008
            ],
            [
              -112.0852421801361,
              40.29058328327267
            ],
            [
              -112.08533296231147,
              40.290666070201006
            ],
            [
              -112.08542832508584,
              40.29074353645257
            ],
            [
              -112.08552795706153,
              40.29081542906896
            ],
            [
              -112.08563153290012,
              40.290881513291936
            ],
            [
              -112.08573871438499,
              40.29094157333
            ],
            [
              -112.08584915152555,
              40.29099541306304
            ],
            [
              -112.08596248370024,
              40.291042856682715
            ],
            [
              -112.08607834083405,
              40.291083749266576
            ],
            [
              -112.08619634460693,
              40.29111795728393
            ],
            [
              -112.08631610968925,
              40.291145369031874
            ],
            [
              -112.08643724499996,
              40.29116589500006
            ],
            [
              -112.08672454699996,
              40.291213363000054
            ],
            [
              -112.08673346046113,
              40.291214631996205
            ],
            [
              -112.08674246284025,
              40.29121450042364
            ],
            [
              -112.08675133540865,
              40.29121297147915
            ],
            [
              -112.0867598625916,
              40.291210082311125
            ],
            [
              -112.0867678372062,
              40.29120590311701
            ],
            [
              -112.08677506549506,
              40.2912005354377
            ],
            [
              -112.08678137183419,
              40.29119410969043
            ],
            [
              -112.08678660299995,
              40.29118678200007
            ],
            [
              -112.08679174099996,
              40.29117559900004
            ],
            [
              -112.08699076099998,
              40.29122980400007
            ],
            [
              -112.08701764199998,
              40.29117521000006
            ],
            [
              -112.08713104399999,
              40.29119394500003
            ],
            [
              -112.08723171751951,
              40.29121382678038
            ],
            [
              -112.08733087593043,
              40.291240247459214
            ],
            [
              -112.08742809499995,
              40.291273094000076
            ],
            [
              -112.08743295303972,
              40.29125214957811
            ],
            [
              -112.08743511399996,
              40.29123075800004
            ],
            [
              -112.08744336418842,
              40.291183283511394
            ],
            [
              -112.08745822736888,
              40.29113744707886
            ],
            [
              -112.08747940642476,
              40.291094164977785
            ],
            [
              -112.08750647798436,
              40.29105430242215
            ],
            [
              -112.08753890088423,
              40.29101865626884
            ],
            [
              -112.08757602698701,
              40.2909879390884
            ],
            [
              -112.08761711413781,
              40.29096276492068
            ],
            [
              -112.08766134099994,
              40.290943637000055
            ],
            [
              -112.08773039406212,
              40.29091841380364
            ],
            [
              -112.08780149779628,
              40.29089973777558
            ],
            [
              -112.08787403292612,
              40.290887771574326
            ],
            [
              -112.08794736770867,
              40.29088261941919
            ],
            [
              -112.08802086343638,
              40.29088432618277
            ],
            [
              -112.08809387999997,
              40.29089287700003
            ],
            [
              -112.08813991999995,
              40.29085922200005
            ],
            [
              -112.08826695599998,
              40.29091189800005
            ],
            [
              -112.08830594526542,
              40.290937716742256
            ],
            [
              -112.08834615399996,
              40.29096159200003
            ],
            [
              -112.08839942450827,
              40.29099341847591
            ],
            [
              -112.08844972053534,
              40.2910297637821
            ],
            [
              -112.08849665980183,
              40.291070351672936
            ],
            [
              -112.08853988554176,
              40.291114873656596
            ],
            [
              -112.08857906921412,
              40.29116299133986
            ],
            [
              -112.08861391299996,
              40.29121433900008
            ],
            [
              -112.08861416499997,
              40.29121476300003
            ],
            [
              -112.08863952667947,
              40.29126219959004
            ],
            [
              -112.08865980331545,
              40.291312022304666
            ],
            [
              -112.08867477380352,
              40.29136368785747
            ],
            [
              -112.08868427489956,
              40.291416632866984
            ],
            [
              -112.08868820299995,
              40.291470280000055
            ],
            [
              -112.08868910399997,
              40.29153112000006
            ],
            [
              -112.08869321319472,
              40.291573161574554
            ],
            [
              -112.08870305287702,
              40.29161424149811
            ],
            [
              -112.08871843686464,
              40.291653582474105
            ],
            [
              -112.08873907406839,
              40.29169044010953
            ],
            [
              -112.08876457399998,
              40.29172411700006
            ],
            [
              -112.08866342199997,
              40.291772094000066
            ],
            [
              -112.08866698899999,
              40.29218706300003
            ],
            [
              -112.08874852599996,
              40.29227997600003
            ],
            [
              -112.08871540799998,
              40.292497808000064
            ],
            [
              -112.08880691080782,
              40.292508007140164
            ],
            [
              -112.0888976773394,
              40.292523441615984
            ],
            [
              -112.08898740830666,
              40.29254406053483
            ],
            [
              -112.08907580783612,
              40.29256979590911
            ],
            [
              -112.08916258444454,
              40.29260056288057
            ],
            [
              -112.08924745199994,
              40.29263626000005
            ],
            [
              -112.08938364992025,
              40.292693109713014
            ],
            [
              -112.0895223746163,
              40.29274348055845
            ],
            [
              -112.08966331808863,
              40.29278726070196
            ],
            [
              -112.08980616741167,
              40.29282435294197
            ],
            [
              -112.08995060542838,
              40.29285467492553
            ],
            [
              -112.09009631145453,
              40.29287815933114
            ],
            [
              -112.09024296199057,
              40.292894754018235
            ],
            [
              -112.09039023143997,
              40.29290442214296
            ],
            [
              -112.09053779283204,
              40.29290714223994
            ],
            [
              -112.09068531854797,
              40.29290290826996
            ],
            [
              -112.0908324810481,
              40.29289172963336
            ],
            [
              -112.09097895359922,
              40.29287363114919
            ],
            [
              -112.09112441099995,
              40.29284865300008
            ],
            [
              -112.09114633699994,
              40.29284441100003
            ],
            [
              -112.09109935799995,
              40.29269629300006
            ],
            [
              -112.09107690799999,
              40.29269975400007
            ],
            [
              -112.09114432899997,
              40.29233706200006
            ],
            [
              -112.09105557299995,
              40.292316534000065
            ],
            [
              -112.09140177799998,
              40.29192979800007
            ],
            [
              -112.09129723496117,
              40.2918766260846
            ],
            [
              -112.09119612292687,
              40.29181718825092
            ],
            [
              -112.09109881699999,
              40.291751705000024
            ],
            [
              -112.09124322499997,
              40.29164636400003
            ],
            [
              -112.09125120799996,
              40.29163979300006
            ],
            [
              -112.09122798399994,
              40.29163975700004
            ],
            [
              -112.09123058899996,
              40.29109088400003
            ],
            [
              -112.09194736099994,
              40.291092020000065
            ],
            [
              -112.09194543599995,
              40.29149837700004
            ],
            [
              -112.09205777599999,
              40.29154104500003
            ],
            [
              -112.09387544899994,
              40.29217496100006
            ],
            [
              -112.09391623899995,
              40.29218973400003
            ],
            [
              -112.09428777199997,
              40.29190208700004
            ],
            [
              -112.0943317814681,
              40.291867360750885
            ],
            [
              -112.09437175696195,
              40.29182805800853
            ],
            [
              -112.09440722508099,
              40.2917846442066
            ],
            [
              -112.09443776580221,
              40.29173763346302
            ],
            [
              -112.0944630174542,
              40.29168758249163
            ],
            [
              -112.0944826810001,
              40.29163508400949
            ],
            [
              -112.09449652357894,
              40.29158075971772
            ],
            [
              -112.09450438126316,
              40.29152525293918
            ],
            [
              -112.09450616099997,
              40.29146922100006
            ],
            [
              -112.09457655688138,
              40.29148023970791
            ],
            [
              -112.09464770085494,
              40.291484180148
            ],
            [
              -112.09471888299998,
              40.29148100300006
            ],
            [
              -112.09490042599998,
              40.29146383700004
            ],
            [
              -112.0948931666255,
              40.291394572647036
            ],
            [
              -112.0948794759778,
              40.29132628783701
            ],
            [
              -112.09485947351446,
              40.29125957838809
            ],
            [
              -112.09483333376669,
              40.29119502637263
            ],
            [
              -112.09480128481647,
              40.291133195038306
            ],
            [
              -112.09476360630646,
              40.29107462389355
            ],
            [
              -112.09472062699996,
              40.291019824000045
            ],
            [
              -112.09450784199998,
              40.29097635100004
            ],
            [
              -112.09446055899997,
              40.290955636000035
            ],
            [
              -112.09427523799997,
              40.29089100700003
            ],
            [
              -112.09423243299995,
              40.29087403300008
            ],
            [
              -112.09409925299997,
              40.29079587000007
            ],
            [
              -112.09407486899994,
              40.29077204600003
            ],
            [
              -112.09398675799997,
              40.29066269500004
            ],
            [
              -112.09396832899995,
              40.29062619300004
            ],
            [
              -112.09368981499995,
              40.29002546400005
            ],
            [
              -112.09330554799999,
              40.29008223100004
            ],
            [
              -112.0932787778652,
              40.290006766250514
            ],
            [
              -112.093254592,
              40.28993043400004
            ],
            [
              -112.09323513299995,
              40.28993330900005
            ],
            [
              -112.09316029899998,
              40.289636245000054
            ],
            [
              -112.09316687199998,
              40.28963524200003
            ],
            [
              -112.09351869199998,
              40.28957684100004
            ],
            [
              -112.09355034999999,
              40.289283699000066
            ],
            [
              -112.09355393799996,
              40.289155237000045
            ],
            [
              -112.09356017199997,
              40.289083961000074
            ],
            [
              -112.09359175799995,
              40.28888469900005
            ],
            [
              -112.09363939699995,
              40.28871008400006
            ],
            [
              -112.09368721599998,
              40.288535499000034
            ],
            [
              -112.09373563099996,
              40.288358738000056
            ],
            [
              -112.09377931699998,
              40.28819610800008
            ],
            [
              -112.09378865299999,
              40.28806773200006
            ],
            [
              -112.09378543899999,
              40.28797659700007
            ],
            [
              -112.09377316199999,
              40.28789530200004
            ],
            [
              -112.09375048399994,
              40.287808796000036
            ],
            [
              -112.09372162999995,
              40.28772999800003
            ],
            [
              -112.09367990999999,
              40.28764778300007
            ],
            [
              -112.09363526299995,
              40.287573430000066
            ],
            [
              -112.09359876099995,
              40.28751901800007
            ],
            [
              -112.09338581499998,
              40.28719677000004
            ],
            [
              -112.09303408399995,
              40.287333078000074
            ],
            [
              -112.09276386099998,
              40.28692414500006
            ],
            [
              -112.09311559099996,
              40.286787838000066
            ],
            [
              -112.09208604599996,
              40.28522977500006
            ],
            [
              -112.09204852599999,
              40.28517868000006
            ],
            [
              -112.09199553999997,
              40.28508607800006
            ],
            [
              -112.09197400599999,
              40.285042376000035
            ],
            [
              -112.09192023399999,
              40.28492066200005
            ],
            [
              -112.09190632699995,
              40.28487523900003
            ],
            [
              -112.09187401899999,
              40.28477726700004
            ],
            [
              -112.09186250699997,
              40.28472576300004
            ],
            [
              -112.09174637199999,
              40.28426207200005
            ],
            [
              -112.09159092863541,
              40.28429625031285
            ],
            [
              -112.09143686797222,
              40.28433620164212
            ],
            [
              -112.09128440433581,
              40.284381870408545
            ],
            [
              -112.09113374982984,
              40.28443319307886
            ],
            [
              -112.09098511404117,
              40.28449009825423
            ],
            [
              -112.09083870374828,
              40.284552506769565
            ],
            [
              -112.09069472263353,
              40.28462033180368
            ],
            [
              -112.09055337099994,
              40.284693479000055
            ],
            [
              -112.09035569637706,
              40.284796277501634
            ],
            [
              -112.09015484087708,
              40.284892713265656
            ],
            [
              -112.08995100923812,
              40.28498268799219
            ],
            [
              -112.08974440923198,
              40.28506610996727
            ],
            [
              -112.08953525145239,
              40.285142894156316
            ],
            [
              -112.0893237491002,
              40.28521296229087
            ],
            [
              -112.08911011776625,
              40.28527624294835
            ],
            [
              -112.08889457521147,
              40.28533267162484
            ],
            [
              -112.08867734114493,
              40.28538219080088
            ],
            [
              -112.08845863699997,
              40.28542475000006
            ],
            [
              -112.08838421899998,
              40.285438354000064
            ],
            [
              -112.08820867592831,
              40.28546710604996
            ],
            [
              -112.08803223928093,
              40.28548973699861
            ],
            [
              -112.0878551224317,
              40.285506219477256
            ],
            [
              -112.08767753957717,
              40.28551653355278
            ],
            [
              -112.08749970547738,
              40.28552066675184
            ],
            [
              -112.08732183519628,
              40.285518614075954
            ],
            [
              -112.08714414384153,
              40.28551037800752
            ],
            [
              -112.0869668463044,
              40.285495968506844
            ],
            [
              -112.08679015699994,
              40.28547540300008
            ],
            [
              -112.08662899687685,
              40.28545141609787
            ],
            [
              -112.08646694987641,
              40.28543442414675
            ],
            [
              -112.0863043194612,
              40.285424458967235
            ],
            [
              -112.08614141018636,
              40.28542153922094
            ],
            [
              -112.08597852712919,
              40.28542567037563
            ],
            [
              -112.08581597531794,
              40.285436844694964
            ],
            [
              -112.08565405916053,
              40.28545504125299
            ],
            [
              -112.08549308187452,
              40.28548022597332
            ],
            [
              -112.08533334491922,
              40.28551235169299
            ],
            [
              -112.08517514743123,
              40.285551358250714
            ],
            [
              -112.0850187856642,
              40.28559717259961
            ],
            [
              -112.08486455243408,
              40.28564970894394
            ],
            [
              -112.08471273657071,
              40.28570886889983
            ],
            [
              -112.08456362237699,
              40.28577454167946
            ],
            [
              -112.08441748909645,
              40.28584660429857
            ],
            [
              -112.08427461039034,
              40.28592492180676
            ],
            [
              -112.08413525382507,
              40.28600934754021
            ],
            [
              -112.08399968037124,
              40.28609972339633
            ],
            [
              -112.08386814391488,
              40.28619588012985
            ],
            [
              -112.08374089078201,
              40.28629763766974
            ],
            [
              -112.08361815927731,
              40.28640480545645
            ],
            [
              -112.08350017923793,
              40.28651718279873
            ],
            [
              -112.08338717160301,
              40.286634559249535
            ],
            [
              -112.08327934799996,
              40.286756715000024
            ],
            [
              -112.08287501199999,
              40.287309796000045
            ]
          ]
        ]
      },
      "properties": {
        "OBJECTID": 63,
        "Join_Count": 1,
        "TARGET_FID": 1593,
        "PARCEL_NO": 590520034,
        "PARCELID": "590520034",
        "PARCELID_LABEL": "59:052:0034",
        "OWNER_NAME": "DAICLH LLC",
        "CARE_NAME": null,
        "ACREAGE": 141.535819,
        "SITE_FULL_ADDRESS": null,
        "OWN_FULL_ADDRESS": "14034 S 145 E STE 204  DRAPER, UT 84020",
        "PROP_TYPE": 900,
        "PROP_TYPE_DESCR": "VACANT",
        "SPECIFIC_PROP_TYPE": 901,
        "SPC_PROP_TYP_DESCR": "Vac Res",
        "ASMT_YEAR": 2026,
        "ASMT_CODE": "V",
        "ASMT_CODE_DESCR": "VACANT",
        "MKT_LAND_VALUE": 8619800,
        "MKT_CUR_VALUE": 8619800,
        "MKT_PRV_VAL": 0,
        "MKT_VAL_YR_CHG": 8619800,
        "MKT_PCT_CHG": 0,
        "GLOBALID": "{1D48C38A-8452-4C5E-B1E8-FB16DB8D04EA}",
        "Code": null,
        "Description": "Medium Density Residential",
        "City": "Eagle Mountain",
        "Description_detailed": "Any Residential",
        "Acres": null,
        "Unit_Rate": null,
        "CityName": null,
        "AdoptedDate": null,
        "Slope_Score": 10,
        "GP_Score": 8,
        "Utilities_Score": 10,
        "Wetlands_Score": 10,
        "Soil_Score": 10,
        "Ownership_Score": 5,
        "Ownership_Type": "Business",
        "Utility_Proximity_Status": "Within 1/8 Mile",
        "Final_Score": 8.75,
        "ELEV_CHANGE": 29.427837202148112,
        "SLOPE": 1.7529656034144512,
        "Join_Count_12": 1,
        "TARGET_FID_12": 59914,
        "Shape_Length_12": null,
        "Shape_Area_12": null,
        "OBJECTID_1_12": null,
        "Join_Count_12_13": null,
        "TARGET_FID_12_13": null,
        "Id": 2073,
        "gridcode": 1,
        "ClassName": "Not Hydric",
        "Shape_Length_12_13": null,
        "Shape_Area_12_13": null,
        "SITE_HOUSE_NUM": " ",
        "SITE_PRE_DIR": null,
        "SITE_STREET_NAME": null,
        "SITE_STREET_TYPE": null,
        "SITE_POST_DIR": null,
        "SITE_STREET_UNIT": null,
        "SITE_CITY": "EAGLE MOUNTAIN",
        "SITE_STATE": "UT",
        "SITE_ZIP5": "84013",
        "OWN_STREET_ADDRESS": "1650 E STAGECOACH RUN",
        "OWN_CITY": "EAGLE MOUNTAIN",
        "OWN_STATE": "UT",
        "OWN_ZIP5": "84005",
        "VESTING_DOC": "42780-2025",
        "PARCEL_CREATE_DATE": 1749772800000,
        "MAP_FILING_NO": "19757 ",
        "SUB_NAME": "FIREFLY NPA 8 PHASE A, PLAT 2",
        "LEGAL_DESCR": "PARCEL A, PUBLIC OPEN SPACE, PLAT 2, FIREFLY NPA 8, PHASE A SUB AREA 7.203 AC.",
        "BOOK_PAGE": 39398,
        "LOT": null,
        "BUILDING": null,
        "UNIT": null,
        "TAX_DISTRICT": "506",
        "TAX_DISTRICT_DESCR": "EAGLE MTN W/POLE CYN & FF PID 1",
        "SCHOOL_DISTRICT": "NEBO",
        "TAXABLE_CODE": 946,
        "ACCOUNT_TYPE": "EXEMPT",
        "NEIGHBORHOOD": "1000",
        "NBHD_DISTRICT": "8999",
        "LAND_DISTRICT": 8999,
        "ECONOMIC_UNIT": null,
        "GLA_WEIGHTED_YRBLT": 1972.9,
        "TOTAL_ABOVE_GRADE_AREA": 17279,
        "TOTAL_MEZZANINE": 0,
        "TOTAL_BASEMENT": 0,
        "TOTAL_BSMT_FINISH": 0,
        "TOTAL_UNIT_COUNT": null,
        "TOTAL_IMP_COUNT": 7,
        "MKT_LAND_RES": 0,
        "MKT_LAND_AGR": 0,
        "MKT_LAND_COM": 0,
        "MKT_IMP_VALUE": 0,
        "MKT_IMP_RES": 0,
        "MKT_IMP_AGR": 0,
        "MKT_IMP_COM": 0,
        "TXBL_CUR_VALUE": 0,
        "TXBL_PRV_VAL": 0,
        "TXBL_VAL_YR_CHG": 0,
        "TXBL_PCT_CHG": 0,
        "TOT_CUR_TAXES": 0,
        "TOT_PRV_TAXES": 0,
        "TAXES_YR_CHG": 0,
        "TAXES_PCT_CHG": 0,
        "GREENBELT": null,
        "EXEMPT_RES": "UNK",
        "COMMON_AREA": null,
        "PUBLIC_ROAD": "Yes",
        "PRIVATE_ROAD": null,
        "PART_CENTRAL_ASSD": null,
        "PART_TAXABLE": null,
        "IMP_NO_RES": null,
        "COST_GROUP_RES": null,
        "STYLE_DESCR_RES": null,
        "QUALITY_RES": null,
        "QUALITY_DESCR_RES": null,
        "CONDITION_RES": null,
        "CONDITION_DESCR_RES": null,
        "YEARBLT_RES": null,
        "GLA_RES": null,
        "BASEMENT_RES": null,
        "BSMT_FINISH_RES": null,
        "ATT_GARAGE_SQFT_RES": null,
        "BATHROOMS_RES": null,
        "GLA_BEDROOMS_RES": null,
        "EXTERIOR_RES": null,
        "ALLOCATION_PCT_RES": null,
        "TRAV_COUNT": null,
        "LASTUPDATE": null,
        "CREATED_DATE": 1749813646000,
        "LAST_EDITED_DATE": 1749813646000,
        "ChangeType": "Added",
        "Previous_Owner": null,
        "Shape_Length_12_13_14": 2332.96079879936,
        "Shape_Area_12_13_14": 313757.77185310866,
        "Shape_Length": 0.038631560443731644,
        "Shape_Area": 6.066522300866959e-05
      }
    },
    {
      "type": "Feature",
      "id": 64,
      "geometry": {
        "type": "Polygon",
        "coordinates": [
          [
            [
              -111.64749335899995,
              40.09299471600008
            ],
            [
              -111.64766345199996,
              40.09222686500004
            ],
            [
              -111.64560614999999,
              40.09197926200005
            ],
            [
              -111.64555079999997,
              40.09207081400007
            ],
            [
              -111.64560694899995,
              40.092076519000045
            ],
            [
              -111.64540771099996,
              40.092379349000055
            ],
            [
              -111.64551856699995,
              40.093158964000054
            ],
            [
              -111.64559289999994,
              40.09374051300006
            ],
            [
              -111.64617677999996,
              40.093826920000026
            ],
            [
              -111.64620252199995,
              40.09355577600007
            ],
            [
              -111.64724430999996,
              40.092765548000045
            ],
            [
              -111.64749335899995,
              40.09299471600008
            ]
          ]
        ]
      },
      "properties": {
        "OBJECTID": 64,
        "Join_Count": 1,
        "TARGET_FID": 1602,
        "PARCEL_NO": 270400067,
        "PARCELID": "270400067",
        "PARCELID_LABEL": "27:040:0067",
        "OWNER_NAME": "BIG ROCK PROPERTIES LLC",
        "CARE_NAME": null,
        "ACREAGE": 5.978967,
        "SITE_FULL_ADDRESS": null,
        "OWN_FULL_ADDRESS": "985 W 14600 S  BLUFFDALE, UT 84065",
        "PROP_TYPE": 9999,
        "PROP_TYPE_DESCR": "DEFAULT",
        "SPECIFIC_PROP_TYPE": 9999,
        "SPC_PROP_TYP_DESCR": "DEFAULT",
        "ASMT_YEAR": 2026,
        "ASMT_CODE": "UNK",
        "ASMT_CODE_DESCR": "UNK",
        "MKT_LAND_VALUE": 0,
        "MKT_CUR_VALUE": 0,
        "MKT_PRV_VAL": 0,
        "MKT_VAL_YR_CHG": 0,
        "MKT_PCT_CHG": 0,
        "GLOBALID": "{AC4B1B57-1865-473E-8BA7-AA957037C8BF}",
        "Code": null,
        "Description": "Medium Density Residential",
        "City": "Spanish Fork",
        "Description_detailed": null,
        "Acres": 870.516,
        "Unit_Rate": null,
        "CityName": null,
        "AdoptedDate": null,
        "Slope_Score": 10,
        "GP_Score": 8,
        "Utilities_Score": 5,
        "Wetlands_Score": 10,
        "Soil_Score": 1,
        "Ownership_Score": 5,
        "Ownership_Type": "Business",
        "Utility_Proximity_Status": "Unknown - No Data",
        "Final_Score": 6.6,
        "ELEV_CHANGE": 15.70293646972641,
        "SLOPE": 1.2562342921641731,
        "Join_Count_12": 1,
        "TARGET_FID_12": 60274,
        "Shape_Length_12": null,
        "Shape_Area_12": null,
        "OBJECTID_1_12": null,
        "Join_Count_12_13": null,
        "TARGET_FID_12_13": null,
        "Id": 1582,
        "gridcode": 5,
        "ClassName": "Mostly Hydric (76 - 95%)",
        "Shape_Length_12_13": null,
        "Shape_Area_12_13": null,
        "SITE_HOUSE_NUM": null,
        "SITE_PRE_DIR": null,
        "SITE_STREET_NAME": null,
        "SITE_STREET_TYPE": null,
        "SITE_POST_DIR": null,
        "SITE_STREET_UNIT": null,
        "SITE_CITY": null,
        "SITE_STATE": null,
        "SITE_ZIP5": "84660",
        "OWN_STREET_ADDRESS": "493 E 1350 S",
        "OWN_CITY": "SPANISH FORK",
        "OWN_STATE": "UT",
        "OWN_ZIP5": "84660",
        "VESTING_DOC": "27538-2005",
        "PARCEL_CREATE_DATE": 1749513600000,
        "MAP_FILING_NO": null,
        "SUB_NAME": null,
        "LEGAL_DESCR": "COM N 267.923 FT & E 2502.812 FT FR W 1/4 COR. SEC. 30, T8S, R3E, SLB&M.; S 79 DEG 0' 0\" E 13.45 FT; S 6 DEG 20' 1\" E 230.99 FT; S 77 DEG 42' 23\" E 1.55 FT; S 6 DEG 20' 0\" E 254.09 FT; S 25 DEG 0' 0\" W 136.13 FT; N 82 DEG 22' 16\" W 15.76 FT; N 26 DEG 54' 2\" E 123.63 FT; N 6 DEG 8' 21\" W 285.76 FT; N 5 DEG 30' 48\" W 212.89 FT TO BEG. AREA 0.222 AC.",
        "BOOK_PAGE": 27040,
        "LOT": null,
        "BUILDING": null,
        "UNIT": null,
        "TAX_DISTRICT": "150",
        "TAX_DISTRICT_DESCR": "SPANISH FORK CITY",
        "SCHOOL_DISTRICT": "NEBO",
        "TAXABLE_CODE": 100,
        "ACCOUNT_TYPE": null,
        "NEIGHBORHOOD": "9999",
        "NBHD_DISTRICT": null,
        "LAND_DISTRICT": 9999,
        "ECONOMIC_UNIT": null,
        "GLA_WEIGHTED_YRBLT": null,
        "TOTAL_ABOVE_GRADE_AREA": null,
        "TOTAL_MEZZANINE": null,
        "TOTAL_BASEMENT": null,
        "TOTAL_BSMT_FINISH": null,
        "TOTAL_UNIT_COUNT": null,
        "TOTAL_IMP_COUNT": null,
        "MKT_LAND_RES": 0,
        "MKT_LAND_AGR": 0,
        "MKT_LAND_COM": 0,
        "MKT_IMP_VALUE": 0,
        "MKT_IMP_RES": 0,
        "MKT_IMP_AGR": 0,
        "MKT_IMP_COM": 0,
        "TXBL_CUR_VALUE": 0,
        "TXBL_PRV_VAL": 0,
        "TXBL_VAL_YR_CHG": 0,
        "TXBL_PCT_CHG": 0,
        "TOT_CUR_TAXES": 0,
        "TOT_PRV_TAXES": 0,
        "TAXES_YR_CHG": 0,
        "TAXES_PCT_CHG": 0,
        "GREENBELT": null,
        "EXEMPT_RES": "UNK",
        "COMMON_AREA": null,
        "PUBLIC_ROAD": null,
        "PRIVATE_ROAD": null,
        "PART_CENTRAL_ASSD": null,
        "PART_TAXABLE": null,
        "IMP_NO_RES": null,
        "COST_GROUP_RES": null,
        "STYLE_DESCR_RES": null,
        "QUALITY_RES": null,
        "QUALITY_DESCR_RES": null,
        "CONDITION_RES": null,
        "CONDITION_DESCR_RES": null,
        "YEARBLT_RES": null,
        "GLA_RES": null,
        "BASEMENT_RES": null,
        "BSMT_FINISH_RES": null,
        "ATT_GARAGE_SQFT_RES": null,
        "BATHROOMS_RES": null,
        "GLA_BEDROOMS_RES": null,
        "EXTERIOR_RES": null,
        "ALLOCATION_PCT_RES": null,
        "TRAV_COUNT": null,
        "LASTUPDATE": null,
        "CREATED_DATE": 1749547905000,
        "LAST_EDITED_DATE": 1749547905000,
        "ChangeType": "Added",
        "Previous_Owner": null,
        "Shape_Length_12_13_14": 1273.8682647993137,
        "Shape_Area_12_13_14": 9673.922409969742,
        "Shape_Length": 0.007266896806058751,
        "Shape_Area": 2.555599609823978e-06
      }
    },
    {
      "type": "Feature",
      "id": 65,
      "geometry": {
        "type": "Polygon",
        "coordinates": [
          [
            [
              -111.69447938099995,
              40.05932035200004
            ],
            [
              -111.69491598099995,
              40.059877749000066
            ],
            [
              -111.69543696499994,
              40.06052034000004
            ],
            [
              -111.69604853599998,
              40.06129228400005
            ],
            [
              -111.69619452499995,
              40.06129003900003
            ],
            [
              -111.69614710499997,
              40.061229420000075
            ],
            [
              -111.69802640799998,
              40.061226239000064
            ],
            [
              -111.69808396699995,
              40.057324884000025
            ],
            [
              -111.69802853499999,
              40.05732470500004
            ],
            [
              -111.69447934899995,
              40.05932028400008
            ],
            [
              -111.69447938099995,
              40.05932035200004
            ]
          ]
        ]
      },
      "properties": {
        "OBJECTID": 65,
        "Join_Count": 1,
        "TARGET_FID": 1605,
        "PARCEL_NO": 300090130,
        "PARCELID": "300090130",
        "PARCELID_LABEL": "30:009:0130",
        "OWNER_NAME": "ARROWHEAD RANCH LLC",
        "CARE_NAME": null,
        "ACREAGE": 21.015200999999998,
        "SITE_FULL_ADDRESS": null,
        "OWN_FULL_ADDRESS": "911 E PIONEER RD  DRAPER, UT 84020",
        "PROP_TYPE": 9999,
        "PROP_TYPE_DESCR": "DEFAULT",
        "SPECIFIC_PROP_TYPE": 9999,
        "SPC_PROP_TYP_DESCR": "DEFAULT",
        "ASMT_YEAR": 2026,
        "ASMT_CODE": "UNK",
        "ASMT_CODE_DESCR": "UNK",
        "MKT_LAND_VALUE": 0,
        "MKT_CUR_VALUE": 0,
        "MKT_PRV_VAL": 0,
        "MKT_VAL_YR_CHG": 0,
        "MKT_PCT_CHG": 0,
        "GLOBALID": "{C007AAA4-EA48-4B37-9C74-02886249CB64}",
        "Code": null,
        "Description": "West Transition to I-15",
        "City": "Salem",
        "Description_detailed": null,
        "Acres": 938.81,
        "Unit_Rate": null,
        "CityName": null,
        "AdoptedDate": null,
        "Slope_Score": 10,
        "GP_Score": 4,
        "Utilities_Score": 0,
        "Wetlands_Score": 0,
        "Soil_Score": 0,
        "Ownership_Score": 5,
        "Ownership_Type": "Business",
        "Utility_Proximity_Status": "Not Within 1/8 Mile",
        "Final_Score": 2.75,
        "ELEV_CHANGE": 17.518772475586047,
        "SLOPE": 0.7390695926804942,
        "Join_Count_12": 1,
        "TARGET_FID_12": 60437,
        "Shape_Length_12": null,
        "Shape_Area_12": null,
        "OBJECTID_1_12": null,
        "Join_Count_12_13": null,
        "TARGET_FID_12_13": null,
        "Id": 1694,
        "gridcode": 6,
        "ClassName": "All Hydric",
        "Shape_Length_12_13": null,
        "Shape_Area_12_13": null,
        "SITE_HOUSE_NUM": null,
        "SITE_PRE_DIR": null,
        "SITE_STREET_NAME": null,
        "SITE_STREET_TYPE": null,
        "SITE_POST_DIR": null,
        "SITE_STREET_UNIT": null,
        "SITE_CITY": null,
        "SITE_STATE": null,
        "SITE_ZIP5": "84653",
        "OWN_STREET_ADDRESS": "911 E PIONEER RD",
        "OWN_CITY": "DRAPER",
        "OWN_STATE": "UT",
        "OWN_ZIP5": "84020",
        "VESTING_DOC": "45353-2025 (MORE)",
        "PARCEL_CREATE_DATE": 1751414400000,
        "MAP_FILING_NO": null,
        "SUB_NAME": null,
        "LEGAL_DESCR": "COM S 811.42 FT & W 1024.81 FT FR NW COR. OF SE 1/4, SEC. 3, T9S, R2E, SLB&M.; N 31 DEG 12' 20\" W 260 FT; N 20 DEG 35' 25\" W 145.48 FT; N 20 DEG 9' 7\" W 271.02 FT; N 19 DEG 48' 45\" W 236.95 FT; S 88 DEG 4' 52\" W 62.62 FT; S 87 DEG 55' 47\" W 88.81 FT; S 89 DEG 1' 5\" W 26.58 FT; S 88 DEG 50' 14\" W 3.92 FT; S 0 DEG 46' 35\" W 840.03 FT; N 88 DEG 58' 46\" E 552.87 FT TO BEG. AREA 6.704 AC.",
        "BOOK_PAGE": 30009,
        "LOT": null,
        "BUILDING": null,
        "UNIT": null,
        "TAX_DISTRICT": "180",
        "TAX_DISTRICT_DESCR": "SALEM CITY",
        "SCHOOL_DISTRICT": "NEBO",
        "TAXABLE_CODE": 100,
        "ACCOUNT_TYPE": null,
        "NEIGHBORHOOD": "9999",
        "NBHD_DISTRICT": null,
        "LAND_DISTRICT": 9999,
        "ECONOMIC_UNIT": null,
        "GLA_WEIGHTED_YRBLT": null,
        "TOTAL_ABOVE_GRADE_AREA": null,
        "TOTAL_MEZZANINE": null,
        "TOTAL_BASEMENT": null,
        "TOTAL_BSMT_FINISH": null,
        "TOTAL_UNIT_COUNT": null,
        "TOTAL_IMP_COUNT": null,
        "MKT_LAND_RES": 0,
        "MKT_LAND_AGR": 0,
        "MKT_LAND_COM": 0,
        "MKT_IMP_VALUE": 0,
        "MKT_IMP_RES": 0,
        "MKT_IMP_AGR": 0,
        "MKT_IMP_COM": 0,
        "TXBL_CUR_VALUE": 0,
        "TXBL_PRV_VAL": 0,
        "TXBL_VAL_YR_CHG": 0,
        "TXBL_PCT_CHG": 0,
        "TOT_CUR_TAXES": 0,
        "TOT_PRV_TAXES": 0,
        "TAXES_YR_CHG": 0,
        "TAXES_PCT_CHG": 0,
        "GREENBELT": null,
        "EXEMPT_RES": "UNK",
        "COMMON_AREA": null,
        "PUBLIC_ROAD": null,
        "PRIVATE_ROAD": null,
        "PART_CENTRAL_ASSD": null,
        "PART_TAXABLE": null,
        "IMP_NO_RES": null,
        "COST_GROUP_RES": null,
        "STYLE_DESCR_RES": null,
        "QUALITY_RES": null,
        "QUALITY_DESCR_RES": null,
        "CONDITION_RES": null,
        "CONDITION_DESCR_RES": null,
        "YEARBLT_RES": null,
        "GLA_RES": null,
        "BASEMENT_RES": null,
        "BSMT_FINISH_RES": null,
        "ATT_GARAGE_SQFT_RES": null,
        "BATHROOMS_RES": null,
        "GLA_BEDROOMS_RES": null,
        "EXTERIOR_RES": null,
        "ALLOCATION_PCT_RES": null,
        "TRAV_COUNT": null,
        "LASTUPDATE": null,
        "CREATED_DATE": 1751463374000,
        "LAST_EDITED_DATE": 1751463374000,
        "ChangeType": "Added",
        "Previous_Owner": null,
        "Shape_Length_12_13_14": 2487.611444681694,
        "Shape_Area_12_13_14": 292053.392369761,
        "Shape_Length": 0.01265143049672514,
        "Shape_Area": 8.979492571755848e-06
      }
    },
    {
      "type": "Feature",
      "id": 66,
      "geometry": {
        "type": "Polygon",
        "coordinates": [
          [
            [
              -111.65398009699999,
              40.07987373700007
            ],
            [
              -111.65402889399996,
              40.07982557100007
            ],
            [
              -111.65402080399997,
              40.07830914700003
            ],
            [
              -111.65364094999995,
              40.078059180000025
            ],
            [
              -111.65330875399997,
              40.07797362100007
            ],
            [
              -111.65310183399998,
              40.07793633400007
            ],
            [
              -111.65300816099995,
              40.077946893000046
            ],
            [
              -111.65285952199997,
              40.07792593200003
            ],
            [
              -111.65253122999997,
              40.07785764000005
            ],
            [
              -111.65248960199995,
              40.07801399400006
            ],
            [
              -111.65232383499995,
              40.07841755000004
            ],
            [
              -111.65218325599994,
              40.078433404000066
            ],
            [
              -111.65210614399996,
              40.07842875600005
            ],
            [
              -111.65147091099999,
              40.07832340400006
            ],
            [
              -111.65155150199996,
              40.07809342500008
            ],
            [
              -111.65080313499999,
              40.07791693200005
            ],
            [
              -111.65057550899996,
              40.07764174500005
            ],
            [
              -111.65006196899998,
              40.077285698000026
            ],
            [
              -111.64939446299996,
              40.07905595100004
            ],
            [
              -111.65307820599998,
              40.080453746000046
            ],
            [
              -111.65331194699996,
              40.08054101100004
            ],
            [
              -111.65207821199999,
              40.08344594400006
            ],
            [
              -111.65149171299998,
              40.08490077700003
            ],
            [
              -111.65036939299995,
              40.084621613000024
            ],
            [
              -111.64954207199997,
              40.08621928100007
            ],
            [
              -111.65040997199998,
              40.08643004400005
            ],
            [
              -111.65085655499996,
              40.08612014200003
            ],
            [
              -111.65148556299994,
              40.08605999100007
            ],
            [
              -111.65165758499995,
              40.08612626100006
            ],
            [
              -111.65207893699994,
              40.08604584500006
            ],
            [
              -111.65212816372386,
              40.08603838907852
            ],
            [
              -111.6521779264893,
              40.086036799019354
            ],
            [
              -111.65222752878566,
              40.08604109707802
            ],
            [
              -111.65227627634836,
              40.08605122309621
            ],
            [
              -111.65232348687617,
              40.08606703534389
            ],
            [
              -111.6523684995812,
              40.08608831250299
            ],
            [
              -111.65241068443761,
              40.086114756765156
            ],
            [
              -111.65244945099994,
              40.08614599800006
            ],
            [
              -111.65279112899998,
              40.08649087800006
            ],
            [
              -111.65290093999994,
              40.08653562500007
            ],
            [
              -111.65514148799997,
              40.08350134800003
            ],
            [
              -111.65705993299997,
              40.084217410000065
            ],
            [
              -111.65730074799995,
              40.08339375500003
            ],
            [
              -111.65743349999997,
              40.08333348300005
            ],
            [
              -111.65632886599997,
              40.082823045000055
            ],
            [
              -111.65636847699994,
              40.082748700000025
            ],
            [
              -111.65566728699997,
              40.082036526000024
            ],
            [
              -111.65472526399998,
              40.08136409200006
            ],
            [
              -111.654567268,
              40.08116486800003
            ],
            [
              -111.65396244199997,
              40.080452139000045
            ],
            [
              -111.65395312199996,
              40.08027114500004
            ],
            [
              -111.65398009699999,
              40.07987373700007
            ]
          ]
        ]
      },
      "properties": {
        "OBJECTID": 66,
        "Join_Count": 1,
        "TARGET_FID": 1607,
        "PARCEL_NO": 270450062,
        "PARCELID": "270450062",
        "PARCELID_LABEL": "27:045:0062",
        "OWNER_NAME": "HALVORSEN, GAIL SEYMOUR (ET AL)",
        "CARE_NAME": null,
        "ACREAGE": 63.601684999999996,
        "SITE_FULL_ADDRESS": null,
        "OWN_FULL_ADDRESS": "904 S COLDWATER WAY  MIDWAY, UT 84049",
        "PROP_TYPE": 9999,
        "PROP_TYPE_DESCR": "DEFAULT",
        "SPECIFIC_PROP_TYPE": 9999,
        "SPC_PROP_TYP_DESCR": "DEFAULT",
        "ASMT_YEAR": 2026,
        "ASMT_CODE": "UNK",
        "ASMT_CODE_DESCR": "UNK",
        "MKT_LAND_VALUE": 0,
        "MKT_CUR_VALUE": 0,
        "MKT_PRV_VAL": 0,
        "MKT_VAL_YR_CHG": 0,
        "MKT_PCT_CHG": 0,
        "GLOBALID": "{609C4C04-0FDE-479D-AFC5-7191824FA4BA}",
        "Code": null,
        "Description": "Medium Density Residential",
        "City": "Spanish Fork",
        "Description_detailed": null,
        "Acres": 24.547,
        "Unit_Rate": null,
        "CityName": null,
        "AdoptedDate": null,
        "Slope_Score": 10,
        "GP_Score": 8,
        "Utilities_Score": 5,
        "Wetlands_Score": 0,
        "Soil_Score": 1,
        "Ownership_Score": 10,
        "Ownership_Type": "Private",
        "Utility_Proximity_Status": "Unknown - No Data",
        "Final_Score": 5.85,
        "ELEV_CHANGE": 23.68316325683645,
        "SLOPE": 0.6983782058111977,
        "Join_Count_12": 1,
        "TARGET_FID_12": 60663,
        "Shape_Length_12": null,
        "Shape_Area_12": null,
        "OBJECTID_1_12": null,
        "Join_Count_12_13": null,
        "TARGET_FID_12_13": null,
        "Id": 1604,
        "gridcode": 5,
        "ClassName": "Mostly Hydric (76 - 95%)",
        "Shape_Length_12_13": null,
        "Shape_Area_12_13": null,
        "SITE_HOUSE_NUM": null,
        "SITE_PRE_DIR": null,
        "SITE_STREET_NAME": null,
        "SITE_STREET_TYPE": null,
        "SITE_POST_DIR": null,
        "SITE_STREET_UNIT": null,
        "SITE_CITY": null,
        "SITE_STATE": null,
        "SITE_ZIP5": "84660",
        "OWN_STREET_ADDRESS": "904 S COLDWATER WAY",
        "OWN_CITY": "MIDWAY",
        "OWN_STATE": "UT",
        "OWN_ZIP5": "84049",
        "VESTING_DOC": "36578-2025 (MORE)",
        "PARCEL_CREATE_DATE": 1748995200000,
        "MAP_FILING_NO": null,
        "SUB_NAME": null,
        "LEGAL_DESCR": "COM N 504.507 FT & E 112.813 FT FR W 1/4 COR. SEC. 31, T8S, R3E, SLB&M.; N 38 DEG 0' 0\" E 22.27 FT; N 3 DEG 5' 0\" E 145 FT; N 2 DEG 10' 0\" W 66 FT; N 33 DEG 0' 0\" W 310 FT; N 31 DEG 15' 0\" W 85 FT; N 47 DEG 0' 0\" W 359.93 FT; N 37 DEG 0' 0\" W 325.35 FT; N 22 DEG 21' 28\" E 29.27 FT; N 58 DEG 52' 10\" W 360.8 FT; N 59 DEG 30' 53\" E 43.16 FT; N 12 DEG 45' 29\" E 307.59 FT; S 63 DEG 59' 1\" E 596.97 FT; N 29 DEG 39' 35\" E 1271.05 FT; S 61 DEG 57' 20\" E 34.79 FT; S 37 DEG 10' 19\" E 157.91 FT; ALONG A CURVE TO L (CHORD BEARS: S 70 DEG 30' 52\" E 109.93 FT, RADIUS = 100 FT); N 76 DEG 8' 36\" E 121.51 FT; S 63 DEG 16' 0\" E 53.86 FT; N 83 DEG 0' 0\" E 177.4 FT; N 48 DEG 0' 0\" E 168.44 FT; S 72 DEG 21' 32\" E 254.75 FT; S 21 DEG 47' 10\" W 626.5 FT; N 71 DEG 57' 35\" W 330.17 FT; S 17 DEG 18' 10\" W 554.93 FT; S 18 DEG 9' 57\" W 1113.37 FT; S 63 DEG 58' 53\" E 72.74 FT; S 63 DEG 36' 55\" E 1150 FT; S 16 DEG 15' 0\" W 671.54 FT; N 47 DEG 50' 11\" W 193.63 FT; N 32 DEG 20' 11\" W 118.8 FT; N 72 DEG 50' 11\" W 219.12 FT; N 15 DEG 9' 49\" E 86.78 FT; N 77 DEG 43' 11\" W 181.9 FT; N 85 DEG 25' 0\" W 21.65 FT; S 81 DEG 44' 44\" W 39.77 FT; S 17 DEG 36' 38\" W 154.19 FT; S 11 DEG 39' 23\" W 58.15 FT; N 74 DEG 45' 0\" W 95.2 FT; N 79 DEG 30' 0\" W 42.3 FT; S 81 DEG 45' 0\" W 26.5 FT; N 76 DEG 42' 0\" W 59.49 FT; N 71 DEG 22' 0\" W 98.07 FT; N 49 DEG 19' 0\" W 140 FT; N 0 DEG 8' 9\" W 552.54 FT TO BEG. AREA 63.602 AC.",
        "BOOK_PAGE": 27045,
        "LOT": null,
        "BUILDING": null,
        "UNIT": null,
        "TAX_DISTRICT": "150",
        "TAX_DISTRICT_DESCR": "SPANISH FORK CITY",
        "SCHOOL_DISTRICT": "NEBO",
        "TAXABLE_CODE": 100,
        "ACCOUNT_TYPE": null,
        "NEIGHBORHOOD": "9999",
        "NBHD_DISTRICT": null,
        "LAND_DISTRICT": 9999,
        "ECONOMIC_UNIT": null,
        "GLA_WEIGHTED_YRBLT": null,
        "TOTAL_ABOVE_GRADE_AREA": null,
        "TOTAL_MEZZANINE": null,
        "TOTAL_BASEMENT": null,
        "TOTAL_BSMT_FINISH": null,
        "TOTAL_UNIT_COUNT": null,
        "TOTAL_IMP_COUNT": null,
        "MKT_LAND_RES": 0,
        "MKT_LAND_AGR": 0,
        "MKT_LAND_COM": 0,
        "MKT_IMP_VALUE": 0,
        "MKT_IMP_RES": 0,
        "MKT_IMP_AGR": 0,
        "MKT_IMP_COM": 0,
        "TXBL_CUR_VALUE": 0,
        "TXBL_PRV_VAL": 0,
        "TXBL_VAL_YR_CHG": 0,
        "TXBL_PCT_CHG": 0,
        "TOT_CUR_TAXES": 0,
        "TOT_PRV_TAXES": 0,
        "TAXES_YR_CHG": 0,
        "TAXES_PCT_CHG": 0,
        "GREENBELT": null,
        "EXEMPT_RES": "UNK",
        "COMMON_AREA": null,
        "PUBLIC_ROAD": null,
        "PRIVATE_ROAD": null,
        "PART_CENTRAL_ASSD": null,
        "PART_TAXABLE": null,
        "IMP_NO_RES": null,
        "COST_GROUP_RES": null,
        "STYLE_DESCR_RES": null,
        "QUALITY_RES": null,
        "QUALITY_DESCR_RES": null,
        "CONDITION_RES": null,
        "CONDITION_DESCR_RES": null,
        "YEARBLT_RES": null,
        "GLA_RES": null,
        "BASEMENT_RES": null,
        "BSMT_FINISH_RES": null,
        "ATT_GARAGE_SQFT_RES": null,
        "BATHROOMS_RES": null,
        "GLA_BEDROOMS_RES": null,
        "EXTERIOR_RES": null,
        "ALLOCATION_PCT_RES": null,
        "TRAV_COUNT": null,
        "LASTUPDATE": null,
        "CREATED_DATE": 1749043132000,
        "LAST_EDITED_DATE": 1749043132000,
        "ChangeType": "Added",
        "Previous_Owner": null,
        "Shape_Length_12_13_14": 11611.195449071834,
        "Shape_Area_12_13_14": 2770361.2948929137,
        "Shape_Length": 0.036124350763139475,
        "Shape_Area": 2.7181784263811438e-05
      }
    },
    {
      "type": "Feature",
      "id": 67,
      "geometry": {
        "type": "Polygon",
        "coordinates": [
          [
            [
              -111.85075343799997,
              40.43330380700007
            ],
            [
              -111.84993787399998,
              40.43328416400004
            ],
            [
              -111.84993169799998,
              40.43441464800003
            ],
            [
              -111.84992338799998,
              40.434481636000044
            ],
            [
              -111.85075945499995,
              40.434479133000025
            ],
            [
              -111.85075343799997,
              40.43330380700007
            ]
          ]
        ]
      },
      "properties": {
        "OBJECTID": 67,
        "Join_Count": 1,
        "TARGET_FID": 1617,
        "PARCEL_NO": 458530003,
        "PARCELID": "458530003",
        "PARCELID_LABEL": "45:853:0003",
        "OWNER_NAME": "GARDNER-PLUMB LC (ET AL)",
        "CARE_NAME": null,
        "ACREAGE": 2.270494,
        "SITE_FULL_ADDRESS": "3755 N CENTER ST, LEHI, UT",
        "OWN_FULL_ADDRESS": "201 S MAIN ST STE 2000  SALT LAKE CITY, UT 84111",
        "PROP_TYPE": 9999,
        "PROP_TYPE_DESCR": "DEFAULT",
        "SPECIFIC_PROP_TYPE": 9999,
        "SPC_PROP_TYP_DESCR": "DEFAULT",
        "ASMT_YEAR": 2026,
        "ASMT_CODE": "UNK",
        "ASMT_CODE_DESCR": "UNK",
        "MKT_LAND_VALUE": 0,
        "MKT_CUR_VALUE": 0,
        "MKT_PRV_VAL": 0,
        "MKT_VAL_YR_CHG": 0,
        "MKT_PCT_CHG": 0,
        "GLOBALID": "{8DBF58B0-81E2-4677-9609-2C1D34F6E289}",
        "Code": null,
        "Description": "Commercial / Residential",
        "City": "Lehi",
        "Description_detailed": null,
        "Acres": 117.741106,
        "Unit_Rate": null,
        "CityName": null,
        "AdoptedDate": null,
        "Slope_Score": 7,
        "GP_Score": 6,
        "Utilities_Score": 5,
        "Wetlands_Score": 10,
        "Soil_Score": 10,
        "Ownership_Score": 5,
        "Ownership_Type": "Business",
        "Utility_Proximity_Status": "Unknown - No Data",
        "Final_Score": 6.7,
        "ELEV_CHANGE": 48.55418923828165,
        "SLOPE": 5.463415849066055,
        "Join_Count_12": 1,
        "TARGET_FID_12": 61127,
        "Shape_Length_12": null,
        "Shape_Area_12": null,
        "OBJECTID_1_12": null,
        "Join_Count_12_13": null,
        "TARGET_FID_12_13": null,
        "Id": 2073,
        "gridcode": 1,
        "ClassName": "Not Hydric",
        "Shape_Length_12_13": null,
        "Shape_Area_12_13": null,
        "SITE_HOUSE_NUM": "3755",
        "SITE_PRE_DIR": "N",
        "SITE_STREET_NAME": "CENTER",
        "SITE_STREET_TYPE": "ST",
        "SITE_POST_DIR": null,
        "SITE_STREET_UNIT": null,
        "SITE_CITY": "LEHI",
        "SITE_STATE": "UT",
        "SITE_ZIP5": null,
        "OWN_STREET_ADDRESS": "201 S MAIN ST STE 2000",
        "OWN_CITY": "SALT LAKE CITY",
        "OWN_STATE": "UT",
        "OWN_ZIP5": "84111",
        "VESTING_DOC": "206300-2021 (MORE)",
        "PARCEL_CREATE_DATE": 1751500800000,
        "MAP_FILING_NO": "19777 ",
        "SUB_NAME": "LEHI SKY VIEW, PLAT A ",
        "LEGAL_DESCR": "LOT 3, PLAT A, LEHI SKY VIEW SUB AREA 2.270 AC.",
        "BOOK_PAGE": 45853,
        "LOT": "3",
        "BUILDING": null,
        "UNIT": null,
        "TAX_DISTRICT": "010",
        "TAX_DISTRICT_DESCR": "LEHI CITY",
        "SCHOOL_DISTRICT": "ALPINE",
        "TAXABLE_CODE": 100,
        "ACCOUNT_TYPE": null,
        "NEIGHBORHOOD": "9999",
        "NBHD_DISTRICT": null,
        "LAND_DISTRICT": 9999,
        "ECONOMIC_UNIT": null,
        "GLA_WEIGHTED_YRBLT": null,
        "TOTAL_ABOVE_GRADE_AREA": null,
        "TOTAL_MEZZANINE": null,
        "TOTAL_BASEMENT": null,
        "TOTAL_BSMT_FINISH": null,
        "TOTAL_UNIT_COUNT": null,
        "TOTAL_IMP_COUNT": null,
        "MKT_LAND_RES": 0,
        "MKT_LAND_AGR": 0,
        "MKT_LAND_COM": 0,
        "MKT_IMP_VALUE": 0,
        "MKT_IMP_RES": 0,
        "MKT_IMP_AGR": 0,
        "MKT_IMP_COM": 0,
        "TXBL_CUR_VALUE": 0,
        "TXBL_PRV_VAL": 0,
        "TXBL_VAL_YR_CHG": 0,
        "TXBL_PCT_CHG": 0,
        "TOT_CUR_TAXES": 0,
        "TOT_PRV_TAXES": 0,
        "TAXES_YR_CHG": 0,
        "TAXES_PCT_CHG": 0,
        "GREENBELT": null,
        "EXEMPT_RES": "UNK",
        "COMMON_AREA": null,
        "PUBLIC_ROAD": null,
        "PRIVATE_ROAD": null,
        "PART_CENTRAL_ASSD": null,
        "PART_TAXABLE": null,
        "IMP_NO_RES": null,
        "COST_GROUP_RES": null,
        "STYLE_DESCR_RES": null,
        "QUALITY_RES": null,
        "QUALITY_DESCR_RES": null,
        "CONDITION_RES": null,
        "CONDITION_DESCR_RES": null,
        "YEARBLT_RES": null,
        "GLA_RES": null,
        "BASEMENT_RES": null,
        "BSMT_FINISH_RES": null,
        "ATT_GARAGE_SQFT_RES": null,
        "BATHROOMS_RES": null,
        "GLA_BEDROOMS_RES": null,
        "EXTERIOR_RES": null,
        "ALLOCATION_PCT_RES": null,
        "TRAV_COUNT": null,
        "LASTUPDATE": null,
        "CREATED_DATE": 1751556996000,
        "LAST_EDITED_DATE": 1751556996000,
        "ChangeType": "Added",
        "Previous_Owner": null,
        "Shape_Length_12_13_14": 1324.395328034212,
        "Shape_Area_12_13_14": 98903.1987883062,
        "Shape_Length": 0.004025215005085064,
        "Shape_Area": 9.752926709309895e-07
      }
    },
    {
      "type": "Feature",
      "id": 68,
      "geometry": {
        "type": "Polygon",
        "coordinates": [
          [
            [
              -111.66040973199995,
              40.03455418300007
            ],
            [
              -111.66039634899994,
              40.03370326800007
            ],
            [
              -111.66038028075201,
              40.03368740186417
            ],
            [
              -111.66036701855614,
              40.03366912518447
            ],
            [
              -111.660356918326,
              40.03364892844684
            ],
            [
              -111.66035025111847,
              40.03362735366517
            ],
            [
              -111.66034719585946,
              40.03360497983554
            ],
            [
              -111.66034783454205,
              40.03358240739782
            ],
            [
              -111.66035215002609,
              40.03356024212188
            ],
            [
              -111.66036002649821,
              40.0335390788507
            ],
            [
              -111.66037125257985,
              40.033519485536765
            ],
            [
              -111.66038552699996,
              40.03350198800007
            ],
            [
              -111.66038844587963,
              40.03349776972175
            ],
            [
              -111.66039071328296,
              40.03349316835101
            ],
            [
              -111.66039227999237,
              40.033488283767895
            ],
            [
              -111.66039311199995,
              40.03348322200003
            ],
            [
              -111.66039230899997,
              40.03313930100006
            ],
            [
              -111.66039076591694,
              40.033132850900664
            ],
            [
              -111.66038815028882,
              40.033126756364005
            ],
            [
              -111.66038453804114,
              40.033121194300165
            ],
            [
              -111.66038003402896,
              40.033116326162755
            ],
            [
              -111.66037476899317,
              40.03311229326236
            ],
            [
              -111.66036889576534,
              40.033109212664606
            ],
            [
              -111.6603625848315,
              40.03310717379199
            ],
            [
              -111.6603560193832,
              40.03310623582818
            ],
            [
              -111.66034938999996,
              40.033106426000074
            ],
            [
              -111.65882157499999,
              40.03310852100003
            ],
            [
              -111.658814914718,
              40.03310833763444
            ],
            [
              -111.65880832162453,
              40.033109298934455
            ],
            [
              -111.65880199098527,
              40.03311137642954
            ],
            [
              -111.6587961102929,
              40.03311450859114
            ],
            [
              -111.6587908537141,
              40.03311860265496
            ],
            [
              -111.65878637693142,
              40.033123537368326
            ],
            [
              -111.6587828125324,
              40.033129166581304
            ],
            [
              -111.65878026608276,
              40.03313532357517
            ],
            [
              -111.65877881299997,
              40.033141826000076
            ],
            [
              -111.65879945499995,
              40.03454028800007
            ],
            [
              -111.6588010889128,
              40.03454674897539
            ],
            [
              -111.65880379337514,
              40.03455283993234
            ],
            [
              -111.65880749026282,
              40.03455838492059
            ],
            [
              -111.65881207278328,
              40.03456322376129
            ],
            [
              -111.65881740856064,
              40.03456721667416
            ],
            [
              -111.65882334345952,
              40.03457024831536
            ],
            [
              -111.65882970603768,
              40.03457223110945
            ],
            [
              -111.65883631249841,
              40.03457310777917
            ],
            [
              -111.65884297199995,
              40.03457285300004
            ],
            [
              -111.66040973199995,
              40.03455418300007
            ]
          ]
        ]
      },
      "properties": {
        "OBJECTID": 68,
        "Join_Count": 1,
        "TARGET_FID": 1619,
        "PARCEL_NO": 300440026,
        "PARCELID": "300440026",
        "PARCELID_LABEL": "30:044:0026",
        "OWNER_NAME": "MARITAL TRUST OF THE B L & M F PARK FAMILY REVOCABLE TRUST 05-13-1987 (ET AL)",
        "CARE_NAME": null,
        "ACREAGE": 5.471851,
        "SITE_FULL_ADDRESS": null,
        "OWN_FULL_ADDRESS": "1572 E 350 S  SPRINGVILLE, UT 84663-2728",
        "PROP_TYPE": 9999,
        "PROP_TYPE_DESCR": "DEFAULT",
        "SPECIFIC_PROP_TYPE": 9999,
        "SPC_PROP_TYP_DESCR": "DEFAULT",
        "ASMT_YEAR": 2026,
        "ASMT_CODE": "UNK",
        "ASMT_CODE_DESCR": "UNK",
        "MKT_LAND_VALUE": 0,
        "MKT_CUR_VALUE": 0,
        "MKT_PRV_VAL": 0,
        "MKT_VAL_YR_CHG": 0,
        "MKT_PCT_CHG": 0,
        "GLOBALID": "{2CA8EF06-305B-4C19-BC2E-3386F3863855}",
        "Code": null,
        "Description": "Historic Salem Extension",
        "City": "Salem",
        "Description_detailed": null,
        "Acres": 2656.69,
        "Unit_Rate": null,
        "CityName": null,
        "AdoptedDate": null,
        "Slope_Score": 10,
        "GP_Score": 4,
        "Utilities_Score": 10,
        "Wetlands_Score": 10,
        "Soil_Score": 10,
        "Ownership_Score": 10,
        "Ownership_Type": "Private",
        "Utility_Proximity_Status": "Within 1/8 Mile",
        "Final_Score": 8.5,
        "ELEV_CHANGE": 35.99432312011686,
        "SLOPE": 3.35869469829884,
        "Join_Count_12": 1,
        "TARGET_FID_12": 61146,
        "Shape_Length_12": null,
        "Shape_Area_12": null,
        "OBJECTID_1_12": null,
        "Join_Count_12_13": null,
        "TARGET_FID_12_13": null,
        "Id": 2073,
        "gridcode": 1,
        "ClassName": "Not Hydric",
        "Shape_Length_12_13": null,
        "Shape_Area_12_13": null,
        "SITE_HOUSE_NUM": null,
        "SITE_PRE_DIR": null,
        "SITE_STREET_NAME": null,
        "SITE_STREET_TYPE": null,
        "SITE_POST_DIR": null,
        "SITE_STREET_UNIT": null,
        "SITE_CITY": null,
        "SITE_STATE": null,
        "SITE_ZIP5": "84653",
        "OWN_STREET_ADDRESS": "6965 S UNION PARK CTR STE 310",
        "OWN_CITY": "COTTONWOOD HEIGHTS",
        "OWN_STATE": "UT",
        "OWN_ZIP5": "84047",
        "VESTING_DOC": "43827-2025",
        "PARCEL_CREATE_DATE": 1750377600000,
        "MAP_FILING_NO": null,
        "SUB_NAME": null,
        "LEGAL_DESCR": "COM N 1591.59 FT & E 620.85 FT FR S 1/4 COR. SEC. 13, T9S, R2E, SLB&M.; N 0 DEG 35' 24\" W 1022.91 FT; S 89 DEG 1' 3\" E 205.58 FT; S 0 DEG 35' 24\" E 310.06 FT; ALONG A CURVE TO R (CHORD BEARS: S 2 DEG 15' 50\" E 73.4 FT, RADIUS = 61 FT); ALONG A CURVE TO L (CHORD BEARS: S 17 DEG 21' 41\" W 7.16 FT, RADIUS = 15 FT); S 125.31 FT; ALONG A CURVE TO L (CHORD BEARS: S 45 DEG 0' 0\" E 16.97 FT, RADIUS = 12 FT); E 427.91 FT; ALONG A CURVE TO L (CHORD BEARS: N 44 DEG 43' 33\" E 17.05 FT, RADIUS = 12 FT); N 0 DEG 32' 54\" W 509.57 FT; ALONG A CURVE TO L (CHORD BEARS: N 45 DEG 40' 2\" W 17.01 FT, RADIUS = 12 FT); S 89 DEG 12' 50\" W 438.86 FT; N 89 DEG 1' 3\" W 205.58 FT; N 89 DEG 12' 35\" E 689.07 FT; S 0 DEG 33' 8\" E 1022.21 FT; S 89 DEG 9' 6\" W 688.39 FT TO BEG. AREA 10.687 AC.",
        "BOOK_PAGE": 30044,
        "LOT": null,
        "BUILDING": null,
        "UNIT": null,
        "TAX_DISTRICT": "180",
        "TAX_DISTRICT_DESCR": "SALEM CITY",
        "SCHOOL_DISTRICT": "NEBO",
        "TAXABLE_CODE": 100,
        "ACCOUNT_TYPE": null,
        "NEIGHBORHOOD": "9999",
        "NBHD_DISTRICT": null,
        "LAND_DISTRICT": 9999,
        "ECONOMIC_UNIT": null,
        "GLA_WEIGHTED_YRBLT": null,
        "TOTAL_ABOVE_GRADE_AREA": null,
        "TOTAL_MEZZANINE": null,
        "TOTAL_BASEMENT": null,
        "TOTAL_BSMT_FINISH": null,
        "TOTAL_UNIT_COUNT": null,
        "TOTAL_IMP_COUNT": null,
        "MKT_LAND_RES": 0,
        "MKT_LAND_AGR": 0,
        "MKT_LAND_COM": 0,
        "MKT_IMP_VALUE": 0,
        "MKT_IMP_RES": 0,
        "MKT_IMP_AGR": 0,
        "MKT_IMP_COM": 0,
        "TXBL_CUR_VALUE": 0,
        "TXBL_PRV_VAL": 0,
        "TXBL_VAL_YR_CHG": 0,
        "TXBL_PCT_CHG": 0,
        "TOT_CUR_TAXES": 0,
        "TOT_PRV_TAXES": 0,
        "TAXES_YR_CHG": 0,
        "TAXES_PCT_CHG": 0,
        "GREENBELT": null,
        "EXEMPT_RES": "UNK",
        "COMMON_AREA": null,
        "PUBLIC_ROAD": null,
        "PRIVATE_ROAD": null,
        "PART_CENTRAL_ASSD": null,
        "PART_TAXABLE": null,
        "IMP_NO_RES": null,
        "COST_GROUP_RES": null,
        "STYLE_DESCR_RES": null,
        "QUALITY_RES": null,
        "QUALITY_DESCR_RES": null,
        "CONDITION_RES": null,
        "CONDITION_DESCR_RES": null,
        "YEARBLT_RES": null,
        "GLA_RES": null,
        "BASEMENT_RES": null,
        "BSMT_FINISH_RES": null,
        "ATT_GARAGE_SQFT_RES": null,
        "BATHROOMS_RES": null,
        "GLA_BEDROOMS_RES": null,
        "EXTERIOR_RES": null,
        "ALLOCATION_PCT_RES": null,
        "TRAV_COUNT": null,
        "LASTUPDATE": null,
        "CREATED_DATE": 1750432557000,
        "LAST_EDITED_DATE": 1750432557000,
        "ChangeType": "Added",
        "Previous_Owner": null,
        "Shape_Length_12_13_14": 5375.48843430665,
        "Shape_Area_12_13_14": 465515.0642536,
        "Shape_Length": 0.006114702243363212,
        "Shape_Area": 2.3369346120859978e-06
      }
    },
    {
      "type": "Feature",
      "id": 69,
      "geometry": {
        "type": "Polygon",
        "coordinates": [
          [
            [
              -111.64647244199995,
              40.23087797200003
            ],
            [
              -111.64647587599995,
              40.230380155000034
            ],
            [
              -111.64571455599997,
              40.23039023800004
            ],
            [
              -111.64571563199996,
              40.230201341000054
            ],
            [
              -111.64539476799996,
              40.23020083000006
            ],
            [
              -111.64521254799996,
              40.230266984000025
            ],
            [
              -111.64520661499995,
              40.23085015700008
            ],
            [
              -111.64519469199996,
              40.230850013000065
            ],
            [
              -111.64518559899994,
              40.230849903000035
            ],
            [
              -111.64518516599998,
              40.23087084000008
            ],
            [
              -111.64647244199995,
              40.23087797200003
            ]
          ]
        ]
      },
      "properties": {
        "OBJECTID": 69,
        "Join_Count": 1,
        "TARGET_FID": 1623,
        "PARCEL_NO": 472920003,
        "PARCELID": "472920003",
        "PARCELID_LABEL": "47:292:0003",
        "OWNER_NAME": "SEVENTH DAY ADVENTIST NEVADA UTAH ASSOCIATION (ET AL)",
        "CARE_NAME": "%TREASURER DEPARTMENT",
        "ACREAGE": 1.64866,
        "SITE_FULL_ADDRESS": null,
        "OWN_FULL_ADDRESS": "%TREASURER DEPARTMENT  10475 DOUBLE R BLVD  RENO, NV 89521",
        "PROP_TYPE": 9999,
        "PROP_TYPE_DESCR": "DEFAULT",
        "SPECIFIC_PROP_TYPE": 9999,
        "SPC_PROP_TYP_DESCR": "DEFAULT",
        "ASMT_YEAR": 2026,
        "ASMT_CODE": "UNK",
        "ASMT_CODE_DESCR": "UNK",
        "MKT_LAND_VALUE": 0,
        "MKT_CUR_VALUE": 0,
        "MKT_PRV_VAL": 0,
        "MKT_VAL_YR_CHG": 0,
        "MKT_PCT_CHG": 0,
        "GLOBALID": "{8D04F004-D333-4BB1-9B98-22AC343E2A29}",
        "Code": "R",
        "Description": "Residential",
        "City": "Provo",
        "Description_detailed": null,
        "Acres": null,
        "Unit_Rate": null,
        "CityName": null,
        "AdoptedDate": null,
        "Slope_Score": 10,
        "GP_Score": 5,
        "Utilities_Score": 5,
        "Wetlands_Score": 10,
        "Soil_Score": 10,
        "Ownership_Score": 10,
        "Ownership_Type": "Private",
        "Utility_Proximity_Status": "Unknown - No Data",
        "Final_Score": 7.5,
        "ELEV_CHANGE": 1.7361378662117204,
        "SLOPE": 0.5252106486490034,
        "Join_Count_12": 1,
        "TARGET_FID_12": 61211,
        "Shape_Length_12": null,
        "Shape_Area_12": null,
        "OBJECTID_1_12": null,
        "Join_Count_12_13": null,
        "TARGET_FID_12_13": null,
        "Id": 2073,
        "gridcode": 1,
        "ClassName": "Not Hydric",
        "Shape_Length_12_13": null,
        "Shape_Area_12_13": null,
        "SITE_HOUSE_NUM": null,
        "SITE_PRE_DIR": null,
        "SITE_STREET_NAME": null,
        "SITE_STREET_TYPE": null,
        "SITE_POST_DIR": null,
        "SITE_STREET_UNIT": null,
        "SITE_CITY": null,
        "SITE_STATE": null,
        "SITE_ZIP5": "84606",
        "OWN_STREET_ADDRESS": "10475 DOUBLE R BLVD",
        "OWN_CITY": "RENO",
        "OWN_STATE": "NV",
        "OWN_ZIP5": "89521",
        "VESTING_DOC": "9777-1957 (MORE)",
        "PARCEL_CREATE_DATE": 1750809600000,
        "MAP_FILING_NO": "12998 ",
        "SUB_NAME": "NEVADA-UTAH ASSOCIATION OF SEVENTH-DAY ADVENTISTS",
        "LEGAL_DESCR": "PART LOT 1, NEVADA-UTAH-ASSOCIATION OF SEVENTH-DAY ADVENTISTS SUB DESCRIBED AS FOLLOWS; COM S 0 DEG 0' 16\" W 400.92 FT & S 89 DEG 59' 44\" E 107.79 FT FR N 1/4 COR. SEC. 7, T7S, R3E, SLB&M.; S 89 DEG 29' 15\" E 359.51 FT; S 1 DEG 0' 19\" W 7.63 FT; N 88 DEG 59' 57\" W 2.54 FT; N 88 DEG 59' 51\" W 3.33 FT; S 0 DEG 32' 39\" W 212.5 FT; S 64 DEG 45' 8\" W 56.31 FT; N 89 DEG 47' 0\" W 89.61 FT; N 0 DEG 20' 53\" E 68.83 FT; S 89 DEG 6' 29\" W 212.65 FT; N 0 DEG 24' 2\" E 181.39 FT TO BEG. AREA 1.649 AC.",
        "BOOK_PAGE": 47292,
        "LOT": "1",
        "BUILDING": null,
        "UNIT": null,
        "TAX_DISTRICT": "110",
        "TAX_DISTRICT_DESCR": "PROVO CITY",
        "SCHOOL_DISTRICT": "PROVO",
        "TAXABLE_CODE": 100,
        "ACCOUNT_TYPE": null,
        "NEIGHBORHOOD": "9999",
        "NBHD_DISTRICT": null,
        "LAND_DISTRICT": 9999,
        "ECONOMIC_UNIT": null,
        "GLA_WEIGHTED_YRBLT": null,
        "TOTAL_ABOVE_GRADE_AREA": null,
        "TOTAL_MEZZANINE": null,
        "TOTAL_BASEMENT": null,
        "TOTAL_BSMT_FINISH": null,
        "TOTAL_UNIT_COUNT": null,
        "TOTAL_IMP_COUNT": null,
        "MKT_LAND_RES": 0,
        "MKT_LAND_AGR": 0,
        "MKT_LAND_COM": 0,
        "MKT_IMP_VALUE": 0,
        "MKT_IMP_RES": 0,
        "MKT_IMP_AGR": 0,
        "MKT_IMP_COM": 0,
        "TXBL_CUR_VALUE": 0,
        "TXBL_PRV_VAL": 0,
        "TXBL_VAL_YR_CHG": 0,
        "TXBL_PCT_CHG": 0,
        "TOT_CUR_TAXES": 0,
        "TOT_PRV_TAXES": 0,
        "TAXES_YR_CHG": 0,
        "TAXES_PCT_CHG": 0,
        "GREENBELT": null,
        "EXEMPT_RES": "UNK",
        "COMMON_AREA": null,
        "PUBLIC_ROAD": null,
        "PRIVATE_ROAD": null,
        "PART_CENTRAL_ASSD": null,
        "PART_TAXABLE": null,
        "IMP_NO_RES": null,
        "COST_GROUP_RES": null,
        "STYLE_DESCR_RES": null,
        "QUALITY_RES": null,
        "QUALITY_DESCR_RES": null,
        "CONDITION_RES": null,
        "CONDITION_DESCR_RES": null,
        "YEARBLT_RES": null,
        "GLA_RES": null,
        "BASEMENT_RES": null,
        "BSMT_FINISH_RES": null,
        "ATT_GARAGE_SQFT_RES": null,
        "BATHROOMS_RES": null,
        "GLA_BEDROOMS_RES": null,
        "EXTERIOR_RES": null,
        "ALLOCATION_PCT_RES": null,
        "TRAV_COUNT": null,
        "LASTUPDATE": null,
        "CREATED_DATE": 1750869536000,
        "LAST_EDITED_DATE": 1750869536000,
        "ChangeType": "Added",
        "Previous_Owner": null,
        "Shape_Length_12_13_14": 1193.9707555440323,
        "Shape_Area_12_13_14": 71815.87497836465,
        "Shape_Length": 0.0038752948853784407,
        "Shape_Area": 7.061281296545372e-07
      }
    },
    {
      "type": "Feature",
      "id": 70,
      "geometry": {
        "type": "Polygon",
        "coordinates": [
          [
            [
              -111.94041191899998,
              40.34498680200005
            ],
            [
              -111.94038436699998,
              40.34070419500006
            ],
            [
              -111.939218171,
              40.34070860400004
            ],
            [
              -111.93912904199999,
              40.34077748200008
            ],
            [
              -111.93915055999997,
              40.34413101700005
            ],
            [
              -111.93946427899999,
              40.34412983300007
            ],
            [
              -111.93953542184988,
              40.344125099962056
            ],
            [
              -111.93960669485976,
              40.344127065872364
            ],
            [
              -111.93967746863679,
              40.34413571337056
            ],
            [
              -111.93974711819672,
              40.34415096609292
            ],
            [
              -111.93981502848301,
              40.344172689346735
            ],
            [
              -111.93988059979812,
              40.34420069129978
            ],
            [
              -111.93994325309937,
              40.34423472467432
            ],
            [
              -111.94000243511225,
              40.344274488930765
            ],
            [
              -111.9400576232163,
              40.344319632921625
            ],
            [
              -111.94010833006018,
              40.34436975799244
            ],
            [
              -111.94015410786535,
              40.34442442150214
            ],
            [
              -111.9401945523803,
              40.34448314073196
            ],
            [
              -111.94022930645036,
              40.344545397148124
            ],
            [
              -111.94025806317168,
              40.344610640980925
            ],
            [
              -111.94028056860135,
              40.344678296079586
            ],
            [
              -111.94029662399998,
              40.34474776500008
            ],
            [
              -111.94030651738974,
              40.34480087474771
            ],
            [
              -111.94032334673803,
              40.344852209896395
            ],
            [
              -111.94034681647862,
              40.34490086887019
            ],
            [
              -111.94037651442312,
              40.34494599709358
            ],
            [
              -111.94041191899998,
              40.34498680200005
            ]
          ]
        ]
      },
      "properties": {
        "OBJECTID": 70,
        "Join_Count": 1,
        "TARGET_FID": 1627,
        "PARCEL_NO": 580410335,
        "PARCELID": "580410335",
        "PARCELID_LABEL": "58:041:0335",
        "OWNER_NAME": "CORP OF PRESIDING BISHOP OF CHURCH OF JESUS CHRIST OF LDS",
        "CARE_NAME": null,
        "ACREAGE": 10.478888,
        "SITE_FULL_ADDRESS": null,
        "OWN_FULL_ADDRESS": "50 E NORTH TEMPLE # 22  SALT LAKE CITY, UT 84150",
        "PROP_TYPE": 9999,
        "PROP_TYPE_DESCR": "DEFAULT",
        "SPECIFIC_PROP_TYPE": 9999,
        "SPC_PROP_TYP_DESCR": "DEFAULT",
        "ASMT_YEAR": 2026,
        "ASMT_CODE": "UNK",
        "ASMT_CODE_DESCR": "UNK",
        "MKT_LAND_VALUE": 0,
        "MKT_CUR_VALUE": 0,
        "MKT_PRV_VAL": 0,
        "MKT_VAL_YR_CHG": 0,
        "MKT_PCT_CHG": 0,
        "GLOBALID": "{C79BE74E-4EFB-4131-A9C3-94A0910AFE45}",
        "Code": null,
        "Description": "Medium Density Residential",
        "City": "Saratoga Springs",
        "Description_detailed": "Any Residential",
        "Acres": null,
        "Unit_Rate": null,
        "CityName": null,
        "AdoptedDate": null,
        "Slope_Score": 10,
        "GP_Score": 8,
        "Utilities_Score": 10,
        "Wetlands_Score": 10,
        "Soil_Score": 10,
        "Ownership_Score": 5,
        "Ownership_Type": "Business",
        "Utility_Proximity_Status": "Within 1/8 Mile",
        "Final_Score": 8.75,
        "ELEV_CHANGE": 3.640883354492871,
        "SLOPE": 2.8298678774312194,
        "Join_Count_12": 1,
        "TARGET_FID_12": 61361,
        "Shape_Length_12": null,
        "Shape_Area_12": null,
        "OBJECTID_1_12": null,
        "Join_Count_12_13": null,
        "TARGET_FID_12_13": null,
        "Id": 2073,
        "gridcode": 1,
        "ClassName": "Not Hydric",
        "Shape_Length_12_13": null,
        "Shape_Area_12_13": null,
        "SITE_HOUSE_NUM": null,
        "SITE_PRE_DIR": null,
        "SITE_STREET_NAME": null,
        "SITE_STREET_TYPE": null,
        "SITE_POST_DIR": null,
        "SITE_STREET_UNIT": null,
        "SITE_CITY": null,
        "SITE_STATE": null,
        "SITE_ZIP5": "84045",
        "OWN_STREET_ADDRESS": "575 N 100 E",
        "OWN_CITY": "AMERICAN FORK",
        "OWN_STATE": "UT",
        "OWN_ZIP5": "84003",
        "VESTING_DOC": "37503-2025",
        "PARCEL_CREATE_DATE": 1749168000000,
        "MAP_FILING_NO": null,
        "SUB_NAME": null,
        "LEGAL_DESCR": "COM S 759.954 FT & W 6.256 FT FR NW COR. SEC. 34, T5S, R2W, SLB&M.; S 89 DEG 50' 4\" E 1164.58 FT; ALONG A CURVE TO R (CHORD BEARS: S 44 DEG 38' 17\" E 309.28 FT, RADIUS = 216.46 FT); ALONG A CURVE TO L (CHORD BEARS: S 45 DEG 34' 58\" E 254.76 FT, RADIUS = 182 FT); N 89 DEG 59' 55\" E 87.33 FT; S 49 FT; S 89 DEG 59' 55\" W 87.33 FT; ALONG A CURVE TO R (CHORD BEARS: N 45 DEG 34' 58\" W 323.35 FT, RADIUS = 231 FT); ALONG A CURVE TO L (CHORD BEARS: N 19 DEG 58' 29\" W 92.84 FT, RADIUS = 170.48 FT); S 1560.87 FT; S 89 DEG 59' 55\" W 579.11 FT; S 0 DEG 0' 2\" E 63.26 FT; W 275.28 FT; ALONG A CURVE TO L (CHORD BEARS: S 86 DEG 33' 21\" W 91.25 FT, RADIUS = 759.5 FT); ALONG A CURVE TO R (CHORD BEARS: S 86 DEG 33' 21\" W 91.85 FT, RADIUS = 764.5 FT); W 191.41 FT; ALONG A CURVE TO L (CHORD BEARS: S 45 DEG 0' 0\" W 34.65 FT, RADIUS = 24.5 FT); S 106.69 FT; N 89 DEG 48' 13\" W 49 FT; N 106.52 FT; ALONG A CURVE TO L (CHORD BEARS: N 45 DEG 0' 0\" W 34.65 FT, RADIUS = 24.5 FT); N 60 FT; ALONG A CURVE TO L (CHORD BEARS: N 45 DEG 0' 0\" E 34.65 FT, RADIUS = 24.5 FT); N 101.38 FT; ALONG A CURVE TO L (CHORD BEARS: N 21 DEG 58' 7\" W 363.25 FT, RADIUS = 485.5 FT); N 43 DEG 56' 14\" W 1115.09 FT; ALONG A CURVE TO R (CHORD BEARS: N 18 DEG 56' 43\" W 451.65 FT, RADIUS = 534.5 FT); N 6 DEG 2' 50\" E 32.65 FT; ALONG A CURVE TO L (CHORD BEARS: N 38 DEG 57' 11\" W 34.65 FT, RADIUS = 24.5 FT); N 6 DEG 2' 49\" E 49 FT; ALONG A CURVE TO L (CHORD BEARS: N 51 DEG 2' 49\" E 34.65 FT, RADIUS = 24.5 FT); S 83 DEG 57' 11\" E 49 FT; ALONG A CURVE TO L (CHORD BEARS: S 38 DEG 57' 11\" E 34.65 FT, RADIUS = 24.5 FT); S 4 DEG 41' 57\" W 63.02 FT; ALONG A CURVE TO L (CHORD BEARS: S 51 DEG 2' 49\" W 16.97 FT, RADIUS = 12 FT); S 6 DEG 2' 49\" W 31.15 FT; ALONG A CURVE TO L (CHORD BEARS: S 18 DEG 56' 43\" E 398.41 FT, RADIUS = 471.5 FT); S 43 DEG 56' 14\" E 82.89 FT; N 46 DEG 3' 46\" E 597.43 FT; N 83 DEG 57' 11\" W 603.95 FT; N 4 DEG 41' 57\" E 63.02 FT; S 83 DEG 57' 11\" E 712.82 FT; ALONG A CURVE TO L (CHORD BEARS: S 86 DEG 53' 38\" E 49.81 FT, RADIUS = 485.5 FT); S 89 DEG 50' 4\" E 214.29 FT TO BEG. AREA 70.110 AC.",
        "BOOK_PAGE": 58041,
        "LOT": null,
        "BUILDING": null,
        "UNIT": null,
        "TAX_DISTRICT": "039",
        "TAX_DISTRICT_DESCR": "SARATOGA SPRINGS",
        "SCHOOL_DISTRICT": "ALPINE",
        "TAXABLE_CODE": 100,
        "ACCOUNT_TYPE": null,
        "NEIGHBORHOOD": "9999",
        "NBHD_DISTRICT": null,
        "LAND_DISTRICT": 9999,
        "ECONOMIC_UNIT": null,
        "GLA_WEIGHTED_YRBLT": null,
        "TOTAL_ABOVE_GRADE_AREA": null,
        "TOTAL_MEZZANINE": null,
        "TOTAL_BASEMENT": null,
        "TOTAL_BSMT_FINISH": null,
        "TOTAL_UNIT_COUNT": null,
        "TOTAL_IMP_COUNT": null,
        "MKT_LAND_RES": 0,
        "MKT_LAND_AGR": 0,
        "MKT_LAND_COM": 0,
        "MKT_IMP_VALUE": 0,
        "MKT_IMP_RES": 0,
        "MKT_IMP_AGR": 0,
        "MKT_IMP_COM": 0,
        "TXBL_CUR_VALUE": 0,
        "TXBL_PRV_VAL": 0,
        "TXBL_VAL_YR_CHG": 0,
        "TXBL_PCT_CHG": 0,
        "TOT_CUR_TAXES": 0,
        "TOT_PRV_TAXES": 0,
        "TAXES_YR_CHG": 0,
        "TAXES_PCT_CHG": 0,
        "GREENBELT": null,
        "EXEMPT_RES": "UNK",
        "COMMON_AREA": null,
        "PUBLIC_ROAD": null,
        "PRIVATE_ROAD": null,
        "PART_CENTRAL_ASSD": null,
        "PART_TAXABLE": null,
        "IMP_NO_RES": null,
        "COST_GROUP_RES": null,
        "STYLE_DESCR_RES": null,
        "QUALITY_RES": null,
        "QUALITY_DESCR_RES": null,
        "CONDITION_RES": null,
        "CONDITION_DESCR_RES": null,
        "YEARBLT_RES": null,
        "GLA_RES": null,
        "BASEMENT_RES": null,
        "BSMT_FINISH_RES": null,
        "ATT_GARAGE_SQFT_RES": null,
        "BATHROOMS_RES": null,
        "GLA_BEDROOMS_RES": null,
        "EXTERIOR_RES": null,
        "ALLOCATION_PCT_RES": null,
        "TRAV_COUNT": null,
        "LASTUPDATE": null,
        "CREATED_DATE": 1749207104000,
        "LAST_EDITED_DATE": 1749207104000,
        "ChangeType": "Added",
        "Previous_Owner": null,
        "Shape_Length_12_13_14": 10778.634715930966,
        "Shape_Area_12_13_14": 3053987.674264696,
        "Shape_Length": 0.010640403905593338,
        "Shape_Area": 4.494170286985774e-06
      }
    },
    {
      "type": "Feature",
      "id": 71,
      "geometry": {
        "type": "MultiPolygon",
        "coordinates": [
          [
            [
              [
                -111.94507234399998,
                40.347431193000034
              ],
              [
                -111.94507188799997,
                40.347431193000034
              ],
              [
                -111.94507188799997,
                40.34743144600003
              ],
              [
                -111.94507234399998,
                40.347431193000034
              ]
            ]
          ],
          [
            [
              [
                -111.93946514099997,
                40.34426430700006
              ],
              [
                -111.93915142099996,
                40.344265492000034
              ],
              [
                -111.93916165699994,
                40.34586058800005
              ],
              [
                -111.939171795,
                40.34744039800006
              ],
              [
                -111.94507188799997,
                40.347431193000034
              ],
              [
                -111.94508050099995,
                40.34534557300003
              ],
              [
                -111.94090422199997,
                40.345352166000055
              ],
              [
                -111.9408360321057,
                40.345357321891754
              ],
              [
                -111.94076766390303,
                40.34535582731388
              ],
              [
                -111.94069976446758,
                40.345347696411984
              ],
              [
                -111.9406329764383,
                40.34533300614154
              ],
              [
                -111.94056793193516,
                40.34531189553964
              ],
              [
                -111.94050524657642,
                40.345284564409056
              ],
              [
                -111.94044551365202,
                40.34525127142717
              ],
              [
                -111.94038929850839,
                40.34521233169776
              ],
              [
                -111.9403371331977,
                40.34516811376859
              ],
              [
                -111.94028951144216,
                40.345119036143345
              ],
              [
                -111.94024688396121,
                40.34506556332064
              ],
              [
                -111.94020965420562,
                40.34500820139774
              ],
              [
                -111.94017817453901,
                40.34494749328057
              ],
              [
                -111.94015274290288,
                40.34488401354535
              ],
              [
                -111.94013359999674,
                40.344818363000456
              ],
              [
                -111.94012092699995,
                40.34475116300007
              ],
              [
                -111.94010605232627,
                40.34468871640425
              ],
              [
                -111.94008456728524,
                40.34462822486552
              ],
              [
                -111.94005671963068,
                40.344570385939335
              ],
              [
                -111.94002283048655,
                40.34451586659271
              ],
              [
                -111.93998329064402,
                40.34446529551304
              ],
              [
                -111.939938556055,
                40.34441925585848
              ],
              [
                -111.93988914257443,
                40.34437827853325
              ],
              [
                -111.93983562001162,
                40.344342836065536
              ],
              [
                -111.93977860555964,
                40.344313337158574
              ],
              [
                -111.93971875667809,
                40.3442901219777
              ],
              [
                -111.93965676351166,
                40.344273458227725
              ],
              [
                -111.93959334093181,
                40.344263538065945
              ],
              [
                -111.93952922029314,
                40.34426047588626
              ],
              [
                -111.93946514099997,
                40.34426430700006
              ]
            ]
          ]
        ]
      },
      "properties": {
        "OBJECTID": 71,
        "Join_Count": 1,
        "TARGET_FID": 1635,
        "PARCEL_NO": 580410336,
        "PARCELID": "580410336",
        "PARCELID_LABEL": "58:041:0336",
        "OWNER_NAME": "CORP OF PRESIDING BISHOP OF CHURCH OF JESUS CHRIST OF LDS",
        "CARE_NAME": null,
        "ACREAGE": 31.258467,
        "SITE_FULL_ADDRESS": null,
        "OWN_FULL_ADDRESS": "50 E NORTH TEMPLE # 22  SALT LAKE CITY, UT 84150",
        "PROP_TYPE": 9999,
        "PROP_TYPE_DESCR": "DEFAULT",
        "SPECIFIC_PROP_TYPE": 9999,
        "SPC_PROP_TYP_DESCR": "DEFAULT",
        "ASMT_YEAR": 2026,
        "ASMT_CODE": "UNK",
        "ASMT_CODE_DESCR": "UNK",
        "MKT_LAND_VALUE": 0,
        "MKT_CUR_VALUE": 0,
        "MKT_PRV_VAL": 0,
        "MKT_VAL_YR_CHG": 0,
        "MKT_PCT_CHG": 0,
        "GLOBALID": "{9F041E89-EBE6-48D5-9110-AEB1E5E66FBF}",
        "Code": null,
        "Description": "Mixed Use",
        "City": "Saratoga Springs",
        "Description_detailed": "Mixed Use",
        "Acres": null,
        "Unit_Rate": null,
        "CityName": null,
        "AdoptedDate": null,
        "Slope_Score": 10,
        "GP_Score": 7,
        "Utilities_Score": 10,
        "Wetlands_Score": 0,
        "Soil_Score": 10,
        "Ownership_Score": 5,
        "Ownership_Type": "Business",
        "Utility_Proximity_Status": "Within 1/8 Mile",
        "Final_Score": 7,
        "ELEV_CHANGE": 4.138295864257998,
        "SLOPE": 1.7134754574979167,
        "Join_Count_12": 3,
        "TARGET_FID_12": 61544,
        "Shape_Length_12": null,
        "Shape_Area_12": null,
        "OBJECTID_1_12": null,
        "Join_Count_12_13": null,
        "TARGET_FID_12_13": null,
        "Id": 2073,
        "gridcode": 1,
        "ClassName": "Not Hydric",
        "Shape_Length_12_13": null,
        "Shape_Area_12_13": null,
        "SITE_HOUSE_NUM": null,
        "SITE_PRE_DIR": null,
        "SITE_STREET_NAME": null,
        "SITE_STREET_TYPE": null,
        "SITE_POST_DIR": null,
        "SITE_STREET_UNIT": null,
        "SITE_CITY": null,
        "SITE_STATE": null,
        "SITE_ZIP5": "84045",
        "OWN_STREET_ADDRESS": "575 N 100 E",
        "OWN_CITY": "AMERICAN FORK",
        "OWN_STATE": "UT",
        "OWN_ZIP5": "84003",
        "VESTING_DOC": "37503-2025",
        "PARCEL_CREATE_DATE": 1749168000000,
        "MAP_FILING_NO": null,
        "SUB_NAME": null,
        "LEGAL_DESCR": "COM S 759.954 FT & W 6.256 FT FR NW COR. SEC. 34, T5S, R2W, SLB&M.; S 89 DEG 50' 4\" E 1164.58 FT; ALONG A CURVE TO R (CHORD BEARS: S 44 DEG 38' 17\" E 309.28 FT, RADIUS = 216.46 FT); ALONG A CURVE TO L (CHORD BEARS: S 45 DEG 34' 58\" E 254.76 FT, RADIUS = 182 FT); N 89 DEG 59' 55\" E 87.33 FT; S 49 FT; S 89 DEG 59' 55\" W 87.33 FT; ALONG A CURVE TO R (CHORD BEARS: N 45 DEG 34' 58\" W 323.35 FT, RADIUS = 231 FT); ALONG A CURVE TO L (CHORD BEARS: N 19 DEG 58' 29\" W 92.84 FT, RADIUS = 170.48 FT); S 1560.87 FT; S 89 DEG 59' 55\" W 579.11 FT; S 0 DEG 0' 2\" E 63.26 FT; W 275.28 FT; ALONG A CURVE TO L (CHORD BEARS: S 86 DEG 33' 21\" W 91.25 FT, RADIUS = 759.5 FT); ALONG A CURVE TO R (CHORD BEARS: S 86 DEG 33' 21\" W 91.85 FT, RADIUS = 764.5 FT); W 191.41 FT; ALONG A CURVE TO L (CHORD BEARS: S 45 DEG 0' 0\" W 34.65 FT, RADIUS = 24.5 FT); S 106.69 FT; N 89 DEG 48' 13\" W 49 FT; N 106.52 FT; ALONG A CURVE TO L (CHORD BEARS: N 45 DEG 0' 0\" W 34.65 FT, RADIUS = 24.5 FT); N 60 FT; ALONG A CURVE TO L (CHORD BEARS: N 45 DEG 0' 0\" E 34.65 FT, RADIUS = 24.5 FT); N 101.38 FT; ALONG A CURVE TO L (CHORD BEARS: N 21 DEG 58' 7\" W 363.25 FT, RADIUS = 485.5 FT); N 43 DEG 56' 14\" W 1115.09 FT; ALONG A CURVE TO R (CHORD BEARS: N 18 DEG 56' 43\" W 451.65 FT, RADIUS = 534.5 FT); N 6 DEG 2' 50\" E 32.65 FT; ALONG A CURVE TO L (CHORD BEARS: N 38 DEG 57' 11\" W 34.65 FT, RADIUS = 24.5 FT); N 6 DEG 2' 49\" E 49 FT; ALONG A CURVE TO L (CHORD BEARS: N 51 DEG 2' 49\" E 34.65 FT, RADIUS = 24.5 FT); S 83 DEG 57' 11\" E 49 FT; ALONG A CURVE TO L (CHORD BEARS: S 38 DEG 57' 11\" E 34.65 FT, RADIUS = 24.5 FT); S 4 DEG 41' 57\" W 63.02 FT; ALONG A CURVE TO L (CHORD BEARS: S 51 DEG 2' 49\" W 16.97 FT, RADIUS = 12 FT); S 6 DEG 2' 49\" W 31.15 FT; ALONG A CURVE TO L (CHORD BEARS: S 18 DEG 56' 43\" E 398.41 FT, RADIUS = 471.5 FT); S 43 DEG 56' 14\" E 82.89 FT; N 46 DEG 3' 46\" E 597.43 FT; N 83 DEG 57' 11\" W 603.95 FT; N 4 DEG 41' 57\" E 63.02 FT; S 83 DEG 57' 11\" E 712.82 FT; ALONG A CURVE TO L (CHORD BEARS: S 86 DEG 53' 38\" E 49.81 FT, RADIUS = 485.5 FT); S 89 DEG 50' 4\" E 214.29 FT TO BEG. AREA 70.110 AC.",
        "BOOK_PAGE": 58041,
        "LOT": null,
        "BUILDING": null,
        "UNIT": null,
        "TAX_DISTRICT": "039",
        "TAX_DISTRICT_DESCR": "SARATOGA SPRINGS",
        "SCHOOL_DISTRICT": "ALPINE",
        "TAXABLE_CODE": 100,
        "ACCOUNT_TYPE": null,
        "NEIGHBORHOOD": "9999",
        "NBHD_DISTRICT": null,
        "LAND_DISTRICT": 9999,
        "ECONOMIC_UNIT": null,
        "GLA_WEIGHTED_YRBLT": null,
        "TOTAL_ABOVE_GRADE_AREA": null,
        "TOTAL_MEZZANINE": null,
        "TOTAL_BASEMENT": null,
        "TOTAL_BSMT_FINISH": null,
        "TOTAL_UNIT_COUNT": null,
        "TOTAL_IMP_COUNT": null,
        "MKT_LAND_RES": 0,
        "MKT_LAND_AGR": 0,
        "MKT_LAND_COM": 0,
        "MKT_IMP_VALUE": 0,
        "MKT_IMP_RES": 0,
        "MKT_IMP_AGR": 0,
        "MKT_IMP_COM": 0,
        "TXBL_CUR_VALUE": 0,
        "TXBL_PRV_VAL": 0,
        "TXBL_VAL_YR_CHG": 0,
        "TXBL_PCT_CHG": 0,
        "TOT_CUR_TAXES": 0,
        "TOT_PRV_TAXES": 0,
        "TAXES_YR_CHG": 0,
        "TAXES_PCT_CHG": 0,
        "GREENBELT": null,
        "EXEMPT_RES": "UNK",
        "COMMON_AREA": null,
        "PUBLIC_ROAD": null,
        "PRIVATE_ROAD": null,
        "PART_CENTRAL_ASSD": null,
        "PART_TAXABLE": null,
        "IMP_NO_RES": null,
        "COST_GROUP_RES": null,
        "STYLE_DESCR_RES": null,
        "QUALITY_RES": null,
        "QUALITY_DESCR_RES": null,
        "CONDITION_RES": null,
        "CONDITION_DESCR_RES": null,
        "YEARBLT_RES": null,
        "GLA_RES": null,
        "BASEMENT_RES": null,
        "BSMT_FINISH_RES": null,
        "ATT_GARAGE_SQFT_RES": null,
        "BATHROOMS_RES": null,
        "GLA_BEDROOMS_RES": null,
        "EXTERIOR_RES": null,
        "ALLOCATION_PCT_RES": null,
        "TRAV_COUNT": null,
        "LASTUPDATE": null,
        "CREATED_DATE": 1749207104000,
        "LAST_EDITED_DATE": 1749207104000,
        "ChangeType": "Added",
        "Previous_Owner": null,
        "Shape_Length_12_13_14": 10778.634715930966,
        "Shape_Area_12_13_14": 3053987.674264696,
        "Shape_Length": 0.017645675204588106,
        "Shape_Area": 1.3409540708128984e-05
      }
    },
    {
      "type": "Feature",
      "id": 72,
      "geometry": {
        "type": "Polygon",
        "coordinates": [
          [
            [
              -112.03079609599996,
              40.325251312000034
            ],
            [
              -112.03093794486655,
              40.32540834890793
            ],
            [
              -112.03108438983435,
              40.32556110872856
            ],
            [
              -112.03123530199997,
              40.32570945700007
            ],
            [
              -112.03201321899996,
              40.32523241600006
            ],
            [
              -112.03196310299995,
              40.32518402800008
            ],
            [
              -112.03184700798256,
              40.32506782292153
            ],
            [
              -112.0317339856446,
              40.324948627181385
            ],
            [
              -112.03162411299996,
              40.32482652200008
            ],
            [
              -112.03079609599996,
              40.325251312000034
            ]
          ]
        ]
      },
      "properties": {
        "OBJECTID": 72,
        "Join_Count": 1,
        "TARGET_FID": 1636,
        "PARCEL_NO": 358760003,
        "PARCELID": "358760003",
        "PARCELID_LABEL": "35:876:0003",
        "OWNER_NAME": "FIELDSTONE CONSTRUCTION AND MANAGEMENT SERVICES INC",
        "CARE_NAME": null,
        "ACREAGE": 1.245841,
        "SITE_FULL_ADDRESS": "5390 N BECKMAN LN, EAGLE MOUNTAIN, UT",
        "OWN_FULL_ADDRESS": "12896 S PONY EXPRESS RD # 400  DRAPER, UT 84020",
        "PROP_TYPE": 9999,
        "PROP_TYPE_DESCR": "DEFAULT",
        "SPECIFIC_PROP_TYPE": 9999,
        "SPC_PROP_TYP_DESCR": "DEFAULT",
        "ASMT_YEAR": 2026,
        "ASMT_CODE": "UNK",
        "ASMT_CODE_DESCR": "UNK",
        "MKT_LAND_VALUE": 0,
        "MKT_CUR_VALUE": 0,
        "MKT_PRV_VAL": 0,
        "MKT_VAL_YR_CHG": 0,
        "MKT_PCT_CHG": 0,
        "GLOBALID": "{6D84A84D-2343-45BB-9EAB-5995D85607C9}",
        "Code": null,
        "Description": "Medium Density Residential",
        "City": "Eagle Mountain",
        "Description_detailed": "Any Residential",
        "Acres": null,
        "Unit_Rate": null,
        "CityName": null,
        "AdoptedDate": null,
        "Slope_Score": 10,
        "GP_Score": 8,
        "Utilities_Score": 10,
        "Wetlands_Score": 10,
        "Soil_Score": 10,
        "Ownership_Score": 5,
        "Ownership_Type": "Business",
        "Utility_Proximity_Status": "Within 1/8 Mile",
        "Final_Score": 8.75,
        "ELEV_CHANGE": 54.84593684570336,
        "SLOPE": 0.8456425736552882,
        "Join_Count_12": 1,
        "TARGET_FID_12": 61574,
        "Shape_Length_12": null,
        "Shape_Area_12": null,
        "OBJECTID_1_12": null,
        "Join_Count_12_13": null,
        "TARGET_FID_12_13": null,
        "Id": 2073,
        "gridcode": 1,
        "ClassName": "Not Hydric",
        "Shape_Length_12_13": null,
        "Shape_Area_12_13": null,
        "SITE_HOUSE_NUM": "5420",
        "SITE_PRE_DIR": "N",
        "SITE_STREET_NAME": "BECKMAN",
        "SITE_STREET_TYPE": "LN",
        "SITE_POST_DIR": null,
        "SITE_STREET_UNIT": null,
        "SITE_CITY": "EAGLE MOUNTAIN",
        "SITE_STATE": "UT",
        "SITE_ZIP5": "84005",
        "OWN_STREET_ADDRESS": "506 S MAIN ST STE 301",
        "OWN_CITY": "BOUNTIFUL",
        "OWN_STATE": "UT",
        "OWN_ZIP5": "84010",
        "VESTING_DOC": "53997-2025",
        "PARCEL_CREATE_DATE": 1749686400000,
        "MAP_FILING_NO": "19756 ",
        "SUB_NAME": "BRYLEE NORTH, PLAT A",
        "LEGAL_DESCR": "LOT 4, PLAT A, BRYLEE NORTH SUB AREA 1.246 AC.",
        "BOOK_PAGE": 35876,
        "LOT": "4",
        "BUILDING": null,
        "UNIT": null,
        "TAX_DISTRICT": "038",
        "TAX_DISTRICT_DESCR": "EAGLE MOUNTAIN",
        "SCHOOL_DISTRICT": "ALPINE",
        "TAXABLE_CODE": 100,
        "ACCOUNT_TYPE": null,
        "NEIGHBORHOOD": "9999",
        "NBHD_DISTRICT": null,
        "LAND_DISTRICT": 9999,
        "ECONOMIC_UNIT": null,
        "GLA_WEIGHTED_YRBLT": null,
        "TOTAL_ABOVE_GRADE_AREA": null,
        "TOTAL_MEZZANINE": null,
        "TOTAL_BASEMENT": null,
        "TOTAL_BSMT_FINISH": null,
        "TOTAL_UNIT_COUNT": null,
        "TOTAL_IMP_COUNT": null,
        "MKT_LAND_RES": 0,
        "MKT_LAND_AGR": 0,
        "MKT_LAND_COM": 0,
        "MKT_IMP_VALUE": 0,
        "MKT_IMP_RES": 0,
        "MKT_IMP_AGR": 0,
        "MKT_IMP_COM": 0,
        "TXBL_CUR_VALUE": 0,
        "TXBL_PRV_VAL": 0,
        "TXBL_VAL_YR_CHG": 0,
        "TXBL_PCT_CHG": 0,
        "TOT_CUR_TAXES": 0,
        "TOT_PRV_TAXES": 0,
        "TAXES_YR_CHG": 0,
        "TAXES_PCT_CHG": 0,
        "GREENBELT": null,
        "EXEMPT_RES": "UNK",
        "COMMON_AREA": null,
        "PUBLIC_ROAD": null,
        "PRIVATE_ROAD": null,
        "PART_CENTRAL_ASSD": null,
        "PART_TAXABLE": null,
        "IMP_NO_RES": null,
        "COST_GROUP_RES": null,
        "STYLE_DESCR_RES": null,
        "QUALITY_RES": null,
        "QUALITY_DESCR_RES": null,
        "CONDITION_RES": null,
        "CONDITION_DESCR_RES": null,
        "YEARBLT_RES": null,
        "GLA_RES": null,
        "BASEMENT_RES": null,
        "BSMT_FINISH_RES": null,
        "ATT_GARAGE_SQFT_RES": null,
        "BATHROOMS_RES": null,
        "GLA_BEDROOMS_RES": null,
        "EXTERIOR_RES": null,
        "ALLOCATION_PCT_RES": null,
        "TRAV_COUNT": null,
        "LASTUPDATE": null,
        "CREATED_DATE": 1749744872000,
        "LAST_EDITED_DATE": 1749744872000,
        "ChangeType": "Added",
        "Previous_Owner": null,
        "Shape_Length_12_13_14": 946.3618460905003,
        "Shape_Area_12_13_14": 54266.11450894837,
        "Shape_Length": 0.003040494006168146,
        "Shape_Area": 5.34289704732271e-07
      }
    },
    {
      "type": "Feature",
      "id": 73,
      "geometry": {
        "type": "Polygon",
        "coordinates": [
          [
            [
              -111.84991452099996,
              40.43455301500006
            ],
            [
              -111.84988471399998,
              40.43479320900008
            ],
            [
              -111.84988242499998,
              40.435212087000025
            ],
            [
              -111.84996748799995,
              40.43523217100005
            ],
            [
              -111.85076333999996,
              40.43523470700006
            ],
            [
              -111.85075982899997,
              40.43455048900006
            ],
            [
              -111.84991452099996,
              40.43455301500006
            ]
          ]
        ]
      },
      "properties": {
        "OBJECTID": 73,
        "Join_Count": 1,
        "TARGET_FID": 1648,
        "PARCEL_NO": 458530002,
        "PARCELID": "458530002",
        "PARCELID_LABEL": "45:853:0002",
        "OWNER_NAME": "GARDNER-PLUMB LC (ET AL)",
        "CARE_NAME": null,
        "ACREAGE": 1.382116,
        "SITE_FULL_ADDRESS": "3833 N CENTER ST, LEHI, UT",
        "OWN_FULL_ADDRESS": "201 S MAIN ST STE 2000  SALT LAKE CITY, UT 84111",
        "PROP_TYPE": 9999,
        "PROP_TYPE_DESCR": "DEFAULT",
        "SPECIFIC_PROP_TYPE": 9999,
        "SPC_PROP_TYP_DESCR": "DEFAULT",
        "ASMT_YEAR": 2026,
        "ASMT_CODE": "UNK",
        "ASMT_CODE_DESCR": "UNK",
        "MKT_LAND_VALUE": 0,
        "MKT_CUR_VALUE": 0,
        "MKT_PRV_VAL": 0,
        "MKT_VAL_YR_CHG": 0,
        "MKT_PCT_CHG": 0,
        "GLOBALID": "{02E55CC9-7D13-4DB2-B9E6-E405DA0A059C}",
        "Code": null,
        "Description": "Commercial / Residential",
        "City": "Lehi",
        "Description_detailed": null,
        "Acres": 117.741106,
        "Unit_Rate": null,
        "CityName": null,
        "AdoptedDate": null,
        "Slope_Score": 10,
        "GP_Score": 6,
        "Utilities_Score": 5,
        "Wetlands_Score": 10,
        "Soil_Score": 10,
        "Ownership_Score": 5,
        "Ownership_Type": "Business",
        "Utility_Proximity_Status": "Unknown - No Data",
        "Final_Score": 7,
        "ELEV_CHANGE": 24.40685440429661,
        "SLOPE": 1.1776159617859585,
        "Join_Count_12": 1,
        "TARGET_FID_12": 61788,
        "Shape_Length_12": null,
        "Shape_Area_12": null,
        "OBJECTID_1_12": null,
        "Join_Count_12_13": null,
        "TARGET_FID_12_13": null,
        "Id": 2073,
        "gridcode": 1,
        "ClassName": "Not Hydric",
        "Shape_Length_12_13": null,
        "Shape_Area_12_13": null,
        "SITE_HOUSE_NUM": "3799",
        "SITE_PRE_DIR": "N",
        "SITE_STREET_NAME": "CENTER",
        "SITE_STREET_TYPE": "ST",
        "SITE_POST_DIR": null,
        "SITE_STREET_UNIT": null,
        "SITE_CITY": "LEHI",
        "SITE_STATE": "UT",
        "SITE_ZIP5": "84043",
        "OWN_STREET_ADDRESS": "1000 NICOLLET MALL TPN 12H",
        "OWN_CITY": "MINNEAPOLIS",
        "OWN_STATE": "MN",
        "OWN_ZIP5": "55403",
        "VESTING_DOC": "53614-2025",
        "PARCEL_CREATE_DATE": 1751500800000,
        "MAP_FILING_NO": "19777 ",
        "SUB_NAME": "LEHI SKY VIEW, PLAT A ",
        "LEGAL_DESCR": "LOT 1, PLAT A, LEHI SKY VIEW SUB AREA 12.957 AC.",
        "BOOK_PAGE": 45853,
        "LOT": "1",
        "BUILDING": null,
        "UNIT": null,
        "TAX_DISTRICT": "010",
        "TAX_DISTRICT_DESCR": "LEHI CITY",
        "SCHOOL_DISTRICT": "ALPINE",
        "TAXABLE_CODE": 100,
        "ACCOUNT_TYPE": null,
        "NEIGHBORHOOD": "9999",
        "NBHD_DISTRICT": null,
        "LAND_DISTRICT": 9999,
        "ECONOMIC_UNIT": null,
        "GLA_WEIGHTED_YRBLT": null,
        "TOTAL_ABOVE_GRADE_AREA": null,
        "TOTAL_MEZZANINE": null,
        "TOTAL_BASEMENT": null,
        "TOTAL_BSMT_FINISH": null,
        "TOTAL_UNIT_COUNT": null,
        "TOTAL_IMP_COUNT": null,
        "MKT_LAND_RES": 0,
        "MKT_LAND_AGR": 0,
        "MKT_LAND_COM": 0,
        "MKT_IMP_VALUE": 0,
        "MKT_IMP_RES": 0,
        "MKT_IMP_AGR": 0,
        "MKT_IMP_COM": 0,
        "TXBL_CUR_VALUE": 0,
        "TXBL_PRV_VAL": 0,
        "TXBL_VAL_YR_CHG": 0,
        "TXBL_PCT_CHG": 0,
        "TOT_CUR_TAXES": 0,
        "TOT_PRV_TAXES": 0,
        "TAXES_YR_CHG": 0,
        "TAXES_PCT_CHG": 0,
        "GREENBELT": null,
        "EXEMPT_RES": "UNK",
        "COMMON_AREA": null,
        "PUBLIC_ROAD": null,
        "PRIVATE_ROAD": null,
        "PART_CENTRAL_ASSD": null,
        "PART_TAXABLE": null,
        "IMP_NO_RES": null,
        "COST_GROUP_RES": null,
        "STYLE_DESCR_RES": null,
        "QUALITY_RES": null,
        "QUALITY_DESCR_RES": null,
        "CONDITION_RES": null,
        "CONDITION_DESCR_RES": null,
        "YEARBLT_RES": null,
        "GLA_RES": null,
        "BASEMENT_RES": null,
        "BSMT_FINISH_RES": null,
        "ATT_GARAGE_SQFT_RES": null,
        "BATHROOMS_RES": null,
        "GLA_BEDROOMS_RES": null,
        "EXTERIOR_RES": null,
        "ALLOCATION_PCT_RES": null,
        "TRAV_COUNT": null,
        "LASTUPDATE": null,
        "CREATED_DATE": 1751556996000,
        "LAST_EDITED_DATE": 1751556996000,
        "ChangeType": "Added",
        "Previous_Owner": null,
        "Shape_Length_12_13_14": 3501.3735804691178,
        "Shape_Area_12_13_14": 564390.8078125103,
        "Shape_Length": 0.0030737173050962795,
        "Shape_Area": 5.937000522913393e-07
      }
    },
    {
      "type": "Feature",
      "id": 74,
      "geometry": {
        "type": "Polygon",
        "coordinates": [
          [
            [
              -111.66636141999999,
              40.03059542800003
            ],
            [
              -111.66676578099998,
              40.03104353400005
            ],
            [
              -111.66731400099997,
              40.03104274700007
            ],
            [
              -111.66733582533925,
              40.03098871674162
            ],
            [
              -111.66736356318445,
              40.030937470448514
            ],
            [
              -111.66739686556298,
              40.03088965285553
            ],
            [
              -111.66743531349422,
              40.03084586556061
            ],
            [
              -111.66747842326092,
              40.03080665945611
            ],
            [
              -111.66752565249475,
              40.030772527797986
            ],
            [
              -111.66757640699996,
              40.03074390000006
            ],
            [
              -111.66767637599997,
              40.03069019600008
            ],
            [
              -111.66768063152328,
              40.03068809200454
            ],
            [
              -111.66768447986247,
              40.03068531233523
            ],
            [
              -111.66768781474654,
              40.030681933752064
            ],
            [
              -111.66769054408344,
              40.03067804955383
            ],
            [
              -111.6676925925032,
              40.03067376700174
            ],
            [
              -111.66769390343919,
              40.030669204357466
            ],
            [
              -111.66769444069018,
              40.03066448761735
            ],
            [
              -111.66769418942016,
              40.03065974703307
            ],
            [
              -111.66769315656786,
              40.03065511351475
            ],
            [
              -111.66769137065528,
              40.030650715015895
            ],
            [
              -111.66768888099995,
              40.030646673000035
            ],
            [
              -111.66764876307971,
              40.03059848287747
            ],
            [
              -111.66760512772525,
              40.0305534529843
            ],
            [
              -111.66755822308657,
              40.03051183940111
            ],
            [
              -111.66750831590572,
              40.03047387878024
            ],
            [
              -111.66745568999994,
              40.030439787000034
            ],
            [
              -111.66623415999999,
              40.03045440100004
            ],
            [
              -111.66636141999999,
              40.03059542800003
            ]
          ]
        ]
      },
      "properties": {
        "OBJECTID": 74,
        "Join_Count": 1,
        "TARGET_FID": 1652,
        "PARCEL_NO": 406540059,
        "PARCELID": "406540059",
        "PARCELID_LABEL": "40:654:0059",
        "OWNER_NAME": "NTH PROPERTIES LLC",
        "CARE_NAME": null,
        "ACREAGE": 1.415571,
        "SITE_FULL_ADDRESS": "321 E BARDSLEY WAY, SALEM, UT",
        "OWN_FULL_ADDRESS": "1083 HARVEST RIDGE DR  SALEM, UT 84653-5501",
        "PROP_TYPE": 9999,
        "PROP_TYPE_DESCR": "DEFAULT",
        "SPECIFIC_PROP_TYPE": 9999,
        "SPC_PROP_TYP_DESCR": "DEFAULT",
        "ASMT_YEAR": 2026,
        "ASMT_CODE": "UNK",
        "ASMT_CODE_DESCR": "UNK",
        "MKT_LAND_VALUE": 0,
        "MKT_CUR_VALUE": 0,
        "MKT_PRV_VAL": 0,
        "MKT_VAL_YR_CHG": 0,
        "MKT_PCT_CHG": 0,
        "GLOBALID": "{56DCB0A8-2BF9-4EEA-BA47-C32CDC12D454}",
        "Code": null,
        "Description": "Historic Salem Extension",
        "City": "Salem",
        "Description_detailed": null,
        "Acres": 2656.69,
        "Unit_Rate": null,
        "CityName": null,
        "AdoptedDate": null,
        "Slope_Score": 7,
        "GP_Score": 4,
        "Utilities_Score": 0,
        "Wetlands_Score": 10,
        "Soil_Score": 10,
        "Ownership_Score": 5,
        "Ownership_Type": "Business",
        "Utility_Proximity_Status": "Not Within 1/8 Mile",
        "Final_Score": 4.95,
        "ELEV_CHANGE": 108.59091798339887,
        "SLOPE": 5.932334663366218,
        "Join_Count_12": 1,
        "TARGET_FID_12": 61794,
        "Shape_Length_12": null,
        "Shape_Area_12": null,
        "OBJECTID_1_12": null,
        "Join_Count_12_13": null,
        "TARGET_FID_12_13": null,
        "Id": 2073,
        "gridcode": 1,
        "ClassName": "Not Hydric",
        "Shape_Length_12_13": null,
        "Shape_Area_12_13": null,
        "SITE_HOUSE_NUM": null,
        "SITE_PRE_DIR": null,
        "SITE_STREET_NAME": null,
        "SITE_STREET_TYPE": null,
        "SITE_POST_DIR": null,
        "SITE_STREET_UNIT": null,
        "SITE_CITY": null,
        "SITE_STATE": null,
        "SITE_ZIP5": null,
        "OWN_STREET_ADDRESS": "433 W ASCENSION WAY FL 6",
        "OWN_CITY": "SALT LAKE CITY",
        "OWN_STATE": "UT",
        "OWN_ZIP5": "84123",
        "VESTING_DOC": "184779-2020",
        "PARCEL_CREATE_DATE": 1753660800000,
        "MAP_FILING_NO": null,
        "SUB_NAME": null,
        "LEGAL_DESCR": "COM N 1136.31 FT & E 534.4 FT FR SW COR. SEC. 13, T9S, R2E, SLB&M.; N 21.5 FT; E 26.52 FT; E 94.99 FT; E 96.69 FT; E 66 FT; N 18.04 FT; E 106.94 FT; N 33 DEG 17' 58\" E .05 FT; E 105.38 FT; E 104.11 FT; E 102.9 FT; S 27.6 FT; N 89 DEG 12' 55\" E 158.03 FT; N 89 DEG 12' 55\" E 26.06 FT; N 71 DEG 51' 43\" E .03 FT; N 89 DEG 12' 55\" E 17.65 FT; N 89 DEG 12' 55\" E 87.8 FT; S 0 DEG 0' 14\" W 6.46 FT; S 89 DEG 27' 6\" W 993.13 FT; N 64 DEG 26' 24\" W .01 FT TO BEG. AREA 0.506 AC.",
        "BOOK_PAGE": 30041,
        "LOT": null,
        "BUILDING": null,
        "UNIT": null,
        "TAX_DISTRICT": "180",
        "TAX_DISTRICT_DESCR": "SALEM CITY",
        "SCHOOL_DISTRICT": "NEBO",
        "TAXABLE_CODE": 100,
        "ACCOUNT_TYPE": null,
        "NEIGHBORHOOD": "9999",
        "NBHD_DISTRICT": null,
        "LAND_DISTRICT": 9999,
        "ECONOMIC_UNIT": null,
        "GLA_WEIGHTED_YRBLT": null,
        "TOTAL_ABOVE_GRADE_AREA": null,
        "TOTAL_MEZZANINE": null,
        "TOTAL_BASEMENT": null,
        "TOTAL_BSMT_FINISH": null,
        "TOTAL_UNIT_COUNT": null,
        "TOTAL_IMP_COUNT": null,
        "MKT_LAND_RES": 0,
        "MKT_LAND_AGR": 0,
        "MKT_LAND_COM": 0,
        "MKT_IMP_VALUE": 0,
        "MKT_IMP_RES": 0,
        "MKT_IMP_AGR": 0,
        "MKT_IMP_COM": 0,
        "TXBL_CUR_VALUE": 0,
        "TXBL_PRV_VAL": 0,
        "TXBL_VAL_YR_CHG": 0,
        "TXBL_PCT_CHG": 0,
        "TOT_CUR_TAXES": 0,
        "TOT_PRV_TAXES": 0,
        "TAXES_YR_CHG": 0,
        "TAXES_PCT_CHG": 0,
        "GREENBELT": null,
        "EXEMPT_RES": "UNK",
        "COMMON_AREA": null,
        "PUBLIC_ROAD": null,
        "PRIVATE_ROAD": null,
        "PART_CENTRAL_ASSD": null,
        "PART_TAXABLE": null,
        "IMP_NO_RES": null,
        "COST_GROUP_RES": null,
        "STYLE_DESCR_RES": null,
        "QUALITY_RES": null,
        "QUALITY_DESCR_RES": null,
        "CONDITION_RES": null,
        "CONDITION_DESCR_RES": null,
        "YEARBLT_RES": null,
        "GLA_RES": null,
        "BASEMENT_RES": null,
        "BSMT_FINISH_RES": null,
        "ATT_GARAGE_SQFT_RES": null,
        "BATHROOMS_RES": null,
        "GLA_BEDROOMS_RES": null,
        "EXTERIOR_RES": null,
        "ALLOCATION_PCT_RES": null,
        "TRAV_COUNT": null,
        "LASTUPDATE": null,
        "CREATED_DATE": 1753713372000,
        "LAST_EDITED_DATE": 1753713372000,
        "ChangeType": "Added",
        "Previous_Owner": null,
        "Shape_Length_12_13_14": 2059.317346526245,
        "Shape_Area_12_13_14": 22025.037337476904,
        "Shape_Length": 0.0034508411996122435,
        "Shape_Area": 6.045260941396125e-07
      }
    },
    {
      "type": "Feature",
      "id": 75,
      "geometry": {
        "type": "Polygon",
        "coordinates": [
          [
            [
              -112.09806550099995,
              40.33340094000005
            ],
            [
              -112.09951763099997,
              40.33340455700005
            ],
            [
              -112.09955768199995,
              40.33219312800003
            ],
            [
              -112.09903374599998,
              40.33219139600004
            ],
            [
              -112.09908433699997,
              40.33066140400007
            ],
            [
              -112.09777403399994,
              40.33068105700005
            ],
            [
              -112.09777333699998,
              40.33071425800006
            ],
            [
              -112.09681740999997,
              40.33073295200006
            ],
            [
              -112.09588901499995,
              40.33075000700006
            ],
            [
              -112.09494132799995,
              40.330769463000024
            ],
            [
              -112.09494753399997,
              40.33104489300007
            ],
            [
              -112.09487628699998,
              40.33104542800004
            ],
            [
              -112.09484637299994,
              40.333380447000025
            ],
            [
              -112.09806550099995,
              40.33340094000005
            ]
          ]
        ]
      },
      "properties": {
        "OBJECTID": 75,
        "Join_Count": 1,
        "TARGET_FID": 1653,
        "PARCEL_NO": 590370143,
        "PARCELID": "590370143",
        "PARCELID_LABEL": "59:037:0143",
        "OWNER_NAME": "COOK, CALVIN J & JEANINE (ET AL)",
        "CARE_NAME": null,
        "ACREAGE": 27.458181,
        "SITE_FULL_ADDRESS": null,
        "OWN_FULL_ADDRESS": "210 N 200 E  CEDAR FORT, UT 84013",
        "PROP_TYPE": 9999,
        "PROP_TYPE_DESCR": "DEFAULT",
        "SPECIFIC_PROP_TYPE": 9999,
        "SPC_PROP_TYP_DESCR": "DEFAULT",
        "ASMT_YEAR": 2026,
        "ASMT_CODE": "UNK",
        "ASMT_CODE_DESCR": "UNK",
        "MKT_LAND_VALUE": 0,
        "MKT_CUR_VALUE": 0,
        "MKT_PRV_VAL": 0,
        "MKT_VAL_YR_CHG": 0,
        "MKT_PCT_CHG": 0,
        "GLOBALID": "{1128CA4B-430E-4A3B-972B-D824D39DE434}",
        "Code": null,
        "Description": "Commerical Residential Zone (1/2 Acre)",
        "City": null,
        "Description_detailed": null,
        "Acres": null,
        "Unit_Rate": 0.5,
        "CityName": "Cedar Fort",
        "AdoptedDate": 1599264000000,
        "Slope_Score": 10,
        "GP_Score": 5,
        "Utilities_Score": 5,
        "Wetlands_Score": 10,
        "Soil_Score": 10,
        "Ownership_Score": 10,
        "Ownership_Type": "Private",
        "Utility_Proximity_Status": "Unknown - No Data",
        "Final_Score": 7.5,
        "ELEV_CHANGE": 4.647723168945959,
        "SLOPE": 0.07666460543910929,
        "Join_Count_12": 1,
        "TARGET_FID_12": 61820,
        "Shape_Length_12": null,
        "Shape_Area_12": null,
        "OBJECTID_1_12": null,
        "Join_Count_12_13": null,
        "TARGET_FID_12_13": null,
        "Id": 2073,
        "gridcode": 1,
        "ClassName": "Not Hydric",
        "Shape_Length_12_13": null,
        "Shape_Area_12_13": null,
        "SITE_HOUSE_NUM": null,
        "SITE_PRE_DIR": null,
        "SITE_STREET_NAME": null,
        "SITE_STREET_TYPE": null,
        "SITE_POST_DIR": null,
        "SITE_STREET_UNIT": null,
        "SITE_CITY": null,
        "SITE_STATE": null,
        "SITE_ZIP5": "84013",
        "OWN_STREET_ADDRESS": "210 N 200 E",
        "OWN_CITY": "CEDAR FORT",
        "OWN_STATE": "UT",
        "OWN_ZIP5": "84013",
        "VESTING_DOC": "36538-2025",
        "PARCEL_CREATE_DATE": 1748908800000,
        "MAP_FILING_NO": null,
        "SUB_NAME": null,
        "LEGAL_DESCR": "COM S 89 DEG 25' 48\" E 457.27 FT & S 1 DEG 50' 0\" W 739.78 FT FR NW COR. SEC. 5, T6S, R2W, SLB&M.; S 89 DEG 22' 7\" E 146.11 FT; S 1 DEG 50' 0\" W 259.5 FT; S 89 DEG 15' 38\" W 145.57 FT; N 1 DEG 33' 1\" E 132.35 FT; N 1 DEG 50' 0\" E 130.61 FT TO BEG. AREA 0.875 AC.",
        "BOOK_PAGE": 59037,
        "LOT": null,
        "BUILDING": null,
        "UNIT": null,
        "TAX_DISTRICT": "050",
        "TAX_DISTRICT_DESCR": "CEDAR FORT CITY",
        "SCHOOL_DISTRICT": "ALPINE",
        "TAXABLE_CODE": 100,
        "ACCOUNT_TYPE": null,
        "NEIGHBORHOOD": "9999",
        "NBHD_DISTRICT": null,
        "LAND_DISTRICT": 9999,
        "ECONOMIC_UNIT": null,
        "GLA_WEIGHTED_YRBLT": null,
        "TOTAL_ABOVE_GRADE_AREA": null,
        "TOTAL_MEZZANINE": null,
        "TOTAL_BASEMENT": null,
        "TOTAL_BSMT_FINISH": null,
        "TOTAL_UNIT_COUNT": null,
        "TOTAL_IMP_COUNT": null,
        "MKT_LAND_RES": 0,
        "MKT_LAND_AGR": 0,
        "MKT_LAND_COM": 0,
        "MKT_IMP_VALUE": 0,
        "MKT_IMP_RES": 0,
        "MKT_IMP_AGR": 0,
        "MKT_IMP_COM": 0,
        "TXBL_CUR_VALUE": 0,
        "TXBL_PRV_VAL": 0,
        "TXBL_VAL_YR_CHG": 0,
        "TXBL_PCT_CHG": 0,
        "TOT_CUR_TAXES": 0,
        "TOT_PRV_TAXES": 0,
        "TAXES_YR_CHG": 0,
        "TAXES_PCT_CHG": 0,
        "GREENBELT": null,
        "EXEMPT_RES": "UNK",
        "COMMON_AREA": null,
        "PUBLIC_ROAD": null,
        "PRIVATE_ROAD": null,
        "PART_CENTRAL_ASSD": null,
        "PART_TAXABLE": null,
        "IMP_NO_RES": null,
        "COST_GROUP_RES": null,
        "STYLE_DESCR_RES": null,
        "QUALITY_RES": null,
        "QUALITY_DESCR_RES": null,
        "CONDITION_RES": null,
        "CONDITION_DESCR_RES": null,
        "YEARBLT_RES": null,
        "GLA_RES": null,
        "BASEMENT_RES": null,
        "BSMT_FINISH_RES": null,
        "ATT_GARAGE_SQFT_RES": null,
        "BATHROOMS_RES": null,
        "GLA_BEDROOMS_RES": null,
        "EXTERIOR_RES": null,
        "ALLOCATION_PCT_RES": null,
        "TRAV_COUNT": null,
        "LASTUPDATE": null,
        "CREATED_DATE": 1748953228000,
        "LAST_EDITED_DATE": 1748953228000,
        "ChangeType": "Added",
        "Previous_Owner": null,
        "Shape_Length_12_13_14": 813.902602819171,
        "Shape_Area_12_13_14": 38096.00469396768,
        "Shape_Length": 0.014796351997681855,
        "Shape_Area": 1.1776839603513828e-05
      }
    },
    {
      "type": "Feature",
      "id": 76,
      "geometry": {
        "type": "Polygon",
        "coordinates": [
          [
            [
              -111.88601074899998,
              40.304408712000054
            ],
            [
              -111.88608332599995,
              40.30440846100004
            ],
            [
              -111.88608162199995,
              40.30410625500008
            ],
            [
              -111.88598638889353,
              40.30391300958946
            ],
            [
              -111.8858969813503,
              40.30371700085368
            ],
            [
              -111.88581347945434,
              40.303518404361625
            ],
            [
              -111.88573595799994,
              40.30331739800005
            ],
            [
              -111.88549250201508,
              40.30254814539894
            ],
            [
              -111.88524382099996,
              40.30178056600005
            ],
            [
              -111.88498704399996,
              40.30095963800005
            ],
            [
              -111.88493503450071,
              40.30080360354301
            ],
            [
              -111.88487748589395,
              40.30064952597276
            ],
            [
              -111.88481447159698,
              40.300497601852975
            ],
            [
              -111.88474607199998,
              40.30034802500006
            ],
            [
              -111.88451653099997,
              40.30034793200008
            ],
            [
              -111.88459136221263,
              40.30050648695977
            ],
            [
              -111.88465993478597,
              40.30066784738805
            ],
            [
              -111.88472214378173,
              40.300831766351195
            ],
            [
              -111.88477789399997,
              40.30099799300007
            ],
            [
              -111.88496964499996,
              40.30161104000007
            ],
            [
              -111.88509377199995,
              40.301611448000074
            ],
            [
              -111.88528821599999,
              40.302231197000026
            ],
            [
              -111.885164267,
              40.30223070400007
            ],
            [
              -111.8853447767725,
              40.30279569376711
            ],
            [
              -111.88552810899995,
              40.30335977400006
            ],
            [
              -111.88559708763091,
              40.303539631664094
            ],
            [
              -111.88567072031918,
              40.30371763463615
            ],
            [
              -111.88574895725749,
              40.30389366250987
            ],
            [
              -111.8858317455241,
              40.30406759621493
            ],
            [
              -111.88591902911864,
              40.30423931809754
            ],
            [
              -111.88601074899998,
              40.304408712000054
            ]
          ]
        ]
      },
      "properties": {
        "OBJECTID": 76,
        "Join_Count": 1,
        "TARGET_FID": 1654,
        "PARCEL_NO": 418150119,
        "PARCELID": "418150119",
        "PARCELID_LABEL": "41:815:0119",
        "OWNER_NAME": "UTAH DEPARTMENT OF TRANSPORTATION",
        "CARE_NAME": null,
        "ACREAGE": 1.897637,
        "SITE_FULL_ADDRESS": null,
        "OWN_FULL_ADDRESS": "PO BOX 148420  SALT LAKE CITY, UT 84114-8420",
        "PROP_TYPE": 9999,
        "PROP_TYPE_DESCR": "DEFAULT",
        "SPECIFIC_PROP_TYPE": 9999,
        "SPC_PROP_TYP_DESCR": "DEFAULT",
        "ASMT_YEAR": 2026,
        "ASMT_CODE": "UNK",
        "ASMT_CODE_DESCR": "UNK",
        "MKT_LAND_VALUE": 0,
        "MKT_CUR_VALUE": 0,
        "MKT_PRV_VAL": 0,
        "MKT_VAL_YR_CHG": 0,
        "MKT_PCT_CHG": 0,
        "GLOBALID": "{35D4A481-5EC9-415D-B23D-51125BC2F79F}",
        "Code": null,
        "Description": "Medium Density Residential",
        "City": "Saratoga Springs",
        "Description_detailed": "Any Residential",
        "Acres": null,
        "Unit_Rate": null,
        "CityName": null,
        "AdoptedDate": null,
        "Slope_Score": 10,
        "GP_Score": 8,
        "Utilities_Score": 10,
        "Wetlands_Score": 10,
        "Soil_Score": 10,
        "Ownership_Score": 1,
        "Ownership_Type": "Government",
        "Utility_Proximity_Status": "Within 1/8 Mile",
        "Final_Score": 8.15,
        "ELEV_CHANGE": 3.113033364257717,
        "SLOPE": 0.20806771460030654,
        "Join_Count_12": 1,
        "TARGET_FID_12": 61848,
        "Shape_Length_12": null,
        "Shape_Area_12": null,
        "OBJECTID_1_12": null,
        "Join_Count_12_13": null,
        "TARGET_FID_12_13": null,
        "Id": 2073,
        "gridcode": 1,
        "ClassName": "Not Hydric",
        "Shape_Length_12_13": null,
        "Shape_Area_12_13": null,
        "SITE_HOUSE_NUM": null,
        "SITE_PRE_DIR": null,
        "SITE_STREET_NAME": null,
        "SITE_STREET_TYPE": null,
        "SITE_POST_DIR": null,
        "SITE_STREET_UNIT": null,
        "SITE_CITY": null,
        "SITE_STATE": null,
        "SITE_ZIP5": "84045",
        "OWN_STREET_ADDRESS": "PO BOX 148420",
        "OWN_CITY": "SALT LAKE CITY",
        "OWN_STATE": "UT",
        "OWN_ZIP5": "84114",
        "VESTING_DOC": "47452-2025",
        "PARCEL_CREATE_DATE": 1751414400000,
        "MAP_FILING_NO": "15311 ",
        "SUB_NAME": "HERON HILLS, PLAT B",
        "LEGAL_DESCR": "PART PUBLIC ROAD, PLAT B, HERON HILLS SUB DESCRIBED AS FOLLOWS; COM N 166 FT & E 20.25 FT FR SW COR. SEC. 7, T6S, R1E, SLB&M.; N 89 DEG 59' 26\" E 65 FT; ALONG A CURVE TO R (CHORD BEARS: S 18 DEG 55' 34\" E 388.64 FT, RADIUS = 3208.57 FT); ALONG A CURVE TO R (CHORD BEARS: S 13 DEG 31' 57\" E 574.62 FT, RADIUS = 43176.23 FT); S 13 DEG 13' 16\" E 312.56 FT; ALONG A CURVE TO L (CHORD BEARS: S 17 DEG 12' 36\" E 263.01 FT, RADIUS = 1890.38 FT); N 89 DEG 43' 23\" W 64.32 FT; ALONG A CURVE TO R (CHORD BEARS: N 16 DEG 51' 50\" W 247.84 FT, RADIUS = 1950.38 FT); N 13 DEG 13' 16\" W 229.7 FT; S 89 DEG 30' 28\" E 33.32 FT; N 13 DEG 15' 38\" W 232.19 FT; N 89 DEG 27' 18\" W 33.39 FT; ALONG A CURVE TO L (CHORD BEARS: N 13 DEG 36' 45\" W 423.75 FT, RADIUS = 53249.95 FT); ALONG A CURVE TO L (CHORD BEARS: N 19 DEG 9' 33\" W 405.24 FT, RADIUS = 3148.57 FT) TO BEG. AREA 1.948 AC.",
        "BOOK_PAGE": 41842,
        "LOT": null,
        "BUILDING": null,
        "UNIT": null,
        "TAX_DISTRICT": "039",
        "TAX_DISTRICT_DESCR": "SARATOGA SPRINGS",
        "SCHOOL_DISTRICT": "ALPINE",
        "TAXABLE_CODE": 100,
        "ACCOUNT_TYPE": null,
        "NEIGHBORHOOD": "9999",
        "NBHD_DISTRICT": null,
        "LAND_DISTRICT": 9999,
        "ECONOMIC_UNIT": null,
        "GLA_WEIGHTED_YRBLT": null,
        "TOTAL_ABOVE_GRADE_AREA": null,
        "TOTAL_MEZZANINE": null,
        "TOTAL_BASEMENT": null,
        "TOTAL_BSMT_FINISH": null,
        "TOTAL_UNIT_COUNT": null,
        "TOTAL_IMP_COUNT": null,
        "MKT_LAND_RES": 0,
        "MKT_LAND_AGR": 0,
        "MKT_LAND_COM": 0,
        "MKT_IMP_VALUE": 0,
        "MKT_IMP_RES": 0,
        "MKT_IMP_AGR": 0,
        "MKT_IMP_COM": 0,
        "TXBL_CUR_VALUE": 0,
        "TXBL_PRV_VAL": 0,
        "TXBL_VAL_YR_CHG": 0,
        "TXBL_PCT_CHG": 0,
        "TOT_CUR_TAXES": 0,
        "TOT_PRV_TAXES": 0,
        "TAXES_YR_CHG": 0,
        "TAXES_PCT_CHG": 0,
        "GREENBELT": null,
        "EXEMPT_RES": "UNK",
        "COMMON_AREA": null,
        "PUBLIC_ROAD": null,
        "PRIVATE_ROAD": null,
        "PART_CENTRAL_ASSD": null,
        "PART_TAXABLE": null,
        "IMP_NO_RES": null,
        "COST_GROUP_RES": null,
        "STYLE_DESCR_RES": null,
        "QUALITY_RES": null,
        "QUALITY_DESCR_RES": null,
        "CONDITION_RES": null,
        "CONDITION_DESCR_RES": null,
        "YEARBLT_RES": null,
        "GLA_RES": null,
        "BASEMENT_RES": null,
        "BSMT_FINISH_RES": null,
        "ATT_GARAGE_SQFT_RES": null,
        "BATHROOMS_RES": null,
        "GLA_BEDROOMS_RES": null,
        "EXTERIOR_RES": null,
        "ALLOCATION_PCT_RES": null,
        "TRAV_COUNT": null,
        "LASTUPDATE": null,
        "CREATED_DATE": 1751453785000,
        "LAST_EDITED_DATE": 1751453785000,
        "ChangeType": "Added",
        "Previous_Owner": null,
        "Shape_Length_12_13_14": 3273.587072687729,
        "Shape_Area_12_13_14": 84865.47697046013,
        "Shape_Length": 0.009181282542281937,
        "Shape_Area": 8.135974748201286e-07
      }
    },
    {
      "type": "Feature",
      "id": 77,
      "geometry": {
        "type": "Polygon",
        "coordinates": [
          [
            [
              -111.69225985299994,
              40.053644631000054
            ],
            [
              -111.69225999199995,
              40.053644760000054
            ],
            [
              -111.69273212699994,
              40.05463495200007
            ],
            [
              -111.69318790699998,
              40.05449878300004
            ],
            [
              -111.69322672193395,
              40.05437022960152
            ],
            [
              -111.69325889352896,
              40.054239854895975
            ],
            [
              -111.69328433712833,
              40.054108001952805
            ],
            [
              -111.6933029857795,
              40.05397501773126
            ],
            [
              -111.6933147904102,
              40.05384125216744
            ],
            [
              -111.69331971995761,
              40.053707057253476
            ],
            [
              -111.69331776145006,
              40.05357278611131
            ],
            [
              -111.6933089200412,
              40.05343879206345
            ],
            [
              -111.6932932189964,
              40.053305427703286
            ],
            [
              -111.69327069963155,
              40.05317304396721
            ],
            [
              -111.69324142120435,
              40.05304198921121
            ],
            [
              -111.69320546075838,
              40.05291260829416
            ],
            [
              -111.69316291292033,
              40.0527852416704
            ],
            [
              -111.69311388965104,
              40.05266022449382
            ],
            [
              -111.69305851995087,
              40.052537885735966
            ],
            [
              -111.69299694952022,
              40.05241854732035
            ],
            [
              -111.69292934037621,
              40.05230252327536
            ],
            [
              -111.69285587042626,
              40.0521901189079
            ],
            [
              -111.69277673299996,
              40.05208163000003
            ],
            [
              -111.69224736999996,
              40.05135733100008
            ],
            [
              -111.69224688999998,
              40.05132903700007
            ],
            [
              -111.69215655999994,
              40.051205441000036
            ],
            [
              -111.69206884105331,
              40.051080298757114
            ],
            [
              -111.69198635268955,
              40.05095164859424
            ],
            [
              -111.69190923499997,
              40.05081970900005
            ],
            [
              -111.69148216899998,
              40.05094843300003
            ],
            [
              -111.69148099499995,
              40.050945987000034
            ],
            [
              -111.69092226199996,
              40.05112161400007
            ],
            [
              -111.69188949499994,
              40.052961751000055
            ],
            [
              -111.69225763999998,
              40.052853871000025
            ],
            [
              -111.69225985299994,
              40.053644631000054
            ]
          ]
        ]
      },
      "properties": {
        "OBJECTID": 77,
        "Join_Count": 1,
        "TARGET_FID": 1658,
        "PARCEL_NO": 300320038,
        "PARCELID": "300320038",
        "PARCELID_LABEL": "30:032:0038",
        "OWNER_NAME": "CHRISTENSEN, JOSEPH DOUGLAS & DEEANN",
        "CARE_NAME": null,
        "ACREAGE": 9.371455,
        "SITE_FULL_ADDRESS": null,
        "OWN_FULL_ADDRESS": "PO BOX 1729  SPANISH FORK, UT 84660",
        "PROP_TYPE": 9999,
        "PROP_TYPE_DESCR": "DEFAULT",
        "SPECIFIC_PROP_TYPE": 9999,
        "SPC_PROP_TYP_DESCR": "DEFAULT",
        "ASMT_YEAR": 2026,
        "ASMT_CODE": "UNK",
        "ASMT_CODE_DESCR": "UNK",
        "MKT_LAND_VALUE": 0,
        "MKT_CUR_VALUE": 0,
        "MKT_PRV_VAL": 0,
        "MKT_VAL_YR_CHG": 0,
        "MKT_PCT_CHG": 0,
        "GLOBALID": "{F7DA46C5-CF2D-47AF-9928-88DF76DB401D}",
        "Code": null,
        "Description": "Historic Salem Extension",
        "City": "Salem",
        "Description_detailed": null,
        "Acres": 2656.69,
        "Unit_Rate": null,
        "CityName": null,
        "AdoptedDate": null,
        "Slope_Score": 10,
        "GP_Score": 4,
        "Utilities_Score": 0,
        "Wetlands_Score": 0,
        "Soil_Score": 10,
        "Ownership_Score": 10,
        "Ownership_Type": "Private",
        "Utility_Proximity_Status": "Not Within 1/8 Mile",
        "Final_Score": 4.5,
        "ELEV_CHANGE": 0.3119841748048202,
        "SLOPE": 0.013143310958364107,
        "Join_Count_12": 2,
        "TARGET_FID_12": 61898,
        "Shape_Length_12": null,
        "Shape_Area_12": null,
        "OBJECTID_1_12": null,
        "Join_Count_12_13": null,
        "TARGET_FID_12_13": null,
        "Id": 2073,
        "gridcode": 1,
        "ClassName": "Not Hydric",
        "Shape_Length_12_13": null,
        "Shape_Area_12_13": null,
        "SITE_HOUSE_NUM": null,
        "SITE_PRE_DIR": null,
        "SITE_STREET_NAME": null,
        "SITE_STREET_TYPE": null,
        "SITE_POST_DIR": null,
        "SITE_STREET_UNIT": null,
        "SITE_CITY": null,
        "SITE_STATE": null,
        "SITE_ZIP5": null,
        "OWN_STREET_ADDRESS": "PO BOX 1729",
        "OWN_CITY": "SPANISH FORK",
        "OWN_STATE": "UT",
        "OWN_ZIP5": "84660",
        "VESTING_DOC": "128517-2022",
        "PARCEL_CREATE_DATE": 1752105600000,
        "MAP_FILING_NO": null,
        "SUB_NAME": null,
        "LEGAL_DESCR": "COM S 1168.48 FT & E 116.86 FT FR NE COR. SEC. 10, T9S, R2E, SLB&M.; S 21 DEG 15' 0\" E 729.3 FT; S 68 DEG 30' 0\" W 169.03 FT; N 19 DEG 29' 54\" W .95 FT; S 69 DEG 19' 48\" W 135.14 FT; ALONG A CURVE TO R (CHORD BEARS: N 22 DEG 57' 29\" W 3.03 FT, RADIUS = 1453 FT); N 68 DEG 42' 20\" E 128.45 FT; S 20 DEG 7' 37\" E .95 FT; N 67 DEG 52' 32\" E 169.03 FT; N 21 DEG 52' 24\" W 723.11 FT; N 69 DEG 14' 57\" E 14.64 FT TO BEG. AREA 0.210 AC.",
        "BOOK_PAGE": 30035,
        "LOT": null,
        "BUILDING": null,
        "UNIT": null,
        "TAX_DISTRICT": "180",
        "TAX_DISTRICT_DESCR": "SALEM CITY",
        "SCHOOL_DISTRICT": "NEBO",
        "TAXABLE_CODE": 100,
        "ACCOUNT_TYPE": null,
        "NEIGHBORHOOD": "9999",
        "NBHD_DISTRICT": null,
        "LAND_DISTRICT": 9999,
        "ECONOMIC_UNIT": null,
        "GLA_WEIGHTED_YRBLT": null,
        "TOTAL_ABOVE_GRADE_AREA": null,
        "TOTAL_MEZZANINE": null,
        "TOTAL_BASEMENT": null,
        "TOTAL_BSMT_FINISH": null,
        "TOTAL_UNIT_COUNT": null,
        "TOTAL_IMP_COUNT": null,
        "MKT_LAND_RES": 0,
        "MKT_LAND_AGR": 0,
        "MKT_LAND_COM": 0,
        "MKT_IMP_VALUE": 0,
        "MKT_IMP_RES": 0,
        "MKT_IMP_AGR": 0,
        "MKT_IMP_COM": 0,
        "TXBL_CUR_VALUE": 0,
        "TXBL_PRV_VAL": 0,
        "TXBL_VAL_YR_CHG": 0,
        "TXBL_PCT_CHG": 0,
        "TOT_CUR_TAXES": 0,
        "TOT_PRV_TAXES": 0,
        "TAXES_YR_CHG": 0,
        "TAXES_PCT_CHG": 0,
        "GREENBELT": null,
        "EXEMPT_RES": "UNK",
        "COMMON_AREA": null,
        "PUBLIC_ROAD": null,
        "PRIVATE_ROAD": null,
        "PART_CENTRAL_ASSD": null,
        "PART_TAXABLE": null,
        "IMP_NO_RES": null,
        "COST_GROUP_RES": null,
        "STYLE_DESCR_RES": null,
        "QUALITY_RES": null,
        "QUALITY_DESCR_RES": null,
        "CONDITION_RES": null,
        "CONDITION_DESCR_RES": null,
        "YEARBLT_RES": null,
        "GLA_RES": null,
        "BASEMENT_RES": null,
        "BSMT_FINISH_RES": null,
        "ATT_GARAGE_SQFT_RES": null,
        "BATHROOMS_RES": null,
        "GLA_BEDROOMS_RES": null,
        "EXTERIOR_RES": null,
        "ALLOCATION_PCT_RES": null,
        "TRAV_COUNT": null,
        "LASTUPDATE": null,
        "CREATED_DATE": 1752163478000,
        "LAST_EDITED_DATE": 1752163478000,
        "ChangeType": "Added",
        "Previous_Owner": null,
        "Shape_Length_12_13_14": 2073.072130533843,
        "Shape_Area_12_13_14": 9176.566266425118,
        "Shape_Length": 0.009949273577224855,
        "Shape_Area": 4.006291400478038e-06
      }
    },
    {
      "type": "Feature",
      "id": 78,
      "geometry": {
        "type": "Polygon",
        "coordinates": [
          [
            [
              -111.94510329399998,
              40.34012293600006
            ],
            [
              -111.94510186199994,
              40.34047468800003
            ],
            [
              -111.94511449174858,
              40.340478473086634
            ],
            [
              -111.94512748175994,
              40.34048073074835
            ],
            [
              -111.94514064799995,
              40.34048142900008
            ],
            [
              -111.94514171899999,
              40.34064608700004
            ],
            [
              -111.94512788190913,
              40.340646965398804
            ],
            [
              -111.9451142649294,
              40.340649575864475
            ],
            [
              -111.94510108399999,
              40.34065387700008
            ],
            [
              -111.94509850899999,
              40.34127768900004
            ],
            [
              -111.94512794957724,
              40.34136070909214
            ],
            [
              -111.94516303130762,
              40.34144150733146
            ],
            [
              -111.94520358798876,
              40.341519700930284
            ],
            [
              -111.94524942748038,
              40.34159491944058
            ],
            [
              -111.94530033261442,
              40.341666806509025
            ],
            [
              -111.94535606222404,
              40.34173502156524
            ],
            [
              -111.945416352286,
              40.3417992414353
            ],
            [
              -111.94548091717165,
              40.341859161872755
            ],
            [
              -111.94554945099998,
              40.34191449900004
            ],
            [
              -111.94793754199998,
              40.34379201100006
            ],
            [
              -111.94984447199994,
              40.34380175100006
            ],
            [
              -111.94985981099995,
              40.34014801700005
            ],
            [
              -111.94510329399998,
              40.34012293600006
            ]
          ]
        ]
      },
      "properties": {
        "OBJECTID": 78,
        "Join_Count": 1,
        "TARGET_FID": 1662,
        "PARCEL_NO": 580410331,
        "PARCELID": "580410331",
        "PARCELID_LABEL": "58:041:0331",
        "OWNER_NAME": "CHURCH OF JESUS CHRIST OF LATTER-DAY SAINTS THE",
        "CARE_NAME": "%WEIGHT, AARON",
        "ACREAGE": 33.058501,
        "SITE_FULL_ADDRESS": null,
        "OWN_FULL_ADDRESS": "%WEIGHT, AARON  51 S MAIN ST STE 301  SALT LAKE CITY, UT 84111",
        "PROP_TYPE": 9999,
        "PROP_TYPE_DESCR": "DEFAULT",
        "SPECIFIC_PROP_TYPE": 9999,
        "SPC_PROP_TYP_DESCR": "DEFAULT",
        "ASMT_YEAR": 2026,
        "ASMT_CODE": "UNK",
        "ASMT_CODE_DESCR": "UNK",
        "MKT_LAND_VALUE": 0,
        "MKT_CUR_VALUE": 0,
        "MKT_PRV_VAL": 0,
        "MKT_VAL_YR_CHG": 0,
        "MKT_PCT_CHG": 0,
        "GLOBALID": "{F4520C75-5246-495B-81A5-DA80D99737F7}",
        "Code": null,
        "Description": "Medium Density Residential",
        "City": "Saratoga Springs",
        "Description_detailed": "Any Residential",
        "Acres": null,
        "Unit_Rate": null,
        "CityName": null,
        "AdoptedDate": null,
        "Slope_Score": 10,
        "GP_Score": 8,
        "Utilities_Score": 10,
        "Wetlands_Score": 10,
        "Soil_Score": 10,
        "Ownership_Score": 5,
        "Ownership_Type": "Business",
        "Utility_Proximity_Status": "Within 1/8 Mile",
        "Final_Score": 8.75,
        "ELEV_CHANGE": 1.6159899169924756,
        "SLOPE": 1.1359979146572996,
        "Join_Count_12": 1,
        "TARGET_FID_12": 61953,
        "Shape_Length_12": null,
        "Shape_Area_12": null,
        "OBJECTID_1_12": null,
        "Join_Count_12_13": null,
        "TARGET_FID_12_13": null,
        "Id": 2073,
        "gridcode": 1,
        "ClassName": "Not Hydric",
        "Shape_Length_12_13": null,
        "Shape_Area_12_13": null,
        "SITE_HOUSE_NUM": null,
        "SITE_PRE_DIR": null,
        "SITE_STREET_NAME": null,
        "SITE_STREET_TYPE": null,
        "SITE_POST_DIR": null,
        "SITE_STREET_UNIT": null,
        "SITE_CITY": null,
        "SITE_STATE": null,
        "SITE_ZIP5": "84045",
        "OWN_STREET_ADDRESS": "575 N 100 E",
        "OWN_CITY": "AMERICAN FORK",
        "OWN_STATE": "UT",
        "OWN_ZIP5": "84003",
        "VESTING_DOC": "37503-2025",
        "PARCEL_CREATE_DATE": 1749168000000,
        "MAP_FILING_NO": null,
        "SUB_NAME": null,
        "LEGAL_DESCR": "COM S 759.954 FT & W 6.256 FT FR NW COR. SEC. 34, T5S, R2W, SLB&M.; S 89 DEG 50' 4\" E 1164.58 FT; ALONG A CURVE TO R (CHORD BEARS: S 44 DEG 38' 17\" E 309.28 FT, RADIUS = 216.46 FT); ALONG A CURVE TO L (CHORD BEARS: S 45 DEG 34' 58\" E 254.76 FT, RADIUS = 182 FT); N 89 DEG 59' 55\" E 87.33 FT; S 49 FT; S 89 DEG 59' 55\" W 87.33 FT; ALONG A CURVE TO R (CHORD BEARS: N 45 DEG 34' 58\" W 323.35 FT, RADIUS = 231 FT); ALONG A CURVE TO L (CHORD BEARS: N 19 DEG 58' 29\" W 92.84 FT, RADIUS = 170.48 FT); S 1560.87 FT; S 89 DEG 59' 55\" W 579.11 FT; S 0 DEG 0' 2\" E 63.26 FT; W 275.28 FT; ALONG A CURVE TO L (CHORD BEARS: S 86 DEG 33' 21\" W 91.25 FT, RADIUS = 759.5 FT); ALONG A CURVE TO R (CHORD BEARS: S 86 DEG 33' 21\" W 91.85 FT, RADIUS = 764.5 FT); W 191.41 FT; ALONG A CURVE TO L (CHORD BEARS: S 45 DEG 0' 0\" W 34.65 FT, RADIUS = 24.5 FT); S 106.69 FT; N 89 DEG 48' 13\" W 49 FT; N 106.52 FT; ALONG A CURVE TO L (CHORD BEARS: N 45 DEG 0' 0\" W 34.65 FT, RADIUS = 24.5 FT); N 60 FT; ALONG A CURVE TO L (CHORD BEARS: N 45 DEG 0' 0\" E 34.65 FT, RADIUS = 24.5 FT); N 101.38 FT; ALONG A CURVE TO L (CHORD BEARS: N 21 DEG 58' 7\" W 363.25 FT, RADIUS = 485.5 FT); N 43 DEG 56' 14\" W 1115.09 FT; ALONG A CURVE TO R (CHORD BEARS: N 18 DEG 56' 43\" W 451.65 FT, RADIUS = 534.5 FT); N 6 DEG 2' 50\" E 32.65 FT; ALONG A CURVE TO L (CHORD BEARS: N 38 DEG 57' 11\" W 34.65 FT, RADIUS = 24.5 FT); N 6 DEG 2' 49\" E 49 FT; ALONG A CURVE TO L (CHORD BEARS: N 51 DEG 2' 49\" E 34.65 FT, RADIUS = 24.5 FT); S 83 DEG 57' 11\" E 49 FT; ALONG A CURVE TO L (CHORD BEARS: S 38 DEG 57' 11\" E 34.65 FT, RADIUS = 24.5 FT); S 4 DEG 41' 57\" W 63.02 FT; ALONG A CURVE TO L (CHORD BEARS: S 51 DEG 2' 49\" W 16.97 FT, RADIUS = 12 FT); S 6 DEG 2' 49\" W 31.15 FT; ALONG A CURVE TO L (CHORD BEARS: S 18 DEG 56' 43\" E 398.41 FT, RADIUS = 471.5 FT); S 43 DEG 56' 14\" E 82.89 FT; N 46 DEG 3' 46\" E 597.43 FT; N 83 DEG 57' 11\" W 603.95 FT; N 4 DEG 41' 57\" E 63.02 FT; S 83 DEG 57' 11\" E 712.82 FT; ALONG A CURVE TO L (CHORD BEARS: S 86 DEG 53' 38\" E 49.81 FT, RADIUS = 485.5 FT); S 89 DEG 50' 4\" E 214.29 FT TO BEG. AREA 70.110 AC.",
        "BOOK_PAGE": 58041,
        "LOT": null,
        "BUILDING": null,
        "UNIT": null,
        "TAX_DISTRICT": "039",
        "TAX_DISTRICT_DESCR": "SARATOGA SPRINGS",
        "SCHOOL_DISTRICT": "ALPINE",
        "TAXABLE_CODE": 100,
        "ACCOUNT_TYPE": null,
        "NEIGHBORHOOD": "9999",
        "NBHD_DISTRICT": null,
        "LAND_DISTRICT": 9999,
        "ECONOMIC_UNIT": null,
        "GLA_WEIGHTED_YRBLT": null,
        "TOTAL_ABOVE_GRADE_AREA": null,
        "TOTAL_MEZZANINE": null,
        "TOTAL_BASEMENT": null,
        "TOTAL_BSMT_FINISH": null,
        "TOTAL_UNIT_COUNT": null,
        "TOTAL_IMP_COUNT": null,
        "MKT_LAND_RES": 0,
        "MKT_LAND_AGR": 0,
        "MKT_LAND_COM": 0,
        "MKT_IMP_VALUE": 0,
        "MKT_IMP_RES": 0,
        "MKT_IMP_AGR": 0,
        "MKT_IMP_COM": 0,
        "TXBL_CUR_VALUE": 0,
        "TXBL_PRV_VAL": 0,
        "TXBL_VAL_YR_CHG": 0,
        "TXBL_PCT_CHG": 0,
        "TOT_CUR_TAXES": 0,
        "TOT_PRV_TAXES": 0,
        "TAXES_YR_CHG": 0,
        "TAXES_PCT_CHG": 0,
        "GREENBELT": null,
        "EXEMPT_RES": "UNK",
        "COMMON_AREA": null,
        "PUBLIC_ROAD": null,
        "PRIVATE_ROAD": null,
        "PART_CENTRAL_ASSD": null,
        "PART_TAXABLE": null,
        "IMP_NO_RES": null,
        "COST_GROUP_RES": null,
        "STYLE_DESCR_RES": null,
        "QUALITY_RES": null,
        "QUALITY_DESCR_RES": null,
        "CONDITION_RES": null,
        "CONDITION_DESCR_RES": null,
        "YEARBLT_RES": null,
        "GLA_RES": null,
        "BASEMENT_RES": null,
        "BSMT_FINISH_RES": null,
        "ATT_GARAGE_SQFT_RES": null,
        "BATHROOMS_RES": null,
        "GLA_BEDROOMS_RES": null,
        "EXTERIOR_RES": null,
        "ALLOCATION_PCT_RES": null,
        "TRAV_COUNT": null,
        "LASTUPDATE": null,
        "CREATED_DATE": 1749207104000,
        "LAST_EDITED_DATE": 1749207104000,
        "ChangeType": "Added",
        "Previous_Owner": null,
        "Shape_Length_12_13_14": 10778.634715930966,
        "Shape_Area_12_13_14": 3053987.674264696,
        "Shape_Length": 0.01536943265379986,
        "Shape_Area": 1.4181626438943243e-05
      }
    },
    {
      "type": "Feature",
      "id": 79,
      "geometry": {
        "type": "Polygon",
        "coordinates": [
          [
            [
              -111.69338153799998,
              40.05505885900004
            ],
            [
              -111.6933038781875,
              40.05518875427953
            ],
            [
              -111.69322103681695,
              40.055315407891506
            ],
            [
              -111.69313314900548,
              40.05543861325948
            ],
            [
              -111.6930403581012,
              40.05555816943118
            ],
            [
              -111.69294281544936,
              40.05567388140626
            ],
            [
              -111.69284068014545,
              40.05578556045443
            ],
            [
              -111.69273411877575,
              40.055893024423234
            ],
            [
              -111.69262330514559,
              40.05599609803516
            ],
            [
              -111.6925084199959,
              40.05609461317352
            ],
            [
              -111.6923896507084,
              40.05618840915666
            ],
            [
              -111.69226719099998,
              40.056277333000025
            ],
            [
              -111.69226772599995,
              40.056468573000075
            ],
            [
              -111.69303333199997,
              40.057482511000046
            ],
            [
              -111.69307864899997,
              40.057456900000034
            ],
            [
              -111.69473180399996,
              40.056367687000034
            ],
            [
              -111.69548157999998,
              40.05588006100004
            ],
            [
              -111.69573000699995,
              40.05575799400003
            ],
            [
              -111.69667727899997,
              40.055138757000066
            ],
            [
              -111.69805170399997,
              40.05423016300006
            ],
            [
              -111.69804542999998,
              40.052052471000025
            ],
            [
              -111.69771944399997,
              40.05221386900007
            ],
            [
              -111.69765240699996,
              40.05225784800007
            ],
            [
              -111.69723939199997,
              40.05247088700003
            ],
            [
              -111.69599980799995,
              40.05332307500004
            ],
            [
              -111.69547231799999,
              40.05367045600008
            ],
            [
              -111.69521569499994,
              40.053820108000025
            ],
            [
              -111.69497080299999,
              40.05398221400003
            ],
            [
              -111.69496214199995,
              40.053965248000054
            ],
            [
              -111.69338153799998,
              40.05505885900004
            ]
          ]
        ]
      },
      "properties": {
        "OBJECTID": 79,
        "Join_Count": 1,
        "TARGET_FID": 1663,
        "PARCEL_NO": 300320039,
        "PARCELID": "300320039",
        "PARCELID_LABEL": "30:032:0039",
        "OWNER_NAME": "CHRISTENSEN, JOSEPH DOUGLAS & DEEANN",
        "CARE_NAME": null,
        "ACREAGE": 28.014968999999997,
        "SITE_FULL_ADDRESS": null,
        "OWN_FULL_ADDRESS": "PO BOX 1729  SPANISH FORK, UT 84660",
        "PROP_TYPE": 9999,
        "PROP_TYPE_DESCR": "DEFAULT",
        "SPECIFIC_PROP_TYPE": 9999,
        "SPC_PROP_TYP_DESCR": "DEFAULT",
        "ASMT_YEAR": 2026,
        "ASMT_CODE": "UNK",
        "ASMT_CODE_DESCR": "UNK",
        "MKT_LAND_VALUE": 0,
        "MKT_CUR_VALUE": 0,
        "MKT_PRV_VAL": 0,
        "MKT_VAL_YR_CHG": 0,
        "MKT_PCT_CHG": 0,
        "GLOBALID": "{F63EAA45-74CE-4ACB-A255-19EE038494DD}",
        "Code": null,
        "Description": "West Transition to I-15",
        "City": "Salem",
        "Description_detailed": null,
        "Acres": 938.81,
        "Unit_Rate": null,
        "CityName": null,
        "AdoptedDate": null,
        "Slope_Score": 10,
        "GP_Score": 4,
        "Utilities_Score": 0,
        "Wetlands_Score": 0,
        "Soil_Score": 7,
        "Ownership_Score": 10,
        "Ownership_Type": "Private",
        "Utility_Proximity_Status": "Not Within 1/8 Mile",
        "Final_Score": 4.2,
        "ELEV_CHANGE": 17.518772475586047,
        "SLOPE": 0.7390695926804942,
        "Join_Count_12": 1,
        "TARGET_FID_12": 62000,
        "Shape_Length_12": null,
        "Shape_Area_12": null,
        "OBJECTID_1_12": null,
        "Join_Count_12_13": null,
        "TARGET_FID_12_13": null,
        "Id": 1700,
        "gridcode": 2,
        "ClassName": "Partially Hydric (1 - 25%)",
        "Shape_Length_12_13": null,
        "Shape_Area_12_13": null,
        "SITE_HOUSE_NUM": null,
        "SITE_PRE_DIR": null,
        "SITE_STREET_NAME": null,
        "SITE_STREET_TYPE": null,
        "SITE_POST_DIR": null,
        "SITE_STREET_UNIT": null,
        "SITE_CITY": null,
        "SITE_STATE": null,
        "SITE_ZIP5": "84653",
        "OWN_STREET_ADDRESS": "PO BOX 1729",
        "OWN_CITY": "SPANISH FORK",
        "OWN_STATE": "UT",
        "OWN_ZIP5": "84660",
        "VESTING_DOC": "128517-2022",
        "PARCEL_CREATE_DATE": 1752105600000,
        "MAP_FILING_NO": null,
        "SUB_NAME": null,
        "LEGAL_DESCR": "COM S 388.67 FT & W 298.48 FT FR NE COR. SEC. 10, T9S, R2E, SLB&M.; ALONG A CURVE TO L (CHORD BEARS: S 3 DEG 39' 22\" W 893.04 FT, RADIUS = 1303 FT); S 65 DEG 15' 0\" W 190.16 FT; N 22 DEG 6' 43\" W 119.93 FT; N 23 DEG 42' 16\" W 56.43 FT; N 20 DEG 54' 0\" W 120.9 FT; N 21 DEG 55' 16\" W 303.2 FT; N 48 DEG 7' 32\" E 589.99 FT; ALONG A CURVE TO R (CHORD BEARS: N 23 DEG 29' 13\" E 12.88 FT, RADIUS = 1303 FT); N 48 DEG 45' 0\" E 12.43 FT TO BEG. AREA 4.563 AC.",
        "BOOK_PAGE": 30032,
        "LOT": null,
        "BUILDING": null,
        "UNIT": null,
        "TAX_DISTRICT": "180",
        "TAX_DISTRICT_DESCR": "SALEM CITY",
        "SCHOOL_DISTRICT": "NEBO",
        "TAXABLE_CODE": 100,
        "ACCOUNT_TYPE": null,
        "NEIGHBORHOOD": "9999",
        "NBHD_DISTRICT": null,
        "LAND_DISTRICT": 9999,
        "ECONOMIC_UNIT": null,
        "GLA_WEIGHTED_YRBLT": null,
        "TOTAL_ABOVE_GRADE_AREA": null,
        "TOTAL_MEZZANINE": null,
        "TOTAL_BASEMENT": null,
        "TOTAL_BSMT_FINISH": null,
        "TOTAL_UNIT_COUNT": null,
        "TOTAL_IMP_COUNT": null,
        "MKT_LAND_RES": 0,
        "MKT_LAND_AGR": 0,
        "MKT_LAND_COM": 0,
        "MKT_IMP_VALUE": 0,
        "MKT_IMP_RES": 0,
        "MKT_IMP_AGR": 0,
        "MKT_IMP_COM": 0,
        "TXBL_CUR_VALUE": 0,
        "TXBL_PRV_VAL": 0,
        "TXBL_VAL_YR_CHG": 0,
        "TXBL_PCT_CHG": 0,
        "TOT_CUR_TAXES": 0,
        "TOT_PRV_TAXES": 0,
        "TAXES_YR_CHG": 0,
        "TAXES_PCT_CHG": 0,
        "GREENBELT": null,
        "EXEMPT_RES": "UNK",
        "COMMON_AREA": null,
        "PUBLIC_ROAD": null,
        "PRIVATE_ROAD": null,
        "PART_CENTRAL_ASSD": null,
        "PART_TAXABLE": null,
        "IMP_NO_RES": null,
        "COST_GROUP_RES": null,
        "STYLE_DESCR_RES": null,
        "QUALITY_RES": null,
        "QUALITY_DESCR_RES": null,
        "CONDITION_RES": null,
        "CONDITION_DESCR_RES": null,
        "YEARBLT_RES": null,
        "GLA_RES": null,
        "BASEMENT_RES": null,
        "BSMT_FINISH_RES": null,
        "ATT_GARAGE_SQFT_RES": null,
        "BATHROOMS_RES": null,
        "GLA_BEDROOMS_RES": null,
        "EXTERIOR_RES": null,
        "ALLOCATION_PCT_RES": null,
        "TRAV_COUNT": null,
        "LASTUPDATE": null,
        "CREATED_DATE": 1752163478000,
        "LAST_EDITED_DATE": 1752163478000,
        "ChangeType": "Added",
        "Previous_Owner": null,
        "Shape_Length_12_13_14": 2316.77978593958,
        "Shape_Area_12_13_14": 198789.8082346192,
        "Shape_Length": 0.01686296970993967,
        "Shape_Area": 1.1968625472794315e-05
      }
    },
    {
      "type": "Feature",
      "id": 80,
      "geometry": {
        "type": "Polygon",
        "coordinates": [
          [
            [
              -111.85368681699998,
              40.442470900000046
            ],
            [
              -111.8536891009671,
              40.44247751453668
            ],
            [
              -111.85369243233764,
              40.44248366844366
            ],
            [
              -111.85369672204342,
              40.44248919718898
            ],
            [
              -111.85370185539412,
              40.4424939529551
            ],
            [
              -111.8537076951435,
              40.442497808590964
            ],
            [
              -111.85371408515894,
              40.44250066101157
            ],
            [
              -111.8537208545958,
              40.44250243395409
            ],
            [
              -111.85372782246519,
              40.44250308001679
            ],
            [
              -111.85373480247283,
              40.44250258192643
            ],
            [
              -111.85374160799995,
              40.442500953000035
            ],
            [
              -111.85386815833137,
              40.442477076206806
            ],
            [
              -111.85399577446456,
              40.442459778513864
            ],
            [
              -111.85412411460025,
              40.4424491062503
            ],
            [
              -111.85425283499995,
              40.442445088000056
            ],
            [
              -111.854532915,
              40.442443420000075
            ],
            [
              -111.85460410799999,
              40.44246413700006
            ],
            [
              -111.85460085599999,
              40.44196106900006
            ],
            [
              -111.85430856099998,
              40.441962164000074
            ],
            [
              -111.85390944199997,
              40.44186131200007
            ],
            [
              -111.85395802899995,
              40.44188874400004
            ],
            [
              -111.85418280599998,
              40.44194628100007
            ],
            [
              -111.85413259999996,
              40.44206077300004
            ],
            [
              -111.85408239599997,
              40.44217526500006
            ],
            [
              -111.85406694999995,
              40.44220592000005
            ],
            [
              -111.85402130899996,
              40.442310004000035
            ],
            [
              -111.85397566699999,
              40.44241408700003
            ],
            [
              -111.85375259099999,
              40.44235698400007
            ],
            [
              -111.85368681699998,
              40.442470900000046
            ]
          ]
        ]
      },
      "properties": {
        "OBJECTID": 80,
        "Join_Count": 1,
        "TARGET_FID": 1665,
        "PARCEL_NO": 421161133,
        "PARCELID": "421161133",
        "PARCELID_LABEL": "42:116:1133",
        "OWNER_NAME": "INVERNESS HOMEOWNER'S ASSOCIATION INC",
        "CARE_NAME": null,
        "ACREAGE": 1.043768,
        "SITE_FULL_ADDRESS": "LEHI, UT",
        "OWN_FULL_ADDRESS": "12351 S GATEWAY PARK PL STE D-100  DRAPER, UT 84020",
        "PROP_TYPE": 9999,
        "PROP_TYPE_DESCR": "DEFAULT",
        "SPECIFIC_PROP_TYPE": 9999,
        "SPC_PROP_TYP_DESCR": "DEFAULT",
        "ASMT_YEAR": 2026,
        "ASMT_CODE": "UNK",
        "ASMT_CODE_DESCR": "UNK",
        "MKT_LAND_VALUE": 0,
        "MKT_CUR_VALUE": 0,
        "MKT_PRV_VAL": 0,
        "MKT_VAL_YR_CHG": 0,
        "MKT_PCT_CHG": 0,
        "GLOBALID": "{A4B79A74-22F8-4DE6-9658-4788AD43B582}",
        "Code": "MDR",
        "Description": "Medium Density Residential",
        "City": "Lehi",
        "Description_detailed": null,
        "Acres": 63.139494,
        "Unit_Rate": null,
        "CityName": null,
        "AdoptedDate": null,
        "Slope_Score": 10,
        "GP_Score": 8,
        "Utilities_Score": 5,
        "Wetlands_Score": 10,
        "Soil_Score": 10,
        "Ownership_Score": 5,
        "Ownership_Type": "Business",
        "Utility_Proximity_Status": "Unknown - No Data",
        "Final_Score": 7.5,
        "ELEV_CHANGE": 1.8707035693360012,
        "SLOPE": 1.498092037849494,
        "Join_Count_12": 1,
        "TARGET_FID_12": 62081,
        "Shape_Length_12": null,
        "Shape_Area_12": null,
        "OBJECTID_1_12": null,
        "Join_Count_12_13": null,
        "TARGET_FID_12_13": null,
        "Id": 2073,
        "gridcode": 1,
        "ClassName": "Not Hydric",
        "Shape_Length_12_13": null,
        "Shape_Area_12_13": null,
        "SITE_HOUSE_NUM": "4403",
        "SITE_PRE_DIR": "N",
        "SITE_STREET_NAME": "BRAIKEN RIDGE",
        "SITE_STREET_TYPE": "DR",
        "SITE_POST_DIR": null,
        "SITE_STREET_UNIT": null,
        "SITE_CITY": "LEHI",
        "SITE_STATE": "UT",
        "SITE_ZIP5": "84043",
        "OWN_STREET_ADDRESS": "12351 S GATEWAY PARK PL STE D-100",
        "OWN_CITY": "DRAPER",
        "OWN_STATE": "UT",
        "OWN_ZIP5": "84020",
        "VESTING_DOC": "46343-2021",
        "PARCEL_CREATE_DATE": 1751328000000,
        "MAP_FILING_NO": "19776 ",
        "SUB_NAME": "INVERNESS, PLAT 5",
        "LEGAL_DESCR": "LOT 1128, PLAT 5, INVERNESS SUB AREA 0.067 AC.",
        "BOOK_PAGE": 42116,
        "LOT": "1128",
        "BUILDING": null,
        "UNIT": null,
        "TAX_DISTRICT": "010",
        "TAX_DISTRICT_DESCR": "LEHI CITY",
        "SCHOOL_DISTRICT": "ALPINE",
        "TAXABLE_CODE": 100,
        "ACCOUNT_TYPE": null,
        "NEIGHBORHOOD": "9999",
        "NBHD_DISTRICT": null,
        "LAND_DISTRICT": 9999,
        "ECONOMIC_UNIT": null,
        "GLA_WEIGHTED_YRBLT": null,
        "TOTAL_ABOVE_GRADE_AREA": null,
        "TOTAL_MEZZANINE": null,
        "TOTAL_BASEMENT": null,
        "TOTAL_BSMT_FINISH": null,
        "TOTAL_UNIT_COUNT": null,
        "TOTAL_IMP_COUNT": null,
        "MKT_LAND_RES": 0,
        "MKT_LAND_AGR": 0,
        "MKT_LAND_COM": 0,
        "MKT_IMP_VALUE": 0,
        "MKT_IMP_RES": 0,
        "MKT_IMP_AGR": 0,
        "MKT_IMP_COM": 0,
        "TXBL_CUR_VALUE": 0,
        "TXBL_PRV_VAL": 0,
        "TXBL_VAL_YR_CHG": 0,
        "TXBL_PCT_CHG": 0,
        "TOT_CUR_TAXES": 0,
        "TOT_PRV_TAXES": 0,
        "TAXES_YR_CHG": 0,
        "TAXES_PCT_CHG": 0,
        "GREENBELT": null,
        "EXEMPT_RES": "UNK",
        "COMMON_AREA": "Yes",
        "PUBLIC_ROAD": "Yes",
        "PRIVATE_ROAD": null,
        "PART_CENTRAL_ASSD": null,
        "PART_TAXABLE": null,
        "IMP_NO_RES": null,
        "COST_GROUP_RES": null,
        "STYLE_DESCR_RES": null,
        "QUALITY_RES": null,
        "QUALITY_DESCR_RES": null,
        "CONDITION_RES": null,
        "CONDITION_DESCR_RES": null,
        "YEARBLT_RES": null,
        "GLA_RES": null,
        "BASEMENT_RES": null,
        "BSMT_FINISH_RES": null,
        "ATT_GARAGE_SQFT_RES": null,
        "BATHROOMS_RES": null,
        "GLA_BEDROOMS_RES": null,
        "EXTERIOR_RES": null,
        "ALLOCATION_PCT_RES": null,
        "TRAV_COUNT": null,
        "LASTUPDATE": null,
        "CREATED_DATE": 1751370172000,
        "LAST_EDITED_DATE": 1751370172000,
        "ChangeType": "Added",
        "Previous_Owner": null,
        "Shape_Length_12_13_14": 219.93845006039115,
        "Shape_Area_12_13_14": 2902.3748452113687,
        "Shape_Length": 0.0033078061151173206,
        "Shape_Area": 2.9176081293416415e-07
      }
    },
    {
      "type": "Feature",
      "id": 81,
      "geometry": {
        "type": "Polygon",
        "coordinates": [
          [
            [
              -111.85384387599998,
              40.44214881600004
            ],
            [
              -111.85406695299997,
              40.442205916000034
            ],
            [
              -111.85408239799995,
              40.442175261000045
            ],
            [
              -111.85385761999999,
              40.442117722000035
            ],
            [
              -111.85384387599998,
              40.44214881600004
            ]
          ]
        ]
      },
      "properties": {
        "OBJECTID": 81,
        "Join_Count": 1,
        "TARGET_FID": 1666,
        "PARCEL_NO": 421161133,
        "PARCELID": "421161133",
        "PARCELID_LABEL": "42:116:1133",
        "OWNER_NAME": "INVERNESS HOMEOWNER'S ASSOCIATION INC",
        "CARE_NAME": null,
        "ACREAGE": 1.043768,
        "SITE_FULL_ADDRESS": "LEHI, UT",
        "OWN_FULL_ADDRESS": "12351 S GATEWAY PARK PL STE D-100  DRAPER, UT 84020",
        "PROP_TYPE": 9999,
        "PROP_TYPE_DESCR": "DEFAULT",
        "SPECIFIC_PROP_TYPE": 9999,
        "SPC_PROP_TYP_DESCR": "DEFAULT",
        "ASMT_YEAR": 2026,
        "ASMT_CODE": "UNK",
        "ASMT_CODE_DESCR": "UNK",
        "MKT_LAND_VALUE": 0,
        "MKT_CUR_VALUE": 0,
        "MKT_PRV_VAL": 0,
        "MKT_VAL_YR_CHG": 0,
        "MKT_PCT_CHG": 0,
        "GLOBALID": "{ECAAD183-90CB-445A-B7EC-AC73EBD736E2}",
        "Code": "MDR",
        "Description": "Medium Density Residential",
        "City": "Lehi",
        "Description_detailed": null,
        "Acres": 63.139494,
        "Unit_Rate": null,
        "CityName": null,
        "AdoptedDate": null,
        "Slope_Score": 10,
        "GP_Score": 8,
        "Utilities_Score": 5,
        "Wetlands_Score": 10,
        "Soil_Score": 10,
        "Ownership_Score": 5,
        "Ownership_Type": "Business",
        "Utility_Proximity_Status": "Unknown - No Data",
        "Final_Score": 7.5,
        "ELEV_CHANGE": 1.8707035693360012,
        "SLOPE": 1.498092037849494,
        "Join_Count_12": 1,
        "TARGET_FID_12": 62082,
        "Shape_Length_12": null,
        "Shape_Area_12": null,
        "OBJECTID_1_12": null,
        "Join_Count_12_13": null,
        "TARGET_FID_12_13": null,
        "Id": 2073,
        "gridcode": 1,
        "ClassName": "Not Hydric",
        "Shape_Length_12_13": null,
        "Shape_Area_12_13": null,
        "SITE_HOUSE_NUM": "4403",
        "SITE_PRE_DIR": "N",
        "SITE_STREET_NAME": "BRAIKEN RIDGE",
        "SITE_STREET_TYPE": "DR",
        "SITE_POST_DIR": null,
        "SITE_STREET_UNIT": null,
        "SITE_CITY": "LEHI",
        "SITE_STATE": "UT",
        "SITE_ZIP5": "84043",
        "OWN_STREET_ADDRESS": "12351 S GATEWAY PARK PL STE D-100",
        "OWN_CITY": "DRAPER",
        "OWN_STATE": "UT",
        "OWN_ZIP5": "84020",
        "VESTING_DOC": "46343-2021",
        "PARCEL_CREATE_DATE": 1751328000000,
        "MAP_FILING_NO": "19776 ",
        "SUB_NAME": "INVERNESS, PLAT 5",
        "LEGAL_DESCR": "LOT 1128, PLAT 5, INVERNESS SUB AREA 0.067 AC.",
        "BOOK_PAGE": 42116,
        "LOT": "1128",
        "BUILDING": null,
        "UNIT": null,
        "TAX_DISTRICT": "010",
        "TAX_DISTRICT_DESCR": "LEHI CITY",
        "SCHOOL_DISTRICT": "ALPINE",
        "TAXABLE_CODE": 100,
        "ACCOUNT_TYPE": null,
        "NEIGHBORHOOD": "9999",
        "NBHD_DISTRICT": null,
        "LAND_DISTRICT": 9999,
        "ECONOMIC_UNIT": null,
        "GLA_WEIGHTED_YRBLT": null,
        "TOTAL_ABOVE_GRADE_AREA": null,
        "TOTAL_MEZZANINE": null,
        "TOTAL_BASEMENT": null,
        "TOTAL_BSMT_FINISH": null,
        "TOTAL_UNIT_COUNT": null,
        "TOTAL_IMP_COUNT": null,
        "MKT_LAND_RES": 0,
        "MKT_LAND_AGR": 0,
        "MKT_LAND_COM": 0,
        "MKT_IMP_VALUE": 0,
        "MKT_IMP_RES": 0,
        "MKT_IMP_AGR": 0,
        "MKT_IMP_COM": 0,
        "TXBL_CUR_VALUE": 0,
        "TXBL_PRV_VAL": 0,
        "TXBL_VAL_YR_CHG": 0,
        "TXBL_PCT_CHG": 0,
        "TOT_CUR_TAXES": 0,
        "TOT_PRV_TAXES": 0,
        "TAXES_YR_CHG": 0,
        "TAXES_PCT_CHG": 0,
        "GREENBELT": null,
        "EXEMPT_RES": "UNK",
        "COMMON_AREA": "Yes",
        "PUBLIC_ROAD": null,
        "PRIVATE_ROAD": null,
        "PART_CENTRAL_ASSD": null,
        "PART_TAXABLE": null,
        "IMP_NO_RES": null,
        "COST_GROUP_RES": null,
        "STYLE_DESCR_RES": null,
        "QUALITY_RES": null,
        "QUALITY_DESCR_RES": null,
        "CONDITION_RES": null,
        "CONDITION_DESCR_RES": null,
        "YEARBLT_RES": null,
        "GLA_RES": null,
        "BASEMENT_RES": null,
        "BSMT_FINISH_RES": null,
        "ATT_GARAGE_SQFT_RES": null,
        "BATHROOMS_RES": null,
        "GLA_BEDROOMS_RES": null,
        "EXTERIOR_RES": null,
        "ALLOCATION_PCT_RES": null,
        "TRAV_COUNT": null,
        "LASTUPDATE": null,
        "CREATED_DATE": 1751370172000,
        "LAST_EDITED_DATE": 1751370172000,
        "ChangeType": "Added",
        "Previous_Owner": null,
        "Shape_Length_12_13_14": 219.93845006039115,
        "Shape_Area_12_13_14": 2902.3748452113687,
        "Shape_Length": 0.0005306166301766732,
        "Shape_Area": 7.75019903961913e-09
      }
    },
    {
      "type": "Feature",
      "id": 82,
      "geometry": {
        "type": "Polygon",
        "coordinates": [
          [
            [
              -111.85390489699995,
              40.44187172300008
            ],
            [
              -111.85371809499998,
              40.44229773600006
            ],
            [
              -111.85370251192293,
              40.4423393020879
            ],
            [
              -111.85369201959789,
              40.442382435405236
            ],
            [
              -111.8536867690916,
              40.4424265149258
            ],
            [
              -111.85368683599995,
              40.44247090600004
            ],
            [
              -111.85375260399996,
              40.442356990000064
            ],
            [
              -111.85379824499995,
              40.44225290600008
            ],
            [
              -111.85384388699998,
              40.442148823000025
            ],
            [
              -111.85385763199997,
              40.44211772700004
            ],
            [
              -111.85390783799994,
              40.44200323500007
            ],
            [
              -111.85395804299998,
              40.44188874400004
            ],
            [
              -111.85390945599994,
              40.44186131200007
            ],
            [
              -111.85390489699995,
              40.44187172300008
            ]
          ]
        ]
      },
      "properties": {
        "OBJECTID": 82,
        "Join_Count": 1,
        "TARGET_FID": 1667,
        "PARCEL_NO": 421161133,
        "PARCELID": "421161133",
        "PARCELID_LABEL": "42:116:1133",
        "OWNER_NAME": "INVERNESS HOMEOWNER'S ASSOCIATION INC",
        "CARE_NAME": null,
        "ACREAGE": 1.043768,
        "SITE_FULL_ADDRESS": "LEHI, UT",
        "OWN_FULL_ADDRESS": "12351 S GATEWAY PARK PL STE D-100  DRAPER, UT 84020",
        "PROP_TYPE": 9999,
        "PROP_TYPE_DESCR": "DEFAULT",
        "SPECIFIC_PROP_TYPE": 9999,
        "SPC_PROP_TYP_DESCR": "DEFAULT",
        "ASMT_YEAR": 2026,
        "ASMT_CODE": "UNK",
        "ASMT_CODE_DESCR": "UNK",
        "MKT_LAND_VALUE": 0,
        "MKT_CUR_VALUE": 0,
        "MKT_PRV_VAL": 0,
        "MKT_VAL_YR_CHG": 0,
        "MKT_PCT_CHG": 0,
        "GLOBALID": "{53B6376E-E774-401B-9CD5-D3E6BADBD38F}",
        "Code": "MDR",
        "Description": "Medium Density Residential",
        "City": "Lehi",
        "Description_detailed": null,
        "Acres": 63.139494,
        "Unit_Rate": null,
        "CityName": null,
        "AdoptedDate": null,
        "Slope_Score": 10,
        "GP_Score": 8,
        "Utilities_Score": 5,
        "Wetlands_Score": 10,
        "Soil_Score": 10,
        "Ownership_Score": 5,
        "Ownership_Type": "Business",
        "Utility_Proximity_Status": "Unknown - No Data",
        "Final_Score": 7.5,
        "ELEV_CHANGE": 1.8707035693360012,
        "SLOPE": 1.498092037849494,
        "Join_Count_12": 1,
        "TARGET_FID_12": 62083,
        "Shape_Length_12": null,
        "Shape_Area_12": null,
        "OBJECTID_1_12": null,
        "Join_Count_12_13": null,
        "TARGET_FID_12_13": null,
        "Id": 2073,
        "gridcode": 1,
        "ClassName": "Not Hydric",
        "Shape_Length_12_13": null,
        "Shape_Area_12_13": null,
        "SITE_HOUSE_NUM": "4403",
        "SITE_PRE_DIR": "N",
        "SITE_STREET_NAME": "BRAIKEN RIDGE",
        "SITE_STREET_TYPE": "DR",
        "SITE_POST_DIR": null,
        "SITE_STREET_UNIT": null,
        "SITE_CITY": "LEHI",
        "SITE_STATE": "UT",
        "SITE_ZIP5": "84043",
        "OWN_STREET_ADDRESS": "12351 S GATEWAY PARK PL STE D-100",
        "OWN_CITY": "DRAPER",
        "OWN_STATE": "UT",
        "OWN_ZIP5": "84020",
        "VESTING_DOC": "46343-2021",
        "PARCEL_CREATE_DATE": 1751328000000,
        "MAP_FILING_NO": "19776 ",
        "SUB_NAME": "INVERNESS, PLAT 5",
        "LEGAL_DESCR": "LOT 1128, PLAT 5, INVERNESS SUB AREA 0.067 AC.",
        "BOOK_PAGE": 42116,
        "LOT": "1128",
        "BUILDING": null,
        "UNIT": null,
        "TAX_DISTRICT": "010",
        "TAX_DISTRICT_DESCR": "LEHI CITY",
        "SCHOOL_DISTRICT": "ALPINE",
        "TAXABLE_CODE": 100,
        "ACCOUNT_TYPE": null,
        "NEIGHBORHOOD": "9999",
        "NBHD_DISTRICT": null,
        "LAND_DISTRICT": 9999,
        "ECONOMIC_UNIT": null,
        "GLA_WEIGHTED_YRBLT": null,
        "TOTAL_ABOVE_GRADE_AREA": null,
        "TOTAL_MEZZANINE": null,
        "TOTAL_BASEMENT": null,
        "TOTAL_BSMT_FINISH": null,
        "TOTAL_UNIT_COUNT": null,
        "TOTAL_IMP_COUNT": null,
        "MKT_LAND_RES": 0,
        "MKT_LAND_AGR": 0,
        "MKT_LAND_COM": 0,
        "MKT_IMP_VALUE": 0,
        "MKT_IMP_RES": 0,
        "MKT_IMP_AGR": 0,
        "MKT_IMP_COM": 0,
        "TXBL_CUR_VALUE": 0,
        "TXBL_PRV_VAL": 0,
        "TXBL_VAL_YR_CHG": 0,
        "TXBL_PCT_CHG": 0,
        "TOT_CUR_TAXES": 0,
        "TOT_PRV_TAXES": 0,
        "TAXES_YR_CHG": 0,
        "TAXES_PCT_CHG": 0,
        "GREENBELT": null,
        "EXEMPT_RES": "UNK",
        "COMMON_AREA": "Yes",
        "PUBLIC_ROAD": "Yes",
        "PRIVATE_ROAD": null,
        "PART_CENTRAL_ASSD": null,
        "PART_TAXABLE": null,
        "IMP_NO_RES": null,
        "COST_GROUP_RES": null,
        "STYLE_DESCR_RES": null,
        "QUALITY_RES": null,
        "QUALITY_DESCR_RES": null,
        "CONDITION_RES": null,
        "CONDITION_DESCR_RES": null,
        "YEARBLT_RES": null,
        "GLA_RES": null,
        "BASEMENT_RES": null,
        "BSMT_FINISH_RES": null,
        "ATT_GARAGE_SQFT_RES": null,
        "BATHROOMS_RES": null,
        "GLA_BEDROOMS_RES": null,
        "EXTERIOR_RES": null,
        "ALLOCATION_PCT_RES": null,
        "TRAV_COUNT": null,
        "LASTUPDATE": null,
        "CREATED_DATE": 1751370172000,
        "LAST_EDITED_DATE": 1751370172000,
        "ChangeType": "Added",
        "Previous_Owner": null,
        "Shape_Length_12_13_14": 219.93845006039115,
        "Shape_Area_12_13_14": 2902.3748452113687,
        "Shape_Length": 0.001352871046515637,
        "Shape_Area": 3.2555585586276694e-08
      }
    },
    {
      "type": "Feature",
      "id": 83,
      "geometry": {
        "type": "Polygon",
        "coordinates": [
          [
            [
              -111.85291049599999,
              40.44243330000006
            ],
            [
              -111.85288419499994,
              40.44249327700004
            ],
            [
              -111.85287576576357,
              40.44251654820357
            ],
            [
              -111.8528707851667,
              40.44254079267912
            ],
            [
              -111.85286935760473,
              40.44256550225229
            ],
            [
              -111.85287151299997,
              40.442590159000076
            ],
            [
              -111.85288618799996,
              40.442680161000055
            ],
            [
              -111.85295775699996,
              40.442675122000026
            ],
            [
              -111.85294279699997,
              40.44258337700006
            ],
            [
              -111.85294118029931,
              40.44256488434275
            ],
            [
              -111.85294225083423,
              40.44254635204526
            ],
            [
              -111.85294598616586,
              40.44252816855294
            ],
            [
              -111.85295230799994,
              40.442510715000026
            ],
            [
              -111.85306075799997,
              40.44226341500007
            ],
            [
              -111.85314063299995,
              40.44208126900003
            ],
            [
              -111.85322050699995,
              40.44189912400003
            ],
            [
              -111.85330038099994,
              40.441716979000034
            ],
            [
              -111.85323226699995,
              40.44169954200004
            ],
            [
              -111.85316837899995,
              40.44184523200005
            ],
            [
              -111.85308622399998,
              40.442032582000024
            ],
            [
              -111.85300406399995,
              40.44221993100007
            ],
            [
              -111.85291049599999,
              40.44243330000006
            ]
          ]
        ]
      },
      "properties": {
        "OBJECTID": 83,
        "Join_Count": 1,
        "TARGET_FID": 1670,
        "PARCEL_NO": 421161133,
        "PARCELID": "421161133",
        "PARCELID_LABEL": "42:116:1133",
        "OWNER_NAME": "INVERNESS HOMEOWNER'S ASSOCIATION INC",
        "CARE_NAME": null,
        "ACREAGE": 1.043768,
        "SITE_FULL_ADDRESS": "LEHI, UT",
        "OWN_FULL_ADDRESS": "12351 S GATEWAY PARK PL STE D-100  DRAPER, UT 84020",
        "PROP_TYPE": 9999,
        "PROP_TYPE_DESCR": "DEFAULT",
        "SPECIFIC_PROP_TYPE": 9999,
        "SPC_PROP_TYP_DESCR": "DEFAULT",
        "ASMT_YEAR": 2026,
        "ASMT_CODE": "UNK",
        "ASMT_CODE_DESCR": "UNK",
        "MKT_LAND_VALUE": 0,
        "MKT_CUR_VALUE": 0,
        "MKT_PRV_VAL": 0,
        "MKT_VAL_YR_CHG": 0,
        "MKT_PCT_CHG": 0,
        "GLOBALID": "{8E9883C9-8179-4BA1-818C-64E90168E2AD}",
        "Code": "HDR",
        "Description": "High Density Residential",
        "City": "Lehi",
        "Description_detailed": null,
        "Acres": 6.45793,
        "Unit_Rate": null,
        "CityName": null,
        "AdoptedDate": null,
        "Slope_Score": 10,
        "GP_Score": 10,
        "Utilities_Score": 5,
        "Wetlands_Score": 10,
        "Soil_Score": 10,
        "Ownership_Score": 5,
        "Ownership_Type": "Business",
        "Utility_Proximity_Status": "Unknown - No Data",
        "Final_Score": 8,
        "ELEV_CHANGE": 1.8707035693360012,
        "SLOPE": 1.498092037849494,
        "Join_Count_12": 2,
        "TARGET_FID_12": 62181,
        "Shape_Length_12": null,
        "Shape_Area_12": null,
        "OBJECTID_1_12": null,
        "Join_Count_12_13": null,
        "TARGET_FID_12_13": null,
        "Id": 2073,
        "gridcode": 1,
        "ClassName": "Not Hydric",
        "Shape_Length_12_13": null,
        "Shape_Area_12_13": null,
        "SITE_HOUSE_NUM": "4401",
        "SITE_PRE_DIR": "N",
        "SITE_STREET_NAME": "MAPLE HOLLOW",
        "SITE_STREET_TYPE": "BLVD",
        "SITE_POST_DIR": null,
        "SITE_STREET_UNIT": null,
        "SITE_CITY": "LEHI",
        "SITE_STATE": "UT",
        "SITE_ZIP5": "84043",
        "OWN_STREET_ADDRESS": "12351 S GATEWAY PARK PL STE D-100",
        "OWN_CITY": "DRAPER",
        "OWN_STATE": "UT",
        "OWN_ZIP5": "84020",
        "VESTING_DOC": "46343-2021",
        "PARCEL_CREATE_DATE": 1751328000000,
        "MAP_FILING_NO": "19776 ",
        "SUB_NAME": "INVERNESS, PLAT 5",
        "LEGAL_DESCR": "LOT 195, PLAT 5, INVERNESS SUB AREA 0.191 AC.",
        "BOOK_PAGE": 42116,
        "LOT": "195",
        "BUILDING": null,
        "UNIT": null,
        "TAX_DISTRICT": "010",
        "TAX_DISTRICT_DESCR": "LEHI CITY",
        "SCHOOL_DISTRICT": "ALPINE",
        "TAXABLE_CODE": 100,
        "ACCOUNT_TYPE": null,
        "NEIGHBORHOOD": "9999",
        "NBHD_DISTRICT": null,
        "LAND_DISTRICT": 9999,
        "ECONOMIC_UNIT": null,
        "GLA_WEIGHTED_YRBLT": null,
        "TOTAL_ABOVE_GRADE_AREA": null,
        "TOTAL_MEZZANINE": null,
        "TOTAL_BASEMENT": null,
        "TOTAL_BSMT_FINISH": null,
        "TOTAL_UNIT_COUNT": null,
        "TOTAL_IMP_COUNT": null,
        "MKT_LAND_RES": 0,
        "MKT_LAND_AGR": 0,
        "MKT_LAND_COM": 0,
        "MKT_IMP_VALUE": 0,
        "MKT_IMP_RES": 0,
        "MKT_IMP_AGR": 0,
        "MKT_IMP_COM": 0,
        "TXBL_CUR_VALUE": 0,
        "TXBL_PRV_VAL": 0,
        "TXBL_VAL_YR_CHG": 0,
        "TXBL_PCT_CHG": 0,
        "TOT_CUR_TAXES": 0,
        "TOT_PRV_TAXES": 0,
        "TAXES_YR_CHG": 0,
        "TAXES_PCT_CHG": 0,
        "GREENBELT": null,
        "EXEMPT_RES": "UNK",
        "COMMON_AREA": "Yes",
        "PUBLIC_ROAD": null,
        "PRIVATE_ROAD": null,
        "PART_CENTRAL_ASSD": null,
        "PART_TAXABLE": null,
        "IMP_NO_RES": null,
        "COST_GROUP_RES": null,
        "STYLE_DESCR_RES": null,
        "QUALITY_RES": null,
        "QUALITY_DESCR_RES": null,
        "CONDITION_RES": null,
        "CONDITION_DESCR_RES": null,
        "YEARBLT_RES": null,
        "GLA_RES": null,
        "BASEMENT_RES": null,
        "BSMT_FINISH_RES": null,
        "ATT_GARAGE_SQFT_RES": null,
        "BATHROOMS_RES": null,
        "GLA_BEDROOMS_RES": null,
        "EXTERIOR_RES": null,
        "ALLOCATION_PCT_RES": null,
        "TRAV_COUNT": null,
        "LASTUPDATE": null,
        "CREATED_DATE": 1751370172000,
        "LAST_EDITED_DATE": 1751370172000,
        "ChangeType": "Added",
        "Previous_Owner": null,
        "Shape_Length_12_13_14": 374.894811348793,
        "Shape_Area_12_13_14": 8311.32351825401,
        "Shape_Length": 0.0022330205994044636,
        "Shape_Area": 7.2905319384405e-08
      }
    },
    {
      "type": "Feature",
      "id": 84,
      "geometry": {
        "type": "Polygon",
        "coordinates": [
          [
            [
              -112.03032156699999,
              40.32464193900006
            ],
            [
              -112.03033346002063,
              40.3246539058282
            ],
            [
              -112.0303471190797,
              40.32466380931348
            ],
            [
              -112.03036219022196,
              40.32467139282102
            ],
            [
              -112.03037828289999,
              40.32467645983492
            ],
            [
              -112.03039498009468,
              40.32467887905066
            ],
            [
              -112.0304118491218,
              40.324678587777655
            ],
            [
              -112.03042845284425,
              40.324675593563846
            ],
            [
              -112.03044436099998,
              40.324669974000074
            ],
            [
              -112.03152030799998,
              40.32421304500008
            ],
            [
              -112.03161006857252,
              40.32417898780157
            ],
            [
              -112.03170185761887,
              40.324150851985955
            ],
            [
              -112.03179528497729,
              40.32412875714834
            ],
            [
              -112.03188995352215,
              40.324112797205814
            ],
            [
              -112.03198546085198,
              40.32410303999827
            ],
            [
              -112.03208140099997,
              40.324099527000044
            ],
            [
              -112.02999347599996,
              40.32410901500003
            ],
            [
              -112.03009677728224,
              40.324290341382174
            ],
            [
              -112.03020618310725,
              40.324468051194046
            ],
            [
              -112.03032156699999,
              40.32464193900006
            ]
          ]
        ]
      },
      "properties": {
        "OBJECTID": 84,
        "Join_Count": 1,
        "TARGET_FID": 1671,
        "PARCEL_NO": 358760001,
        "PARCELID": "358760001",
        "PARCELID_LABEL": "35:876:0001",
        "OWNER_NAME": "EMPYRE MULE INC",
        "CARE_NAME": null,
        "ACREAGE": 1.266497,
        "SITE_FULL_ADDRESS": "676 E DESERT WILLOW DR, EAGLE MOUNTAIN, UT",
        "OWN_FULL_ADDRESS": "333 E MAIN ST # 1057  LEHI, UT 84043",
        "PROP_TYPE": 9999,
        "PROP_TYPE_DESCR": "DEFAULT",
        "SPECIFIC_PROP_TYPE": 9999,
        "SPC_PROP_TYP_DESCR": "DEFAULT",
        "ASMT_YEAR": 2026,
        "ASMT_CODE": "UNK",
        "ASMT_CODE_DESCR": "UNK",
        "MKT_LAND_VALUE": 0,
        "MKT_CUR_VALUE": 0,
        "MKT_PRV_VAL": 0,
        "MKT_VAL_YR_CHG": 0,
        "MKT_PCT_CHG": 0,
        "GLOBALID": "{AC0B9568-7359-4F18-8529-C7A772C57D42}",
        "Code": null,
        "Description": "Medium Density Residential",
        "City": "Eagle Mountain",
        "Description_detailed": "Any Residential",
        "Acres": null,
        "Unit_Rate": null,
        "CityName": null,
        "AdoptedDate": null,
        "Slope_Score": 10,
        "GP_Score": 8,
        "Utilities_Score": 10,
        "Wetlands_Score": 10,
        "Soil_Score": 10,
        "Ownership_Score": 5,
        "Ownership_Type": "Business",
        "Utility_Proximity_Status": "Within 1/8 Mile",
        "Final_Score": 8.75,
        "ELEV_CHANGE": 54.84593684570336,
        "SLOPE": 0.8456425736552882,
        "Join_Count_12": 1,
        "TARGET_FID_12": 62191,
        "Shape_Length_12": null,
        "Shape_Area_12": null,
        "OBJECTID_1_12": null,
        "Join_Count_12_13": null,
        "TARGET_FID_12_13": null,
        "Id": 2073,
        "gridcode": 1,
        "ClassName": "Not Hydric",
        "Shape_Length_12_13": null,
        "Shape_Area_12_13": null,
        "SITE_HOUSE_NUM": " ",
        "SITE_PRE_DIR": "E",
        "SITE_STREET_NAME": "DESERT WILLOW",
        "SITE_STREET_TYPE": "DR",
        "SITE_POST_DIR": null,
        "SITE_STREET_UNIT": null,
        "SITE_CITY": "EAGLE MOUNTAIN",
        "SITE_STATE": "UT",
        "SITE_ZIP5": "84005",
        "OWN_STREET_ADDRESS": "1650 E STAGECOACH RUN",
        "OWN_CITY": "EAGLE MOUNTAIN",
        "OWN_STATE": "UT",
        "OWN_ZIP5": "84005",
        "VESTING_DOC": "42776-2025",
        "PARCEL_CREATE_DATE": 1749686400000,
        "MAP_FILING_NO": "19756 ",
        "SUB_NAME": "BRYLEE NORTH, PLAT A",
        "LEGAL_DESCR": "PUBLIC ROAD, PLAT A, BRYLEE NORTH SUB AREA 0.828 AC.",
        "BOOK_PAGE": 35876,
        "LOT": "1",
        "BUILDING": null,
        "UNIT": null,
        "TAX_DISTRICT": "038",
        "TAX_DISTRICT_DESCR": "EAGLE MOUNTAIN",
        "SCHOOL_DISTRICT": "ALPINE",
        "TAXABLE_CODE": 100,
        "ACCOUNT_TYPE": null,
        "NEIGHBORHOOD": "9999",
        "NBHD_DISTRICT": null,
        "LAND_DISTRICT": 9999,
        "ECONOMIC_UNIT": null,
        "GLA_WEIGHTED_YRBLT": null,
        "TOTAL_ABOVE_GRADE_AREA": null,
        "TOTAL_MEZZANINE": null,
        "TOTAL_BASEMENT": null,
        "TOTAL_BSMT_FINISH": null,
        "TOTAL_UNIT_COUNT": null,
        "TOTAL_IMP_COUNT": null,
        "MKT_LAND_RES": 0,
        "MKT_LAND_AGR": 0,
        "MKT_LAND_COM": 0,
        "MKT_IMP_VALUE": 0,
        "MKT_IMP_RES": 0,
        "MKT_IMP_AGR": 0,
        "MKT_IMP_COM": 0,
        "TXBL_CUR_VALUE": 0,
        "TXBL_PRV_VAL": 0,
        "TXBL_VAL_YR_CHG": 0,
        "TXBL_PCT_CHG": 0,
        "TOT_CUR_TAXES": 0,
        "TOT_PRV_TAXES": 0,
        "TAXES_YR_CHG": 0,
        "TAXES_PCT_CHG": 0,
        "GREENBELT": null,
        "EXEMPT_RES": "UNK",
        "COMMON_AREA": null,
        "PUBLIC_ROAD": "Yes",
        "PRIVATE_ROAD": null,
        "PART_CENTRAL_ASSD": null,
        "PART_TAXABLE": null,
        "IMP_NO_RES": null,
        "COST_GROUP_RES": null,
        "STYLE_DESCR_RES": null,
        "QUALITY_RES": null,
        "QUALITY_DESCR_RES": null,
        "CONDITION_RES": null,
        "CONDITION_DESCR_RES": null,
        "YEARBLT_RES": null,
        "GLA_RES": null,
        "BASEMENT_RES": null,
        "BSMT_FINISH_RES": null,
        "ATT_GARAGE_SQFT_RES": null,
        "BATHROOMS_RES": null,
        "GLA_BEDROOMS_RES": null,
        "EXTERIOR_RES": null,
        "ALLOCATION_PCT_RES": null,
        "TRAV_COUNT": null,
        "LASTUPDATE": null,
        "CREATED_DATE": 1749744872000,
        "LAST_EDITED_DATE": 1749744872000,
        "ChangeType": "Added",
        "Previous_Owner": null,
        "Shape_Length_12_13_14": 1410.5551047809217,
        "Shape_Area_12_13_14": 36081.36809004513,
        "Shape_Length": 0.004594236838666771,
        "Shape_Area": 5.431554264141247e-07
      }
    },
    {
      "type": "Feature",
      "id": 85,
      "geometry": {
        "type": "Polygon",
        "coordinates": [
          [
            [
              -111.66109944499999,
              40.031755590000046
            ],
            [
              -111.65864197499997,
              40.031786941000064
            ],
            [
              -111.65868362399999,
              40.034592288000056
            ],
            [
              -111.66114326899998,
              40.03456282600007
            ],
            [
              -111.66114364599997,
              40.03456282700006
            ],
            [
              -111.66109944499999,
              40.031755590000046
            ]
          ],
          [
            [
              -111.66034936999995,
              40.03310640800004
            ],
            [
              -111.66035599938319,
              40.03310621782814
            ],
            [
              -111.66036256483149,
              40.03310715579195
            ],
            [
              -111.66036887576533,
              40.03310919466457
            ],
            [
              -111.66037474899315,
              40.033112275262326
            ],
            [
              -111.66038001402895,
              40.03311630816272
            ],
            [
              -111.66038451804113,
              40.03312117630013
            ],
            [
              -111.66038813028881,
              40.03312673836397
            ],
            [
              -111.66039074591693,
              40.03313283290063
            ],
            [
              -111.66039228899996,
              40.033139283000025
            ],
            [
              -111.66039309199999,
              40.03348320600003
            ],
            [
              -111.66039225993137,
              40.03348826751905
            ],
            [
              -111.66039069320172,
              40.03349315184819
            ],
            [
              -111.66038842581902,
              40.03349775296639
            ],
            [
              -111.66038550699994,
              40.03350197100008
            ],
            [
              -111.66037123250433,
              40.0335194686196
            ],
            [
              -111.66036000636174,
              40.0335390620276
            ],
            [
              -111.6603521298449,
              40.03356022540154
            ],
            [
              -111.66034781433352,
              40.033582390786165
            ],
            [
              -111.66034717564176,
              40.03360496333558
            ],
            [
              -111.66035023090997,
              40.0336273372769
            ],
            [
              -111.66035689814484,
              40.03364891216724
            ],
            [
              -111.66036699841973,
              40.03366910900762
            ],
            [
              -111.66038026067655,
              40.03368738578136
            ],
            [
              -111.66039632899998,
              40.033703252000066
            ],
            [
              -111.66040971299998,
              40.03455416400004
            ],
            [
              -111.65884295199999,
              40.03457283700004
            ],
            [
              -111.6588362924137,
              40.03457309171367
            ],
            [
              -111.65882968588151,
              40.03457221495774
            ],
            [
              -111.65882332324972,
              40.03457023205955
            ],
            [
              -111.65881738831895,
              40.034567200300096
            ],
            [
              -111.65881205253463,
              40.03456320725939
            ],
            [
              -111.65880747003429,
              40.03455836828645
            ],
            [
              -111.65880377319498,
              40.03455282316718
            ],
            [
              -111.65880106880923,
              40.034546732086305
            ],
            [
              -111.65879943499999,
              40.034540271000026
            ],
            [
              -111.65877879299995,
              40.033141810000075
            ],
            [
              -111.65878024597775,
              40.03313530746528
            ],
            [
              -111.6587827923496,
              40.03312915034796
            ],
            [
              -111.65878635669938,
              40.03312352100395
            ],
            [
              -111.65879083346145,
              40.033118586158004
            ],
            [
              -111.65879609004722,
              40.03311449196584
            ],
            [
              -111.65880197077192,
              40.033111359685485
            ],
            [
              -111.65880830146567,
              40.033109282085945
            ],
            [
              -111.6588148946318,
              40.03310832069964
            ],
            [
              -111.65882155499997,
              40.03310850400004
            ],
            [
              -111.66034936999995,
              40.03310640800004
            ]
          ]
        ]
      },
      "properties": {
        "OBJECTID": 85,
        "Join_Count": 1,
        "TARGET_FID": 1676,
        "PARCEL_NO": 300440025,
        "PARCELID": "300440025",
        "PARCELID_LABEL": "30:044:0025",
        "OWNER_NAME": "PULTE HOME COMPANY LLC",
        "CARE_NAME": null,
        "ACREAGE": 10.686772,
        "SITE_FULL_ADDRESS": null,
        "OWN_FULL_ADDRESS": "6965 S UNION PARK CTR STE 310  COTTONWOOD HEIGHTS, UT 84047",
        "PROP_TYPE": 9999,
        "PROP_TYPE_DESCR": "DEFAULT",
        "SPECIFIC_PROP_TYPE": 9999,
        "SPC_PROP_TYP_DESCR": "DEFAULT",
        "ASMT_YEAR": 2026,
        "ASMT_CODE": "UNK",
        "ASMT_CODE_DESCR": "UNK",
        "MKT_LAND_VALUE": 0,
        "MKT_CUR_VALUE": 0,
        "MKT_PRV_VAL": 0,
        "MKT_VAL_YR_CHG": 0,
        "MKT_PCT_CHG": 0,
        "GLOBALID": "{A76DDB63-2932-4841-B37C-4BBFFB24426D}",
        "Code": null,
        "Description": "Historic Salem Extension",
        "City": "Salem",
        "Description_detailed": null,
        "Acres": 2656.69,
        "Unit_Rate": null,
        "CityName": null,
        "AdoptedDate": null,
        "Slope_Score": 7,
        "GP_Score": 4,
        "Utilities_Score": 10,
        "Wetlands_Score": 10,
        "Soil_Score": 10,
        "Ownership_Score": 5,
        "Ownership_Type": "Business",
        "Utility_Proximity_Status": "Within 1/8 Mile",
        "Final_Score": 7.45,
        "ELEV_CHANGE": 156.6789331787113,
        "SLOPE": 5.932107119907918,
        "Join_Count_12": 1,
        "TARGET_FID_12": 62254,
        "Shape_Length_12": null,
        "Shape_Area_12": null,
        "OBJECTID_1_12": null,
        "Join_Count_12_13": null,
        "TARGET_FID_12_13": null,
        "Id": 2073,
        "gridcode": 1,
        "ClassName": "Not Hydric",
        "Shape_Length_12_13": null,
        "Shape_Area_12_13": null,
        "SITE_HOUSE_NUM": null,
        "SITE_PRE_DIR": null,
        "SITE_STREET_NAME": null,
        "SITE_STREET_TYPE": null,
        "SITE_POST_DIR": null,
        "SITE_STREET_UNIT": null,
        "SITE_CITY": null,
        "SITE_STATE": null,
        "SITE_ZIP5": "84653",
        "OWN_STREET_ADDRESS": "6965 S UNION PARK CTR STE 310",
        "OWN_CITY": "COTTONWOOD HEIGHTS",
        "OWN_STATE": "UT",
        "OWN_ZIP5": "84047",
        "VESTING_DOC": "43827-2025",
        "PARCEL_CREATE_DATE": 1750377600000,
        "MAP_FILING_NO": null,
        "SUB_NAME": null,
        "LEGAL_DESCR": "COM N 1591.59 FT & E 620.85 FT FR S 1/4 COR. SEC. 13, T9S, R2E, SLB&M.; N 0 DEG 35' 24\" W 1022.91 FT; S 89 DEG 1' 3\" E 205.58 FT; S 0 DEG 35' 24\" E 310.06 FT; ALONG A CURVE TO R (CHORD BEARS: S 2 DEG 15' 50\" E 73.4 FT, RADIUS = 61 FT); ALONG A CURVE TO L (CHORD BEARS: S 17 DEG 21' 41\" W 7.16 FT, RADIUS = 15 FT); S 125.31 FT; ALONG A CURVE TO L (CHORD BEARS: S 45 DEG 0' 0\" E 16.97 FT, RADIUS = 12 FT); E 427.91 FT; ALONG A CURVE TO L (CHORD BEARS: N 44 DEG 43' 33\" E 17.05 FT, RADIUS = 12 FT); N 0 DEG 32' 54\" W 509.57 FT; ALONG A CURVE TO L (CHORD BEARS: N 45 DEG 40' 2\" W 17.01 FT, RADIUS = 12 FT); S 89 DEG 12' 50\" W 438.86 FT; N 89 DEG 1' 3\" W 205.58 FT; N 89 DEG 12' 35\" E 689.07 FT; S 0 DEG 33' 8\" E 1022.21 FT; S 89 DEG 9' 6\" W 688.39 FT TO BEG. AREA 10.687 AC.",
        "BOOK_PAGE": 30044,
        "LOT": null,
        "BUILDING": null,
        "UNIT": null,
        "TAX_DISTRICT": "180",
        "TAX_DISTRICT_DESCR": "SALEM CITY",
        "SCHOOL_DISTRICT": "NEBO",
        "TAXABLE_CODE": 100,
        "ACCOUNT_TYPE": null,
        "NEIGHBORHOOD": "9999",
        "NBHD_DISTRICT": null,
        "LAND_DISTRICT": 9999,
        "ECONOMIC_UNIT": null,
        "GLA_WEIGHTED_YRBLT": null,
        "TOTAL_ABOVE_GRADE_AREA": null,
        "TOTAL_MEZZANINE": null,
        "TOTAL_BASEMENT": null,
        "TOTAL_BSMT_FINISH": null,
        "TOTAL_UNIT_COUNT": null,
        "TOTAL_IMP_COUNT": null,
        "MKT_LAND_RES": 0,
        "MKT_LAND_AGR": 0,
        "MKT_LAND_COM": 0,
        "MKT_IMP_VALUE": 0,
        "MKT_IMP_RES": 0,
        "MKT_IMP_AGR": 0,
        "MKT_IMP_COM": 0,
        "TXBL_CUR_VALUE": 0,
        "TXBL_PRV_VAL": 0,
        "TXBL_VAL_YR_CHG": 0,
        "TXBL_PCT_CHG": 0,
        "TOT_CUR_TAXES": 0,
        "TOT_PRV_TAXES": 0,
        "TAXES_YR_CHG": 0,
        "TAXES_PCT_CHG": 0,
        "GREENBELT": null,
        "EXEMPT_RES": "UNK",
        "COMMON_AREA": null,
        "PUBLIC_ROAD": null,
        "PRIVATE_ROAD": null,
        "PART_CENTRAL_ASSD": null,
        "PART_TAXABLE": null,
        "IMP_NO_RES": null,
        "COST_GROUP_RES": null,
        "STYLE_DESCR_RES": null,
        "QUALITY_RES": null,
        "QUALITY_DESCR_RES": null,
        "CONDITION_RES": null,
        "CONDITION_DESCR_RES": null,
        "YEARBLT_RES": null,
        "GLA_RES": null,
        "BASEMENT_RES": null,
        "BSMT_FINISH_RES": null,
        "ATT_GARAGE_SQFT_RES": null,
        "BATHROOMS_RES": null,
        "GLA_BEDROOMS_RES": null,
        "EXTERIOR_RES": null,
        "ALLOCATION_PCT_RES": null,
        "TRAV_COUNT": null,
        "LASTUPDATE": null,
        "CREATED_DATE": 1750432557000,
        "LAST_EDITED_DATE": 1750432557000,
        "ChangeType": "Added",
        "Previous_Owner": null,
        "Shape_Length_12_13_14": 5375.48843430665,
        "Shape_Area_12_13_14": 465515.0642536,
        "Shape_Length": 0.016645812500574377,
        "Shape_Area": 4.564322575768482e-06
      }
    },
    {
      "type": "Feature",
      "id": 86,
      "geometry": {
        "type": "Polygon",
        "coordinates": [
          [
            [
              -111.92597751599999,
              40.37663534100005
            ],
            [
              -111.92597744799997,
              40.376635330000056
            ],
            [
              -111.92451118999998,
              40.37664442400006
            ],
            [
              -111.92450208499997,
              40.37667232800004
            ],
            [
              -111.92687069799996,
              40.379688258000044
            ],
            [
              -111.92714150899997,
              40.37973993000003
            ],
            [
              -111.92736508499996,
              40.38002458900007
            ],
            [
              -111.92729751899998,
              40.38023169200005
            ],
            [
              -111.92855349699994,
              40.381830758000035
            ],
            [
              -111.92865475203726,
              40.38195819905592
            ],
            [
              -111.92875924499998,
              40.38208299900003
            ],
            [
              -111.92879264199996,
              40.38204840100008
            ],
            [
              -111.92889654199996,
              40.38210711600004
            ],
            [
              -111.92883475099995,
              40.38217105200005
            ],
            [
              -111.92892515312887,
              40.382273549623406
            ],
            [
              -111.92901706899994,
              40.38237469200004
            ],
            [
              -111.92904254999996,
              40.38236070700003
            ],
            [
              -111.92915344999994,
              40.382478871000046
            ],
            [
              -111.92912796999997,
              40.382492857000045
            ],
            [
              -111.9292969025595,
              40.38266482972778
            ],
            [
              -111.92946988250394,
              40.38283273079263
            ],
            [
              -111.92964681172451,
              40.38299646496641
            ],
            [
              -111.92982758987253,
              40.38315593938427
            ],
            [
              -111.93001211441637,
              40.38331106359733
            ],
            [
              -111.9302002806995,
              40.38346174962405
            ],
            [
              -111.93039198199995,
              40.38360791200006
            ],
            [
              -111.93068014199997,
              40.383610015000045
            ],
            [
              -111.93092120399996,
              40.383778491000044
            ],
            [
              -111.93093627499997,
              40.38388950400008
            ],
            [
              -111.93533770799996,
              40.383870872000045
            ],
            [
              -111.93537203699998,
              40.376593256000035
            ],
            [
              -111.92597751599999,
              40.37663534100005
            ]
          ]
        ]
      },
      "properties": {
        "OBJECTID": 86,
        "Join_Count": 1,
        "TARGET_FID": 1681,
        "PARCEL_NO": 580330662,
        "PARCELID": "580330662",
        "PARCELID_LABEL": "58:033:0662",
        "OWNER_NAME": "CORP OF PRES BISHOP CHURCH OF JESUS CHRIST OF LDS",
        "CARE_NAME": "%PROPERTY RESERVE INC",
        "ACREAGE": 134.762022,
        "SITE_FULL_ADDRESS": null,
        "OWN_FULL_ADDRESS": "%PROPERTY RESERVE INC  PO BOX 511196  SALT LAKE CITY, UT 84151-1196",
        "PROP_TYPE": 9999,
        "PROP_TYPE_DESCR": "DEFAULT",
        "SPECIFIC_PROP_TYPE": 9999,
        "SPC_PROP_TYP_DESCR": "DEFAULT",
        "ASMT_YEAR": 2026,
        "ASMT_CODE": "UNK",
        "ASMT_CODE_DESCR": "UNK",
        "MKT_LAND_VALUE": 0,
        "MKT_CUR_VALUE": 0,
        "MKT_PRV_VAL": 0,
        "MKT_VAL_YR_CHG": 0,
        "MKT_PCT_CHG": 0,
        "GLOBALID": "{9B0F87B1-C54B-4345-95EF-3887DC613700}",
        "Code": null,
        "Description": "Medium Density Residential",
        "City": "Saratoga Springs",
        "Description_detailed": "Any Residential",
        "Acres": null,
        "Unit_Rate": null,
        "CityName": null,
        "AdoptedDate": null,
        "Slope_Score": 10,
        "GP_Score": 8,
        "Utilities_Score": 10,
        "Wetlands_Score": 10,
        "Soil_Score": 10,
        "Ownership_Score": 5,
        "Ownership_Type": "Business",
        "Utility_Proximity_Status": "Within 1/8 Mile",
        "Final_Score": 8.75,
        "ELEV_CHANGE": 4.271259594726871,
        "SLOPE": 0.48559355279756583,
        "Join_Count_12": 2,
        "TARGET_FID_12": 62359,
        "Shape_Length_12": null,
        "Shape_Area_12": null,
        "OBJECTID_1_12": null,
        "Join_Count_12_13": null,
        "TARGET_FID_12_13": null,
        "Id": 2073,
        "gridcode": 1,
        "ClassName": "Not Hydric",
        "Shape_Length_12_13": null,
        "Shape_Area_12_13": null,
        "SITE_HOUSE_NUM": null,
        "SITE_PRE_DIR": null,
        "SITE_STREET_NAME": null,
        "SITE_STREET_TYPE": null,
        "SITE_POST_DIR": null,
        "SITE_STREET_UNIT": null,
        "SITE_CITY": null,
        "SITE_STATE": null,
        "SITE_ZIP5": "84045",
        "OWN_STREET_ADDRESS": "1307 N COMMERCE DR STE 200",
        "OWN_CITY": "SARATOGA SPRINGS",
        "OWN_STATE": "UT",
        "OWN_ZIP5": "84045",
        "VESTING_DOC": "40703-2025",
        "PARCEL_CREATE_DATE": 1749686400000,
        "MAP_FILING_NO": null,
        "SUB_NAME": null,
        "LEGAL_DESCR": "COM S 0 DEG 20' 51\" W 1.97 FT & W 2649.7 FT FR E 1/4 COR. SEC. 15, T5S, R1W, SLB&M.; N 89 DEG 57' 29\" E 38 FT; S 0 DEG 29' 8\" W 2651.97 FT; S 89 DEG 56' 17\" W 35.23 FT; N 0 DEG 25' 33\" E 2651.96 FT TO BEG. AREA 2.228 AC.",
        "BOOK_PAGE": 58033,
        "LOT": null,
        "BUILDING": null,
        "UNIT": null,
        "TAX_DISTRICT": "039",
        "TAX_DISTRICT_DESCR": "SARATOGA SPRINGS",
        "SCHOOL_DISTRICT": "ALPINE",
        "TAXABLE_CODE": 100,
        "ACCOUNT_TYPE": null,
        "NEIGHBORHOOD": "9999",
        "NBHD_DISTRICT": null,
        "LAND_DISTRICT": 9999,
        "ECONOMIC_UNIT": null,
        "GLA_WEIGHTED_YRBLT": null,
        "TOTAL_ABOVE_GRADE_AREA": null,
        "TOTAL_MEZZANINE": null,
        "TOTAL_BASEMENT": null,
        "TOTAL_BSMT_FINISH": null,
        "TOTAL_UNIT_COUNT": null,
        "TOTAL_IMP_COUNT": null,
        "MKT_LAND_RES": 0,
        "MKT_LAND_AGR": 0,
        "MKT_LAND_COM": 0,
        "MKT_IMP_VALUE": 0,
        "MKT_IMP_RES": 0,
        "MKT_IMP_AGR": 0,
        "MKT_IMP_COM": 0,
        "TXBL_CUR_VALUE": 0,
        "TXBL_PRV_VAL": 0,
        "TXBL_VAL_YR_CHG": 0,
        "TXBL_PCT_CHG": 0,
        "TOT_CUR_TAXES": 0,
        "TOT_PRV_TAXES": 0,
        "TAXES_YR_CHG": 0,
        "TAXES_PCT_CHG": 0,
        "GREENBELT": null,
        "EXEMPT_RES": "UNK",
        "COMMON_AREA": null,
        "PUBLIC_ROAD": null,
        "PRIVATE_ROAD": null,
        "PART_CENTRAL_ASSD": null,
        "PART_TAXABLE": null,
        "IMP_NO_RES": null,
        "COST_GROUP_RES": null,
        "STYLE_DESCR_RES": null,
        "QUALITY_RES": null,
        "QUALITY_DESCR_RES": null,
        "CONDITION_RES": null,
        "CONDITION_DESCR_RES": null,
        "YEARBLT_RES": null,
        "GLA_RES": null,
        "BASEMENT_RES": null,
        "BSMT_FINISH_RES": null,
        "ATT_GARAGE_SQFT_RES": null,
        "BATHROOMS_RES": null,
        "GLA_BEDROOMS_RES": null,
        "EXTERIOR_RES": null,
        "ALLOCATION_PCT_RES": null,
        "TRAV_COUNT": null,
        "LASTUPDATE": null,
        "CREATED_DATE": 1749732662000,
        "LAST_EDITED_DATE": 1749732662000,
        "ChangeType": "Added",
        "Previous_Owner": null,
        "Shape_Length_12_13_14": 5375.647857393171,
        "Shape_Area_12_13_14": 97037.00604818511,
        "Shape_Length": 0.03275042372648723,
        "Shape_Area": 5.784266457451396e-05
      }
    },
    {
      "type": "Feature",
      "id": 87,
      "geometry": {
        "type": "Polygon",
        "coordinates": [
          [
            [
              -111.62602937399998,
              40.21307656400006
            ],
            [
              -111.62693063899997,
              40.21339101800004
            ],
            [
              -111.62696549666765,
              40.21330110841238
            ],
            [
              -111.62700535831308,
              40.21321330271682
            ],
            [
              -111.62705009762205,
              40.213127879153426
            ],
            [
              -111.62709957282392,
              40.21304510841374
            ],
            [
              -111.62715362714091,
              40.21296525278297
            ],
            [
              -111.62721208928484,
              40.21288856530892
            ],
            [
              -111.62727477399994,
              40.21281528900005
            ],
            [
              -111.62740144399999,
              40.21267316700005
            ],
            [
              -111.62738961999997,
              40.21266697500005
            ],
            [
              -111.62732495099932,
              40.212631373075425
            ],
            [
              -111.6272632994505,
              40.21259076934148
            ],
            [
              -111.62720505139136,
              40.21254541804286
            ],
            [
              -111.62715057154837,
              40.212495603151616
            ],
            [
              -111.62710020105295,
              40.21244163658907
            ],
            [
              -111.6270542553054,
              40.21238385627266
            ],
            [
              -111.62701302199997,
              40.21232262400008
            ],
            [
              -111.62623132099998,
              40.21099540100005
            ],
            [
              -111.62523234899999,
              40.211358432000054
            ],
            [
              -111.62518772599998,
              40.21125875300004
            ],
            [
              -111.62544337599996,
              40.21118757800008
            ],
            [
              -111.62547195999997,
              40.21126830700007
            ],
            [
              -111.62622988199996,
              40.210992874000056
            ],
            [
              -111.62600117599999,
              40.210604551000074
            ],
            [
              -111.6259583734613,
              40.21054423337699
            ],
            [
              -111.62591092924224,
              40.210487494333556
            ],
            [
              -111.62585914127615,
              40.210434690171404
            ],
            [
              -111.62580333477361,
              40.21038615248248
            ],
            [
              -111.62574386018022,
              40.21034218606674
            ],
            [
              -111.62568109097592,
              40.210303067018124
            ],
            [
              -111.6256154213297,
              40.210269040990774
            ],
            [
              -111.6255472636243,
              40.210240321656414
            ],
            [
              -111.6254770458666,
              40.21021708936257
            ],
            [
              -111.62540520899995,
              40.210199490000036
            ],
            [
              -111.62512209499994,
              40.21013140400004
            ],
            [
              -111.62504069499994,
              40.210434175000046
            ],
            [
              -111.623644491,
              40.21043564100006
            ],
            [
              -111.62327936699995,
              40.21043602800006
            ],
            [
              -111.62327932099998,
              40.21043598600005
            ],
            [
              -111.62265982799994,
              40.21043663900008
            ],
            [
              -111.62265963099998,
              40.21032669700003
            ],
            [
              -111.62232226199995,
              40.21032893100005
            ],
            [
              -111.62232836199996,
              40.21034643000007
            ],
            [
              -111.62253722499997,
              40.210945647000074
            ],
            [
              -111.62297766999995,
              40.21151296000005
            ],
            [
              -111.62395322899994,
              40.211348575000045
            ],
            [
              -111.62377397999995,
              40.211117699000056
            ],
            [
              -111.62457740999997,
              40.21104785600005
            ],
            [
              -111.62457776599996,
              40.21124361600005
            ],
            [
              -111.62297788399997,
              40.21151320700005
            ],
            [
              -111.62324305799996,
              40.21185475900006
            ],
            [
              -111.62518566199998,
              40.21200764100007
            ],
            [
              -111.62540774699994,
              40.212289001000045
            ],
            [
              -111.62548674099997,
              40.212252954000064
            ],
            [
              -111.62541529499998,
              40.21216093400005
            ],
            [
              -111.62585879299996,
              40.211958535000065
            ],
            [
              -111.62589774699995,
              40.21206852900008
            ],
            [
              -111.62540955499998,
              40.21229132600007
            ],
            [
              -111.62602937399998,
              40.21307656400006
            ]
          ]
        ]
      },
      "properties": {
        "OBJECTID": 87,
        "Join_Count": 1,
        "TARGET_FID": 1689,
        "PARCEL_NO": 220480072,
        "PARCELID": "220480072",
        "PARCELID_LABEL": "22:048:0072",
        "OWNER_NAME": "TPG AG EHC III (LEN) MULTI STATE 5 LLC",
        "CARE_NAME": "%LENNAR HOMES OF UTAH LLC",
        "ACREAGE": 16.832943,
        "SITE_FULL_ADDRESS": null,
        "OWN_FULL_ADDRESS": "%LENNAR HOMES OF UTAH LLC  111 E SEGO LILY DR # 150  SANDY, UT 84070",
        "PROP_TYPE": 9999,
        "PROP_TYPE_DESCR": "DEFAULT",
        "SPECIFIC_PROP_TYPE": 9999,
        "SPC_PROP_TYP_DESCR": "DEFAULT",
        "ASMT_YEAR": 2026,
        "ASMT_CODE": "UNK",
        "ASMT_CODE_DESCR": "UNK",
        "MKT_LAND_VALUE": 0,
        "MKT_CUR_VALUE": 0,
        "MKT_PRV_VAL": 0,
        "MKT_VAL_YR_CHG": 0,
        "MKT_PCT_CHG": 0,
        "GLOBALID": "{A0D7C6E7-E07A-4098-B8D9-2D6A095E3D8A}",
        "Code": "R",
        "Description": "Residential",
        "City": "Provo",
        "Description_detailed": null,
        "Acres": null,
        "Unit_Rate": null,
        "CityName": null,
        "AdoptedDate": null,
        "Slope_Score": 7,
        "GP_Score": 5,
        "Utilities_Score": 5,
        "Wetlands_Score": 10,
        "Soil_Score": 10,
        "Ownership_Score": 5,
        "Ownership_Type": "Business",
        "Utility_Proximity_Status": "Unknown - No Data",
        "Final_Score": 6.45,
        "ELEV_CHANGE": 53.034105771484064,
        "SLOPE": 8.04318372017487,
        "Join_Count_12": 2,
        "TARGET_FID_12": 62603,
        "Shape_Length_12": null,
        "Shape_Area_12": null,
        "OBJECTID_1_12": null,
        "Join_Count_12_13": null,
        "TARGET_FID_12_13": null,
        "Id": 2073,
        "gridcode": 1,
        "ClassName": "Not Hydric",
        "Shape_Length_12_13": null,
        "Shape_Area_12_13": null,
        "SITE_HOUSE_NUM": null,
        "SITE_PRE_DIR": null,
        "SITE_STREET_NAME": null,
        "SITE_STREET_TYPE": null,
        "SITE_POST_DIR": null,
        "SITE_STREET_UNIT": null,
        "SITE_CITY": null,
        "SITE_STATE": null,
        "SITE_ZIP5": "84606",
        "OWN_STREET_ADDRESS": "111 E SEGO LILY DR # 150",
        "OWN_CITY": "SANDY",
        "OWN_STATE": "UT",
        "OWN_ZIP5": "84070",
        "VESTING_DOC": "59415-2024",
        "PARCEL_CREATE_DATE": 1749168000000,
        "MAP_FILING_NO": null,
        "SUB_NAME": null,
        "LEGAL_DESCR": "COM S 2637.739 FT & E 1466.029 FT FR N 1/4 COR. SEC. 17, T7S, R3E, SLB&M.; E 35.79 FT; S 15 DEG 17' 50\" E 6.34 FT; S 89 DEG 35' 2\" W 35.77 FT; N 14 DEG 52' 59\" W 6.6 FT TO BEG. AREA 0.005 AC.",
        "BOOK_PAGE": 22048,
        "LOT": null,
        "BUILDING": null,
        "UNIT": null,
        "TAX_DISTRICT": "110",
        "TAX_DISTRICT_DESCR": "PROVO CITY",
        "SCHOOL_DISTRICT": "PROVO",
        "TAXABLE_CODE": 100,
        "ACCOUNT_TYPE": null,
        "NEIGHBORHOOD": "9999",
        "NBHD_DISTRICT": null,
        "LAND_DISTRICT": 9999,
        "ECONOMIC_UNIT": null,
        "GLA_WEIGHTED_YRBLT": null,
        "TOTAL_ABOVE_GRADE_AREA": null,
        "TOTAL_MEZZANINE": null,
        "TOTAL_BASEMENT": null,
        "TOTAL_BSMT_FINISH": null,
        "TOTAL_UNIT_COUNT": null,
        "TOTAL_IMP_COUNT": null,
        "MKT_LAND_RES": 0,
        "MKT_LAND_AGR": 0,
        "MKT_LAND_COM": 0,
        "MKT_IMP_VALUE": 0,
        "MKT_IMP_RES": 0,
        "MKT_IMP_AGR": 0,
        "MKT_IMP_COM": 0,
        "TXBL_CUR_VALUE": 0,
        "TXBL_PRV_VAL": 0,
        "TXBL_VAL_YR_CHG": 0,
        "TXBL_PCT_CHG": 0,
        "TOT_CUR_TAXES": 0,
        "TOT_PRV_TAXES": 0,
        "TAXES_YR_CHG": 0,
        "TAXES_PCT_CHG": 0,
        "GREENBELT": null,
        "EXEMPT_RES": "UNK",
        "COMMON_AREA": null,
        "PUBLIC_ROAD": null,
        "PRIVATE_ROAD": null,
        "PART_CENTRAL_ASSD": null,
        "PART_TAXABLE": null,
        "IMP_NO_RES": null,
        "COST_GROUP_RES": null,
        "STYLE_DESCR_RES": null,
        "QUALITY_RES": null,
        "QUALITY_DESCR_RES": null,
        "CONDITION_RES": null,
        "CONDITION_DESCR_RES": null,
        "YEARBLT_RES": null,
        "GLA_RES": null,
        "BASEMENT_RES": null,
        "BSMT_FINISH_RES": null,
        "ATT_GARAGE_SQFT_RES": null,
        "BATHROOMS_RES": null,
        "GLA_BEDROOMS_RES": null,
        "EXTERIOR_RES": null,
        "ALLOCATION_PCT_RES": null,
        "TRAV_COUNT": null,
        "LASTUPDATE": null,
        "CREATED_DATE": 1749222354000,
        "LAST_EDITED_DATE": 1749222354000,
        "ChangeType": "Added",
        "Previous_Owner": null,
        "Shape_Length_12_13_14": 84.47500604041973,
        "Shape_Area_12_13_14": 223.57814761049715,
        "Shape_Length": 0.02120507332296471,
        "Shape_Area": 7.207670203626161e-06
      }
    },
    {
      "type": "Feature",
      "id": 88,
      "geometry": {
        "type": "Polygon",
        "coordinates": [
          [
            [
              -111.65671377099994,
              40.168868478000036
            ],
            [
              -111.65671134499996,
              40.16886802200003
            ],
            [
              -111.65672510799999,
              40.17024162000007
            ],
            [
              -111.65670747793457,
              40.17027639872397
            ],
            [
              -111.65668530773783,
              40.170308474590584
            ],
            [
              -111.65665900451395,
              40.17033725860102
            ],
            [
              -111.65662905126067,
              40.17036222220372
            ],
            [
              -111.65659599799994,
              40.17038290700003
            ],
            [
              -111.65637946499999,
              40.170505021000054
            ],
            [
              -111.65635771599995,
              40.17051403600004
            ],
            [
              -111.65629522887346,
              40.17052935631704
            ],
            [
              -111.65623182300294,
              40.17054026725985
            ],
            [
              -111.656167809136,
              40.17054671535473
            ],
            [
              -111.65610350099996,
              40.17054866900003
            ],
            [
              -111.65608790299996,
              40.17054860700006
            ],
            [
              -111.65608676799997,
              40.17071327200006
            ],
            [
              -111.65628034799994,
              40.170714058000044
            ],
            [
              -111.65630242606758,
              40.17071564938503
            ],
            [
              -111.65632396984829,
              40.170720732601495
            ],
            [
              -111.65634443067816,
              40.17072917819315
            ],
            [
              -111.65636328747317,
              40.1707407710728
            ],
            [
              -111.65638005999995,
              40.17075521600003
            ],
            [
              -111.65638182799995,
              40.17075724700004
            ],
            [
              -111.65589626299999,
              40.17155947600003
            ],
            [
              -111.65590123499999,
              40.172387997000044
            ],
            [
              -111.65674888399997,
              40.171004518000075
            ],
            [
              -111.65744851699998,
              40.17071725200003
            ],
            [
              -111.65744964899994,
              40.17055258600004
            ],
            [
              -111.65719542999994,
              40.17055155600008
            ],
            [
              -111.65717897386294,
              40.170550320446274
            ],
            [
              -111.65716296205736,
              40.17054632631048
            ],
            [
              -111.65714785361078,
              40.170539688096845
            ],
            [
              -111.65713408165317,
              40.17053059611015
            ],
            [
              -111.65712204099998,
              40.17051931100008
            ],
            [
              -111.65708299399995,
              40.17046885700006
            ],
            [
              -111.65708110223207,
              40.17046605415919
            ],
            [
              -111.65707966448572,
              40.17046299350761
            ],
            [
              -111.65707871503659,
              40.170459748010884
            ],
            [
              -111.65707827651943,
              40.17045639504125
            ],
            [
              -111.65707835938845,
              40.17045301453309
            ],
            [
              -111.65707896166805,
              40.170449687077316
            ],
            [
              -111.65708006899996,
              40.17044649200005
            ],
            [
              -111.65711463179751,
              40.170363496337536
            ],
            [
              -111.65714306558189,
              40.17027820632126
            ],
            [
              -111.65716521969041,
              40.17019107387927
            ],
            [
              -111.65718097673461,
              40.17010256070212
            ],
            [
              -111.6571902532223,
              40.17001313579649
            ],
            [
              -111.65719299999995,
              40.16992327300005
            ],
            [
              -111.65718237799996,
              40.16886788900007
            ],
            [
              -111.65671377099994,
              40.168868478000036
            ]
          ]
        ]
      },
      "properties": {
        "OBJECTID": 88,
        "Join_Count": 1,
        "TARGET_FID": 1692,
        "PARCEL_NO": 210960026,
        "PARCELID": "210960026",
        "PARCELID_LABEL": "21:096:0026",
        "OWNER_NAME": "CITY OF SPRINGVILLE",
        "CARE_NAME": null,
        "ACREAGE": 4.133097,
        "SITE_FULL_ADDRESS": null,
        "OWN_FULL_ADDRESS": "110 S MAIN ST  SPRINGVILLE, UT 84663-5741",
        "PROP_TYPE": 9999,
        "PROP_TYPE_DESCR": "DEFAULT",
        "SPECIFIC_PROP_TYPE": 9999,
        "SPC_PROP_TYP_DESCR": "DEFAULT",
        "ASMT_YEAR": 2026,
        "ASMT_CODE": "UNK",
        "ASMT_CODE_DESCR": "UNK",
        "MKT_LAND_VALUE": 0,
        "MKT_CUR_VALUE": 0,
        "MKT_PRV_VAL": 0,
        "MKT_VAL_YR_CHG": 0,
        "MKT_PCT_CHG": 0,
        "GLOBALID": "{90FA7632-70F7-45DD-9A4C-C5C5DEEB0ED0}",
        "Code": null,
        "Description": "Medium Density Residential",
        "City": "Springville",
        "Description_detailed": "Any Residential",
        "Acres": null,
        "Unit_Rate": null,
        "CityName": null,
        "AdoptedDate": null,
        "Slope_Score": 10,
        "GP_Score": 8,
        "Utilities_Score": 10,
        "Wetlands_Score": 10,
        "Soil_Score": 7,
        "Ownership_Score": 1,
        "Ownership_Type": "Government",
        "Utility_Proximity_Status": "Within 1/8 Mile",
        "Final_Score": 7.8500000000000005,
        "ELEV_CHANGE": 0.6500004052732038,
        "SLOPE": 0.10677196793925407,
        "Join_Count_12": 1,
        "TARGET_FID_12": 62759,
        "Shape_Length_12": null,
        "Shape_Area_12": null,
        "OBJECTID_1_12": null,
        "Join_Count_12_13": null,
        "TARGET_FID_12_13": null,
        "Id": 1498,
        "gridcode": 2,
        "ClassName": "Partially Hydric (1 - 25%)",
        "Shape_Length_12_13": null,
        "Shape_Area_12_13": null,
        "SITE_HOUSE_NUM": null,
        "SITE_PRE_DIR": null,
        "SITE_STREET_NAME": null,
        "SITE_STREET_TYPE": null,
        "SITE_POST_DIR": null,
        "SITE_STREET_UNIT": null,
        "SITE_CITY": null,
        "SITE_STATE": null,
        "SITE_ZIP5": null,
        "OWN_STREET_ADDRESS": "7585 S UNION PARK AVE STE 200",
        "OWN_CITY": "MIDVALE",
        "OWN_STATE": "UT",
        "OWN_ZIP5": "84047",
        "VESTING_DOC": "83593-2022",
        "PARCEL_CREATE_DATE": 1752019200000,
        "MAP_FILING_NO": null,
        "SUB_NAME": null,
        "LEGAL_DESCR": "COM S 1673.067 FT & W 167.64 FT FR NE COR. SEC. 36, T7S, R2E, SLB&M.; W 233.6 FT; N 0 DEG 20' 47\" W 341.55 FT; E 235.63 FT; S 341.55 FT TO BEG. AREA 1.838 AC.",
        "BOOK_PAGE": 21096,
        "LOT": null,
        "BUILDING": null,
        "UNIT": null,
        "TAX_DISTRICT": "131",
        "TAX_DISTRICT_DESCR": "SPRINGVILLE W/SPRV DRAIN DIST",
        "SCHOOL_DISTRICT": "NEBO",
        "TAXABLE_CODE": 100,
        "ACCOUNT_TYPE": null,
        "NEIGHBORHOOD": "9999",
        "NBHD_DISTRICT": null,
        "LAND_DISTRICT": 9999,
        "ECONOMIC_UNIT": null,
        "GLA_WEIGHTED_YRBLT": null,
        "TOTAL_ABOVE_GRADE_AREA": null,
        "TOTAL_MEZZANINE": null,
        "TOTAL_BASEMENT": null,
        "TOTAL_BSMT_FINISH": null,
        "TOTAL_UNIT_COUNT": null,
        "TOTAL_IMP_COUNT": null,
        "MKT_LAND_RES": 0,
        "MKT_LAND_AGR": 0,
        "MKT_LAND_COM": 0,
        "MKT_IMP_VALUE": 0,
        "MKT_IMP_RES": 0,
        "MKT_IMP_AGR": 0,
        "MKT_IMP_COM": 0,
        "TXBL_CUR_VALUE": 0,
        "TXBL_PRV_VAL": 0,
        "TXBL_VAL_YR_CHG": 0,
        "TXBL_PCT_CHG": 0,
        "TOT_CUR_TAXES": 0,
        "TOT_PRV_TAXES": 0,
        "TAXES_YR_CHG": 0,
        "TAXES_PCT_CHG": 0,
        "GREENBELT": null,
        "EXEMPT_RES": "UNK",
        "COMMON_AREA": null,
        "PUBLIC_ROAD": null,
        "PRIVATE_ROAD": null,
        "PART_CENTRAL_ASSD": null,
        "PART_TAXABLE": null,
        "IMP_NO_RES": null,
        "COST_GROUP_RES": null,
        "STYLE_DESCR_RES": null,
        "QUALITY_RES": null,
        "QUALITY_DESCR_RES": null,
        "CONDITION_RES": null,
        "CONDITION_DESCR_RES": null,
        "YEARBLT_RES": null,
        "GLA_RES": null,
        "BASEMENT_RES": null,
        "BSMT_FINISH_RES": null,
        "ATT_GARAGE_SQFT_RES": null,
        "BATHROOMS_RES": null,
        "GLA_BEDROOMS_RES": null,
        "EXTERIOR_RES": null,
        "ALLOCATION_PCT_RES": null,
        "TRAV_COUNT": null,
        "LASTUPDATE": null,
        "CREATED_DATE": 1752057104000,
        "LAST_EDITED_DATE": 1752057104000,
        "ChangeType": "Added",
        "Previous_Owner": null,
        "Shape_Length_12_13_14": 1151.967190711709,
        "Shape_Area_12_13_14": 80080.55926498941,
        "Shape_Length": 0.0093857956148673,
        "Shape_Area": 1.7686369278230254e-06
      }
    },
    {
      "type": "Feature",
      "id": 89,
      "geometry": {
        "type": "Polygon",
        "coordinates": [
          [
            [
              -112.03051331899997,
              40.32490616200005
            ],
            [
              -112.03060502443319,
              40.32502329118546
            ],
            [
              -112.03069929780459,
              40.32513836361483
            ],
            [
              -112.03079609299999,
              40.32525132300003
            ],
            [
              -112.03162412999995,
              40.32482652200008
            ],
            [
              -112.03152616534021,
              40.324711835027166
            ],
            [
              -112.03143114523722,
              40.32459469683381
            ],
            [
              -112.03133913099998,
              40.32447518300006
            ],
            [
              -112.03054718099997,
              40.32481150800004
            ],
            [
              -112.03053663343883,
              40.32481610528416
            ],
            [
              -112.03052701007965,
              40.32482241218718
            ],
            [
              -112.03051858547482,
              40.32483024877452
            ],
            [
              -112.03051159997652,
              40.324839391470015
            ],
            [
              -112.0305062528795,
              40.324849579434535
            ],
            [
              -112.0305026967353,
              40.32486052200763
            ],
            [
              -112.03050103299995,
              40.324871907000045
            ],
            [
              -112.03050196160498,
              40.324881110228304
            ],
            [
              -112.03050436729623,
              40.324890041878064
            ],
            [
              -112.03050818665596,
              40.32489846649729
            ],
            [
              -112.03051331899997,
              40.32490616200005
            ]
          ]
        ]
      },
      "properties": {
        "OBJECTID": 89,
        "Join_Count": 1,
        "TARGET_FID": 1698,
        "PARCEL_NO": 358760002,
        "PARCELID": "358760002",
        "PARCELID_LABEL": "35:876:0002",
        "OWNER_NAME": "FIELDSTONE CONSTRUCTION AND MANAGEMENT SERVICES INC",
        "CARE_NAME": null,
        "ACREAGE": 1.03261,
        "SITE_FULL_ADDRESS": "5360 N BECKMAN LN, EAGLE MOUNTAIN, UT",
        "OWN_FULL_ADDRESS": "12896 S PONY EXPRESS RD # 400  DRAPER, UT 84020",
        "PROP_TYPE": 9999,
        "PROP_TYPE_DESCR": "DEFAULT",
        "SPECIFIC_PROP_TYPE": 9999,
        "SPC_PROP_TYP_DESCR": "DEFAULT",
        "ASMT_YEAR": 2026,
        "ASMT_CODE": "UNK",
        "ASMT_CODE_DESCR": "UNK",
        "MKT_LAND_VALUE": 0,
        "MKT_CUR_VALUE": 0,
        "MKT_PRV_VAL": 0,
        "MKT_VAL_YR_CHG": 0,
        "MKT_PCT_CHG": 0,
        "GLOBALID": "{748D9974-41E1-4D03-B4B9-6E7C549F7657}",
        "Code": null,
        "Description": "Medium Density Residential",
        "City": "Eagle Mountain",
        "Description_detailed": "Any Residential",
        "Acres": null,
        "Unit_Rate": null,
        "CityName": null,
        "AdoptedDate": null,
        "Slope_Score": 10,
        "GP_Score": 8,
        "Utilities_Score": 10,
        "Wetlands_Score": 10,
        "Soil_Score": 10,
        "Ownership_Score": 5,
        "Ownership_Type": "Business",
        "Utility_Proximity_Status": "Within 1/8 Mile",
        "Final_Score": 8.75,
        "ELEV_CHANGE": 54.84593684570336,
        "SLOPE": 0.8456425736552882,
        "Join_Count_12": 1,
        "TARGET_FID_12": 63763,
        "Shape_Length_12": null,
        "Shape_Area_12": null,
        "OBJECTID_1_12": null,
        "Join_Count_12_13": null,
        "TARGET_FID_12_13": null,
        "Id": 2073,
        "gridcode": 1,
        "ClassName": "Not Hydric",
        "Shape_Length_12_13": null,
        "Shape_Area_12_13": null,
        "SITE_HOUSE_NUM": " ",
        "SITE_PRE_DIR": "N",
        "SITE_STREET_NAME": "BECKMAN",
        "SITE_STREET_TYPE": "LN",
        "SITE_POST_DIR": null,
        "SITE_STREET_UNIT": null,
        "SITE_CITY": "EAGLE MOUNTAIN",
        "SITE_STATE": "UT",
        "SITE_ZIP5": "84005",
        "OWN_STREET_ADDRESS": "1650 E STAGECOACH RUN",
        "OWN_CITY": "EAGLE MOUNTAIN",
        "OWN_STATE": "UT",
        "OWN_ZIP5": "84005",
        "VESTING_DOC": "42776-2025",
        "PARCEL_CREATE_DATE": 1749686400000,
        "MAP_FILING_NO": "19756 ",
        "SUB_NAME": "BRYLEE NORTH, PLAT A",
        "LEGAL_DESCR": "PUBLIC ROAD, PLAT A, BRYLEE NORTH SUB AREA 0.828 AC.",
        "BOOK_PAGE": 35876,
        "LOT": "12",
        "BUILDING": null,
        "UNIT": null,
        "TAX_DISTRICT": "038",
        "TAX_DISTRICT_DESCR": "EAGLE MOUNTAIN",
        "SCHOOL_DISTRICT": "ALPINE",
        "TAXABLE_CODE": 100,
        "ACCOUNT_TYPE": null,
        "NEIGHBORHOOD": "9999",
        "NBHD_DISTRICT": null,
        "LAND_DISTRICT": 9999,
        "ECONOMIC_UNIT": null,
        "GLA_WEIGHTED_YRBLT": null,
        "TOTAL_ABOVE_GRADE_AREA": null,
        "TOTAL_MEZZANINE": null,
        "TOTAL_BASEMENT": null,
        "TOTAL_BSMT_FINISH": null,
        "TOTAL_UNIT_COUNT": null,
        "TOTAL_IMP_COUNT": null,
        "MKT_LAND_RES": 0,
        "MKT_LAND_AGR": 0,
        "MKT_LAND_COM": 0,
        "MKT_IMP_VALUE": 0,
        "MKT_IMP_RES": 0,
        "MKT_IMP_AGR": 0,
        "MKT_IMP_COM": 0,
        "TXBL_CUR_VALUE": 0,
        "TXBL_PRV_VAL": 0,
        "TXBL_VAL_YR_CHG": 0,
        "TXBL_PCT_CHG": 0,
        "TOT_CUR_TAXES": 0,
        "TOT_PRV_TAXES": 0,
        "TAXES_YR_CHG": 0,
        "TAXES_PCT_CHG": 0,
        "GREENBELT": null,
        "EXEMPT_RES": "UNK",
        "COMMON_AREA": null,
        "PUBLIC_ROAD": "Yes",
        "PRIVATE_ROAD": null,
        "PART_CENTRAL_ASSD": null,
        "PART_TAXABLE": null,
        "IMP_NO_RES": null,
        "COST_GROUP_RES": null,
        "STYLE_DESCR_RES": null,
        "QUALITY_RES": null,
        "QUALITY_DESCR_RES": null,
        "CONDITION_RES": null,
        "CONDITION_DESCR_RES": null,
        "YEARBLT_RES": null,
        "GLA_RES": null,
        "BASEMENT_RES": null,
        "BSMT_FINISH_RES": null,
        "ATT_GARAGE_SQFT_RES": null,
        "BATHROOMS_RES": null,
        "GLA_BEDROOMS_RES": null,
        "EXTERIOR_RES": null,
        "ALLOCATION_PCT_RES": null,
        "TRAV_COUNT": null,
        "LASTUPDATE": null,
        "CREATED_DATE": 1749744872000,
        "LAST_EDITED_DATE": 1749744872000,
        "ChangeType": "Added",
        "Previous_Owner": null,
        "Shape_Length_12_13_14": 1410.5551047809217,
        "Shape_Area_12_13_14": 36081.36809004513,
        "Shape_Length": 0.0028075221111088134,
        "Shape_Area": 4.4286820413596646e-07
      }
    },
    {
      "type": "Feature",
      "id": 90,
      "geometry": {
        "type": "Polygon",
        "coordinates": [
          [
            [
              -111.65636769199995,
              40.170743626000046
            ],
            [
              -111.65636781499995,
              40.170743653000045
            ],
            [
              -111.65635064356564,
              40.17073219607812
            ],
            [
              -111.65633186899998,
              40.17072361500004
            ],
            [
              -111.65630656982873,
              40.170716696896434
            ],
            [
              -111.65628047199999,
              40.17071408700008
            ],
            [
              -111.65627564299996,
              40.17071406900004
            ],
            [
              -111.65608689299995,
              40.17071331900007
            ],
            [
              -111.65608800299998,
              40.170548652000036
            ],
            [
              -111.65610360199997,
              40.17054871400006
            ],
            [
              -111.65616790950374,
              40.17054675459961
            ],
            [
              -111.6562319223298,
              40.170540300733336
            ],
            [
              -111.65629532674548,
              40.17052938403223
            ],
            [
              -111.65635781199995,
              40.17051405800004
            ],
            [
              -111.65637955899996,
              40.17050504200006
            ],
            [
              -111.65659607299995,
              40.17038290900007
            ],
            [
              -111.65662912332408,
              40.17036222141899
            ],
            [
              -111.6566590730988,
              40.17033725522323
            ],
            [
              -111.65668537230354,
              40.17030846891111
            ],
            [
              -111.65670753795962,
              40.170276391136454
            ],
            [
              -111.65672516299998,
              40.17024161100005
            ],
            [
              -111.65672073199994,
              40.169805774000054
            ],
            [
              -111.65587776099994,
              40.16980690400004
            ],
            [
              -111.65587988999994,
              40.170744279000075
            ],
            [
              -111.65636769199995,
              40.170743626000046
            ]
          ]
        ]
      },
      "properties": {
        "OBJECTID": 90,
        "Join_Count": 1,
        "TARGET_FID": 1701,
        "PARCEL_NO": 210960030,
        "PARCELID": "210960030",
        "PARCELID_LABEL": "21:096:0030",
        "OWNER_NAME": "LAKESIDE LAND PARTNERS LLC",
        "CARE_NAME": null,
        "ACREAGE": 1.450613,
        "SITE_FULL_ADDRESS": null,
        "OWN_FULL_ADDRESS": "7585 S UNION PARK AVE STE 200  MIDVALE, UT 84047",
        "PROP_TYPE": 9999,
        "PROP_TYPE_DESCR": "DEFAULT",
        "SPECIFIC_PROP_TYPE": 9999,
        "SPC_PROP_TYP_DESCR": "DEFAULT",
        "ASMT_YEAR": 2026,
        "ASMT_CODE": "UNK",
        "ASMT_CODE_DESCR": "UNK",
        "MKT_LAND_VALUE": 0,
        "MKT_CUR_VALUE": 0,
        "MKT_PRV_VAL": 0,
        "MKT_VAL_YR_CHG": 0,
        "MKT_PCT_CHG": 0,
        "GLOBALID": "{E4929375-6970-4FB6-8FF3-510084EEB681}",
        "Code": null,
        "Description": "Medium Density Residential",
        "City": "Springville",
        "Description_detailed": "Any Residential",
        "Acres": null,
        "Unit_Rate": null,
        "CityName": null,
        "AdoptedDate": null,
        "Slope_Score": 10,
        "GP_Score": 8,
        "Utilities_Score": 0,
        "Wetlands_Score": 10,
        "Soil_Score": 7,
        "Ownership_Score": 5,
        "Ownership_Type": "Business",
        "Utility_Proximity_Status": "Not Within 1/8 Mile",
        "Final_Score": 5.95,
        "ELEV_CHANGE": 0.6500004052732038,
        "SLOPE": 0.10677196793925407,
        "Join_Count_12": 1,
        "TARGET_FID_12": 63836,
        "Shape_Length_12": null,
        "Shape_Area_12": null,
        "OBJECTID_1_12": null,
        "Join_Count_12_13": null,
        "TARGET_FID_12_13": null,
        "Id": 1498,
        "gridcode": 2,
        "ClassName": "Partially Hydric (1 - 25%)",
        "Shape_Length_12_13": null,
        "Shape_Area_12_13": null,
        "SITE_HOUSE_NUM": null,
        "SITE_PRE_DIR": null,
        "SITE_STREET_NAME": null,
        "SITE_STREET_TYPE": null,
        "SITE_POST_DIR": null,
        "SITE_STREET_UNIT": null,
        "SITE_CITY": null,
        "SITE_STATE": null,
        "SITE_ZIP5": null,
        "OWN_STREET_ADDRESS": "7585 S UNION PARK AVE STE 200",
        "OWN_CITY": "MIDVALE",
        "OWN_STATE": "UT",
        "OWN_ZIP5": "84047",
        "VESTING_DOC": "83593-2022",
        "PARCEL_CREATE_DATE": 1752019200000,
        "MAP_FILING_NO": null,
        "SUB_NAME": null,
        "LEGAL_DESCR": "COM S 1673.067 FT & W 167.64 FT FR NE COR. SEC. 36, T7S, R2E, SLB&M.; W 233.6 FT; N 0 DEG 20' 47\" W 341.55 FT; E 235.63 FT; S 341.55 FT TO BEG. AREA 1.838 AC.",
        "BOOK_PAGE": 21096,
        "LOT": null,
        "BUILDING": null,
        "UNIT": null,
        "TAX_DISTRICT": "131",
        "TAX_DISTRICT_DESCR": "SPRINGVILLE W/SPRV DRAIN DIST",
        "SCHOOL_DISTRICT": "NEBO",
        "TAXABLE_CODE": 100,
        "ACCOUNT_TYPE": null,
        "NEIGHBORHOOD": "9999",
        "NBHD_DISTRICT": null,
        "LAND_DISTRICT": 9999,
        "ECONOMIC_UNIT": null,
        "GLA_WEIGHTED_YRBLT": null,
        "TOTAL_ABOVE_GRADE_AREA": null,
        "TOTAL_MEZZANINE": null,
        "TOTAL_BASEMENT": null,
        "TOTAL_BSMT_FINISH": null,
        "TOTAL_UNIT_COUNT": null,
        "TOTAL_IMP_COUNT": null,
        "MKT_LAND_RES": 0,
        "MKT_LAND_AGR": 0,
        "MKT_LAND_COM": 0,
        "MKT_IMP_VALUE": 0,
        "MKT_IMP_RES": 0,
        "MKT_IMP_AGR": 0,
        "MKT_IMP_COM": 0,
        "TXBL_CUR_VALUE": 0,
        "TXBL_PRV_VAL": 0,
        "TXBL_VAL_YR_CHG": 0,
        "TXBL_PCT_CHG": 0,
        "TOT_CUR_TAXES": 0,
        "TOT_PRV_TAXES": 0,
        "TAXES_YR_CHG": 0,
        "TAXES_PCT_CHG": 0,
        "GREENBELT": null,
        "EXEMPT_RES": "UNK",
        "COMMON_AREA": null,
        "PUBLIC_ROAD": null,
        "PRIVATE_ROAD": null,
        "PART_CENTRAL_ASSD": null,
        "PART_TAXABLE": null,
        "IMP_NO_RES": null,
        "COST_GROUP_RES": null,
        "STYLE_DESCR_RES": null,
        "QUALITY_RES": null,
        "QUALITY_DESCR_RES": null,
        "CONDITION_RES": null,
        "CONDITION_DESCR_RES": null,
        "YEARBLT_RES": null,
        "GLA_RES": null,
        "BASEMENT_RES": null,
        "BSMT_FINISH_RES": null,
        "ATT_GARAGE_SQFT_RES": null,
        "BATHROOMS_RES": null,
        "GLA_BEDROOMS_RES": null,
        "EXTERIOR_RES": null,
        "ALLOCATION_PCT_RES": null,
        "TRAV_COUNT": null,
        "LASTUPDATE": null,
        "CREATED_DATE": 1752057104000,
        "LAST_EDITED_DATE": 1752057104000,
        "ChangeType": "Added",
        "Previous_Owner": null,
        "Shape_Length_12_13_14": 1151.967190711709,
        "Shape_Area_12_13_14": 80080.55926498941,
        "Shape_Length": 0.0038964678775944466,
        "Shape_Area": 6.208742069015208e-07
      }
    },
    {
      "type": "Feature",
      "id": 91,
      "geometry": {
        "type": "Polygon",
        "coordinates": [
          [
            [
              -112.07770743099996,
              40.29083698100004
            ],
            [
              -112.07770772699996,
              40.29083713600005
            ],
            [
              -112.07784864424904,
              40.29071902236295
            ],
            [
              -112.07799384799995,
              40.29060622000003
            ],
            [
              -112.07799440099996,
              40.29051142900005
            ],
            [
              -112.07812417099996,
              40.29051186000004
            ],
            [
              -112.07826606182051,
              40.29041586899516
            ],
            [
              -112.0784109060774,
              40.29032439539665
            ],
            [
              -112.07855855999998,
              40.29023753000007
            ],
            [
              -112.07869479199996,
              40.29016014300004
            ],
            [
              -112.07964520699994,
              40.28962024500004
            ],
            [
              -112.07982927402603,
              40.28951977426003
            ],
            [
              -112.08001652951938,
              40.28942537923953
            ],
            [
              -112.08020677299999,
              40.28933716100005
            ],
            [
              -112.08025814499996,
              40.28931429700003
            ],
            [
              -112.08025073199997,
              40.28930451900004
            ],
            [
              -112.0802563687161,
              40.28930240610149
            ],
            [
              -112.08026157845617,
              40.28929939022393
            ],
            [
              -112.0802662177849,
              40.28929555440094
            ],
            [
              -112.08027015897162,
              40.28929100424091
            ],
            [
              -112.08027329350703,
              40.289285865019494
            ],
            [
              -112.08027553509069,
              40.28928027823046
            ],
            [
              -112.080276822007,
              40.28927439769004
            ],
            [
              -112.08027711882437,
              40.28926838530213
            ],
            [
              -112.0802764173708,
              40.2892624066006
            ],
            [
              -112.08027473695883,
              40.28925662619191
            ],
            [
              -112.08027212385376,
              40.289251203223074
            ],
            [
              -112.08026865,
              40.289246287000026
            ],
            [
              -112.08045127899999,
              40.28915427600003
            ],
            [
              -112.08046128499996,
              40.28916592300004
            ],
            [
              -112.08046978750846,
              40.289173037698355
            ],
            [
              -112.08047938640416,
              40.289178585020636
            ],
            [
              -112.08048979595489,
              40.28918239983868
            ],
            [
              -112.08050070629756,
              40.28918436859608
            ],
            [
              -112.08051179266194,
              40.289184432688465
            ],
            [
              -112.08052272503811,
              40.28918259020797
            ],
            [
              -112.08053317799994,
              40.28917889600007
            ],
            [
              -112.08079421699995,
              40.28906281400003
            ],
            [
              -112.0809284362862,
              40.2890005824007
            ],
            [
              -112.08106113199995,
              40.288935165000055
            ],
            [
              -112.081355455,
              40.28878562400007
            ],
            [
              -112.0815053734325,
              40.288692824272474
            ],
            [
              -112.08165157218998,
              40.28859426845498
            ],
            [
              -112.08179383038679,
              40.2884901054515
            ],
            [
              -112.08193193309089,
              40.28838049263761
            ],
            [
              -112.08206567164862,
              40.28826559562275
            ],
            [
              -112.08219484399996,
              40.28814558800008
            ],
            [
              -112.08222138399998,
              40.28352601200004
            ],
            [
              -112.08222224199994,
              40.278220039000075
            ],
            [
              -112.07424503299995,
              40.27810255600008
            ],
            [
              -112.07423798399998,
              40.27837694100003
            ],
            [
              -112.07268413399999,
              40.27835388400007
            ],
            [
              -112.07271855899995,
              40.27984509000004
            ],
            [
              -112.06941276199996,
              40.279738552000026
            ],
            [
              -112.06933399899998,
              40.27969095100008
            ],
            [
              -112.06906059399995,
              40.27995630800007
            ],
            [
              -112.06913935399996,
              40.28000391000006
            ],
            [
              -112.07272434199996,
              40.28011944900004
            ],
            [
              -112.07280357699995,
              40.28353273600004
            ],
            [
              -112.06793124299998,
              40.28353603100004
            ],
            [
              -112.06801589199995,
              40.290823862000025
            ],
            [
              -112.07297246199994,
              40.29082111200006
            ],
            [
              -112.07296827799996,
              40.29064003800005
            ],
            [
              -112.0731225310416,
              40.29065847319236
            ],
            [
              -112.07327611156869,
              40.2906818586338
            ],
            [
              -112.0734288607609,
              40.2907101701411
            ],
            [
              -112.07358062065767,
              40.29074337843681
            ],
            [
              -112.07373123432141,
              40.29078144917967
            ],
            [
              -112.07388054599994,
              40.290824343000054
            ],
            [
              -112.07770743099996,
              40.29083698100004
            ]
          ],
          [
            [
              -112.07786153399996,
              40.28702315400005
            ],
            [
              -112.078578258,
              40.28702552200008
            ],
            [
              -112.07857507199998,
              40.28757439300006
            ],
            [
              -112.07785834199996,
              40.28757202600008
            ],
            [
              -112.07786153399996,
              40.28702315400005
            ]
          ]
        ]
      },
      "properties": {
        "OBJECTID": 91,
        "Join_Count": 1,
        "TARGET_FID": 1705,
        "PARCEL_NO": 590530053,
        "PARCELID": "590530053",
        "PARCELID_LABEL": "59:053:0053",
        "OWNER_NAME": "OQUIRRH WOOD RANCH LLC",
        "CARE_NAME": null,
        "ACREAGE": 347.345196,
        "SITE_FULL_ADDRESS": null,
        "OWN_FULL_ADDRESS": "14034 S 145 E STE 204  DRAPER, UT 84020",
        "PROP_TYPE": 900,
        "PROP_TYPE_DESCR": "VACANT",
        "SPECIFIC_PROP_TYPE": 901,
        "SPC_PROP_TYP_DESCR": "Vac Res",
        "ASMT_YEAR": 2026,
        "ASMT_CODE": "V",
        "ASMT_CODE_DESCR": "VACANT",
        "MKT_LAND_VALUE": 16394900,
        "MKT_CUR_VALUE": 16394900,
        "MKT_PRV_VAL": 0,
        "MKT_VAL_YR_CHG": 16394900,
        "MKT_PCT_CHG": 0,
        "GLOBALID": "{93611EE6-8A2B-4D97-A0E8-33216F4E12FD}",
        "Code": null,
        "Description": "Medium Density Residential",
        "City": "Eagle Mountain",
        "Description_detailed": "Any Residential",
        "Acres": null,
        "Unit_Rate": null,
        "CityName": null,
        "AdoptedDate": null,
        "Slope_Score": 10,
        "GP_Score": 8,
        "Utilities_Score": 10,
        "Wetlands_Score": 10,
        "Soil_Score": 10,
        "Ownership_Score": 5,
        "Ownership_Type": "Business",
        "Utility_Proximity_Status": "Within 1/8 Mile",
        "Final_Score": 8.75,
        "ELEV_CHANGE": 0.03243994628974178,
        "SLOPE": 0.0012372520223502966,
        "Join_Count_12": 2,
        "TARGET_FID_12": 64126,
        "Shape_Length_12": null,
        "Shape_Area_12": null,
        "OBJECTID_1_12": null,
        "Join_Count_12_13": null,
        "TARGET_FID_12_13": null,
        "Id": 2073,
        "gridcode": 1,
        "ClassName": "Not Hydric",
        "Shape_Length_12_13": null,
        "Shape_Area_12_13": null,
        "SITE_HOUSE_NUM": " ",
        "SITE_PRE_DIR": null,
        "SITE_STREET_NAME": null,
        "SITE_STREET_TYPE": null,
        "SITE_POST_DIR": null,
        "SITE_STREET_UNIT": null,
        "SITE_CITY": "EAGLE MOUNTAIN",
        "SITE_STATE": "UT",
        "SITE_ZIP5": "84013",
        "OWN_STREET_ADDRESS": "14034 S 145 E STE 204",
        "OWN_CITY": "DRAPER",
        "OWN_STATE": "UT",
        "OWN_ZIP5": "84020",
        "VESTING_DOC": "98519-2008",
        "PARCEL_CREATE_DATE": 1750204800000,
        "MAP_FILING_NO": "19764 ",
        "SUB_NAME": "FIREFLY NPA 8 PHASE A, PLAT 7",
        "LEGAL_DESCR": "COM S 0 DEG 1' 19\" W 1.68 FT & S 89 DEG 58' 41\" E 144.67 FT FR SE COR. SEC. 17, T6S, R2W, SLB&M.; S 89 DEG 21' 43\" E 823.39 FT; S 0 DEG 38' 51\" W 119.01 FT; S 89 DEG 21' 37\" E 163.79 FT; ALONG A CURVE TO R (CHORD BEARS: S 50 DEG 52' 48\" W 157.11 FT, RADIUS = 1529.5 FT); S 53 DEG 49' 28\" W 47.33 FT; S 53 DEG 49' 27\" W 330.2 FT; ALONG A CURVE TO R (CHORD BEARS: S 57 DEG 2' 13\" W 187.6 FT, RADIUS = 1673.5 FT); S 60 DEG 15' 3\" W 16.62 FT; N 29 DEG 44' 59\" W 58.96 FT; S 60 DEG 15' 4\" W 4.19 FT; ALONG A CURVE TO R (CHORD BEARS: N 76 DEG 20' 57\" W 20.61 FT, RADIUS = 15 FT); N 32 DEG 56' 51\" W 244.27 FT; N 36 DEG 18' 18\" W 68.3 FT; N 32 DEG 56' 50\" W 28.36 FT; S 56 DEG 59' 53\" W .2 FT; N 32 DEG 56' 51\" W 267.59 FT; N 27 DEG 58' 48\" E .07 FT TO BEG. AREA 6.949 AC.",
        "BOOK_PAGE": 59053,
        "LOT": null,
        "BUILDING": null,
        "UNIT": null,
        "TAX_DISTRICT": "506",
        "TAX_DISTRICT_DESCR": "EAGLE MTN W/POLE CYN & FF PID 1",
        "SCHOOL_DISTRICT": "NEBO",
        "TAXABLE_CODE": 100,
        "ACCOUNT_TYPE": "RESIDENTIAL",
        "NEIGHBORHOOD": "103",
        "NBHD_DISTRICT": "152",
        "LAND_DISTRICT": 1509,
        "ECONOMIC_UNIT": null,
        "GLA_WEIGHTED_YRBLT": null,
        "TOTAL_ABOVE_GRADE_AREA": null,
        "TOTAL_MEZZANINE": null,
        "TOTAL_BASEMENT": null,
        "TOTAL_BSMT_FINISH": null,
        "TOTAL_UNIT_COUNT": null,
        "TOTAL_IMP_COUNT": null,
        "MKT_LAND_RES": 0,
        "MKT_LAND_AGR": 423300,
        "MKT_LAND_COM": 0,
        "MKT_IMP_VALUE": 0,
        "MKT_IMP_RES": 0,
        "MKT_IMP_AGR": 0,
        "MKT_IMP_COM": 0,
        "TXBL_CUR_VALUE": 423300,
        "TXBL_PRV_VAL": 0,
        "TXBL_VAL_YR_CHG": 423300,
        "TXBL_PCT_CHG": 0,
        "TOT_CUR_TAXES": 0,
        "TOT_PRV_TAXES": 0,
        "TAXES_YR_CHG": 0,
        "TAXES_PCT_CHG": 0,
        "GREENBELT": null,
        "EXEMPT_RES": "N",
        "COMMON_AREA": null,
        "PUBLIC_ROAD": "Yes",
        "PRIVATE_ROAD": null,
        "PART_CENTRAL_ASSD": null,
        "PART_TAXABLE": null,
        "IMP_NO_RES": null,
        "COST_GROUP_RES": null,
        "STYLE_DESCR_RES": null,
        "QUALITY_RES": null,
        "QUALITY_DESCR_RES": null,
        "CONDITION_RES": null,
        "CONDITION_DESCR_RES": null,
        "YEARBLT_RES": null,
        "GLA_RES": null,
        "BASEMENT_RES": null,
        "BSMT_FINISH_RES": null,
        "ATT_GARAGE_SQFT_RES": null,
        "BATHROOMS_RES": null,
        "GLA_BEDROOMS_RES": null,
        "EXTERIOR_RES": null,
        "ALLOCATION_PCT_RES": null,
        "TRAV_COUNT": null,
        "LASTUPDATE": null,
        "CREATED_DATE": 1750242989000,
        "LAST_EDITED_DATE": 1750242989000,
        "ChangeType": "Added",
        "Previous_Owner": null,
        "Shape_Length_12_13_14": 2539.159610329771,
        "Shape_Area_12_13_14": 301397.38551673724,
        "Shape_Length": 0.06207959414140427,
        "Shape_Area": 0.0001488643580455722
      }
    },
    {
      "type": "Feature",
      "id": 92,
      "geometry": {
        "type": "Polygon",
        "coordinates": [
          [
            [
              -111.92596513899997,
              40.383910558000025
            ],
            [
              -111.92596512399996,
              40.38391047600004
            ],
            [
              -111.92490361299997,
              40.38392201200003
            ],
            [
              -111.924906868,
              40.38444589200003
            ],
            [
              -111.92565030299994,
              40.384442842000055
            ],
            [
              -111.92566000899996,
              40.38600235200005
            ],
            [
              -111.92632781599997,
              40.38600056800004
            ],
            [
              -111.92643085343428,
              40.38600284765299
            ],
            [
              -111.92653358978504,
              40.38601104228046
            ],
            [
              -111.92663568577785,
              40.3860251248207
            ],
            [
              -111.92673680425301,
              40.386045048767805
            ],
            [
              -111.92683661127896,
              40.38607074832535
            ],
            [
              -111.92693477725503,
              40.386102138623656
            ],
            [
              -111.92703097799995,
              40.38613911600004
            ],
            [
              -111.92682890599997,
              40.38658933600004
            ],
            [
              -111.92677575405112,
              40.386591895165864
            ],
            [
              -111.92672254499996,
              40.38659258500007
            ],
            [
              -111.92646716499996,
              40.386591416000044
            ],
            [
              -111.92646588199995,
              40.38675527500004
            ],
            [
              -111.92654874799996,
              40.38675497300005
            ],
            [
              -111.92654176399998,
              40.38737474800007
            ],
            [
              -111.92709693199998,
              40.387374589000046
            ],
            [
              -111.92721297017097,
              40.38736849957889
            ],
            [
              -111.9273284372202,
              40.387355488094734
            ],
            [
              -111.92744292059491,
              40.38733560103637
            ],
            [
              -111.92755601125694,
              40.38730890945836
            ],
            [
              -111.92766730514415,
              40.38727550872716
            ],
            [
              -111.92777640461412,
              40.3872355181804
            ],
            [
              -111.92788291986484,
              40.38718908070047
            ],
            [
              -111.92798647032748,
              40.38713636220408
            ],
            [
              -111.92808668602615,
              40.387077551049366
            ],
            [
              -111.92818320889968,
              40.387012857362976
            ],
            [
              -111.92827569408111,
              40.386942512289274
            ],
            [
              -111.92836381112967,
              40.38686676716449
            ],
            [
              -111.92844724521159,
              40.38678589261873
            ],
            [
              -111.92852569822483,
              40.38670017760903
            ],
            [
              -111.92859888986429,
              40.386609928386925
            ],
            [
              -111.92866655862322,
              40.38651546740429
            ],
            [
              -111.92872846272759,
              40.38641713216117
            ],
            [
              -111.92878438099996,
              40.386315274000026
            ],
            [
              -111.92928828999999,
              40.38508174200007
            ],
            [
              -111.92933832864335,
              40.38497190626338
            ],
            [
              -111.92939415402483,
              40.38486489560192
            ],
            [
              -111.92945560723642,
              40.38476101462355
            ],
            [
              -111.92952251335042,
              40.38466055902743
            ],
            [
              -111.92959468191731,
              40.38456381476229
            ],
            [
              -111.9296719075079,
              40.38447105721251
            ],
            [
              -111.9297539702981,
              40.384382550414195
            ],
            [
              -111.92984063669462,
              40.38429854630361
            ],
            [
              -111.92993165999997,
              40.38421928400004
            ],
            [
              -111.93001084599996,
              40.384152166000035
            ],
            [
              -111.93001030999994,
              40.384151891000045
            ],
            [
              -111.93001549699994,
              40.383882484000026
            ],
            [
              -111.93000364099998,
              40.38387374000007
            ],
            [
              -111.92596513899997,
              40.383910558000025
            ]
          ]
        ]
      },
      "properties": {
        "OBJECTID": 92,
        "Join_Count": 1,
        "TARGET_FID": 1707,
        "PARCEL_NO": 580320222,
        "PARCELID": "580320222",
        "PARCELID_LABEL": "58:032:0222",
        "OWNER_NAME": "UTAH VALLEY TURF FARM LIMITED PARTNERSHIP",
        "CARE_NAME": "%HORNE, DOUG",
        "ACREAGE": 24.968315999999998,
        "SITE_FULL_ADDRESS": null,
        "OWN_FULL_ADDRESS": "%HORNE, DOUG  2750 N UNIVERSITY AVE STE 100  PROVO, UT 84604",
        "PROP_TYPE": 9999,
        "PROP_TYPE_DESCR": "DEFAULT",
        "SPECIFIC_PROP_TYPE": 9999,
        "SPC_PROP_TYP_DESCR": "DEFAULT",
        "ASMT_YEAR": 2026,
        "ASMT_CODE": "UNK",
        "ASMT_CODE_DESCR": "UNK",
        "MKT_LAND_VALUE": 0,
        "MKT_CUR_VALUE": 0,
        "MKT_PRV_VAL": 0,
        "MKT_VAL_YR_CHG": 0,
        "MKT_PCT_CHG": 0,
        "GLOBALID": "{FE971868-8067-4380-968C-906DDA4B6890}",
        "Code": null,
        "Description": "High Density Residential",
        "City": "Saratoga Springs",
        "Description_detailed": "Residential Multi-Family",
        "Acres": null,
        "Unit_Rate": null,
        "CityName": null,
        "AdoptedDate": null,
        "Slope_Score": 10,
        "GP_Score": 10,
        "Utilities_Score": 10,
        "Wetlands_Score": 10,
        "Soil_Score": 10,
        "Ownership_Score": 10,
        "Ownership_Type": "Private",
        "Utility_Proximity_Status": "Within 1/8 Mile",
        "Final_Score": 10,
        "ELEV_CHANGE": 13.779768295898975,
        "SLOPE": 2.865536686216435,
        "Join_Count_12": 2,
        "TARGET_FID_12": 64295,
        "Shape_Length_12": null,
        "Shape_Area_12": null,
        "OBJECTID_1_12": null,
        "Join_Count_12_13": null,
        "TARGET_FID_12_13": null,
        "Id": 2073,
        "gridcode": 1,
        "ClassName": "Not Hydric",
        "Shape_Length_12_13": null,
        "Shape_Area_12_13": null,
        "SITE_HOUSE_NUM": null,
        "SITE_PRE_DIR": null,
        "SITE_STREET_NAME": null,
        "SITE_STREET_TYPE": null,
        "SITE_POST_DIR": null,
        "SITE_STREET_UNIT": null,
        "SITE_CITY": null,
        "SITE_STATE": null,
        "SITE_ZIP5": "84045",
        "OWN_STREET_ADDRESS": "2750 N UNIVERSITY AVE STE 100",
        "OWN_CITY": "PROVO",
        "OWN_STATE": "UT",
        "OWN_ZIP5": "84604",
        "VESTING_DOC": "75003-1997",
        "PARCEL_CREATE_DATE": 1751241600000,
        "MAP_FILING_NO": null,
        "SUB_NAME": null,
        "LEGAL_DESCR": "COM AT W 1/4 COR. SEC. 14, T5S, R1W, SLB&M.; S 89 DEG 35' 28\" W 1125.41 FT; N 45 DEG 45' 32\" W 4.59 FT; N 1 DEG 7' 8\" E 98.18 FT; N 55 DEG 49' 55\" W .18 FT; N 42 DEG 19' 56\" E 32.94 FT; ALONG A CURVE TO L (CHORD BEARS: N 29 DEG 58' 38\" E 361.81 FT, RADIUS = 845.36 FT); N 17 DEG 37' 21\" E 470.91 FT; ALONG A CURVE TO R (CHORD BEARS: N 50 DEG 53' 22\" E 608.34 FT, RADIUS = 554.47 FT); S 89 DEG 44' 53\" E 154.69 FT; S 0 DEG 46' 1\" W 225.85 FT; E 23.09 FT; S 0 DEG 36' 59\" W 59.71 FT; N 89 DEG 23' 1\" W 71.16 FT; ALONG A CURVE TO L (CHORD BEARS: S 87 DEG 59' 6\" W 29.66 FT, RADIUS = 323 FT); S 19 DEG 12' 58\" W 173.45 FT; ALONG A CURVE TO L (CHORD BEARS: S 75 DEG 16' 39\" E 202.33 FT, RADIUS = 400 FT); S 89 DEG 55' 38\" E 186.08 FT; S 568.28 FT; N 89 DEG 57' 54\" E 207.16 FT; S 190.9 FT; S 89 DEG 27' 30\" W 295.82 FT TO BEG. AREA 24.968 AC.",
        "BOOK_PAGE": 58032,
        "LOT": null,
        "BUILDING": null,
        "UNIT": null,
        "TAX_DISTRICT": "039",
        "TAX_DISTRICT_DESCR": "SARATOGA SPRINGS",
        "SCHOOL_DISTRICT": "ALPINE",
        "TAXABLE_CODE": 100,
        "ACCOUNT_TYPE": null,
        "NEIGHBORHOOD": "9999",
        "NBHD_DISTRICT": null,
        "LAND_DISTRICT": 9999,
        "ECONOMIC_UNIT": null,
        "GLA_WEIGHTED_YRBLT": null,
        "TOTAL_ABOVE_GRADE_AREA": null,
        "TOTAL_MEZZANINE": null,
        "TOTAL_BASEMENT": null,
        "TOTAL_BSMT_FINISH": null,
        "TOTAL_UNIT_COUNT": null,
        "TOTAL_IMP_COUNT": null,
        "MKT_LAND_RES": 0,
        "MKT_LAND_AGR": 0,
        "MKT_LAND_COM": 0,
        "MKT_IMP_VALUE": 0,
        "MKT_IMP_RES": 0,
        "MKT_IMP_AGR": 0,
        "MKT_IMP_COM": 0,
        "TXBL_CUR_VALUE": 0,
        "TXBL_PRV_VAL": 0,
        "TXBL_VAL_YR_CHG": 0,
        "TXBL_PCT_CHG": 0,
        "TOT_CUR_TAXES": 0,
        "TOT_PRV_TAXES": 0,
        "TAXES_YR_CHG": 0,
        "TAXES_PCT_CHG": 0,
        "GREENBELT": null,
        "EXEMPT_RES": "UNK",
        "COMMON_AREA": null,
        "PUBLIC_ROAD": null,
        "PRIVATE_ROAD": null,
        "PART_CENTRAL_ASSD": null,
        "PART_TAXABLE": null,
        "IMP_NO_RES": null,
        "COST_GROUP_RES": null,
        "STYLE_DESCR_RES": null,
        "QUALITY_RES": null,
        "QUALITY_DESCR_RES": null,
        "CONDITION_RES": null,
        "CONDITION_DESCR_RES": null,
        "YEARBLT_RES": null,
        "GLA_RES": null,
        "BASEMENT_RES": null,
        "BSMT_FINISH_RES": null,
        "ATT_GARAGE_SQFT_RES": null,
        "BATHROOMS_RES": null,
        "GLA_BEDROOMS_RES": null,
        "EXTERIOR_RES": null,
        "ALLOCATION_PCT_RES": null,
        "TRAV_COUNT": null,
        "LASTUPDATE": null,
        "CREATED_DATE": 1751280616000,
        "LAST_EDITED_DATE": 1751280616000,
        "ChangeType": "Added",
        "Previous_Owner": null,
        "Shape_Length_12_13_14": 5129.76528400883,
        "Shape_Area_12_13_14": 1087614.464682544,
        "Shape_Length": 0.01649292004673152,
        "Shape_Area": 1.0718507753613634e-05
      }
    },
    {
      "type": "Feature",
      "id": 93,
      "geometry": {
        "type": "Polygon",
        "coordinates": [
          [
            [
              -111.94109779299998,
              40.41337643500003
            ],
            [
              -111.94094793599999,
              40.41390216800005
            ],
            [
              -111.94064218999995,
              40.41670347100006
            ],
            [
              -111.94149971199994,
              40.416698851000035
            ],
            [
              -111.94223416199998,
              40.40996849700008
            ],
            [
              -111.94164456199996,
              40.40993090500007
            ],
            [
              -111.94186430499997,
              40.40791712500004
            ],
            [
              -111.94108374599995,
              40.40786908900003
            ],
            [
              -111.94105662699997,
              40.40812657400005
            ],
            [
              -111.94103321499995,
              40.40834885500004
            ],
            [
              -111.94114611099997,
              40.40850578100003
            ],
            [
              -111.94130621799997,
              40.40872833200007
            ],
            [
              -111.94096224899994,
              40.409002791000034
            ],
            [
              -111.94117591399998,
              40.40915926000008
            ],
            [
              -111.9412422959544,
              40.40921138912536
            ],
            [
              -111.941304877,
              40.409268025000074
            ],
            [
              -111.94136422199995,
              40.40931577300006
            ],
            [
              -111.9414145829586,
              40.40937223719937
            ],
            [
              -111.94145971276616,
              40.40943296390214
            ],
            [
              -111.94149925244638,
              40.40949747006967
            ],
            [
              -111.94153288748859,
              40.40956524260021
            ],
            [
              -111.94156035034939,
              40.409635742410394
            ],
            [
              -111.94158142258082,
              40.40970840872324
            ],
            [
              -111.94159593656794,
              40.40978266352873
            ],
            [
              -111.94160377686205,
              40.4098579161815
            ],
            [
              -111.94160488109907,
              40.40993356809899
            ],
            [
              -111.94159924049555,
              40.410009017522796
            ],
            [
              -111.94158689991858,
              40.41008366430518
            ],
            [
              -111.94156795752887,
              40.41015691468288
            ],
            [
              -111.94154256399997,
              40.41022818600004
            ],
            [
              -111.94148512599998,
              40.41036684800008
            ],
            [
              -111.94145401690488,
              40.41043133389955
            ],
            [
              -111.94141797307212,
              40.41049319704808
            ],
            [
              -111.941377214092,
              40.410552060556014
            ],
            [
              -111.94133198828096,
              40.41060756580842
            ],
            [
              -111.94128257116884,
              40.41065937464991
            ],
            [
              -111.94122926382015,
              40.41070717144481
            ],
            [
              -111.94117239099995,
              40.41075066500008
            ],
            [
              -111.94116960688453,
              40.41075268995451
            ],
            [
              -111.94116719743306,
              40.41075514887353
            ],
            [
              -111.94116522946969,
              40.410757973561005
            ],
            [
              -111.94116375757432,
              40.41076108567654
            ],
            [
              -111.94116282256873,
              40.41076439890815
            ],
            [
              -111.94116245038457,
              40.41076782136605
            ],
            [
              -111.94116265134404,
              40.41077125813116
            ],
            [
              -111.9411634198737,
              40.410774613887604
            ],
            [
              -111.94116473465903,
              40.410777795566204
            ],
            [
              -111.94116655923548,
              40.4107807149257
            ],
            [
              -111.94116884299996,
              40.41078329100003
            ],
            [
              -111.941203154,
              40.410818403000064
            ],
            [
              -111.9412440789126,
              40.41086229352915
            ],
            [
              -111.94127984646774,
              40.410910479720286
            ],
            [
              -111.94131000921627,
              40.410962358768245
            ],
            [
              -111.94133418982472,
              40.41101728167049
            ],
            [
              -111.94135208579571,
              40.4110745613461
            ],
            [
              -111.94136347325217,
              40.411133481231126
            ],
            [
              -111.94136820973793,
              40.411193304242744
            ],
            [
              -111.94136623599996,
              40.411253282000075
            ],
            [
              -111.94130653099995,
              40.41180051100008
            ],
            [
              -111.94130625178079,
              40.411811411157494
            ],
            [
              -111.94130773780356,
              40.41182221315414
            ],
            [
              -111.94131094999995,
              40.411832633000074
            ],
            [
              -111.94131656838009,
              40.411859539526574
            ],
            [
              -111.9413175973444,
              40.41188700711832
            ],
            [
              -111.94131400777847,
              40.41191425858397
            ],
            [
              -111.94130590124855,
              40.41194052284746
            ],
            [
              -111.94129350712767,
              40.41196505676543
            ],
            [
              -111.94127717610557,
              40.41198716615441
            ],
            [
              -111.94125737026606,
              40.412006225432606
            ],
            [
              -111.94123465001236,
              40.412021695320625
            ],
            [
              -111.94120965821058,
              40.41203313810035
            ],
            [
              -111.94118310199997,
              40.41204023000006
            ],
            [
              -111.94112977599997,
              40.41252885200004
            ],
            [
              -111.94057841899996,
              40.41284179200005
            ],
            [
              -111.94068695699997,
              40.41295352100008
            ],
            [
              -111.940884257,
              40.41315661800007
            ],
            [
              -111.94109779299998,
              40.41337643500003
            ]
          ]
        ]
      },
      "properties": {
        "OBJECTID": 93,
        "Join_Count": 1,
        "TARGET_FID": 1709,
        "PARCEL_NO": 690642081,
        "PARCELID": "690642081",
        "PARCELID_LABEL": "69:064:2081",
        "OWNER_NAME": "WILDFLOWER MASTER HOA",
        "CARE_NAME": null,
        "ACREAGE": 15.677696999999998,
        "SITE_FULL_ADDRESS": "SARATOGA SPRINGS, UT",
        "OWN_FULL_ADDRESS": "14034 S 145 E STE 204  DRAPER, UT 84020",
        "PROP_TYPE": 9999,
        "PROP_TYPE_DESCR": "DEFAULT",
        "SPECIFIC_PROP_TYPE": 9999,
        "SPC_PROP_TYP_DESCR": "DEFAULT",
        "ASMT_YEAR": 2026,
        "ASMT_CODE": "UNK",
        "ASMT_CODE_DESCR": "UNK",
        "MKT_LAND_VALUE": 0,
        "MKT_CUR_VALUE": 0,
        "MKT_PRV_VAL": 0,
        "MKT_VAL_YR_CHG": 0,
        "MKT_PCT_CHG": 0,
        "GLOBALID": "{2314C7BC-8409-4461-B09D-24C6AA88D5D3}",
        "Code": null,
        "Description": "Medium Density Residential",
        "City": "Saratoga Springs",
        "Description_detailed": "Any Residential",
        "Acres": null,
        "Unit_Rate": null,
        "CityName": null,
        "AdoptedDate": null,
        "Slope_Score": null,
        "GP_Score": 8,
        "Utilities_Score": 10,
        "Wetlands_Score": 10,
        "Soil_Score": 10,
        "Ownership_Score": 10,
        "Ownership_Type": "Private",
        "Utility_Proximity_Status": "Within 1/8 Mile",
        "Final_Score": null,
        "ELEV_CHANGE": null,
        "SLOPE": null,
        "Join_Count_12": 1,
        "TARGET_FID_12": 64682,
        "Shape_Length_12": null,
        "Shape_Area_12": null,
        "OBJECTID_1_12": null,
        "Join_Count_12_13": null,
        "TARGET_FID_12_13": null,
        "Id": 2073,
        "gridcode": 1,
        "ClassName": "Not Hydric",
        "Shape_Length_12_13": null,
        "Shape_Area_12_13": null,
        "SITE_HOUSE_NUM": "2951",
        "SITE_PRE_DIR": "N",
        "SITE_STREET_NAME": "SALVIA",
        "SITE_STREET_TYPE": "DR",
        "SITE_POST_DIR": null,
        "SITE_STREET_UNIT": null,
        "SITE_CITY": "SARATOGA SPRINGS",
        "SITE_STATE": "UT",
        "SITE_ZIP5": "84045",
        "OWN_STREET_ADDRESS": "13702 S 200 WEST B12",
        "OWN_CITY": "DRAPER",
        "OWN_STATE": "UT",
        "OWN_ZIP5": "84020",
        "VESTING_DOC": "118253-2021",
        "PARCEL_CREATE_DATE": 1749772800000,
        "MAP_FILING_NO": "19755 ",
        "SUB_NAME": "WILDFLOWER VILLAGE 4, PLAT J-5",
        "LEGAL_DESCR": "LOT 2219, PLAT J-5, WILDFLOWER VILLAGE 4 SUB AREA 0.140 AC.",
        "BOOK_PAGE": 69071,
        "LOT": "2219",
        "BUILDING": null,
        "UNIT": null,
        "TAX_DISTRICT": "039",
        "TAX_DISTRICT_DESCR": "SARATOGA SPRINGS",
        "SCHOOL_DISTRICT": "ALPINE",
        "TAXABLE_CODE": 100,
        "ACCOUNT_TYPE": null,
        "NEIGHBORHOOD": "9999",
        "NBHD_DISTRICT": null,
        "LAND_DISTRICT": 9999,
        "ECONOMIC_UNIT": null,
        "GLA_WEIGHTED_YRBLT": null,
        "TOTAL_ABOVE_GRADE_AREA": null,
        "TOTAL_MEZZANINE": null,
        "TOTAL_BASEMENT": null,
        "TOTAL_BSMT_FINISH": null,
        "TOTAL_UNIT_COUNT": null,
        "TOTAL_IMP_COUNT": null,
        "MKT_LAND_RES": 0,
        "MKT_LAND_AGR": 0,
        "MKT_LAND_COM": 0,
        "MKT_IMP_VALUE": 0,
        "MKT_IMP_RES": 0,
        "MKT_IMP_AGR": 0,
        "MKT_IMP_COM": 0,
        "TXBL_CUR_VALUE": 0,
        "TXBL_PRV_VAL": 0,
        "TXBL_VAL_YR_CHG": 0,
        "TXBL_PCT_CHG": 0,
        "TOT_CUR_TAXES": 0,
        "TOT_PRV_TAXES": 0,
        "TAXES_YR_CHG": 0,
        "TAXES_PCT_CHG": 0,
        "GREENBELT": null,
        "EXEMPT_RES": "UNK",
        "COMMON_AREA": "Yes",
        "PUBLIC_ROAD": null,
        "PRIVATE_ROAD": null,
        "PART_CENTRAL_ASSD": null,
        "PART_TAXABLE": null,
        "IMP_NO_RES": null,
        "COST_GROUP_RES": null,
        "STYLE_DESCR_RES": null,
        "QUALITY_RES": null,
        "QUALITY_DESCR_RES": null,
        "CONDITION_RES": null,
        "CONDITION_DESCR_RES": null,
        "YEARBLT_RES": null,
        "GLA_RES": null,
        "BASEMENT_RES": null,
        "BSMT_FINISH_RES": null,
        "ATT_GARAGE_SQFT_RES": null,
        "BATHROOMS_RES": null,
        "GLA_BEDROOMS_RES": null,
        "EXTERIOR_RES": null,
        "ALLOCATION_PCT_RES": null,
        "TRAV_COUNT": null,
        "LASTUPDATE": null,
        "CREATED_DATE": 1749825387000,
        "LAST_EDITED_DATE": 1749825387000,
        "ChangeType": "Added",
        "Previous_Owner": null,
        "Shape_Length_12_13_14": 323.4034450352482,
        "Shape_Area_12_13_14": 6091.083196757746,
        "Shape_Length": 0.021222746764607715,
        "Shape_Area": 6.731176259979928e-06
      }
    },
    {
      "type": "Feature",
      "id": 94,
      "geometry": {
        "type": "Polygon",
        "coordinates": [
          [
            [
              -111.92597751599999,
              40.37663534100005
            ],
            [
              -111.92597717999996,
              40.37663529300005
            ],
            [
              -111.93537202299996,
              40.37659320700004
            ],
            [
              -111.93538853599995,
              40.373091799000065
            ],
            [
              -111.93538792037211,
              40.37302176740353
            ],
            [
              -111.93538541299995,
              40.37295177800007
            ],
            [
              -111.93100705699999,
              40.37297306200003
            ],
            [
              -111.93101273899998,
              40.37387485800008
            ],
            [
              -111.931035426,
              40.37413498800004
            ],
            [
              -111.930811308208,
              40.3741490944539
            ],
            [
              -111.93058761669643,
              40.37416883994397
            ],
            [
              -111.93036449332666,
              40.37419421194798
            ],
            [
              -111.93014207959976,
              40.37422519437545
            ],
            [
              -111.92992051656675,
              40.37426176757783
            ],
            [
              -111.92969994473918,
              40.37430390836103
            ],
            [
              -111.92948050399997,
              40.37435159000006
            ],
            [
              -111.92947723870945,
              40.374352138622456
            ],
            [
              -111.92947410866061,
              40.37435321839233
            ],
            [
              -111.92947119962216,
              40.37435479972212
            ],
            [
              -111.9294685913067,
              40.37435683928069
            ],
            [
              -111.92946635518656,
              40.374359281180645
            ],
            [
              -111.92946455253526,
              40.37436205850975
            ],
            [
              -111.92946323274852,
              40.37436509516443
            ],
            [
              -111.92946243199076,
              40.37436830793515
            ],
            [
              -111.92946217220411,
              40.37437160878649
            ],
            [
              -111.92946246050718,
              40.37437490726948
            ],
            [
              -111.92946328899995,
              40.374378113000034
            ],
            [
              -111.92926154499997,
              40.374427197000045
            ],
            [
              -111.92925872835232,
              40.374423227259626
            ],
            [
              -111.92925529300052,
              40.374419778970044
            ],
            [
              -111.92925133387587,
              40.374416947420116
            ],
            [
              -111.92924696038341,
              40.37441481085589
            ],
            [
              -111.92924229337868,
              40.37441342831841
            ],
            [
              -111.92923746182802,
              40.37441283801224
            ],
            [
              -111.92923259924483,
              40.37441305624968
            ],
            [
              -111.92922783999995,
              40.37441407700004
            ],
            [
              -111.92915105299994,
              40.37443469300007
            ],
            [
              -111.92903607699998,
              40.37418926200007
            ],
            [
              -111.92910061499998,
              40.37417186700003
            ],
            [
              -111.92910738167826,
              40.37417046904134
            ],
            [
              -111.92911380814512,
              40.3741679307846
            ],
            [
              -111.929119703793,
              40.37416432751394
            ],
            [
              -111.92912489375836,
              40.37415976610154
            ],
            [
              -111.929129224108,
              40.37415438183785
            ],
            [
              -111.92913256640472,
              40.37414833441889
            ],
            [
              -111.9291348215168,
              40.37414180320974
            ],
            [
              -111.9291359225581,
              40.374134981924556
            ],
            [
              -111.929135836872,
              40.374128072881106
            ],
            [
              -111.92913456699995,
              40.37412128100004
            ],
            [
              -111.92911383146284,
              40.374060380771844
            ],
            [
              -111.92909872039831,
              40.37399784713272
            ],
            [
              -111.92908935904813,
              40.3739341983667
            ],
            [
              -111.92908582499996,
              40.37386996200007
            ],
            [
              -111.92907850799998,
              40.37298239000006
            ],
            [
              -111.92596268899996,
              40.37299738400003
            ],
            [
              -111.92025483799995,
              40.373014459000046
            ],
            [
              -111.92045344874087,
              40.3730801435676
            ],
            [
              -111.92064970936565,
              40.37315254837402
            ],
            [
              -111.9208433925606,
              40.373231589558365
            ],
            [
              -111.92103427399731,
              40.37331717557328
            ],
            [
              -111.9212221325924,
              40.373409207291026
            ],
            [
              -111.92140675076368,
              40.37350757811832
            ],
            [
              -111.92158791468204,
              40.37361217411976
            ],
            [
              -111.92176541451914,
              40.3737228741498
            ],
            [
              -111.92193904469056,
              40.37383954999307
            ],
            [
              -111.92210860409374,
              40.37396206651287
            ],
            [
              -111.92227389634098,
              40.37409028180769
            ],
            [
              -111.92243472998696,
              40.37422404737557
            ],
            [
              -111.92259091875034,
              40.3743632082861
            ],
            [
              -111.92274228172967,
              40.37450760335983
            ],
            [
              -111.92288864361277,
              40.37465706535502
            ],
            [
              -111.92302983487987,
              40.37481142116126
            ],
            [
              -111.92316569199994,
              40.374970492000045
            ],
            [
              -111.92404396999996,
              40.37608890000007
            ],
            [
              -111.92431476699994,
              40.376140580000026
            ],
            [
              -111.92456972699995,
              40.37646523800004
            ],
            [
              -111.92451125799994,
              40.37664443400007
            ],
            [
              -111.92597751599999,
              40.37663534100005
            ]
          ]
        ]
      },
      "properties": {
        "OBJECTID": 94,
        "Join_Count": 1,
        "TARGET_FID": 1711,
        "PARCEL_NO": 580340824,
        "PARCELID": "580340824",
        "PARCELID_LABEL": "58:034:0824",
        "OWNER_NAME": "CORP OF PRES BISHOP CHURCH OF JESUS CHRIST OF LDS",
        "CARE_NAME": "%PROPERTY RESERVE INC",
        "ACREAGE": 100.305807,
        "SITE_FULL_ADDRESS": null,
        "OWN_FULL_ADDRESS": "%PROPERTY RESERVE INC  PO BOX 511196  SALT LAKE CITY, UT 84151-1196",
        "PROP_TYPE": 9999,
        "PROP_TYPE_DESCR": "DEFAULT",
        "SPECIFIC_PROP_TYPE": 9999,
        "SPC_PROP_TYP_DESCR": "DEFAULT",
        "ASMT_YEAR": 2026,
        "ASMT_CODE": "UNK",
        "ASMT_CODE_DESCR": "UNK",
        "MKT_LAND_VALUE": 0,
        "MKT_CUR_VALUE": 0,
        "MKT_PRV_VAL": 0,
        "MKT_VAL_YR_CHG": 0,
        "MKT_PCT_CHG": 0,
        "GLOBALID": "{F843CF35-DC3D-46C0-AF2A-698C5A5C975F}",
        "Code": null,
        "Description": "Medium Density Residential",
        "City": "Saratoga Springs",
        "Description_detailed": "Any Residential",
        "Acres": null,
        "Unit_Rate": null,
        "CityName": null,
        "AdoptedDate": null,
        "Slope_Score": 10,
        "GP_Score": 8,
        "Utilities_Score": 10,
        "Wetlands_Score": 10,
        "Soil_Score": 10,
        "Ownership_Score": 5,
        "Ownership_Type": "Business",
        "Utility_Proximity_Status": "Within 1/8 Mile",
        "Final_Score": 8.75,
        "ELEV_CHANGE": 0.24510181640562223,
        "SLOPE": 0.20299711528743344,
        "Join_Count_12": 2,
        "TARGET_FID_12": 64827,
        "Shape_Length_12": null,
        "Shape_Area_12": null,
        "OBJECTID_1_12": null,
        "Join_Count_12_13": null,
        "TARGET_FID_12_13": null,
        "Id": 2073,
        "gridcode": 1,
        "ClassName": "Not Hydric",
        "Shape_Length_12_13": null,
        "Shape_Area_12_13": null,
        "SITE_HOUSE_NUM": null,
        "SITE_PRE_DIR": null,
        "SITE_STREET_NAME": null,
        "SITE_STREET_TYPE": null,
        "SITE_POST_DIR": null,
        "SITE_STREET_UNIT": null,
        "SITE_CITY": null,
        "SITE_STATE": null,
        "SITE_ZIP5": "84045",
        "OWN_STREET_ADDRESS": "PO BOX 511196",
        "OWN_CITY": "SALT LAKE CITY",
        "OWN_STATE": "UT",
        "OWN_ZIP5": "84151",
        "VESTING_DOC": "28995-1977 (MORE)",
        "PARCEL_CREATE_DATE": 1749686400000,
        "MAP_FILING_NO": null,
        "SUB_NAME": null,
        "LEGAL_DESCR": "COM AT NE COR. SEC. 22, T5S, R1W, SLB&M.; N 89 DEG 48' 28\" E 408.63 FT; S 14 DEG 16' 59\" W 67.3 FT; S 30 DEG 43' 2\" E 138 FT; S 75 DEG 43' 1\" E 77.78 FT; S 30 DEG 43' 2\" E 475.39 FT; ALONG A CURVE TO L (CHORD BEARS: S 48 DEG 25' 36\" E 1079.87 FT, RADIUS = 1774.9 FT); N 89 DEG 57' 11\" W 1590.76 FT; S 89 DEG 54' 48\" W 868.38 FT; N 0 DEG 5' 11\" W 323.43 FT; ALONG A CURVE TO L (CHORD BEARS: N 8 DEG 9' 44\" W 92.58 FT, RADIUS = 328.05 FT); ALONG A CURVE TO R (CHORD BEARS: N 27 DEG 26' 49\" E 20.72 FT, RADIUS = 15.01 FT); ALONG A CURVE TO R (CHORD BEARS: N 70 DEG 51' 43\" E 19.07 FT, RADIUS = 2038.5 FT); N 19 DEG 26' 13\" W 95 FT; ALONG A CURVE TO R (CHORD BEARS: S 70 DEG 55' 52\" W 22.68 FT, RADIUS = 1943.5 FT); ALONG A CURVE TO R (CHORD BEARS: N 62 DEG 45' 4\" W 10.54 FT, RADIUS = 7.49 FT); S 72 DEG 37' 42\" W 59 FT; ALONG A CURVE TO R (CHORD BEARS: S 26 DEG 40' 27\" W 10.79 FT, RADIUS = 7.51 FT); ALONG A CURVE TO R (CHORD BEARS: S 79 DEG 57' 11\" W 440.47 FT, RADIUS = 1941.67 FT); S 3 DEG 32' 24\" E 95 FT; S 328.61 FT; S 89 DEG 54' 48\" W 1220.25 FT; ALONG A CURVE TO R (CHORD BEARS: N 0 DEG 41' 55\" W 51.03 FT, RADIUS = 1234.5 FT); N 0 DEG 29' 8\" E 1275.89 FT; N 89 DEG 56' 25\" E 2618.2 FT TO BEG. AREA 100.306 AC.",
        "BOOK_PAGE": 58034,
        "LOT": null,
        "BUILDING": null,
        "UNIT": null,
        "TAX_DISTRICT": "039",
        "TAX_DISTRICT_DESCR": "SARATOGA SPRINGS",
        "SCHOOL_DISTRICT": "ALPINE",
        "TAXABLE_CODE": 100,
        "ACCOUNT_TYPE": null,
        "NEIGHBORHOOD": "9999",
        "NBHD_DISTRICT": null,
        "LAND_DISTRICT": 9999,
        "ECONOMIC_UNIT": null,
        "GLA_WEIGHTED_YRBLT": null,
        "TOTAL_ABOVE_GRADE_AREA": null,
        "TOTAL_MEZZANINE": null,
        "TOTAL_BASEMENT": null,
        "TOTAL_BSMT_FINISH": null,
        "TOTAL_UNIT_COUNT": null,
        "TOTAL_IMP_COUNT": null,
        "MKT_LAND_RES": 0,
        "MKT_LAND_AGR": 0,
        "MKT_LAND_COM": 0,
        "MKT_IMP_VALUE": 0,
        "MKT_IMP_RES": 0,
        "MKT_IMP_AGR": 0,
        "MKT_IMP_COM": 0,
        "TXBL_CUR_VALUE": 0,
        "TXBL_PRV_VAL": 0,
        "TXBL_VAL_YR_CHG": 0,
        "TXBL_PCT_CHG": 0,
        "TOT_CUR_TAXES": 0,
        "TOT_PRV_TAXES": 0,
        "TAXES_YR_CHG": 0,
        "TAXES_PCT_CHG": 0,
        "GREENBELT": null,
        "EXEMPT_RES": "UNK",
        "COMMON_AREA": null,
        "PUBLIC_ROAD": null,
        "PRIVATE_ROAD": null,
        "PART_CENTRAL_ASSD": null,
        "PART_TAXABLE": null,
        "IMP_NO_RES": null,
        "COST_GROUP_RES": null,
        "STYLE_DESCR_RES": null,
        "QUALITY_RES": null,
        "QUALITY_DESCR_RES": null,
        "CONDITION_RES": null,
        "CONDITION_DESCR_RES": null,
        "YEARBLT_RES": null,
        "GLA_RES": null,
        "BASEMENT_RES": null,
        "BSMT_FINISH_RES": null,
        "ATT_GARAGE_SQFT_RES": null,
        "BATHROOMS_RES": null,
        "GLA_BEDROOMS_RES": null,
        "EXTERIOR_RES": null,
        "ALLOCATION_PCT_RES": null,
        "TRAV_COUNT": null,
        "LASTUPDATE": null,
        "CREATED_DATE": 1749732662000,
        "LAST_EDITED_DATE": 1749732662000,
        "ChangeType": "Added",
        "Previous_Owner": null,
        "Shape_Length_12_13_14": 11409.470839110565,
        "Shape_Area_12_13_14": 4369285.078106169,
        "Shape_Length": 0.03821022045275393,
        "Shape_Area": 4.30486070081249e-05
      }
    },
    {
      "type": "Feature",
      "id": 95,
      "geometry": {
        "type": "Polygon",
        "coordinates": [
          [
            [
              -111.77901007499997,
              40.41258534900004
            ],
            [
              -111.77901001499998,
              40.41258535400004
            ],
            [
              -111.77901588299994,
              40.414025594000066
            ],
            [
              -111.77922756799995,
              40.41402535100008
            ],
            [
              -111.77922816199998,
              40.414327220000075
            ],
            [
              -111.77929630499995,
              40.41432714200005
            ],
            [
              -111.77929875799998,
              40.41472231200004
            ],
            [
              -111.77786272899999,
              40.41472395300008
            ],
            [
              -111.77786423499998,
              40.41496753100006
            ],
            [
              -111.77786498399996,
              40.415121731000056
            ],
            [
              -111.77786565199995,
              40.41546484600008
            ],
            [
              -111.78020420999997,
              40.415462164000076
            ],
            [
              -111.78041638399998,
              40.415134082000066
            ],
            [
              -111.78089607199996,
              40.41420849100007
            ],
            [
              -111.78097939999998,
              40.41396963400007
            ],
            [
              -111.78097894299998,
              40.41361480000006
            ],
            [
              -111.78102532099996,
              40.413422092000076
            ],
            [
              -111.78126644199995,
              40.41259286700006
            ],
            [
              -111.78084112399995,
              40.412520562000054
            ],
            [
              -111.780831966,
              40.41255203900005
            ],
            [
              -111.78063570899997,
              40.41251867400007
            ],
            [
              -111.77960578399995,
              40.412521136000066
            ],
            [
              -111.77960604099997,
              40.412583924000046
            ],
            [
              -111.77901007499997,
              40.41258534900004
            ]
          ]
        ]
      },
      "properties": {
        "OBJECTID": 95,
        "Join_Count": 1,
        "TARGET_FID": 1713,
        "PARCEL_NO": 120040079,
        "PARCELID": "120040079",
        "PARCELID_LABEL": "12:004:0079",
        "OWNER_NAME": "IVORY LAND CORPORATION",
        "CARE_NAME": "%PRESIDENT",
        "ACREAGE": 14.059781,
        "SITE_FULL_ADDRESS": null,
        "OWN_FULL_ADDRESS": "%PRESIDENT  978 E WOODOAK LN  SALT LAKE CITY, UT 84117",
        "PROP_TYPE": 9999,
        "PROP_TYPE_DESCR": "DEFAULT",
        "SPECIFIC_PROP_TYPE": 9999,
        "SPC_PROP_TYP_DESCR": "DEFAULT",
        "ASMT_YEAR": 2026,
        "ASMT_CODE": "UNK",
        "ASMT_CODE_DESCR": "UNK",
        "MKT_LAND_VALUE": 0,
        "MKT_CUR_VALUE": 0,
        "MKT_PRV_VAL": 0,
        "MKT_VAL_YR_CHG": 0,
        "MKT_PCT_CHG": 0,
        "GLOBALID": "{4C90269B-4700-4E40-BB10-44CEDE04280A}",
        "Code": null,
        "Description": "Mixed Use",
        "City": "Highland",
        "Description_detailed": "Mixed Use",
        "Acres": null,
        "Unit_Rate": null,
        "CityName": null,
        "AdoptedDate": null,
        "Slope_Score": 10,
        "GP_Score": 7,
        "Utilities_Score": 5,
        "Wetlands_Score": 10,
        "Soil_Score": 10,
        "Ownership_Score": 5,
        "Ownership_Type": "Business",
        "Utility_Proximity_Status": "Unknown - No Data",
        "Final_Score": 7.25,
        "ELEV_CHANGE": 0,
        "SLOPE": 0,
        "Join_Count_12": 1,
        "TARGET_FID_12": 64886,
        "Shape_Length_12": null,
        "Shape_Area_12": null,
        "OBJECTID_1_12": null,
        "Join_Count_12_13": null,
        "TARGET_FID_12_13": null,
        "Id": 2073,
        "gridcode": 1,
        "ClassName": "Not Hydric",
        "Shape_Length_12_13": null,
        "Shape_Area_12_13": null,
        "SITE_HOUSE_NUM": "10014",
        "SITE_PRE_DIR": "N",
        "SITE_STREET_NAME": "LITTLE LEAF",
        "SITE_STREET_TYPE": "LN",
        "SITE_POST_DIR": null,
        "SITE_STREET_UNIT": null,
        "SITE_CITY": "HIGHLAND",
        "SITE_STATE": "UT",
        "SITE_ZIP5": "84003",
        "OWN_STREET_ADDRESS": "978 WOODOAK LN",
        "OWN_CITY": "SALT LAKE CITY",
        "OWN_STATE": "UT",
        "OWN_ZIP5": "84117",
        "VESTING_DOC": "118663-2022",
        "PARCEL_CREATE_DATE": 1749772800000,
        "MAP_FILING_NO": "19759 ",
        "SUB_NAME": "RIDGEVIEW POD B, PLAT L",
        "LEGAL_DESCR": "LOT 475, PLAT L, RIDGEVIEW POD B SUB AREA 0.251 AC.",
        "BOOK_PAGE": 51817,
        "LOT": "475",
        "BUILDING": null,
        "UNIT": null,
        "TAX_DISTRICT": "045",
        "TAX_DISTRICT_DESCR": "HIGHLAND CITY",
        "SCHOOL_DISTRICT": "ALPINE",
        "TAXABLE_CODE": 100,
        "ACCOUNT_TYPE": null,
        "NEIGHBORHOOD": "9999",
        "NBHD_DISTRICT": null,
        "LAND_DISTRICT": 9999,
        "ECONOMIC_UNIT": null,
        "GLA_WEIGHTED_YRBLT": null,
        "TOTAL_ABOVE_GRADE_AREA": null,
        "TOTAL_MEZZANINE": null,
        "TOTAL_BASEMENT": null,
        "TOTAL_BSMT_FINISH": null,
        "TOTAL_UNIT_COUNT": null,
        "TOTAL_IMP_COUNT": null,
        "MKT_LAND_RES": 0,
        "MKT_LAND_AGR": 0,
        "MKT_LAND_COM": 0,
        "MKT_IMP_VALUE": 0,
        "MKT_IMP_RES": 0,
        "MKT_IMP_AGR": 0,
        "MKT_IMP_COM": 0,
        "TXBL_CUR_VALUE": 0,
        "TXBL_PRV_VAL": 0,
        "TXBL_VAL_YR_CHG": 0,
        "TXBL_PCT_CHG": 0,
        "TOT_CUR_TAXES": 0,
        "TOT_PRV_TAXES": 0,
        "TAXES_YR_CHG": 0,
        "TAXES_PCT_CHG": 0,
        "GREENBELT": null,
        "EXEMPT_RES": "UNK",
        "COMMON_AREA": null,
        "PUBLIC_ROAD": "Yes",
        "PRIVATE_ROAD": null,
        "PART_CENTRAL_ASSD": null,
        "PART_TAXABLE": null,
        "IMP_NO_RES": null,
        "COST_GROUP_RES": null,
        "STYLE_DESCR_RES": null,
        "QUALITY_RES": null,
        "QUALITY_DESCR_RES": null,
        "CONDITION_RES": null,
        "CONDITION_DESCR_RES": null,
        "YEARBLT_RES": null,
        "GLA_RES": null,
        "BASEMENT_RES": null,
        "BSMT_FINISH_RES": null,
        "ATT_GARAGE_SQFT_RES": null,
        "BATHROOMS_RES": null,
        "GLA_BEDROOMS_RES": null,
        "EXTERIOR_RES": null,
        "ALLOCATION_PCT_RES": null,
        "TRAV_COUNT": null,
        "LASTUPDATE": null,
        "CREATED_DATE": 1749825037000,
        "LAST_EDITED_DATE": 1749825037000,
        "ChangeType": "Added",
        "Previous_Owner": null,
        "Shape_Length_12_13_14": 422.6675695464139,
        "Shape_Area_12_13_14": 10925.479607516918,
        "Shape_Length": 0.012387443991730808,
        "Shape_Area": 6.037591734469898e-06
      }
    },
    {
      "type": "Feature",
      "id": 96,
      "geometry": {
        "type": "Polygon",
        "coordinates": [
          [
            [
              -111.92152454099994,
              40.418889543000034
            ],
            [
              -111.92325080299997,
              40.41885896000008
            ],
            [
              -111.92378590499999,
              40.41884948500007
            ],
            [
              -111.92384750721064,
              40.41884616144529
            ],
            [
              -111.92390870399998,
              40.41883836200003
            ],
            [
              -111.92443135799999,
              40.41875208400006
            ],
            [
              -111.92414716199994,
              40.417755380000074
            ],
            [
              -111.92393428399998,
              40.417194324000036
            ],
            [
              -111.92166472399998,
              40.41757248000005
            ],
            [
              -111.92131299599998,
              40.41792252300007
            ],
            [
              -111.92130817322257,
              40.41797118596317
            ],
            [
              -111.92130075899996,
              40.418019522000066
            ],
            [
              -111.92129152100729,
              40.418097381664985
            ],
            [
              -111.92128906666025,
              40.41817574903134
            ],
            [
              -111.92129341443415,
              40.41825403418186
            ],
            [
              -111.92130453160073,
              40.418331647818135
            ],
            [
              -111.92132233447452,
              40.41840800569667
            ],
            [
              -111.92134668904285,
              40.41848253302676
            ],
            [
              -111.92137741197455,
              40.41855466879735
            ],
            [
              -111.92141427199999,
              40.41862387000003
            ],
            [
              -111.92144820256544,
              40.4186874854922
            ],
            [
              -111.92147797018276,
              40.41875315209768
            ],
            [
              -111.92150345151896,
              40.418820597747064
            ],
            [
              -111.92152454099994,
              40.418889543000034
            ]
          ]
        ]
      },
      "properties": {
        "OBJECTID": 96,
        "Join_Count": 1,
        "TARGET_FID": 1715,
        "PARCEL_NO": 580210765,
        "PARCELID": "580210765",
        "PARCELID_LABEL": "58:021:0765",
        "OWNER_NAME": "ICO MULTI FAMILY HOLDINGS LLC",
        "CARE_NAME": null,
        "ACREAGE": 9.673363,
        "SITE_FULL_ADDRESS": null,
        "OWN_FULL_ADDRESS": "978 WOODOAK LN  SALT LAKE CITY, UT 84117",
        "PROP_TYPE": 9999,
        "PROP_TYPE_DESCR": "DEFAULT",
        "SPECIFIC_PROP_TYPE": 9999,
        "SPC_PROP_TYP_DESCR": "DEFAULT",
        "ASMT_YEAR": 2026,
        "ASMT_CODE": "UNK",
        "ASMT_CODE_DESCR": "UNK",
        "MKT_LAND_VALUE": 0,
        "MKT_CUR_VALUE": 0,
        "MKT_PRV_VAL": 0,
        "MKT_VAL_YR_CHG": 0,
        "MKT_PCT_CHG": 0,
        "GLOBALID": "{D20BA530-1347-4E08-9512-C0B9C41E8931}",
        "Code": "HDR",
        "Description": "High Density Residential",
        "City": "Lehi",
        "Description_detailed": null,
        "Acres": 78.197682,
        "Unit_Rate": null,
        "CityName": null,
        "AdoptedDate": null,
        "Slope_Score": 10,
        "GP_Score": 10,
        "Utilities_Score": 5,
        "Wetlands_Score": 10,
        "Soil_Score": 10,
        "Ownership_Score": 5,
        "Ownership_Type": "Business",
        "Utility_Proximity_Status": "Unknown - No Data",
        "Final_Score": 8,
        "ELEV_CHANGE": 26.30158756347646,
        "SLOPE": 0.8097260713859765,
        "Join_Count_12": 1,
        "TARGET_FID_12": 64912,
        "Shape_Length_12": null,
        "Shape_Area_12": null,
        "OBJECTID_1_12": null,
        "Join_Count_12_13": null,
        "TARGET_FID_12_13": null,
        "Id": 2073,
        "gridcode": 1,
        "ClassName": "Not Hydric",
        "Shape_Length_12_13": null,
        "Shape_Area_12_13": null,
        "SITE_HOUSE_NUM": null,
        "SITE_PRE_DIR": null,
        "SITE_STREET_NAME": null,
        "SITE_STREET_TYPE": null,
        "SITE_POST_DIR": null,
        "SITE_STREET_UNIT": null,
        "SITE_CITY": null,
        "SITE_STATE": null,
        "SITE_ZIP5": null,
        "OWN_STREET_ADDRESS": "978 WOODOAK LN",
        "OWN_CITY": "SALT LAKE CITY",
        "OWN_STATE": "UT",
        "OWN_ZIP5": "84117",
        "VESTING_DOC": "49462-2025",
        "PARCEL_CREATE_DATE": 1752192000000,
        "MAP_FILING_NO": null,
        "SUB_NAME": null,
        "LEGAL_DESCR": "COM N 0 DEG 8' 15\" W 2098.8 FT & S 89 DEG 51' 45\" W 4538.68 FT FR E 1/4 COR. SEC. 2, T5S, R1W, SLB&M.; S 1 DEG 3' 29\" E 17.26 FT; S 88 DEG 56' 32\" W 149.06 FT; ALONG A CURVE TO L (CHORD BEARS: S 83 DEG 30' 47\" W 34.44 FT, RADIUS = 182 FT); S 78 DEG 5' 2\" W 148.88 FT; N 12 DEG 1' 21\" W 7.18 FT; N 10 DEG 37' 21\" W 42.09 FT; N 88 DEG 56' 32\" E 337.92 FT TO BEG. AREA 0.194 AC.",
        "BOOK_PAGE": 58021,
        "LOT": null,
        "BUILDING": null,
        "UNIT": null,
        "TAX_DISTRICT": "011",
        "TAX_DISTRICT_DESCR": "LEHI CITY W/O NUCW",
        "SCHOOL_DISTRICT": "ALPINE",
        "TAXABLE_CODE": 100,
        "ACCOUNT_TYPE": null,
        "NEIGHBORHOOD": "9999",
        "NBHD_DISTRICT": null,
        "LAND_DISTRICT": 9999,
        "ECONOMIC_UNIT": null,
        "GLA_WEIGHTED_YRBLT": null,
        "TOTAL_ABOVE_GRADE_AREA": null,
        "TOTAL_MEZZANINE": null,
        "TOTAL_BASEMENT": null,
        "TOTAL_BSMT_FINISH": null,
        "TOTAL_UNIT_COUNT": null,
        "TOTAL_IMP_COUNT": null,
        "MKT_LAND_RES": 0,
        "MKT_LAND_AGR": 0,
        "MKT_LAND_COM": 0,
        "MKT_IMP_VALUE": 0,
        "MKT_IMP_RES": 0,
        "MKT_IMP_AGR": 0,
        "MKT_IMP_COM": 0,
        "TXBL_CUR_VALUE": 0,
        "TXBL_PRV_VAL": 0,
        "TXBL_VAL_YR_CHG": 0,
        "TXBL_PCT_CHG": 0,
        "TOT_CUR_TAXES": 0,
        "TOT_PRV_TAXES": 0,
        "TAXES_YR_CHG": 0,
        "TAXES_PCT_CHG": 0,
        "GREENBELT": null,
        "EXEMPT_RES": "UNK",
        "COMMON_AREA": null,
        "PUBLIC_ROAD": null,
        "PRIVATE_ROAD": null,
        "PART_CENTRAL_ASSD": null,
        "PART_TAXABLE": null,
        "IMP_NO_RES": null,
        "COST_GROUP_RES": null,
        "STYLE_DESCR_RES": null,
        "QUALITY_RES": null,
        "QUALITY_DESCR_RES": null,
        "CONDITION_RES": null,
        "CONDITION_DESCR_RES": null,
        "YEARBLT_RES": null,
        "GLA_RES": null,
        "BASEMENT_RES": null,
        "BSMT_FINISH_RES": null,
        "ATT_GARAGE_SQFT_RES": null,
        "BATHROOMS_RES": null,
        "GLA_BEDROOMS_RES": null,
        "EXTERIOR_RES": null,
        "ALLOCATION_PCT_RES": null,
        "TRAV_COUNT": null,
        "LASTUPDATE": null,
        "CREATED_DATE": 1752221850000,
        "LAST_EDITED_DATE": 1752221850000,
        "ChangeType": "Added",
        "Previous_Owner": null,
        "Shape_Length_12_13_14": 736.6654432870855,
        "Shape_Area_12_13_14": 8450.73937748342,
        "Shape_Length": 0.008362149743446857,
        "Shape_Area": 4.1543107369688525e-06
      }
    },
    {
      "type": "Feature",
      "id": 97,
      "geometry": {
        "type": "Polygon",
        "coordinates": [
          [
            [
              -111.85076335799994,
              40.43523470100007
            ],
            [
              -111.85361500099998,
              40.435243738000054
            ],
            [
              -111.85360684199998,
              40.43366679500008
            ],
            [
              -111.85356913299995,
              40.43366690900007
            ],
            [
              -111.85355831876556,
              40.43366725763612
            ],
            [
              -111.85354760177364,
              40.43366576924878
            ],
            [
              -111.85353729181949,
              40.43366248686277
            ],
            [
              -111.85352768693217,
              40.43365750536177
            ],
            [
              -111.85351906475945,
              40.43365096874567
            ],
            [
              -111.85351167454183,
              40.43364306596792
            ],
            [
              -111.85350572990778,
              40.43363402547354
            ],
            [
              -111.8535014026984,
              40.43362410859543
            ],
            [
              -111.85349881799999,
              40.43361360200004
            ],
            [
              -111.85349664899996,
              40.43319414700005
            ],
            [
              -111.85218268099999,
              40.43333820600003
            ],
            [
              -111.85075343299997,
              40.43330380100008
            ],
            [
              -111.85075946499995,
              40.43447912600004
            ],
            [
              -111.84992339699994,
              40.43448162900006
            ],
            [
              -111.84991454199996,
              40.43455301600005
            ],
            [
              -111.85075984099996,
              40.434550486000035
            ],
            [
              -111.85076335799994,
              40.43523470100007
            ]
          ]
        ]
      },
      "properties": {
        "OBJECTID": 97,
        "Join_Count": 1,
        "TARGET_FID": 1717,
        "PARCEL_NO": 458530001,
        "PARCELID": "458530001",
        "PARCELID_LABEL": "45:853:0001",
        "OWNER_NAME": "GARDNER-PLUMB LC (ET AL)",
        "CARE_NAME": null,
        "ACREAGE": 12.956539999999999,
        "SITE_FULL_ADDRESS": "3799 N CENTER ST, LEHI, UT",
        "OWN_FULL_ADDRESS": "201 S MAIN ST STE 2000  SALT LAKE CITY, UT 84111",
        "PROP_TYPE": 9999,
        "PROP_TYPE_DESCR": "DEFAULT",
        "SPECIFIC_PROP_TYPE": 9999,
        "SPC_PROP_TYP_DESCR": "DEFAULT",
        "ASMT_YEAR": 2026,
        "ASMT_CODE": "UNK",
        "ASMT_CODE_DESCR": "UNK",
        "MKT_LAND_VALUE": 0,
        "MKT_CUR_VALUE": 0,
        "MKT_PRV_VAL": 0,
        "MKT_VAL_YR_CHG": 0,
        "MKT_PCT_CHG": 0,
        "GLOBALID": "{B1126FA7-121D-4F62-9CD6-735395A8A858}",
        "Code": null,
        "Description": "Commercial / Residential",
        "City": "Lehi",
        "Description_detailed": null,
        "Acres": 117.741106,
        "Unit_Rate": null,
        "CityName": null,
        "AdoptedDate": null,
        "Slope_Score": 10,
        "GP_Score": 6,
        "Utilities_Score": 5,
        "Wetlands_Score": 10,
        "Soil_Score": 10,
        "Ownership_Score": 5,
        "Ownership_Type": "Business",
        "Utility_Proximity_Status": "Unknown - No Data",
        "Final_Score": 7,
        "ELEV_CHANGE": 24.40685440429661,
        "SLOPE": 1.1776159617859585,
        "Join_Count_12": 1,
        "TARGET_FID_12": 65003,
        "Shape_Length_12": null,
        "Shape_Area_12": null,
        "OBJECTID_1_12": null,
        "Join_Count_12_13": null,
        "TARGET_FID_12_13": null,
        "Id": 2073,
        "gridcode": 1,
        "ClassName": "Not Hydric",
        "Shape_Length_12_13": null,
        "Shape_Area_12_13": null,
        "SITE_HOUSE_NUM": "3755",
        "SITE_PRE_DIR": "N",
        "SITE_STREET_NAME": "CENTER",
        "SITE_STREET_TYPE": "ST",
        "SITE_POST_DIR": null,
        "SITE_STREET_UNIT": null,
        "SITE_CITY": "LEHI",
        "SITE_STATE": "UT",
        "SITE_ZIP5": "84043",
        "OWN_STREET_ADDRESS": "201 S MAIN ST STE 2000",
        "OWN_CITY": "SALT LAKE CITY",
        "OWN_STATE": "UT",
        "OWN_ZIP5": "84111",
        "VESTING_DOC": "206300-2021 (MORE)",
        "PARCEL_CREATE_DATE": 1751500800000,
        "MAP_FILING_NO": "19777 ",
        "SUB_NAME": "LEHI SKY VIEW, PLAT A ",
        "LEGAL_DESCR": "LOT 3, PLAT A, LEHI SKY VIEW SUB AREA 2.270 AC.",
        "BOOK_PAGE": 45853,
        "LOT": "3",
        "BUILDING": null,
        "UNIT": null,
        "TAX_DISTRICT": "010",
        "TAX_DISTRICT_DESCR": "LEHI CITY",
        "SCHOOL_DISTRICT": "ALPINE",
        "TAXABLE_CODE": 100,
        "ACCOUNT_TYPE": null,
        "NEIGHBORHOOD": "9999",
        "NBHD_DISTRICT": null,
        "LAND_DISTRICT": 9999,
        "ECONOMIC_UNIT": null,
        "GLA_WEIGHTED_YRBLT": null,
        "TOTAL_ABOVE_GRADE_AREA": null,
        "TOTAL_MEZZANINE": null,
        "TOTAL_BASEMENT": null,
        "TOTAL_BSMT_FINISH": null,
        "TOTAL_UNIT_COUNT": null,
        "TOTAL_IMP_COUNT": null,
        "MKT_LAND_RES": 0,
        "MKT_LAND_AGR": 0,
        "MKT_LAND_COM": 0,
        "MKT_IMP_VALUE": 0,
        "MKT_IMP_RES": 0,
        "MKT_IMP_AGR": 0,
        "MKT_IMP_COM": 0,
        "TXBL_CUR_VALUE": 0,
        "TXBL_PRV_VAL": 0,
        "TXBL_VAL_YR_CHG": 0,
        "TXBL_PCT_CHG": 0,
        "TOT_CUR_TAXES": 0,
        "TOT_PRV_TAXES": 0,
        "TAXES_YR_CHG": 0,
        "TAXES_PCT_CHG": 0,
        "GREENBELT": null,
        "EXEMPT_RES": "UNK",
        "COMMON_AREA": null,
        "PUBLIC_ROAD": null,
        "PRIVATE_ROAD": "Yes",
        "PART_CENTRAL_ASSD": null,
        "PART_TAXABLE": null,
        "IMP_NO_RES": null,
        "COST_GROUP_RES": null,
        "STYLE_DESCR_RES": null,
        "QUALITY_RES": null,
        "QUALITY_DESCR_RES": null,
        "CONDITION_RES": null,
        "CONDITION_DESCR_RES": null,
        "YEARBLT_RES": null,
        "GLA_RES": null,
        "BASEMENT_RES": null,
        "BSMT_FINISH_RES": null,
        "ATT_GARAGE_SQFT_RES": null,
        "BATHROOMS_RES": null,
        "GLA_BEDROOMS_RES": null,
        "EXTERIOR_RES": null,
        "ALLOCATION_PCT_RES": null,
        "TRAV_COUNT": null,
        "LASTUPDATE": null,
        "CREATED_DATE": 1751556996000,
        "LAST_EDITED_DATE": 1751556996000,
        "ChangeType": "Added",
        "Previous_Owner": null,
        "Shape_Length_12_13_14": 1324.395328034212,
        "Shape_Area_12_13_14": 98903.1987883062,
        "Shape_Length": 0.011347664224137704,
        "Shape_Area": 5.5655143181613004e-06
      }
    },
    {
      "type": "Feature",
      "id": 98,
      "geometry": {
        "type": "Polygon",
        "coordinates": [
          [
            [
              -112.09806551199995,
              40.33340093700008
            ],
            [
              -112.09806549999996,
              40.33340036900006
            ],
            [
              -112.09484627999996,
              40.33337987800007
            ],
            [
              -112.09482155999996,
              40.33652843100003
            ],
            [
              -112.09482531615313,
              40.336566703894576
            ],
            [
              -112.09483516847246,
              40.33660387720418
            ],
            [
              -112.09485086132842,
              40.33663898642541
            ],
            [
              -112.09487198755215,
              40.33667112060993
            ],
            [
              -112.09489799899995,
              40.33669944600007
            ],
            [
              -112.09493856799998,
              40.33673902700008
            ],
            [
              -112.09805776899998,
              40.334866705000024
            ],
            [
              -112.09806551199995,
              40.33340093700008
            ]
          ]
        ]
      },
      "properties": {
        "OBJECTID": 98,
        "Join_Count": 1,
        "TARGET_FID": 1740,
        "PARCEL_NO": 580510029,
        "PARCELID": "580510029",
        "PARCELID_LABEL": "58:051:0029",
        "OWNER_NAME": "COOK, CALVIN J & JEANINE (ET AL)",
        "CARE_NAME": null,
        "ACREAGE": 18.363538,
        "SITE_FULL_ADDRESS": null,
        "OWN_FULL_ADDRESS": "210 N 200 E  CEDAR FORT, UT 84013",
        "PROP_TYPE": 9999,
        "PROP_TYPE_DESCR": "DEFAULT",
        "SPECIFIC_PROP_TYPE": 9999,
        "SPC_PROP_TYP_DESCR": "DEFAULT",
        "ASMT_YEAR": 2026,
        "ASMT_CODE": "UNK",
        "ASMT_CODE_DESCR": "UNK",
        "MKT_LAND_VALUE": 0,
        "MKT_CUR_VALUE": 0,
        "MKT_PRV_VAL": 0,
        "MKT_VAL_YR_CHG": 0,
        "MKT_PCT_CHG": 0,
        "GLOBALID": "{A27A9877-722B-4EA2-BCE1-8E984C73DE06}",
        "Code": null,
        "Description": "Commerical Residential Zone (1/2 Acre)",
        "City": null,
        "Description_detailed": null,
        "Acres": null,
        "Unit_Rate": 0.5,
        "CityName": "Cedar Fort",
        "AdoptedDate": 1599264000000,
        "Slope_Score": 10,
        "GP_Score": 5,
        "Utilities_Score": 5,
        "Wetlands_Score": 10,
        "Soil_Score": 10,
        "Ownership_Score": 10,
        "Ownership_Type": "Private",
        "Utility_Proximity_Status": "Unknown - No Data",
        "Final_Score": 7.5,
        "ELEV_CHANGE": 4.647723168945959,
        "SLOPE": 0.07666460543910929,
        "Join_Count_12": 1,
        "TARGET_FID_12": 66039,
        "Shape_Length_12": null,
        "Shape_Area_12": null,
        "OBJECTID_1_12": null,
        "Join_Count_12_13": null,
        "TARGET_FID_12_13": null,
        "Id": 2073,
        "gridcode": 1,
        "ClassName": "Not Hydric",
        "Shape_Length_12_13": null,
        "Shape_Area_12_13": null,
        "SITE_HOUSE_NUM": null,
        "SITE_PRE_DIR": null,
        "SITE_STREET_NAME": null,
        "SITE_STREET_TYPE": null,
        "SITE_POST_DIR": null,
        "SITE_STREET_UNIT": null,
        "SITE_CITY": null,
        "SITE_STATE": null,
        "SITE_ZIP5": "84013",
        "OWN_STREET_ADDRESS": "210 N 200 E",
        "OWN_CITY": "CEDAR FORT",
        "OWN_STATE": "UT",
        "OWN_ZIP5": "84013",
        "VESTING_DOC": "36538-2025",
        "PARCEL_CREATE_DATE": 1748908800000,
        "MAP_FILING_NO": null,
        "SUB_NAME": null,
        "LEGAL_DESCR": "COM AT SW COR. SEC. 32, T5S, R2W, SLB&M.; S 89 DEG 8' 29\" E 897.73 FT; S 0 DEG 56' 34\" W 850.91 FT; S 89 DEG 49' 7\" W 19.87 FT; S 0 DEG 36' 25\" E 100.38 FT; S 88 DEG 50' 41\" W 264.38 FT; S 89 DEG 0' 25\" W 258.98 FT; S 88 DEG 55' 8\" W 266.67 FT; S 1 DEG 18' 9\" W 12.1 FT; S 89 DEG 15' 38\" W 365.48 FT; N 1 DEG 50' 0\" E 557.7 FT; N 89 DEG 22' 7\" W 146.11 FT; N 1 DEG 50' 0\" E 441.58 FT; S 89 DEG 25' 48\" E 404.95 FT TO BEG. AREA 27.458 AC.",
        "BOOK_PAGE": 59037,
        "LOT": null,
        "BUILDING": null,
        "UNIT": null,
        "TAX_DISTRICT": "050",
        "TAX_DISTRICT_DESCR": "CEDAR FORT CITY",
        "SCHOOL_DISTRICT": "ALPINE",
        "TAXABLE_CODE": 100,
        "ACCOUNT_TYPE": null,
        "NEIGHBORHOOD": "9999",
        "NBHD_DISTRICT": null,
        "LAND_DISTRICT": 9999,
        "ECONOMIC_UNIT": null,
        "GLA_WEIGHTED_YRBLT": null,
        "TOTAL_ABOVE_GRADE_AREA": null,
        "TOTAL_MEZZANINE": null,
        "TOTAL_BASEMENT": null,
        "TOTAL_BSMT_FINISH": null,
        "TOTAL_UNIT_COUNT": null,
        "TOTAL_IMP_COUNT": null,
        "MKT_LAND_RES": 0,
        "MKT_LAND_AGR": 0,
        "MKT_LAND_COM": 0,
        "MKT_IMP_VALUE": 0,
        "MKT_IMP_RES": 0,
        "MKT_IMP_AGR": 0,
        "MKT_IMP_COM": 0,
        "TXBL_CUR_VALUE": 0,
        "TXBL_PRV_VAL": 0,
        "TXBL_VAL_YR_CHG": 0,
        "TXBL_PCT_CHG": 0,
        "TOT_CUR_TAXES": 0,
        "TOT_PRV_TAXES": 0,
        "TAXES_YR_CHG": 0,
        "TAXES_PCT_CHG": 0,
        "GREENBELT": null,
        "EXEMPT_RES": "UNK",
        "COMMON_AREA": null,
        "PUBLIC_ROAD": null,
        "PRIVATE_ROAD": null,
        "PART_CENTRAL_ASSD": null,
        "PART_TAXABLE": null,
        "IMP_NO_RES": null,
        "COST_GROUP_RES": null,
        "STYLE_DESCR_RES": null,
        "QUALITY_RES": null,
        "QUALITY_DESCR_RES": null,
        "CONDITION_RES": null,
        "CONDITION_DESCR_RES": null,
        "YEARBLT_RES": null,
        "GLA_RES": null,
        "BASEMENT_RES": null,
        "BSMT_FINISH_RES": null,
        "ATT_GARAGE_SQFT_RES": null,
        "BATHROOMS_RES": null,
        "GLA_BEDROOMS_RES": null,
        "EXTERIOR_RES": null,
        "ALLOCATION_PCT_RES": null,
        "TRAV_COUNT": null,
        "LASTUPDATE": null,
        "CREATED_DATE": 1748953228000,
        "LAST_EDITED_DATE": 1748953228000,
        "ChangeType": "Added",
        "Previous_Owner": null,
        "Shape_Length_12_13_14": 4585.435907454608,
        "Shape_Area_12_13_14": 1196013.949398813,
        "Shape_Length": 0.011721457658066687,
        "Shape_Area": 7.876818158532905e-06
      }
    },
    {
      "type": "Feature",
      "id": 99,
      "geometry": {
        "type": "Polygon",
        "coordinates": [
          [
            [
              -111.92490687599997,
              40.384445895000056
            ],
            [
              -111.92490358999999,
              40.38391705200007
            ],
            [
              -111.92248814799996,
              40.38393178500007
            ],
            [
              -111.92248862599996,
              40.38396262800006
            ],
            [
              -111.92249210999995,
              40.38452663000004
            ],
            [
              -111.92380942099999,
              40.38452186400008
            ],
            [
              -111.92382253699998,
              40.38663854200007
            ],
            [
              -111.92417757999999,
              40.38663725500004
            ],
            [
              -111.92418210699998,
              40.387367174000076
            ],
            [
              -111.92654173899996,
              40.38737774200007
            ],
            [
              -111.92654875699998,
              40.38675497500003
            ],
            [
              -111.92646588999997,
              40.38675527800007
            ],
            [
              -111.92646717299999,
              40.38659141900007
            ],
            [
              -111.92672255299999,
              40.38659258900003
            ],
            [
              -111.9267757620687,
              40.3865918981662
            ],
            [
              -111.92682891399994,
              40.38658933800008
            ],
            [
              -111.92703098699997,
              40.38613911900006
            ],
            [
              -111.92693478611294,
              40.38610214160044
            ],
            [
              -111.92683661999381,
              40.386070751286624
            ],
            [
              -111.92673681282427,
              40.386045051721325
            ],
            [
              -111.92663569420542,
              40.38602512777424
            ],
            [
              -111.92653359806921,
              40.386011045241794
            ],
            [
              -111.92643086157578,
              40.38600285062983
            ],
            [
              -111.92632782399994,
              40.38600057100007
            ],
            [
              -111.92566001799997,
              40.38600235500007
            ],
            [
              -111.92565031299995,
              40.384442844000034
            ],
            [
              -111.92490687599997,
              40.384445895000056
            ]
          ]
        ]
      },
      "properties": {
        "OBJECTID": 99,
        "Join_Count": 1,
        "TARGET_FID": 1741,
        "PARCEL_NO": 580320221,
        "PARCELID": "580320221",
        "PARCELID_LABEL": "58:032:0221",
        "OWNER_NAME": "WESTLAKE PARTNERS PHASE G LLC",
        "CARE_NAME": null,
        "ACREAGE": 18.397354999999997,
        "SITE_FULL_ADDRESS": null,
        "OWN_FULL_ADDRESS": "5457 W 11000 N STE 200  HIGHLAND, UT 84003",
        "PROP_TYPE": 9999,
        "PROP_TYPE_DESCR": "DEFAULT",
        "SPECIFIC_PROP_TYPE": 9999,
        "SPC_PROP_TYP_DESCR": "DEFAULT",
        "ASMT_YEAR": 2026,
        "ASMT_CODE": "UNK",
        "ASMT_CODE_DESCR": "UNK",
        "MKT_LAND_VALUE": 0,
        "MKT_CUR_VALUE": 0,
        "MKT_PRV_VAL": 0,
        "MKT_VAL_YR_CHG": 0,
        "MKT_PCT_CHG": 0,
        "GLOBALID": "{2A22FED8-C33C-41C8-A88C-742090510BF7}",
        "Code": null,
        "Description": "High Density Residential",
        "City": "Saratoga Springs",
        "Description_detailed": "Residential Multi-Family",
        "Acres": null,
        "Unit_Rate": null,
        "CityName": null,
        "AdoptedDate": null,
        "Slope_Score": 10,
        "GP_Score": 10,
        "Utilities_Score": 10,
        "Wetlands_Score": 10,
        "Soil_Score": 10,
        "Ownership_Score": 5,
        "Ownership_Type": "Business",
        "Utility_Proximity_Status": "Within 1/8 Mile",
        "Final_Score": 9.25,
        "ELEV_CHANGE": 13.779768295898975,
        "SLOPE": 2.865536686216435,
        "Join_Count_12": 2,
        "TARGET_FID_12": 66048,
        "Shape_Length_12": null,
        "Shape_Area_12": null,
        "OBJECTID_1_12": null,
        "Join_Count_12_13": null,
        "TARGET_FID_12_13": null,
        "Id": 2073,
        "gridcode": 1,
        "ClassName": "Not Hydric",
        "Shape_Length_12_13": null,
        "Shape_Area_12_13": null,
        "SITE_HOUSE_NUM": null,
        "SITE_PRE_DIR": null,
        "SITE_STREET_NAME": null,
        "SITE_STREET_TYPE": null,
        "SITE_POST_DIR": null,
        "SITE_STREET_UNIT": null,
        "SITE_CITY": null,
        "SITE_STATE": null,
        "SITE_ZIP5": "84045",
        "OWN_STREET_ADDRESS": "2750 N UNIVERSITY AVE STE 100",
        "OWN_CITY": "PROVO",
        "OWN_STATE": "UT",
        "OWN_ZIP5": "84604",
        "VESTING_DOC": "75003-1997",
        "PARCEL_CREATE_DATE": 1751241600000,
        "MAP_FILING_NO": null,
        "SUB_NAME": null,
        "LEGAL_DESCR": "COM AT W 1/4 COR. SEC. 14, T5S, R1W, SLB&M.; S 89 DEG 35' 28\" W 1125.41 FT; N 45 DEG 45' 32\" W 4.59 FT; N 1 DEG 7' 8\" E 98.18 FT; N 55 DEG 49' 55\" W .18 FT; N 42 DEG 19' 56\" E 32.94 FT; ALONG A CURVE TO L (CHORD BEARS: N 29 DEG 58' 38\" E 361.81 FT, RADIUS = 845.36 FT); N 17 DEG 37' 21\" E 470.91 FT; ALONG A CURVE TO R (CHORD BEARS: N 50 DEG 53' 22\" E 608.34 FT, RADIUS = 554.47 FT); S 89 DEG 44' 53\" E 154.69 FT; S 0 DEG 46' 1\" W 225.85 FT; E 23.09 FT; S 0 DEG 36' 59\" W 59.71 FT; N 89 DEG 23' 1\" W 71.16 FT; ALONG A CURVE TO L (CHORD BEARS: S 87 DEG 59' 6\" W 29.66 FT, RADIUS = 323 FT); S 19 DEG 12' 58\" W 173.45 FT; ALONG A CURVE TO L (CHORD BEARS: S 75 DEG 16' 39\" E 202.33 FT, RADIUS = 400 FT); S 89 DEG 55' 38\" E 186.08 FT; S 568.28 FT; N 89 DEG 57' 54\" E 207.16 FT; S 190.9 FT; S 89 DEG 27' 30\" W 295.82 FT TO BEG. AREA 24.968 AC.",
        "BOOK_PAGE": 58032,
        "LOT": null,
        "BUILDING": null,
        "UNIT": null,
        "TAX_DISTRICT": "039",
        "TAX_DISTRICT_DESCR": "SARATOGA SPRINGS",
        "SCHOOL_DISTRICT": "ALPINE",
        "TAXABLE_CODE": 100,
        "ACCOUNT_TYPE": null,
        "NEIGHBORHOOD": "9999",
        "NBHD_DISTRICT": null,
        "LAND_DISTRICT": 9999,
        "ECONOMIC_UNIT": null,
        "GLA_WEIGHTED_YRBLT": null,
        "TOTAL_ABOVE_GRADE_AREA": null,
        "TOTAL_MEZZANINE": null,
        "TOTAL_BASEMENT": null,
        "TOTAL_BSMT_FINISH": null,
        "TOTAL_UNIT_COUNT": null,
        "TOTAL_IMP_COUNT": null,
        "MKT_LAND_RES": 0,
        "MKT_LAND_AGR": 0,
        "MKT_LAND_COM": 0,
        "MKT_IMP_VALUE": 0,
        "MKT_IMP_RES": 0,
        "MKT_IMP_AGR": 0,
        "MKT_IMP_COM": 0,
        "TXBL_CUR_VALUE": 0,
        "TXBL_PRV_VAL": 0,
        "TXBL_VAL_YR_CHG": 0,
        "TXBL_PCT_CHG": 0,
        "TOT_CUR_TAXES": 0,
        "TOT_PRV_TAXES": 0,
        "TAXES_YR_CHG": 0,
        "TAXES_PCT_CHG": 0,
        "GREENBELT": null,
        "EXEMPT_RES": "UNK",
        "COMMON_AREA": null,
        "PUBLIC_ROAD": null,
        "PRIVATE_ROAD": null,
        "PART_CENTRAL_ASSD": null,
        "PART_TAXABLE": null,
        "IMP_NO_RES": null,
        "COST_GROUP_RES": null,
        "STYLE_DESCR_RES": null,
        "QUALITY_RES": null,
        "QUALITY_DESCR_RES": null,
        "CONDITION_RES": null,
        "CONDITION_DESCR_RES": null,
        "YEARBLT_RES": null,
        "GLA_RES": null,
        "BASEMENT_RES": null,
        "BSMT_FINISH_RES": null,
        "ATT_GARAGE_SQFT_RES": null,
        "BATHROOMS_RES": null,
        "GLA_BEDROOMS_RES": null,
        "EXTERIOR_RES": null,
        "ALLOCATION_PCT_RES": null,
        "TRAV_COUNT": null,
        "LASTUPDATE": null,
        "CREATED_DATE": 1751280616000,
        "LAST_EDITED_DATE": 1751280616000,
        "ChangeType": "Added",
        "Previous_Owner": null,
        "Shape_Length_12_13_14": 5129.76528400883,
        "Shape_Area_12_13_14": 1087614.464682544,
        "Shape_Length": 0.015835045650269275,
        "Shape_Area": 7.897072924499866e-06
      }
    },
    {
      "type": "Feature",
      "id": 100,
      "geometry": {
        "type": "Polygon",
        "coordinates": [
          [
            [
              -111.89833857699995,
              40.451302474000045
            ],
            [
              -111.89805029799999,
              40.451524670000026
            ],
            [
              -111.89796832099995,
              40.45146260100006
            ],
            [
              -111.89796191558996,
              40.45145882144194
            ],
            [
              -111.8979550082181,
              40.4514560641696
            ],
            [
              -111.89794776085137,
              40.45145439383672
            ],
            [
              -111.89794034342903,
              40.451453849609976
            ],
            [
              -111.89793292987798,
              40.451454444250615
            ],
            [
              -111.89792569403427,
              40.451456163815266
            ],
            [
              -111.89791880556703,
              40.451458967982845
            ],
            [
              -111.89791242599995,
              40.45146279100004
            ],
            [
              -111.89780788499996,
              40.45154336500008
            ],
            [
              -111.89773363599994,
              40.452226661000054
            ],
            [
              -111.89784715899998,
              40.452233860000035
            ],
            [
              -111.89783723899995,
              40.45232514800006
            ],
            [
              -111.89844557999999,
              40.45278574900004
            ],
            [
              -111.89816639599997,
              40.45300092800005
            ],
            [
              -111.89924577999994,
              40.45381815400003
            ],
            [
              -111.90048070399996,
              40.452924333000055
            ],
            [
              -111.89833857699995,
              40.451302474000045
            ]
          ]
        ]
      },
      "properties": {
        "OBJECTID": 100,
        "Join_Count": 1,
        "TARGET_FID": 1748,
        "PARCEL_NO": 580010080,
        "PARCELID": "580010080",
        "PARCELID_LABEL": "58:001:0080",
        "OWNER_NAME": "VISTA APARTMENTS OWNER LP",
        "CARE_NAME": "%CAGIGAS, JOHN T",
        "ACREAGE": 7.878677,
        "SITE_FULL_ADDRESS": null,
        "OWN_FULL_ADDRESS": "%CAGIGAS, JOHN T  3343 PEACHTREE RD NE  ATLANTA, GA 30326",
        "PROP_TYPE": 9999,
        "PROP_TYPE_DESCR": "DEFAULT",
        "SPECIFIC_PROP_TYPE": 9999,
        "SPC_PROP_TYP_DESCR": "DEFAULT",
        "ASMT_YEAR": 2026,
        "ASMT_CODE": "UNK",
        "ASMT_CODE_DESCR": "UNK",
        "MKT_LAND_VALUE": 0,
        "MKT_CUR_VALUE": 0,
        "MKT_PRV_VAL": 0,
        "MKT_VAL_YR_CHG": 0,
        "MKT_PCT_CHG": 0,
        "GLOBALID": "{7A66F496-4DD1-4A37-BA83-DC8D42C8165A}",
        "Code": null,
        "Description": "Transit-Oriented Development",
        "City": "Lehi",
        "Description_detailed": null,
        "Acres": 40.255796,
        "Unit_Rate": null,
        "CityName": null,
        "AdoptedDate": null,
        "Slope_Score": 10,
        "GP_Score": 10,
        "Utilities_Score": 5,
        "Wetlands_Score": 10,
        "Soil_Score": 10,
        "Ownership_Score": 10,
        "Ownership_Type": "Private",
        "Utility_Proximity_Status": "Unknown - No Data",
        "Final_Score": 8.75,
        "ELEV_CHANGE": 201.89781534667964,
        "SLOPE": 4.1066538579191345,
        "Join_Count_12": 1,
        "TARGET_FID_12": 66343,
        "Shape_Length_12": null,
        "Shape_Area_12": null,
        "OBJECTID_1_12": null,
        "Join_Count_12_13": null,
        "TARGET_FID_12_13": null,
        "Id": 2073,
        "gridcode": 1,
        "ClassName": "Not Hydric",
        "Shape_Length_12_13": null,
        "Shape_Area_12_13": null,
        "SITE_HOUSE_NUM": null,
        "SITE_PRE_DIR": null,
        "SITE_STREET_NAME": null,
        "SITE_STREET_TYPE": null,
        "SITE_POST_DIR": null,
        "SITE_STREET_UNIT": null,
        "SITE_CITY": null,
        "SITE_STATE": null,
        "SITE_ZIP5": null,
        "OWN_STREET_ADDRESS": "3343 PEACHTREE RD NE",
        "OWN_CITY": "ATLANTA",
        "OWN_STATE": "GA",
        "OWN_ZIP5": "30326",
        "VESTING_DOC": "8202-2025",
        "PARCEL_CREATE_DATE": 1753747200000,
        "MAP_FILING_NO": "19828 ",
        "SUB_NAME": "ALTA VISTA",
        "LEGAL_DESCR": "LOT 4, ALTA VISTA SUB AREA 1.465 AC.",
        "BOOK_PAGE": 34792,
        "LOT": "4",
        "BUILDING": null,
        "UNIT": null,
        "TAX_DISTRICT": "010",
        "TAX_DISTRICT_DESCR": "LEHI CITY",
        "SCHOOL_DISTRICT": "ALPINE",
        "TAXABLE_CODE": 100,
        "ACCOUNT_TYPE": null,
        "NEIGHBORHOOD": null,
        "NBHD_DISTRICT": null,
        "LAND_DISTRICT": null,
        "ECONOMIC_UNIT": null,
        "GLA_WEIGHTED_YRBLT": null,
        "TOTAL_ABOVE_GRADE_AREA": null,
        "TOTAL_MEZZANINE": null,
        "TOTAL_BASEMENT": null,
        "TOTAL_BSMT_FINISH": null,
        "TOTAL_UNIT_COUNT": null,
        "TOTAL_IMP_COUNT": null,
        "MKT_LAND_RES": 0,
        "MKT_LAND_AGR": 0,
        "MKT_LAND_COM": 0,
        "MKT_IMP_VALUE": 0,
        "MKT_IMP_RES": 0,
        "MKT_IMP_AGR": 0,
        "MKT_IMP_COM": 0,
        "TXBL_CUR_VALUE": 0,
        "TXBL_PRV_VAL": 0,
        "TXBL_VAL_YR_CHG": 0,
        "TXBL_PCT_CHG": 0,
        "TOT_CUR_TAXES": 0,
        "TOT_PRV_TAXES": 0,
        "TAXES_YR_CHG": 0,
        "TAXES_PCT_CHG": 0,
        "GREENBELT": null,
        "EXEMPT_RES": "UNK",
        "COMMON_AREA": "Yes",
        "PUBLIC_ROAD": "Yes",
        "PRIVATE_ROAD": "Yes",
        "PART_CENTRAL_ASSD": null,
        "PART_TAXABLE": null,
        "IMP_NO_RES": null,
        "COST_GROUP_RES": null,
        "STYLE_DESCR_RES": null,
        "QUALITY_RES": null,
        "QUALITY_DESCR_RES": null,
        "CONDITION_RES": null,
        "CONDITION_DESCR_RES": null,
        "YEARBLT_RES": null,
        "GLA_RES": null,
        "BASEMENT_RES": null,
        "BSMT_FINISH_RES": null,
        "ATT_GARAGE_SQFT_RES": null,
        "BATHROOMS_RES": null,
        "GLA_BEDROOMS_RES": null,
        "EXTERIOR_RES": null,
        "ALLOCATION_PCT_RES": null,
        "TRAV_COUNT": null,
        "LASTUPDATE": null,
        "CREATED_DATE": 1753782535000,
        "LAST_EDITED_DATE": 1753782535000,
        "ChangeType": "Added",
        "Previous_Owner": null,
        "Shape_Length_12_13_14": 1127.7478089419053,
        "Shape_Area_12_13_14": 63820.60614681505,
        "Shape_Length": 0.0082319164876437,
        "Shape_Area": 3.3851765584669118e-06
      }
    },
    {
      "type": "Feature",
      "id": 101,
      "geometry": {
        "type": "Polygon",
        "coordinates": [
          [
            [
              -111.90419280299994,
              40.360218004000046
            ],
            [
              -111.90419273699996,
              40.36021806100007
            ],
            [
              -111.90305051299998,
              40.36016865700003
            ],
            [
              -111.89971147699998,
              40.360023933000036
            ],
            [
              -111.89963624407888,
              40.36008664834018
            ],
            [
              -111.89956441076177,
              40.36015323047636
            ],
            [
              -111.89949617554946,
              40.360223495418595
            ],
            [
              -111.89943172699998,
              40.36029724900004
            ],
            [
              -111.89942309699995,
              40.36030772000004
            ],
            [
              -111.89921352099998,
              40.360593461000065
            ],
            [
              -111.89905920099994,
              40.360836576000054
            ],
            [
              -111.89960428999996,
              40.36137461700008
            ],
            [
              -111.89989549399996,
              40.36173986000006
            ],
            [
              -111.90042804999996,
              40.36176421300007
            ],
            [
              -111.90088388999999,
              40.36193783300007
            ],
            [
              -111.90208119899995,
              40.36178689400003
            ],
            [
              -111.90294356299995,
              40.361712486000044
            ],
            [
              -111.90424155999995,
              40.36204626600005
            ],
            [
              -111.90446032799997,
              40.36256931300005
            ],
            [
              -111.90431008599995,
              40.36312832900006
            ],
            [
              -111.90383956699998,
              40.363619038000024
            ],
            [
              -111.90394105599995,
              40.364342761000046
            ],
            [
              -111.90392431099997,
              40.36496899200006
            ],
            [
              -111.90399516399998,
              40.365235219000056
            ],
            [
              -111.90423117099999,
              40.365588237000054
            ],
            [
              -111.90415269999994,
              40.36578640500005
            ],
            [
              -111.90418491599996,
              40.366128063000076
            ],
            [
              -111.90440688599995,
              40.36643726900007
            ],
            [
              -111.90463726299998,
              40.366519055000026
            ],
            [
              -111.90530624199994,
              40.36693687200005
            ],
            [
              -111.90557194799999,
              40.367249780000066
            ],
            [
              -111.90657542899999,
              40.36820553200005
            ],
            [
              -111.90678210099998,
              40.36889377700004
            ],
            [
              -111.90655895499998,
              40.36935949300005
            ],
            [
              -111.90617246199997,
              40.369682418000025
            ],
            [
              -111.90605006299995,
              40.37008510900006
            ],
            [
              -111.90689704099998,
              40.37045129200004
            ],
            [
              -111.90782658599994,
              40.37099661600007
            ],
            [
              -111.90829175199997,
              40.371413001000064
            ],
            [
              -111.90835046999996,
              40.37180493000005
            ],
            [
              -111.90823612799994,
              40.37210293600003
            ],
            [
              -111.90841577530453,
              40.37211522121821
            ],
            [
              -111.90859490211254,
              40.372133596943556
            ],
            [
              -111.90877330199999,
              40.37215804200008
            ],
            [
              -111.91068232699996,
              40.37248238900003
            ],
            [
              -111.91089854199998,
              40.37251189600005
            ],
            [
              -111.91102288399998,
              40.37243718000008
            ],
            [
              -111.9110274155931,
              40.37234683320685
            ],
            [
              -111.91102838199998,
              40.37225637800003
            ],
            [
              -111.91102594799997,
              40.37185126800006
            ],
            [
              -111.91106539299994,
              40.37157670700003
            ],
            [
              -111.91105300399994,
              40.369514956000046
            ],
            [
              -111.91104774674282,
              40.3694770674505
            ],
            [
              -111.91103604859715,
              40.36944064857727
            ],
            [
              -111.91101825850508,
              40.36940678571319
            ],
            [
              -111.91099490712446,
              40.369376488948305
            ],
            [
              -111.91096669099994,
              40.369350662000045
            ],
            [
              -111.91094794507258,
              40.36933372943225
            ],
            [
              -111.91093114799997,
              40.36931486200007
            ],
            [
              -111.91091422047404,
              40.36929937176806
            ],
            [
              -111.9108951035184,
              40.36928668199152
            ],
            [
              -111.91087425595562,
              40.369277097235496
            ],
            [
              -111.9108521781443,
              40.369270847541976
            ],
            [
              -111.91082939997,
              40.36926808290873
            ],
            [
              -111.91080646812755,
              40.36926886968922
            ],
            [
              -111.91078393299995,
              40.36927318900007
            ],
            [
              -111.91075673466466,
              40.36927585585638
            ],
            [
              -111.91072992299996,
              40.36928114700004
            ],
            [
              -111.91071721699996,
              40.36928184000004
            ],
            [
              -111.91070298199998,
              40.36908922200007
            ],
            [
              -111.91076429999998,
              40.36908900700007
            ],
            [
              -111.9108106678653,
              40.36908662409816
            ],
            [
              -111.91085641082866,
              40.36907867183696
            ],
            [
              -111.91090086240787,
              40.36906526608218
            ],
            [
              -111.9109433749364,
              40.36904660215777
            ],
            [
              -111.91098332899998,
              40.36902295200008
            ],
            [
              -111.91100608876386,
              40.369008252428145
            ],
            [
              -111.91103013399999,
              40.36899576600007
            ],
            [
              -111.91104982199994,
              40.368984330000046
            ],
            [
              -111.911026919,
              40.36517227500008
            ],
            [
              -111.91101346499994,
              40.365172321000045
            ],
            [
              -111.9110118635798,
              40.365165866669784
            ],
            [
              -111.91100919348439,
              40.36515977622513
            ],
            [
              -111.91100553166433,
              40.365154225189244
            ],
            [
              -111.91100098365118,
              40.365149373539836
            ],
            [
              -111.91099568051611,
              40.365145361098676
            ],
            [
              -111.91098977509246,
              40.36514230350205
            ],
            [
              -111.91098343757119,
              40.36514028886814
            ],
            [
              -111.91097685059607,
              40.36513937525758
            ],
            [
              -111.91097020399997,
              40.36513958900008
            ],
            [
              -111.91029865799999,
              40.36514194800003
            ],
            [
              -111.91029201605234,
              40.36514177216194
            ],
            [
              -111.91028544101427,
              40.36514272885514
            ],
            [
              -111.91027912458338,
              40.36514479018688
            ],
            [
              -111.91027325091756,
              40.365147896058296
            ],
            [
              -111.91026799126563,
              40.365151955916566
            ],
            [
              -111.91026349897466,
              40.36515685139504
            ],
            [
              -111.91025990501906,
              40.36516243976427
            ],
            [
              -111.91025731418188,
              40.365168558093316
            ],
            [
              -111.91025580199994,
              40.36517502800007
            ],
            [
              -111.91014996499996,
              40.36517539400006
            ],
            [
              -111.91004412799998,
              40.36517576000006
            ],
            [
              -111.9100425375113,
              40.36516929867486
            ],
            [
              -111.9100398755248,
              40.36516320013361
            ],
            [
              -111.91003621897639,
              40.36515764063442
            ],
            [
              -111.91003167354646,
              40.365152780856214
            ],
            [
              -111.91002637060559,
              40.36514876125476
            ],
            [
              -111.91002046341777,
              40.36514569800332
            ],
            [
              -111.91001412271062,
              40.36514367963503
            ],
            [
              -111.91000753174131,
              40.36514276448413
            ],
            [
              -111.91000088099997,
              40.36514297900004
            ],
            [
              -111.90926852299998,
              40.365145545000075
            ],
            [
              -111.90926755499999,
              40.364983632000076
            ],
            [
              -111.90962499599999,
              40.36498238100006
            ],
            [
              -111.90962305099998,
              40.36465306700006
            ],
            [
              -111.90961888799995,
              40.36394778400006
            ],
            [
              -111.91003684799995,
              40.36394634100003
            ],
            [
              -111.91003592299995,
              40.36378991700008
            ],
            [
              -111.90961796399995,
              40.36379136200003
            ],
            [
              -111.90961657399998,
              40.36355603900006
            ],
            [
              -111.90961190899998,
              40.362764998000046
            ],
            [
              -111.90923700599996,
              40.36276631100003
            ],
            [
              -111.90923036424253,
              40.36276613531686
            ],
            [
              -111.90922378941828,
              40.3627670921304
            ],
            [
              -111.90921747321859,
              40.362769153544384
            ],
            [
              -111.90921159979457,
              40.36277225945754
            ],
            [
              -111.90920634038807,
              40.362776319315834
            ],
            [
              -111.909201848339,
              40.36278121475261
            ],
            [
              -111.90919825461468,
              40.36278680303962
            ],
            [
              -111.90919566399147,
              40.362792921248314
            ],
            [
              -111.90919415199994,
              40.36279939100007
            ],
            [
              -111.90908831799999,
              40.36279975600007
            ],
            [
              -111.90898248399998,
              40.36280012100008
            ],
            [
              -111.9089808938463,
              40.3627936598777
            ],
            [
              -111.90897823221181,
              40.362787561485064
            ],
            [
              -111.90897457602408,
              40.362782002080216
            ],
            [
              -111.90897003095563,
              40.3627771423432
            ],
            [
              -111.90896472836977,
              40.362773122731994
            ],
            [
              -111.90895882152387,
              40.362770059422935
            ],
            [
              -111.9089524811398,
              40.36276804095294
            ],
            [
              -111.90894589046982,
              40.36276712566061
            ],
            [
              -111.90893923999994,
              40.36276734000006
            ],
            [
              -111.90893532999996,
              40.36276735400003
            ],
            [
              -111.90875633840734,
              40.36276541765838
            ],
            [
              -111.90857747691099,
              40.36275832507255
            ],
            [
              -111.90839889401695,
              40.3627460821314
            ],
            [
              -111.90822073799995,
              40.36272869900006
            ],
            [
              -111.90821419173706,
              40.362727725877164
            ],
            [
              -111.90820757433151,
              40.36272782820007
            ],
            [
              -111.90820106128523,
              40.36272900325504
            ],
            [
              -111.90819482533237,
              40.362731219878135
            ],
            [
              -111.90818903185823,
              40.362734419281736
            ],
            [
              -111.90818383451301,
              40.362738516613646
            ],
            [
              -111.90817937113682,
              40.36274340320747
            ],
            [
              -111.90817576010404,
              40.3627489494646
            ],
            [
              -111.90817309718375,
              40.36275500829136
            ],
            [
              -111.90817145299997,
              40.36276141900004
            ],
            [
              -111.90800642399995,
              40.362761987000056
            ],
            [
              -111.90801757799994,
              40.364658673000065
            ],
            [
              -111.90592298299998,
              40.36466596300005
            ],
            [
              -111.90607384199996,
              40.36391901200005
            ],
            [
              -111.90563064099996,
              40.36386663700006
            ],
            [
              -111.90566152099996,
              40.363714033000065
            ],
            [
              -111.90610472199995,
              40.36376640900005
            ],
            [
              -111.90632434099996,
              40.36267897600004
            ],
            [
              -111.90666013599997,
              40.362293968000074
            ],
            [
              -111.90683430481485,
              40.362362488262136
            ],
            [
              -111.9070106287166,
              40.36242525516471
            ],
            [
              -111.90718891771155,
              40.362482201074776
            ],
            [
              -111.90736897968853,
              40.36253326463161
            ],
            [
              -111.90755062062597,
              40.36257839081286
            ],
            [
              -111.90773364480094,
              40.362617530993866
            ],
            [
              -111.907917855,
              40.36265064300005
            ],
            [
              -111.90795268199997,
              40.36252710700006
            ],
            [
              -111.90795958566595,
              40.36252825458925
            ],
            [
              -111.9079665839643,
              40.36252829180607
            ],
            [
              -111.90797349944518,
              40.36252721770686
            ],
            [
              -111.90798015675865,
              40.362525059526625
            ],
            [
              -111.90798638710099,
              40.36252187198849
            ],
            [
              -111.9079920324947,
              40.36251773591612
            ],
            [
              -111.90799694979441,
              40.36251275618436
            ],
            [
              -111.90800101431635,
              40.36250705905998
            ],
            [
              -111.90800412299996,
              40.36250078900008
            ],
            [
              -111.90807201399997,
              40.362214453000036
            ],
            [
              -111.9079076265479,
              40.362186051419535
            ],
            [
              -111.90774432560214,
              40.36215195324822
            ],
            [
              -111.90758230850734,
              40.36211219969281
            ],
            [
              -111.90742177105669,
              40.36206683879435
            ],
            [
              -111.90726290725522,
              40.36201592537023
            ],
            [
              -111.90710590908543,
              40.36195952094793
            ],
            [
              -111.90695096627526,
              40.3618976936906
            ],
            [
              -111.90679826606879,
              40.36183051831478
            ],
            [
              -111.90664799299998,
              40.36175807600006
            ],
            [
              -111.90509495499998,
              40.36096546600004
            ],
            [
              -111.90526817899996,
              40.360766857000044
            ],
            [
              -111.90419280299994,
              40.360218004000046
            ]
          ]
        ]
      },
      "properties": {
        "OBJECTID": 101,
        "Join_Count": 1,
        "TARGET_FID": 1756,
        "PARCEL_NO": 580350157,
        "PARCELID": "580350157",
        "PARCELID_LABEL": "58:035:0157",
        "OWNER_NAME": "SUBURBAN LAND RESERVE INC",
        "CARE_NAME": "%TAX ADMINISTRATION",
        "ACREAGE": 132.39506599999999,
        "SITE_FULL_ADDRESS": null,
        "OWN_FULL_ADDRESS": "%TAX ADMINISTRATION  PO BOX 511196  SALT LAKE CITY, UT 84151-1196",
        "PROP_TYPE": 9999,
        "PROP_TYPE_DESCR": "DEFAULT",
        "SPECIFIC_PROP_TYPE": 9999,
        "SPC_PROP_TYP_DESCR": "DEFAULT",
        "ASMT_YEAR": 2026,
        "ASMT_CODE": "UNK",
        "ASMT_CODE_DESCR": "UNK",
        "MKT_LAND_VALUE": 0,
        "MKT_CUR_VALUE": 0,
        "MKT_PRV_VAL": 0,
        "MKT_VAL_YR_CHG": 0,
        "MKT_PCT_CHG": 0,
        "GLOBALID": "{423B5CFE-27A5-4AB6-BB50-35FCD66D5C18}",
        "Code": null,
        "Description": "Medium Density Residential",
        "City": "Saratoga Springs",
        "Description_detailed": "Any Residential",
        "Acres": null,
        "Unit_Rate": null,
        "CityName": null,
        "AdoptedDate": null,
        "Slope_Score": 10,
        "GP_Score": 8,
        "Utilities_Score": 10,
        "Wetlands_Score": 0,
        "Soil_Score": 0,
        "Ownership_Score": 5,
        "Ownership_Type": "Business",
        "Utility_Proximity_Status": "Within 1/8 Mile",
        "Final_Score": 6.25,
        "ELEV_CHANGE": 0.6247693359373443,
        "SLOPE": 0.33061130780152737,
        "Join_Count_12": 1,
        "TARGET_FID_12": 66503,
        "Shape_Length_12": null,
        "Shape_Area_12": null,
        "OBJECTID_1_12": null,
        "Join_Count_12_13": null,
        "TARGET_FID_12_13": null,
        "Id": 693,
        "gridcode": 6,
        "ClassName": "All Hydric",
        "Shape_Length_12_13": null,
        "Shape_Area_12_13": null,
        "SITE_HOUSE_NUM": " ",
        "SITE_PRE_DIR": "N",
        "SITE_STREET_NAME": "BEAR RIVER",
        "SITE_STREET_TYPE": "RD",
        "SITE_POST_DIR": null,
        "SITE_STREET_UNIT": null,
        "SITE_CITY": "SARATOGA SPRINGS",
        "SITE_STATE": "UT",
        "SITE_ZIP5": "84045",
        "OWN_STREET_ADDRESS": "PO BOX 511196",
        "OWN_CITY": "SALT LAKE CITY",
        "OWN_STATE": "UT",
        "OWN_ZIP5": "84151",
        "VESTING_DOC": "26825-2014",
        "PARCEL_CREATE_DATE": 1748908800000,
        "MAP_FILING_NO": "19787 ",
        "SUB_NAME": "WANDER, PHASE J1",
        "LEGAL_DESCR": "COM N 1961.11 FT & E 738.08 FT FR E 1/4 COR. SEC. 26, T5S, R1W, SLB&M.; N 56 DEG 1' 47\" W 360.35 FT; N 33 DEG 58' 13\" E 87 FT; N 56 DEG 1' 47\" W 520.4 FT; ALONG A CURVE TO L (CHORD BEARS: N 67 DEG 0' 26\" W 430.36 FT, RADIUS = 1130 FT); N 10 DEG 32' 29\" E 106.04 FT; ALONG A CURVE TO R (CHORD BEARS: N 56 DEG 29' 10\" E 17.25 FT, RADIUS = 12 FT); N 12 DEG 25' 51\" E 46.05 FT; ALONG A CURVE TO R (CHORD BEARS: S 69 DEG 23' 52\" E 373.89 FT, RADIUS = 1315.76 FT); N 33 DEG 58' 13\" E 168.65 FT; N 9 DEG 2' 32\" E 400.95 FT; S 80 DEG 57' 27\" E 125 FT; N 9 DEG 3' 32\" E 56.27 FT; N 80 DEG 57' 28\" W 125 FT; N 9 DEG 2' 32\" E 275.41 FT; W 583.83 FT; S 0 DEG 0' 13\" W 691.14 FT; N 89 DEG 59' 46\" W 46 FT; ALONG A CURVE TO R (CHORD BEARS: S 49 DEG 18' 27\" W 18.19 FT, RADIUS = 12 FT); ALONG A CURVE TO L (CHORD BEARS: N 85 DEG 41' 36\" W 199.68 FT, RADIUS = 1329.5 FT); W 1.09 FT; ALONG A CURVE TO R (CHORD BEARS: N 44 DEG 59' 52\" W 16.97 FT, RADIUS = 12 FT); N 89 DEG 59' 47\" W 29.5 FT; N 0 FT; N 89 DEG 59' 47\" W 29.5 FT; ALONG A CURVE TO R (CHORD BEARS: S 45 DEG 0' 8\" W 16.97 FT, RADIUS = 12 FT); W 104.5 FT; N 0 DEG 0' 14\" E 288.25 FT; N 0 DEG 0' 13\" E 85.75 FT; N 89 DEG 59' 47\" W 116.5 FT; N 0 DEG 0' 13\" E 57 FT; S 89 DEG 59' 46\" E 116.5 FT; N 0 DEG 0' 13\" E 257 FT; N 0 DEG 0' 13\" E 120 FT; E 99.63 FT; N 59 FT; W 204.13 FT; ALONG A CURVE TO R (CHORD BEARS: N 44 DEG 59' 52\" W 16.97 FT, RADIUS = 12 FT); N 89 DEG 59' 47\" W 29.5 FT; N 0 FT; N 89 DEG 59' 47\" W 29.5 FT; ALONG A CURVE TO R (CHORD BEARS: S 45 DEG 0' 8\" W 16.97 FT, RADIUS = 12 FT); W 187.18 FT; ALONG A CURVE TO R (CHORD BEARS: N 45 DEG 2' 58\" W 16.96 FT, RADIUS = 12 FT); N 89 DEG 59' 35\" W 3.75 FT; N 1389.09 FT; ALONG A CURVE TO R (CHORD BEARS: N 53 DEG 2' 57\" E 6.89 FT, RADIUS = 36.99 FT); ALONG A CURVE TO L (CHORD BEARS: N 53 DEG 3' 0\" E 16.38 FT, RADIUS = 78.32 FT); ALONG A CURVE TO R (CHORD BEARS: N 68 DEG 44' 40\" E 65.62 FT, RADIUS = 90.49 FT); E 17.09 FT; N 2 DEG 58' 20\" W 70.3 FT; S 86 DEG 10' 59\" W 3.55 FT; ALONG A CURVE TO R (CHORD BEARS: S 79 DEG 21' 38\" W 15.33 FT, RADIUS = 61.48 FT); ALONG A CURVE TO R (CHORD BEARS: N 69 DEG 25' 38\" W 43.75 FT, RADIUS = 35.49 FT); ALONG A CURVE TO L (CHORD BEARS: N 36 DEG 57' 3\" W 16.38 FT, RADIUS = 78.32 FT); ALONG A CURVE TO R (CHORD BEARS: N 21 DEG 37' 41\" W 64.52 FT, RADIUS = 90.53 FT); N 751.29 FT; N 6 DEG 32' 2\" E 100.65 FT; N 147.62 FT; ALONG A CURVE TO R (CHORD BEARS: N 1 DEG 35' 43\" E 65.9 FT, RADIUS = 1092.23 FT); N 52 DEG 6' 30\" E 44.07 FT; S 79 DEG 37' 11\" E 61.21 FT; S 77 DEG 12' 47\" E 545.01 FT; ALONG A CURVE TO L (CHORD BEARS: S 82 DEG 5' 57\" E 151.05 FT, RADIUS = 1143.68 FT); S 16 DEG 36' 59\" W 113.17 FT; S 6 DEG 16' 31\" E 143.75 FT; S 40 DEG 15' 3\" E 199.57 FT; S 52 DEG 15' 0\" E 326.5 FT; S 60 DEG 15' 43\" E 271.16 FT; S 13 DEG 20' 52\" W 150.65 FT; S 42 DEG 43' 56\" W 159.53 FT; S 20 DEG 23' 15\" W 180.74 FT; S 12 DEG 40' 30\" E 257.32 FT; S 38 DEG 30' 26\" E 446.67 FT; S 32 DEG 44' 39\" E 135.96 FT; S 50 DEG 30' 29\" E 240.72 FT; S 64 DEG 50' 36\" E 70.79 FT; S 28 DEG 30' 44\" E 128.54 FT; S 3 DEG 51' 59\" E 124.82 FT; S 17 DEG 6' 35\" W 75.45 FT; S 26 DEG 49' 30\" E 144.48 FT; S 11 DEG 14' 53\" E 99 FT; S 1 DEG 25' 50\" W 228.24 FT; S 5 DEG 51' 50\" E 265.23 FT; S 36 DEG 31' 3\" W 221.75 FT; S 11 DEG 52' 35\" W 207.96 FT; S 17 DEG 28' 58\" E 200.11 FT; S 71 DEG 9' 38\" E 381.7 FT; N 83 DEG 49' 20\" E 241.9 FT; N 80 DEG 53' 56\" E 338.24 FT; S 63 DEG 16' 27\" E 141.94 FT; S 86 DEG 19' 21\" E 148.71 FT; S 31 DEG 7' 21\" E 155.89 FT; S 37 DEG 31' 9\" E 248.04 FT; S 26 DEG 9' 19\" W 98.48 FT; S 29 DEG 33' 4\" W 119.39 FT; S 32 DEG 29' 16\" W 4.51 FT; ALONG A CURVE TO R (CHORD BEARS: S 38 DEG 18' 58\" W 126.49 FT, RADIUS = 620.56 FT); N 86 DEG 30' 0\" W 932.24 FT; N 86 DEG 30' 19\" W 318.9 FT TO BEG. AREA 132.395 AC.",
        "BOOK_PAGE": 58035,
        "LOT": "140",
        "BUILDING": null,
        "UNIT": null,
        "TAX_DISTRICT": "039",
        "TAX_DISTRICT_DESCR": "SARATOGA SPRINGS",
        "SCHOOL_DISTRICT": "ALPINE",
        "TAXABLE_CODE": 100,
        "ACCOUNT_TYPE": null,
        "NEIGHBORHOOD": "9999",
        "NBHD_DISTRICT": null,
        "LAND_DISTRICT": 9999,
        "ECONOMIC_UNIT": null,
        "GLA_WEIGHTED_YRBLT": null,
        "TOTAL_ABOVE_GRADE_AREA": null,
        "TOTAL_MEZZANINE": null,
        "TOTAL_BASEMENT": null,
        "TOTAL_BSMT_FINISH": null,
        "TOTAL_UNIT_COUNT": null,
        "TOTAL_IMP_COUNT": null,
        "MKT_LAND_RES": 0,
        "MKT_LAND_AGR": 0,
        "MKT_LAND_COM": 0,
        "MKT_IMP_VALUE": 0,
        "MKT_IMP_RES": 0,
        "MKT_IMP_AGR": 0,
        "MKT_IMP_COM": 0,
        "TXBL_CUR_VALUE": 0,
        "TXBL_PRV_VAL": 0,
        "TXBL_VAL_YR_CHG": 0,
        "TXBL_PCT_CHG": 0,
        "TOT_CUR_TAXES": 0,
        "TOT_PRV_TAXES": 0,
        "TAXES_YR_CHG": 0,
        "TAXES_PCT_CHG": 0,
        "GREENBELT": null,
        "EXEMPT_RES": "UNK",
        "COMMON_AREA": null,
        "PUBLIC_ROAD": "Yes",
        "PRIVATE_ROAD": null,
        "PART_CENTRAL_ASSD": null,
        "PART_TAXABLE": null,
        "IMP_NO_RES": null,
        "COST_GROUP_RES": null,
        "STYLE_DESCR_RES": null,
        "QUALITY_RES": null,
        "QUALITY_DESCR_RES": null,
        "CONDITION_RES": null,
        "CONDITION_DESCR_RES": null,
        "YEARBLT_RES": null,
        "GLA_RES": null,
        "BASEMENT_RES": null,
        "BSMT_FINISH_RES": null,
        "ATT_GARAGE_SQFT_RES": null,
        "BATHROOMS_RES": null,
        "GLA_BEDROOMS_RES": null,
        "EXTERIOR_RES": null,
        "ALLOCATION_PCT_RES": null,
        "TRAV_COUNT": null,
        "LASTUPDATE": null,
        "CREATED_DATE": 1748968086000,
        "LAST_EDITED_DATE": 1748968086000,
        "ChangeType": "Added",
        "Previous_Owner": null,
        "Shape_Length_12_13_14": 17778.629226791825,
        "Shape_Area_12_13_14": 5767107.53952764,
        "Shape_Length": 0.05593310693131839,
        "Shape_Area": 5.68148106103731e-05
      }
    },
    {
      "type": "Feature",
      "id": 102,
      "geometry": {
        "type": "Polygon",
        "coordinates": [
          [
            [
              -111.69557650399997,
              40.06069644100006
            ],
            [
              -111.69543697499995,
              40.06052032800005
            ],
            [
              -111.69491599099996,
              40.05987773700008
            ],
            [
              -111.69447950199998,
              40.05932048000005
            ],
            [
              -111.69447875399999,
              40.05931634900003
            ],
            [
              -111.69300339999995,
              40.05749485700005
            ],
            [
              -111.69305219799998,
              40.05746727800005
            ],
            [
              -111.69276330999998,
              40.05709780500007
            ],
            [
              -111.69277350399994,
              40.060732493000046
            ],
            [
              -111.69557650399997,
              40.06069644100006
            ]
          ]
        ]
      },
      "properties": {
        "OBJECTID": 102,
        "Join_Count": 1,
        "TARGET_FID": 1759,
        "PARCEL_NO": 300090133,
        "PARCELID": "300090133",
        "PARCELID_LABEL": "30:009:0133",
        "OWNER_NAME": "LYMAN, GLENDA B",
        "CARE_NAME": null,
        "ACREAGE": 11.686067999999999,
        "SITE_FULL_ADDRESS": null,
        "OWN_FULL_ADDRESS": "223 N MAIN  SALEM, UT 84653",
        "PROP_TYPE": 9999,
        "PROP_TYPE_DESCR": "DEFAULT",
        "SPECIFIC_PROP_TYPE": 9999,
        "SPC_PROP_TYP_DESCR": "DEFAULT",
        "ASMT_YEAR": 2026,
        "ASMT_CODE": "UNK",
        "ASMT_CODE_DESCR": "UNK",
        "MKT_LAND_VALUE": 0,
        "MKT_CUR_VALUE": 0,
        "MKT_PRV_VAL": 0,
        "MKT_VAL_YR_CHG": 0,
        "MKT_PCT_CHG": 0,
        "GLOBALID": "{1E546B7E-17EF-4C3F-AD90-1FD1A5302A45}",
        "Code": null,
        "Description": "West Transition to I-15",
        "City": "Salem",
        "Description_detailed": null,
        "Acres": 938.81,
        "Unit_Rate": null,
        "CityName": null,
        "AdoptedDate": null,
        "Slope_Score": 10,
        "GP_Score": 4,
        "Utilities_Score": 0,
        "Wetlands_Score": 0,
        "Soil_Score": 1,
        "Ownership_Score": 10,
        "Ownership_Type": "Private",
        "Utility_Proximity_Status": "Not Within 1/8 Mile",
        "Final_Score": 3.6,
        "ELEV_CHANGE": 17.518772475586047,
        "SLOPE": 0.7390695926804942,
        "Join_Count_12": 1,
        "TARGET_FID_12": 66570,
        "Shape_Length_12": null,
        "Shape_Area_12": null,
        "OBJECTID_1_12": null,
        "Join_Count_12_13": null,
        "TARGET_FID_12_13": null,
        "Id": 1706,
        "gridcode": 5,
        "ClassName": "Mostly Hydric (76 - 95%)",
        "Shape_Length_12_13": null,
        "Shape_Area_12_13": null,
        "SITE_HOUSE_NUM": null,
        "SITE_PRE_DIR": null,
        "SITE_STREET_NAME": null,
        "SITE_STREET_TYPE": null,
        "SITE_POST_DIR": null,
        "SITE_STREET_UNIT": null,
        "SITE_CITY": null,
        "SITE_STATE": null,
        "SITE_ZIP5": "84653",
        "OWN_STREET_ADDRESS": "223 N MAIN",
        "OWN_CITY": "SALEM",
        "OWN_STATE": "UT",
        "OWN_ZIP5": "84653",
        "VESTING_DOC": "45353-2025 (MORE)",
        "PARCEL_CREATE_DATE": 1751414400000,
        "MAP_FILING_NO": null,
        "SUB_NAME": null,
        "LEGAL_DESCR": "COM N 1646.76 FT & W 923.03 FT FR SE COR. SEC. 3, T9S, R2E, SLB&M.; N 89 DEG 9' 56\" E 784.86 FT; S 1324.33 FT; N 30 DEG 52' 30\" W 157.05 FT; N 53 DEG 47' 24\" E 16.96 FT; N 31 DEG 46' 25\" W 781.72 FT; N 7 DEG 47' 33\" W 1.52 FT; N 30 DEG 55' 4\" W 236.98 FT; N 31 DEG 47' 49\" W 275.85 FT; N 31 DEG 12' 20\" W 75.12 FT TO BEG. AREA 11.686 AC.",
        "BOOK_PAGE": 30009,
        "LOT": null,
        "BUILDING": null,
        "UNIT": null,
        "TAX_DISTRICT": "180",
        "TAX_DISTRICT_DESCR": "SALEM CITY",
        "SCHOOL_DISTRICT": "NEBO",
        "TAXABLE_CODE": 100,
        "ACCOUNT_TYPE": null,
        "NEIGHBORHOOD": "9999",
        "NBHD_DISTRICT": null,
        "LAND_DISTRICT": 9999,
        "ECONOMIC_UNIT": null,
        "GLA_WEIGHTED_YRBLT": null,
        "TOTAL_ABOVE_GRADE_AREA": null,
        "TOTAL_MEZZANINE": null,
        "TOTAL_BASEMENT": null,
        "TOTAL_BSMT_FINISH": null,
        "TOTAL_UNIT_COUNT": null,
        "TOTAL_IMP_COUNT": null,
        "MKT_LAND_RES": 0,
        "MKT_LAND_AGR": 0,
        "MKT_LAND_COM": 0,
        "MKT_IMP_VALUE": 0,
        "MKT_IMP_RES": 0,
        "MKT_IMP_AGR": 0,
        "MKT_IMP_COM": 0,
        "TXBL_CUR_VALUE": 0,
        "TXBL_PRV_VAL": 0,
        "TXBL_VAL_YR_CHG": 0,
        "TXBL_PCT_CHG": 0,
        "TOT_CUR_TAXES": 0,
        "TOT_PRV_TAXES": 0,
        "TAXES_YR_CHG": 0,
        "TAXES_PCT_CHG": 0,
        "GREENBELT": null,
        "EXEMPT_RES": "UNK",
        "COMMON_AREA": null,
        "PUBLIC_ROAD": null,
        "PRIVATE_ROAD": null,
        "PART_CENTRAL_ASSD": null,
        "PART_TAXABLE": null,
        "IMP_NO_RES": null,
        "COST_GROUP_RES": null,
        "STYLE_DESCR_RES": null,
        "QUALITY_RES": null,
        "QUALITY_DESCR_RES": null,
        "CONDITION_RES": null,
        "CONDITION_DESCR_RES": null,
        "YEARBLT_RES": null,
        "GLA_RES": null,
        "BASEMENT_RES": null,
        "BSMT_FINISH_RES": null,
        "ATT_GARAGE_SQFT_RES": null,
        "BATHROOMS_RES": null,
        "GLA_BEDROOMS_RES": null,
        "EXTERIOR_RES": null,
        "ALLOCATION_PCT_RES": null,
        "TRAV_COUNT": null,
        "LASTUPDATE": null,
        "CREATED_DATE": 1751463374000,
        "LAST_EDITED_DATE": 1751463374000,
        "ChangeType": "Added",
        "Previous_Owner": null,
        "Shape_Length_12_13_14": 3653.3669033999413,
        "Shape_Area_12_13_14": 509043.05926182505,
        "Shape_Length": 0.011071020195608074,
        "Shape_Area": 4.99292883150719e-06
      }
    },
    {
      "type": "Feature",
      "id": 103,
      "geometry": {
        "type": "Polygon",
        "coordinates": [
          [
            [
              -112.08165983999999,
              40.29084994900006
            ],
            [
              -112.08165995399997,
              40.29084979800007
            ],
            [
              -112.08113285699994,
              40.29023630200004
            ],
            [
              -112.08113225799997,
              40.29023660400003
            ],
            [
              -112.08107639599996,
              40.290171583000074
            ],
            [
              -112.08093011599999,
              40.29002129600008
            ],
            [
              -112.08044896699994,
              40.28946126200003
            ],
            [
              -112.08044046426294,
              40.28945414740125
            ],
            [
              -112.08043086516703,
              40.28944860020283
            ],
            [
              -112.08042045544572,
              40.289444785526605
            ],
            [
              -112.08040954496214,
              40.28944281692293
            ],
            [
              -112.08039845848546,
              40.28944275299065
            ],
            [
              -112.0803875260236,
              40.28944459563282
            ],
            [
              -112.08037707299997,
              40.28944829000005
            ],
            [
              -112.08036408799995,
              40.28945406500003
            ],
            [
              -112.08025797899995,
              40.289314138000066
            ],
            [
              -112.08020647199999,
              40.28933704100007
            ],
            [
              -112.08001622948915,
              40.28942525992199
            ],
            [
              -112.07982897499578,
              40.28951965560957
            ],
            [
              -112.07964490899997,
              40.289620127000035
            ],
            [
              -112.07869449199995,
              40.29016002600008
            ],
            [
              -112.07855825999997,
              40.29023741300006
            ],
            [
              -112.07841060608789,
              40.290324278063345
            ],
            [
              -112.078265761831,
              40.29041575132842
            ],
            [
              -112.07812387099995,
              40.290511742000035
            ],
            [
              -112.07871086099999,
              40.29051368200004
            ],
            [
              -112.07870896299994,
              40.29084028700004
            ],
            [
              -112.08165983999999,
              40.29084994900006
            ]
          ]
        ]
      },
      "properties": {
        "OBJECTID": 103,
        "Join_Count": 1,
        "TARGET_FID": 1774,
        "PARCEL_NO": 590530054,
        "PARCELID": "590530054",
        "PARCELID_LABEL": "59:053:0054",
        "OWNER_NAME": "OQUIRRH WOOD RANCH LLC",
        "CARE_NAME": null,
        "ACREAGE": 6.949059999999999,
        "SITE_FULL_ADDRESS": null,
        "OWN_FULL_ADDRESS": "14034 S 145 E STE 204  DRAPER, UT 84020",
        "PROP_TYPE": 900,
        "PROP_TYPE_DESCR": "VACANT",
        "SPECIFIC_PROP_TYPE": 901,
        "SPC_PROP_TYP_DESCR": "Vac Res",
        "ASMT_YEAR": 2026,
        "ASMT_CODE": "V",
        "ASMT_CODE_DESCR": "VACANT",
        "MKT_LAND_VALUE": 423300,
        "MKT_CUR_VALUE": 423300,
        "MKT_PRV_VAL": 0,
        "MKT_VAL_YR_CHG": 423300,
        "MKT_PCT_CHG": 0,
        "GLOBALID": "{BF221C62-900E-41A4-A148-9C5E22AA4EE2}",
        "Code": null,
        "Description": "Medium Density Residential",
        "City": "Eagle Mountain",
        "Description_detailed": "Any Residential",
        "Acres": null,
        "Unit_Rate": null,
        "CityName": null,
        "AdoptedDate": null,
        "Slope_Score": 10,
        "GP_Score": 8,
        "Utilities_Score": 10,
        "Wetlands_Score": 10,
        "Soil_Score": 10,
        "Ownership_Score": 5,
        "Ownership_Type": "Business",
        "Utility_Proximity_Status": "Within 1/8 Mile",
        "Final_Score": 8.75,
        "ELEV_CHANGE": 38.66641351074213,
        "SLOPE": 0.5839288089671287,
        "Join_Count_12": 2,
        "TARGET_FID_12": 66709,
        "Shape_Length_12": null,
        "Shape_Area_12": null,
        "OBJECTID_1_12": null,
        "Join_Count_12_13": null,
        "TARGET_FID_12_13": null,
        "Id": 2073,
        "gridcode": 1,
        "ClassName": "Not Hydric",
        "Shape_Length_12_13": null,
        "Shape_Area_12_13": null,
        "SITE_HOUSE_NUM": " ",
        "SITE_PRE_DIR": null,
        "SITE_STREET_NAME": null,
        "SITE_STREET_TYPE": null,
        "SITE_POST_DIR": null,
        "SITE_STREET_UNIT": null,
        "SITE_CITY": "EAGLE MOUNTAIN",
        "SITE_STATE": "UT",
        "SITE_ZIP5": "84013",
        "OWN_STREET_ADDRESS": "14034 S 145 E STE 204",
        "OWN_CITY": "DRAPER",
        "OWN_STATE": "UT",
        "OWN_ZIP5": "84020",
        "VESTING_DOC": "98519-2008",
        "PARCEL_CREATE_DATE": 1750204800000,
        "MAP_FILING_NO": "19764 ",
        "SUB_NAME": "FIREFLY NPA 8 PHASE A, PLAT 7",
        "LEGAL_DESCR": "COM S 0 DEG 1' 19\" W 1.68 FT & S 89 DEG 58' 41\" E 144.67 FT FR SE COR. SEC. 17, T6S, R2W, SLB&M.; S 89 DEG 21' 43\" E 823.39 FT; S 0 DEG 38' 51\" W 119.01 FT; S 89 DEG 21' 37\" E 163.79 FT; ALONG A CURVE TO R (CHORD BEARS: S 50 DEG 52' 48\" W 157.11 FT, RADIUS = 1529.5 FT); S 53 DEG 49' 28\" W 47.33 FT; S 53 DEG 49' 27\" W 330.2 FT; ALONG A CURVE TO R (CHORD BEARS: S 57 DEG 2' 13\" W 187.6 FT, RADIUS = 1673.5 FT); S 60 DEG 15' 3\" W 16.62 FT; N 29 DEG 44' 59\" W 58.96 FT; S 60 DEG 15' 4\" W 4.19 FT; ALONG A CURVE TO R (CHORD BEARS: N 76 DEG 20' 57\" W 20.61 FT, RADIUS = 15 FT); N 32 DEG 56' 51\" W 244.27 FT; N 36 DEG 18' 18\" W 68.3 FT; N 32 DEG 56' 50\" W 28.36 FT; S 56 DEG 59' 53\" W .2 FT; N 32 DEG 56' 51\" W 267.59 FT; N 27 DEG 58' 48\" E .07 FT TO BEG. AREA 6.949 AC.",
        "BOOK_PAGE": 59053,
        "LOT": null,
        "BUILDING": null,
        "UNIT": null,
        "TAX_DISTRICT": "506",
        "TAX_DISTRICT_DESCR": "EAGLE MTN W/POLE CYN & FF PID 1",
        "SCHOOL_DISTRICT": "NEBO",
        "TAXABLE_CODE": 100,
        "ACCOUNT_TYPE": "RESIDENTIAL",
        "NEIGHBORHOOD": "103",
        "NBHD_DISTRICT": "152",
        "LAND_DISTRICT": 1509,
        "ECONOMIC_UNIT": null,
        "GLA_WEIGHTED_YRBLT": null,
        "TOTAL_ABOVE_GRADE_AREA": null,
        "TOTAL_MEZZANINE": null,
        "TOTAL_BASEMENT": null,
        "TOTAL_BSMT_FINISH": null,
        "TOTAL_UNIT_COUNT": null,
        "TOTAL_IMP_COUNT": null,
        "MKT_LAND_RES": 0,
        "MKT_LAND_AGR": 423300,
        "MKT_LAND_COM": 0,
        "MKT_IMP_VALUE": 0,
        "MKT_IMP_RES": 0,
        "MKT_IMP_AGR": 0,
        "MKT_IMP_COM": 0,
        "TXBL_CUR_VALUE": 423300,
        "TXBL_PRV_VAL": 0,
        "TXBL_VAL_YR_CHG": 423300,
        "TXBL_PCT_CHG": 0,
        "TOT_CUR_TAXES": 0,
        "TOT_PRV_TAXES": 0,
        "TAXES_YR_CHG": 0,
        "TAXES_PCT_CHG": 0,
        "GREENBELT": null,
        "EXEMPT_RES": "N",
        "COMMON_AREA": null,
        "PUBLIC_ROAD": "Yes",
        "PRIVATE_ROAD": null,
        "PART_CENTRAL_ASSD": null,
        "PART_TAXABLE": null,
        "IMP_NO_RES": null,
        "COST_GROUP_RES": null,
        "STYLE_DESCR_RES": null,
        "QUALITY_RES": null,
        "QUALITY_DESCR_RES": null,
        "CONDITION_RES": null,
        "CONDITION_DESCR_RES": null,
        "YEARBLT_RES": null,
        "GLA_RES": null,
        "BASEMENT_RES": null,
        "BSMT_FINISH_RES": null,
        "ATT_GARAGE_SQFT_RES": null,
        "BATHROOMS_RES": null,
        "GLA_BEDROOMS_RES": null,
        "EXTERIOR_RES": null,
        "ALLOCATION_PCT_RES": null,
        "TRAV_COUNT": null,
        "LASTUPDATE": null,
        "CREATED_DATE": 1750242989000,
        "LAST_EDITED_DATE": 1750242989000,
        "ChangeType": "Added",
        "Previous_Owner": null,
        "Shape_Length_12_13_14": 2539.159610329771,
        "Shape_Area_12_13_14": 301397.38551673724,
        "Shape_Length": 0.008424689534372925,
        "Shape_Area": 2.9659937904446425e-06
      }
    },
    {
      "type": "Feature",
      "id": 104,
      "geometry": {
        "type": "Polygon",
        "coordinates": [
          [
            [
              -111.95455378399998,
              40.39477961400007
            ],
            [
              -111.95455370299999,
              40.39477953900007
            ],
            [
              -111.95456969599996,
              40.395603091000055
            ],
            [
              -111.95600953699994,
              40.39498494000003
            ],
            [
              -111.95944390099999,
              40.395234738000056
            ],
            [
              -111.95936947199999,
              40.395833036000056
            ],
            [
              -111.95912381299996,
              40.39581517000005
            ],
            [
              -111.95910002199997,
              40.39600640700007
            ],
            [
              -111.95838537499998,
              40.39595443400003
            ],
            [
              -111.95811140499995,
              40.39600556900007
            ],
            [
              -111.95773584499995,
              40.396166814000026
            ],
            [
              -111.95761282299998,
              40.39599931600003
            ],
            [
              -111.95666565199997,
              40.39640596400005
            ],
            [
              -111.95661112162007,
              40.39643123549163
            ],
            [
              -111.95655976516854,
              40.39646245608588
            ],
            [
              -111.95651222905124,
              40.396499232819984
            ],
            [
              -111.95646911158883,
              40.39654110279793
            ],
            [
              -111.95643095548587,
              40.39658753901683
            ],
            [
              -111.95639824099999,
              40.39663795700005
            ],
            [
              -111.95638893746732,
              40.39665822217908
            ],
            [
              -111.95638223586884,
              40.39667949003696
            ],
            [
              -111.95637824099998,
              40.39670142800003
            ],
            [
              -111.95634752799998,
              40.39697008400003
            ],
            [
              -111.95634818276197,
              40.39697594985481
            ],
            [
              -111.95634976462627,
              40.396981636213134
            ],
            [
              -111.95635223310116,
              40.396986997518695
            ],
            [
              -111.95635552499998,
              40.39699189653572
            ],
            [
              -111.95635955605849,
              40.39699620786183
            ],
            [
              -111.95636422309185,
              40.396999821138074
            ],
            [
              -111.9563694066359,
              40.397002643873755
            ],
            [
              -111.95637497400509,
              40.39700460381404
            ],
            [
              -111.95638078268894,
              40.39700565078943
            ],
            [
              -111.95638668399994,
              40.397005758000034
            ],
            [
              -111.95649431499999,
              40.39701295000003
            ],
            [
              -111.95649437599997,
              40.397012431000064
            ],
            [
              -111.95731137099995,
              40.39706702500007
            ],
            [
              -111.95754992671344,
              40.39708089000532
            ],
            [
              -111.9577886862305,
              40.39709063473844
            ],
            [
              -111.95802757839218,
              40.39709625629515
            ],
            [
              -111.95826653199998,
              40.397097753000025
            ],
            [
              -111.96052042599996,
              40.397092437000026
            ],
            [
              -111.96071454871922,
              40.39709467969707
            ],
            [
              -111.96090847820605,
              40.397103624749754
            ],
            [
              -111.9611019831214,
              40.3971192614875
            ],
            [
              -111.96129483263267,
              40.397141571257194
            ],
            [
              -111.96148679668917,
              40.397170527445454
            ],
            [
              -111.96167764629642,
              40.39720609551036
            ],
            [
              -111.96186715378937,
              40.397248233022665
            ],
            [
              -111.96205509310398,
              40.39729688971641
            ],
            [
              -111.96224124004694,
              40.39735200754888
            ],
            [
              -111.962425372563,
              40.39741352076987
            ],
            [
              -111.96260727099997,
              40.39748135600007
            ],
            [
              -111.9627725307726,
              40.39754276398359
            ],
            [
              -111.96293996163638,
              40.39759797846301
            ],
            [
              -111.96310933156529,
              40.397646922922014
            ],
            [
              -111.96328040584612,
              40.39768952953325
            ],
            [
              -111.9634529474038,
              40.397725739252415
            ],
            [
              -111.96362671712987,
              40.39775550189998
            ],
            [
              -111.96380147421387,
              40.397778776230815
            ],
            [
              -111.96397697647708,
              40.3977955299913
            ],
            [
              -111.96415298070812,
              40.39780573996405
            ],
            [
              -111.96432924299995,
              40.397809392000056
            ],
            [
              -111.96586473899998,
              40.39781772200007
            ],
            [
              -111.96586232199996,
              40.39807842300007
            ],
            [
              -111.96432682099999,
              40.39807009300006
            ],
            [
              -111.96413464659459,
              40.398066111537084
            ],
            [
              -111.9639427535408,
              40.39805498004803
            ],
            [
              -111.96375140776966,
              40.398036713959236
            ],
            [
              -111.9635608744537,
              40.39801133858438
            ],
            [
              -111.96337141763959,
              40.39797888908941
            ],
            [
              -111.96318329988213,
              40.39793941044377
            ],
            [
              -111.96299678188039,
              40.39789295735814
            ],
            [
              -111.96281212211649,
              40.39783959420855
            ],
            [
              -111.96262957649733,
              40.397779394947214
            ],
            [
              -111.96244939799999,
              40.397712443000046
            ],
            [
              -111.96228135084884,
              40.39764977332313
            ],
            [
              -111.96211123973835,
              40.3975929442505
            ],
            [
              -111.96193926759496,
              40.397542023573855
            ],
            [
              -111.96176563956517,
              40.39749707203675
            ],
            [
              -111.96159056277082,
              40.39745814326212
            ],
            [
              -111.96141424606198,
              40.39742528368831
            ],
            [
              -111.96123689976777,
              40.39739853251368
            ],
            [
              -111.96105873544556,
              40.397377921649856
            ],
            [
              -111.96087996562856,
              40.39736347568365
            ],
            [
              -111.96070080357222,
              40.397355211847724
            ],
            [
              -111.96052146299996,
              40.397353140000064
            ],
            [
              -111.95826755999997,
              40.397358448000034
            ],
            [
              -111.95802091712758,
              40.39735690283567
            ],
            [
              -111.95777433768379,
              40.39735110008319
            ],
            [
              -111.9575278951583,
              40.39734104147203
            ],
            [
              -111.95728166299995,
              40.39732673000003
            ],
            [
              -111.95646430699998,
              40.39727210500007
            ],
            [
              -111.95646424499995,
              40.39727265200003
            ],
            [
              -111.95524779699997,
              40.39719135400003
            ],
            [
              -111.95507113094355,
              40.397176096765406
            ],
            [
              -111.95489521474472,
              40.39715379946322
            ],
            [
              -111.9547203288341,
              40.39712449763794
            ],
            [
              -111.95454675199994,
              40.39708823800004
            ],
            [
              -111.9545392169699,
              40.39708671891811
            ],
            [
              -111.95453153498211,
              40.39708645180195
            ],
            [
              -111.95452391263619,
              40.39708744383535
            ],
            [
              -111.95451655492778,
              40.397089668338566
            ],
            [
              -111.95450965973534,
              40.39709306548572
            ],
            [
              -111.9545034124984,
              40.397097543913816
            ],
            [
              -111.95449798123038,
              40.39710298317986
            ],
            [
              -111.95449351199994,
              40.39710923700005
            ],
            [
              -111.95428592399998,
              40.39757977000005
            ],
            [
              -111.95427665149093,
              40.39762214165522
            ],
            [
              -111.95427408608064,
              40.397665440099246
            ],
            [
              -111.95427829028262,
              40.39770861024253
            ],
            [
              -111.95428916164953,
              40.397750600121874
            ],
            [
              -111.95430643526961,
              40.39779038653456
            ],
            [
              -111.95432969022208,
              40.39782699997159
            ],
            [
              -111.95435835983392,
              40.39785954824256
            ],
            [
              -111.95439174548856,
              40.397887238216356
            ],
            [
              -111.9544290336497,
              40.397909395148105
            ],
            [
              -111.95446931568534,
              40.3979254791212
            ],
            [
              -111.95451161000922,
              40.39793509820394
            ],
            [
              -111.95455488599998,
              40.39793801800005
            ],
            [
              -111.95506346799999,
              40.39801821900005
            ],
            [
              -111.95501851199998,
              40.39818485600006
            ],
            [
              -111.95446566999999,
              40.39809767600008
            ],
            [
              -111.95440793794592,
              40.398087611495626
            ],
            [
              -111.95435148349539,
              40.39807188955774
            ],
            [
              -111.95429685961986,
              40.39805066418284
            ],
            [
              -111.95424460136036,
              40.39802414327353
            ],
            [
              -111.95419522058667,
              40.397992586602186
            ],
            [
              -111.9541492009836,
              40.39795630326648
            ],
            [
              -111.95410699331327,
              40.397915648661794
            ],
            [
              -111.95406901099994,
              40.39787102100007
            ],
            [
              -111.95391614799996,
              40.39793343900004
            ],
            [
              -111.95374216999994,
              40.39788144800008
            ],
            [
              -111.95359055799997,
              40.397831035000024
            ],
            [
              -111.95345359299995,
              40.39778125400005
            ],
            [
              -111.95331878799999,
              40.39772813900004
            ],
            [
              -111.95318628299998,
              40.39767174200006
            ],
            [
              -111.95305621199998,
              40.39761212500008
            ],
            [
              -111.95292871099997,
              40.39754934600006
            ],
            [
              -111.95280390999994,
              40.39748347200003
            ],
            [
              -111.95268193999999,
              40.39741457000008
            ],
            [
              -111.95263737499994,
              40.397459164000054
            ],
            [
              -111.95192394799994,
              40.39766524400005
            ],
            [
              -111.95183514499996,
              40.39748554200003
            ],
            [
              -111.95154744999996,
              40.39756864300006
            ],
            [
              -111.95154261047742,
              40.39757026412761
            ],
            [
              -111.9515380723808,
              40.39757259966011
            ],
            [
              -111.95153394045292,
              40.39757559569165
            ],
            [
              -111.95153031006188,
              40.39757918307147
            ],
            [
              -111.95152726499998,
              40.39758327900006
            ],
            [
              -111.95133110299997,
              40.39763994000003
            ],
            [
              -111.9512936275231,
              40.3976482792215
            ],
            [
              -111.95125543642017,
              40.39765220269419
            ],
            [
              -111.95121704818806,
              40.39765165715154
            ],
            [
              -111.95117898399997,
              40.39764665000007
            ],
            [
              -111.95097013699996,
              40.397606557000074
            ],
            [
              -111.95093424188252,
              40.39759854407747
            ],
            [
              -111.9508999650714,
              40.3975852111632
            ],
            [
              -111.95086809011606,
              40.39756686304051
            ],
            [
              -111.95083934566087,
              40.397543919137625
            ],
            [
              -111.95081438878861,
              40.39751690393985
            ],
            [
              -111.95079378999998,
              40.397486435000076
            ],
            [
              -111.95073826499998,
              40.39737407000007
            ],
            [
              -111.95073139671781,
              40.397365247920554
            ],
            [
              -111.95072317409961,
              40.397357672239934
            ],
            [
              -111.95071381998962,
              40.39735154826955
            ],
            [
              -111.95070358789707,
              40.397347041977405
            ],
            [
              -111.9506927551257,
              40.397344275490205
            ],
            [
              -111.95068161525849,
              40.397343323783545
            ],
            [
              -111.95067047020113,
              40.39734421264999
            ],
            [
              -111.95065962199999,
              40.39734691800004
            ],
            [
              -111.95043013799994,
              40.397413251000046
            ],
            [
              -111.94988812099996,
              40.397569807000025
            ],
            [
              -111.94975277299994,
              40.397551227000065
            ],
            [
              -111.94862876799999,
              40.397545051000066
            ],
            [
              -111.94789941899995,
              40.39844992500008
            ],
            [
              -111.94979838999996,
              40.39846036300003
            ],
            [
              -111.94979222499995,
              40.39777826000005
            ],
            [
              -111.95254498099996,
              40.39839589500008
            ],
            [
              -111.95290652399996,
              40.39847701000008
            ],
            [
              -111.95463258799998,
              40.39886424100007
            ],
            [
              -111.95462928899997,
              40.39868047300007
            ],
            [
              -111.95706459099995,
              40.399509539000064
            ],
            [
              -111.95763124699994,
              40.39947547000003
            ],
            [
              -111.95793140299998,
              40.39931265000007
            ],
            [
              -111.95811611999994,
              40.39935000600008
            ],
            [
              -111.95775714799998,
              40.39983688500007
            ],
            [
              -111.95771920613012,
              40.39989162985705
            ],
            [
              -111.95768620060423,
              40.39994948502205
            ],
            [
              -111.95765838467071,
              40.40001000657769
            ],
            [
              -111.95763597175863,
              40.40007273014764
            ],
            [
              -111.95761913384024,
              40.40013717445972
            ],
            [
              -111.95760800011132,
              40.400202845038635
            ],
            [
              -111.95760265599995,
              40.40026923800008
            ],
            [
              -111.957555233,
              40.40207631200008
            ],
            [
              -111.96398098499998,
              40.40217469600003
            ],
            [
              -111.96626004499996,
              40.402191290000076
            ],
            [
              -111.96731034899994,
              40.401975304000075
            ],
            [
              -111.97046718699994,
              40.40149755900006
            ],
            [
              -111.97835843799999,
              40.40006791900004
            ],
            [
              -111.97835953699996,
              40.39864509100005
            ],
            [
              -111.97838419599998,
              40.39644557400004
            ],
            [
              -111.97822919699996,
              40.396477796000056
            ],
            [
              -111.97817545999999,
              40.396484677000046
            ],
            [
              -111.97811843899996,
              40.39648942900004
            ],
            [
              -111.97807691499997,
              40.39653298500008
            ],
            [
              -111.97804667499997,
              40.39654677500005
            ],
            [
              -111.97801172799996,
              40.396554252000044
            ],
            [
              -111.97781311299997,
              40.39657198900005
            ],
            [
              -111.97755588599995,
              40.39659348500004
            ],
            [
              -111.97739824299998,
              40.39658166100003
            ],
            [
              -111.97718105499996,
              40.39656534000005
            ],
            [
              -111.97700168699998,
              40.39650435500005
            ],
            [
              -111.97731347599995,
              40.39568336200006
            ],
            [
              -111.97765299999998,
              40.395552880000025
            ],
            [
              -111.97795782799994,
              40.395535567000024
            ],
            [
              -111.978386608,
              40.396231373000035
            ],
            [
              -111.97840075499994,
              40.39496937900003
            ],
            [
              -111.97360732899995,
              40.394909934000054
            ],
            [
              -111.96400927399998,
              40.39479166700005
            ],
            [
              -111.95455378399998,
              40.39477961400007
            ]
          ]
        ]
      },
      "properties": {
        "OBJECTID": 104,
        "Join_Count": 1,
        "TARGET_FID": 1776,
        "PARCEL_NO": 580220257,
        "PARCELID": "580220257",
        "PARCELID_LABEL": "58:022:0257",
        "OWNER_NAME": "MILLROSE PROPERTIES UTAH LLC",
        "CARE_NAME": null,
        "ACREAGE": 342.611812,
        "SITE_FULL_ADDRESS": null,
        "OWN_FULL_ADDRESS": "111 E SEGO LILY DR # 150  SANDY, UT 84070",
        "PROP_TYPE": 9999,
        "PROP_TYPE_DESCR": "DEFAULT",
        "SPECIFIC_PROP_TYPE": 9999,
        "SPC_PROP_TYP_DESCR": "DEFAULT",
        "ASMT_YEAR": 2026,
        "ASMT_CODE": "UNK",
        "ASMT_CODE_DESCR": "UNK",
        "MKT_LAND_VALUE": 0,
        "MKT_CUR_VALUE": 0,
        "MKT_PRV_VAL": 0,
        "MKT_VAL_YR_CHG": 0,
        "MKT_PCT_CHG": 0,
        "GLOBALID": "{91B6B301-C5DE-4A72-B460-F07F62D3CD41}",
        "Code": null,
        "Description": "Medium Density Residential",
        "City": "Saratoga Springs",
        "Description_detailed": "Any Residential",
        "Acres": null,
        "Unit_Rate": null,
        "CityName": null,
        "AdoptedDate": null,
        "Slope_Score": 10,
        "GP_Score": 8,
        "Utilities_Score": 10,
        "Wetlands_Score": 0,
        "Soil_Score": 10,
        "Ownership_Score": 5,
        "Ownership_Type": "Business",
        "Utility_Proximity_Status": "Within 1/8 Mile",
        "Final_Score": 7.25,
        "ELEV_CHANGE": 481.1160424267582,
        "SLOPE": 3.57691243967216,
        "Join_Count_12": 1,
        "TARGET_FID_12": 66751,
        "Shape_Length_12": null,
        "Shape_Area_12": null,
        "OBJECTID_1_12": null,
        "Join_Count_12_13": null,
        "TARGET_FID_12_13": null,
        "Id": 2073,
        "gridcode": 1,
        "ClassName": "Not Hydric",
        "Shape_Length_12_13": null,
        "Shape_Area_12_13": null,
        "SITE_HOUSE_NUM": null,
        "SITE_PRE_DIR": null,
        "SITE_STREET_NAME": null,
        "SITE_STREET_TYPE": null,
        "SITE_POST_DIR": null,
        "SITE_STREET_UNIT": null,
        "SITE_CITY": null,
        "SITE_STATE": null,
        "SITE_ZIP5": "84045",
        "OWN_STREET_ADDRESS": "1307 COMMERCE DR STE 200",
        "OWN_CITY": "SARATOGA SPRINGS",
        "OWN_STATE": "UT",
        "OWN_ZIP5": "84045",
        "VESTING_DOC": "65238-2023 (MORE)",
        "PARCEL_CREATE_DATE": 1750118400000,
        "MAP_FILING_NO": "19754 ",
        "SUB_NAME": "SARATOGA SPRINGS CEMETERY",
        "LEGAL_DESCR": "LOT 1, SARATOGA SPRINGS CEMETERY. AREA 20.041 AC.",
        "BOOK_PAGE": 71043,
        "LOT": "1",
        "BUILDING": null,
        "UNIT": null,
        "TAX_DISTRICT": "039",
        "TAX_DISTRICT_DESCR": "SARATOGA SPRINGS",
        "SCHOOL_DISTRICT": "ALPINE",
        "TAXABLE_CODE": 100,
        "ACCOUNT_TYPE": null,
        "NEIGHBORHOOD": "9999",
        "NBHD_DISTRICT": null,
        "LAND_DISTRICT": 9999,
        "ECONOMIC_UNIT": null,
        "GLA_WEIGHTED_YRBLT": null,
        "TOTAL_ABOVE_GRADE_AREA": null,
        "TOTAL_MEZZANINE": null,
        "TOTAL_BASEMENT": null,
        "TOTAL_BSMT_FINISH": null,
        "TOTAL_UNIT_COUNT": null,
        "TOTAL_IMP_COUNT": null,
        "MKT_LAND_RES": 0,
        "MKT_LAND_AGR": 0,
        "MKT_LAND_COM": 0,
        "MKT_IMP_VALUE": 0,
        "MKT_IMP_RES": 0,
        "MKT_IMP_AGR": 0,
        "MKT_IMP_COM": 0,
        "TXBL_CUR_VALUE": 0,
        "TXBL_PRV_VAL": 0,
        "TXBL_VAL_YR_CHG": 0,
        "TXBL_PCT_CHG": 0,
        "TOT_CUR_TAXES": 0,
        "TOT_PRV_TAXES": 0,
        "TAXES_YR_CHG": 0,
        "TAXES_PCT_CHG": 0,
        "GREENBELT": null,
        "EXEMPT_RES": "UNK",
        "COMMON_AREA": null,
        "PUBLIC_ROAD": null,
        "PRIVATE_ROAD": null,
        "PART_CENTRAL_ASSD": null,
        "PART_TAXABLE": null,
        "IMP_NO_RES": null,
        "COST_GROUP_RES": null,
        "STYLE_DESCR_RES": null,
        "QUALITY_RES": null,
        "QUALITY_DESCR_RES": null,
        "CONDITION_RES": null,
        "CONDITION_DESCR_RES": null,
        "YEARBLT_RES": null,
        "GLA_RES": null,
        "BASEMENT_RES": null,
        "BSMT_FINISH_RES": null,
        "ATT_GARAGE_SQFT_RES": null,
        "BATHROOMS_RES": null,
        "GLA_BEDROOMS_RES": null,
        "EXTERIOR_RES": null,
        "ALLOCATION_PCT_RES": null,
        "TRAV_COUNT": null,
        "LASTUPDATE": null,
        "CREATED_DATE": 1750160197000,
        "LAST_EDITED_DATE": 1750160197000,
        "ChangeType": "Added",
        "Previous_Owner": null,
        "Shape_Length_12_13_14": 4101.484715167236,
        "Shape_Area_12_13_14": 872956.0975354511,
        "Shape_Length": 0.10919518525912533,
        "Shape_Area": 0.00014709448217419658
      }
    },
    {
      "type": "Feature",
      "id": 105,
      "geometry": {
        "type": "Polygon",
        "coordinates": [
          [
            [
              -111.56123957199998,
              40.14506493600004
            ],
            [
              -111.56230172399995,
              40.14506436200003
            ],
            [
              -111.56230038599995,
              40.14358958100007
            ],
            [
              -111.56219335199995,
              40.14358963800004
            ],
            [
              -111.56219327199994,
              40.14350181400005
            ],
            [
              -111.56220156464799,
              40.14350204423055
            ],
            [
              -111.56220977584645,
              40.14350086218246
            ],
            [
              -111.5622176668316,
              40.14349830222714
            ],
            [
              -111.56222500815082,
              40.143494438802506
            ],
            [
              -111.56223158633458,
              40.143489384248504
            ],
            [
              -111.56223721010367,
              40.14348328554053
            ],
            [
              -111.56224171593117,
              40.143476320015694
            ],
            [
              -111.56224497279746,
              40.14346869021623
            ],
            [
              -111.56224688599997,
              40.14346061800006
            ],
            [
              -111.56224688199995,
              40.14346013200003
            ],
            [
              -111.56224355999996,
              40.14325304700003
            ],
            [
              -111.56123794799998,
              40.14325358000008
            ],
            [
              -111.56123957199998,
              40.14506493600004
            ]
          ]
        ]
      },
      "properties": {
        "OBJECTID": 105,
        "Join_Count": 1,
        "TARGET_FID": 1779,
        "PARCEL_NO": 260660158,
        "PARCELID": "260660158",
        "PARCELID_LABEL": "26:066:0158",
        "OWNER_NAME": "PATTEN, ERIC S & CINDY J",
        "CARE_NAME": null,
        "ACREAGE": 4.442276,
        "SITE_FULL_ADDRESS": null,
        "OWN_FULL_ADDRESS": "1442 E 1600 N  MAPLETON, UT 84664-4101",
        "PROP_TYPE": 9999,
        "PROP_TYPE_DESCR": "DEFAULT",
        "SPECIFIC_PROP_TYPE": 9999,
        "SPC_PROP_TYP_DESCR": "DEFAULT",
        "ASMT_YEAR": 2026,
        "ASMT_CODE": "UNK",
        "ASMT_CODE_DESCR": "UNK",
        "MKT_LAND_VALUE": 0,
        "MKT_CUR_VALUE": 0,
        "MKT_PRV_VAL": 0,
        "MKT_VAL_YR_CHG": 0,
        "MKT_PCT_CHG": 0,
        "GLOBALID": "{23B81F6D-1B80-4F55-AE35-849AAEC184CB}",
        "Code": "MDR",
        "Description": "Medium Density Residential",
        "City": "Mapleton",
        "Description_detailed": null,
        "Acres": 1527.26703,
        "Unit_Rate": null,
        "CityName": null,
        "AdoptedDate": null,
        "Slope_Score": 10,
        "GP_Score": 8,
        "Utilities_Score": 10,
        "Wetlands_Score": 10,
        "Soil_Score": 10,
        "Ownership_Score": 10,
        "Ownership_Type": "Private",
        "Utility_Proximity_Status": "Within 1/8 Mile",
        "Final_Score": 9.5,
        "ELEV_CHANGE": 51.844641074219,
        "SLOPE": 4.823496510970901,
        "Join_Count_12": 1,
        "TARGET_FID_12": 66824,
        "Shape_Length_12": null,
        "Shape_Area_12": null,
        "OBJECTID_1_12": null,
        "Join_Count_12_13": null,
        "TARGET_FID_12_13": null,
        "Id": 2073,
        "gridcode": 1,
        "ClassName": "Not Hydric",
        "Shape_Length_12_13": null,
        "Shape_Area_12_13": null,
        "SITE_HOUSE_NUM": "1456",
        "SITE_PRE_DIR": "N",
        "SITE_STREET_NAME": "1350 EAST",
        "SITE_STREET_TYPE": null,
        "SITE_POST_DIR": null,
        "SITE_STREET_UNIT": null,
        "SITE_CITY": "MAPLETON",
        "SITE_STATE": "UT",
        "SITE_ZIP5": "84664",
        "OWN_STREET_ADDRESS": "PO BOX 117",
        "OWN_CITY": "LYMAN",
        "OWN_STATE": "WY",
        "OWN_ZIP5": "82937",
        "VESTING_DOC": "47818-2025",
        "PARCEL_CREATE_DATE": 1748908800000,
        "MAP_FILING_NO": "19750 ",
        "SUB_NAME": "MAPLE CANYON ESTATES",
        "LEGAL_DESCR": "LOT 8, MAPLE CANYON ESTATES SUB. AREA 0.414 AC.",
        "BOOK_PAGE": 67230,
        "LOT": "8",
        "BUILDING": null,
        "UNIT": null,
        "TAX_DISTRICT": "140",
        "TAX_DISTRICT_DESCR": "MAPLETON CITY",
        "SCHOOL_DISTRICT": "NEBO",
        "TAXABLE_CODE": 100,
        "ACCOUNT_TYPE": null,
        "NEIGHBORHOOD": "9999",
        "NBHD_DISTRICT": null,
        "LAND_DISTRICT": 9999,
        "ECONOMIC_UNIT": null,
        "GLA_WEIGHTED_YRBLT": null,
        "TOTAL_ABOVE_GRADE_AREA": null,
        "TOTAL_MEZZANINE": null,
        "TOTAL_BASEMENT": null,
        "TOTAL_BSMT_FINISH": null,
        "TOTAL_UNIT_COUNT": null,
        "TOTAL_IMP_COUNT": null,
        "MKT_LAND_RES": 0,
        "MKT_LAND_AGR": 0,
        "MKT_LAND_COM": 0,
        "MKT_IMP_VALUE": 0,
        "MKT_IMP_RES": 0,
        "MKT_IMP_AGR": 0,
        "MKT_IMP_COM": 0,
        "TXBL_CUR_VALUE": 0,
        "TXBL_PRV_VAL": 0,
        "TXBL_VAL_YR_CHG": 0,
        "TXBL_PCT_CHG": 0,
        "TOT_CUR_TAXES": 0,
        "TOT_PRV_TAXES": 0,
        "TAXES_YR_CHG": 0,
        "TAXES_PCT_CHG": 0,
        "GREENBELT": null,
        "EXEMPT_RES": "UNK",
        "COMMON_AREA": null,
        "PUBLIC_ROAD": "Yes",
        "PRIVATE_ROAD": null,
        "PART_CENTRAL_ASSD": null,
        "PART_TAXABLE": null,
        "IMP_NO_RES": null,
        "COST_GROUP_RES": null,
        "STYLE_DESCR_RES": null,
        "QUALITY_RES": null,
        "QUALITY_DESCR_RES": null,
        "CONDITION_RES": null,
        "CONDITION_DESCR_RES": null,
        "YEARBLT_RES": null,
        "GLA_RES": null,
        "BASEMENT_RES": null,
        "BSMT_FINISH_RES": null,
        "ATT_GARAGE_SQFT_RES": null,
        "BATHROOMS_RES": null,
        "GLA_BEDROOMS_RES": null,
        "EXTERIOR_RES": null,
        "ALLOCATION_PCT_RES": null,
        "TRAV_COUNT": null,
        "LASTUPDATE": null,
        "CREATED_DATE": 1748958601000,
        "LAST_EDITED_DATE": 1748958601000,
        "ChangeType": "Added",
        "Previous_Owner": null,
        "Shape_Length_12_13_14": 538.8932785850805,
        "Shape_Area_12_13_14": 18048.97903480009,
        "Shape_Length": 0.005831111690065353,
        "Shape_Area": 1.9004403390514788e-06
      }
    },
    {
      "type": "Feature",
      "id": 106,
      "geometry": {
        "type": "Polygon",
        "coordinates": [
          [
            [
              -111.69557652099996,
              40.06069645600007
            ],
            [
              -111.69277351799997,
              40.060732503000054
            ],
            [
              -111.69255602299995,
              40.06073532500005
            ],
            [
              -111.69254104299995,
              40.06248620300005
            ],
            [
              -111.69414353399998,
              40.062496973000066
            ],
            [
              -111.69401807199995,
              40.064262273000054
            ],
            [
              -111.69802338699998,
              40.06428910000005
            ],
            [
              -111.69803169999994,
              40.06377107700007
            ],
            [
              -111.69743781999995,
              40.06377208600003
            ],
            [
              -111.69735221799999,
              40.06358243100004
            ],
            [
              -111.69733822499995,
              40.063582815000075
            ],
            [
              -111.69704959499995,
              40.06297147500004
            ],
            [
              -111.69671408399995,
              40.06227374700006
            ],
            [
              -111.69653026499998,
              40.061900286000025
            ],
            [
              -111.69557652099996,
              40.06069645600007
            ]
          ]
        ]
      },
      "properties": {
        "OBJECTID": 106,
        "Join_Count": 1,
        "TARGET_FID": 1784,
        "PARCEL_NO": 300090132,
        "PARCELID": "300090132",
        "PARCELID_LABEL": "30:009:0132",
        "OWNER_NAME": "LYMAN, KEITH L & GLENDA B",
        "CARE_NAME": null,
        "ACREAGE": 29.229001,
        "SITE_FULL_ADDRESS": null,
        "OWN_FULL_ADDRESS": "223 N MAIN  SALEM, UT 84653",
        "PROP_TYPE": 9999,
        "PROP_TYPE_DESCR": "DEFAULT",
        "SPECIFIC_PROP_TYPE": 9999,
        "SPC_PROP_TYP_DESCR": "DEFAULT",
        "ASMT_YEAR": 2026,
        "ASMT_CODE": "UNK",
        "ASMT_CODE_DESCR": "UNK",
        "MKT_LAND_VALUE": 0,
        "MKT_CUR_VALUE": 0,
        "MKT_PRV_VAL": 0,
        "MKT_VAL_YR_CHG": 0,
        "MKT_PCT_CHG": 0,
        "GLOBALID": "{05092CD5-54A2-47FF-8CA8-6FC9DAF041A8}",
        "Code": null,
        "Description": "West Transition to I-15",
        "City": "Salem",
        "Description_detailed": null,
        "Acres": 938.81,
        "Unit_Rate": null,
        "CityName": null,
        "AdoptedDate": null,
        "Slope_Score": 10,
        "GP_Score": 4,
        "Utilities_Score": 0,
        "Wetlands_Score": 0,
        "Soil_Score": 0,
        "Ownership_Score": 10,
        "Ownership_Type": "Private",
        "Utility_Proximity_Status": "Not Within 1/8 Mile",
        "Final_Score": 3.5,
        "ELEV_CHANGE": 6.22526574218773,
        "SLOPE": 0.28865340696267816,
        "Join_Count_12": 1,
        "TARGET_FID_12": 66952,
        "Shape_Length_12": null,
        "Shape_Area_12": null,
        "OBJECTID_1_12": null,
        "Join_Count_12_13": null,
        "TARGET_FID_12_13": null,
        "Id": 1694,
        "gridcode": 6,
        "ClassName": "All Hydric",
        "Shape_Length_12_13": null,
        "Shape_Area_12_13": null,
        "SITE_HOUSE_NUM": null,
        "SITE_PRE_DIR": null,
        "SITE_STREET_NAME": null,
        "SITE_STREET_TYPE": null,
        "SITE_POST_DIR": null,
        "SITE_STREET_UNIT": null,
        "SITE_CITY": null,
        "SITE_STATE": null,
        "SITE_ZIP5": "84653",
        "OWN_STREET_ADDRESS": "911 E PIONEER RD",
        "OWN_CITY": "DRAPER",
        "OWN_STATE": "UT",
        "OWN_ZIP5": "84020",
        "VESTING_DOC": "45353-2025 (MORE)",
        "PARCEL_CREATE_DATE": 1751414400000,
        "MAP_FILING_NO": null,
        "SUB_NAME": null,
        "LEGAL_DESCR": "COM S 811.42 FT & W 1024.81 FT FR NW COR. OF SE 1/4, SEC. 3, T9S, R2E, SLB&M.; N 31 DEG 12' 20\" W 260 FT; N 20 DEG 35' 25\" W 145.48 FT; N 20 DEG 9' 7\" W 271.02 FT; N 19 DEG 48' 45\" W 236.95 FT; S 88 DEG 4' 52\" W 62.62 FT; S 87 DEG 55' 47\" W 88.81 FT; S 89 DEG 1' 5\" W 26.58 FT; S 88 DEG 50' 14\" W 3.92 FT; S 0 DEG 46' 35\" W 840.03 FT; N 88 DEG 58' 46\" E 552.87 FT TO BEG. AREA 6.704 AC.",
        "BOOK_PAGE": 30009,
        "LOT": null,
        "BUILDING": null,
        "UNIT": null,
        "TAX_DISTRICT": "180",
        "TAX_DISTRICT_DESCR": "SALEM CITY",
        "SCHOOL_DISTRICT": "NEBO",
        "TAXABLE_CODE": 100,
        "ACCOUNT_TYPE": null,
        "NEIGHBORHOOD": "9999",
        "NBHD_DISTRICT": null,
        "LAND_DISTRICT": 9999,
        "ECONOMIC_UNIT": null,
        "GLA_WEIGHTED_YRBLT": null,
        "TOTAL_ABOVE_GRADE_AREA": null,
        "TOTAL_MEZZANINE": null,
        "TOTAL_BASEMENT": null,
        "TOTAL_BSMT_FINISH": null,
        "TOTAL_UNIT_COUNT": null,
        "TOTAL_IMP_COUNT": null,
        "MKT_LAND_RES": 0,
        "MKT_LAND_AGR": 0,
        "MKT_LAND_COM": 0,
        "MKT_IMP_VALUE": 0,
        "MKT_IMP_RES": 0,
        "MKT_IMP_AGR": 0,
        "MKT_IMP_COM": 0,
        "TXBL_CUR_VALUE": 0,
        "TXBL_PRV_VAL": 0,
        "TXBL_VAL_YR_CHG": 0,
        "TXBL_PCT_CHG": 0,
        "TOT_CUR_TAXES": 0,
        "TOT_PRV_TAXES": 0,
        "TAXES_YR_CHG": 0,
        "TAXES_PCT_CHG": 0,
        "GREENBELT": null,
        "EXEMPT_RES": "UNK",
        "COMMON_AREA": null,
        "PUBLIC_ROAD": null,
        "PRIVATE_ROAD": null,
        "PART_CENTRAL_ASSD": null,
        "PART_TAXABLE": null,
        "IMP_NO_RES": null,
        "COST_GROUP_RES": null,
        "STYLE_DESCR_RES": null,
        "QUALITY_RES": null,
        "QUALITY_DESCR_RES": null,
        "CONDITION_RES": null,
        "CONDITION_DESCR_RES": null,
        "YEARBLT_RES": null,
        "GLA_RES": null,
        "BASEMENT_RES": null,
        "BSMT_FINISH_RES": null,
        "ATT_GARAGE_SQFT_RES": null,
        "BATHROOMS_RES": null,
        "GLA_BEDROOMS_RES": null,
        "EXTERIOR_RES": null,
        "ALLOCATION_PCT_RES": null,
        "TRAV_COUNT": null,
        "LASTUPDATE": null,
        "CREATED_DATE": 1751463374000,
        "LAST_EDITED_DATE": 1751463374000,
        "ChangeType": "Added",
        "Previous_Owner": null,
        "Shape_Length_12_13_14": 2487.611444681694,
        "Shape_Area_12_13_14": 292053.392369761,
        "Shape_Length": 0.0168857745847701,
        "Shape_Area": 1.2488743247662487e-05
      }
    },
    {
      "type": "Feature",
      "id": 107,
      "geometry": {
        "type": "Polygon",
        "coordinates": [
          [
            [
              -112.03162410999994,
              40.324826521000034
            ],
            [
              -112.03173397926373,
              40.32494862678935
            ],
            [
              -112.03184699826811,
              40.325067823196854
            ],
            [
              -112.03196308999998,
              40.32518402900007
            ],
            [
              -112.03279529799994,
              40.32468448800006
            ],
            [
              -112.03265985313814,
              40.32454768936263
            ],
            [
              -112.03252939467203,
              40.324406127480714
            ],
            [
              -112.03240408999994,
              40.32425998400004
            ],
            [
              -112.03208314899996,
              40.32426144500005
            ],
            [
              -112.03200446094633,
              40.32426435149303
            ],
            [
              -112.03192612907458,
              40.32427237491846
            ],
            [
              -112.03184848577429,
              40.324285481230135
            ],
            [
              -112.03177186051315,
              40.32430361481338
            ],
            [
              -112.03169657843897,
              40.324326698721066
            ],
            [
              -112.03162295899995,
              40.32435463500008
            ],
            [
              -112.03133911999998,
              40.32447517800006
            ],
            [
              -112.03143113117287,
              40.32459469311533
            ],
            [
              -112.03152614827563,
              40.324711832642805
            ],
            [
              -112.03162410999994,
              40.324826521000034
            ]
          ]
        ]
      },
      "properties": {
        "OBJECTID": 107,
        "Join_Count": 1,
        "TARGET_FID": 1789,
        "PARCEL_NO": 358760012,
        "PARCELID": "358760012",
        "PARCELID_LABEL": "35:876:0012",
        "OWNER_NAME": "UTAH COUNTY",
        "CARE_NAME": null,
        "ACREAGE": 1.8255549999999998,
        "SITE_FULL_ADDRESS": "5379 N BECKMAN LN, EAGLE MOUNTAIN, UT",
        "OWN_FULL_ADDRESS": "100 E CENTER ST  PROVO, UT 84606-3106",
        "PROP_TYPE": 9999,
        "PROP_TYPE_DESCR": "DEFAULT",
        "SPECIFIC_PROP_TYPE": 9999,
        "SPC_PROP_TYP_DESCR": "DEFAULT",
        "ASMT_YEAR": 2026,
        "ASMT_CODE": "UNK",
        "ASMT_CODE_DESCR": "UNK",
        "MKT_LAND_VALUE": 0,
        "MKT_CUR_VALUE": 0,
        "MKT_PRV_VAL": 0,
        "MKT_VAL_YR_CHG": 0,
        "MKT_PCT_CHG": 0,
        "GLOBALID": "{E12C2AF6-058C-4F55-8F40-CC0A7E83E1B8}",
        "Code": null,
        "Description": "Medium Density Residential",
        "City": "Eagle Mountain",
        "Description_detailed": "Any Residential",
        "Acres": null,
        "Unit_Rate": null,
        "CityName": null,
        "AdoptedDate": null,
        "Slope_Score": 10,
        "GP_Score": 8,
        "Utilities_Score": 10,
        "Wetlands_Score": 10,
        "Soil_Score": 10,
        "Ownership_Score": 10,
        "Ownership_Type": "Private",
        "Utility_Proximity_Status": "Within 1/8 Mile",
        "Final_Score": 9.5,
        "ELEV_CHANGE": 54.84593684570336,
        "SLOPE": 0.8456425736552882,
        "Join_Count_12": 1,
        "TARGET_FID_12": 66991,
        "Shape_Length_12": null,
        "Shape_Area_12": null,
        "OBJECTID_1_12": null,
        "Join_Count_12_13": null,
        "TARGET_FID_12_13": null,
        "Id": 2073,
        "gridcode": 1,
        "ClassName": "Not Hydric",
        "Shape_Length_12_13": null,
        "Shape_Area_12_13": null,
        "SITE_HOUSE_NUM": " ",
        "SITE_PRE_DIR": "N",
        "SITE_STREET_NAME": "BECKMAN",
        "SITE_STREET_TYPE": "LN",
        "SITE_POST_DIR": null,
        "SITE_STREET_UNIT": null,
        "SITE_CITY": "EAGLE MOUNTAIN",
        "SITE_STATE": "UT",
        "SITE_ZIP5": "84005",
        "OWN_STREET_ADDRESS": "1650 E STAGECOACH RUN",
        "OWN_CITY": "EAGLE MOUNTAIN",
        "OWN_STATE": "UT",
        "OWN_ZIP5": "84005",
        "VESTING_DOC": "42776-2025",
        "PARCEL_CREATE_DATE": 1749686400000,
        "MAP_FILING_NO": "19756 ",
        "SUB_NAME": "BRYLEE NORTH, PLAT A",
        "LEGAL_DESCR": "PUBLIC ROAD, PLAT A, BRYLEE NORTH SUB AREA 0.828 AC.",
        "BOOK_PAGE": 35876,
        "LOT": "12",
        "BUILDING": null,
        "UNIT": null,
        "TAX_DISTRICT": "038",
        "TAX_DISTRICT_DESCR": "EAGLE MOUNTAIN",
        "SCHOOL_DISTRICT": "ALPINE",
        "TAXABLE_CODE": 100,
        "ACCOUNT_TYPE": null,
        "NEIGHBORHOOD": "9999",
        "NBHD_DISTRICT": null,
        "LAND_DISTRICT": 9999,
        "ECONOMIC_UNIT": null,
        "GLA_WEIGHTED_YRBLT": null,
        "TOTAL_ABOVE_GRADE_AREA": null,
        "TOTAL_MEZZANINE": null,
        "TOTAL_BASEMENT": null,
        "TOTAL_BSMT_FINISH": null,
        "TOTAL_UNIT_COUNT": null,
        "TOTAL_IMP_COUNT": null,
        "MKT_LAND_RES": 0,
        "MKT_LAND_AGR": 0,
        "MKT_LAND_COM": 0,
        "MKT_IMP_VALUE": 0,
        "MKT_IMP_RES": 0,
        "MKT_IMP_AGR": 0,
        "MKT_IMP_COM": 0,
        "TXBL_CUR_VALUE": 0,
        "TXBL_PRV_VAL": 0,
        "TXBL_VAL_YR_CHG": 0,
        "TXBL_PCT_CHG": 0,
        "TOT_CUR_TAXES": 0,
        "TOT_PRV_TAXES": 0,
        "TAXES_YR_CHG": 0,
        "TAXES_PCT_CHG": 0,
        "GREENBELT": null,
        "EXEMPT_RES": "UNK",
        "COMMON_AREA": null,
        "PUBLIC_ROAD": "Yes",
        "PRIVATE_ROAD": null,
        "PART_CENTRAL_ASSD": null,
        "PART_TAXABLE": null,
        "IMP_NO_RES": null,
        "COST_GROUP_RES": null,
        "STYLE_DESCR_RES": null,
        "QUALITY_RES": null,
        "QUALITY_DESCR_RES": null,
        "CONDITION_RES": null,
        "CONDITION_DESCR_RES": null,
        "YEARBLT_RES": null,
        "GLA_RES": null,
        "BASEMENT_RES": null,
        "BSMT_FINISH_RES": null,
        "ATT_GARAGE_SQFT_RES": null,
        "BATHROOMS_RES": null,
        "GLA_BEDROOMS_RES": null,
        "EXTERIOR_RES": null,
        "ALLOCATION_PCT_RES": null,
        "TRAV_COUNT": null,
        "LASTUPDATE": null,
        "CREATED_DATE": 1749744872000,
        "LAST_EDITED_DATE": 1749744872000,
        "ChangeType": "Added",
        "Previous_Owner": null,
        "Shape_Length_12_13_14": 1410.5551047809217,
        "Shape_Area_12_13_14": 36081.36809004513,
        "Shape_Length": 0.003595327164255994,
        "Shape_Area": 7.829282692924987e-07
      }
    },
    {
      "type": "Feature",
      "id": 108,
      "geometry": {
        "type": "Polygon",
        "coordinates": [
          [
            [
              -111.95811638199996,
              40.39934948500007
            ],
            [
              -111.95793169299998,
              40.39931214000006
            ],
            [
              -111.95763153399997,
              40.39947495800004
            ],
            [
              -111.95706487999996,
              40.39950902700008
            ],
            [
              -111.95462957799998,
              40.39867996100003
            ],
            [
              -111.95463287799998,
              40.39886372900003
            ],
            [
              -111.95469493099995,
              40.402031865000026
            ],
            [
              -111.95755550999996,
              40.40207577700005
            ],
            [
              -111.95760292299997,
              40.40026870200006
            ],
            [
              -111.9576082668608,
              40.4002023092525
            ],
            [
              -111.9576194003241,
              40.40013663886517
            ],
            [
              -111.95763623796377,
              40.40007219472138
            ],
            [
              -111.95765865058601,
              40.400009471295604
            ],
            [
              -111.95768646622066,
              40.39994894985935
            ],
            [
              -111.95771947144074,
              40.39989109478848
            ],
            [
              -111.95775741299997,
              40.399836350000044
            ],
            [
              -111.95811638199996,
              40.39934948500007
            ]
          ]
        ]
      },
      "properties": {
        "OBJECTID": 108,
        "Join_Count": 1,
        "TARGET_FID": 1793,
        "PARCEL_NO": 710430001,
        "PARCELID": "710430001",
        "PARCELID_LABEL": "71:043:0001",
        "OWNER_NAME": "SARATOGA SPRINGS CITY",
        "CARE_NAME": null,
        "ACREAGE": 20.040568,
        "SITE_FULL_ADDRESS": null,
        "OWN_FULL_ADDRESS": "1307 COMMERCE DR STE 200  SARATOGA SPRINGS, UT 84045",
        "PROP_TYPE": 9999,
        "PROP_TYPE_DESCR": "DEFAULT",
        "SPECIFIC_PROP_TYPE": 9999,
        "SPC_PROP_TYP_DESCR": "DEFAULT",
        "ASMT_YEAR": 2026,
        "ASMT_CODE": "UNK",
        "ASMT_CODE_DESCR": "UNK",
        "MKT_LAND_VALUE": 0,
        "MKT_CUR_VALUE": 0,
        "MKT_PRV_VAL": 0,
        "MKT_VAL_YR_CHG": 0,
        "MKT_PCT_CHG": 0,
        "GLOBALID": "{5C33100E-C601-4FC9-97D3-8B9D30009014}",
        "Code": null,
        "Description": "Medium Density Residential",
        "City": "Saratoga Springs",
        "Description_detailed": "Any Residential",
        "Acres": null,
        "Unit_Rate": null,
        "CityName": null,
        "AdoptedDate": null,
        "Slope_Score": null,
        "GP_Score": 8,
        "Utilities_Score": 10,
        "Wetlands_Score": 10,
        "Soil_Score": 10,
        "Ownership_Score": 10,
        "Ownership_Type": "Private",
        "Utility_Proximity_Status": "Within 1/8 Mile",
        "Final_Score": null,
        "ELEV_CHANGE": null,
        "SLOPE": null,
        "Join_Count_12": 1,
        "TARGET_FID_12": 67263,
        "Shape_Length_12": null,
        "Shape_Area_12": null,
        "OBJECTID_1_12": null,
        "Join_Count_12_13": null,
        "TARGET_FID_12_13": null,
        "Id": 2073,
        "gridcode": 1,
        "ClassName": "Not Hydric",
        "Shape_Length_12_13": null,
        "Shape_Area_12_13": null,
        "SITE_HOUSE_NUM": null,
        "SITE_PRE_DIR": null,
        "SITE_STREET_NAME": null,
        "SITE_STREET_TYPE": null,
        "SITE_POST_DIR": null,
        "SITE_STREET_UNIT": null,
        "SITE_CITY": null,
        "SITE_STATE": null,
        "SITE_ZIP5": "84045",
        "OWN_STREET_ADDRESS": "1307 COMMERCE DR STE 200",
        "OWN_CITY": "SARATOGA SPRINGS",
        "OWN_STATE": "UT",
        "OWN_ZIP5": "84045",
        "VESTING_DOC": "65238-2023 (MORE)",
        "PARCEL_CREATE_DATE": 1750118400000,
        "MAP_FILING_NO": "19754 ",
        "SUB_NAME": "SARATOGA SPRINGS CEMETERY",
        "LEGAL_DESCR": "LOT 1, SARATOGA SPRINGS CEMETERY. AREA 20.041 AC.",
        "BOOK_PAGE": 71043,
        "LOT": "1",
        "BUILDING": null,
        "UNIT": null,
        "TAX_DISTRICT": "039",
        "TAX_DISTRICT_DESCR": "SARATOGA SPRINGS",
        "SCHOOL_DISTRICT": "ALPINE",
        "TAXABLE_CODE": 100,
        "ACCOUNT_TYPE": null,
        "NEIGHBORHOOD": "9999",
        "NBHD_DISTRICT": null,
        "LAND_DISTRICT": 9999,
        "ECONOMIC_UNIT": null,
        "GLA_WEIGHTED_YRBLT": null,
        "TOTAL_ABOVE_GRADE_AREA": null,
        "TOTAL_MEZZANINE": null,
        "TOTAL_BASEMENT": null,
        "TOTAL_BSMT_FINISH": null,
        "TOTAL_UNIT_COUNT": null,
        "TOTAL_IMP_COUNT": null,
        "MKT_LAND_RES": 0,
        "MKT_LAND_AGR": 0,
        "MKT_LAND_COM": 0,
        "MKT_IMP_VALUE": 0,
        "MKT_IMP_RES": 0,
        "MKT_IMP_AGR": 0,
        "MKT_IMP_COM": 0,
        "TXBL_CUR_VALUE": 0,
        "TXBL_PRV_VAL": 0,
        "TXBL_VAL_YR_CHG": 0,
        "TXBL_PCT_CHG": 0,
        "TOT_CUR_TAXES": 0,
        "TOT_PRV_TAXES": 0,
        "TAXES_YR_CHG": 0,
        "TAXES_PCT_CHG": 0,
        "GREENBELT": null,
        "EXEMPT_RES": "UNK",
        "COMMON_AREA": null,
        "PUBLIC_ROAD": null,
        "PRIVATE_ROAD": null,
        "PART_CENTRAL_ASSD": null,
        "PART_TAXABLE": null,
        "IMP_NO_RES": null,
        "COST_GROUP_RES": null,
        "STYLE_DESCR_RES": null,
        "QUALITY_RES": null,
        "QUALITY_DESCR_RES": null,
        "CONDITION_RES": null,
        "CONDITION_DESCR_RES": null,
        "YEARBLT_RES": null,
        "GLA_RES": null,
        "BASEMENT_RES": null,
        "BSMT_FINISH_RES": null,
        "ATT_GARAGE_SQFT_RES": null,
        "BATHROOMS_RES": null,
        "GLA_BEDROOMS_RES": null,
        "EXTERIOR_RES": null,
        "ALLOCATION_PCT_RES": null,
        "TRAV_COUNT": null,
        "LASTUPDATE": null,
        "CREATED_DATE": 1750160197000,
        "LAST_EDITED_DATE": 1750160197000,
        "ChangeType": "Added",
        "Previous_Owner": null,
        "Shape_Length_12_13_14": 4101.484715167236,
        "Shape_Area_12_13_14": 872956.0975354511,
        "Shape_Length": 0.012762584584935635,
        "Shape_Area": 8.604172489125077e-06
      }
    },
    {
      "type": "Feature",
      "id": 109,
      "geometry": {
        "type": "Polygon",
        "coordinates": [
          [
            [
              -111.94090422299996,
              40.34535216200004
            ],
            [
              -111.94508116599997,
              40.34534557000006
            ],
            [
              -111.94508121999996,
              40.345345569000074
            ],
            [
              -111.94584975899994,
              40.345344340000054
            ],
            [
              -111.94593904360717,
              40.345345949213
            ],
            [
              -111.94602819599999,
              40.345351066000035
            ],
            [
              -111.94857197599998,
              40.34554741200003
            ],
            [
              -111.94858452461703,
              40.345548028203446
            ],
            [
              -111.94859680779649,
              40.34555066846843
            ],
            [
              -111.94860850125396,
              40.34555526309016
            ],
            [
              -111.94861929627415,
              40.34556169076749
            ],
            [
              -111.94862890786109,
              40.3455697818053
            ],
            [
              -111.94863708226231,
              40.34557932259465
            ],
            [
              -111.94864360366797,
              40.34559006125214
            ],
            [
              -111.94864829990851,
              40.34560171426983
            ],
            [
              -111.94865104699994,
              40.34561397400006
            ],
            [
              -111.94865060399997,
              40.34562106200008
            ],
            [
              -111.94882546699995,
              40.34563455600005
            ],
            [
              -111.94883034543918,
              40.34562164937233
            ],
            [
              -111.94883725029442,
              40.34560970352861
            ],
            [
              -111.94884599915308,
              40.34559903405437
            ],
            [
              -111.94885636088765,
              40.34558992281599
            ],
            [
              -111.94886806176166,
              40.34558261051432
            ],
            [
              -111.9488807926612,
              40.34557729032587
            ],
            [
              -111.94889421726114,
              40.345574102799475
            ],
            [
              -111.94890798091018,
              40.345573132143265
            ],
            [
              -111.94892171999999,
              40.34557440400005
            ],
            [
              -111.94893935699997,
              40.345440610000026
            ],
            [
              -111.94892734051241,
              40.345440282061986
            ],
            [
              -111.94891553249151,
              40.345438029472575
            ],
            [
              -111.94890423918176,
              40.34543391065337
            ],
            [
              -111.94889375347849,
              40.34542803242715
            ],
            [
              -111.94888434733147,
              40.34542054724745
            ],
            [
              -111.94887626469193,
              40.3454116492446
            ],
            [
              -111.94886971518548,
              40.34540156919093
            ],
            [
              -111.94886486867551,
              40.3453905685156
            ],
            [
              -111.94886185085768,
              40.345378932524355
            ],
            [
              -111.94886073999999,
              40.34536696300006
            ],
            [
              -111.94887249299995,
              40.34527781300005
            ],
            [
              -111.94887820066086,
              40.34518817218225
            ],
            [
              -111.94887760683929,
              40.34509835180046
            ],
            [
              -111.94887071446024,
              40.34500879428419
            ],
            [
              -111.94885755747362,
              40.34491994076815
            ],
            [
              -111.94883820068695,
              40.34483222891936
            ],
            [
              -111.94881273944624,
              40.34474609078128
            ],
            [
              -111.94878129916628,
              40.34466195064576
            ],
            [
              -111.94874403471292,
              40.34458022296303
            ],
            [
              -111.94870112964016,
              40.344501310300295
            ],
            [
              -111.94865279528612,
              40.34442560135874
            ],
            [
              -111.94859926973203,
              40.34435346905899
            ],
            [
              -111.94854081662946,
              40.34428526870409
            ],
            [
              -111.94847772390165,
              40.3442213362295
            ],
            [
              -111.94841030232534,
              40.3441619865483
            ],
            [
              -111.94833888399995,
              40.34410751200005
            ],
            [
              -111.94554949099995,
              40.34191451300006
            ],
            [
              -111.94547843582129,
              40.34185890404449
            ],
            [
              -111.94541178229211,
              40.34179808873883
            ],
            [
              -111.94534991095806,
              40.34173241429648
            ],
            [
              -111.94529317506174,
              40.34166225567317
            ],
            [
              -111.94524189852595,
              40.341588013426225
            ],
            [
              -111.94519637410431,
              40.3415101114276
            ],
            [
              -111.94515686170985,
              40.34142899444394
            ],
            [
              -111.94512358693105,
              40.341345125597215
            ],
            [
              -111.94509673974393,
              40.34125898372064
            ],
            [
              -111.94507647342739,
              40.34117106062488
            ],
            [
              -111.94506290368813,
              40.341081858290096
            ],
            [
              -111.94505610799996,
              40.34099188600004
            ],
            [
              -111.94505429899999,
              40.340713669000024
            ],
            [
              -111.94505737517908,
              40.34070045980084
            ],
            [
              -111.94506265434488,
              40.34068796675361
            ],
            [
              -111.94506998249484,
              40.34067655430256
            ],
            [
              -111.94507914585387,
              40.340666555369026
            ],
            [
              -111.94508987711063,
              40.34065826163953
            ],
            [
              -111.94510186321544,
              40.3406519150568
            ],
            [
              -111.94511475451246,
              40.340647700761856
            ],
            [
              -111.94512817493981,
              40.34064574169311
            ],
            [
              -111.94514173299996,
              40.34064609500007
            ],
            [
              -111.94514066199997,
              40.34048143700005
            ],
            [
              -111.94512708440315,
              40.340481877005146
            ],
            [
              -111.94511362844194,
              40.34048001103409
            ],
            [
              -111.94510068291913,
              40.34047589300312
            ],
            [
              -111.94508862188864,
              40.34046964190053
            ],
            [
              -111.94507779384747,
              40.34046143834858
            ],
            [
              -111.9450685116661,
              40.340451519384494
            ],
            [
              -111.94506104354811,
              40.34044017161141
            ],
            [
              -111.9450556052808,
              40.340427722917156
            ],
            [
              -111.94505235399998,
              40.34041453300006
            ],
            [
              -111.94505045299996,
              40.34012221000006
            ],
            [
              -111.94487471699995,
              40.34012241800008
            ],
            [
              -111.94487661999995,
              40.340415208000024
            ],
            [
              -111.94487354375113,
              40.34042841710854
            ],
            [
              -111.94486826453006,
              40.34044091005372
            ],
            [
              -111.94486093634119,
              40.34045232239364
            ],
            [
              -111.94485177296112,
              40.340462321209586
            ],
            [
              -111.94484104170233,
              40.34047061481792
            ],
            [
              -111.94482905561513,
              40.340476961279
            ],
            [
              -111.9448161643555,
              40.340481175455025
            ],
            [
              -111.94480274398491,
              40.3404831344108
            ],
            [
              -111.94478918599998,
              40.34048278100005
            ],
            [
              -111.94410271199996,
              40.34048539100007
            ],
            [
              -111.94399298869244,
              40.34048748757071
            ],
            [
              -111.94388338154972,
              40.340492953289896
            ],
            [
              -111.94377399399997,
              40.340501783000036
            ],
            [
              -111.94366532056847,
              40.34051055463361
            ],
            [
              -111.94355642897946,
              40.34051598400829
            ],
            [
              -111.94344742199996,
              40.34051806600007
            ],
            [
              -111.94246015599998,
              40.34052180700007
            ],
            [
              -111.94246127999997,
              40.34069541200006
            ],
            [
              -111.94038435099998,
              40.340703294000036
            ],
            [
              -111.94041191499997,
              40.344986790000064
            ],
            [
              -111.94037651186127,
              40.34494598722955
            ],
            [
              -111.9403468150539,
              40.34490086131745
            ],
            [
              -111.9403233461284,
              40.344852204788126
            ],
            [
              -111.94030651725801,
              40.34480087217244
            ],
            [
              -111.94029662399998,
              40.34474776500008
            ],
            [
              -111.94028056879193,
              40.34467829602095
            ],
            [
              -111.94025806353349,
              40.344610640850355
            ],
            [
              -111.94022930696339,
              40.344545396935374
            ],
            [
              -111.94019455302418,
              40.34448314042988
            ],
            [
              -111.94015410861988,
              40.3444244211066
            ],
            [
              -111.94010833090559,
              40.34436975750225
            ],
            [
              -111.94005762413369,
              40.34431963233842
            ],
            [
              -111.94000243608389,
              40.34427448825878
            ],
            [
              -111.93994325410905,
              40.34423472392022
            ],
            [
              -111.93988060083144,
              40.34420069047239
            ],
            [
              -111.93981502952762,
              40.34417268845674
            ],
            [
              -111.93974711924253,
              40.34415096515258
            ],
            [
              -111.9396774696761,
              40.34413571239336
            ],
            [
              -111.9396066958875,
              40.34412706487265
            ],
            [
              -111.93953542286363,
              40.3441250989547
            ],
            [
              -111.93946427999998,
              40.34412983200008
            ],
            [
              -111.93915106199995,
              40.34413101500007
            ],
            [
              -111.93915192499998,
              40.34426548500005
            ],
            [
              -111.93946514399994,
              40.344264303000045
            ],
            [
              -111.93952922313478,
              40.34426047186875
            ],
            [
              -111.93959334361749,
              40.34426353402289
            ],
            [
              -111.93965676604367,
              40.3442734541513
            ],
            [
              -111.93971875905858,
              40.34429011786016
            ],
            [
              -111.9397786077907,
              40.34431333299216
            ],
            [
              -111.93983562209529,
              40.344342831842354
            ],
            [
              -111.93988914451273,
              40.34437827424521
            ],
            [
              -111.93993855785011,
              40.344419251497186
            ],
            [
              -111.93998329229827,
              40.34446529106972
            ],
            [
              -111.94002283200257,
              40.344515862058174
            ],
            [
              -111.94005672101153,
              40.34457038130397
            ],
            [
              -111.94008456853456,
              40.34462822011923
            ],
            [
              -111.94010605344835,
              40.344688711536556
            ],
            [
              -111.94012092799994,
              40.344751158000065
            ],
            [
              -111.94013360095056,
              40.344818358052066
            ],
            [
              -111.94015274381576,
              40.34488400865281
            ],
            [
              -111.94017817541656,
              40.34494748844761
            ],
            [
              -111.94020965505379,
              40.3450081966275
            ],
            [
              -111.94024688478625,
              40.34506555861568
            ],
            [
              -111.94028951225052,
              40.345119031505604
            ],
            [
              -111.94033713399597,
              40.34516810919937
            ],
            [
              -111.94038929930329,
              40.34521232719772
            ],
            [
              -111.94044551445029,
              40.34525126699632
            ],
            [
              -111.94050524738476,
              40.34528456004673
            ],
            [
              -111.94056793276019,
              40.345311891244535
            ],
            [
              -111.94063297728646,
              40.345333001911726
            ],
            [
              -111.9406997653451,
              40.3453476922449
            ],
            [
              -111.94076766481588,
              40.34535582320638
            ],
            [
              -111.94083603305951,
              40.34535731784012
            ],
            [
              -111.94090422299996,
              40.34535216200004
            ]
          ],
          [
            [
              -111.94796966799998,
              40.34406510200006
            ],
            [
              -111.94817702399996,
              40.34422811600007
            ],
            [
              -111.94824439171317,
              40.34427976957229
            ],
            [
              -111.9483076877136,
              40.344336339145705
            ],
            [
              -111.94836655412247,
              40.34439750487313
            ],
            [
              -111.9484206581062,
              40.34446292092047
            ],
            [
              -111.94846969375816,
              40.34453221742214
            ],
            [
              -111.9485133838283,
              40.34460500257226
            ],
            [
              -111.94855148129079,
              40.34468086483994
            ],
            [
              -111.94858377074068,
              40.34475937529613
            ],
            [
              -111.94861006961182,
              40.344840090038794
            ],
            [
              -111.94863022920904,
              40.34492255270275
            ],
            [
              -111.948644135549,
              40.34500629703996
            ],
            [
              -111.94865171000455,
              40.34509084955576
            ],
            [
              -111.94865290974936,
              40.345175732186014
            ],
            [
              -111.94864772799997,
              40.34526046500008
            ],
            [
              -111.94863651599997,
              40.345345518000045
            ],
            [
              -111.948634416826,
              40.345351412651034
            ],
            [
              -111.94863143127611,
              40.34535691173583
            ],
            [
              -111.9486276311905,
              40.34536188293197
            ],
            [
              -111.94862310800926,
              40.3453662066194
            ],
            [
              -111.94861797057199,
              40.34536977875882
            ],
            [
              -111.94861234249898,
              40.345372513395155
            ],
            [
              -111.94860635921647,
              40.34537434472585
            ],
            [
              -111.948600164698,
              40.34537522868427
            ],
            [
              -111.94859390799996,
              40.34537514400006
            ],
            [
              -111.94858936399999,
              40.34537497700006
            ],
            [
              -111.94643410199996,
              40.34520862200003
            ],
            [
              -111.94796966799998,
              40.34406510200006
            ]
          ]
        ]
      },
      "properties": {
        "OBJECTID": 109,
        "Join_Count": 1,
        "TARGET_FID": 1800,
        "PARCEL_NO": 580410329,
        "PARCELID": "580410329",
        "PARCELID_LABEL": "58:041:0329",
        "OWNER_NAME": "ALPINE SCHOOL DISTRICT",
        "CARE_NAME": "%SUNDBERG, JASON",
        "ACREAGE": 70.110226,
        "SITE_FULL_ADDRESS": null,
        "OWN_FULL_ADDRESS": "%SUNDBERG, JASON  575 N 100 E  AMERICAN FORK, UT 84003-1758",
        "PROP_TYPE": 9999,
        "PROP_TYPE_DESCR": "DEFAULT",
        "SPECIFIC_PROP_TYPE": 9999,
        "SPC_PROP_TYP_DESCR": "DEFAULT",
        "ASMT_YEAR": 2026,
        "ASMT_CODE": "UNK",
        "ASMT_CODE_DESCR": "UNK",
        "MKT_LAND_VALUE": 0,
        "MKT_CUR_VALUE": 0,
        "MKT_PRV_VAL": 0,
        "MKT_VAL_YR_CHG": 0,
        "MKT_PCT_CHG": 0,
        "GLOBALID": "{0B536314-F98C-4B44-B1F7-5F3C3BC69C4C}",
        "Code": null,
        "Description": "Medium Density Residential",
        "City": "Saratoga Springs",
        "Description_detailed": "Any Residential",
        "Acres": null,
        "Unit_Rate": null,
        "CityName": null,
        "AdoptedDate": null,
        "Slope_Score": 10,
        "GP_Score": 8,
        "Utilities_Score": 10,
        "Wetlands_Score": 10,
        "Soil_Score": 10,
        "Ownership_Score": 1,
        "Ownership_Type": "Government",
        "Utility_Proximity_Status": "Within 1/8 Mile",
        "Final_Score": 8.15,
        "ELEV_CHANGE": 3.640883354492871,
        "SLOPE": 2.8298678774312194,
        "Join_Count_12": 1,
        "TARGET_FID_12": 67446,
        "Shape_Length_12": null,
        "Shape_Area_12": null,
        "OBJECTID_1_12": null,
        "Join_Count_12_13": null,
        "TARGET_FID_12_13": null,
        "Id": 2073,
        "gridcode": 1,
        "ClassName": "Not Hydric",
        "Shape_Length_12_13": null,
        "Shape_Area_12_13": null,
        "SITE_HOUSE_NUM": null,
        "SITE_PRE_DIR": null,
        "SITE_STREET_NAME": null,
        "SITE_STREET_TYPE": null,
        "SITE_POST_DIR": null,
        "SITE_STREET_UNIT": null,
        "SITE_CITY": null,
        "SITE_STATE": null,
        "SITE_ZIP5": "84045",
        "OWN_STREET_ADDRESS": "575 N 100 E",
        "OWN_CITY": "AMERICAN FORK",
        "OWN_STATE": "UT",
        "OWN_ZIP5": "84003",
        "VESTING_DOC": "37503-2025",
        "PARCEL_CREATE_DATE": 1749168000000,
        "MAP_FILING_NO": null,
        "SUB_NAME": null,
        "LEGAL_DESCR": "COM S 759.954 FT & W 6.256 FT FR NW COR. SEC. 34, T5S, R2W, SLB&M.; S 89 DEG 50' 4\" E 1164.58 FT; ALONG A CURVE TO R (CHORD BEARS: S 44 DEG 38' 17\" E 309.28 FT, RADIUS = 216.46 FT); ALONG A CURVE TO L (CHORD BEARS: S 45 DEG 34' 58\" E 254.76 FT, RADIUS = 182 FT); N 89 DEG 59' 55\" E 87.33 FT; S 49 FT; S 89 DEG 59' 55\" W 87.33 FT; ALONG A CURVE TO R (CHORD BEARS: N 45 DEG 34' 58\" W 323.35 FT, RADIUS = 231 FT); ALONG A CURVE TO L (CHORD BEARS: N 19 DEG 58' 29\" W 92.84 FT, RADIUS = 170.48 FT); S 1560.87 FT; S 89 DEG 59' 55\" W 579.11 FT; S 0 DEG 0' 2\" E 63.26 FT; W 275.28 FT; ALONG A CURVE TO L (CHORD BEARS: S 86 DEG 33' 21\" W 91.25 FT, RADIUS = 759.5 FT); ALONG A CURVE TO R (CHORD BEARS: S 86 DEG 33' 21\" W 91.85 FT, RADIUS = 764.5 FT); W 191.41 FT; ALONG A CURVE TO L (CHORD BEARS: S 45 DEG 0' 0\" W 34.65 FT, RADIUS = 24.5 FT); S 106.69 FT; N 89 DEG 48' 13\" W 49 FT; N 106.52 FT; ALONG A CURVE TO L (CHORD BEARS: N 45 DEG 0' 0\" W 34.65 FT, RADIUS = 24.5 FT); N 60 FT; ALONG A CURVE TO L (CHORD BEARS: N 45 DEG 0' 0\" E 34.65 FT, RADIUS = 24.5 FT); N 101.38 FT; ALONG A CURVE TO L (CHORD BEARS: N 21 DEG 58' 7\" W 363.25 FT, RADIUS = 485.5 FT); N 43 DEG 56' 14\" W 1115.09 FT; ALONG A CURVE TO R (CHORD BEARS: N 18 DEG 56' 43\" W 451.65 FT, RADIUS = 534.5 FT); N 6 DEG 2' 50\" E 32.65 FT; ALONG A CURVE TO L (CHORD BEARS: N 38 DEG 57' 11\" W 34.65 FT, RADIUS = 24.5 FT); N 6 DEG 2' 49\" E 49 FT; ALONG A CURVE TO L (CHORD BEARS: N 51 DEG 2' 49\" E 34.65 FT, RADIUS = 24.5 FT); S 83 DEG 57' 11\" E 49 FT; ALONG A CURVE TO L (CHORD BEARS: S 38 DEG 57' 11\" E 34.65 FT, RADIUS = 24.5 FT); S 4 DEG 41' 57\" W 63.02 FT; ALONG A CURVE TO L (CHORD BEARS: S 51 DEG 2' 49\" W 16.97 FT, RADIUS = 12 FT); S 6 DEG 2' 49\" W 31.15 FT; ALONG A CURVE TO L (CHORD BEARS: S 18 DEG 56' 43\" E 398.41 FT, RADIUS = 471.5 FT); S 43 DEG 56' 14\" E 82.89 FT; N 46 DEG 3' 46\" E 597.43 FT; N 83 DEG 57' 11\" W 603.95 FT; N 4 DEG 41' 57\" E 63.02 FT; S 83 DEG 57' 11\" E 712.82 FT; ALONG A CURVE TO L (CHORD BEARS: S 86 DEG 53' 38\" E 49.81 FT, RADIUS = 485.5 FT); S 89 DEG 50' 4\" E 214.29 FT TO BEG. AREA 70.110 AC.",
        "BOOK_PAGE": 58041,
        "LOT": null,
        "BUILDING": null,
        "UNIT": null,
        "TAX_DISTRICT": "039",
        "TAX_DISTRICT_DESCR": "SARATOGA SPRINGS",
        "SCHOOL_DISTRICT": "ALPINE",
        "TAXABLE_CODE": 100,
        "ACCOUNT_TYPE": null,
        "NEIGHBORHOOD": "9999",
        "NBHD_DISTRICT": null,
        "LAND_DISTRICT": 9999,
        "ECONOMIC_UNIT": null,
        "GLA_WEIGHTED_YRBLT": null,
        "TOTAL_ABOVE_GRADE_AREA": null,
        "TOTAL_MEZZANINE": null,
        "TOTAL_BASEMENT": null,
        "TOTAL_BSMT_FINISH": null,
        "TOTAL_UNIT_COUNT": null,
        "TOTAL_IMP_COUNT": null,
        "MKT_LAND_RES": 0,
        "MKT_LAND_AGR": 0,
        "MKT_LAND_COM": 0,
        "MKT_IMP_VALUE": 0,
        "MKT_IMP_RES": 0,
        "MKT_IMP_AGR": 0,
        "MKT_IMP_COM": 0,
        "TXBL_CUR_VALUE": 0,
        "TXBL_PRV_VAL": 0,
        "TXBL_VAL_YR_CHG": 0,
        "TXBL_PCT_CHG": 0,
        "TOT_CUR_TAXES": 0,
        "TOT_PRV_TAXES": 0,
        "TAXES_YR_CHG": 0,
        "TAXES_PCT_CHG": 0,
        "GREENBELT": null,
        "EXEMPT_RES": "UNK",
        "COMMON_AREA": null,
        "PUBLIC_ROAD": null,
        "PRIVATE_ROAD": null,
        "PART_CENTRAL_ASSD": null,
        "PART_TAXABLE": null,
        "IMP_NO_RES": null,
        "COST_GROUP_RES": null,
        "STYLE_DESCR_RES": null,
        "QUALITY_RES": null,
        "QUALITY_DESCR_RES": null,
        "CONDITION_RES": null,
        "CONDITION_DESCR_RES": null,
        "YEARBLT_RES": null,
        "GLA_RES": null,
        "BASEMENT_RES": null,
        "BSMT_FINISH_RES": null,
        "ATT_GARAGE_SQFT_RES": null,
        "BATHROOMS_RES": null,
        "GLA_BEDROOMS_RES": null,
        "EXTERIOR_RES": null,
        "ALLOCATION_PCT_RES": null,
        "TRAV_COUNT": null,
        "LASTUPDATE": null,
        "CREATED_DATE": 1749207104000,
        "LAST_EDITED_DATE": 1749207104000,
        "ChangeType": "Added",
        "Previous_Owner": null,
        "Shape_Length_12_13_14": 10778.634715930966,
        "Shape_Area_12_13_14": 3053987.674264696,
        "Shape_Length": 0.03469601040399616,
        "Shape_Area": 3.0077991301235783e-05
      }
    },
    {
      "type": "Feature",
      "id": 110,
      "geometry": {
        "type": "Polygon",
        "coordinates": [
          [
            [
              -111.69226773499997,
              40.056463991000044
            ],
            [
              -111.69227341199996,
              40.05849613100003
            ],
            [
              -111.69179216399999,
              40.058553860000075
            ],
            [
              -111.69227978899994,
              40.060775128000046
            ],
            [
              -111.69255600499997,
              40.06073532000005
            ],
            [
              -111.69277350099998,
              40.06073249800005
            ],
            [
              -111.69276330599996,
              40.05709780900003
            ],
            [
              -111.69226773499997,
              40.056463991000044
            ]
          ]
        ]
      },
      "properties": {
        "OBJECTID": 110,
        "Join_Count": 1,
        "TARGET_FID": 1801,
        "PARCEL_NO": 300090128,
        "PARCELID": "300090128",
        "PARCELID_LABEL": "30:009:0128",
        "OWNER_NAME": "LYMAN, MICHAEL P",
        "CARE_NAME": null,
        "ACREAGE": 5.866578,
        "SITE_FULL_ADDRESS": null,
        "OWN_FULL_ADDRESS": "8444 S STATE RD  SPANISH FORK, UT 84660-9423",
        "PROP_TYPE": 9999,
        "PROP_TYPE_DESCR": "DEFAULT",
        "SPECIFIC_PROP_TYPE": 9999,
        "SPC_PROP_TYP_DESCR": "DEFAULT",
        "ASMT_YEAR": 2026,
        "ASMT_CODE": "UNK",
        "ASMT_CODE_DESCR": "UNK",
        "MKT_LAND_VALUE": 0,
        "MKT_CUR_VALUE": 0,
        "MKT_PRV_VAL": 0,
        "MKT_VAL_YR_CHG": 0,
        "MKT_PCT_CHG": 0,
        "GLOBALID": "{8618BFF7-7AF8-44AA-A465-53ABB21AE8A0}",
        "Code": null,
        "Description": "West Transition to I-15",
        "City": "Salem",
        "Description_detailed": null,
        "Acres": 938.81,
        "Unit_Rate": null,
        "CityName": null,
        "AdoptedDate": null,
        "Slope_Score": 10,
        "GP_Score": 4,
        "Utilities_Score": 0,
        "Wetlands_Score": 0,
        "Soil_Score": 1,
        "Ownership_Score": 10,
        "Ownership_Type": "Private",
        "Utility_Proximity_Status": "Not Within 1/8 Mile",
        "Final_Score": 3.6,
        "ELEV_CHANGE": 17.518772475586047,
        "SLOPE": 0.7390695926804942,
        "Join_Count_12": 1,
        "TARGET_FID_12": 67451,
        "Shape_Length_12": null,
        "Shape_Area_12": null,
        "OBJECTID_1_12": null,
        "Join_Count_12_13": null,
        "TARGET_FID_12_13": null,
        "Id": 1706,
        "gridcode": 5,
        "ClassName": "Mostly Hydric (76 - 95%)",
        "Shape_Length_12_13": null,
        "Shape_Area_12_13": null,
        "SITE_HOUSE_NUM": null,
        "SITE_PRE_DIR": null,
        "SITE_STREET_NAME": null,
        "SITE_STREET_TYPE": null,
        "SITE_POST_DIR": null,
        "SITE_STREET_UNIT": null,
        "SITE_CITY": null,
        "SITE_STATE": null,
        "SITE_ZIP5": "84653",
        "OWN_STREET_ADDRESS": "223 N MAIN",
        "OWN_CITY": "SALEM",
        "OWN_STATE": "UT",
        "OWN_ZIP5": "84653",
        "VESTING_DOC": "45353-2025 (MORE)",
        "PARCEL_CREATE_DATE": 1751414400000,
        "MAP_FILING_NO": null,
        "SUB_NAME": null,
        "LEGAL_DESCR": "COM N 1646.76 FT & W 923.03 FT FR SE COR. SEC. 3, T9S, R2E, SLB&M.; N 89 DEG 9' 56\" E 784.86 FT; S 1324.33 FT; N 30 DEG 52' 30\" W 157.05 FT; N 53 DEG 47' 24\" E 16.96 FT; N 31 DEG 46' 25\" W 781.72 FT; N 7 DEG 47' 33\" W 1.52 FT; N 30 DEG 55' 4\" W 236.98 FT; N 31 DEG 47' 49\" W 275.85 FT; N 31 DEG 12' 20\" W 75.12 FT TO BEG. AREA 11.686 AC.",
        "BOOK_PAGE": 30009,
        "LOT": null,
        "BUILDING": null,
        "UNIT": null,
        "TAX_DISTRICT": "180",
        "TAX_DISTRICT_DESCR": "SALEM CITY",
        "SCHOOL_DISTRICT": "NEBO",
        "TAXABLE_CODE": 100,
        "ACCOUNT_TYPE": null,
        "NEIGHBORHOOD": "9999",
        "NBHD_DISTRICT": null,
        "LAND_DISTRICT": 9999,
        "ECONOMIC_UNIT": null,
        "GLA_WEIGHTED_YRBLT": null,
        "TOTAL_ABOVE_GRADE_AREA": null,
        "TOTAL_MEZZANINE": null,
        "TOTAL_BASEMENT": null,
        "TOTAL_BSMT_FINISH": null,
        "TOTAL_UNIT_COUNT": null,
        "TOTAL_IMP_COUNT": null,
        "MKT_LAND_RES": 0,
        "MKT_LAND_AGR": 0,
        "MKT_LAND_COM": 0,
        "MKT_IMP_VALUE": 0,
        "MKT_IMP_RES": 0,
        "MKT_IMP_AGR": 0,
        "MKT_IMP_COM": 0,
        "TXBL_CUR_VALUE": 0,
        "TXBL_PRV_VAL": 0,
        "TXBL_VAL_YR_CHG": 0,
        "TXBL_PCT_CHG": 0,
        "TOT_CUR_TAXES": 0,
        "TOT_PRV_TAXES": 0,
        "TAXES_YR_CHG": 0,
        "TAXES_PCT_CHG": 0,
        "GREENBELT": null,
        "EXEMPT_RES": "UNK",
        "COMMON_AREA": null,
        "PUBLIC_ROAD": null,
        "PRIVATE_ROAD": null,
        "PART_CENTRAL_ASSD": null,
        "PART_TAXABLE": null,
        "IMP_NO_RES": null,
        "COST_GROUP_RES": null,
        "STYLE_DESCR_RES": null,
        "QUALITY_RES": null,
        "QUALITY_DESCR_RES": null,
        "CONDITION_RES": null,
        "CONDITION_DESCR_RES": null,
        "YEARBLT_RES": null,
        "GLA_RES": null,
        "BASEMENT_RES": null,
        "BSMT_FINISH_RES": null,
        "ATT_GARAGE_SQFT_RES": null,
        "BATHROOMS_RES": null,
        "GLA_BEDROOMS_RES": null,
        "EXTERIOR_RES": null,
        "ALLOCATION_PCT_RES": null,
        "TRAV_COUNT": null,
        "LASTUPDATE": null,
        "CREATED_DATE": 1751463374000,
        "LAST_EDITED_DATE": 1751463374000,
        "ChangeType": "Added",
        "Previous_Owner": null,
        "Shape_Length_12_13_14": 3653.3669033999413,
        "Shape_Area_12_13_14": 509043.05926182505,
        "Shape_Length": 0.009726854205180126,
        "Shape_Area": 2.506515999094375e-06
      }
    },
    {
      "type": "Feature",
      "id": 111,
      "geometry": {
        "type": "Polygon",
        "coordinates": [
          [
            [
              -112.10213183399998,
              40.329811448000044
            ],
            [
              -112.10214387999997,
              40.32878009800004
            ],
            [
              -112.10089326599996,
              40.32877118000005
            ],
            [
              -112.10088113499995,
              40.32980734800003
            ],
            [
              -112.10213183399998,
              40.329811448000044
            ]
          ]
        ]
      },
      "properties": {
        "OBJECTID": 111,
        "Join_Count": 1,
        "TARGET_FID": 1802,
        "PARCEL_NO": 590370147,
        "PARCELID": "590370147",
        "PARCELID_LABEL": "59:037:0147",
        "OWNER_NAME": "COOK, MARVIN & JANN (ET AL)",
        "CARE_NAME": null,
        "ACREAGE": 3.014548,
        "SITE_FULL_ADDRESS": null,
        "OWN_FULL_ADDRESS": "613 EMIGRANT RD  LYMAN, WY 82937-9061",
        "PROP_TYPE": 9999,
        "PROP_TYPE_DESCR": "DEFAULT",
        "SPECIFIC_PROP_TYPE": 9999,
        "SPC_PROP_TYP_DESCR": "DEFAULT",
        "ASMT_YEAR": 2026,
        "ASMT_CODE": "UNK",
        "ASMT_CODE_DESCR": "UNK",
        "MKT_LAND_VALUE": 0,
        "MKT_CUR_VALUE": 0,
        "MKT_PRV_VAL": 0,
        "MKT_VAL_YR_CHG": 0,
        "MKT_PCT_CHG": 0,
        "GLOBALID": "{19A5C206-3011-4FE9-A8B6-3AD3792A0EEE}",
        "Code": null,
        "Description": "Commerical Residential Zone (1/2 Acre)",
        "City": null,
        "Description_detailed": null,
        "Acres": null,
        "Unit_Rate": 0.5,
        "CityName": "Cedar Fort",
        "AdoptedDate": 1599264000000,
        "Slope_Score": 10,
        "GP_Score": 5,
        "Utilities_Score": 5,
        "Wetlands_Score": 10,
        "Soil_Score": 10,
        "Ownership_Score": 10,
        "Ownership_Type": "Private",
        "Utility_Proximity_Status": "Unknown - No Data",
        "Final_Score": 7.5,
        "ELEV_CHANGE": 112.2866689013672,
        "SLOPE": 2.0021046695567977,
        "Join_Count_12": 1,
        "TARGET_FID_12": 67466,
        "Shape_Length_12": null,
        "Shape_Area_12": null,
        "OBJECTID_1_12": null,
        "Join_Count_12_13": null,
        "TARGET_FID_12_13": null,
        "Id": 2073,
        "gridcode": 1,
        "ClassName": "Not Hydric",
        "Shape_Length_12_13": null,
        "Shape_Area_12_13": null,
        "SITE_HOUSE_NUM": null,
        "SITE_PRE_DIR": null,
        "SITE_STREET_NAME": null,
        "SITE_STREET_TYPE": null,
        "SITE_POST_DIR": null,
        "SITE_STREET_UNIT": null,
        "SITE_CITY": null,
        "SITE_STATE": null,
        "SITE_ZIP5": "84013",
        "OWN_STREET_ADDRESS": "613 EMIGRANT RD",
        "OWN_CITY": "LYMAN",
        "OWN_STATE": "WY",
        "OWN_ZIP5": "82937",
        "VESTING_DOC": "37012-2025",
        "PARCEL_CREATE_DATE": 1748995200000,
        "MAP_FILING_NO": null,
        "SUB_NAME": null,
        "LEGAL_DESCR": "COM S 1308.96 FT & W 280.61 FT FR NW COR. SEC. 5, T6S, R2W, SLB&M.; S 89 DEG 22' 7\" E 348.79 FT; S 0 DEG 53' 54\" W 377.58 FT; N 89 DEG 4' 51\" W 348.78 FT; N 0 DEG 53' 54\" E 375.82 FT TO BEG. AREA 3.015 AC.",
        "BOOK_PAGE": 59037,
        "LOT": null,
        "BUILDING": null,
        "UNIT": null,
        "TAX_DISTRICT": "050",
        "TAX_DISTRICT_DESCR": "CEDAR FORT CITY",
        "SCHOOL_DISTRICT": "ALPINE",
        "TAXABLE_CODE": 100,
        "ACCOUNT_TYPE": null,
        "NEIGHBORHOOD": "9999",
        "NBHD_DISTRICT": null,
        "LAND_DISTRICT": 9999,
        "ECONOMIC_UNIT": null,
        "GLA_WEIGHTED_YRBLT": null,
        "TOTAL_ABOVE_GRADE_AREA": null,
        "TOTAL_MEZZANINE": null,
        "TOTAL_BASEMENT": null,
        "TOTAL_BSMT_FINISH": null,
        "TOTAL_UNIT_COUNT": null,
        "TOTAL_IMP_COUNT": null,
        "MKT_LAND_RES": 0,
        "MKT_LAND_AGR": 0,
        "MKT_LAND_COM": 0,
        "MKT_IMP_VALUE": 0,
        "MKT_IMP_RES": 0,
        "MKT_IMP_AGR": 0,
        "MKT_IMP_COM": 0,
        "TXBL_CUR_VALUE": 0,
        "TXBL_PRV_VAL": 0,
        "TXBL_VAL_YR_CHG": 0,
        "TXBL_PCT_CHG": 0,
        "TOT_CUR_TAXES": 0,
        "TOT_PRV_TAXES": 0,
        "TAXES_YR_CHG": 0,
        "TAXES_PCT_CHG": 0,
        "GREENBELT": null,
        "EXEMPT_RES": "UNK",
        "COMMON_AREA": null,
        "PUBLIC_ROAD": null,
        "PRIVATE_ROAD": null,
        "PART_CENTRAL_ASSD": null,
        "PART_TAXABLE": null,
        "IMP_NO_RES": null,
        "COST_GROUP_RES": null,
        "STYLE_DESCR_RES": null,
        "QUALITY_RES": null,
        "QUALITY_DESCR_RES": null,
        "CONDITION_RES": null,
        "CONDITION_DESCR_RES": null,
        "YEARBLT_RES": null,
        "GLA_RES": null,
        "BASEMENT_RES": null,
        "BSMT_FINISH_RES": null,
        "ATT_GARAGE_SQFT_RES": null,
        "BATHROOMS_RES": null,
        "GLA_BEDROOMS_RES": null,
        "EXTERIOR_RES": null,
        "ALLOCATION_PCT_RES": null,
        "TRAV_COUNT": null,
        "LASTUPDATE": null,
        "CREATED_DATE": 1749035023000,
        "LAST_EDITED_DATE": 1749035023000,
        "ChangeType": "Added",
        "Previous_Owner": null,
        "Shape_Length_12_13_14": 1450.5644126705379,
        "Shape_Area_12_13_14": 131313.09680786807,
        "Shape_Length": 0.004569010871557081,
        "Shape_Area": 1.292956096843755e-06
      }
    },
    {
      "type": "Feature",
      "id": 112,
      "geometry": {
        "type": "Polygon",
        "coordinates": [
          [
            [
              -111.69604733099999,
              40.06129075600006
            ],
            [
              -111.69653023699999,
              40.06190028100008
            ],
            [
              -111.69671405599996,
              40.06227374400004
            ],
            [
              -111.69704956599998,
              40.062971471000026
            ],
            [
              -111.69733819599998,
              40.06358281100006
            ],
            [
              -111.69756173199994,
              40.06357667700007
            ],
            [
              -111.69787872799998,
              40.06356733300004
            ],
            [
              -111.69797365499994,
              40.063565922000066
            ],
            [
              -111.69798765299998,
              40.06356567900008
            ],
            [
              -111.69802166899996,
              40.06126032100008
            ],
            [
              -111.69604727899997,
              40.06129068900003
            ],
            [
              -111.69604733099999,
              40.06129075600006
            ]
          ]
        ]
      },
      "properties": {
        "OBJECTID": 112,
        "Join_Count": 1,
        "TARGET_FID": 1805,
        "PARCEL_NO": 300090131,
        "PARCELID": "300090131",
        "PARCELID_LABEL": "30:009:0131",
        "OWNER_NAME": "ARROWHEAD RANCH LLC",
        "CARE_NAME": null,
        "ACREAGE": 6.704358,
        "SITE_FULL_ADDRESS": null,
        "OWN_FULL_ADDRESS": "911 E PIONEER RD  DRAPER, UT 84020",
        "PROP_TYPE": 9999,
        "PROP_TYPE_DESCR": "DEFAULT",
        "SPECIFIC_PROP_TYPE": 9999,
        "SPC_PROP_TYP_DESCR": "DEFAULT",
        "ASMT_YEAR": 2026,
        "ASMT_CODE": "UNK",
        "ASMT_CODE_DESCR": "UNK",
        "MKT_LAND_VALUE": 0,
        "MKT_CUR_VALUE": 0,
        "MKT_PRV_VAL": 0,
        "MKT_VAL_YR_CHG": 0,
        "MKT_PCT_CHG": 0,
        "GLOBALID": "{B2D3D3EE-0B9A-499D-A989-E7C1AC3EA9B3}",
        "Code": null,
        "Description": "West Transition to I-15",
        "City": "Salem",
        "Description_detailed": null,
        "Acres": 938.81,
        "Unit_Rate": null,
        "CityName": null,
        "AdoptedDate": null,
        "Slope_Score": 10,
        "GP_Score": 4,
        "Utilities_Score": 0,
        "Wetlands_Score": 0,
        "Soil_Score": 0,
        "Ownership_Score": 5,
        "Ownership_Type": "Business",
        "Utility_Proximity_Status": "Not Within 1/8 Mile",
        "Final_Score": 2.75,
        "ELEV_CHANGE": 6.22526574218773,
        "SLOPE": 0.28865340696267816,
        "Join_Count_12": 1,
        "TARGET_FID_12": 67579,
        "Shape_Length_12": null,
        "Shape_Area_12": null,
        "OBJECTID_1_12": null,
        "Join_Count_12_13": null,
        "TARGET_FID_12_13": null,
        "Id": 1694,
        "gridcode": 6,
        "ClassName": "All Hydric",
        "Shape_Length_12_13": null,
        "Shape_Area_12_13": null,
        "SITE_HOUSE_NUM": null,
        "SITE_PRE_DIR": null,
        "SITE_STREET_NAME": null,
        "SITE_STREET_TYPE": null,
        "SITE_POST_DIR": null,
        "SITE_STREET_UNIT": null,
        "SITE_CITY": null,
        "SITE_STATE": null,
        "SITE_ZIP5": "84653",
        "OWN_STREET_ADDRESS": "911 E PIONEER RD",
        "OWN_CITY": "DRAPER",
        "OWN_STATE": "UT",
        "OWN_ZIP5": "84020",
        "VESTING_DOC": "45353-2025 (MORE)",
        "PARCEL_CREATE_DATE": 1751414400000,
        "MAP_FILING_NO": null,
        "SUB_NAME": null,
        "LEGAL_DESCR": "COM S 811.42 FT & W 1024.81 FT FR NW COR. OF SE 1/4, SEC. 3, T9S, R2E, SLB&M.; N 31 DEG 12' 20\" W 260 FT; N 20 DEG 35' 25\" W 145.48 FT; N 20 DEG 9' 7\" W 271.02 FT; N 19 DEG 48' 45\" W 236.95 FT; S 88 DEG 4' 52\" W 62.62 FT; S 87 DEG 55' 47\" W 88.81 FT; S 89 DEG 1' 5\" W 26.58 FT; S 88 DEG 50' 14\" W 3.92 FT; S 0 DEG 46' 35\" W 840.03 FT; N 88 DEG 58' 46\" E 552.87 FT TO BEG. AREA 6.704 AC.",
        "BOOK_PAGE": 30009,
        "LOT": null,
        "BUILDING": null,
        "UNIT": null,
        "TAX_DISTRICT": "180",
        "TAX_DISTRICT_DESCR": "SALEM CITY",
        "SCHOOL_DISTRICT": "NEBO",
        "TAXABLE_CODE": 100,
        "ACCOUNT_TYPE": null,
        "NEIGHBORHOOD": "9999",
        "NBHD_DISTRICT": null,
        "LAND_DISTRICT": 9999,
        "ECONOMIC_UNIT": null,
        "GLA_WEIGHTED_YRBLT": null,
        "TOTAL_ABOVE_GRADE_AREA": null,
        "TOTAL_MEZZANINE": null,
        "TOTAL_BASEMENT": null,
        "TOTAL_BSMT_FINISH": null,
        "TOTAL_UNIT_COUNT": null,
        "TOTAL_IMP_COUNT": null,
        "MKT_LAND_RES": 0,
        "MKT_LAND_AGR": 0,
        "MKT_LAND_COM": 0,
        "MKT_IMP_VALUE": 0,
        "MKT_IMP_RES": 0,
        "MKT_IMP_AGR": 0,
        "MKT_IMP_COM": 0,
        "TXBL_CUR_VALUE": 0,
        "TXBL_PRV_VAL": 0,
        "TXBL_VAL_YR_CHG": 0,
        "TXBL_PCT_CHG": 0,
        "TOT_CUR_TAXES": 0,
        "TOT_PRV_TAXES": 0,
        "TAXES_YR_CHG": 0,
        "TAXES_PCT_CHG": 0,
        "GREENBELT": null,
        "EXEMPT_RES": "UNK",
        "COMMON_AREA": null,
        "PUBLIC_ROAD": null,
        "PRIVATE_ROAD": null,
        "PART_CENTRAL_ASSD": null,
        "PART_TAXABLE": null,
        "IMP_NO_RES": null,
        "COST_GROUP_RES": null,
        "STYLE_DESCR_RES": null,
        "QUALITY_RES": null,
        "QUALITY_DESCR_RES": null,
        "CONDITION_RES": null,
        "CONDITION_DESCR_RES": null,
        "YEARBLT_RES": null,
        "GLA_RES": null,
        "BASEMENT_RES": null,
        "BSMT_FINISH_RES": null,
        "ATT_GARAGE_SQFT_RES": null,
        "BATHROOMS_RES": null,
        "GLA_BEDROOMS_RES": null,
        "EXTERIOR_RES": null,
        "ALLOCATION_PCT_RES": null,
        "TRAV_COUNT": null,
        "LASTUPDATE": null,
        "CREATED_DATE": 1751463374000,
        "LAST_EDITED_DATE": 1751463374000,
        "ChangeType": "Added",
        "Previous_Owner": null,
        "Shape_Length_12_13_14": 2487.611444681694,
        "Shape_Area_12_13_14": 292053.392369761,
        "Shape_Length": 0.0075741484077653,
        "Shape_Area": 2.864709941113777e-06
      }
    },
    {
      "type": "Feature",
      "id": 113,
      "geometry": {
        "type": "Polygon",
        "coordinates": [
          [
            [
              -111.91449536599998,
              40.368565380000064
            ],
            [
              -111.91449851299996,
              40.36908403900003
            ],
            [
              -111.91450010460572,
              40.36909050045192
            ],
            [
              -111.914502767659,
              40.36909659895311
            ],
            [
              -111.91450642520131,
              40.369102158265456
            ],
            [
              -111.91451097153478,
              40.36910701773265
            ],
            [
              -111.91451627527677,
              40.36911103692291
            ],
            [
              -111.91452218315659,
              40.36911409968727
            ],
            [
              -111.91452852444479,
              40.36911611751615
            ],
            [
              -111.91453511588705,
              40.36911703209712
            ],
            [
              -111.91454176699995,
              40.36911681700008
            ],
            [
              -111.91461391899998,
              40.369116562000045
            ],
            [
              -111.91474568766348,
              40.36911939128263
            ],
            [
              -111.9148771288138,
              40.36912909744198
            ],
            [
              -111.91500788379886,
              40.36914565399375
            ],
            [
              -111.9151375958389,
              40.36916901576151
            ],
            [
              -111.91526591099995,
              40.36919911900003
            ],
            [
              -111.91535597999996,
              40.369222928000056
            ],
            [
              -111.91546774921156,
              40.36924910555003
            ],
            [
              -111.91558074652406,
              40.36926933493837
            ],
            [
              -111.91569465561768,
              40.3692835595358
            ],
            [
              -111.91580915762029,
              40.369291739522595
            ],
            [
              -111.91592393199994,
              40.369293852000055
            ],
            [
              -111.91599992199997,
              40.36929332400007
            ],
            [
              -111.91599597799996,
              40.367970022000065
            ],
            [
              -111.91542087999994,
              40.36797206600005
            ],
            [
              -111.91538614939927,
              40.36798782754075
            ],
            [
              -111.91534975017778,
              40.36799921777622
            ],
            [
              -111.9153122301503,
              40.368006065281385
            ],
            [
              -111.91527415399997,
              40.36800826700005
            ],
            [
              -111.91453505499999,
              40.368010893000076
            ],
            [
              -111.91452841305316,
              40.368010717486385
            ],
            [
              -111.914521838078,
              40.36801167454666
            ],
            [
              -111.91451552178648,
              40.36801373627509
            ],
            [
              -111.91450964834792,
              40.368016842556166
            ],
            [
              -111.91450438901899,
              40.36802090281749
            ],
            [
              -111.91449989715031,
              40.36802579867068
            ],
            [
              -111.91449630371498,
              40.3680313873633
            ],
            [
              -111.91449371348975,
              40.368037505941246
            ],
            [
              -111.91449220199996,
              40.36804397600008
            ],
            [
              -111.91449536599998,
              40.368565380000064
            ]
          ]
        ]
      },
      "properties": {
        "OBJECTID": 113,
        "Join_Count": 1,
        "TARGET_FID": 1807,
        "PARCEL_NO": 690691065,
        "PARCELID": "690691065",
        "PARCELID_LABEL": "69:069:1065",
        "OWNER_NAME": "SUBURBAN LAND RESERVE INC",
        "CARE_NAME": null,
        "ACREAGE": 4.226431,
        "SITE_FULL_ADDRESS": "359 N BROADWAY DR, SARATOGA SPRINGS, UT",
        "OWN_FULL_ADDRESS": "PO BOX 511196  SALT LAKE CITY, UT 84151-1196",
        "PROP_TYPE": 9999,
        "PROP_TYPE_DESCR": "DEFAULT",
        "SPECIFIC_PROP_TYPE": 9999,
        "SPC_PROP_TYP_DESCR": "DEFAULT",
        "ASMT_YEAR": 2026,
        "ASMT_CODE": "UNK",
        "ASMT_CODE_DESCR": "UNK",
        "MKT_LAND_VALUE": 0,
        "MKT_CUR_VALUE": 0,
        "MKT_PRV_VAL": 0,
        "MKT_VAL_YR_CHG": 0,
        "MKT_PCT_CHG": 0,
        "GLOBALID": "{C1996C7D-480D-40E4-B043-117ADE88CCA7}",
        "Code": null,
        "Description": "Medium Density Residential",
        "City": "Saratoga Springs",
        "Description_detailed": "Any Residential",
        "Acres": null,
        "Unit_Rate": null,
        "CityName": null,
        "AdoptedDate": null,
        "Slope_Score": 10,
        "GP_Score": 8,
        "Utilities_Score": 10,
        "Wetlands_Score": 10,
        "Soil_Score": 10,
        "Ownership_Score": 5,
        "Ownership_Type": "Business",
        "Utility_Proximity_Status": "Within 1/8 Mile",
        "Final_Score": 8.75,
        "ELEV_CHANGE": 10.703580302734736,
        "SLOPE": 0.39767045608742196,
        "Join_Count_12": 1,
        "TARGET_FID_12": 67741,
        "Shape_Length_12": null,
        "Shape_Area_12": null,
        "OBJECTID_1_12": null,
        "Join_Count_12_13": null,
        "TARGET_FID_12_13": null,
        "Id": 2073,
        "gridcode": 1,
        "ClassName": "Not Hydric",
        "Shape_Length_12_13": null,
        "Shape_Area_12_13": null,
        "SITE_HOUSE_NUM": "317",
        "SITE_PRE_DIR": "N",
        "SITE_STREET_NAME": "ROUNDABOUT",
        "SITE_STREET_TYPE": "ST",
        "SITE_POST_DIR": null,
        "SITE_STREET_UNIT": null,
        "SITE_CITY": "SARATOGA SPRINGS",
        "SITE_STATE": "UT",
        "SITE_ZIP5": "84045",
        "OWN_STREET_ADDRESS": "206 E WINCHESTER ST",
        "OWN_CITY": "MURRAY",
        "OWN_STATE": "UT",
        "OWN_ZIP5": "84107",
        "VESTING_DOC": "1447-2025",
        "PARCEL_CREATE_DATE": 1749686400000,
        "MAP_FILING_NO": "19742 ",
        "SUB_NAME": "WANDER, PHASE H3",
        "LEGAL_DESCR": "LOT 1049, WANDER, PHASE H3 SUB AREA 0.146 AC.",
        "BOOK_PAGE": 69069,
        "LOT": "1049",
        "BUILDING": null,
        "UNIT": null,
        "TAX_DISTRICT": "039",
        "TAX_DISTRICT_DESCR": "SARATOGA SPRINGS",
        "SCHOOL_DISTRICT": "ALPINE",
        "TAXABLE_CODE": 100,
        "ACCOUNT_TYPE": null,
        "NEIGHBORHOOD": "9999",
        "NBHD_DISTRICT": null,
        "LAND_DISTRICT": 9999,
        "ECONOMIC_UNIT": null,
        "GLA_WEIGHTED_YRBLT": null,
        "TOTAL_ABOVE_GRADE_AREA": null,
        "TOTAL_MEZZANINE": null,
        "TOTAL_BASEMENT": null,
        "TOTAL_BSMT_FINISH": null,
        "TOTAL_UNIT_COUNT": null,
        "TOTAL_IMP_COUNT": null,
        "MKT_LAND_RES": 0,
        "MKT_LAND_AGR": 0,
        "MKT_LAND_COM": 0,
        "MKT_IMP_VALUE": 0,
        "MKT_IMP_RES": 0,
        "MKT_IMP_AGR": 0,
        "MKT_IMP_COM": 0,
        "TXBL_CUR_VALUE": 0,
        "TXBL_PRV_VAL": 0,
        "TXBL_VAL_YR_CHG": 0,
        "TXBL_PCT_CHG": 0,
        "TOT_CUR_TAXES": 0,
        "TOT_PRV_TAXES": 0,
        "TAXES_YR_CHG": 0,
        "TAXES_PCT_CHG": 0,
        "GREENBELT": null,
        "EXEMPT_RES": "UNK",
        "COMMON_AREA": "Yes",
        "PUBLIC_ROAD": "Yes",
        "PRIVATE_ROAD": null,
        "PART_CENTRAL_ASSD": null,
        "PART_TAXABLE": null,
        "IMP_NO_RES": null,
        "COST_GROUP_RES": null,
        "STYLE_DESCR_RES": null,
        "QUALITY_RES": null,
        "QUALITY_DESCR_RES": null,
        "CONDITION_RES": null,
        "CONDITION_DESCR_RES": null,
        "YEARBLT_RES": null,
        "GLA_RES": null,
        "BASEMENT_RES": null,
        "BSMT_FINISH_RES": null,
        "ATT_GARAGE_SQFT_RES": null,
        "BATHROOMS_RES": null,
        "GLA_BEDROOMS_RES": null,
        "EXTERIOR_RES": null,
        "ALLOCATION_PCT_RES": null,
        "TRAV_COUNT": null,
        "LASTUPDATE": null,
        "CREATED_DATE": 1749724427000,
        "LAST_EDITED_DATE": 1749724427000,
        "ChangeType": "Added",
        "Previous_Owner": null,
        "Shape_Length_12_13_14": 391.2486855439214,
        "Shape_Area_12_13_14": 6372.214533504212,
        "Shape_Length": 0.005424498295585278,
        "Shape_Area": 1.8137506602807307e-06
      }
    }
  ]
}