{
  "type": "FeatureCollection",
  "features": [
    {
      "type": "Feature",
      "id": 1,
      "geometry": {
        "type": "Polygon",
        "coordinates": [
          [
            [
              -111.88394191799995,
              40.45293187100003
            ],
            [
              -111.883941903,
              40.452931884000066
            ],
            [
              -111.88401353635163,
              40.45293077598024
            ],
            [
              -111.88408511772575,
              40.45293372074744
            ],
            [
              -111.88415641801205,
              40.45294070887634
            ],
            [
              -111.88422720899996,
              40.452951718000065
            ],
            [
              -111.88648112699997,
              40.453369174000045
            ],
            [
              -111.88648124099996,
              40.45336931500003
            ],
            [
              -111.88739078599997,
              40.45354057000003
            ],
            [
              -111.88739084899998,
              40.45354029900005
            ],
            [
              -111.88772624799998,
              40.453603447000035
            ],
            [
              -111.88774860829241,
              40.45353574203935
            ],
            [
              -111.88777630153498,
              40.45347003793982
            ],
            [
              -111.88780915099994,
              40.45340675400007
            ],
            [
              -111.887809087,
              40.453406779000034
            ],
            [
              -111.88780914499995,
              40.453406621000056
            ],
            [
              -111.88654784299996,
              40.45317156200008
            ],
            [
              -111.88401608799995,
              40.452699694000046
            ],
            [
              -111.88394191799995,
              40.45293187100003
            ]
          ]
        ]
      },
      "properties": {
        "OBJECTID": 1,
        "Join_Count": 1,
        "TARGET_FID": 25,
        "PARCEL_NO": 110130203,
        "PARCELID": "110130203",
        "PARCELID_LABEL": "11:013:0203",
        "OWNER_NAME": "TOLL SOUTHWEST LLC",
        "CARE_NAME": null,
        "ACREAGE": 1.866884,
        "SITE_FULL_ADDRESS": "LEHI, UT",
        "OWN_FULL_ADDRESS": "38 E SCENIC POINTE DR STE 100  DRAPER, UT 84020",
        "PROP_TYPE": 900,
        "PROP_TYPE_DESCR": "VACANT",
        "SPECIFIC_PROP_TYPE": 901,
        "SPC_PROP_TYP_DESCR": "Vac Res",
        "ASMT_YEAR": 2026,
        "ASMT_CODE": "V",
        "ASMT_CODE_DESCR": "VACANT",
        "MKT_LAND_VALUE": 45800,
        "MKT_CUR_VALUE": 45800,
        "MKT_PRV_VAL": 45800,
        "MKT_VAL_YR_CHG": 0,
        "MKT_PCT_CHG": 0,
        "GLOBALID": "{F9C70B1B-43B8-47DA-9D05-1825E164C42C}",
        "Code": "HDR",
        "Description": "High Density Residential",
        "City": "Lehi",
        "Description_detailed": null,
        "Acres": 10.580699,
        "Unit_Rate": null,
        "CityName": null,
        "AdoptedDate": null,
        "Slope_Score": 7,
        "GP_Score": 10,
        "Utilities_Score": 5,
        "Wetlands_Score": 10,
        "Soil_Score": 10,
        "Ownership_Score": 5,
        "Ownership_Type": "Business",
        "Utility_Proximity_Status": "Unknown - No Data",
        "Final_Score": 7.7,
        "ELEV_CHANGE": 43.33055689941466,
        "SLOPE": 7.160275948706528,
        "Join_Count_12": 2,
        "TARGET_FID_12": 2380,
        "Shape_Length_12": null,
        "Shape_Area_12": null,
        "OBJECTID_1_12": null,
        "Join_Count_12_13": null,
        "TARGET_FID_12_13": null,
        "Id": 2073,
        "gridcode": 1,
        "ClassName": "Not Hydric",
        "Shape_Length_12_13": null,
        "Shape_Area_12_13": null,
        "SITE_HOUSE_NUM": "2208",
        "SITE_PRE_DIR": "W",
        "SITE_STREET_NAME": "NORTHRIDGEDR",
        "MKT_LAND_RES": 192800,
        "MKT_LAND_AGR": 0,
        "MKT_LAND_COM": 0,
        "MKT_IMP_VALUE": 394800,
        "MKT_IMP_RES": 394800,
        "MKT_IMP_AGR": 0,
        "MKT_IMP_COM": 0,
        "Entry": 9773,
        "Year": 2024,
        "Record_Date": 1707955200000,
        "Grantor": "MESSENGER, TIFFANY",
        "Grantee": "AMERICA FIRST FEDERAL CREDIT UNION",
        "Tax_Address": "NOT APPLICABLE",
        "Serial_Number": "47:355:0011",
        "Serial_Number_Available": "Yes",
        "Detail_URL": "https://www.utahcounty.gov/LandRecords/document.asp?avEntry=9773&avYear=2024",
        "Document_Type": "TR D",
        "Was_REC_": "No",
        "OBJECTID_12": 2416,
        "Shape_Length_12_13_14": 301.68839782973276,
        "Shape_Area_12_13_14": 5041.530104212875,
        "DocType": "WD",
        "Shape_Length": 0.008162462124281731,
        "Shape_Area": 8.021216200477938e-07
      }
    },
    {
      "type": "Feature",
      "id": 2,
      "geometry": {
        "type": "MultiPolygon",
        "coordinates": [
          [
            [
              [
                -111.82257349899999,
                40.37849936300006
              ],
              [
                -111.82257353299997,
                40.37849936400005
              ],
              [
                -111.82257351999999,
                40.37849935500003
              ],
              [
                -111.82257349899999,
                40.37849936300006
              ]
            ]
          ],
          [
            [
              [
                -111.82257353299997,
                40.37849936400005
              ],
              [
                -111.82298057099996,
                40.37877507500008
              ],
              [
                -111.82443382799994,
                40.37963656900007
              ],
              [
                -111.82474863099998,
                40.37963894100005
              ],
              [
                -111.82475046599995,
                40.37960389700004
              ],
              [
                -111.82457696899996,
                40.37960258900006
              ],
              [
                -111.82458577099999,
                40.379402506000076
              ],
              [
                -111.82471720299998,
                40.37862725300005
              ],
              [
                -111.82471840799997,
                40.37860507000005
              ],
              [
                -111.82470952356022,
                40.37859701479389
              ],
              [
                -111.82469940979307,
                40.37859057031332
              ],
              [
                -111.82468835542073,
                40.37858592053181
              ],
              [
                -111.82467667601732,
                40.37858319818875
              ],
              [
                -111.82466470499998,
                40.37858248100008
              ],
              [
                -111.82360423099999,
                40.378577473000064
              ],
              [
                -111.82353140223896,
                40.37857438352718
              ],
              [
                -111.82345908787042,
                40.378565207178305
              ],
              [
                -111.82338779572325,
                40.3785500083945
              ],
              [
                -111.8233180264478,
                40.378528893909476
              ],
              [
                -111.82325026999996,
                40.37850201200007
              ],
              [
                -111.82257353299997,
                40.37849936400005
              ]
            ]
          ]
        ]
      },
      "properties": {
        "OBJECTID": 2,
        "Join_Count": 1,
        "TARGET_FID": 53,
        "PARCEL_NO": 130010126,
        "PARCELID": "130010126",
        "PARCELID_LABEL": "13:001:0126",
        "OWNER_NAME": "MADHAV LLC",
        "CARE_NAME": null,
        "ACREAGE": 2.8385979999999997,
        "SITE_FULL_ADDRESS": "AMERICAN FORK, UT",
        "OWN_FULL_ADDRESS": "345 IDAHO ST  ELKO, NV 89801",
        "PROP_TYPE": 903,
        "PROP_TYPE_DESCR": "VACANT COMMERCIAL",
        "SPECIFIC_PROP_TYPE": 905,
        "SPC_PROP_TYP_DESCR": "Vac Com Lot",
        "ASMT_YEAR": 2026,
        "ASMT_CODE": "V",
        "ASMT_CODE_DESCR": "VACANT",
        "MKT_LAND_VALUE": 1431400,
        "MKT_CUR_VALUE": 1431400,
        "MKT_PRV_VAL": 1431400,
        "MKT_VAL_YR_CHG": 0,
        "MKT_PCT_CHG": 0,
        "GLOBALID": "{BEEE2985-C6E6-45C2-9E96-87A1143D690C}",
        "Code": null,
        "Description": "Medium Density Residential",
        "City": "American Fork",
        "Description_detailed": "Any Residential",
        "Acres": null,
        "Unit_Rate": null,
        "CityName": null,
        "AdoptedDate": null,
        "Slope_Score": 10,
        "GP_Score": 8,
        "Utilities_Score": 10,
        "Wetlands_Score": 10,
        "Soil_Score": 7,
        "Ownership_Score": 5,
        "Ownership_Type": "Business",
        "Utility_Proximity_Status": "Within 1/8 Mile",
        "Final_Score": 8.45,
        "ELEV_CHANGE": 2.8358920947266597,
        "SLOPE": 0.639055127766007,
        "Join_Count_12": 1,
        "TARGET_FID_12": 4373,
        "Shape_Length_12": null,
        "Shape_Area_12": null,
        "OBJECTID_1_12": null,
        "Join_Count_12_13": null,
        "TARGET_FID_12_13": null,
        "Id": 710,
        "gridcode": 2,
        "ClassName": "Partially Hydric (1 - 25%)",
        "Shape_Length_12_13": null,
        "Shape_Area_12_13": null,
        "SITE_HOUSE_NUM": "64",
        "SITE_PRE_DIR": "N",
        "SITE_STREET_NAME": "900 WEST",
        "MKT_LAND_RES": 0,
        "MKT_LAND_AGR": 0,
        "MKT_LAND_COM": 462200,
        "MKT_IMP_VALUE": 676200,
        "MKT_IMP_RES": 0,
        "MKT_IMP_AGR": 0,
        "MKT_IMP_COM": 676200,
        "Entry": 44455,
        "Year": 2024,
        "Record_Date": 1720137600000,
        "Grantor": "AF RAG INVESTMENTS LLC",
        "Grantee": "INTERMOUNTAIN BUSINESS LENDING INC",
        "Tax_Address": "NOT APPLICABLE",
        "Serial_Number": "39:211:0003",
        "Serial_Number_Available": "Yes",
        "Detail_URL": "https://www.utahcounty.gov/LandRecords/document.asp?avEntry=44455&avYear=2024",
        "Document_Type": "TR D",
        "Was_REC_": "No",
        "OBJECTID_12": 3233,
        "Shape_Length_12_13_14": 587.1936555267525,
        "Shape_Area_12_13_14": 15410.513712900243,
        "DocType": "WD",
        "Shape_Length": 0.005875168375499366,
        "Shape_Area": 1.21830834259774e-06
      }
    },
    {
      "type": "Feature",
      "id": 3,
      "geometry": {
        "type": "Polygon",
        "coordinates": [
          [
            [
              -111.82416416999996,
              40.372908350000046
            ],
            [
              -111.82365508799995,
              40.37290976000003
            ],
            [
              -111.82370498099999,
              40.373987459000034
            ],
            [
              -111.82416929599998,
              40.37399181200004
            ],
            [
              -111.82416416999996,
              40.372908350000046
            ]
          ]
        ]
      },
      "properties": {
        "OBJECTID": 3,
        "Join_Count": 1,
        "TARGET_FID": 71,
        "PARCEL_NO": 130410053,
        "PARCELID": "130410053",
        "PARCELID_LABEL": "13:041:0053",
        "OWNER_NAME": "SILVERADO PARTNERS LLC",
        "CARE_NAME": null,
        "ACREAGE": 1.225989,
        "SITE_FULL_ADDRESS": "6928 W 7750 NORTH, AMERICAN FORK DISTR, UT",
        "OWN_FULL_ADDRESS": "1510 E 840 N  OREM, UT 84097",
        "PROP_TYPE": 903,
        "PROP_TYPE_DESCR": "VACANT COMMERCIAL",
        "SPECIFIC_PROP_TYPE": 905,
        "SPC_PROP_TYP_DESCR": "Vac Com Lot",
        "ASMT_YEAR": 2026,
        "ASMT_CODE": "V",
        "ASMT_CODE_DESCR": "VACANT",
        "MKT_LAND_VALUE": 738100,
        "MKT_CUR_VALUE": 738100,
        "MKT_PRV_VAL": 738100,
        "MKT_VAL_YR_CHG": 0,
        "MKT_PCT_CHG": 0,
        "GLOBALID": "{DF024168-C57F-4F07-A1A5-537D6ECE40D6}",
        "Code": null,
        "Description": "Mixed Use",
        "City": "American Fork",
        "Description_detailed": "Mixed Use",
        "Acres": null,
        "Unit_Rate": null,
        "CityName": null,
        "AdoptedDate": null,
        "Slope_Score": 10,
        "GP_Score": 7,
        "Utilities_Score": 10,
        "Wetlands_Score": 0,
        "Soil_Score": 7,
        "Ownership_Score": 5,
        "Ownership_Type": "Business",
        "Utility_Proximity_Status": "Within 1/8 Mile",
        "Final_Score": 6.7,
        "ELEV_CHANGE": 14.096157895507531,
        "SLOPE": 0.48920008916280716,
        "Join_Count_12": 1,
        "TARGET_FID_12": 4623,
        "Shape_Length_12": null,
        "Shape_Area_12": null,
        "OBJECTID_1_12": null,
        "Join_Count_12_13": null,
        "TARGET_FID_12_13": null,
        "Id": 710,
        "gridcode": 2,
        "ClassName": "Partially Hydric (1 - 25%)",
        "Shape_Length_12_13": null,
        "Shape_Area_12_13": null,
        "SITE_HOUSE_NUM": null,
        "SITE_PRE_DIR": null,
        "SITE_STREET_NAME": null,
        "MKT_LAND_RES": 0,
        "MKT_LAND_AGR": 0,
        "MKT_LAND_COM": 3239700,
        "MKT_IMP_VALUE": 0,
        "MKT_IMP_RES": 0,
        "MKT_IMP_AGR": 0,
        "MKT_IMP_COM": 0,
        "Entry": 9776,
        "Year": 2025,
        "Record_Date": 1739232000000,
        "Grantor": "PROSPERA GROWTH FUND LLC BY PROSPERA GROWTH MANAGER LLC 72.29%INT UNIVERSITY HAVEN LLC",
        "Grantee": "SILVERADO MANAGEMENT LLC",
        "Tax_Address": "NOT APPLICABLE",
        "Serial_Number": "13:041:0054",
        "Serial_Number_Available": "Yes",
        "Detail_URL": "https://www.utahcounty.gov/LandRecords/document.asp?avEntry=9776&avYear=2025",
        "Document_Type": "TR D",
        "Was_REC_": "No",
        "OBJECTID_12": 4349,
        "Shape_Length_12_13_14": 2348.3855648075582,
        "Shape_Area_12_13_14": 304809.9452175919,
        "DocType": "WD",
        "Shape_Length": 0.0031357467843582823,
        "Shape_Area": 5.258764282481259e-07
      }
    },
    {
      "type": "Feature",
      "id": 4,
      "geometry": {
        "type": "Polygon",
        "coordinates": [
          [
            [
              -111.82086124199998,
              40.37282873000004
            ],
            [
              -111.82086124599999,
              40.372828740000045
            ],
            [
              -111.82086145999995,
              40.372874514000046
            ],
            [
              -111.82088994999998,
              40.372874436000075
            ],
            [
              -111.82093800099994,
              40.37391525100003
            ],
            [
              -111.82370190399996,
              40.373907634000034
            ],
            [
              -111.82365477799999,
              40.37288969600007
            ],
            [
              -111.82362937299996,
              40.37288976600007
            ],
            [
              -111.82362904899998,
              40.372821104000025
            ],
            [
              -111.82086124199998,
              40.37282873000004
            ]
          ]
        ]
      },
      "properties": {
        "OBJECTID": 4,
        "Join_Count": 1,
        "TARGET_FID": 72,
        "PARCEL_NO": 130410054,
        "PARCELID": "130410054",
        "PARCELID_LABEL": "13:041:0054",
        "OWNER_NAME": "SILVERADO PARTNERS LLC (ET AL)",
        "CARE_NAME": null,
        "ACREAGE": 6.9861569999999995,
        "SITE_FULL_ADDRESS": null,
        "OWN_FULL_ADDRESS": "1510 E 840 N  OREM, UT 84097",
        "PROP_TYPE": 903,
        "PROP_TYPE_DESCR": "VACANT COMMERCIAL",
        "SPECIFIC_PROP_TYPE": 905,
        "SPC_PROP_TYP_DESCR": "Vac Com Lot",
        "ASMT_YEAR": 2026,
        "ASMT_CODE": "V",
        "ASMT_CODE_DESCR": "VACANT",
        "MKT_LAND_VALUE": 3239700,
        "MKT_CUR_VALUE": 3239700,
        "MKT_PRV_VAL": 3239700,
        "MKT_VAL_YR_CHG": 0,
        "MKT_PCT_CHG": 0,
        "GLOBALID": "{7719BF82-8D11-4F5F-AFDC-8FD66EB61E7F}",
        "Code": null,
        "Description": "Mixed Use",
        "City": "American Fork",
        "Description_detailed": "Mixed Use",
        "Acres": null,
        "Unit_Rate": null,
        "CityName": null,
        "AdoptedDate": null,
        "Slope_Score": 10,
        "GP_Score": 7,
        "Utilities_Score": 10,
        "Wetlands_Score": 10,
        "Soil_Score": 7,
        "Ownership_Score": 5,
        "Ownership_Type": "Business",
        "Utility_Proximity_Status": "Within 1/8 Mile",
        "Final_Score": 8.2,
        "ELEV_CHANGE": 14.096157895507531,
        "SLOPE": 0.48920008916280716,
        "Join_Count_12": 1,
        "TARGET_FID_12": 4624,
        "Shape_Length_12": null,
        "Shape_Area_12": null,
        "OBJECTID_1_12": null,
        "Join_Count_12_13": null,
        "TARGET_FID_12_13": null,
        "Id": 710,
        "gridcode": 2,
        "ClassName": "Partially Hydric (1 - 25%)",
        "Shape_Length_12_13": null,
        "Shape_Area_12_13": null,
        "SITE_HOUSE_NUM": null,
        "SITE_PRE_DIR": null,
        "SITE_STREET_NAME": null,
        "MKT_LAND_RES": 0,
        "MKT_LAND_AGR": 0,
        "MKT_LAND_COM": 3239700,
        "MKT_IMP_VALUE": 0,
        "MKT_IMP_RES": 0,
        "MKT_IMP_AGR": 0,
        "MKT_IMP_COM": 0,
        "Entry": 9776,
        "Year": 2025,
        "Record_Date": 1739232000000,
        "Grantor": "PROSPERA GROWTH FUND LLC BY PROSPERA GROWTH MANAGER LLC 72.29%INT UNIVERSITY HAVEN LLC",
        "Grantee": "SILVERADO MANAGEMENT LLC",
        "Tax_Address": "NOT APPLICABLE",
        "Serial_Number": "13:041:0054",
        "Serial_Number_Available": "Yes",
        "Detail_URL": "https://www.utahcounty.gov/LandRecords/document.asp?avEntry=9776&avYear=2025",
        "Document_Type": "TR D",
        "Was_REC_": "No",
        "OBJECTID_12": 4349,
        "Shape_Length_12_13_14": 2348.3855648075582,
        "Shape_Area_12_13_14": 304809.9452175919,
        "DocType": "WD",
        "Shape_Length": 0.00776102610576253,
        "Shape_Area": 3.003159330172862e-06
      }
    },
    {
      "type": "Feature",
      "id": 5,
      "geometry": {
        "type": "Polygon",
        "coordinates": [
          [
            [
              -111.82459491899999,
              40.37446878600008
            ],
            [
              -111.82459482899998,
              40.374468755000066
            ],
            [
              -111.82459235799996,
              40.37394802700004
            ],
            [
              -111.82436924499996,
              40.37394864600003
            ],
            [
              -111.82436972899995,
              40.37399400800007
            ],
            [
              -111.82370549299998,
              40.37398778000005
            ],
            [
              -111.82370376799997,
              40.373950508000064
            ],
            [
              -111.82093997099997,
              40.37395812500006
            ],
            [
              -111.82096400999995,
              40.37447880700006
            ],
            [
              -111.82459491899999,
              40.37446878600008
            ]
          ]
        ]
      },
      "properties": {
        "OBJECTID": 5,
        "Join_Count": 1,
        "TARGET_FID": 73,
        "PARCEL_NO": 130410055,
        "PARCELID": "130410055",
        "PARCELID_LABEL": "13:041:0055",
        "OWNER_NAME": "SILVERADO PARTNERS LLC (ET AL)",
        "CARE_NAME": null,
        "ACREAGE": 4.354131,
        "SITE_FULL_ADDRESS": null,
        "OWN_FULL_ADDRESS": "1510 E 840 N  OREM, UT 84097",
        "PROP_TYPE": 903,
        "PROP_TYPE_DESCR": "VACANT COMMERCIAL",
        "SPECIFIC_PROP_TYPE": 905,
        "SPC_PROP_TYP_DESCR": "Vac Com Lot",
        "ASMT_YEAR": 2026,
        "ASMT_CODE": "V",
        "ASMT_CODE_DESCR": "VACANT",
        "MKT_LAND_VALUE": 2167500,
        "MKT_CUR_VALUE": 2167500,
        "MKT_PRV_VAL": 2167500,
        "MKT_VAL_YR_CHG": 0,
        "MKT_PCT_CHG": 0,
        "GLOBALID": "{87E35F6C-4AA1-45D3-99A7-8B53B80DEFC3}",
        "Code": null,
        "Description": "Mixed Use",
        "City": "American Fork",
        "Description_detailed": "Mixed Use",
        "Acres": null,
        "Unit_Rate": null,
        "CityName": null,
        "AdoptedDate": null,
        "Slope_Score": 10,
        "GP_Score": 7,
        "Utilities_Score": 0,
        "Wetlands_Score": 0,
        "Soil_Score": 7,
        "Ownership_Score": 5,
        "Ownership_Type": "Business",
        "Utility_Proximity_Status": "Not Within 1/8 Mile",
        "Final_Score": 4.2,
        "ELEV_CHANGE": 14.096157895507531,
        "SLOPE": 0.48920008916280716,
        "Join_Count_12": 1,
        "TARGET_FID_12": 4625,
        "Shape_Length_12": null,
        "Shape_Area_12": null,
        "OBJECTID_1_12": null,
        "Join_Count_12_13": null,
        "TARGET_FID_12_13": null,
        "Id": 710,
        "gridcode": 2,
        "ClassName": "Partially Hydric (1 - 25%)",
        "Shape_Length_12_13": null,
        "Shape_Area_12_13": null,
        "SITE_HOUSE_NUM": "6968",
        "SITE_PRE_DIR": "W",
        "SITE_STREET_NAME": "7750 NORTH",
        "MKT_LAND_RES": 0,
        "MKT_LAND_AGR": 0,
        "MKT_LAND_COM": 969600,
        "MKT_IMP_VALUE": 0,
        "MKT_IMP_RES": 0,
        "MKT_IMP_AGR": 0,
        "MKT_IMP_COM": 0,
        "Entry": 9776,
        "Year": 2025,
        "Record_Date": 1739232000000,
        "Grantor": "PROSPERA GROWTH FUND LLC BY PROSPERA GROWTH MANAGER LLC 72.29%INT UNIVERSITY HAVEN LLC",
        "Grantee": "SILVERADO MANAGEMENT LLC",
        "Tax_Address": "NOT APPLICABLE",
        "Serial_Number": "13:041:0029",
        "Serial_Number_Available": "Yes",
        "Detail_URL": "https://www.utahcounty.gov/LandRecords/document.asp?avEntry=9776&avYear=2025",
        "Document_Type": "TR D",
        "Was_REC_": "No",
        "OBJECTID_12": 4348,
        "Shape_Length_12_13_14": 1167.0609263424353,
        "Shape_Area_12_13_14": 73640.04837583237,
        "DocType": "WD",
        "Shape_Length": 0.008406851535075054,
        "Shape_Area": 1.8688811573367021e-06
      }
    },
    {
      "type": "Feature",
      "id": 6,
      "geometry": {
        "type": "Polygon",
        "coordinates": [
          [
            [
              -111.82072347199994,
              40.36756175100004
            ],
            [
              -111.82072350199996,
              40.36756175000005
            ],
            [
              -111.82072918899996,
              40.367132585000036
            ],
            [
              -111.82069880199998,
              40.367132351000066
            ],
            [
              -111.82069698999999,
              40.36725762100008
            ],
            [
              -111.82066590999995,
              40.36829708600004
            ],
            [
              -111.82064321899998,
              40.36953036700004
            ],
            [
              -111.82069333199996,
              40.36952333500005
            ],
            [
              -111.82111623899999,
              40.369458671000075
            ],
            [
              -111.82121015775196,
              40.36944633982863
            ],
            [
              -111.82130449340525,
              40.36943776228355
            ],
            [
              -111.821399096,
              40.36943295200007
            ],
            [
              -111.82140980667499,
              40.36943292860566
            ],
            [
              -111.82142036577629,
              40.36943113292033
            ],
            [
              -111.8214304820805,
              40.36942761446965
            ],
            [
              -111.82143987657672,
              40.36942247029362
            ],
            [
              -111.82144829016171,
              40.369415842270264
            ],
            [
              -111.82145549078612,
              40.36940791320258
            ],
            [
              -111.8214612798544,
              40.36939890177681
            ],
            [
              -111.82146549770222,
              40.369389056530956
            ],
            [
              -111.82146802799997,
              40.369378649000055
            ],
            [
              -111.821468574,
              40.36933608700008
            ],
            [
              -111.82147164199995,
              40.36931801500003
            ],
            [
              -111.82147389,
              40.36914293800004
            ],
            [
              -111.82113301399994,
              40.369140498000036
            ],
            [
              -111.82114706899995,
              40.367991835000055
            ],
            [
              -111.82113576999996,
              40.36798547500007
            ],
            [
              -111.82114082799995,
              40.36762220300005
            ],
            [
              -111.82113824888512,
              40.3676108685116
            ],
            [
              -111.82113377491542,
              40.36760013976251
            ],
            [
              -111.82112753712214,
              40.3675903309707
            ],
            [
              -111.82111971819442,
              40.36758172941088
            ],
            [
              -111.82111054712891,
              40.36757458700097
            ],
            [
              -111.82110029252291,
              40.3675691129241
            ],
            [
              -111.82108925470789,
              40.36756546750213
            ],
            [
              -111.82107775695351,
              40.36756375750024
            ],
            [
              -111.82106613599996,
              40.367564033000065
            ],
            [
              -111.82072350199996,
              40.36756175000005
            ],
            [
              -111.82072350199996,
              40.36756177400008
            ],
            [
              -111.82072347199994,
              40.36756175100004
            ]
          ]
        ]
      },
      "properties": {
        "OBJECTID": 6,
        "Join_Count": 1,
        "TARGET_FID": 79,
        "PARCEL_NO": 130400174,
        "PARCELID": "130400174",
        "PARCELID_LABEL": "13:040:0174",
        "OWNER_NAME": "POKORNY, JAMES F (ET AL)",
        "CARE_NAME": "%IMH SLC AMERICAN FORK LLC",
        "ACREAGE": 2.400857,
        "SITE_FULL_ADDRESS": "AMERICAN FORK, UT",
        "OWN_FULL_ADDRESS": "%IMH SLC AMERICAN FORK LLC  1808 ASTON AVE STE 220  CARLSBAD, CA 92008",
        "PROP_TYPE": 900,
        "PROP_TYPE_DESCR": "VACANT",
        "SPECIFIC_PROP_TYPE": 901,
        "SPC_PROP_TYP_DESCR": "Vac Res",
        "ASMT_YEAR": 2026,
        "ASMT_CODE": "V",
        "ASMT_CODE_DESCR": "VACANT",
        "MKT_LAND_VALUE": 1101100,
        "MKT_CUR_VALUE": 1101100,
        "MKT_PRV_VAL": 1101100,
        "MKT_VAL_YR_CHG": 0,
        "MKT_PCT_CHG": 0,
        "GLOBALID": "{93FD3BF8-84AB-4F9A-BAFA-E01B2BABB4FC}",
        "Code": null,
        "Description": "Mixed Use",
        "City": "American Fork",
        "Description_detailed": "Mixed Use",
        "Acres": null,
        "Unit_Rate": null,
        "CityName": null,
        "AdoptedDate": null,
        "Slope_Score": 10,
        "GP_Score": 7,
        "Utilities_Score": 10,
        "Wetlands_Score": 10,
        "Soil_Score": 7,
        "Ownership_Score": 10,
        "Ownership_Type": "Private",
        "Utility_Proximity_Status": "Within 1/8 Mile",
        "Final_Score": 8.95,
        "ELEV_CHANGE": 10.367566538086066,
        "SLOPE": 0.684064775508491,
        "Join_Count_12": 1,
        "TARGET_FID_12": 4684,
        "Shape_Length_12": null,
        "Shape_Area_12": null,
        "OBJECTID_1_12": null,
        "Join_Count_12_13": null,
        "TARGET_FID_12_13": null,
        "Id": 710,
        "gridcode": 2,
        "ClassName": "Partially Hydric (1 - 25%)",
        "Shape_Length_12_13": null,
        "Shape_Area_12_13": null,
        "SITE_HOUSE_NUM": " ",
        "SITE_PRE_DIR": "S",
        "SITE_STREET_NAME": "900 WEST",
        "MKT_LAND_RES": 0,
        "MKT_LAND_AGR": 0,
        "MKT_LAND_COM": 0,
        "MKT_IMP_VALUE": 0,
        "MKT_IMP_RES": 0,
        "MKT_IMP_AGR": 0,
        "MKT_IMP_COM": 0,
        "Entry": 46565,
        "Year": 2025,
        "Record_Date": 1750636800000,
        "Grantor": "IMH SLC AMERICAN FORKS LLC",
        "Grantee": "GEMINI AMERICAN FORKS LLC",
        "Tax_Address": "NOT APPLICABLE",
        "Serial_Number": "13:040:0146",
        "Serial_Number_Available": "Yes",
        "Detail_URL": "https://www.utahcounty.gov/LandRecords/document.asp?avEntry=46565&avYear=2025",
        "Document_Type": "TR D",
        "Was_REC_": "No",
        "OBJECTID_12": 5066,
        "Shape_Length_12_13_14": 4072.0976745025205,
        "Shape_Area_12_13_14": 135930.82021648996,
        "DocType": "WD",
        "Shape_Length": 0.0062667936331372845,
        "Shape_Area": 1.0303594199533436e-06
      }
    },
    {
      "type": "Feature",
      "id": 7,
      "geometry": {
        "type": "Polygon",
        "coordinates": [
          [
            [
              -111.82489084299999,
              40.374309837000055
            ],
            [
              -111.82643018199997,
              40.37430555100008
            ],
            [
              -111.82642354799998,
              40.37291582900008
            ],
            [
              -111.82500834999996,
              40.372919771000056
            ],
            [
              -111.82499025999999,
              40.374014199000044
            ],
            [
              -111.82488943499999,
              40.37401345300003
            ],
            [
              -111.82489084299999,
              40.374309837000055
            ]
          ]
        ]
      },
      "properties": {
        "OBJECTID": 7,
        "Join_Count": 1,
        "TARGET_FID": 83,
        "PARCEL_NO": 130410080,
        "PARCELID": "130410080",
        "PARCELID_LABEL": "13:041:0080",
        "OWNER_NAME": "BLUE SPRING PROPERTIES LLC",
        "CARE_NAME": null,
        "ACREAGE": 19.280317999999998,
        "SITE_FULL_ADDRESS": "AMERICAN FORK, UT",
        "OWN_FULL_ADDRESS": "1162 W 200 S  AMERICAN FORK, UT 84003-2673",
        "PROP_TYPE": 903,
        "PROP_TYPE_DESCR": "VACANT COMMERCIAL",
        "SPECIFIC_PROP_TYPE": 905,
        "SPC_PROP_TYP_DESCR": "Vac Com Lot",
        "ASMT_YEAR": 2026,
        "ASMT_CODE": "V",
        "ASMT_CODE_DESCR": "VACANT",
        "MKT_LAND_VALUE": 7294100,
        "MKT_CUR_VALUE": 7294100,
        "MKT_PRV_VAL": 7294100,
        "MKT_VAL_YR_CHG": 0,
        "MKT_PCT_CHG": 0,
        "GLOBALID": "{35EB9D6A-42D7-4557-BCCF-C81147EA28C6}",
        "Code": null,
        "Description": "Mixed Use",
        "City": "American Fork",
        "Description_detailed": "Mixed Use",
        "Acres": null,
        "Unit_Rate": null,
        "CityName": null,
        "AdoptedDate": null,
        "Slope_Score": 10,
        "GP_Score": 7,
        "Utilities_Score": 10,
        "Wetlands_Score": 10,
        "Soil_Score": 7,
        "Ownership_Score": 5,
        "Ownership_Type": "Business",
        "Utility_Proximity_Status": "Within 1/8 Mile",
        "Final_Score": 8.2,
        "ELEV_CHANGE": 14.096157895507531,
        "SLOPE": 0.48920008916280716,
        "Join_Count_12": 1,
        "TARGET_FID_12": 4705,
        "Shape_Length_12": null,
        "Shape_Area_12": null,
        "OBJECTID_1_12": null,
        "Join_Count_12_13": null,
        "TARGET_FID_12_13": null,
        "Id": 710,
        "gridcode": 2,
        "ClassName": "Partially Hydric (1 - 25%)",
        "Shape_Length_12_13": null,
        "Shape_Area_12_13": null,
        "SITE_HOUSE_NUM": "6968",
        "SITE_PRE_DIR": "W",
        "SITE_STREET_NAME": "7750 NORTH",
        "MKT_LAND_RES": 0,
        "MKT_LAND_AGR": 0,
        "MKT_LAND_COM": 969600,
        "MKT_IMP_VALUE": 0,
        "MKT_IMP_RES": 0,
        "MKT_IMP_AGR": 0,
        "MKT_IMP_COM": 0,
        "Entry": 9776,
        "Year": 2025,
        "Record_Date": 1739232000000,
        "Grantor": "PROSPERA GROWTH FUND LLC BY PROSPERA GROWTH MANAGER LLC 72.29%INT UNIVERSITY HAVEN LLC",
        "Grantee": "SILVERADO MANAGEMENT LLC",
        "Tax_Address": "NOT APPLICABLE",
        "Serial_Number": "13:041:0029",
        "Serial_Number_Available": "Yes",
        "Detail_URL": "https://www.utahcounty.gov/LandRecords/document.asp?avEntry=9776&avYear=2025",
        "Document_Type": "TR D",
        "Was_REC_": "No",
        "OBJECTID_12": 4348,
        "Shape_Length_12_13_14": 1167.0609263424353,
        "Shape_Area_12_13_14": 73640.04837583237,
        "DocType": "WD",
        "Shape_Length": 0.0058360788913517335,
        "Shape_Area": 2.016231163458643e-06
      }
    },
    {
      "type": "Feature",
      "id": 8,
      "geometry": {
        "type": "Polygon",
        "coordinates": [
          [
            [
              -111.82433302299995,
              40.372890400000074
            ],
            [
              -111.82434469099996,
              40.37398593200004
            ],
            [
              -111.82499240499999,
              40.373990724000066
            ],
            [
              -111.82501049599995,
              40.37289629500003
            ],
            [
              -111.82433302299995,
              40.372890400000074
            ]
          ]
        ]
      },
      "properties": {
        "OBJECTID": 8,
        "Join_Count": 1,
        "TARGET_FID": 85,
        "PARCEL_NO": 130410029,
        "PARCELID": "130410029",
        "PARCELID_LABEL": "13:041:0029",
        "OWNER_NAME": "UNIVERSITY HAVEN LLC",
        "CARE_NAME": null,
        "ACREAGE": 1.69,
        "SITE_FULL_ADDRESS": "6968 W 7750 NORTH, AMERICAN FORK DISTR, UT",
        "OWN_FULL_ADDRESS": "6968 W 7750 N  AMERICAN FORK, UT 84003-9797",
        "PROP_TYPE": 903,
        "PROP_TYPE_DESCR": "VACANT COMMERCIAL",
        "SPECIFIC_PROP_TYPE": 905,
        "SPC_PROP_TYP_DESCR": "Vac Com Lot",
        "ASMT_YEAR": 2026,
        "ASMT_CODE": "V",
        "ASMT_CODE_DESCR": "VACANT",
        "MKT_LAND_VALUE": 969600,
        "MKT_CUR_VALUE": 969600,
        "MKT_PRV_VAL": 969600,
        "MKT_VAL_YR_CHG": 0,
        "MKT_PCT_CHG": 0,
        "GLOBALID": "{CC952B11-F728-4A04-987D-7D6D27E83964}",
        "Code": null,
        "Description": "Mixed Use",
        "City": "American Fork",
        "Description_detailed": "Mixed Use",
        "Acres": null,
        "Unit_Rate": null,
        "CityName": null,
        "AdoptedDate": null,
        "Slope_Score": 10,
        "GP_Score": 7,
        "Utilities_Score": 10,
        "Wetlands_Score": 0,
        "Soil_Score": 7,
        "Ownership_Score": 5,
        "Ownership_Type": "Business",
        "Utility_Proximity_Status": "Within 1/8 Mile",
        "Final_Score": 6.7,
        "ELEV_CHANGE": 14.096157895507531,
        "SLOPE": 0.48920008916280716,
        "Join_Count_12": 1,
        "TARGET_FID_12": 4764,
        "Shape_Length_12": null,
        "Shape_Area_12": null,
        "OBJECTID_1_12": null,
        "Join_Count_12_13": null,
        "TARGET_FID_12_13": null,
        "Id": 710,
        "gridcode": 2,
        "ClassName": "Partially Hydric (1 - 25%)",
        "Shape_Length_12_13": null,
        "Shape_Area_12_13": null,
        "SITE_HOUSE_NUM": "6968",
        "SITE_PRE_DIR": "W",
        "SITE_STREET_NAME": "7750 NORTH",
        "MKT_LAND_RES": 0,
        "MKT_LAND_AGR": 0,
        "MKT_LAND_COM": 969600,
        "MKT_IMP_VALUE": 0,
        "MKT_IMP_RES": 0,
        "MKT_IMP_AGR": 0,
        "MKT_IMP_COM": 0,
        "Entry": 9776,
        "Year": 2025,
        "Record_Date": 1739232000000,
        "Grantor": "PROSPERA GROWTH FUND LLC BY PROSPERA GROWTH MANAGER LLC 72.29%INT UNIVERSITY HAVEN LLC",
        "Grantee": "SILVERADO MANAGEMENT LLC",
        "Tax_Address": "NOT APPLICABLE",
        "Serial_Number": "13:041:0029",
        "Serial_Number_Available": "Yes",
        "Detail_URL": "https://www.utahcounty.gov/LandRecords/document.asp?avEntry=9776&avYear=2025",
        "Document_Type": "TR D",
        "Was_REC_": "No",
        "OBJECTID_12": 4348,
        "Shape_Length_12_13_14": 1167.0609263424353,
        "Shape_Area_12_13_14": 73640.04837583237,
        "DocType": "WD",
        "Shape_Length": 0.0035154030193013464,
        "Shape_Area": 7.255441225876988e-07
      }
    },
    {
      "type": "Feature",
      "id": 9,
      "geometry": {
        "type": "Polygon",
        "coordinates": [
          [
            [
              -111.70995688899995,
              40.32463140400006
            ],
            [
              -111.70995687199996,
              40.324631374000035
            ],
            [
              -111.70997099899995,
              40.324631262000025
            ],
            [
              -111.70994348099998,
              40.32374158500005
            ],
            [
              -111.70951104599999,
              40.32374441700006
            ],
            [
              -111.70951101399999,
              40.32374312800005
            ],
            [
              -111.70924813899995,
              40.32374712300003
            ],
            [
              -111.70808955999996,
              40.32375088800006
            ],
            [
              -111.70809700799998,
              40.32378493900006
            ],
            [
              -111.70760231999998,
              40.32385191000003
            ],
            [
              -111.70760126299996,
              40.32430271700008
            ],
            [
              -111.70718062899999,
              40.32430616600004
            ],
            [
              -111.70733440699996,
              40.32465731100007
            ],
            [
              -111.70995688899995,
              40.32463140400006
            ]
          ]
        ]
      },
      "properties": {
        "OBJECTID": 9,
        "Join_Count": 1,
        "TARGET_FID": 143,
        "PARCEL_NO": 170100178,
        "PARCELID": "170100178",
        "PARCELID_LABEL": "17:010:0178",
        "OWNER_NAME": "CHARMAN MOBILE HOME MANOR LC",
        "CARE_NAME": null,
        "ACREAGE": 5.125,
        "SITE_FULL_ADDRESS": "1497 N STATE ST, OREM, UT",
        "OWN_FULL_ADDRESS": "PO BOX 970903  OREM, UT 84097",
        "PROP_TYPE": 160,
        "PROP_TYPE_DESCR": "TRAILER PARK",
        "SPECIFIC_PROP_TYPE": 160,
        "SPC_PROP_TYP_DESCR": "Trailer Park",
        "ASMT_YEAR": 2026,
        "ASMT_CODE": "V",
        "ASMT_CODE_DESCR": "VACANT",
        "MKT_LAND_VALUE": 2209700,
        "MKT_CUR_VALUE": 2209700,
        "MKT_PRV_VAL": 2209700,
        "MKT_VAL_YR_CHG": 0,
        "MKT_PCT_CHG": 0,
        "GLOBALID": "{49FEB028-FE9A-4F1B-A705-467489AAF995}",
        "Code": null,
        "Description": "Mixed Use - High Density",
        "City": "Orem",
        "Description_detailed": "Mixed Use",
        "Acres": null,
        "Unit_Rate": null,
        "CityName": null,
        "AdoptedDate": null,
        "Slope_Score": 10,
        "GP_Score": 9,
        "Utilities_Score": 10,
        "Wetlands_Score": 10,
        "Soil_Score": 10,
        "Ownership_Score": 5,
        "Ownership_Type": "Business",
        "Utility_Proximity_Status": "Within 1/8 Mile",
        "Final_Score": 9,
        "ELEV_CHANGE": 0.3948862597653715,
        "SLOPE": 0.19251386372050996,
        "Join_Count_12": 1,
        "TARGET_FID_12": 7512,
        "Shape_Length_12": null,
        "Shape_Area_12": null,
        "OBJECTID_1_12": null,
        "Join_Count_12_13": null,
        "TARGET_FID_12_13": null,
        "Id": 2073,
        "gridcode": 1,
        "ClassName": "Not Hydric",
        "Shape_Length_12_13": null,
        "Shape_Area_12_13": null,
        "SITE_HOUSE_NUM": "548",
        "SITE_PRE_DIR": "W",
        "SITE_STREET_NAME": "1450 NORTH",
        "MKT_LAND_RES": 108800,
        "MKT_LAND_AGR": 0,
        "MKT_LAND_COM": 0,
        "MKT_IMP_VALUE": 356900,
        "MKT_IMP_RES": 356900,
        "MKT_IMP_AGR": 0,
        "MKT_IMP_COM": 0,
        "Entry": 20593,
        "Year": 2023,
        "Record_Date": 1680480000000,
        "Grantor": "NELSON, CLINT D",
        "Grantee": "AMERICA FIRST FEDERAL CREDIT UNION",
        "Tax_Address": "NOT APPLICABLE",
        "Serial_Number": "47:188:0005",
        "Serial_Number_Available": "Yes",
        "Detail_URL": "https://www.utahcounty.gov/LandRecords/document.asp?avEntry=20593&avYear=2023",
        "Document_Type": "TR D",
        "Was_REC_": "No",
        "OBJECTID_12": 493,
        "Shape_Length_12_13_14": 257.53248315910713,
        "Shape_Area_12_13_14": 3511.503467481165,
        "DocType": "WD",
        "Shape_Length": 0.007170952819817388,
        "Shape_Area": 2.1965697495555017e-06
      }
    },
    {
      "type": "Feature",
      "id": 10,
      "geometry": {
        "type": "Polygon",
        "coordinates": [
          [
            [
              -111.71255024599998,
              40.26072270000003
            ],
            [
              -111.71253488199994,
              40.25979873800003
            ],
            [
              -111.71243272499999,
              40.25979973600005
            ],
            [
              -111.71242769899999,
              40.259497354000075
            ],
            [
              -111.70834860399998,
              40.259537084000044
            ],
            [
              -111.70960195099997,
              40.260751378000066
            ],
            [
              -111.71255024599998,
              40.26072270000003
            ]
          ]
        ]
      },
      "properties": {
        "OBJECTID": 10,
        "Join_Count": 1,
        "TARGET_FID": 172,
        "PARCEL_NO": 190460111,
        "PARCELID": "190460111",
        "PARCELID_LABEL": "19:046:0111",
        "OWNER_NAME": "WHL LAKEVIEW LLC",
        "CARE_NAME": null,
        "ACREAGE": 10.137533999999999,
        "SITE_FULL_ADDRESS": null,
        "OWN_FULL_ADDRESS": "42 E 1100 S STE 1A  AMERICAN FORK, UT 84003",
        "PROP_TYPE": 900,
        "PROP_TYPE_DESCR": "VACANT",
        "SPECIFIC_PROP_TYPE": 901,
        "SPC_PROP_TYP_DESCR": "Vac Res",
        "ASMT_YEAR": 2026,
        "ASMT_CODE": "V",
        "ASMT_CODE_DESCR": "VACANT",
        "MKT_LAND_VALUE": 4629100,
        "MKT_CUR_VALUE": 4629100,
        "MKT_PRV_VAL": 4629100,
        "MKT_VAL_YR_CHG": 0,
        "MKT_PCT_CHG": 0,
        "GLOBALID": "{3D081234-7612-47D9-B057-9C26EF723886}",
        "Code": "M",
        "Description": "Mixed Use",
        "City": "Provo",
        "Description_detailed": null,
        "Acres": null,
        "Unit_Rate": null,
        "CityName": null,
        "AdoptedDate": null,
        "Slope_Score": 10,
        "GP_Score": 7,
        "Utilities_Score": 10,
        "Wetlands_Score": 10,
        "Soil_Score": 0,
        "Ownership_Score": 5,
        "Ownership_Type": "Business",
        "Utility_Proximity_Status": "Within 1/8 Mile",
        "Final_Score": 7.5,
        "ELEV_CHANGE": 2.5487384960933923,
        "SLOPE": 1.5012709329706448,
        "Join_Count_12": 1,
        "TARGET_FID_12": 8976,
        "Shape_Length_12": null,
        "Shape_Area_12": null,
        "OBJECTID_1_12": null,
        "Join_Count_12_13": null,
        "TARGET_FID_12_13": null,
        "Id": 896,
        "gridcode": 6,
        "ClassName": "All Hydric",
        "Shape_Length_12_13": null,
        "Shape_Area_12_13": null,
        "SITE_HOUSE_NUM": null,
        "SITE_PRE_DIR": null,
        "SITE_STREET_NAME": null,
        "MKT_LAND_RES": 0,
        "MKT_LAND_AGR": 4629100,
        "MKT_LAND_COM": 0,
        "MKT_IMP_VALUE": 0,
        "MKT_IMP_RES": 0,
        "MKT_IMP_AGR": 0,
        "MKT_IMP_COM": 0,
        "Entry": 50472,
        "Year": 2025,
        "Record_Date": 1751932800000,
        "Grantor": "WHL LAKEVIEW LLC",
        "Grantee": "ALTABANK DIV OF GLACIER BANK",
        "Tax_Address": "NOT APPLICABLE",
        "Serial_Number": "19:046:0111",
        "Serial_Number_Available": "Yes",
        "Detail_URL": "https://www.utahcounty.gov/LandRecords/document.asp?avEntry=50472&avYear=2025",
        "Document_Type": "TR D",
        "Was_REC_": "No",
        "OBJECTID_12": 5144,
        "Shape_Length_12_13_14": 3000.5373988164815,
        "Shape_Area_12_13_14": 441343.5001756302,
        "DocType": "WD",
        "Shape_Length": 0.010101502508477087,
        "Shape_Area": 4.341359524716619e-06
      }
    },
    {
      "type": "Feature",
      "id": 11,
      "geometry": {
        "type": "Polygon",
        "coordinates": [
          [
            [
              -111.62054917699999,
              40.32886317800006
            ],
            [
              -111.62125870299997,
              40.328743459000066
            ],
            [
              -111.62141589499998,
              40.328572880000024
            ],
            [
              -111.62121951599994,
              40.32835070600004
            ],
            [
              -111.62133743499999,
              40.32819025400005
            ],
            [
              -111.62152731799995,
              40.328092007000066
            ],
            [
              -111.62172357999998,
              40.32803067300006
            ],
            [
              -111.62186639399994,
              40.32795783900008
            ],
            [
              -111.62186459999998,
              40.32694983700003
            ],
            [
              -111.62040889499997,
              40.326951343000076
            ],
            [
              -111.62054917699999,
              40.32886317800006
            ]
          ]
        ]
      },
      "properties": {
        "OBJECTID": 11,
        "Join_Count": 1,
        "TARGET_FID": 195,
        "PARCEL_NO": 200080001,
        "PARCELID": "200080001",
        "PARCELID_LABEL": "20:008:0001",
        "OWNER_NAME": "SPRINGDELL INC",
        "CARE_NAME": null,
        "ACREAGE": 5.0600000000000005,
        "SITE_FULL_ADDRESS": null,
        "OWN_FULL_ADDRESS": "RR 3 BOX 644  PROVO, UT 84604-9615",
        "PROP_TYPE": 900,
        "PROP_TYPE_DESCR": "VACANT",
        "SPECIFIC_PROP_TYPE": 901,
        "SPC_PROP_TYP_DESCR": "Vac Res",
        "ASMT_YEAR": 2026,
        "ASMT_CODE": "V",
        "ASMT_CODE_DESCR": "VACANT",
        "MKT_LAND_VALUE": 16500,
        "MKT_CUR_VALUE": 16500,
        "MKT_PRV_VAL": 16500,
        "MKT_VAL_YR_CHG": 0,
        "MKT_PCT_CHG": 0,
        "GLOBALID": "{D5E3275A-B4B1-45CC-AC44-0BE0677830E5}",
        "Code": "R",
        "Description": "Residential",
        "City": "Provo",
        "Description_detailed": null,
        "Acres": null,
        "Unit_Rate": null,
        "CityName": null,
        "AdoptedDate": null,
        "Slope_Score": 10,
        "GP_Score": 5,
        "Utilities_Score": 0,
        "Wetlands_Score": 10,
        "Soil_Score": 10,
        "Ownership_Score": 5,
        "Ownership_Type": "Business",
        "Utility_Proximity_Status": "Not Within 1/8 Mile",
        "Final_Score": 5.5,
        "ELEV_CHANGE": 144.32932597167928,
        "SLOPE": 2.7773105229831128,
        "Join_Count_12": 1,
        "TARGET_FID_12": 9273,
        "Shape_Length_12": null,
        "Shape_Area_12": null,
        "OBJECTID_1_12": null,
        "Join_Count_12_13": null,
        "TARGET_FID_12_13": null,
        "Id": null,
        "gridcode": null,
        "ClassName": null,
        "Shape_Length_12_13": null,
        "Shape_Area_12_13": null,
        "SITE_HOUSE_NUM": "1530",
        "SITE_PRE_DIR": "E",
        "SITE_STREET_NAME": "SPRINGDELL",
        "MKT_LAND_RES": 182400,
        "MKT_LAND_AGR": 0,
        "MKT_LAND_COM": 0,
        "MKT_IMP_VALUE": 235600,
        "MKT_IMP_RES": 235600,
        "MKT_IMP_AGR": 0,
        "MKT_IMP_COM": 0,
        "Entry": 15474,
        "Year": 2023,
        "Record_Date": 1678665600000,
        "Grantor": "LIVINGSTON, CHRISTOPHER DALTON, BAILEY R",
        "Grantee": "AMERICA FIRST FEDERAL CREDIT UNION",
        "Tax_Address": "NOT APPLICABLE",
        "Serial_Number": "52:053:0013",
        "Serial_Number_Available": "Yes",
        "Detail_URL": "https://www.utahcounty.gov/LandRecords/document.asp?avEntry=15474&avYear=2023",
        "Document_Type": "TR D",
        "Was_REC_": "No",
        "OBJECTID_12": 373,
        "Shape_Length_12_13_14": 239.8205768812603,
        "Shape_Area_12_13_14": 2639.7843909701783,
        "DocType": "WD",
        "Shape_Length": 0.006407578355249177,
        "Shape_Area": 2.1682608119719384e-06
      }
    },
    {
      "type": "Feature",
      "id": 12,
      "geometry": {
        "type": "Polygon",
        "coordinates": [
          [
            [
              -111.695793418,
              40.22532937700004
            ],
            [
              -111.69579371299994,
              40.22443234700006
            ],
            [
              -111.69496350499998,
              40.22444545700006
            ],
            [
              -111.69496234699994,
              40.22467041300007
            ],
            [
              -111.6949644800444,
              40.22474134113451
            ],
            [
              -111.69497151676052,
              40.224811951578225
            ],
            [
              -111.69498342340383,
              40.224881905720196
            ],
            [
              -111.69500014287628,
              40.22495086809672
            ],
            [
              -111.69502159499996,
              40.22501850800006
            ],
            [
              -111.69502233413883,
              40.22500763513201
            ],
            [
              -111.6950249026646,
              40.22499704418014
            ],
            [
              -111.69502922648081,
              40.22498704067079
            ],
            [
              -111.69503518085462,
              40.2249779131838
            ],
            [
              -111.69504259401504,
              40.22496992502766
            ],
            [
              -111.69505125210827,
              40.224963306643595
            ],
            [
              -111.69506090536682,
              40.224958248957826
            ],
            [
              -111.69507127531483,
              40.22495489787378
            ],
            [
              -111.69508206280148,
              40.22495335006306
            ],
            [
              -111.69509295663082,
              40.2249536501767
            ],
            [
              -111.69510364253918,
              40.22495578955707
            ],
            [
              -111.69511381226097,
              40.22495970648761
            ],
            [
              -111.69512317242145,
              40.224965287973255
            ],
            [
              -111.69513145299999,
              40.22497237300007
            ],
            [
              -111.69515955579907,
              40.2249905832229
            ],
            [
              -111.69519009737807,
              40.22500431608431
            ],
            [
              -111.69522236976047,
              40.22501325324634
            ],
            [
              -111.6952556248484,
              40.22501718753893
            ],
            [
              -111.69528909176415,
              40.22501602776224
            ],
            [
              -111.69532199471966,
              40.22500980080075
            ],
            [
              -111.69535357099994,
              40.22499865100008
            ],
            [
              -111.69544612299995,
              40.22532885700008
            ],
            [
              -111.695793418,
              40.22532937700004
            ]
          ]
        ]
      },
      "properties": {
        "OBJECTID": 12,
        "Join_Count": 1,
        "TARGET_FID": 225,
        "PARCEL_NO": 210380122,
        "PARCELID": "210380122",
        "PARCELID_LABEL": "21:038:0122",
        "OWNER_NAME": "VINCENT LAND LLC",
        "CARE_NAME": null,
        "ACREAGE": 1.372789,
        "SITE_FULL_ADDRESS": "PROVO, UT",
        "OWN_FULL_ADDRESS": "1455 W 200 S  LINDON, UT 84042",
        "PROP_TYPE": 900,
        "PROP_TYPE_DESCR": "VACANT",
        "SPECIFIC_PROP_TYPE": 901,
        "SPC_PROP_TYP_DESCR": "Vac Res",
        "ASMT_YEAR": 2026,
        "ASMT_CODE": "V",
        "ASMT_CODE_DESCR": "VACANT",
        "MKT_LAND_VALUE": 233400,
        "MKT_CUR_VALUE": 233400,
        "MKT_PRV_VAL": 233400,
        "MKT_VAL_YR_CHG": 0,
        "MKT_PCT_CHG": 0,
        "GLOBALID": "{617DADC6-81A8-4FA9-9449-1CFD26A4D935}",
        "Code": "R",
        "Description": "Residential",
        "City": "Provo",
        "Description_detailed": null,
        "Acres": null,
        "Unit_Rate": null,
        "CityName": null,
        "AdoptedDate": null,
        "Slope_Score": 10,
        "GP_Score": 5,
        "Utilities_Score": 5,
        "Wetlands_Score": 10,
        "Soil_Score": 7,
        "Ownership_Score": 5,
        "Ownership_Type": "Business",
        "Utility_Proximity_Status": "Unknown - No Data",
        "Final_Score": 6.45,
        "ELEV_CHANGE": 1.2491381787112914,
        "SLOPE": 0.4943806952936297,
        "Join_Count_12": 2,
        "TARGET_FID_12": 10018,
        "Shape_Length_12": null,
        "Shape_Area_12": null,
        "OBJECTID_1_12": null,
        "Join_Count_12_13": null,
        "TARGET_FID_12_13": null,
        "Id": 1142,
        "gridcode": 2,
        "ClassName": "Partially Hydric (1 - 25%)",
        "Shape_Length_12_13": null,
        "Shape_Area_12_13": null,
        "SITE_HOUSE_NUM": "2103",
        "SITE_PRE_DIR": "W",
        "SITE_STREET_NAME": "600 SOUTH",
        "MKT_LAND_RES": 192300,
        "MKT_LAND_AGR": 0,
        "MKT_LAND_COM": 0,
        "MKT_IMP_VALUE": 249000,
        "MKT_IMP_RES": 249000,
        "MKT_IMP_AGR": 0,
        "MKT_IMP_COM": 0,
        "Entry": 29017,
        "Year": 2025,
        "Record_Date": 1745280000000,
        "Grantor": "FARMER, NATHAN WADE FARMER, KASHA MARIE",
        "Grantee": "AMERICA FIRST FEDERAL CREDIT UNION",
        "Tax_Address": "NOT APPLICABLE",
        "Serial_Number": "21:038:0123",
        "Serial_Number_Available": "Yes",
        "Detail_URL": "https://www.utahcounty.gov/LandRecords/document.asp?avEntry=29017&avYear=2025",
        "Document_Type": "TR D",
        "Was_REC_": "No",
        "OBJECTID_12": 4734,
        "Shape_Length_12_13_14": 484.04465888048514,
        "Shape_Area_12_13_14": 14541.251575690676,
        "DocType": "WD",
        "Shape_Length": 0.0033847906582927423,
        "Shape_Area": 5.87581593265693e-07
      }
    },
    {
      "type": "Feature",
      "id": 13,
      "geometry": {
        "type": "Polygon",
        "coordinates": [
          [
            [
              -111.70224759699994,
              40.24251410100004
            ],
            [
              -111.70225957599996,
              40.24127568100005
            ],
            [
              -111.70164810199998,
              40.24127220300005
            ],
            [
              -111.70164690499996,
              40.24139571500007
            ],
            [
              -111.70163612999994,
              40.242510390000064
            ],
            [
              -111.70224759699994,
              40.24251410100004
            ]
          ]
        ]
      },
      "properties": {
        "OBJECTID": 13,
        "Join_Count": 1,
        "TARGET_FID": 227,
        "PARCEL_NO": 210240120,
        "PARCELID": "210240120",
        "PARCELID_LABEL": "21:024:0120",
        "OWNER_NAME": "DAVIS, STEVEN A & KAREN B",
        "CARE_NAME": null,
        "ACREAGE": 1.7687469999999998,
        "SITE_FULL_ADDRESS": null,
        "OWN_FULL_ADDRESS": "2465 W 620 N  PROVO, UT 84601-1124",
        "PROP_TYPE": 900,
        "PROP_TYPE_DESCR": "VACANT",
        "SPECIFIC_PROP_TYPE": 901,
        "SPC_PROP_TYP_DESCR": "Vac Res",
        "ASMT_YEAR": 2026,
        "ASMT_CODE": "V",
        "ASMT_CODE_DESCR": "VACANT",
        "MKT_LAND_VALUE": 541000,
        "MKT_CUR_VALUE": 541000,
        "MKT_PRV_VAL": 541000,
        "MKT_VAL_YR_CHG": 0,
        "MKT_PCT_CHG": 0,
        "GLOBALID": "{B77CB7AF-05AA-4D80-A1FE-0D8E3E1BC9B1}",
        "Code": "R",
        "Description": "Residential",
        "City": "Provo",
        "Description_detailed": null,
        "Acres": null,
        "Unit_Rate": null,
        "CityName": null,
        "AdoptedDate": null,
        "Slope_Score": 10,
        "GP_Score": 5,
        "Utilities_Score": 5,
        "Wetlands_Score": 10,
        "Soil_Score": 0,
        "Ownership_Score": 10,
        "Ownership_Type": "Private",
        "Utility_Proximity_Status": "Unknown - No Data",
        "Final_Score": 6.5,
        "ELEV_CHANGE": 5.031395620118019,
        "SLOPE": 0.6213826436142049,
        "Join_Count_12": 1,
        "TARGET_FID_12": 10051,
        "Shape_Length_12": null,
        "Shape_Area_12": null,
        "OBJECTID_1_12": null,
        "Join_Count_12_13": null,
        "TARGET_FID_12_13": null,
        "Id": 1588,
        "gridcode": 6,
        "ClassName": "All Hydric",
        "Shape_Length_12_13": null,
        "Shape_Area_12_13": null,
        "SITE_HOUSE_NUM": "587",
        "SITE_PRE_DIR": "N",
        "SITE_STREET_NAME": "2430 WEST",
        "MKT_LAND_RES": 146500,
        "MKT_LAND_AGR": 0,
        "MKT_LAND_COM": 0,
        "MKT_IMP_VALUE": 253800,
        "MKT_IMP_RES": 253800,
        "MKT_IMP_AGR": 0,
        "MKT_IMP_COM": 0,
        "Entry": 19378,
        "Year": 2024,
        "Record_Date": 1711411200000,
        "Grantor": "VAZQUEZ, GUSTAVO A",
        "Grantee": "BUTLER, THOMAS",
        "Tax_Address": "NOT APPLICABLE",
        "Serial_Number": "55:263:0004",
        "Serial_Number_Available": "Yes",
        "Detail_URL": "https://www.utahcounty.gov/LandRecords/document.asp?avEntry=19378&avYear=2024",
        "Document_Type": "TR D",
        "Was_REC_": "No",
        "OBJECTID_12": 2659,
        "Shape_Length_12_13_14": 285.60831363257626,
        "Shape_Area_12_13_14": 5200.935051047936,
        "DocType": "WD",
        "Shape_Length": 0.003699684963206401,
        "Shape_Area": 7.572308183167854e-07
      }
    },
    {
      "type": "Feature",
      "id": 14,
      "geometry": {
        "type": "Polygon",
        "coordinates": [
          [
            [
              -111.69576684899994,
              40.23127675600006
            ],
            [
              -111.69576681699999,
              40.23127677200006
            ],
            [
              -111.69676656499996,
              40.23128846600008
            ],
            [
              -111.69676558999998,
              40.23133752900003
            ],
            [
              -111.69679491499994,
              40.23133749600004
            ],
            [
              -111.69679145799995,
              40.23191883100003
            ],
            [
              -111.69745248499999,
              40.231926558000055
            ],
            [
              -111.69746323999999,
              40.23011517900005
            ],
            [
              -111.69577389299997,
              40.23009542500006
            ],
            [
              -111.69576684899994,
              40.23127675600006
            ]
          ]
        ]
      },
      "properties": {
        "OBJECTID": 14,
        "Join_Count": 1,
        "TARGET_FID": 235,
        "PARCEL_NO": 210380082,
        "PARCELID": "210380082",
        "PARCELID_LABEL": "21:038:0082",
        "OWNER_NAME": "DAHL, PHILLIP D & SANDRA P",
        "CARE_NAME": null,
        "ACREAGE": 5.639,
        "SITE_FULL_ADDRESS": null,
        "OWN_FULL_ADDRESS": "2121 W 130 S  PROVO, UT 84601-3732",
        "PROP_TYPE": 900,
        "PROP_TYPE_DESCR": "VACANT",
        "SPECIFIC_PROP_TYPE": 901,
        "SPC_PROP_TYP_DESCR": "Vac Res",
        "ASMT_YEAR": 2026,
        "ASMT_CODE": "V",
        "ASMT_CODE_DESCR": "VACANT",
        "MKT_LAND_VALUE": 958000,
        "MKT_CUR_VALUE": 958000,
        "MKT_PRV_VAL": 958000,
        "MKT_VAL_YR_CHG": 0,
        "MKT_PCT_CHG": 0,
        "GLOBALID": "{633A5354-1F7C-46B9-AC0A-0984156A67F7}",
        "Code": "R",
        "Description": "Residential",
        "City": "Provo",
        "Description_detailed": null,
        "Acres": null,
        "Unit_Rate": null,
        "CityName": null,
        "AdoptedDate": null,
        "Slope_Score": 10,
        "GP_Score": 5,
        "Utilities_Score": 5,
        "Wetlands_Score": 10,
        "Soil_Score": 7,
        "Ownership_Score": 10,
        "Ownership_Type": "Private",
        "Utility_Proximity_Status": "Unknown - No Data",
        "Final_Score": 7.2,
        "ELEV_CHANGE": 1.4549916650385057,
        "SLOPE": 0.4173594641134901,
        "Join_Count_12": 1,
        "TARGET_FID_12": 10130,
        "Shape_Length_12": null,
        "Shape_Area_12": null,
        "OBJECTID_1_12": null,
        "Join_Count_12_13": null,
        "TARGET_FID_12_13": null,
        "Id": 1142,
        "gridcode": 2,
        "ClassName": "Partially Hydric (1 - 25%)",
        "Shape_Length_12_13": null,
        "Shape_Area_12_13": null,
        "SITE_HOUSE_NUM": null,
        "SITE_PRE_DIR": null,
        "SITE_STREET_NAME": null,
        "MKT_LAND_RES": 532800,
        "MKT_LAND_AGR": 0,
        "MKT_LAND_COM": 0,
        "MKT_IMP_VALUE": 0,
        "MKT_IMP_RES": 0,
        "MKT_IMP_AGR": 0,
        "MKT_IMP_COM": 0,
        "Entry": 87897,
        "Year": 2024,
        "Record_Date": 1734048000000,
        "Grantor": "PREMIER REALTY INVESTMENTS LLC",
        "Grantee": "MADISON TRUST COMPANY CUSFOR PAUL GUSTAVSON M22022368",
        "Tax_Address": "NOT APPLICABLE",
        "Serial_Number": "21:025:0137",
        "Serial_Number_Available": "Yes",
        "Detail_URL": "https://www.utahcounty.gov/LandRecords/document.asp?avEntry=87897&avYear=2024",
        "Document_Type": "TR D",
        "Was_REC_": "No",
        "OBJECTID_12": 4035,
        "Shape_Length_12_13_14": 845.2785279603369,
        "Shape_Area_12_13_14": 34857.669855300046,
        "DocType": "WD",
        "Shape_Length": 0.00700289273084853,
        "Shape_Area": 2.413776722609999e-06
      }
    },
    {
      "type": "Feature",
      "id": 15,
      "geometry": {
        "type": "Polygon",
        "coordinates": [
          [
            [
              -111.69751420499995,
              40.232240657000034
            ],
            [
              -111.69750168099995,
              40.233775121000065
            ],
            [
              -111.69818332099999,
              40.23377536600003
            ],
            [
              -111.69821513499994,
              40.23221694500006
            ],
            [
              -111.69751420499995,
              40.232240657000034
            ]
          ]
        ]
      },
      "properties": {
        "OBJECTID": 15,
        "Join_Count": 1,
        "TARGET_FID": 237,
        "PARCEL_NO": 210250134,
        "PARCELID": "210250134",
        "PARCELID_LABEL": "21:025:0134",
        "OWNER_NAME": "FELT, ROSEANN TAYLOR (ET AL)",
        "CARE_NAME": null,
        "ACREAGE": 2.4967919999999997,
        "SITE_FULL_ADDRESS": null,
        "OWN_FULL_ADDRESS": "6437 KINGS GRANT  DAYTON, OH 45459",
        "PROP_TYPE": 900,
        "PROP_TYPE_DESCR": "VACANT",
        "SPECIFIC_PROP_TYPE": 901,
        "SPC_PROP_TYP_DESCR": "Vac Res",
        "ASMT_YEAR": 2026,
        "ASMT_CODE": "V",
        "ASMT_CODE_DESCR": "VACANT",
        "MKT_LAND_VALUE": 424200,
        "MKT_CUR_VALUE": 424200,
        "MKT_PRV_VAL": 424200,
        "MKT_VAL_YR_CHG": 0,
        "MKT_PCT_CHG": 0,
        "GLOBALID": "{FFF5E9D9-87A8-44CD-9485-DEA81B001469}",
        "Code": "R",
        "Description": "Residential",
        "City": "Provo",
        "Description_detailed": null,
        "Acres": null,
        "Unit_Rate": null,
        "CityName": null,
        "AdoptedDate": null,
        "Slope_Score": 10,
        "GP_Score": 5,
        "Utilities_Score": 5,
        "Wetlands_Score": 10,
        "Soil_Score": 7,
        "Ownership_Score": 10,
        "Ownership_Type": "Private",
        "Utility_Proximity_Status": "Unknown - No Data",
        "Final_Score": 7.2,
        "ELEV_CHANGE": 2.437401396484347,
        "SLOPE": 0.428389803914582,
        "Join_Count_12": 1,
        "TARGET_FID_12": 10164,
        "Shape_Length_12": null,
        "Shape_Area_12": null,
        "OBJECTID_1_12": null,
        "Join_Count_12_13": null,
        "TARGET_FID_12_13": null,
        "Id": 1142,
        "gridcode": 2,
        "ClassName": "Partially Hydric (1 - 25%)",
        "Shape_Length_12_13": null,
        "Shape_Area_12_13": null,
        "SITE_HOUSE_NUM": null,
        "SITE_PRE_DIR": null,
        "SITE_STREET_NAME": null,
        "MKT_LAND_RES": 532800,
        "MKT_LAND_AGR": 0,
        "MKT_LAND_COM": 0,
        "MKT_IMP_VALUE": 0,
        "MKT_IMP_RES": 0,
        "MKT_IMP_AGR": 0,
        "MKT_IMP_COM": 0,
        "Entry": 87897,
        "Year": 2024,
        "Record_Date": 1734048000000,
        "Grantor": "PREMIER REALTY INVESTMENTS LLC",
        "Grantee": "MADISON TRUST COMPANY CUSFOR PAUL GUSTAVSON M22022368",
        "Tax_Address": "NOT APPLICABLE",
        "Serial_Number": "21:025:0137",
        "Serial_Number_Available": "Yes",
        "Detail_URL": "https://www.utahcounty.gov/LandRecords/document.asp?avEntry=87897&avYear=2024",
        "Document_Type": "TR D",
        "Was_REC_": "No",
        "OBJECTID_12": 4035,
        "Shape_Length_12_13_14": 845.2785279603369,
        "Shape_Area_12_13_14": 34857.669855300046,
        "DocType": "WD",
        "Shape_Length": 0.004476231814122378,
        "Shape_Area": 1.0687723836766723e-06
      }
    },
    {
      "type": "Feature",
      "id": 16,
      "geometry": {
        "type": "Polygon",
        "coordinates": [
          [
            [
              -111.69741861299997,
              40.23214743200003
            ],
            [
              -111.69751499399996,
              40.23214855700007
            ],
            [
              -111.69751424199995,
              40.232240657000034
            ],
            [
              -111.69851175299999,
              40.23220691500006
            ],
            [
              -111.69851768599995,
              40.231908471000054
            ],
            [
              -111.69745265999995,
              40.23189603000003
            ],
            [
              -111.69745226499998,
              40.23196244500008
            ],
            [
              -111.69742229399998,
              40.23196247800007
            ],
            [
              -111.69741861299997,
              40.23214743200003
            ]
          ]
        ]
      },
      "properties": {
        "OBJECTID": 16,
        "Join_Count": 1,
        "TARGET_FID": 238,
        "PARCEL_NO": 210250137,
        "PARCELID": "210250137",
        "PARCELID_LABEL": "21:025:0137",
        "OWNER_NAME": "PREMIER REALTY INVESTMENTS LLC",
        "CARE_NAME": null,
        "ACREAGE": 3.136,
        "SITE_FULL_ADDRESS": null,
        "OWN_FULL_ADDRESS": "1480 S STATE ST  PROVO, UT 84606-6406",
        "PROP_TYPE": 900,
        "PROP_TYPE_DESCR": "VACANT",
        "SPECIFIC_PROP_TYPE": 901,
        "SPC_PROP_TYP_DESCR": "Vac Res",
        "ASMT_YEAR": 2026,
        "ASMT_CODE": "V",
        "ASMT_CODE_DESCR": "VACANT",
        "MKT_LAND_VALUE": 532800,
        "MKT_CUR_VALUE": 532800,
        "MKT_PRV_VAL": 532800,
        "MKT_VAL_YR_CHG": 0,
        "MKT_PCT_CHG": 0,
        "GLOBALID": "{F784EC92-A07C-4AB2-A069-E096ED5FC102}",
        "Code": "R",
        "Description": "Residential",
        "City": "Provo",
        "Description_detailed": null,
        "Acres": null,
        "Unit_Rate": null,
        "CityName": null,
        "AdoptedDate": null,
        "Slope_Score": 10,
        "GP_Score": 5,
        "Utilities_Score": 5,
        "Wetlands_Score": 10,
        "Soil_Score": 7,
        "Ownership_Score": 5,
        "Ownership_Type": "Business",
        "Utility_Proximity_Status": "Unknown - No Data",
        "Final_Score": 6.45,
        "ELEV_CHANGE": 1.4549916650385057,
        "SLOPE": 0.4173594641134901,
        "Join_Count_12": 1,
        "TARGET_FID_12": 10166,
        "Shape_Length_12": null,
        "Shape_Area_12": null,
        "OBJECTID_1_12": null,
        "Join_Count_12_13": null,
        "TARGET_FID_12_13": null,
        "Id": 1142,
        "gridcode": 2,
        "ClassName": "Partially Hydric (1 - 25%)",
        "Shape_Length_12_13": null,
        "Shape_Area_12_13": null,
        "SITE_HOUSE_NUM": null,
        "SITE_PRE_DIR": null,
        "SITE_STREET_NAME": null,
        "MKT_LAND_RES": 532800,
        "MKT_LAND_AGR": 0,
        "MKT_LAND_COM": 0,
        "MKT_IMP_VALUE": 0,
        "MKT_IMP_RES": 0,
        "MKT_IMP_AGR": 0,
        "MKT_IMP_COM": 0,
        "Entry": 87897,
        "Year": 2024,
        "Record_Date": 1734048000000,
        "Grantor": "PREMIER REALTY INVESTMENTS LLC",
        "Grantee": "MADISON TRUST COMPANY CUSFOR PAUL GUSTAVSON M22022368",
        "Tax_Address": "NOT APPLICABLE",
        "Serial_Number": "21:025:0137",
        "Serial_Number_Available": "Yes",
        "Detail_URL": "https://www.utahcounty.gov/LandRecords/document.asp?avEntry=87897&avYear=2024",
        "Document_Type": "TR D",
        "Was_REC_": "No",
        "OBJECTID_12": 4035,
        "Shape_Length_12_13_14": 845.2785279603369,
        "Shape_Area_12_13_14": 34857.669855300046,
        "DocType": "WD",
        "Shape_Length": 0.0028315516025480686,
        "Shape_Area": 3.427452898654206e-07
      }
    },
    {
      "type": "Feature",
      "id": 17,
      "geometry": {
        "type": "Polygon",
        "coordinates": [
          [
            [
              -111.69745252299998,
              40.23192158400008
            ],
            [
              -111.69799164199998,
              40.231927882000036
            ],
            [
              -111.69802765499998,
              40.23011680600007
            ],
            [
              -111.69746327399997,
              40.230110212000056
            ],
            [
              -111.69745252299998,
              40.23192158400008
            ]
          ]
        ]
      },
      "properties": {
        "OBJECTID": 17,
        "Join_Count": 1,
        "TARGET_FID": 239,
        "PARCEL_NO": 210250137,
        "PARCELID": "210250137",
        "PARCELID_LABEL": "21:025:0137",
        "OWNER_NAME": "PREMIER REALTY INVESTMENTS LLC",
        "CARE_NAME": null,
        "ACREAGE": 3.136,
        "SITE_FULL_ADDRESS": null,
        "OWN_FULL_ADDRESS": "1480 S STATE ST  PROVO, UT 84606-6406",
        "PROP_TYPE": 900,
        "PROP_TYPE_DESCR": "VACANT",
        "SPECIFIC_PROP_TYPE": 901,
        "SPC_PROP_TYP_DESCR": "Vac Res",
        "ASMT_YEAR": 2026,
        "ASMT_CODE": "V",
        "ASMT_CODE_DESCR": "VACANT",
        "MKT_LAND_VALUE": 532800,
        "MKT_CUR_VALUE": 532800,
        "MKT_PRV_VAL": 532800,
        "MKT_VAL_YR_CHG": 0,
        "MKT_PCT_CHG": 0,
        "GLOBALID": "{AEDF9168-3DA4-4EBF-A774-0D43A1A2B01F}",
        "Code": "R",
        "Description": "Residential",
        "City": "Provo",
        "Description_detailed": null,
        "Acres": null,
        "Unit_Rate": null,
        "CityName": null,
        "AdoptedDate": null,
        "Slope_Score": 10,
        "GP_Score": 5,
        "Utilities_Score": 5,
        "Wetlands_Score": 10,
        "Soil_Score": 7,
        "Ownership_Score": 5,
        "Ownership_Type": "Business",
        "Utility_Proximity_Status": "Unknown - No Data",
        "Final_Score": 6.45,
        "ELEV_CHANGE": 1.4549916650385057,
        "SLOPE": 0.4173594641134901,
        "Join_Count_12": 1,
        "TARGET_FID_12": 10167,
        "Shape_Length_12": null,
        "Shape_Area_12": null,
        "OBJECTID_1_12": null,
        "Join_Count_12_13": null,
        "TARGET_FID_12_13": null,
        "Id": 1142,
        "gridcode": 2,
        "ClassName": "Partially Hydric (1 - 25%)",
        "Shape_Length_12_13": null,
        "Shape_Area_12_13": null,
        "SITE_HOUSE_NUM": null,
        "SITE_PRE_DIR": null,
        "SITE_STREET_NAME": null,
        "MKT_LAND_RES": 532800,
        "MKT_LAND_AGR": 0,
        "MKT_LAND_COM": 0,
        "MKT_IMP_VALUE": 0,
        "MKT_IMP_RES": 0,
        "MKT_IMP_AGR": 0,
        "MKT_IMP_COM": 0,
        "Entry": 87897,
        "Year": 2024,
        "Record_Date": 1734048000000,
        "Grantor": "PREMIER REALTY INVESTMENTS LLC",
        "Grantee": "MADISON TRUST COMPANY CUSFOR PAUL GUSTAVSON M22022368",
        "Tax_Address": "NOT APPLICABLE",
        "Serial_Number": "21:025:0137",
        "Serial_Number_Available": "Yes",
        "Detail_URL": "https://www.utahcounty.gov/LandRecords/document.asp?avEntry=87897&avYear=2024",
        "Document_Type": "TR D",
        "Was_REC_": "No",
        "OBJECTID_12": 4035,
        "Shape_Length_12_13_14": 845.2785279603369,
        "Shape_Area_12_13_14": 34857.669855300046,
        "DocType": "WD",
        "Shape_Length": 0.004726413231155394,
        "Shape_Area": 9.994935623674813e-07
      }
    },
    {
      "type": "Feature",
      "id": 18,
      "geometry": {
        "type": "Polygon",
        "coordinates": [
          [
            [
              -111.71141152599995,
              40.23843402500006
            ],
            [
              -111.71110628499997,
              40.23829958400006
            ],
            [
              -111.71091141799997,
              40.238061843000025
            ],
            [
              -111.71071683399998,
              40.23802365200004
            ],
            [
              -111.71070657299998,
              40.23854453900003
            ],
            [
              -111.71060468999997,
              40.238544723000075
            ],
            [
              -111.71060183699996,
              40.238689530000045
            ],
            [
              -111.71124606499995,
              40.23903349600005
            ],
            [
              -111.71164496699998,
              40.239032773000076
            ],
            [
              -111.71141152599995,
              40.23843402500006
            ]
          ]
        ]
      },
      "properties": {
        "OBJECTID": 18,
        "Join_Count": 1,
        "TARGET_FID": 245,
        "PARCEL_NO": 210220182,
        "PARCELID": "210220182",
        "PARCELID_LABEL": "21:022:0182",
        "OWNER_NAME": "HEINZ, STEVEN M & MIKELL A",
        "CARE_NAME": null,
        "ACREAGE": 1.354663,
        "SITE_FULL_ADDRESS": null,
        "OWN_FULL_ADDRESS": "1466 N 3100 W  PROVO, UT 84601-5799",
        "PROP_TYPE": 900,
        "PROP_TYPE_DESCR": "VACANT",
        "SPECIFIC_PROP_TYPE": 901,
        "SPC_PROP_TYP_DESCR": "Vac Res",
        "ASMT_YEAR": 2026,
        "ASMT_CODE": "V",
        "ASMT_CODE_DESCR": "VACANT",
        "MKT_LAND_VALUE": 115100,
        "MKT_CUR_VALUE": 115100,
        "MKT_PRV_VAL": 115100,
        "MKT_VAL_YR_CHG": 0,
        "MKT_PCT_CHG": 0,
        "GLOBALID": "{9B87F5F2-8ACA-4018-BB45-ACA8E4124CA7}",
        "Code": "R",
        "Description": "Residential",
        "City": "Provo",
        "Description_detailed": null,
        "Acres": null,
        "Unit_Rate": null,
        "CityName": null,
        "AdoptedDate": null,
        "Slope_Score": 10,
        "GP_Score": 5,
        "Utilities_Score": 5,
        "Wetlands_Score": 0,
        "Soil_Score": 1,
        "Ownership_Score": 10,
        "Ownership_Type": "Private",
        "Utility_Proximity_Status": "Unknown - No Data",
        "Final_Score": 5.1,
        "ELEV_CHANGE": 1.6556387402342807,
        "SLOPE": 0.7269438684946015,
        "Join_Count_12": 1,
        "TARGET_FID_12": 10276,
        "Shape_Length_12": null,
        "Shape_Area_12": null,
        "OBJECTID_1_12": null,
        "Join_Count_12_13": null,
        "TARGET_FID_12_13": null,
        "Id": 981,
        "gridcode": 5,
        "ClassName": "Mostly Hydric (76 - 95%)",
        "Shape_Length_12_13": null,
        "Shape_Area_12_13": null,
        "SITE_HOUSE_NUM": "278",
        "SITE_PRE_DIR": "N",
        "SITE_STREET_NAME": "3000 WEST",
        "MKT_LAND_RES": 248200,
        "MKT_LAND_AGR": 0,
        "MKT_LAND_COM": 0,
        "MKT_IMP_VALUE": 455000,
        "MKT_IMP_RES": 455000,
        "MKT_IMP_AGR": 0,
        "MKT_IMP_COM": 0,
        "Entry": 39363,
        "Year": 2024,
        "Record_Date": 1718323200000,
        "Grantor": "HAMMON, JACOB HAMMON, EMILY",
        "Grantee": "UTAH FIRST FEDERAL CREDIT UNION",
        "Tax_Address": "NOT APPLICABLE",
        "Serial_Number": "45:384:0016",
        "Serial_Number_Available": "Yes",
        "Detail_URL": "https://www.utahcounty.gov/LandRecords/document.asp?avEntry=39363&avYear=2024",
        "Document_Type": "TR D",
        "Was_REC_": "No",
        "OBJECTID_12": 3140,
        "Shape_Length_12_13_14": 485.5175685957018,
        "Shape_Area_12_13_14": 14516.63325198738,
        "DocType": "WD",
        "Shape_Length": 0.0033787892599317407,
        "Shape_Area": 5.802635637879846e-07
      }
    },
    {
      "type": "Feature",
      "id": 19,
      "geometry": {
        "type": "Polygon",
        "coordinates": [
          [
            [
              -111.65527592799998,
              40.16887036800006
            ],
            [
              -111.65699243599994,
              40.16886806900004
            ],
            [
              -111.65698808499997,
              40.16696618700007
            ],
            [
              -111.65527162399997,
              40.16696848600003
            ],
            [
              -111.65527592799998,
              40.16887036800006
            ]
          ]
        ]
      },
      "properties": {
        "OBJECTID": 19,
        "Join_Count": 1,
        "TARGET_FID": 253,
        "PARCEL_NO": 210960004,
        "PARCELID": "210960004",
        "PARCELID_LABEL": "21:096:0004",
        "OWNER_NAME": "LYNN & SHARON PROPERTIES LLC",
        "CARE_NAME": null,
        "ACREAGE": 7.633500000000001,
        "SITE_FULL_ADDRESS": null,
        "OWN_FULL_ADDRESS": "763 W 6400 S  SPANISH FORK, UT 84660-9640",
        "PROP_TYPE": 900,
        "PROP_TYPE_DESCR": "VACANT",
        "SPECIFIC_PROP_TYPE": 901,
        "SPC_PROP_TYP_DESCR": "Vac Res",
        "ASMT_YEAR": 2026,
        "ASMT_CODE": "V",
        "ASMT_CODE_DESCR": "VACANT",
        "MKT_LAND_VALUE": 357700,
        "MKT_CUR_VALUE": 357700,
        "MKT_PRV_VAL": 357700,
        "MKT_VAL_YR_CHG": 0,
        "MKT_PCT_CHG": 0,
        "GLOBALID": "{2607F31D-5F41-46AF-A3E4-0200CD03180E}",
        "Code": null,
        "Description": "Medium Density Residential",
        "City": "Springville",
        "Description_detailed": "Any Residential",
        "Acres": null,
        "Unit_Rate": null,
        "CityName": null,
        "AdoptedDate": null,
        "Slope_Score": 10,
        "GP_Score": 8,
        "Utilities_Score": 10,
        "Wetlands_Score": 10,
        "Soil_Score": 7,
        "Ownership_Score": 5,
        "Ownership_Type": "Business",
        "Utility_Proximity_Status": "Within 1/8 Mile",
        "Final_Score": 8.45,
        "ELEV_CHANGE": 3.9372482958988257,
        "SLOPE": 0.1451824644324995,
        "Join_Count_12": 1,
        "TARGET_FID_12": 10400,
        "Shape_Length_12": null,
        "Shape_Area_12": null,
        "OBJECTID_1_12": null,
        "Join_Count_12_13": null,
        "TARGET_FID_12_13": null,
        "Id": 1498,
        "gridcode": 2,
        "ClassName": "Partially Hydric (1 - 25%)",
        "Shape_Length_12_13": null,
        "Shape_Area_12_13": null,
        "SITE_HOUSE_NUM": null,
        "SITE_PRE_DIR": null,
        "SITE_STREET_NAME": null,
        "MKT_LAND_RES": 0,
        "MKT_LAND_AGR": 123400,
        "MKT_LAND_COM": 0,
        "MKT_IMP_VALUE": 0,
        "MKT_IMP_RES": 0,
        "MKT_IMP_AGR": 0,
        "MKT_IMP_COM": 0,
        "Entry": 21997,
        "Year": 2024,
        "Record_Date": 1712275200000,
        "Grantor": "LAKESIDE LAND PARTNERS LLC 1722 MOHAWK LLC",
        "Grantee": "OKOA CAPITAL LLC",
        "Tax_Address": "NOT APPLICABLE",
        "Serial_Number": "21:096:0015",
        "Serial_Number_Available": "Yes",
        "Detail_URL": "https://www.utahcounty.gov/LandRecords/document.asp?avEntry=21997&avYear=2024",
        "Document_Type": "TR D",
        "Was_REC_": "No",
        "OBJECTID_12": 2717,
        "Shape_Length_12_13_14": 1700.9670705199242,
        "Shape_Area_12_13_14": 114445.73169648324,
        "DocType": "WD",
        "Shape_Length": 0.007236745926131081,
        "Shape_Area": 3.2645609227103692e-06
      }
    },
    {
      "type": "Feature",
      "id": 20,
      "geometry": {
        "type": "Polygon",
        "coordinates": [
          [
            [
              -111.65528016999997,
              40.17074508300004
            ],
            [
              -111.65587990099999,
              40.17074428300003
            ],
            [
              -111.65587564199996,
              40.16886957300005
            ],
            [
              -111.65527592799998,
              40.16887037300006
            ],
            [
              -111.65528016999997,
              40.17074508300004
            ]
          ]
        ]
      },
      "properties": {
        "OBJECTID": 20,
        "Join_Count": 1,
        "TARGET_FID": 260,
        "PARCEL_NO": 210960015,
        "PARCELID": "210960015",
        "PARCELID_LABEL": "21:096:0015",
        "OWNER_NAME": "LAKESIDE LAND PARTNERS LLC",
        "CARE_NAME": null,
        "ACREAGE": 2.63,
        "SITE_FULL_ADDRESS": null,
        "OWN_FULL_ADDRESS": "7585 S UNION PARK AVE STE 200  MIDVALE, UT 84047",
        "PROP_TYPE": 900,
        "PROP_TYPE_DESCR": "VACANT",
        "SPECIFIC_PROP_TYPE": 901,
        "SPC_PROP_TYP_DESCR": "Vac Res",
        "ASMT_YEAR": 2026,
        "ASMT_CODE": "V",
        "ASMT_CODE_DESCR": "VACANT",
        "MKT_LAND_VALUE": 123400,
        "MKT_CUR_VALUE": 123400,
        "MKT_PRV_VAL": 123400,
        "MKT_VAL_YR_CHG": 0,
        "MKT_PCT_CHG": 0,
        "GLOBALID": "{84E49438-15DE-44E3-99C1-3441C4834BD0}",
        "Code": null,
        "Description": "Medium Density Residential",
        "City": "Springville",
        "Description_detailed": "Any Residential",
        "Acres": null,
        "Unit_Rate": null,
        "CityName": null,
        "AdoptedDate": null,
        "Slope_Score": 10,
        "GP_Score": 8,
        "Utilities_Score": 0,
        "Wetlands_Score": 10,
        "Soil_Score": 7,
        "Ownership_Score": 5,
        "Ownership_Type": "Business",
        "Utility_Proximity_Status": "Not Within 1/8 Mile",
        "Final_Score": 5.95,
        "ELEV_CHANGE": 3.9372482958988257,
        "SLOPE": 0.1451824644324995,
        "Join_Count_12": 1,
        "TARGET_FID_12": 10457,
        "Shape_Length_12": null,
        "Shape_Area_12": null,
        "OBJECTID_1_12": null,
        "Join_Count_12_13": null,
        "TARGET_FID_12_13": null,
        "Id": 1498,
        "gridcode": 2,
        "ClassName": "Partially Hydric (1 - 25%)",
        "Shape_Length_12_13": null,
        "Shape_Area_12_13": null,
        "SITE_HOUSE_NUM": null,
        "SITE_PRE_DIR": null,
        "SITE_STREET_NAME": null,
        "MKT_LAND_RES": 0,
        "MKT_LAND_AGR": 123400,
        "MKT_LAND_COM": 0,
        "MKT_IMP_VALUE": 0,
        "MKT_IMP_RES": 0,
        "MKT_IMP_AGR": 0,
        "MKT_IMP_COM": 0,
        "Entry": 21997,
        "Year": 2024,
        "Record_Date": 1712275200000,
        "Grantor": "LAKESIDE LAND PARTNERS LLC 1722 MOHAWK LLC",
        "Grantee": "OKOA CAPITAL LLC",
        "Tax_Address": "NOT APPLICABLE",
        "Serial_Number": "21:096:0015",
        "Serial_Number_Available": "Yes",
        "Detail_URL": "https://www.utahcounty.gov/LandRecords/document.asp?avEntry=21997&avYear=2024",
        "Document_Type": "TR D",
        "Was_REC_": "No",
        "OBJECTID_12": 2717,
        "Shape_Length_12_13_14": 1700.9670705199242,
        "Shape_Area_12_13_14": 114445.73169648324,
        "DocType": "WD",
        "Shape_Length": 0.004948875704236938,
        "Shape_Area": 1.1243091683615244e-06
      }
    },
    {
      "type": "Feature",
      "id": 21,
      "geometry": {
        "type": "Polygon",
        "coordinates": [
          [
            [
              -111.65522266999994,
              40.17071615100008
            ],
            [
              -111.65521879099998,
              40.17071618500006
            ],
            [
              -111.65523765799998,
              40.17257734000003
            ],
            [
              -111.65590579299999,
              40.17257084800008
            ],
            [
              -111.65589441099996,
              40.17071882400006
            ],
            [
              -111.65522266999994,
              40.17071615100008
            ]
          ]
        ]
      },
      "properties": {
        "OBJECTID": 21,
        "Join_Count": 1,
        "TARGET_FID": 261,
        "PARCEL_NO": 210960018,
        "PARCELID": "210960018",
        "PARCELID_LABEL": "21:096:0018",
        "OWNER_NAME": "CLEMENTS, DAVID H & CINDY A (ET AL)",
        "CARE_NAME": null,
        "ACREAGE": 2.9082939999999997,
        "SITE_FULL_ADDRESS": null,
        "OWN_FULL_ADDRESS": "2781 ARAPAHOE LN  PROVO, UT 84604",
        "PROP_TYPE": 900,
        "PROP_TYPE_DESCR": "VACANT",
        "SPECIFIC_PROP_TYPE": 901,
        "SPC_PROP_TYP_DESCR": "Vac Res",
        "ASMT_YEAR": 2026,
        "ASMT_CODE": "V",
        "ASMT_CODE_DESCR": "VACANT",
        "MKT_LAND_VALUE": 136300,
        "MKT_CUR_VALUE": 136300,
        "MKT_PRV_VAL": 136300,
        "MKT_VAL_YR_CHG": 0,
        "MKT_PCT_CHG": 0,
        "GLOBALID": "{4E14ABF0-6DAD-4F26-928D-F1B45B4263F8}",
        "Code": null,
        "Description": "Medium Density Residential",
        "City": "Springville",
        "Description_detailed": "Any Residential",
        "Acres": null,
        "Unit_Rate": null,
        "CityName": null,
        "AdoptedDate": null,
        "Slope_Score": 10,
        "GP_Score": 8,
        "Utilities_Score": 10,
        "Wetlands_Score": 10,
        "Soil_Score": 7,
        "Ownership_Score": 10,
        "Ownership_Type": "Private",
        "Utility_Proximity_Status": "Within 1/8 Mile",
        "Final_Score": 9.2,
        "ELEV_CHANGE": 0.6500004052732038,
        "SLOPE": 0.10677196793925407,
        "Join_Count_12": 1,
        "TARGET_FID_12": 10458,
        "Shape_Length_12": null,
        "Shape_Area_12": null,
        "OBJECTID_1_12": null,
        "Join_Count_12_13": null,
        "TARGET_FID_12_13": null,
        "Id": 1498,
        "gridcode": 2,
        "ClassName": "Partially Hydric (1 - 25%)",
        "Shape_Length_12_13": null,
        "Shape_Area_12_13": null,
        "SITE_HOUSE_NUM": null,
        "SITE_PRE_DIR": null,
        "SITE_STREET_NAME": null,
        "MKT_LAND_RES": 0,
        "MKT_LAND_AGR": 123400,
        "MKT_LAND_COM": 0,
        "MKT_IMP_VALUE": 0,
        "MKT_IMP_RES": 0,
        "MKT_IMP_AGR": 0,
        "MKT_IMP_COM": 0,
        "Entry": 21997,
        "Year": 2024,
        "Record_Date": 1712275200000,
        "Grantor": "LAKESIDE LAND PARTNERS LLC 1722 MOHAWK LLC",
        "Grantee": "OKOA CAPITAL LLC",
        "Tax_Address": "NOT APPLICABLE",
        "Serial_Number": "21:096:0015",
        "Serial_Number_Available": "Yes",
        "Detail_URL": "https://www.utahcounty.gov/LandRecords/document.asp?avEntry=21997&avYear=2024",
        "Document_Type": "TR D",
        "Was_REC_": "No",
        "OBJECTID_12": 2717,
        "Shape_Length_12_13_14": 1700.9670705199242,
        "Shape_Area_12_13_14": 114445.73169648324,
        "DocType": "WD",
        "Shape_Length": 0.00505710160873972,
        "Shape_Area": 1.247446452999164e-06
      }
    },
    {
      "type": "Feature",
      "id": 22,
      "geometry": {
        "type": "Polygon",
        "coordinates": [
          [
            [
              -111.65699241899995,
              40.16886806200006
            ],
            [
              -111.65947393199997,
              40.16886469100007
            ],
            [
              -111.65947173999996,
              40.167922813000075
            ],
            [
              -111.65999590399997,
              40.16792209500005
            ],
            [
              -111.65999366599999,
              40.16696210600003
            ],
            [
              -111.65931585999999,
              40.16696303400005
            ],
            [
              -111.65931601699998,
              40.16703043800004
            ],
            [
              -111.65699405799995,
              40.16701225600008
            ],
            [
              -111.65698815399998,
              40.16700387800006
            ],
            [
              -111.65699241899995,
              40.16886806200006
            ]
          ]
        ]
      },
      "properties": {
        "OBJECTID": 22,
        "Join_Count": 1,
        "TARGET_FID": 262,
        "PARCEL_NO": 210960021,
        "PARCELID": "210960021",
        "PARCELID_LABEL": "21:096:0021",
        "OWNER_NAME": "CRANDALL FARMS INC",
        "CARE_NAME": null,
        "ACREAGE": 11.896296,
        "SITE_FULL_ADDRESS": null,
        "OWN_FULL_ADDRESS": "1034 S MAIN ST  SPRINGVILLE, UT 84663-9423",
        "PROP_TYPE": 900,
        "PROP_TYPE_DESCR": "VACANT",
        "SPECIFIC_PROP_TYPE": 901,
        "SPC_PROP_TYP_DESCR": "Vac Res",
        "ASMT_YEAR": 2026,
        "ASMT_CODE": "V",
        "ASMT_CODE_DESCR": "VACANT",
        "MKT_LAND_VALUE": 557700,
        "MKT_CUR_VALUE": 557700,
        "MKT_PRV_VAL": 557700,
        "MKT_VAL_YR_CHG": 0,
        "MKT_PCT_CHG": 0,
        "GLOBALID": "{3EDBF6DD-74F9-432B-B4E7-1B0989CD4D46}",
        "Code": null,
        "Description": "Medium Density Residential",
        "City": "Springville",
        "Description_detailed": "Any Residential",
        "Acres": null,
        "Unit_Rate": null,
        "CityName": null,
        "AdoptedDate": null,
        "Slope_Score": 10,
        "GP_Score": 8,
        "Utilities_Score": 0,
        "Wetlands_Score": 0,
        "Soil_Score": 7,
        "Ownership_Score": 5,
        "Ownership_Type": "Business",
        "Utility_Proximity_Status": "Not Within 1/8 Mile",
        "Final_Score": 4.45,
        "ELEV_CHANGE": 3.9372482958988257,
        "SLOPE": 0.1451824644324995,
        "Join_Count_12": 1,
        "TARGET_FID_12": 10462,
        "Shape_Length_12": null,
        "Shape_Area_12": null,
        "OBJECTID_1_12": null,
        "Join_Count_12_13": null,
        "TARGET_FID_12_13": null,
        "Id": 1498,
        "gridcode": 2,
        "ClassName": "Partially Hydric (1 - 25%)",
        "Shape_Length_12_13": null,
        "Shape_Area_12_13": null,
        "SITE_HOUSE_NUM": null,
        "SITE_PRE_DIR": null,
        "SITE_STREET_NAME": null,
        "MKT_LAND_RES": 0,
        "MKT_LAND_AGR": 998800,
        "MKT_LAND_COM": 0,
        "MKT_IMP_VALUE": 0,
        "MKT_IMP_RES": 0,
        "MKT_IMP_AGR": 0,
        "MKT_IMP_COM": 0,
        "Entry": 21997,
        "Year": 2024,
        "Record_Date": 1712275200000,
        "Grantor": "LAKESIDE LAND PARTNERS LLC 1722 MOHAWK LLC",
        "Grantee": "OKOA CAPITAL LLC",
        "Tax_Address": "NOT APPLICABLE",
        "Serial_Number": "21:097:0054",
        "Serial_Number_Available": "Yes",
        "Detail_URL": "https://www.utahcounty.gov/LandRecords/document.asp?avEntry=21997&avYear=2024",
        "Document_Type": "TR D",
        "Was_REC_": "No",
        "OBJECTID_12": 2719,
        "Shape_Length_12_13_14": 4100.227402505221,
        "Shape_Area_12_13_14": 929044.8935819784,
        "DocType": "WD",
        "Shape_Length": 0.009849231120970001,
        "Shape_Area": 5.090657392681865e-06
      }
    },
    {
      "type": "Feature",
      "id": 23,
      "geometry": {
        "type": "Polygon",
        "coordinates": [
          [
            [
              -111.65993615199994,
              40.16692501600005
            ],
            [
              -111.65993616299994,
              40.16692501500006
            ],
            [
              -111.65993441099994,
              40.16617333100004
            ],
            [
              -111.65993436899998,
              40.16615521700004
            ],
            [
              -111.65992782599994,
              40.16334767300003
            ],
            [
              -111.65932403199997,
              40.16334850000004
            ],
            [
              -111.65936878099996,
              40.166925793000075
            ],
            [
              -111.65993615199994,
              40.16692501600005
            ]
          ]
        ]
      },
      "properties": {
        "OBJECTID": 23,
        "Join_Count": 1,
        "TARGET_FID": 263,
        "PARCEL_NO": 210960024,
        "PARCELID": "210960024",
        "PARCELID_LABEL": "21:096:0024",
        "OWNER_NAME": "CRANDALL FARMS INC",
        "CARE_NAME": null,
        "ACREAGE": 4.895611,
        "SITE_FULL_ADDRESS": null,
        "OWN_FULL_ADDRESS": "1034 S MAIN ST  SPRINGVILLE, UT 84663-9423",
        "PROP_TYPE": 900,
        "PROP_TYPE_DESCR": "VACANT",
        "SPECIFIC_PROP_TYPE": 901,
        "SPC_PROP_TYP_DESCR": "Vac Res",
        "ASMT_YEAR": 2026,
        "ASMT_CODE": "V",
        "ASMT_CODE_DESCR": "VACANT",
        "MKT_LAND_VALUE": 229500,
        "MKT_CUR_VALUE": 229500,
        "MKT_PRV_VAL": 229500,
        "MKT_VAL_YR_CHG": 0,
        "MKT_PCT_CHG": 0,
        "GLOBALID": "{FF44CC86-8CD5-4F3C-8799-DB811715155A}",
        "Code": null,
        "Description": "Medium Density Residential",
        "City": "Springville",
        "Description_detailed": "Any Residential",
        "Acres": null,
        "Unit_Rate": null,
        "CityName": null,
        "AdoptedDate": null,
        "Slope_Score": 10,
        "GP_Score": 8,
        "Utilities_Score": 0,
        "Wetlands_Score": 0,
        "Soil_Score": 7,
        "Ownership_Score": 5,
        "Ownership_Type": "Business",
        "Utility_Proximity_Status": "Not Within 1/8 Mile",
        "Final_Score": 4.45,
        "ELEV_CHANGE": 4.252035922851974,
        "SLOPE": 0.20544503984926057,
        "Join_Count_12": 1,
        "TARGET_FID_12": 10463,
        "Shape_Length_12": null,
        "Shape_Area_12": null,
        "OBJECTID_1_12": null,
        "Join_Count_12_13": null,
        "TARGET_FID_12_13": null,
        "Id": 1498,
        "gridcode": 2,
        "ClassName": "Partially Hydric (1 - 25%)",
        "Shape_Length_12_13": null,
        "Shape_Area_12_13": null,
        "SITE_HOUSE_NUM": null,
        "SITE_PRE_DIR": null,
        "SITE_STREET_NAME": null,
        "MKT_LAND_RES": 0,
        "MKT_LAND_AGR": 998800,
        "MKT_LAND_COM": 0,
        "MKT_IMP_VALUE": 0,
        "MKT_IMP_RES": 0,
        "MKT_IMP_AGR": 0,
        "MKT_IMP_COM": 0,
        "Entry": 21997,
        "Year": 2024,
        "Record_Date": 1712275200000,
        "Grantor": "LAKESIDE LAND PARTNERS LLC 1722 MOHAWK LLC",
        "Grantee": "OKOA CAPITAL LLC",
        "Tax_Address": "NOT APPLICABLE",
        "Serial_Number": "21:097:0054",
        "Serial_Number_Available": "Yes",
        "Detail_URL": "https://www.utahcounty.gov/LandRecords/document.asp?avEntry=21997&avYear=2024",
        "Document_Type": "TR D",
        "Was_REC_": "No",
        "OBJECTID_12": 2719,
        "Shape_Length_12_13_14": 4100.227402505221,
        "Shape_Area_12_13_14": 929044.8935819784,
        "DocType": "WD",
        "Shape_Length": 0.008326101734149237,
        "Shape_Area": 2.0948557250466595e-06
      }
    },
    {
      "type": "Feature",
      "id": 24,
      "geometry": {
        "type": "Polygon",
        "coordinates": [
          [
            [
              -111.65692892699997,
              40.16322253000004
            ],
            [
              -111.65785038999996,
              40.16323539500007
            ],
            [
              -111.65818996399997,
              40.163233572000024
            ],
            [
              -111.65900371899994,
              40.16323784600007
            ],
            [
              -111.65928987799998,
              40.16324016100003
            ],
            [
              -111.65928553699996,
              40.161369937000075
            ],
            [
              -111.65692469799995,
              40.161373138000044
            ],
            [
              -111.65692892699997,
              40.16322253000004
            ]
          ]
        ]
      },
      "properties": {
        "OBJECTID": 24,
        "Join_Count": 1,
        "TARGET_FID": 265,
        "PARCEL_NO": 210970050,
        "PARCELID": "210970050",
        "PARCELID_LABEL": "21:097:0050",
        "OWNER_NAME": "CRANDALL PROPERTIES LTD",
        "CARE_NAME": null,
        "ACREAGE": 10.272293999999999,
        "SITE_FULL_ADDRESS": null,
        "OWN_FULL_ADDRESS": "1034 S MAIN ST  SPRINGVILLE, UT 84663-9423",
        "PROP_TYPE": 900,
        "PROP_TYPE_DESCR": "VACANT",
        "SPECIFIC_PROP_TYPE": 901,
        "SPC_PROP_TYP_DESCR": "Vac Res",
        "ASMT_YEAR": 2026,
        "ASMT_CODE": "V",
        "ASMT_CODE_DESCR": "VACANT",
        "MKT_LAND_VALUE": 481400,
        "MKT_CUR_VALUE": 481400,
        "MKT_PRV_VAL": 481400,
        "MKT_VAL_YR_CHG": 0,
        "MKT_PCT_CHG": 0,
        "GLOBALID": "{093D9D11-EF66-4434-B348-4B25B23CB4D8}",
        "Code": null,
        "Description": "Medium Density Residential",
        "City": "Springville",
        "Description_detailed": "Any Residential",
        "Acres": null,
        "Unit_Rate": null,
        "CityName": null,
        "AdoptedDate": null,
        "Slope_Score": 10,
        "GP_Score": 8,
        "Utilities_Score": 10,
        "Wetlands_Score": 0,
        "Soil_Score": 7,
        "Ownership_Score": 5,
        "Ownership_Type": "Business",
        "Utility_Proximity_Status": "Within 1/8 Mile",
        "Final_Score": 6.95,
        "ELEV_CHANGE": 4.252035922851974,
        "SLOPE": 0.20544503984926057,
        "Join_Count_12": 2,
        "TARGET_FID_12": 10466,
        "Shape_Length_12": null,
        "Shape_Area_12": null,
        "OBJECTID_1_12": null,
        "Join_Count_12_13": null,
        "TARGET_FID_12_13": null,
        "Id": 1498,
        "gridcode": 2,
        "ClassName": "Partially Hydric (1 - 25%)",
        "Shape_Length_12_13": null,
        "Shape_Area_12_13": null,
        "SITE_HOUSE_NUM": null,
        "SITE_PRE_DIR": null,
        "SITE_STREET_NAME": null,
        "MKT_LAND_RES": 0,
        "MKT_LAND_AGR": 998800,
        "MKT_LAND_COM": 0,
        "MKT_IMP_VALUE": 0,
        "MKT_IMP_RES": 0,
        "MKT_IMP_AGR": 0,
        "MKT_IMP_COM": 0,
        "Entry": 21997,
        "Year": 2024,
        "Record_Date": 1712275200000,
        "Grantor": "LAKESIDE LAND PARTNERS LLC 1722 MOHAWK LLC",
        "Grantee": "OKOA CAPITAL LLC",
        "Tax_Address": "NOT APPLICABLE",
        "Serial_Number": "21:097:0054",
        "Serial_Number_Available": "Yes",
        "Detail_URL": "https://www.utahcounty.gov/LandRecords/document.asp?avEntry=21997&avYear=2024",
        "Document_Type": "TR D",
        "Was_REC_": "No",
        "OBJECTID_12": 2719,
        "Shape_Length_12_13_14": 4100.227402505221,
        "Shape_Area_12_13_14": 929044.8935819784,
        "DocType": "WD",
        "Shape_Length": 0.008441533327289712,
        "Shape_Area": 4.395392454332753e-06
      }
    },
    {
      "type": "Feature",
      "id": 25,
      "geometry": {
        "type": "Polygon",
        "coordinates": [
          [
            [
              -111.656917825,
              40.163222381000026
            ],
            [
              -111.65691783399996,
              40.16322239300007
            ],
            [
              -111.65695581399996,
              40.166957929000034
            ],
            [
              -111.65699411099996,
              40.16701227400006
            ],
            [
              -111.65937008599997,
              40.16703088000003
            ],
            [
              -111.65934332999996,
              40.164827460000026
            ],
            [
              -111.65932267499994,
              40.163240432000066
            ],
            [
              -111.65900371499998,
              40.163237852000066
            ],
            [
              -111.65818995999996,
              40.16323357700003
            ],
            [
              -111.65785038599995,
              40.163235401000065
            ],
            [
              -111.656917825,
              40.163222381000026
            ]
          ]
        ]
      },
      "properties": {
        "OBJECTID": 25,
        "Join_Count": 1,
        "TARGET_FID": 266,
        "PARCEL_NO": 210970054,
        "PARCELID": "210970054",
        "PARCELID_LABEL": "21:097:0054",
        "OWNER_NAME": "LAKESIDE LAND PARTNERS LLC",
        "CARE_NAME": null,
        "ACREAGE": 21.327935,
        "SITE_FULL_ADDRESS": null,
        "OWN_FULL_ADDRESS": "7585 S UNION PARK AVE STE 200  MIDVALE, UT 84047",
        "PROP_TYPE": 900,
        "PROP_TYPE_DESCR": "VACANT",
        "SPECIFIC_PROP_TYPE": 901,
        "SPC_PROP_TYP_DESCR": "Vac Res",
        "ASMT_YEAR": 2026,
        "ASMT_CODE": "V",
        "ASMT_CODE_DESCR": "VACANT",
        "MKT_LAND_VALUE": 998800,
        "MKT_CUR_VALUE": 998800,
        "MKT_PRV_VAL": 998800,
        "MKT_VAL_YR_CHG": 0,
        "MKT_PCT_CHG": 0,
        "GLOBALID": "{0EA7E747-8F26-4D01-B45C-FB383CD2472A}",
        "Code": null,
        "Description": "Medium Density Residential",
        "City": "Springville",
        "Description_detailed": "Any Residential",
        "Acres": null,
        "Unit_Rate": null,
        "CityName": null,
        "AdoptedDate": null,
        "Slope_Score": 10,
        "GP_Score": 8,
        "Utilities_Score": 0,
        "Wetlands_Score": 0,
        "Soil_Score": 7,
        "Ownership_Score": 5,
        "Ownership_Type": "Business",
        "Utility_Proximity_Status": "Not Within 1/8 Mile",
        "Final_Score": 4.45,
        "ELEV_CHANGE": 4.252035922851974,
        "SLOPE": 0.20544503984926057,
        "Join_Count_12": 1,
        "TARGET_FID_12": 10467,
        "Shape_Length_12": null,
        "Shape_Area_12": null,
        "OBJECTID_1_12": null,
        "Join_Count_12_13": null,
        "TARGET_FID_12_13": null,
        "Id": 1498,
        "gridcode": 2,
        "ClassName": "Partially Hydric (1 - 25%)",
        "Shape_Length_12_13": null,
        "Shape_Area_12_13": null,
        "SITE_HOUSE_NUM": null,
        "SITE_PRE_DIR": null,
        "SITE_STREET_NAME": null,
        "MKT_LAND_RES": 0,
        "MKT_LAND_AGR": 998800,
        "MKT_LAND_COM": 0,
        "MKT_IMP_VALUE": 0,
        "MKT_IMP_RES": 0,
        "MKT_IMP_AGR": 0,
        "MKT_IMP_COM": 0,
        "Entry": 21997,
        "Year": 2024,
        "Record_Date": 1712275200000,
        "Grantor": "LAKESIDE LAND PARTNERS LLC 1722 MOHAWK LLC",
        "Grantee": "OKOA CAPITAL LLC",
        "Tax_Address": "NOT APPLICABLE",
        "Serial_Number": "21:097:0054",
        "Serial_Number_Available": "Yes",
        "Detail_URL": "https://www.utahcounty.gov/LandRecords/document.asp?avEntry=21997&avYear=2024",
        "Document_Type": "TR D",
        "Was_REC_": "No",
        "OBJECTID_12": 2719,
        "Shape_Length_12_13_14": 4100.227402505221,
        "Shape_Area_12_13_14": 929044.8935819784,
        "DocType": "WD",
        "Shape_Length": 0.012373987591009834,
        "Shape_Area": 9.126269361014715e-06
      }
    },
    {
      "type": "Feature",
      "id": 26,
      "geometry": {
        "type": "Polygon",
        "coordinates": [
          [
            [
              -111.65570840799995,
              40.16696774700006
            ],
            [
              -111.65700699599995,
              40.16696600600005
            ],
            [
              -111.65699897699994,
              40.16346100800007
            ],
            [
              -111.65570045499999,
              40.163462749000075
            ],
            [
              -111.65570406999996,
              40.16505572500006
            ],
            [
              -111.65569888299996,
              40.16505569200007
            ],
            [
              -111.65570138399994,
              40.16615773600006
            ],
            [
              -111.65570657099994,
              40.16615772100005
            ],
            [
              -111.65570840899994,
              40.16696772500006
            ],
            [
              -111.65570840799995,
              40.16696774700006
            ]
          ]
        ]
      },
      "properties": {
        "OBJECTID": 26,
        "Join_Count": 1,
        "TARGET_FID": 267,
        "PARCEL_NO": 210970055,
        "PARCELID": "210970055",
        "PARCELID_LABEL": "21:097:0055",
        "OWNER_NAME": "CLYDE, AILEEN H",
        "CARE_NAME": "%FICKLIN, TERRY",
        "ACREAGE": 10.649467,
        "SITE_FULL_ADDRESS": null,
        "OWN_FULL_ADDRESS": "%FICKLIN, TERRY  PO BOX 507  SPRINGVILLE, UT 84663-0507",
        "PROP_TYPE": 900,
        "PROP_TYPE_DESCR": "VACANT",
        "SPECIFIC_PROP_TYPE": 901,
        "SPC_PROP_TYP_DESCR": "Vac Res",
        "ASMT_YEAR": 2026,
        "ASMT_CODE": "V",
        "ASMT_CODE_DESCR": "VACANT",
        "MKT_LAND_VALUE": 499200,
        "MKT_CUR_VALUE": 499200,
        "MKT_PRV_VAL": 499200,
        "MKT_VAL_YR_CHG": 0,
        "MKT_PCT_CHG": 0,
        "GLOBALID": "{D11E5DC8-AFC9-4870-88D8-24208A8DE48F}",
        "Code": null,
        "Description": "Medium Density Residential",
        "City": "Springville",
        "Description_detailed": "Any Residential",
        "Acres": null,
        "Unit_Rate": null,
        "CityName": null,
        "AdoptedDate": null,
        "Slope_Score": 10,
        "GP_Score": 8,
        "Utilities_Score": 10,
        "Wetlands_Score": 10,
        "Soil_Score": 7,
        "Ownership_Score": 10,
        "Ownership_Type": "Private",
        "Utility_Proximity_Status": "Within 1/8 Mile",
        "Final_Score": 9.2,
        "ELEV_CHANGE": 4.252035922851974,
        "SLOPE": 0.20544503984926057,
        "Join_Count_12": 1,
        "TARGET_FID_12": 10473,
        "Shape_Length_12": null,
        "Shape_Area_12": null,
        "OBJECTID_1_12": null,
        "Join_Count_12_13": null,
        "TARGET_FID_12_13": null,
        "Id": 1498,
        "gridcode": 2,
        "ClassName": "Partially Hydric (1 - 25%)",
        "Shape_Length_12_13": null,
        "Shape_Area_12_13": null,
        "SITE_HOUSE_NUM": null,
        "SITE_PRE_DIR": null,
        "SITE_STREET_NAME": null,
        "MKT_LAND_RES": 0,
        "MKT_LAND_AGR": 998800,
        "MKT_LAND_COM": 0,
        "MKT_IMP_VALUE": 0,
        "MKT_IMP_RES": 0,
        "MKT_IMP_AGR": 0,
        "MKT_IMP_COM": 0,
        "Entry": 21997,
        "Year": 2024,
        "Record_Date": 1712275200000,
        "Grantor": "LAKESIDE LAND PARTNERS LLC 1722 MOHAWK LLC",
        "Grantee": "OKOA CAPITAL LLC",
        "Tax_Address": "NOT APPLICABLE",
        "Serial_Number": "21:097:0054",
        "Serial_Number_Available": "Yes",
        "Detail_URL": "https://www.utahcounty.gov/LandRecords/document.asp?avEntry=21997&avYear=2024",
        "Document_Type": "TR D",
        "Was_REC_": "No",
        "OBJECTID_12": 2719,
        "Shape_Length_12_13_14": 4100.227402505221,
        "Shape_Area_12_13_14": 929044.8935819784,
        "DocType": "WD",
        "Shape_Length": 0.009617548681768543,
        "Shape_Area": 4.557160742460265e-06
      }
    },
    {
      "type": "Feature",
      "id": 27,
      "geometry": {
        "type": "Polygon",
        "coordinates": [
          [
            [
              -111.67779845599995,
              40.21610510900007
            ],
            [
              -111.68005864699995,
              40.21608575600004
            ],
            [
              -111.68149300099998,
              40.215591018000055
            ],
            [
              -111.68161024599999,
              40.21546635800007
            ],
            [
              -111.68141079799994,
              40.215450848000046
            ],
            [
              -111.68001461099999,
              40.21593242100005
            ],
            [
              -111.67780163999998,
              40.215951360000076
            ],
            [
              -111.67779845599995,
              40.21610510900007
            ]
          ]
        ]
      },
      "properties": {
        "OBJECTID": 27,
        "Join_Count": 1,
        "TARGET_FID": 272,
        "PARCEL_NO": 210560077,
        "PARCELID": "210560077",
        "PARCELID_LABEL": "21:056:0077",
        "OWNER_NAME": "COX, ALLEN C (ET AL)",
        "CARE_NAME": "%BROWN, BRAD",
        "ACREAGE": 1.391829,
        "SITE_FULL_ADDRESS": null,
        "OWN_FULL_ADDRESS": "%BROWN, BRAD  7144 S 4400 W  BENJAMIN, UT 84660-4119",
        "PROP_TYPE": 900,
        "PROP_TYPE_DESCR": "VACANT",
        "SPECIFIC_PROP_TYPE": 901,
        "SPC_PROP_TYP_DESCR": "Vac Res",
        "ASMT_YEAR": 2026,
        "ASMT_CODE": "V",
        "ASMT_CODE_DESCR": "VACANT",
        "MKT_LAND_VALUE": 118200,
        "MKT_CUR_VALUE": 118200,
        "MKT_PRV_VAL": 118200,
        "MKT_VAL_YR_CHG": 0,
        "MKT_PCT_CHG": 0,
        "GLOBALID": "{A895D3AD-DCC2-454B-8075-7CDA08065A34}",
        "Code": "R",
        "Description": "Residential",
        "City": "Provo",
        "Description_detailed": null,
        "Acres": null,
        "Unit_Rate": null,
        "CityName": null,
        "AdoptedDate": null,
        "Slope_Score": 10,
        "GP_Score": 5,
        "Utilities_Score": 5,
        "Wetlands_Score": 10,
        "Soil_Score": 1,
        "Ownership_Score": 10,
        "Ownership_Type": "Private",
        "Utility_Proximity_Status": "Unknown - No Data",
        "Final_Score": 6.6,
        "ELEV_CHANGE": 3.287648383789019,
        "SLOPE": 0.2746891242263513,
        "Join_Count_12": 1,
        "TARGET_FID_12": 10502,
        "Shape_Length_12": null,
        "Shape_Area_12": null,
        "OBJECTID_1_12": null,
        "Join_Count_12_13": null,
        "TARGET_FID_12_13": null,
        "Id": 1108,
        "gridcode": 5,
        "ClassName": "Mostly Hydric (76 - 95%)",
        "Shape_Length_12_13": null,
        "Shape_Area_12_13": null,
        "SITE_HOUSE_NUM": "1354",
        "SITE_PRE_DIR": "S",
        "SITE_STREET_NAME": "1100 WEST",
        "MKT_LAND_RES": 244500,
        "MKT_LAND_AGR": 355700,
        "MKT_LAND_COM": 0,
        "MKT_IMP_VALUE": 239100,
        "MKT_IMP_RES": 239100,
        "MKT_IMP_AGR": 0,
        "MKT_IMP_COM": 0,
        "Entry": 39142,
        "Year": 2024,
        "Record_Date": 1718236800000,
        "Grantor": "PUERTAS, WILFORD PUERTAS, RAYANNA",
        "Grantee": "AMERICA FIRST FEDERAL CREDIT UNION",
        "Tax_Address": "NOT APPLICABLE",
        "Serial_Number": "21:056:0112",
        "Serial_Number_Available": "Yes",
        "Detail_URL": "https://www.utahcounty.gov/LandRecords/document.asp?avEntry=39142&avYear=2024",
        "Document_Type": "TR D",
        "Was_REC_": "No",
        "OBJECTID_12": 3135,
        "Shape_Length_12_13_14": 2455.9542728623496,
        "Shape_Area_12_13_14": 134660.82735368563,
        "DocType": "WD",
        "Shape_Length": 0.007992476305989966,
        "Shape_Area": 5.956476400319302e-07
      }
    },
    {
      "type": "Feature",
      "id": 28,
      "geometry": {
        "type": "Polygon",
        "coordinates": [
          [
            [
              -111.69976705399995,
              40.23187176000005
            ],
            [
              -111.69977568699994,
              40.23004420800004
            ],
            [
              -111.70022009399997,
              40.230033209000055
            ],
            [
              -111.70019316699995,
              40.22824215600008
            ],
            [
              -111.69964850499997,
              40.22824383200003
            ],
            [
              -111.69964747699998,
              40.22816872300007
            ],
            [
              -111.69782963899996,
              40.228175271000055
            ],
            [
              -111.69779865299995,
              40.229250612000044
            ],
            [
              -111.69532339599999,
              40.229226588000074
            ],
            [
              -111.69531463299995,
              40.230054402000064
            ],
            [
              -111.69569799599998,
              40.23004972700005
            ],
            [
              -111.69577410999995,
              40.23004879900003
            ],
            [
              -111.69577412399997,
              40.23004987000007
            ],
            [
              -111.69743580399995,
              40.230053214000066
            ],
            [
              -111.69743600799995,
              40.23004300600007
            ],
            [
              -111.69802673899994,
              40.23004990800007
            ],
            [
              -111.69799077399995,
              40.231858515000056
            ],
            [
              -111.69976705399995,
              40.23187176000005
            ]
          ]
        ]
      },
      "properties": {
        "OBJECTID": 28,
        "Join_Count": 1,
        "TARGET_FID": 296,
        "PARCEL_NO": 210380157,
        "PARCELID": "210380157",
        "PARCELID_LABEL": "21:038:0157",
        "OWNER_NAME": "BIRCH CREEK LIMITED PARTNERSHIP",
        "CARE_NAME": null,
        "ACREAGE": 22.586447,
        "SITE_FULL_ADDRESS": null,
        "OWN_FULL_ADDRESS": "3225 MCLEOD RD # 100  LAS VEGAS, NV 89121",
        "PROP_TYPE": 900,
        "PROP_TYPE_DESCR": "VACANT",
        "SPECIFIC_PROP_TYPE": 901,
        "SPC_PROP_TYP_DESCR": "Vac Res",
        "ASMT_YEAR": 2026,
        "ASMT_CODE": "V",
        "ASMT_CODE_DESCR": "VACANT",
        "MKT_LAND_VALUE": 3837200,
        "MKT_CUR_VALUE": 3837200,
        "MKT_PRV_VAL": 3837200,
        "MKT_VAL_YR_CHG": 0,
        "MKT_PCT_CHG": 0,
        "GLOBALID": "{D6E58AB8-736F-4BA2-99C9-E322ECFD66FF}",
        "Code": "R",
        "Description": "Residential",
        "City": "Provo",
        "Description_detailed": null,
        "Acres": null,
        "Unit_Rate": null,
        "CityName": null,
        "AdoptedDate": null,
        "Slope_Score": 10,
        "GP_Score": 5,
        "Utilities_Score": 5,
        "Wetlands_Score": 0,
        "Soil_Score": 7,
        "Ownership_Score": 10,
        "Ownership_Type": "Private",
        "Utility_Proximity_Status": "Unknown - No Data",
        "Final_Score": 5.7,
        "ELEV_CHANGE": 0.3628468066408459,
        "SLOPE": 0.27232085159917907,
        "Join_Count_12": 1,
        "TARGET_FID_12": 10671,
        "Shape_Length_12": null,
        "Shape_Area_12": null,
        "OBJECTID_1_12": null,
        "Join_Count_12_13": null,
        "TARGET_FID_12_13": null,
        "Id": 1142,
        "gridcode": 2,
        "ClassName": "Partially Hydric (1 - 25%)",
        "Shape_Length_12_13": null,
        "Shape_Area_12_13": null,
        "SITE_HOUSE_NUM": null,
        "SITE_PRE_DIR": null,
        "SITE_STREET_NAME": null,
        "MKT_LAND_RES": 532800,
        "MKT_LAND_AGR": 0,
        "MKT_LAND_COM": 0,
        "MKT_IMP_VALUE": 0,
        "MKT_IMP_RES": 0,
        "MKT_IMP_AGR": 0,
        "MKT_IMP_COM": 0,
        "Entry": 87897,
        "Year": 2024,
        "Record_Date": 1734048000000,
        "Grantor": "PREMIER REALTY INVESTMENTS LLC",
        "Grantee": "MADISON TRUST COMPANY CUSFOR PAUL GUSTAVSON M22022368",
        "Tax_Address": "NOT APPLICABLE",
        "Serial_Number": "21:025:0137",
        "Serial_Number_Available": "Yes",
        "Detail_URL": "https://www.utahcounty.gov/LandRecords/document.asp?avEntry=87897&avYear=2024",
        "Document_Type": "TR D",
        "Was_REC_": "No",
        "OBJECTID_12": 4035,
        "Shape_Length_12_13_14": 1627.769129190539,
        "Shape_Area_12_13_14": 101651.5225322887,
        "DocType": "WD",
        "Shape_Length": 0.01718856349988017,
        "Shape_Area": 9.67371354511684e-06
      }
    },
    {
      "type": "Feature",
      "id": 29,
      "geometry": {
        "type": "Polygon",
        "coordinates": [
          [
            [
              -111.65445338299998,
              40.167021082000076
            ],
            [
              -111.65445336299996,
              40.16702180000004
            ],
            [
              -111.652807742,
              40.16703133100003
            ],
            [
              -111.65280979599999,
              40.16809923400007
            ],
            [
              -111.65261661399995,
              40.168099453000025
            ],
            [
              -111.65261799999996,
              40.168820975000074
            ],
            [
              -111.65261810599998,
              40.168876057000034
            ],
            [
              -111.65442769799995,
              40.168879428000025
            ],
            [
              -111.65442812599997,
              40.16884852700008
            ],
            [
              -111.65445338299998,
              40.167021082000076
            ]
          ]
        ]
      },
      "properties": {
        "OBJECTID": 29,
        "Join_Count": 1,
        "TARGET_FID": 326,
        "PARCEL_NO": 230280056,
        "PARCELID": "230280056",
        "PARCELID_LABEL": "23:028:0056",
        "OWNER_NAME": "BJS VI LLC",
        "CARE_NAME": null,
        "ACREAGE": 7.408122,
        "SITE_FULL_ADDRESS": null,
        "OWN_FULL_ADDRESS": "165 N 1330 W # D3  OREM, UT 84057-5115",
        "PROP_TYPE": 903,
        "PROP_TYPE_DESCR": "VACANT COMMERCIAL",
        "SPECIFIC_PROP_TYPE": 905,
        "SPC_PROP_TYP_DESCR": "Vac Com Lot",
        "ASMT_YEAR": 2026,
        "ASMT_CODE": "V",
        "ASMT_CODE_DESCR": "VACANT",
        "MKT_LAND_VALUE": 1685600,
        "MKT_CUR_VALUE": 1685600,
        "MKT_PRV_VAL": 1685600,
        "MKT_VAL_YR_CHG": 0,
        "MKT_PCT_CHG": 0,
        "GLOBALID": "{23811060-0C38-40C2-B953-A2A62A1AD110}",
        "Code": null,
        "Description": "Medium Density Residential",
        "City": "Springville",
        "Description_detailed": "Any Residential",
        "Acres": null,
        "Unit_Rate": null,
        "CityName": null,
        "AdoptedDate": null,
        "Slope_Score": 10,
        "GP_Score": 8,
        "Utilities_Score": 10,
        "Wetlands_Score": 0,
        "Soil_Score": 7,
        "Ownership_Score": 5,
        "Ownership_Type": "Business",
        "Utility_Proximity_Status": "Within 1/8 Mile",
        "Final_Score": 6.95,
        "ELEV_CHANGE": 3.9372482958988257,
        "SLOPE": 0.1451824644324995,
        "Join_Count_12": 1,
        "TARGET_FID_12": 11192,
        "Shape_Length_12": null,
        "Shape_Area_12": null,
        "OBJECTID_1_12": null,
        "Join_Count_12_13": null,
        "TARGET_FID_12_13": null,
        "Id": 1498,
        "gridcode": 2,
        "ClassName": "Partially Hydric (1 - 25%)",
        "Shape_Length_12_13": null,
        "Shape_Area_12_13": null,
        "SITE_HOUSE_NUM": null,
        "SITE_PRE_DIR": null,
        "SITE_STREET_NAME": null,
        "MKT_LAND_RES": 0,
        "MKT_LAND_AGR": 0,
        "MKT_LAND_COM": 2582700,
        "MKT_IMP_VALUE": 0,
        "MKT_IMP_RES": 0,
        "MKT_IMP_AGR": 0,
        "MKT_IMP_COM": 0,
        "Entry": 21997,
        "Year": 2024,
        "Record_Date": 1712275200000,
        "Grantor": "LAKESIDE LAND PARTNERS LLC 1722 MOHAWK LLC",
        "Grantee": "OKOA CAPITAL LLC",
        "Tax_Address": "NOT APPLICABLE",
        "Serial_Number": "23:028:0057",
        "Serial_Number_Available": "Yes",
        "Detail_URL": "https://www.utahcounty.gov/LandRecords/document.asp?avEntry=21997&avYear=2024",
        "Document_Type": "TR D",
        "Was_REC_": "No",
        "OBJECTID_12": 2725,
        "Shape_Length_12_13_14": 3123.133458165056,
        "Shape_Area_12_13_14": 576805.0056348783,
        "DocType": "WD",
        "Shape_Length": 0.0073521780444612585,
        "Shape_Area": 3.169646285707206e-06
      }
    },
    {
      "type": "Feature",
      "id": 30,
      "geometry": {
        "type": "Polygon",
        "coordinates": [
          [
            [
              -111.65521848999998,
              40.16886054300005
            ],
            [
              -111.655203901,
              40.168859756000074
            ],
            [
              -111.65442813799996,
              40.16884780100003
            ],
            [
              -111.65442770899995,
              40.16887870100004
            ],
            [
              -111.65261811799996,
              40.16887533000005
            ],
            [
              -111.65261801199995,
              40.16882024800003
            ],
            [
              -111.65205474499999,
              40.16881155600004
            ],
            [
              -111.65204502099999,
              40.17062292300005
            ],
            [
              -111.65522258799996,
              40.17067192300004
            ],
            [
              -111.65521848999998,
              40.16886054300005
            ]
          ]
        ]
      },
      "properties": {
        "OBJECTID": 30,
        "Join_Count": 1,
        "TARGET_FID": 327,
        "PARCEL_NO": 230280057,
        "PARCELID": "230280057",
        "PARCELID_LABEL": "23:028:0057",
        "OWNER_NAME": "LAKESIDE LAND PARTNERS LLC",
        "CARE_NAME": null,
        "ACREAGE": 13.238246,
        "SITE_FULL_ADDRESS": null,
        "OWN_FULL_ADDRESS": "7585 S UNION PARK AVE STE 200  MIDVALE, UT 84047",
        "PROP_TYPE": 903,
        "PROP_TYPE_DESCR": "VACANT COMMERCIAL",
        "SPECIFIC_PROP_TYPE": 905,
        "SPC_PROP_TYP_DESCR": "Vac Com Lot",
        "ASMT_YEAR": 2026,
        "ASMT_CODE": "V",
        "ASMT_CODE_DESCR": "VACANT",
        "MKT_LAND_VALUE": 2582700,
        "MKT_CUR_VALUE": 2582700,
        "MKT_PRV_VAL": 2582700,
        "MKT_VAL_YR_CHG": 0,
        "MKT_PCT_CHG": 0,
        "GLOBALID": "{622EEEBD-6B4A-437E-B704-BB9CB49DB71B}",
        "Code": null,
        "Description": "Medium Density Residential",
        "City": "Springville",
        "Description_detailed": "Any Residential",
        "Acres": null,
        "Unit_Rate": null,
        "CityName": null,
        "AdoptedDate": null,
        "Slope_Score": 10,
        "GP_Score": 8,
        "Utilities_Score": 10,
        "Wetlands_Score": 0,
        "Soil_Score": 7,
        "Ownership_Score": 5,
        "Ownership_Type": "Business",
        "Utility_Proximity_Status": "Within 1/8 Mile",
        "Final_Score": 6.95,
        "ELEV_CHANGE": 3.9372482958988257,
        "SLOPE": 0.1451824644324995,
        "Join_Count_12": 1,
        "TARGET_FID_12": 11193,
        "Shape_Length_12": null,
        "Shape_Area_12": null,
        "OBJECTID_1_12": null,
        "Join_Count_12_13": null,
        "TARGET_FID_12_13": null,
        "Id": 1498,
        "gridcode": 2,
        "ClassName": "Partially Hydric (1 - 25%)",
        "Shape_Length_12_13": null,
        "Shape_Area_12_13": null,
        "SITE_HOUSE_NUM": null,
        "SITE_PRE_DIR": null,
        "SITE_STREET_NAME": null,
        "MKT_LAND_RES": 0,
        "MKT_LAND_AGR": 0,
        "MKT_LAND_COM": 2582700,
        "MKT_IMP_VALUE": 0,
        "MKT_IMP_RES": 0,
        "MKT_IMP_AGR": 0,
        "MKT_IMP_COM": 0,
        "Entry": 21997,
        "Year": 2024,
        "Record_Date": 1712275200000,
        "Grantor": "LAKESIDE LAND PARTNERS LLC 1722 MOHAWK LLC",
        "Grantee": "OKOA CAPITAL LLC",
        "Tax_Address": "NOT APPLICABLE",
        "Serial_Number": "23:028:0057",
        "Serial_Number_Available": "Yes",
        "Detail_URL": "https://www.utahcounty.gov/LandRecords/document.asp?avEntry=21997&avYear=2024",
        "Document_Type": "TR D",
        "Was_REC_": "No",
        "OBJECTID_12": 2725,
        "Shape_Length_12_13_14": 3123.133458165056,
        "Shape_Area_12_13_14": 576805.0056348783,
        "DocType": "WD",
        "Shape_Length": 0.010050101122478361,
        "Shape_Area": 5.666478780727647e-06
      }
    },
    {
      "type": "Feature",
      "id": 31,
      "geometry": {
        "type": "Polygon",
        "coordinates": [
          [
            [
              -111.60786965399996,
              40.18855734500005
            ],
            [
              -111.60786968599996,
              40.188556359000074
            ],
            [
              -111.60789750799995,
              40.18774017900006
            ],
            [
              -111.60782801399995,
              40.187672778000035
            ],
            [
              -111.60779585599994,
              40.18767343600007
            ],
            [
              -111.60723027399996,
              40.18712090400004
            ],
            [
              -111.60673112299997,
              40.18663325800003
            ],
            [
              -111.60585664299998,
              40.185778914000025
            ],
            [
              -111.60554190699997,
              40.185481055000025
            ],
            [
              -111.60605142999998,
              40.18663109200003
            ],
            [
              -111.60786965399996,
              40.18855734500005
            ]
          ]
        ]
      },
      "properties": {
        "OBJECTID": 31,
        "Join_Count": 1,
        "TARGET_FID": 330,
        "PARCEL_NO": 230170023,
        "PARCELID": "230170023",
        "PARCELID_LABEL": "23:017:0023",
        "OWNER_NAME": "MORGAN, JEANENE B (ET AL)",
        "CARE_NAME": null,
        "ACREAGE": 4.091652,
        "SITE_FULL_ADDRESS": null,
        "OWN_FULL_ADDRESS": "1307 N 1450 E  PROVO, UT 84604-3715",
        "PROP_TYPE": 900,
        "PROP_TYPE_DESCR": "VACANT",
        "SPECIFIC_PROP_TYPE": 901,
        "SPC_PROP_TYP_DESCR": "Vac Res",
        "ASMT_YEAR": 2026,
        "ASMT_CODE": "V",
        "ASMT_CODE_DESCR": "VACANT",
        "MKT_LAND_VALUE": 5700,
        "MKT_CUR_VALUE": 5700,
        "MKT_PRV_VAL": 5700,
        "MKT_VAL_YR_CHG": 0,
        "MKT_PCT_CHG": 0,
        "GLOBALID": "{4C0758ED-D1F6-440B-A0F2-2FC2088F25FF}",
        "Code": null,
        "Description": "Medium Density Residential",
        "City": "Springville",
        "Description_detailed": "Any Residential",
        "Acres": null,
        "Unit_Rate": null,
        "CityName": null,
        "AdoptedDate": null,
        "Slope_Score": 10,
        "GP_Score": 8,
        "Utilities_Score": 10,
        "Wetlands_Score": 10,
        "Soil_Score": 10,
        "Ownership_Score": 10,
        "Ownership_Type": "Private",
        "Utility_Proximity_Status": "Within 1/8 Mile",
        "Final_Score": 9.5,
        "ELEV_CHANGE": 2.4502171777339754,
        "SLOPE": 0.49220604580735405,
        "Join_Count_12": 2,
        "TARGET_FID_12": 11287,
        "Shape_Length_12": null,
        "Shape_Area_12": null,
        "OBJECTID_1_12": null,
        "Join_Count_12_13": null,
        "TARGET_FID_12_13": null,
        "Id": 2073,
        "gridcode": 1,
        "ClassName": "Not Hydric",
        "Shape_Length_12_13": null,
        "Shape_Area_12_13": null,
        "SITE_HOUSE_NUM": "1408",
        "SITE_PRE_DIR": "N",
        "SITE_STREET_NAME": "SPRING MOUNTAIN",
        "MKT_LAND_RES": 58400,
        "MKT_LAND_AGR": 0,
        "MKT_LAND_COM": 0,
        "MKT_IMP_VALUE": 318400,
        "MKT_IMP_RES": 318400,
        "MKT_IMP_AGR": 0,
        "MKT_IMP_COM": 0,
        "Entry": 80801,
        "Year": 2023,
        "Record_Date": 1702512000000,
        "Grantor": "RODRIGUEZ, CARLOS DAVID TEE RODRIGUEZ, MIRNA TEE RODRIGUEZ-JIMENEZ FAMILY TRUST 10-04-2021 THE",
        "Grantee": "1408 N SPRING MOUNTAIN DR SPRINGVILLE TRUST 12-12-2023 THE",
        "Tax_Address": "NOT APPLICABLE",
        "Serial_Number": "52:696:0063",
        "Serial_Number_Available": "Yes",
        "Detail_URL": "https://www.utahcounty.gov/LandRecords/document.asp?avEntry=80801&avYear=2023",
        "Document_Type": "TR D",
        "Was_REC_": "No",
        "OBJECTID_12": 2042,
        "Shape_Length_12_13_14": 299.9569177646024,
        "Shape_Area_12_13_14": 4160.708948164614,
        "DocType": "WD",
        "Shape_Length": 0.007997696238111274,
        "Shape_Area": 1.5229032954187998e-06
      }
    },
    {
      "type": "Feature",
      "id": 32,
      "geometry": {
        "type": "MultiPolygon",
        "coordinates": [
          [
            [
              [
                -111.65709372999999,
                40.20703969500005
              ],
              [
                -111.65640064999997,
                40.20703722600007
              ],
              [
                -111.65708535899995,
                40.20842208900007
              ],
              [
                -111.65709372999999,
                40.20703969500005
              ]
            ]
          ],
          [
            [
              [
                -111.65708537199998,
                40.208422116000065
              ],
              [
                -111.65708535899995,
                40.20842208900007
              ],
              [
                -111.65708535899995,
                40.20842210300003
              ],
              [
                -111.65708537199998,
                40.208422116000065
              ]
            ]
          ]
        ]
      },
      "properties": {
        "OBJECTID": 32,
        "Join_Count": 1,
        "TARGET_FID": 335,
        "PARCEL_NO": 220500070,
        "PARCELID": "220500070",
        "PARCELID_LABEL": "22:050:0070",
        "OWNER_NAME": "TG DEVELOPMENT LLC",
        "CARE_NAME": null,
        "ACREAGE": 1.118881,
        "SITE_FULL_ADDRESS": null,
        "OWN_FULL_ADDRESS": "1414 S 600 W  BOUNTIFUL, UT 84010",
        "PROP_TYPE": 903,
        "PROP_TYPE_DESCR": "VACANT COMMERCIAL",
        "SPECIFIC_PROP_TYPE": 905,
        "SPC_PROP_TYP_DESCR": "Vac Com Lot",
        "ASMT_YEAR": 2026,
        "ASMT_CODE": "V",
        "ASMT_CODE_DESCR": "VACANT",
        "MKT_LAND_VALUE": 383400,
        "MKT_CUR_VALUE": 383400,
        "MKT_PRV_VAL": 383400,
        "MKT_VAL_YR_CHG": 0,
        "MKT_PCT_CHG": 0,
        "GLOBALID": "{AD7D7216-82F2-445A-A1B9-A8F9659B9683}",
        "Code": "M",
        "Description": "Mixed Use",
        "City": "Provo",
        "Description_detailed": null,
        "Acres": null,
        "Unit_Rate": null,
        "CityName": null,
        "AdoptedDate": null,
        "Slope_Score": 10,
        "GP_Score": 7,
        "Utilities_Score": 5,
        "Wetlands_Score": 0,
        "Soil_Score": 7,
        "Ownership_Score": 5,
        "Ownership_Type": "Business",
        "Utility_Proximity_Status": "Unknown - No Data",
        "Final_Score": 5.45,
        "ELEV_CHANGE": 0.574707690429932,
        "SLOPE": 0.09048893250749096,
        "Join_Count_12": 1,
        "TARGET_FID_12": 11391,
        "Shape_Length_12": null,
        "Shape_Area_12": null,
        "OBJECTID_1_12": null,
        "Join_Count_12_13": null,
        "TARGET_FID_12_13": null,
        "Id": 1142,
        "gridcode": 2,
        "ClassName": "Partially Hydric (1 - 25%)",
        "Shape_Length_12_13": null,
        "Shape_Area_12_13": null,
        "SITE_HOUSE_NUM": "1956",
        "SITE_PRE_DIR": "S",
        "SITE_STREET_NAME": "180 EAST",
        "MKT_LAND_RES": 0,
        "MKT_LAND_AGR": 0,
        "MKT_LAND_COM": 383400,
        "MKT_IMP_VALUE": 0,
        "MKT_IMP_RES": 0,
        "MKT_IMP_AGR": 0,
        "MKT_IMP_COM": 0,
        "Entry": 4930,
        "Year": 2023,
        "Record_Date": 1674691200000,
        "Grantor": "TG DEVELOPMENT LLC",
        "Grantee": "WHITE, DARLENE TAYLOR TEE WHITE, JON MARK TEE WHITE TRUST 03-26-1993 THE",
        "Tax_Address": "NOT APPLICABLE",
        "Serial_Number": "22:050:0070",
        "Serial_Number_Available": "Yes",
        "Detail_URL": "https://www.utahcounty.gov/LandRecords/document.asp?avEntry=4930&avYear=2023",
        "Document_Type": "TR D",
        "Was_REC_": "No",
        "OBJECTID_12": 128,
        "Shape_Length_12_13_14": 1236.659978940438,
        "Shape_Area_12_13_14": 48739.08972201127,
        "DocType": "WD",
        "Shape_Length": 0.003620451831988701,
        "Shape_Area": 4.790651508698862e-07
      }
    },
    {
      "type": "Feature",
      "id": 33,
      "geometry": {
        "type": "Polygon",
        "coordinates": [
          [
            [
              -111.63513017899999,
              40.161458785000036
            ],
            [
              -111.63513020399995,
              40.16145877500003
            ],
            [
              -111.63299688099994,
              40.16145157100004
            ],
            [
              -111.63211636799812,
              40.16144476040071
            ],
            [
              -111.63123593757632,
              40.161430911105704
            ],
            [
              -111.63035564599994,
              40.16141002400008
            ],
            [
              -111.62813254399998,
              40.16134757200007
            ],
            [
              -111.62809135499998,
              40.16138755700007
            ],
            [
              -111.62803355199998,
              40.161385933000076
            ],
            [
              -111.62803183327797,
              40.16139430330621
            ],
            [
              -111.62803118999994,
              40.16140282400005
            ],
            [
              -111.62802775999995,
              40.162003009000045
            ],
            [
              -111.62801817399998,
              40.16200293300005
            ],
            [
              -111.62801196699996,
              40.16308847500005
            ],
            [
              -111.63037013499996,
              40.16310696700003
            ],
            [
              -111.63260348099999,
              40.16311589500003
            ],
            [
              -111.63320006699996,
              40.16312520300005
            ],
            [
              -111.63500109599994,
              40.16311540000004
            ],
            [
              -111.63511447399998,
              40.163111908000076
            ],
            [
              -111.63513017899999,
              40.161458785000036
            ]
          ]
        ]
      },
      "properties": {
        "OBJECTID": 33,
        "Join_Count": 1,
        "TARGET_FID": 341,
        "PARCEL_NO": 230310091,
        "PARCELID": "230310091",
        "PARCELID_LABEL": "23:031:0091",
        "OWNER_NAME": "SOUTH POINT DEVELOPMENT LLC",
        "CARE_NAME": null,
        "ACREAGE": 28.000515999999998,
        "SITE_FULL_ADDRESS": null,
        "OWN_FULL_ADDRESS": "405 S MAIN ST STE 800  SALT LAKE CITY, UT 84111",
        "PROP_TYPE": 903,
        "PROP_TYPE_DESCR": "VACANT COMMERCIAL",
        "SPECIFIC_PROP_TYPE": 905,
        "SPC_PROP_TYP_DESCR": "Vac Com Lot",
        "ASMT_YEAR": 2026,
        "ASMT_CODE": "V",
        "ASMT_CODE_DESCR": "VACANT",
        "MKT_LAND_VALUE": 12871300,
        "MKT_CUR_VALUE": 12871300,
        "MKT_PRV_VAL": 12871300,
        "MKT_VAL_YR_CHG": 0,
        "MKT_PCT_CHG": 0,
        "GLOBALID": "{903E1594-1183-465B-B971-83B2B82A466F}",
        "Code": null,
        "Description": "Medium Density Residential",
        "City": "Springville",
        "Description_detailed": "Any Residential",
        "Acres": null,
        "Unit_Rate": null,
        "CityName": null,
        "AdoptedDate": null,
        "Slope_Score": 10,
        "GP_Score": 8,
        "Utilities_Score": 10,
        "Wetlands_Score": 0,
        "Soil_Score": 7,
        "Ownership_Score": 5,
        "Ownership_Type": "Business",
        "Utility_Proximity_Status": "Within 1/8 Mile",
        "Final_Score": 6.95,
        "ELEV_CHANGE": 0.3007703662105996,
        "SLOPE": 0.24723072188621084,
        "Join_Count_12": 3,
        "TARGET_FID_12": 11583,
        "Shape_Length_12": null,
        "Shape_Area_12": null,
        "OBJECTID_1_12": null,
        "Join_Count_12_13": null,
        "TARGET_FID_12_13": null,
        "Id": 1337,
        "gridcode": 2,
        "ClassName": "Partially Hydric (1 - 25%)",
        "Shape_Length_12_13": null,
        "Shape_Area_12_13": null,
        "SITE_HOUSE_NUM": "1159",
        "SITE_PRE_DIR": "W",
        "SITE_STREET_NAME": "200 SOUTH",
        "MKT_LAND_RES": 55200,
        "MKT_LAND_AGR": 0,
        "MKT_LAND_COM": 0,
        "MKT_IMP_VALUE": 320200,
        "MKT_IMP_RES": 320200,
        "MKT_IMP_AGR": 0,
        "MKT_IMP_COM": 0,
        "Entry": 86050,
        "Year": 2024,
        "Record_Date": 1733443200000,
        "Grantor": "SHAVER, JAMES",
        "Grantee": "AMERICA FIRST FEDERAL CREDIT UNION",
        "Tax_Address": "NOT APPLICABLE",
        "Serial_Number": "51:479:0008",
        "Serial_Number_Available": "Yes",
        "Detail_URL": "https://www.utahcounty.gov/LandRecords/document.asp?avEntry=86050&avYear=2024",
        "Document_Type": "TR D",
        "Was_REC_": "No",
        "OBJECTID_12": 4009,
        "Shape_Length_12_13_14": 275.8370140409252,
        "Shape_Area_12_13_14": 3117.7146717867618,
        "DocType": "WD",
        "Shape_Length": 0.017582587239211266,
        "Shape_Area": 1.1981028016088875e-05
      }
    },
    {
      "type": "Feature",
      "id": 34,
      "geometry": {
        "type": "MultiPolygon",
        "coordinates": [
          [
            [
              [
                -111.65570508899998,
                40.16505588000007
              ],
              [
                -111.65447110099996,
                40.16504800200005
              ],
              [
                -111.65336949599998,
                40.16494430900008
              ],
              [
                -111.65328586999999,
                40.16494335100003
              ],
              [
                -111.65328061499997,
                40.16689293400003
              ],
              [
                -111.65570932099996,
                40.166920737000055
              ],
              [
                -111.65570508899998,
                40.16505588000007
              ]
            ]
          ],
          [
            [
              [
                -111.65570933799995,
                40.166920737000055
              ],
              [
                -111.65570932099996,
                40.166920737000055
              ],
              [
                -111.65570932099996,
                40.16692074300005
              ],
              [
                -111.65570933799995,
                40.166920737000055
              ]
            ]
          ]
        ]
      },
      "properties": {
        "OBJECTID": 34,
        "Join_Count": 1,
        "TARGET_FID": 345,
        "PARCEL_NO": 230270090,
        "PARCELID": "230270090",
        "PARCELID_LABEL": "23:027:0090",
        "OWNER_NAME": "LAKESIDE LAND PARTNERS LLC",
        "CARE_NAME": null,
        "ACREAGE": 10.672873,
        "SITE_FULL_ADDRESS": null,
        "OWN_FULL_ADDRESS": "7585 S UNION PARK AVE STE 200  MIDVALE, UT 84047",
        "PROP_TYPE": 903,
        "PROP_TYPE_DESCR": "VACANT COMMERCIAL",
        "SPECIFIC_PROP_TYPE": 905,
        "SPC_PROP_TYP_DESCR": "Vac Com Lot",
        "ASMT_YEAR": 2026,
        "ASMT_CODE": "V",
        "ASMT_CODE_DESCR": "VACANT",
        "MKT_LAND_VALUE": 3048300,
        "MKT_CUR_VALUE": 3048300,
        "MKT_PRV_VAL": 3048300,
        "MKT_VAL_YR_CHG": 0,
        "MKT_PCT_CHG": 0,
        "GLOBALID": "{191A600B-A5A6-4F48-9D8D-5CB494134D5D}",
        "Code": null,
        "Description": "Medium Density Residential",
        "City": "Springville",
        "Description_detailed": "Any Residential",
        "Acres": null,
        "Unit_Rate": null,
        "CityName": null,
        "AdoptedDate": null,
        "Slope_Score": 10,
        "GP_Score": 8,
        "Utilities_Score": 10,
        "Wetlands_Score": 10,
        "Soil_Score": 7,
        "Ownership_Score": 5,
        "Ownership_Type": "Business",
        "Utility_Proximity_Status": "Within 1/8 Mile",
        "Final_Score": 8.45,
        "ELEV_CHANGE": 3.9372482958988257,
        "SLOPE": 0.1451824644324995,
        "Join_Count_12": 1,
        "TARGET_FID_12": 11629,
        "Shape_Length_12": null,
        "Shape_Area_12": null,
        "OBJECTID_1_12": null,
        "Join_Count_12_13": null,
        "TARGET_FID_12_13": null,
        "Id": 1498,
        "gridcode": 2,
        "ClassName": "Partially Hydric (1 - 25%)",
        "Shape_Length_12_13": null,
        "Shape_Area_12_13": null,
        "SITE_HOUSE_NUM": null,
        "SITE_PRE_DIR": null,
        "SITE_STREET_NAME": null,
        "MKT_LAND_RES": 0,
        "MKT_LAND_AGR": 0,
        "MKT_LAND_COM": 3048300,
        "MKT_IMP_VALUE": 0,
        "MKT_IMP_RES": 0,
        "MKT_IMP_AGR": 0,
        "MKT_IMP_COM": 0,
        "Entry": 21997,
        "Year": 2024,
        "Record_Date": 1712275200000,
        "Grantor": "LAKESIDE LAND PARTNERS LLC 1722 MOHAWK LLC",
        "Grantee": "OKOA CAPITAL LLC",
        "Tax_Address": "NOT APPLICABLE",
        "Serial_Number": "23:027:0090",
        "Serial_Number_Available": "Yes",
        "Detail_URL": "https://www.utahcounty.gov/LandRecords/document.asp?avEntry=21997&avYear=2024",
        "Document_Type": "TR D",
        "Was_REC_": "No",
        "OBJECTID_12": 2720,
        "Shape_Length_12_13_14": 2746.683854255066,
        "Shape_Area_12_13_14": 464908.032271147,
        "DocType": "WD",
        "Shape_Length": 0.008667477178274423,
        "Shape_Area": 4.566973281577038e-06
      }
    },
    {
      "type": "Feature",
      "id": 35,
      "geometry": {
        "type": "Polygon",
        "coordinates": [
          [
            [
              -111.65447093499995,
              40.16504619700004
            ],
            [
              -111.65447090599997,
              40.165046190000055
            ],
            [
              -111.65449583899999,
              40.16171305300003
            ],
            [
              -111.65424552299999,
              40.16171196000005
            ],
            [
              -111.65423347599994,
              40.16332165100005
            ],
            [
              -111.65210860899998,
              40.163315354000076
            ],
            [
              -111.65209981299995,
              40.16493548600005
            ],
            [
              -111.65328584499997,
              40.16495383100005
            ],
            [
              -111.65328587399995,
              40.164943347000076
            ],
            [
              -111.65336949899995,
              40.16494430500006
            ],
            [
              -111.65435975699995,
              40.16503751700003
            ],
            [
              -111.65447093499995,
              40.16504619700004
            ]
          ]
        ]
      },
      "properties": {
        "OBJECTID": 35,
        "Join_Count": 1,
        "TARGET_FID": 346,
        "PARCEL_NO": 230270091,
        "PARCELID": "230270091",
        "PARCELID_LABEL": "23:027:0091",
        "OWNER_NAME": "URE FUND 1 - LAKESIDE LANDING LLC",
        "CARE_NAME": null,
        "ACREAGE": 10.092165999999999,
        "SITE_FULL_ADDRESS": null,
        "OWN_FULL_ADDRESS": "400 S 2600 W  SPRINGVILLE, UT 84663",
        "PROP_TYPE": 903,
        "PROP_TYPE_DESCR": "VACANT COMMERCIAL",
        "SPECIFIC_PROP_TYPE": 905,
        "SPC_PROP_TYP_DESCR": "Vac Com Lot",
        "ASMT_YEAR": 2026,
        "ASMT_CODE": "V",
        "ASMT_CODE_DESCR": "VACANT",
        "MKT_LAND_VALUE": 2380500,
        "MKT_CUR_VALUE": 2380500,
        "MKT_PRV_VAL": 2380500,
        "MKT_VAL_YR_CHG": 0,
        "MKT_PCT_CHG": 0,
        "GLOBALID": "{5A695A69-935A-4007-850E-4DC59423A156}",
        "Code": null,
        "Description": "Medium Density Residential",
        "City": "Springville",
        "Description_detailed": "Any Residential",
        "Acres": null,
        "Unit_Rate": null,
        "CityName": null,
        "AdoptedDate": null,
        "Slope_Score": 10,
        "GP_Score": 8,
        "Utilities_Score": 10,
        "Wetlands_Score": 10,
        "Soil_Score": 7,
        "Ownership_Score": 5,
        "Ownership_Type": "Business",
        "Utility_Proximity_Status": "Within 1/8 Mile",
        "Final_Score": 8.45,
        "ELEV_CHANGE": 1.359273798828326,
        "SLOPE": 0.176245806506685,
        "Join_Count_12": 2,
        "TARGET_FID_12": 11630,
        "Shape_Length_12": null,
        "Shape_Area_12": null,
        "OBJECTID_1_12": null,
        "Join_Count_12_13": null,
        "TARGET_FID_12_13": null,
        "Id": 1498,
        "gridcode": 2,
        "ClassName": "Partially Hydric (1 - 25%)",
        "Shape_Length_12_13": null,
        "Shape_Area_12_13": null,
        "SITE_HOUSE_NUM": null,
        "SITE_PRE_DIR": null,
        "SITE_STREET_NAME": null,
        "MKT_LAND_RES": 0,
        "MKT_LAND_AGR": 0,
        "MKT_LAND_COM": 3048300,
        "MKT_IMP_VALUE": 0,
        "MKT_IMP_RES": 0,
        "MKT_IMP_AGR": 0,
        "MKT_IMP_COM": 0,
        "Entry": 21997,
        "Year": 2024,
        "Record_Date": 1712275200000,
        "Grantor": "LAKESIDE LAND PARTNERS LLC 1722 MOHAWK LLC",
        "Grantee": "OKOA CAPITAL LLC",
        "Tax_Address": "NOT APPLICABLE",
        "Serial_Number": "23:027:0090",
        "Serial_Number_Available": "Yes",
        "Detail_URL": "https://www.utahcounty.gov/LandRecords/document.asp?avEntry=21997&avYear=2024",
        "Document_Type": "TR D",
        "Was_REC_": "No",
        "OBJECTID_12": 2720,
        "Shape_Length_12_13_14": 2746.683854255066,
        "Shape_Area_12_13_14": 464908.032271147,
        "DocType": "WD",
        "Shape_Length": 0.01132478677749604,
        "Shape_Area": 4.318393675363266e-06
      }
    },
    {
      "type": "Feature",
      "id": 36,
      "geometry": {
        "type": "Polygon",
        "coordinates": [
          [
            [
              -111.65521436599994,
              40.167049140000074
            ],
            [
              -111.65518089199998,
              40.16704841300003
            ],
            [
              -111.65445316399996,
              40.16703719800006
            ],
            [
              -111.65442813499999,
              40.16884827600006
            ],
            [
              -111.65521847299999,
              40.16886045600006
            ],
            [
              -111.65521436599994,
              40.167049140000074
            ]
          ]
        ]
      },
      "properties": {
        "OBJECTID": 36,
        "Join_Count": 1,
        "TARGET_FID": 347,
        "PARCEL_NO": 230280035,
        "PARCELID": "230280035",
        "PARCELID_LABEL": "23:028:0035",
        "OWNER_NAME": "LYNN & SHARON PROPERTIES LLC",
        "CARE_NAME": null,
        "ACREAGE": 3.285973,
        "SITE_FULL_ADDRESS": null,
        "OWN_FULL_ADDRESS": "763 W 6400 S  SPANISH FORK, UT 84660-9640",
        "PROP_TYPE": 903,
        "PROP_TYPE_DESCR": "VACANT COMMERCIAL",
        "SPECIFIC_PROP_TYPE": 905,
        "SPC_PROP_TYP_DESCR": "Vac Com Lot",
        "ASMT_YEAR": 2026,
        "ASMT_CODE": "V",
        "ASMT_CODE_DESCR": "VACANT",
        "MKT_LAND_VALUE": 961400,
        "MKT_CUR_VALUE": 961400,
        "MKT_PRV_VAL": 961400,
        "MKT_VAL_YR_CHG": 0,
        "MKT_PCT_CHG": 0,
        "GLOBALID": "{87EFB794-6D6C-4641-9D32-FB471BA071A3}",
        "Code": null,
        "Description": "Medium Density Residential",
        "City": "Springville",
        "Description_detailed": "Any Residential",
        "Acres": null,
        "Unit_Rate": null,
        "CityName": null,
        "AdoptedDate": null,
        "Slope_Score": 10,
        "GP_Score": 8,
        "Utilities_Score": 10,
        "Wetlands_Score": 10,
        "Soil_Score": 7,
        "Ownership_Score": 5,
        "Ownership_Type": "Business",
        "Utility_Proximity_Status": "Within 1/8 Mile",
        "Final_Score": 8.45,
        "ELEV_CHANGE": 3.9372482958988257,
        "SLOPE": 0.1451824644324995,
        "Join_Count_12": 1,
        "TARGET_FID_12": 11679,
        "Shape_Length_12": null,
        "Shape_Area_12": null,
        "OBJECTID_1_12": null,
        "Join_Count_12_13": null,
        "TARGET_FID_12_13": null,
        "Id": 1498,
        "gridcode": 2,
        "ClassName": "Partially Hydric (1 - 25%)",
        "Shape_Length_12_13": null,
        "Shape_Area_12_13": null,
        "SITE_HOUSE_NUM": null,
        "SITE_PRE_DIR": null,
        "SITE_STREET_NAME": null,
        "MKT_LAND_RES": 0,
        "MKT_LAND_AGR": 0,
        "MKT_LAND_COM": 2582700,
        "MKT_IMP_VALUE": 0,
        "MKT_IMP_RES": 0,
        "MKT_IMP_AGR": 0,
        "MKT_IMP_COM": 0,
        "Entry": 21997,
        "Year": 2024,
        "Record_Date": 1712275200000,
        "Grantor": "LAKESIDE LAND PARTNERS LLC 1722 MOHAWK LLC",
        "Grantee": "OKOA CAPITAL LLC",
        "Tax_Address": "NOT APPLICABLE",
        "Serial_Number": "23:028:0057",
        "Serial_Number_Available": "Yes",
        "Detail_URL": "https://www.utahcounty.gov/LandRecords/document.asp?avEntry=21997&avYear=2024",
        "Document_Type": "TR D",
        "Was_REC_": "No",
        "OBJECTID_12": 2725,
        "Shape_Length_12_13_14": 3123.133458165056,
        "Shape_Area_12_13_14": 576805.0056348783,
        "DocType": "WD",
        "Shape_Length": 0.005174299751364153,
        "Shape_Area": 1.4052752904776163e-06
      }
    },
    {
      "type": "Feature",
      "id": 37,
      "geometry": {
        "type": "Polygon",
        "coordinates": [
          [
            [
              -111.70260701699999,
              40.09271221100005
            ],
            [
              -111.70260561399999,
              40.09223607100006
            ],
            [
              -111.70206244399998,
              40.092237014000034
            ],
            [
              -111.70206118899995,
              40.09181051400003
            ],
            [
              -111.70094275299999,
              40.09181927600008
            ],
            [
              -111.70094537299997,
              40.09271509000007
            ],
            [
              -111.70260701699999,
              40.09271221100005
            ]
          ]
        ]
      },
      "properties": {
        "OBJECTID": 37,
        "Join_Count": 1,
        "TARGET_FID": 373,
        "PARCEL_NO": 250360050,
        "PARCELID": "250360050",
        "PARCELID_LABEL": "25:036:0050",
        "OWNER_NAME": "BETTS, KATHY C (ET AL)",
        "CARE_NAME": null,
        "ACREAGE": 2.957967,
        "SITE_FULL_ADDRESS": null,
        "OWN_FULL_ADDRESS": "2810 N 900 E  KAMAS, UT 84036",
        "PROP_TYPE": 900,
        "PROP_TYPE_DESCR": "VACANT",
        "SPECIFIC_PROP_TYPE": 901,
        "SPC_PROP_TYP_DESCR": "Vac Res",
        "ASMT_YEAR": 2026,
        "ASMT_CODE": "V",
        "ASMT_CODE_DESCR": "VACANT",
        "MKT_LAND_VALUE": 138700,
        "MKT_CUR_VALUE": 138700,
        "MKT_PRV_VAL": 138700,
        "MKT_VAL_YR_CHG": 0,
        "MKT_PCT_CHG": 0,
        "GLOBALID": "{3400834D-9E82-45C3-9ED6-1383164EB5A5}",
        "Code": null,
        "Description": "Mixed Use",
        "City": "Spanish Fork",
        "Description_detailed": null,
        "Acres": 131.626,
        "Unit_Rate": null,
        "CityName": null,
        "AdoptedDate": null,
        "Slope_Score": 10,
        "GP_Score": 7,
        "Utilities_Score": 0,
        "Wetlands_Score": 10,
        "Soil_Score": 10,
        "Ownership_Score": 10,
        "Ownership_Type": "Private",
        "Utility_Proximity_Status": "Not Within 1/8 Mile",
        "Final_Score": 6.75,
        "ELEV_CHANGE": 3.19193051757793,
        "SLOPE": 0.06684958232145131,
        "Join_Count_12": 1,
        "TARGET_FID_12": 12476,
        "Shape_Length_12": null,
        "Shape_Area_12": null,
        "OBJECTID_1_12": null,
        "Join_Count_12_13": null,
        "TARGET_FID_12_13": null,
        "Id": 2073,
        "gridcode": 1,
        "ClassName": "Not Hydric",
        "Shape_Length_12_13": null,
        "Shape_Area_12_13": null,
        "SITE_HOUSE_NUM": "7633",
        "SITE_PRE_DIR": "S",
        "SITE_STREET_NAME": "2000 WEST",
        "MKT_LAND_RES": 0,
        "MKT_LAND_AGR": 25500,
        "MKT_LAND_COM": 0,
        "MKT_IMP_VALUE": 0,
        "MKT_IMP_RES": 0,
        "MKT_IMP_AGR": 0,
        "MKT_IMP_COM": 0,
        "Entry": 29103,
        "Year": 2023,
        "Record_Date": 1683504000000,
        "Grantor": "RASMUSSEN, BRIGG RASMUSSEN, JENNIFER",
        "Grantee": "AMERICA FIRST FEDERAL CREDIT UNION",
        "Tax_Address": "NOT APPLICABLE",
        "Serial_Number": "25:036:0051",
        "Serial_Number_Available": "Yes",
        "Detail_URL": "https://www.utahcounty.gov/LandRecords/document.asp?avEntry=29103&avYear=2023",
        "Document_Type": "TR D",
        "Was_REC_": "No",
        "OBJECTID_12": 711,
        "Shape_Length_12_13_14": 615.8305505742403,
        "Shape_Area_12_13_14": 23697.64487324873,
        "DocType": "WD",
        "Shape_Length": 0.005121749378419307,
        "Shape_Area": 1.2643833533029847e-06
      }
    },
    {
      "type": "Feature",
      "id": 38,
      "geometry": {
        "type": "Polygon",
        "coordinates": [
          [
            [
              -111.70581771399998,
              40.09270720500007
            ],
            [
              -111.70581266799996,
              40.09184682700004
            ],
            [
              -111.70325432599998,
              40.091851320000046
            ],
            [
              -111.70325687099995,
              40.09271170400007
            ],
            [
              -111.70581771399998,
              40.09270720500007
            ]
          ]
        ]
      },
      "properties": {
        "OBJECTID": 38,
        "Join_Count": 1,
        "TARGET_FID": 394,
        "PARCEL_NO": 250330023,
        "PARCELID": "250330023",
        "PARCELID_LABEL": "25:033:0023",
        "OWNER_NAME": "MINER PROPERTY INVESTMENT LLC",
        "CARE_NAME": null,
        "ACREAGE": 5.155158999999999,
        "SITE_FULL_ADDRESS": null,
        "OWN_FULL_ADDRESS": "742 W TRIPLE CROWN DR  MAPLETON, UT 84664-4868",
        "PROP_TYPE": 900,
        "PROP_TYPE_DESCR": "VACANT",
        "SPECIFIC_PROP_TYPE": 901,
        "SPC_PROP_TYP_DESCR": "Vac Res",
        "ASMT_YEAR": 2026,
        "ASMT_CODE": "V",
        "ASMT_CODE_DESCR": "VACANT",
        "MKT_LAND_VALUE": 241800,
        "MKT_CUR_VALUE": 241800,
        "MKT_PRV_VAL": 241800,
        "MKT_VAL_YR_CHG": 0,
        "MKT_PCT_CHG": 0,
        "GLOBALID": "{4D43C96B-3A44-4111-B7C6-A457C97A0130}",
        "Code": null,
        "Description": "Mixed Use",
        "City": "Spanish Fork",
        "Description_detailed": null,
        "Acres": 131.626,
        "Unit_Rate": null,
        "CityName": null,
        "AdoptedDate": null,
        "Slope_Score": 10,
        "GP_Score": 7,
        "Utilities_Score": 0,
        "Wetlands_Score": 10,
        "Soil_Score": 10,
        "Ownership_Score": 5,
        "Ownership_Type": "Business",
        "Utility_Proximity_Status": "Not Within 1/8 Mile",
        "Final_Score": 6,
        "ELEV_CHANGE": 3.19193051757793,
        "SLOPE": 0.06684958232145131,
        "Join_Count_12": 1,
        "TARGET_FID_12": 12536,
        "Shape_Length_12": null,
        "Shape_Area_12": null,
        "OBJECTID_1_12": null,
        "Join_Count_12_13": null,
        "TARGET_FID_12_13": null,
        "Id": 2073,
        "gridcode": 1,
        "ClassName": "Not Hydric",
        "Shape_Length_12_13": null,
        "Shape_Area_12_13": null,
        "SITE_HOUSE_NUM": "7633",
        "SITE_PRE_DIR": "S",
        "SITE_STREET_NAME": "2000 WEST",
        "MKT_LAND_RES": 171200,
        "MKT_LAND_AGR": 0,
        "MKT_LAND_COM": 0,
        "MKT_IMP_VALUE": 340000,
        "MKT_IMP_RES": 340000,
        "MKT_IMP_AGR": 0,
        "MKT_IMP_COM": 0,
        "Entry": 29103,
        "Year": 2023,
        "Record_Date": 1683504000000,
        "Grantor": "RASMUSSEN, BRIGG RASMUSSEN, JENNIFER",
        "Grantee": "AMERICA FIRST FEDERAL CREDIT UNION",
        "Tax_Address": "NOT APPLICABLE",
        "Serial_Number": "25:033:0035",
        "Serial_Number_Available": "Yes",
        "Detail_URL": "https://www.utahcounty.gov/LandRecords/document.asp?avEntry=29103&avYear=2023",
        "Document_Type": "TR D",
        "Was_REC_": "No",
        "OBJECTID_12": 710,
        "Shape_Length_12_13_14": 710.7655957268018,
        "Shape_Area_12_13_14": 30742.47972953542,
        "DocType": "WD",
        "Shape_Length": 0.00683997345835927,
        "Shape_Area": 2.202241819376774e-06
      }
    },
    {
      "type": "Feature",
      "id": 39,
      "geometry": {
        "type": "Polygon",
        "coordinates": [
          [
            [
              -111.66672039099996,
              40.10794361600006
            ],
            [
              -111.66672039499997,
              40.107943600000056
            ],
            [
              -111.66672973499999,
              40.104600961000074
            ],
            [
              -111.66553881699997,
              40.10390055500005
            ],
            [
              -111.66553143299996,
              40.10794294900006
            ],
            [
              -111.66618397399998,
              40.107943316000046
            ],
            [
              -111.66618532799998,
              40.10755906800006
            ],
            [
              -111.66618735799995,
              40.106982738000056
            ],
            [
              -111.66663412599996,
              40.10698298800003
            ],
            [
              -111.66663209999996,
              40.10755931800003
            ],
            [
              -111.66663074999997,
              40.107943566000074
            ],
            [
              -111.66672039099996,
              40.10794361600006
            ]
          ]
        ]
      },
      "properties": {
        "OBJECTID": 39,
        "Join_Count": 1,
        "TARGET_FID": 429,
        "PARCEL_NO": 250170079,
        "PARCELID": "250170079",
        "PARCELID_LABEL": "25:017:0079",
        "OWNER_NAME": "CHRISTENSEN, RAUL H & JEANETTE V (ET AL)",
        "CARE_NAME": null,
        "ACREAGE": 9.888556,
        "SITE_FULL_ADDRESS": null,
        "OWN_FULL_ADDRESS": "665 W 100 S  SPANISH FORK, UT 84660-4928",
        "PROP_TYPE": 900,
        "PROP_TYPE_DESCR": "VACANT",
        "SPECIFIC_PROP_TYPE": 901,
        "SPC_PROP_TYP_DESCR": "Vac Res",
        "ASMT_YEAR": 2026,
        "ASMT_CODE": "V",
        "ASMT_CODE_DESCR": "VACANT",
        "MKT_LAND_VALUE": 1680500,
        "MKT_CUR_VALUE": 1680500,
        "MKT_PRV_VAL": 1680500,
        "MKT_VAL_YR_CHG": 0,
        "MKT_PCT_CHG": 0,
        "GLOBALID": "{863DC485-D1EA-4D55-96B5-1C88426C59C7}",
        "Code": null,
        "Description": "Medium Density Residential",
        "City": "Spanish Fork",
        "Description_detailed": null,
        "Acres": 60.947,
        "Unit_Rate": null,
        "CityName": null,
        "AdoptedDate": null,
        "Slope_Score": 10,
        "GP_Score": 8,
        "Utilities_Score": 5,
        "Wetlands_Score": 10,
        "Soil_Score": 10,
        "Ownership_Score": 10,
        "Ownership_Type": "Private",
        "Utility_Proximity_Status": "Unknown - No Data",
        "Final_Score": 8.25,
        "ELEV_CHANGE": 0.9195323046878912,
        "SLOPE": 0.1800750472330666,
        "Join_Count_12": 1,
        "TARGET_FID_12": 12777,
        "Shape_Length_12": null,
        "Shape_Area_12": null,
        "OBJECTID_1_12": null,
        "Join_Count_12_13": null,
        "TARGET_FID_12_13": null,
        "Id": 2073,
        "gridcode": 1,
        "ClassName": "Not Hydric",
        "Shape_Length_12_13": null,
        "Shape_Area_12_13": null,
        "SITE_HOUSE_NUM": "719",
        "SITE_PRE_DIR": "W",
        "SITE_STREET_NAME": "180 SOUTH",
        "MKT_LAND_RES": 186500,
        "MKT_LAND_AGR": 0,
        "MKT_LAND_COM": 0,
        "MKT_IMP_VALUE": 270600,
        "MKT_IMP_RES": 270600,
        "MKT_IMP_AGR": 0,
        "MKT_IMP_COM": 0,
        "Entry": 40666,
        "Year": 2024,
        "Record_Date": 1718841600000,
        "Grantor": "HALL, MINDY HALL, JUSTIN R",
        "Grantee": "AMERICA FIRST FEDERAL CREDIT UNION",
        "Tax_Address": "NOT APPLICABLE",
        "Serial_Number": "54:193:0174",
        "Serial_Number_Available": "Yes",
        "Detail_URL": "https://www.utahcounty.gov/LandRecords/document.asp?avEntry=40666&avYear=2024",
        "Document_Type": "TR D",
        "Was_REC_": "No",
        "OBJECTID_12": 3175,
        "Shape_Length_12_13_14": 438.1772182479159,
        "Shape_Area_12_13_14": 11033.098440946274,
        "DocType": "WD",
        "Shape_Length": 0.01187680028092043,
        "Shape_Area": 3.967654488431648e-06
      }
    },
    {
      "type": "Feature",
      "id": 40,
      "geometry": {
        "type": "Polygon",
        "coordinates": [
          [
            [
              -111.70318420299998,
              40.077905447000035
            ],
            [
              -111.70318421199994,
              40.07790545600005
            ],
            [
              -111.70692380099996,
              40.07786566500005
            ],
            [
              -111.70693996799997,
              40.07607643000006
            ],
            [
              -111.70811216399994,
              40.07606716300006
            ],
            [
              -111.70812435299996,
              40.07419936000008
            ],
            [
              -111.70561746399994,
              40.07420381400004
            ],
            [
              -111.70561979999997,
              40.07498425000006
            ],
            [
              -111.70314917999997,
              40.074988587000064
            ],
            [
              -111.70318420299998,
              40.077905447000035
            ]
          ]
        ]
      },
      "properties": {
        "OBJECTID": 40,
        "Join_Count": 1,
        "TARGET_FID": 491,
        "PARCEL_NO": 250580040,
        "PARCELID": "250580040",
        "PARCELID_LABEL": "25:058:0040",
        "OWNER_NAME": "WOODSIDE HOMES OF UTAH LLC",
        "CARE_NAME": null,
        "ACREAGE": 33.165344,
        "SITE_FULL_ADDRESS": "1238 N 1750 WEST, SALEM, UT",
        "OWN_FULL_ADDRESS": "460 W 50 N STE 300  SALT LAKE CITY, UT 84101",
        "PROP_TYPE": 900,
        "PROP_TYPE_DESCR": "VACANT",
        "SPECIFIC_PROP_TYPE": 901,
        "SPC_PROP_TYP_DESCR": "Vac Res",
        "ASMT_YEAR": 2026,
        "ASMT_CODE": "V",
        "ASMT_CODE_DESCR": "VACANT",
        "MKT_LAND_VALUE": 4424400,
        "MKT_CUR_VALUE": 4424400,
        "MKT_PRV_VAL": 4424400,
        "MKT_VAL_YR_CHG": 0,
        "MKT_PCT_CHG": 0,
        "GLOBALID": "{A23CA0EE-7217-4FA5-A1BE-51C28A8BCE77}",
        "Code": null,
        "Description": "Medium Density Residential",
        "City": "Salem",
        "Description_detailed": null,
        "Acres": 6.97,
        "Unit_Rate": null,
        "CityName": null,
        "AdoptedDate": null,
        "Slope_Score": 10,
        "GP_Score": 8,
        "Utilities_Score": 0,
        "Wetlands_Score": 10,
        "Soil_Score": 10,
        "Ownership_Score": 5,
        "Ownership_Type": "Business",
        "Utility_Proximity_Status": "Not Within 1/8 Mile",
        "Final_Score": 6.25,
        "ELEV_CHANGE": 2.860322177733906,
        "SLOPE": 0.2051267247317233,
        "Join_Count_12": 3,
        "TARGET_FID_12": 13215,
        "Shape_Length_12": null,
        "Shape_Area_12": null,
        "OBJECTID_1_12": null,
        "Join_Count_12_13": null,
        "TARGET_FID_12_13": null,
        "Id": 2073,
        "gridcode": 1,
        "ClassName": "Not Hydric",
        "Shape_Length_12_13": null,
        "Shape_Area_12_13": null,
        "SITE_HOUSE_NUM": "1388",
        "SITE_PRE_DIR": "N",
        "SITE_STREET_NAME": "1750 WEST",
        "MKT_LAND_RES": 248000,
        "MKT_LAND_AGR": 173800,
        "MKT_LAND_COM": 0,
        "MKT_IMP_VALUE": 199700,
        "MKT_IMP_RES": 199700,
        "MKT_IMP_AGR": 0,
        "MKT_IMP_COM": 0,
        "Entry": 73078,
        "Year": 2023,
        "Record_Date": 1699315200000,
        "Grantor": "RED AND BROWN OREM LLC",
        "Grantee": "KEARNS, MARY ELLEN TEE KEARNS, SHAWN LEIGH TEE MARY ELLEN KEARNS TRUST 07-16-2013 THE 35% INT TAPESTRY HOMES LLC 65% INT",
        "Tax_Address": "NOT APPLICABLE",
        "Serial_Number": "25:058:0012",
        "Serial_Number_Available": "Yes",
        "Detail_URL": "https://www.utahcounty.gov/LandRecords/document.asp?avEntry=73078&avYear=2023",
        "Document_Type": "TR D",
        "Was_REC_": "No",
        "OBJECTID_12": 1852,
        "Shape_Length_12_13_14": 1698.313177127675,
        "Shape_Area_12_13_14": 128406.49806620232,
        "DocType": "WD",
        "Shape_Length": 0.017244223373781876,
        "Shape_Area": 1.416550030091465e-05
      }
    },
    {
      "type": "Feature",
      "id": 41,
      "geometry": {
        "type": "Polygon",
        "coordinates": [
          [
            [
              -111.56722563299996,
              40.133605198000055
            ],
            [
              -111.56722569199997,
              40.13360520900005
            ],
            [
              -111.56722428499995,
              40.133070574000044
            ],
            [
              -111.56614184299997,
              40.133071193000035
            ],
            [
              -111.56614064099995,
              40.13337969000003
            ],
            [
              -111.56673184299996,
              40.13338184400004
            ],
            [
              -111.56682045299999,
              40.13338926900008
            ],
            [
              -111.566817346,
              40.13360543300007
            ],
            [
              -111.56722563299996,
              40.133605198000055
            ]
          ]
        ]
      },
      "properties": {
        "OBJECTID": 41,
        "Join_Count": 1,
        "TARGET_FID": 542,
        "PARCEL_NO": 260670064,
        "PARCELID": "260670064",
        "PARCELID_LABEL": "26:067:0064",
        "OWNER_NAME": "PADGETT, TRACY",
        "CARE_NAME": null,
        "ACREAGE": 1,
        "SITE_FULL_ADDRESS": null,
        "OWN_FULL_ADDRESS": "853 N 1140 W  MAPLETON, UT 84664-3232",
        "PROP_TYPE": 900,
        "PROP_TYPE_DESCR": "VACANT",
        "SPECIFIC_PROP_TYPE": 901,
        "SPC_PROP_TYP_DESCR": "Vac Res",
        "ASMT_YEAR": 2026,
        "ASMT_CODE": "V",
        "ASMT_CODE_DESCR": "VACANT",
        "MKT_LAND_VALUE": 84900,
        "MKT_CUR_VALUE": 84900,
        "MKT_PRV_VAL": 84900,
        "MKT_VAL_YR_CHG": 0,
        "MKT_PCT_CHG": 0,
        "GLOBALID": "{59CBE894-0A78-4622-A09F-2D32884A6710}",
        "Code": "MDR",
        "Description": "Medium Density Residential",
        "City": "Mapleton",
        "Description_detailed": null,
        "Acres": 1527.26703,
        "Unit_Rate": null,
        "CityName": null,
        "AdoptedDate": null,
        "Slope_Score": 10,
        "GP_Score": 8,
        "Utilities_Score": 10,
        "Wetlands_Score": 10,
        "Soil_Score": 10,
        "Ownership_Score": 10,
        "Ownership_Type": "Private",
        "Utility_Proximity_Status": "Within 1/8 Mile",
        "Final_Score": 9.5,
        "ELEV_CHANGE": 18.85722062988316,
        "SLOPE": 2.7838611342358255,
        "Join_Count_12": 1,
        "TARGET_FID_12": 13852,
        "Shape_Length_12": null,
        "Shape_Area_12": null,
        "OBJECTID_1_12": null,
        "Join_Count_12_13": null,
        "TARGET_FID_12_13": null,
        "Id": 2073,
        "gridcode": 1,
        "ClassName": "Not Hydric",
        "Shape_Length_12_13": null,
        "Shape_Area_12_13": null,
        "SITE_HOUSE_NUM": "1070",
        "SITE_PRE_DIR": "E",
        "SITE_STREET_NAME": "400 NORTH",
        "MKT_LAND_RES": 293400,
        "MKT_LAND_AGR": 0,
        "MKT_LAND_COM": 0,
        "MKT_IMP_VALUE": 156600,
        "MKT_IMP_RES": 156600,
        "MKT_IMP_AGR": 0,
        "MKT_IMP_COM": 0,
        "Entry": 40601,
        "Year": 2025,
        "Record_Date": 1748822400000,
        "Grantor": "MILLER, MICKIE EGBERT, RANDY",
        "Grantee": "AMERICA FIRST FEDERAL CREDIT UNION",
        "Tax_Address": "NOT APPLICABLE",
        "Serial_Number": "26:067:0129",
        "Serial_Number_Available": "Yes",
        "Detail_URL": "https://www.utahcounty.gov/LandRecords/document.asp?avEntry=40601&avYear=2025",
        "Document_Type": "TR D",
        "Was_REC_": "No",
        "OBJECTID_12": 4972,
        "Shape_Length_12_13_14": 658.5408889492,
        "Shape_Area_12_13_14": 23576.58204510657,
        "DocType": "WD",
        "Shape_Length": 0.003230238247784683,
        "Shape_Area": 4.274335888673916e-07
      }
    },
    {
      "type": "Feature",
      "id": 42,
      "geometry": {
        "type": "Polygon",
        "coordinates": [
          [
            [
              -111.64923300899994,
              40.09233655300005
            ],
            [
              -111.64908132399995,
              40.090227094000056
            ],
            [
              -111.64804069499996,
              40.09096186200003
            ],
            [
              -111.64767764299995,
              40.09217147500004
            ],
            [
              -111.64923300899994,
              40.09233655300005
            ]
          ]
        ]
      },
      "properties": {
        "OBJECTID": 42,
        "Join_Count": 1,
        "TARGET_FID": 579,
        "PARCEL_NO": 270400031,
        "PARCELID": "270400031",
        "PARCELID_LABEL": "27:040:0031",
        "OWNER_NAME": "STEPHENSON, WILBUR A (ET AL)",
        "CARE_NAME": "%STEPHENSON, CRAIG",
        "ACREAGE": 4.97,
        "SITE_FULL_ADDRESS": null,
        "OWN_FULL_ADDRESS": "%STEPHENSON, CRAIG  PO BOX 910933  SAINT GEORGE, UT 84790",
        "PROP_TYPE": 900,
        "PROP_TYPE_DESCR": "VACANT",
        "SPECIFIC_PROP_TYPE": 901,
        "SPC_PROP_TYP_DESCR": "Vac Res",
        "ASMT_YEAR": 2026,
        "ASMT_CODE": "V",
        "ASMT_CODE_DESCR": "VACANT",
        "MKT_LAND_VALUE": 383900,
        "MKT_CUR_VALUE": 383900,
        "MKT_PRV_VAL": 383900,
        "MKT_VAL_YR_CHG": 0,
        "MKT_PCT_CHG": 0,
        "GLOBALID": "{211B7CE8-0DC5-4500-9E8C-ACA1A750508C}",
        "Code": null,
        "Description": "Medium Density Residential",
        "City": "Spanish Fork",
        "Description_detailed": null,
        "Acres": 870.516,
        "Unit_Rate": null,
        "CityName": null,
        "AdoptedDate": null,
        "Slope_Score": 10,
        "GP_Score": 8,
        "Utilities_Score": 0,
        "Wetlands_Score": 10,
        "Soil_Score": 10,
        "Ownership_Score": 10,
        "Ownership_Type": "Private",
        "Utility_Proximity_Status": "Not Within 1/8 Mile",
        "Final_Score": 7,
        "ELEV_CHANGE": 4.3797932421875885,
        "SLOPE": 0.43981375397125383,
        "Join_Count_12": 1,
        "TARGET_FID_12": 14159,
        "Shape_Length_12": null,
        "Shape_Area_12": null,
        "OBJECTID_1_12": null,
        "Join_Count_12_13": null,
        "TARGET_FID_12_13": null,
        "Id": 2073,
        "gridcode": 1,
        "ClassName": "Not Hydric",
        "Shape_Length_12_13": null,
        "Shape_Area_12_13": null,
        "SITE_HOUSE_NUM": "198",
        "SITE_PRE_DIR": "E",
        "SITE_STREET_NAME": "7650 SOUTH",
        "MKT_LAND_RES": 223300,
        "MKT_LAND_AGR": 328300,
        "MKT_LAND_COM": 0,
        "MKT_IMP_VALUE": 482500,
        "MKT_IMP_RES": 482500,
        "MKT_IMP_AGR": 0,
        "MKT_IMP_COM": 0,
        "Entry": 49897,
        "Year": 2023,
        "Record_Date": 1690848000000,
        "Grantor": "ELLSWORTH, DAVID G ELLSWORTH, CHRISTINE S",
        "Grantee": "M&M LARSEN FAMILY TRUST",
        "Tax_Address": "NOT APPLICABLE",
        "Serial_Number": "27:040:0030",
        "Serial_Number_Available": "Yes",
        "Detail_URL": "https://www.utahcounty.gov/LandRecords/document.asp?avEntry=49897&avYear=2023",
        "Document_Type": "TR D",
        "Was_REC_": "No",
        "OBJECTID_12": 1227,
        "Shape_Length_12_13_14": 2385.999182684603,
        "Shape_Area_12_13_14": 228549.57043391914,
        "DocType": "WD",
        "Shape_Length": 0.006215817466378367,
        "Shape_Area": 2.1239701625909117e-06
      }
    },
    {
      "type": "Feature",
      "id": 43,
      "geometry": {
        "type": "Polygon",
        "coordinates": [
          [
            [
              -111.59795878999995,
              40.12209310800006
            ],
            [
              -111.59795978999995,
              40.12279387700005
            ],
            [
              -111.59822609199995,
              40.12279365300003
            ],
            [
              -111.59836219445785,
              40.122790958993946
            ],
            [
              -111.59849808312387,
              40.12278287152429
            ],
            [
              -111.59863354435014,
              40.12276940330639
            ],
            [
              -111.59876836516085,
              40.12275057551536
            ],
            [
              -111.59890233358706,
              40.12272641775276
            ],
            [
              -111.59903523899999,
              40.12269696800007
            ],
            [
              -111.59903119799998,
              40.12205161600008
            ],
            [
              -111.59795878999995,
              40.12209310800006
            ]
          ]
        ]
      },
      "properties": {
        "OBJECTID": 43,
        "Join_Count": 1,
        "TARGET_FID": 595,
        "PARCEL_NO": 270080043,
        "PARCELID": "270080043",
        "PARCELID_LABEL": "27:008:0043",
        "OWNER_NAME": "R & C SUMSION PROPERTIES LLC",
        "CARE_NAME": null,
        "ACREAGE": 1.7524659999999999,
        "SITE_FULL_ADDRESS": null,
        "OWN_FULL_ADDRESS": "548 S 700 W  MAPLETON, UT 84664",
        "PROP_TYPE": 903,
        "PROP_TYPE_DESCR": "VACANT COMMERCIAL",
        "SPECIFIC_PROP_TYPE": 905,
        "SPC_PROP_TYP_DESCR": "Vac Com Lot",
        "ASMT_YEAR": 2026,
        "ASMT_CODE": "V",
        "ASMT_CODE_DESCR": "VACANT",
        "MKT_LAND_VALUE": 993500,
        "MKT_CUR_VALUE": 993500,
        "MKT_PRV_VAL": 993500,
        "MKT_VAL_YR_CHG": 0,
        "MKT_PCT_CHG": 0,
        "GLOBALID": "{241FFB78-E6CB-4E27-909C-0F6A4FBAD65F}",
        "Code": "HDR",
        "Description": "Mixed Use Transition",
        "City": "Mapleton",
        "Description_detailed": null,
        "Acres": 81.461605,
        "Unit_Rate": null,
        "CityName": null,
        "AdoptedDate": null,
        "Slope_Score": 10,
        "GP_Score": 7,
        "Utilities_Score": 10,
        "Wetlands_Score": 10,
        "Soil_Score": 10,
        "Ownership_Score": 5,
        "Ownership_Type": "Business",
        "Utility_Proximity_Status": "Within 1/8 Mile",
        "Final_Score": 8.5,
        "ELEV_CHANGE": 0.2595195703124773,
        "SLOPE": 0.05338009010857114,
        "Join_Count_12": 2,
        "TARGET_FID_12": 14415,
        "Shape_Length_12": null,
        "Shape_Area_12": null,
        "OBJECTID_1_12": null,
        "Join_Count_12_13": null,
        "TARGET_FID_12_13": null,
        "Id": 2073,
        "gridcode": 1,
        "ClassName": "Not Hydric",
        "Shape_Length_12_13": null,
        "Shape_Area_12_13": null,
        "SITE_HOUSE_NUM": null,
        "SITE_PRE_DIR": null,
        "SITE_STREET_NAME": null,
        "MKT_LAND_RES": 0,
        "MKT_LAND_AGR": 0,
        "MKT_LAND_COM": 993500,
        "MKT_IMP_VALUE": 0,
        "MKT_IMP_RES": 0,
        "MKT_IMP_AGR": 0,
        "MKT_IMP_COM": 0,
        "Entry": 40846,
        "Year": 2023,
        "Record_Date": 1687478400000,
        "Grantor": "R & C SUMSION PROPERTIES LLC",
        "Grantee": "DANSKE CAPITAL LLC",
        "Tax_Address": "NOT APPLICABLE",
        "Serial_Number": "27:008:0043",
        "Serial_Number_Available": "Yes",
        "Detail_URL": "https://www.utahcounty.gov/LandRecords/document.asp?avEntry=40846&avYear=2023",
        "Document_Type": "TR D",
        "Was_REC_": "No",
        "OBJECTID_12": 1007,
        "Shape_Length_12_13_14": 1094.969119037695,
        "Shape_Area_12_13_14": 76291.22237942512,
        "DocType": "WD",
        "Shape_Length": 0.003502475055091797,
        "Shape_Area": 7.489676735555669e-07
      }
    },
    {
      "type": "Feature",
      "id": 44,
      "geometry": {
        "type": "Polygon",
        "coordinates": [
          [
            [
              -111.65522611299997,
              40.09481002600006
            ],
            [
              -111.65522612999996,
              40.09481002800004
            ],
            [
              -111.65523486299998,
              40.09456223900003
            ],
            [
              -111.65494792499999,
              40.09405605300003
            ],
            [
              -111.65449989999996,
              40.09333838400005
            ],
            [
              -111.65203734099998,
              40.09401176700004
            ],
            [
              -111.65299419399997,
              40.09514893900007
            ],
            [
              -111.65522611299997,
              40.09481002600006
            ]
          ]
        ]
      },
      "properties": {
        "OBJECTID": 44,
        "Join_Count": 1,
        "TARGET_FID": 600,
        "PARCEL_NO": 270410049,
        "PARCELID": "270410049",
        "PARCELID_LABEL": "27:041:0049",
        "OWNER_NAME": "MCKELL, BARBARA BERRETT (ET AL)",
        "CARE_NAME": null,
        "ACREAGE": 8.409272999999999,
        "SITE_FULL_ADDRESS": null,
        "OWN_FULL_ADDRESS": "1753 FAIRWAY LN  SPANISH FORK, UT 84660",
        "PROP_TYPE": 900,
        "PROP_TYPE_DESCR": "VACANT",
        "SPECIFIC_PROP_TYPE": 901,
        "SPC_PROP_TYP_DESCR": "Vac Res",
        "ASMT_YEAR": 2026,
        "ASMT_CODE": "V",
        "ASMT_CODE_DESCR": "VACANT",
        "MKT_LAND_VALUE": 649200,
        "MKT_CUR_VALUE": 649200,
        "MKT_PRV_VAL": 649200,
        "MKT_VAL_YR_CHG": 0,
        "MKT_PCT_CHG": 0,
        "GLOBALID": "{40D6BD12-7828-4E90-A5F1-3D4C11232194}",
        "Code": null,
        "Description": "Mixed Use",
        "City": "Spanish Fork",
        "Description_detailed": null,
        "Acres": 13.193,
        "Unit_Rate": null,
        "CityName": null,
        "AdoptedDate": null,
        "Slope_Score": 10,
        "GP_Score": 7,
        "Utilities_Score": 5,
        "Wetlands_Score": 0,
        "Soil_Score": 10,
        "Ownership_Score": 10,
        "Ownership_Type": "Private",
        "Utility_Proximity_Status": "Unknown - No Data",
        "Final_Score": 6.5,
        "ELEV_CHANGE": 5.003761591797229,
        "SLOPE": 0.36790567905958627,
        "Join_Count_12": 2,
        "TARGET_FID_12": 14696,
        "Shape_Length_12": null,
        "Shape_Area_12": null,
        "OBJECTID_1_12": null,
        "Join_Count_12_13": null,
        "TARGET_FID_12_13": null,
        "Id": 2073,
        "gridcode": 1,
        "ClassName": "Not Hydric",
        "Shape_Length_12_13": null,
        "Shape_Area_12_13": null,
        "SITE_HOUSE_NUM": "1225",
        "SITE_PRE_DIR": "S",
        "SITE_STREET_NAME": "MAIN",
        "MKT_LAND_RES": 0,
        "MKT_LAND_AGR": 0,
        "MKT_LAND_COM": 916900,
        "MKT_IMP_VALUE": 1983300,
        "MKT_IMP_RES": 0,
        "MKT_IMP_AGR": 0,
        "MKT_IMP_COM": 1983300,
        "Entry": 5731,
        "Year": 2025,
        "Record_Date": 1737936000000,
        "Grantor": "MABEY, BRAD H SHEPHERD, ASHLEY MABEY FARMS LLC",
        "Grantee": "MABEY FARMS LLC",
        "Tax_Address": "NOT APPLICABLE",
        "Serial_Number": "25:027:0122",
        "Serial_Number_Available": "Yes",
        "Detail_URL": "https://www.utahcounty.gov/LandRecords/document.asp?avEntry=5731&avYear=2025",
        "Document_Type": "TR D",
        "Was_REC_": "No",
        "OBJECTID_12": 4228,
        "Shape_Length_12_13_14": 1439.8330417099357,
        "Shape_Area_12_13_14": 90116.6450153733,
        "DocType": "WD",
        "Shape_Length": 0.007972502199750457,
        "Shape_Area": 3.5945375837872004e-06
      }
    },
    {
      "type": "Feature",
      "id": 45,
      "geometry": {
        "type": "Polygon",
        "coordinates": [
          [
            [
              -111.59285490399998,
              40.10093612400004
            ],
            [
              -111.58804737999998,
              40.10096664100007
            ],
            [
              -111.58806115799996,
              40.10274524100004
            ],
            [
              -111.59286163199994,
              40.10271477600003
            ],
            [
              -111.59285490399998,
              40.10093612400004
            ]
          ]
        ]
      },
      "properties": {
        "OBJECTID": 45,
        "Join_Count": 1,
        "TARGET_FID": 601,
        "PARCEL_NO": 270330226,
        "PARCELID": "270330226",
        "PARCELID_LABEL": "27:033:0226",
        "OWNER_NAME": "MAPLE SUMMIT LLC",
        "CARE_NAME": null,
        "ACREAGE": 19.988757,
        "SITE_FULL_ADDRESS": null,
        "OWN_FULL_ADDRESS": "2503 S LOOKOUT RIDGE DR  MAPLETON, UT 84664",
        "PROP_TYPE": 900,
        "PROP_TYPE_DESCR": "VACANT",
        "SPECIFIC_PROP_TYPE": 901,
        "SPC_PROP_TYP_DESCR": "Vac Res",
        "ASMT_YEAR": 2026,
        "ASMT_CODE": "V",
        "ASMT_CODE_DESCR": "VACANT",
        "MKT_LAND_VALUE": 3395700,
        "MKT_CUR_VALUE": 3395700,
        "MKT_PRV_VAL": 3395700,
        "MKT_VAL_YR_CHG": 0,
        "MKT_PCT_CHG": 0,
        "GLOBALID": "{00EA027C-4A7C-423C-8763-B0048A6A58A1}",
        "Code": "MDR",
        "Description": "Medium Density Residential",
        "City": "Mapleton",
        "Description_detailed": null,
        "Acres": 1527.26703,
        "Unit_Rate": null,
        "CityName": null,
        "AdoptedDate": null,
        "Slope_Score": 7,
        "GP_Score": 8,
        "Utilities_Score": 10,
        "Wetlands_Score": 10,
        "Soil_Score": 10,
        "Ownership_Score": 5,
        "Ownership_Type": "Business",
        "Utility_Proximity_Status": "Within 1/8 Mile",
        "Final_Score": 8.45,
        "ELEV_CHANGE": 21.644653051757814,
        "SLOPE": 5.284823938358143,
        "Join_Count_12": 1,
        "TARGET_FID_12": 14719,
        "Shape_Length_12": null,
        "Shape_Area_12": null,
        "OBJECTID_1_12": null,
        "Join_Count_12_13": null,
        "TARGET_FID_12_13": null,
        "Id": 2073,
        "gridcode": 1,
        "ClassName": "Not Hydric",
        "Shape_Length_12_13": null,
        "Shape_Area_12_13": null,
        "SITE_HOUSE_NUM": "894",
        "SITE_PRE_DIR": "W",
        "SITE_STREET_NAME": "UNION BENCH",
        "MKT_LAND_RES": 279500,
        "MKT_LAND_AGR": 0,
        "MKT_LAND_COM": 0,
        "MKT_IMP_VALUE": 611300,
        "MKT_IMP_RES": 611300,
        "MKT_IMP_AGR": 0,
        "MKT_IMP_COM": 0,
        "Entry": 74751,
        "Year": 2023,
        "Record_Date": 1700006400000,
        "Grantor": "LAING, CRAIG LAING, MEGAN",
        "Grantee": "AMERICA FIRST FEDERAL CREDIT UNION",
        "Tax_Address": "NOT APPLICABLE",
        "Serial_Number": "67:118:0056",
        "Serial_Number_Available": "Yes",
        "Detail_URL": "https://www.utahcounty.gov/LandRecords/document.asp?avEntry=74751&avYear=2023",
        "Document_Type": "TR D",
        "Was_REC_": "No",
        "OBJECTID_12": 1887,
        "Shape_Length_12_13_14": 450.3497344411936,
        "Shape_Area_12_13_14": 11756.36308195972,
        "DocType": "WD",
        "Shape_Length": 0.013165509614360072,
        "Shape_Area": 8.544830149458335e-06
      }
    },
    {
      "type": "Feature",
      "id": 46,
      "geometry": {
        "type": "Polygon",
        "coordinates": [
          [
            [
              -111.65089679299996,
              40.09556535400003
            ],
            [
              -111.65089676799994,
              40.09556537800006
            ],
            [
              -111.65037664899995,
              40.09554481300006
            ],
            [
              -111.65037112320769,
              40.095544483262884
            ],
            [
              -111.65036561818715,
              40.09554506451635
            ],
            [
              -111.65036028310773,
              40.09554654101025
            ],
            [
              -111.6503552625339,
              40.09554887273608
            ],
            [
              -111.65035069250806,
              40.09555199651111
            ],
            [
              -111.65034669686405,
              40.09555582769051
            ],
            [
              -111.6503433838717,
              40.095560262460914
            ],
            [
              -111.65034084330311,
              40.095565180653466
            ],
            [
              -111.65033914399999,
              40.095570449000036
            ],
            [
              -111.65032401199994,
              40.09574955900007
            ],
            [
              -111.65006346099995,
              40.09574302300007
            ],
            [
              -111.65006493599998,
              40.09569605200005
            ],
            [
              -111.65006392498266,
              40.0956910643255
            ],
            [
              -111.6500621422428,
              40.095686297681816
            ],
            [
              -111.65005963213785,
              40.095681870670795
            ],
            [
              -111.65005645712328,
              40.09567789344363
            ],
            [
              -111.65005269619859,
              40.09567446496017
            ],
            [
              -111.65004844294165,
              40.09567167052661
            ],
            [
              -111.6500438031804,
              40.09566957967299
            ],
            [
              -111.65003889235958,
              40.09566824442313
            ],
            [
              -111.65003383266833,
              40.09566769800019
            ],
            [
              -111.65002874999999,
              40.09566795400008
            ],
            [
              -111.64990825999996,
              40.09566916600005
            ],
            [
              -111.64989473999998,
              40.09546252300004
            ],
            [
              -111.64932028399994,
              40.095475273000034
            ],
            [
              -111.64931681999997,
              40.09549612600006
            ],
            [
              -111.64932200099997,
              40.09566074400004
            ],
            [
              -111.64932728989945,
              40.09566056586781
            ],
            [
              -111.64933254206217,
              40.09566121315087
            ],
            [
              -111.64933762945583,
              40.09566267007035
            ],
            [
              -111.6493424280647,
              40.09566490111082
            ],
            [
              -111.64934682091277,
              40.09566785188608
            ],
            [
              -111.64935070091526,
              40.095671450464856
            ],
            [
              -111.64935397348914,
              40.09567560912437
            ],
            [
              -111.64935655885861,
              40.095680226488696
            ],
            [
              -111.64935839399999,
              40.09568519000004
            ],
            [
              -111.64943408199997,
              40.09621464800006
            ],
            [
              -111.64948730999998,
              40.09622224200007
            ],
            [
              -111.64954845699998,
              40.09664997200008
            ],
            [
              -111.65079882599997,
              40.096843689000025
            ],
            [
              -111.65083986899998,
              40.096339863000026
            ],
            [
              -111.65089679299996,
              40.09556535400003
            ]
          ]
        ]
      },
      "properties": {
        "OBJECTID": 46,
        "Join_Count": 1,
        "TARGET_FID": 605,
        "PARCEL_NO": 270410072,
        "PARCELID": "270410072",
        "PARCELID_LABEL": "27:041:0072",
        "OWNER_NAME": "BLIND SLOUGH LLC",
        "CARE_NAME": null,
        "ACREAGE": 3.881582,
        "SITE_FULL_ADDRESS": null,
        "OWN_FULL_ADDRESS": "791 N 100 E # 100  LEHI, UT 84043",
        "PROP_TYPE": 900,
        "PROP_TYPE_DESCR": "VACANT",
        "SPECIFIC_PROP_TYPE": 901,
        "SPC_PROP_TYP_DESCR": "Vac Res",
        "ASMT_YEAR": 2026,
        "ASMT_CODE": "V",
        "ASMT_CODE_DESCR": "VACANT",
        "MKT_LAND_VALUE": 659600,
        "MKT_CUR_VALUE": 659600,
        "MKT_PRV_VAL": 659600,
        "MKT_VAL_YR_CHG": 0,
        "MKT_PCT_CHG": 0,
        "GLOBALID": "{F6C03ED5-ACD9-40D3-AF4D-5E278D15AA35}",
        "Code": null,
        "Description": "Medium Density Residential",
        "City": "Spanish Fork",
        "Description_detailed": null,
        "Acres": 870.516,
        "Unit_Rate": null,
        "CityName": null,
        "AdoptedDate": null,
        "Slope_Score": 10,
        "GP_Score": 8,
        "Utilities_Score": 5,
        "Wetlands_Score": 10,
        "Soil_Score": 10,
        "Ownership_Score": 5,
        "Ownership_Type": "Business",
        "Utility_Proximity_Status": "Unknown - No Data",
        "Final_Score": 7.5,
        "ELEV_CHANGE": 5.42387892089846,
        "SLOPE": 0.34296560023573824,
        "Join_Count_12": 1,
        "TARGET_FID_12": 14777,
        "Shape_Length_12": null,
        "Shape_Area_12": null,
        "OBJECTID_1_12": null,
        "Join_Count_12_13": null,
        "TARGET_FID_12_13": null,
        "Id": 2073,
        "gridcode": 1,
        "ClassName": "Not Hydric",
        "Shape_Length_12_13": null,
        "Shape_Area_12_13": null,
        "SITE_HOUSE_NUM": " ",
        "SITE_PRE_DIR": null,
        "SITE_STREET_NAME": null,
        "MKT_LAND_RES": 0,
        "MKT_LAND_AGR": 753700,
        "MKT_LAND_COM": 0,
        "MKT_IMP_VALUE": 900,
        "MKT_IMP_RES": 0,
        "MKT_IMP_AGR": 900,
        "MKT_IMP_COM": 0,
        "Entry": 58323,
        "Year": 2024,
        "Record_Date": 1724803200000,
        "Grantor": "BLIND SLOUGH LLC",
        "Grantee": "WARNER PROPERTY LLC",
        "Tax_Address": "NOT APPLICABLE",
        "Serial_Number": "27:041:0086",
        "Serial_Number_Available": "Yes",
        "Detail_URL": "https://www.utahcounty.gov/LandRecords/document.asp?avEntry=58323&avYear=2024",
        "Document_Type": "TR D",
        "Was_REC_": "No",
        "OBJECTID_12": 3490,
        "Shape_Length_12_13_14": 1944.536945901251,
        "Shape_Area_12_13_14": 193177.7514762786,
        "DocType": "WD",
        "Shape_Length": 0.005812513807622522,
        "Shape_Area": 1.659186138497712e-06
      }
    },
    {
      "type": "Feature",
      "id": 47,
      "geometry": {
        "type": "Polygon",
        "coordinates": [
          [
            [
              -111.65089704199994,
              40.09556418500006
            ],
            [
              -111.65089696699994,
              40.09556415000003
            ],
            [
              -111.65093788399997,
              40.09500741700003
            ],
            [
              -111.65099388499999,
              40.09419897300006
            ],
            [
              -111.65072353899996,
              40.094187927000064
            ],
            [
              -111.65041983599997,
              40.094120377000024
            ],
            [
              -111.64953471199999,
              40.094082324000055
            ],
            [
              -111.64953498299997,
              40.09420722500005
            ],
            [
              -111.64953485599995,
              40.09420727500003
            ],
            [
              -111.64938157699999,
              40.09510606500004
            ],
            [
              -111.64932043999994,
              40.09547407800005
            ],
            [
              -111.64989497299996,
              40.095461327000066
            ],
            [
              -111.64990849199995,
              40.09566797100007
            ],
            [
              -111.65002898299997,
              40.09566675900004
            ],
            [
              -111.65003406574768,
              40.095666503056584
            ],
            [
              -111.65003912550775,
              40.09566704955377
            ],
            [
              -111.65004403638329,
              40.09566838489366
            ],
            [
              -111.65004867618192,
              40.09567047585034
            ],
            [
              -111.65005292945622,
              40.095673270396645
            ],
            [
              -111.65005669037622,
              40.09567669899868
            ],
            [
              -111.65005986536276,
              40.095680676346
            ],
            [
              -111.65006237541583,
              40.09568510347428
            ],
            [
              -111.65006415808031,
              40.095689870227744
            ],
            [
              -111.65006516899996,
              40.09569485800006
            ],
            [
              -111.65006369399998,
              40.095741830000065
            ],
            [
              -111.65032424799995,
              40.095748366000066
            ],
            [
              -111.65033937899994,
              40.09556925500004
            ],
            [
              -111.65034107820675,
              40.09556398672809
            ],
            [
              -111.65034361866807,
              40.095559068593346
            ],
            [
              -111.65034693154513,
              40.09555463386238
            ],
            [
              -111.65035092706896,
              40.09555080270296
            ],
            [
              -111.65035549697296,
              40.09554767892793
            ],
            [
              -111.65036051742659,
              40.09554534718212
            ],
            [
              -111.65036585239073,
              40.09554387064878
            ],
            [
              -111.65037135730402,
              40.095543289337506
            ],
            [
              -111.65037688299998,
              40.09554361900007
            ],
            [
              -111.65089704199994,
              40.09556418500006
            ]
          ]
        ]
      },
      "properties": {
        "OBJECTID": 47,
        "Join_Count": 1,
        "TARGET_FID": 612,
        "PARCEL_NO": 270410088,
        "PARCELID": "270410088",
        "PARCELID_LABEL": "27:041:0088",
        "OWNER_NAME": "BLIND SLOUGH LLC",
        "CARE_NAME": null,
        "ACREAGE": 5.117248,
        "SITE_FULL_ADDRESS": null,
        "OWN_FULL_ADDRESS": "791 N 100 E # 100  LEHI, UT 84043",
        "PROP_TYPE": 900,
        "PROP_TYPE_DESCR": "VACANT",
        "SPECIFIC_PROP_TYPE": 901,
        "SPC_PROP_TYP_DESCR": "Vac Res",
        "ASMT_YEAR": 2026,
        "ASMT_CODE": "V",
        "ASMT_CODE_DESCR": "VACANT",
        "MKT_LAND_VALUE": 869600,
        "MKT_CUR_VALUE": 869600,
        "MKT_PRV_VAL": 869600,
        "MKT_VAL_YR_CHG": 0,
        "MKT_PCT_CHG": 0,
        "GLOBALID": "{C6872C4C-FF36-4D95-A72F-7E292BD8B3ED}",
        "Code": null,
        "Description": "Medium Density Residential",
        "City": "Spanish Fork",
        "Description_detailed": null,
        "Acres": 870.516,
        "Unit_Rate": null,
        "CityName": null,
        "AdoptedDate": null,
        "Slope_Score": 10,
        "GP_Score": 8,
        "Utilities_Score": 5,
        "Wetlands_Score": 10,
        "Soil_Score": 10,
        "Ownership_Score": 5,
        "Ownership_Type": "Business",
        "Utility_Proximity_Status": "Unknown - No Data",
        "Final_Score": 7.5,
        "ELEV_CHANGE": 5.003761591797229,
        "SLOPE": 0.36790567905958627,
        "Join_Count_12": 1,
        "TARGET_FID_12": 14853,
        "Shape_Length_12": null,
        "Shape_Area_12": null,
        "OBJECTID_1_12": null,
        "Join_Count_12_13": null,
        "TARGET_FID_12_13": null,
        "Id": 2073,
        "gridcode": 1,
        "ClassName": "Not Hydric",
        "Shape_Length_12_13": null,
        "Shape_Area_12_13": null,
        "SITE_HOUSE_NUM": " ",
        "SITE_PRE_DIR": null,
        "SITE_STREET_NAME": null,
        "MKT_LAND_RES": 0,
        "MKT_LAND_AGR": 753700,
        "MKT_LAND_COM": 0,
        "MKT_IMP_VALUE": 900,
        "MKT_IMP_RES": 0,
        "MKT_IMP_AGR": 900,
        "MKT_IMP_COM": 0,
        "Entry": 58323,
        "Year": 2024,
        "Record_Date": 1724803200000,
        "Grantor": "BLIND SLOUGH LLC",
        "Grantee": "WARNER PROPERTY LLC",
        "Tax_Address": "NOT APPLICABLE",
        "Serial_Number": "27:041:0086",
        "Serial_Number_Available": "Yes",
        "Detail_URL": "https://www.utahcounty.gov/LandRecords/document.asp?avEntry=58323&avYear=2024",
        "Document_Type": "TR D",
        "Was_REC_": "No",
        "OBJECTID_12": 3490,
        "Shape_Length_12_13_14": 1944.536945901251,
        "Shape_Area_12_13_14": 193177.7514762786,
        "DocType": "WD",
        "Shape_Length": 0.006257220961799989,
        "Shape_Area": 2.187387452820892e-06
      }
    },
    {
      "type": "Feature",
      "id": 48,
      "geometry": {
        "type": "Polygon",
        "coordinates": [
          [
            [
              -111.64846471899995,
              40.052997600000026
            ],
            [
              -111.64705061199999,
              40.053012409000075
            ],
            [
              -111.64708271199999,
              40.054823577000036
            ],
            [
              -111.64849685599995,
              40.05480876800004
            ],
            [
              -111.64846471899995,
              40.052997600000026
            ]
          ]
        ]
      },
      "properties": {
        "OBJECTID": 48,
        "Join_Count": 1,
        "TARGET_FID": 624,
        "PARCEL_NO": 290510200,
        "PARCELID": "290510200",
        "PARCELID_LABEL": "29:051:0200",
        "OWNER_NAME": "O'BRIEN, HEATHER CHRISTINE & JAMIS VERN (ET AL)",
        "CARE_NAME": null,
        "ACREAGE": 6,
        "SITE_FULL_ADDRESS": null,
        "OWN_FULL_ADDRESS": "2054 E 160 S  SPANISH FORK, UT 84660-5567",
        "PROP_TYPE": 900,
        "PROP_TYPE_DESCR": "VACANT",
        "SPECIFIC_PROP_TYPE": 901,
        "SPC_PROP_TYP_DESCR": "Vac Res",
        "ASMT_YEAR": 2026,
        "ASMT_CODE": "V",
        "ASMT_CODE_DESCR": "VACANT",
        "MKT_LAND_VALUE": 463300,
        "MKT_CUR_VALUE": 463300,
        "MKT_PRV_VAL": 463300,
        "MKT_VAL_YR_CHG": 0,
        "MKT_PCT_CHG": 0,
        "GLOBALID": "{C4CFEF04-E4D2-4D80-9769-116F162B7C48}",
        "Code": null,
        "Description": "Historic Salem Extension",
        "City": "Salem",
        "Description_detailed": null,
        "Acres": 2656.69,
        "Unit_Rate": null,
        "CityName": null,
        "AdoptedDate": null,
        "Slope_Score": 10,
        "GP_Score": 4,
        "Utilities_Score": 0,
        "Wetlands_Score": 10,
        "Soil_Score": 10,
        "Ownership_Score": 10,
        "Ownership_Type": "Private",
        "Utility_Proximity_Status": "Not Within 1/8 Mile",
        "Final_Score": 6,
        "ELEV_CHANGE": 13.188239892578167,
        "SLOPE": 0.4630287377318334,
        "Join_Count_12": 1,
        "TARGET_FID_12": 15465,
        "Shape_Length_12": null,
        "Shape_Area_12": null,
        "OBJECTID_1_12": null,
        "Join_Count_12_13": null,
        "TARGET_FID_12_13": null,
        "Id": 2073,
        "gridcode": 1,
        "ClassName": "Not Hydric",
        "Shape_Length_12_13": null,
        "Shape_Area_12_13": null,
        "SITE_HOUSE_NUM": null,
        "SITE_PRE_DIR": null,
        "SITE_STREET_NAME": null,
        "MKT_LAND_RES": 0,
        "MKT_LAND_AGR": 1491500,
        "MKT_LAND_COM": 0,
        "MKT_IMP_VALUE": 0,
        "MKT_IMP_RES": 0,
        "MKT_IMP_AGR": 0,
        "MKT_IMP_COM": 0,
        "Entry": 82941,
        "Year": 2023,
        "Record_Date": 1703548800000,
        "Grantor": "PARRY, TRAVIS PARRY, SHASTA",
        "Grantee": "219 TRUE LLC",
        "Tax_Address": "NOT APPLICABLE",
        "Serial_Number": "29:051:0217",
        "Serial_Number_Available": "Yes",
        "Detail_URL": "https://www.utahcounty.gov/LandRecords/document.asp?avEntry=82941&avYear=2023",
        "Document_Type": "TR D",
        "Was_REC_": "No",
        "OBJECTID_12": 2083,
        "Shape_Length_12_13_14": 4103.426319044814,
        "Shape_Area_12_13_14": 841861.2621023058,
        "DocType": "WD",
        "Shape_Length": 0.006451311609945492,
        "Shape_Area": 2.561694496368491e-06
      }
    },
    {
      "type": "Feature",
      "id": 49,
      "geometry": {
        "type": "Polygon",
        "coordinates": [
          [
            [
              -111.64943963699994,
              40.05479888200006
            ],
            [
              -111.64940747499998,
              40.05298771400004
            ],
            [
              -111.64846473799997,
              40.05299759600007
            ],
            [
              -111.64849687599997,
              40.05480876400003
            ],
            [
              -111.64943963699994,
              40.05479888200006
            ]
          ]
        ]
      },
      "properties": {
        "OBJECTID": 49,
        "Join_Count": 1,
        "TARGET_FID": 625,
        "PARCEL_NO": 290510201,
        "PARCELID": "290510201",
        "PARCELID_LABEL": "29:051:0201",
        "OWNER_NAME": "PARRY, TRAVIS & SHASTA",
        "CARE_NAME": null,
        "ACREAGE": 4,
        "SITE_FULL_ADDRESS": null,
        "OWN_FULL_ADDRESS": "155 E 9800 S  SALEM, UT 84653",
        "PROP_TYPE": 900,
        "PROP_TYPE_DESCR": "VACANT",
        "SPECIFIC_PROP_TYPE": 901,
        "SPC_PROP_TYP_DESCR": "Vac Res",
        "ASMT_YEAR": 2026,
        "ASMT_CODE": "V",
        "ASMT_CODE_DESCR": "VACANT",
        "MKT_LAND_VALUE": 308800,
        "MKT_CUR_VALUE": 308800,
        "MKT_PRV_VAL": 308800,
        "MKT_VAL_YR_CHG": 0,
        "MKT_PCT_CHG": 0,
        "GLOBALID": "{BFA5216A-2CB7-4393-A909-7DFF76BF1CFA}",
        "Code": null,
        "Description": "Historic Salem Extension",
        "City": "Salem",
        "Description_detailed": null,
        "Acres": 2656.69,
        "Unit_Rate": null,
        "CityName": null,
        "AdoptedDate": null,
        "Slope_Score": 10,
        "GP_Score": 4,
        "Utilities_Score": 0,
        "Wetlands_Score": 10,
        "Soil_Score": 10,
        "Ownership_Score": 10,
        "Ownership_Type": "Private",
        "Utility_Proximity_Status": "Not Within 1/8 Mile",
        "Final_Score": 6,
        "ELEV_CHANGE": 13.188239892578167,
        "SLOPE": 0.4630287377318334,
        "Join_Count_12": 1,
        "TARGET_FID_12": 15466,
        "Shape_Length_12": null,
        "Shape_Area_12": null,
        "OBJECTID_1_12": null,
        "Join_Count_12_13": null,
        "TARGET_FID_12_13": null,
        "Id": 2073,
        "gridcode": 1,
        "ClassName": "Not Hydric",
        "Shape_Length_12_13": null,
        "Shape_Area_12_13": null,
        "SITE_HOUSE_NUM": null,
        "SITE_PRE_DIR": null,
        "SITE_STREET_NAME": null,
        "MKT_LAND_RES": 0,
        "MKT_LAND_AGR": 1491500,
        "MKT_LAND_COM": 0,
        "MKT_IMP_VALUE": 0,
        "MKT_IMP_RES": 0,
        "MKT_IMP_AGR": 0,
        "MKT_IMP_COM": 0,
        "Entry": 82941,
        "Year": 2023,
        "Record_Date": 1703548800000,
        "Grantor": "PARRY, TRAVIS PARRY, SHASTA",
        "Grantee": "219 TRUE LLC",
        "Tax_Address": "NOT APPLICABLE",
        "Serial_Number": "29:051:0217",
        "Serial_Number_Available": "Yes",
        "Detail_URL": "https://www.utahcounty.gov/LandRecords/document.asp?avEntry=82941&avYear=2023",
        "Document_Type": "TR D",
        "Was_REC_": "No",
        "OBJECTID_12": 2083,
        "Shape_Length_12_13_14": 4103.426319044814,
        "Shape_Area_12_13_14": 841861.2621023058,
        "DocType": "WD",
        "Shape_Length": 0.005508508230349713,
        "Shape_Area": 1.7077945271022317e-06
      }
    },
    {
      "type": "Feature",
      "id": 50,
      "geometry": {
        "type": "Polygon",
        "coordinates": [
          [
            [
              -111.63491699099995,
              40.027519469000026
            ],
            [
              -111.63563097799994,
              40.02751863900005
            ],
            [
              -111.63562827199996,
              40.02614642300006
            ],
            [
              -111.63491429799996,
              40.02614725300003
            ],
            [
              -111.63491699099995,
              40.027519469000026
            ]
          ]
        ]
      },
      "properties": {
        "OBJECTID": 50,
        "Join_Count": 1,
        "TARGET_FID": 647,
        "PARCEL_NO": 290630007,
        "PARCELID": "290630007",
        "PARCELID_LABEL": "29:063:0007",
        "OWNER_NAME": "RELIEF MINE CO",
        "CARE_NAME": null,
        "ACREAGE": 2.29,
        "SITE_FULL_ADDRESS": null,
        "OWN_FULL_ADDRESS": "PO BOX 378  SALEM, UT 84653-0378",
        "PROP_TYPE": 900,
        "PROP_TYPE_DESCR": "VACANT",
        "SPECIFIC_PROP_TYPE": 901,
        "SPC_PROP_TYP_DESCR": "Vac Res",
        "ASMT_YEAR": 2026,
        "ASMT_CODE": "V",
        "ASMT_CODE_DESCR": "VACANT",
        "MKT_LAND_VALUE": 101800,
        "MKT_CUR_VALUE": 101800,
        "MKT_PRV_VAL": 101800,
        "MKT_VAL_YR_CHG": 0,
        "MKT_PCT_CHG": 0,
        "GLOBALID": "{FD2697F1-FC74-4F0E-94C9-5B66F06DC7A9}",
        "Code": null,
        "Description": "Mixed Density",
        "City": "Salem",
        "Description_detailed": null,
        "Acres": 861.42,
        "Unit_Rate": null,
        "CityName": null,
        "AdoptedDate": null,
        "Slope_Score": 10,
        "GP_Score": 7,
        "Utilities_Score": 0,
        "Wetlands_Score": 10,
        "Soil_Score": 10,
        "Ownership_Score": 10,
        "Ownership_Type": "Private",
        "Utility_Proximity_Status": "Not Within 1/8 Mile",
        "Final_Score": 6.75,
        "ELEV_CHANGE": 87.61749147460887,
        "SLOPE": 2.100106284076267,
        "Join_Count_12": 1,
        "TARGET_FID_12": 15524,
        "Shape_Length_12": null,
        "Shape_Area_12": null,
        "OBJECTID_1_12": null,
        "Join_Count_12_13": null,
        "TARGET_FID_12_13": null,
        "Id": 2073,
        "gridcode": 1,
        "ClassName": "Not Hydric",
        "Shape_Length_12_13": null,
        "Shape_Area_12_13": null,
        "SITE_HOUSE_NUM": null,
        "SITE_PRE_DIR": null,
        "SITE_STREET_NAME": null,
        "MKT_LAND_RES": 0,
        "MKT_LAND_AGR": 28432200,
        "MKT_LAND_COM": 0,
        "MKT_IMP_VALUE": 12100,
        "MKT_IMP_RES": 0,
        "MKT_IMP_AGR": 12100,
        "MKT_IMP_COM": 0,
        "Entry": 27804,
        "Year": 2025,
        "Record_Date": 1744848000000,
        "Grantor": "TREEHOUSE PARK LLC DBA THREE BRIDGES",
        "Grantee": "RB50 LLC",
        "Tax_Address": "NOT APPLICABLE",
        "Serial_Number": "29:063:0074",
        "Serial_Number_Available": "Yes",
        "Detail_URL": "https://www.utahcounty.gov/LandRecords/document.asp?avEntry=27804&avYear=2025",
        "Document_Type": "TR D",
        "Was_REC_": "No",
        "OBJECTID_12": 4712,
        "Shape_Length_12_13_14": 39369.732763829146,
        "Shape_Area_12_13_14": 20649895.989885233,
        "DocType": "WD",
        "Shape_Length": 0.004172399275480951,
        "Shape_Area": 9.797377063612364e-07
      }
    },
    {
      "type": "Feature",
      "id": 51,
      "geometry": {
        "type": "Polygon",
        "coordinates": [
          [
            [
              -111.64949890699995,
              40.05762847800003
            ],
            [
              -111.65030102699995,
              40.05723504200006
            ],
            [
              -111.65035652899996,
              40.057195989000036
            ],
            [
              -111.65040665099997,
              40.05715212000007
            ],
            [
              -111.65049928399998,
              40.05703438000006
            ],
            [
              -111.65078872199996,
              40.056799917000035
            ],
            [
              -111.65096910799997,
              40.05661498000006
            ],
            [
              -111.65101558399999,
              40.056562099000075
            ],
            [
              -111.65129867499996,
              40.05627239900008
            ],
            [
              -111.65149905999999,
              40.05594447100003
            ],
            [
              -111.65173169099995,
              40.05527276500004
            ],
            [
              -111.65178726199997,
              40.055273181000075
            ],
            [
              -111.65179071199998,
              40.05516054900005
            ],
            [
              -111.65179471899995,
              40.05515457000007
            ],
            [
              -111.65180151099997,
              40.054742426000075
            ],
            [
              -111.64948760499999,
              40.054760585000054
            ],
            [
              -111.64948832199997,
              40.054796397000075
            ],
            [
              -111.64752003399997,
              40.054818211000054
            ],
            [
              -111.64750748299997,
              40.05481800600006
            ],
            [
              -111.64753414199998,
              40.05662899600003
            ],
            [
              -111.64800421399997,
              40.056624871000054
            ],
            [
              -111.64948175199999,
              40.05660473300003
            ],
            [
              -111.64948175199999,
              40.05660470600003
            ],
            [
              -111.64948178199995,
              40.05660473300003
            ],
            [
              -111.64948175199999,
              40.05660473300003
            ],
            [
              -111.64949890699995,
              40.05762847800003
            ]
          ]
        ]
      },
      "properties": {
        "OBJECTID": 51,
        "Join_Count": 1,
        "TARGET_FID": 655,
        "PARCEL_NO": 290510217,
        "PARCELID": "290510217",
        "PARCELID_LABEL": "29:051:0217",
        "OWNER_NAME": "PARRY, TRAVIS & SHASTA",
        "CARE_NAME": null,
        "ACREAGE": 19.326287,
        "SITE_FULL_ADDRESS": null,
        "OWN_FULL_ADDRESS": "155 E 9800 S  SALEM, UT 84653",
        "PROP_TYPE": 900,
        "PROP_TYPE_DESCR": "VACANT",
        "SPECIFIC_PROP_TYPE": 901,
        "SPC_PROP_TYP_DESCR": "Vac Res",
        "ASMT_YEAR": 2026,
        "ASMT_CODE": "V",
        "ASMT_CODE_DESCR": "VACANT",
        "MKT_LAND_VALUE": 1491500,
        "MKT_CUR_VALUE": 1491500,
        "MKT_PRV_VAL": 1491500,
        "MKT_VAL_YR_CHG": 0,
        "MKT_PCT_CHG": 0,
        "GLOBALID": "{E3F40721-6A83-4007-A43D-FCB5FDFEF597}",
        "Code": null,
        "Description": "Mixed Density",
        "City": "Salem",
        "Description_detailed": null,
        "Acres": 1051.55,
        "Unit_Rate": null,
        "CityName": null,
        "AdoptedDate": null,
        "Slope_Score": 10,
        "GP_Score": 7,
        "Utilities_Score": 0,
        "Wetlands_Score": 10,
        "Soil_Score": 10,
        "Ownership_Score": 10,
        "Ownership_Type": "Private",
        "Utility_Proximity_Status": "Not Within 1/8 Mile",
        "Final_Score": 6.75,
        "ELEV_CHANGE": 10.846956855468306,
        "SLOPE": 2.260900594270347,
        "Join_Count_12": 2,
        "TARGET_FID_12": 15563,
        "Shape_Length_12": null,
        "Shape_Area_12": null,
        "OBJECTID_1_12": null,
        "Join_Count_12_13": null,
        "TARGET_FID_12_13": null,
        "Id": 2073,
        "gridcode": 1,
        "ClassName": "Not Hydric",
        "Shape_Length_12_13": null,
        "Shape_Area_12_13": null,
        "SITE_HOUSE_NUM": null,
        "SITE_PRE_DIR": null,
        "SITE_STREET_NAME": null,
        "MKT_LAND_RES": 0,
        "MKT_LAND_AGR": 1491500,
        "MKT_LAND_COM": 0,
        "MKT_IMP_VALUE": 0,
        "MKT_IMP_RES": 0,
        "MKT_IMP_AGR": 0,
        "MKT_IMP_COM": 0,
        "Entry": 82941,
        "Year": 2023,
        "Record_Date": 1703548800000,
        "Grantor": "PARRY, TRAVIS PARRY, SHASTA",
        "Grantee": "219 TRUE LLC",
        "Tax_Address": "NOT APPLICABLE",
        "Serial_Number": "29:051:0217",
        "Serial_Number_Available": "Yes",
        "Detail_URL": "https://www.utahcounty.gov/LandRecords/document.asp?avEntry=82941&avYear=2023",
        "Document_Type": "TR D",
        "Was_REC_": "No",
        "OBJECTID_12": 2083,
        "Shape_Length_12_13_14": 4103.426319044814,
        "Shape_Area_12_13_14": 841861.2621023058,
        "DocType": "WD",
        "Shape_Length": 0.013080487592543391,
        "Shape_Area": 8.256935577033858e-06
      }
    },
    {
      "type": "Feature",
      "id": 52,
      "geometry": {
        "type": "Polygon",
        "coordinates": [
          [
            [
              -111.64925559599999,
              40.02749888400007
            ],
            [
              -111.65292871599996,
              40.027494115000025
            ],
            [
              -111.65284981199994,
              40.02743164700007
            ],
            [
              -111.65265077199996,
              40.027429479000034
            ],
            [
              -111.65193910799997,
              40.026185663000035
            ],
            [
              -111.65365428599995,
              40.026183411000034
            ],
            [
              -111.65366224699994,
              40.026183400000036
            ],
            [
              -111.65366111699996,
              40.02567776600006
            ],
            [
              -111.65225936999997,
              40.02571278200003
            ],
            [
              -111.65215094894198,
              40.02572106772453
            ],
            [
              -111.65204222665137,
              40.02572286843856
            ],
            [
              -111.65193359067099,
              40.02571817772342
            ],
            [
              -111.65182542823597,
              40.025707012299264
            ],
            [
              -111.65171812489355,
              40.02568941196549
            ],
            [
              -111.65161206312867,
              40.02566543945883
            ],
            [
              -111.65150762100066,
              40.02563518022977
            ],
            [
              -111.65140517079563,
              40.02559874213797
            ],
            [
              -111.65130507769943,
              40.02555625506775
            ],
            [
              -111.65120769849592,
              40.02550787046512
            ],
            [
              -111.6511133802953,
              40.025453760798
            ],
            [
              -111.6510224592967,
              40.025394118941406
            ],
            [
              -111.65093525958989,
              40.02532915748995
            ],
            [
              -111.65085209199998,
              40.02525910800006
            ],
            [
              -111.64982439699997,
              40.024401074000025
            ],
            [
              -111.64975098325927,
              40.02434560851834
            ],
            [
              -111.64967400136413,
              40.02429521224064
            ],
            [
              -111.6495938007481,
              40.02425011392393
            ],
            [
              -111.64951074545493,
              40.0242105182769
            ],
            [
              -111.64942521248634,
              40.02417660503073
            ],
            [
              -111.64933759009052,
              40.02414852812321
            ],
            [
              -111.64924827599998,
              40.02412641500007
            ],
            [
              -111.64925559599999,
              40.02749888400007
            ]
          ]
        ]
      },
      "properties": {
        "OBJECTID": 52,
        "Join_Count": 1,
        "TARGET_FID": 657,
        "PARCEL_NO": 290630025,
        "PARCELID": "290630025",
        "PARCELID_LABEL": "29:063:0025",
        "OWNER_NAME": "NELSON, REED L & SALLY T",
        "CARE_NAME": null,
        "ACREAGE": 18.855800000000002,
        "SITE_FULL_ADDRESS": null,
        "OWN_FULL_ADDRESS": "440 S TOWERS DR  SALEM, UT 84653-9510",
        "PROP_TYPE": 900,
        "PROP_TYPE_DESCR": "VACANT",
        "SPECIFIC_PROP_TYPE": 901,
        "SPC_PROP_TYP_DESCR": "Vac Res",
        "ASMT_YEAR": 2026,
        "ASMT_CODE": "V",
        "ASMT_CODE_DESCR": "VACANT",
        "MKT_LAND_VALUE": 1676600,
        "MKT_CUR_VALUE": 1676600,
        "MKT_PRV_VAL": 1676600,
        "MKT_VAL_YR_CHG": 0,
        "MKT_PCT_CHG": 0,
        "GLOBALID": "{7D3E57F3-4552-4919-B5D6-AFC5A2A2126E}",
        "Code": null,
        "Description": "Mixed Density",
        "City": "Salem",
        "Description_detailed": null,
        "Acres": 861.42,
        "Unit_Rate": null,
        "CityName": null,
        "AdoptedDate": null,
        "Slope_Score": 7,
        "GP_Score": 7,
        "Utilities_Score": 10,
        "Wetlands_Score": 10,
        "Soil_Score": 10,
        "Ownership_Score": 10,
        "Ownership_Type": "Private",
        "Utility_Proximity_Status": "Within 1/8 Mile",
        "Final_Score": 8.95,
        "ELEV_CHANGE": 118.49951935546869,
        "SLOPE": 7.777751133025,
        "Join_Count_12": 1,
        "TARGET_FID_12": 15583,
        "Shape_Length_12": null,
        "Shape_Area_12": null,
        "OBJECTID_1_12": null,
        "Join_Count_12_13": null,
        "TARGET_FID_12_13": null,
        "Id": 2073,
        "gridcode": 1,
        "ClassName": "Not Hydric",
        "Shape_Length_12_13": null,
        "Shape_Area_12_13": null,
        "SITE_HOUSE_NUM": null,
        "SITE_PRE_DIR": null,
        "SITE_STREET_NAME": null,
        "MKT_LAND_RES": 0,
        "MKT_LAND_AGR": 28432200,
        "MKT_LAND_COM": 0,
        "MKT_IMP_VALUE": 12100,
        "MKT_IMP_RES": 0,
        "MKT_IMP_AGR": 12100,
        "MKT_IMP_COM": 0,
        "Entry": 27804,
        "Year": 2025,
        "Record_Date": 1744848000000,
        "Grantor": "TREEHOUSE PARK LLC DBA THREE BRIDGES",
        "Grantee": "RB50 LLC",
        "Tax_Address": "NOT APPLICABLE",
        "Serial_Number": "29:063:0074",
        "Serial_Number_Available": "Yes",
        "Detail_URL": "https://www.utahcounty.gov/LandRecords/document.asp?avEntry=27804&avYear=2025",
        "Document_Type": "TR D",
        "Was_REC_": "No",
        "OBJECTID_12": 4712,
        "Shape_Length_12_13_14": 39369.732763829146,
        "Shape_Area_12_13_14": 20649895.989885233,
        "DocType": "WD",
        "Shape_Length": 0.015914812043943637,
        "Shape_Area": 8.051976795108392e-06
      }
    },
    {
      "type": "Feature",
      "id": 53,
      "geometry": {
        "type": "Polygon",
        "coordinates": [
          [
            [
              -111.76810245799999,
              40.02337967600005
            ],
            [
              -111.76810246999997,
              40.02337966500005
            ],
            [
              -111.76820995599996,
              40.02337941700006
            ],
            [
              -111.76820980199994,
              40.02336572300004
            ],
            [
              -111.76992447399999,
              40.02335334000003
            ],
            [
              -111.76991150999999,
              40.02220520000003
            ],
            [
              -111.76991261296307,
              40.02220034100282
            ],
            [
              -111.76991452955025,
              40.0221957417556
            ],
            [
              -111.76991720344792,
              40.02219153739445
            ],
            [
              -111.76992055609104,
              40.02218785145284
            ],
            [
              -111.7699244889715,
              40.022184792231926
            ],
            [
              -111.76992888653257,
              40.022182449618406
            ],
            [
              -111.76993361956411,
              40.02218089244346
            ],
            [
              -111.76993854899916,
              40.02218016646035
            ],
            [
              -111.76994352999998,
              40.022180293000076
            ],
            [
              -111.77239345899994,
              40.02217458300004
            ],
            [
              -111.77239454599999,
              40.022449030000075
            ],
            [
              -111.77275519599999,
              40.02244818500003
            ],
            [
              -111.77328782699999,
              40.02249045100007
            ],
            [
              -111.77317546299997,
              40.023327437000034
            ],
            [
              -111.77410964799998,
              40.023319051000044
            ],
            [
              -111.77441495299996,
              40.02104459000003
            ],
            [
              -111.77322211799998,
              40.021047398000064
            ],
            [
              -111.77312963299994,
              40.02173374300003
            ],
            [
              -111.76809608699995,
              40.02174545200006
            ],
            [
              -111.76810245799999,
              40.02337967600005
            ]
          ]
        ]
      },
      "properties": {
        "OBJECTID": 53,
        "Join_Count": 1,
        "TARGET_FID": 666,
        "PARCEL_NO": 290230049,
        "PARCELID": "290230049",
        "PARCELID_LABEL": "29:023:0049",
        "OWNER_NAME": "RURAL HOUSING DEVELOPMENT CORPORATION (ET AL)",
        "CARE_NAME": null,
        "ACREAGE": 16.439266,
        "SITE_FULL_ADDRESS": null,
        "OWN_FULL_ADDRESS": "63 N 400 W  PROVO, UT 84601",
        "PROP_TYPE": 900,
        "PROP_TYPE_DESCR": "VACANT",
        "SPECIFIC_PROP_TYPE": 901,
        "SPC_PROP_TYP_DESCR": "Vac Res",
        "ASMT_YEAR": 2026,
        "ASMT_CODE": "V",
        "ASMT_CODE_DESCR": "VACANT",
        "MKT_LAND_VALUE": 764000,
        "MKT_CUR_VALUE": 764000,
        "MKT_PRV_VAL": 764000,
        "MKT_VAL_YR_CHG": 0,
        "MKT_PCT_CHG": 0,
        "GLOBALID": "{070B2143-C8AA-4C8E-8B91-D549AAD03BA4}",
        "Code": "MDR",
        "Description": "Medium Density Residential",
        "City": "Payson",
        "Description_detailed": null,
        "Acres": null,
        "Unit_Rate": null,
        "CityName": null,
        "AdoptedDate": null,
        "Slope_Score": 10,
        "GP_Score": 8,
        "Utilities_Score": 0,
        "Wetlands_Score": 0,
        "Soil_Score": 10,
        "Ownership_Score": 5,
        "Ownership_Type": "Business",
        "Utility_Proximity_Status": "Not Within 1/8 Mile",
        "Final_Score": 4.75,
        "ELEV_CHANGE": 20.285379252930397,
        "SLOPE": 0.8685590327578788,
        "Join_Count_12": 3,
        "TARGET_FID_12": 15845,
        "Shape_Length_12": null,
        "Shape_Area_12": null,
        "OBJECTID_1_12": null,
        "Join_Count_12_13": null,
        "TARGET_FID_12_13": null,
        "Id": 2073,
        "gridcode": 1,
        "ClassName": "Not Hydric",
        "Shape_Length_12_13": null,
        "Shape_Area_12_13": null,
        "SITE_HOUSE_NUM": "1278",
        "SITE_PRE_DIR": "S",
        "SITE_STREET_NAME": "1950 WEST",
        "MKT_LAND_RES": 180200,
        "MKT_LAND_AGR": 138000,
        "MKT_LAND_COM": 0,
        "MKT_IMP_VALUE": 341100,
        "MKT_IMP_RES": 341100,
        "MKT_IMP_AGR": 0,
        "MKT_IMP_COM": 0,
        "Entry": 24479,
        "Year": 2024,
        "Record_Date": 1713225600000,
        "Grantor": "DRAPER, CACHE",
        "Grantee": "FRANKLEN RESEARCH LLC",
        "Tax_Address": "NOT APPLICABLE",
        "Serial_Number": "29:023:0023",
        "Serial_Number_Available": "Yes",
        "Detail_URL": "https://www.utahcounty.gov/LandRecords/document.asp?avEntry=24479&avYear=2024",
        "Document_Type": "TR D",
        "Was_REC_": "No",
        "OBJECTID_12": 2780,
        "Shape_Length_12_13_14": 2695.1023259358735,
        "Shape_Area_12_13_14": 281552.5211997012,
        "DocType": "WD",
        "Shape_Length": 0.019275127151357416,
        "Shape_Area": 7.020088938779387e-06
      }
    },
    {
      "type": "Feature",
      "id": 54,
      "geometry": {
        "type": "Polygon",
        "coordinates": [
          [
            [
              -111.71262579799998,
              40.06895843400008
            ],
            [
              -111.71262582799994,
              40.06895847900006
            ],
            [
              -111.71259471699994,
              40.068975014000046
            ],
            [
              -111.71255274126203,
              40.06899274174624
            ],
            [
              -111.7125085139797,
              40.06900370454954
            ],
            [
              -111.71246311799996,
              40.06900763400006
            ],
            [
              -111.71236814999997,
              40.06900902000007
            ],
            [
              -111.7123483515951,
              40.069010085792385
            ],
            [
              -111.71232897152774,
              40.06901427216762
            ],
            [
              -111.71231049850108,
              40.069021473558806
            ],
            [
              -111.71229339834568,
              40.06903150836992
            ],
            [
              -111.71227810227266,
              40.06904412355517
            ],
            [
              -111.71226499599999,
              40.06905900100003
            ],
            [
              -111.71224981099999,
              40.06908228700007
            ],
            [
              -111.71224007960812,
              40.06909905341052
            ],
            [
              -111.71223228899999,
              40.06911680500008
            ],
            [
              -111.71218124299997,
              40.06925359600007
            ],
            [
              -111.71217285315448,
              40.06927082407105
            ],
            [
              -111.71216201844533,
              40.06928662929216
            ],
            [
              -111.7121489749803,
              40.0693006672392
            ],
            [
              -111.71213400699997,
              40.06931263200005
            ],
            [
              -111.71205617999999,
              40.06936807000005
            ],
            [
              -111.71203540846263,
              40.0693846810097
            ],
            [
              -111.71201745179731,
              40.06940430091227
            ],
            [
              -111.71200274095801,
              40.06942645883665
            ],
            [
              -111.71199162899995,
              40.06945062300008
            ],
            [
              -111.71194718399994,
              40.069579616000055
            ],
            [
              -111.71194254284843,
              40.069597345778966
            ],
            [
              -111.71194086111339,
              40.06961559563142
            ],
            [
              -111.71194218399995,
              40.06963387500008
            ],
            [
              -111.71197709599994,
              40.06986116100006
            ],
            [
              -111.71197972788018,
              40.06989118321689
            ],
            [
              -111.71197826399998,
              40.06992128500008
            ],
            [
              -111.71197730700993,
              40.06995333052356
            ],
            [
              -111.71198140359076,
              40.06998512752705
            ],
            [
              -111.71199045170835,
              40.07001588403812
            ],
            [
              -111.71200422599998,
              40.07004483400004
            ],
            [
              -111.71201982970825,
              40.07007676877917
            ],
            [
              -111.71203153611518,
              40.070110328663944
            ],
            [
              -111.71203917999998,
              40.07014504000006
            ],
            [
              -111.71204034137733,
              40.07016182165948
            ],
            [
              -111.71203862632393,
              40.0701785558007
            ],
            [
              -111.71203408499997,
              40.07019475300007
            ],
            [
              -111.71202655999997,
              40.07021539300007
            ],
            [
              -111.71202429521507,
              40.0702222448556
            ],
            [
              -111.71202298299994,
              40.07022934100007
            ],
            [
              -111.71202018468657,
              40.070273911468796
            ],
            [
              -111.7120234286975,
              40.070318451716126
            ],
            [
              -111.7120326556448,
              40.07036214634604
            ],
            [
              -111.71204769661122,
              40.07040419544316
            ],
            [
              -111.71206827624255,
              40.07044382921681
            ],
            [
              -111.71209401778853,
              40.07048032209352
            ],
            [
              -111.71212444999998,
              40.070513006000056
            ],
            [
              -111.71217611447047,
              40.07056827615289
            ],
            [
              -111.71222391472513,
              40.07062692035942
            ],
            [
              -111.71226763099997,
              40.07068866900005
            ],
            [
              -111.71229518899997,
              40.07073070700005
            ],
            [
              -111.71266123499998,
              40.07072902400006
            ],
            [
              -111.71267873599999,
              40.069219618000034
            ],
            [
              -111.712686798,
              40.069114660000025
            ],
            [
              -111.71270473699997,
              40.06908979000008
            ],
            [
              -111.71274014199997,
              40.06895797800007
            ],
            [
              -111.71262579799998,
              40.06895843400008
            ]
          ]
        ]
      },
      "properties": {
        "OBJECTID": 54,
        "Join_Count": 1,
        "TARGET_FID": 685,
        "PARCEL_NO": 300100066,
        "PARCELID": "300100066",
        "PARCELID_LABEL": "30:010:0066",
        "OWNER_NAME": "ARROWHEAD PARTNERS LLC",
        "CARE_NAME": null,
        "ACREAGE": 2.450373,
        "SITE_FULL_ADDRESS": null,
        "OWN_FULL_ADDRESS": "704 N 1890 W # 41A  PROVO, UT 84606",
        "PROP_TYPE": 900,
        "PROP_TYPE_DESCR": "VACANT",
        "SPECIFIC_PROP_TYPE": 901,
        "SPC_PROP_TYP_DESCR": "Vac Res",
        "ASMT_YEAR": 2026,
        "ASMT_CODE": "V",
        "ASMT_CODE_DESCR": "VACANT",
        "MKT_LAND_VALUE": 109400,
        "MKT_CUR_VALUE": 109400,
        "MKT_PRV_VAL": 109400,
        "MKT_VAL_YR_CHG": 0,
        "MKT_PCT_CHG": 0,
        "GLOBALID": "{0A346144-F772-4E3C-97E1-7D9670016D28}",
        "Code": "MDR",
        "Description": "Medium Density Residential",
        "City": "Payson",
        "Description_detailed": null,
        "Acres": null,
        "Unit_Rate": null,
        "CityName": null,
        "AdoptedDate": null,
        "Slope_Score": 10,
        "GP_Score": 8,
        "Utilities_Score": 10,
        "Wetlands_Score": 0,
        "Soil_Score": 7,
        "Ownership_Score": 5,
        "Ownership_Type": "Business",
        "Utility_Proximity_Status": "Within 1/8 Mile",
        "Final_Score": 6.95,
        "ELEV_CHANGE": 23.227001542968537,
        "SLOPE": 0.2431024827223192,
        "Join_Count_12": 10,
        "TARGET_FID_12": 15968,
        "Shape_Length_12": null,
        "Shape_Area_12": null,
        "OBJECTID_1_12": null,
        "Join_Count_12_13": null,
        "TARGET_FID_12_13": null,
        "Id": 1640,
        "gridcode": 2,
        "ClassName": "Partially Hydric (1 - 25%)",
        "Shape_Length_12_13": null,
        "Shape_Area_12_13": null,
        "SITE_HOUSE_NUM": null,
        "SITE_PRE_DIR": null,
        "SITE_STREET_NAME": null,
        "MKT_LAND_RES": 0,
        "MKT_LAND_AGR": 109400,
        "MKT_LAND_COM": 0,
        "MKT_IMP_VALUE": 0,
        "MKT_IMP_RES": 0,
        "MKT_IMP_AGR": 0,
        "MKT_IMP_COM": 0,
        "Entry": 1834,
        "Year": 2023,
        "Record_Date": 1673395200000,
        "Grantor": "ARROWHEAD PARTNERS LLC",
        "Grantee": "POLARES PEAK LLC",
        "Tax_Address": "NOT APPLICABLE",
        "Serial_Number": "30:010:0066",
        "Serial_Number_Available": "Yes",
        "Detail_URL": "https://www.utahcounty.gov/LandRecords/document.asp?avEntry=1834&avYear=2023",
        "Document_Type": "TR D",
        "Was_REC_": "No",
        "OBJECTID_12": 29,
        "Shape_Length_12_13_14": 1551.5968004194076,
        "Shape_Area_12_13_14": 106733.49060452948,
        "DocType": "WD",
        "Shape_Length": 0.004533753176090842,
        "Shape_Area": 1.0470860311724239e-06
      }
    },
    {
      "type": "Feature",
      "id": 55,
      "geometry": {
        "type": "Polygon",
        "coordinates": [
          [
            [
              -111.71266111299997,
              40.07072343100003
            ],
            [
              -111.72115760899999,
              40.07064088100003
            ],
            [
              -111.72117500399997,
              40.06917604700004
            ],
            [
              -111.71268433199998,
              40.06914468700006
            ],
            [
              -111.71267857699996,
              40.06921961900008
            ],
            [
              -111.71266113999997,
              40.07072342500004
            ],
            [
              -111.71266111299997,
              40.07072343100003
            ]
          ]
        ]
      },
      "properties": {
        "OBJECTID": 55,
        "Join_Count": 1,
        "TARGET_FID": 723,
        "PARCEL_NO": 300100054,
        "PARCELID": "300100054",
        "PARCELID_LABEL": "30:010:0054",
        "OWNER_NAME": "SEVEN BAR RANCH AND LAND COMPANY LLC",
        "CARE_NAME": "%LARSON, BRENT",
        "ACREAGE": 30.255233999999998,
        "SITE_FULL_ADDRESS": null,
        "OWN_FULL_ADDRESS": "%LARSON, BRENT  36 N 700 E  SPRINGVILLE, UT 84663-1527",
        "PROP_TYPE": 900,
        "PROP_TYPE_DESCR": "VACANT",
        "SPECIFIC_PROP_TYPE": 901,
        "SPC_PROP_TYP_DESCR": "Vac Res",
        "ASMT_YEAR": 2026,
        "ASMT_CODE": "V",
        "ASMT_CODE_DESCR": "VACANT",
        "MKT_LAND_VALUE": 709200,
        "MKT_CUR_VALUE": 709200,
        "MKT_PRV_VAL": 709200,
        "MKT_VAL_YR_CHG": 0,
        "MKT_PCT_CHG": 0,
        "GLOBALID": "{48BBEC53-C84A-4A6B-B9DD-7D71D96F444F}",
        "Code": "MUN",
        "Description": "Mixed Use Neighborhood",
        "City": "Payson",
        "Description_detailed": null,
        "Acres": null,
        "Unit_Rate": null,
        "CityName": null,
        "AdoptedDate": null,
        "Slope_Score": 10,
        "GP_Score": 7,
        "Utilities_Score": 10,
        "Wetlands_Score": 0,
        "Soil_Score": 0,
        "Ownership_Score": 5,
        "Ownership_Type": "Business",
        "Utility_Proximity_Status": "Within 1/8 Mile",
        "Final_Score": 6,
        "ELEV_CHANGE": 22.902602080078395,
        "SLOPE": 0.26096345460176645,
        "Join_Count_12": 68,
        "TARGET_FID_12": 16097,
        "Shape_Length_12": null,
        "Shape_Area_12": null,
        "OBJECTID_1_12": null,
        "Join_Count_12_13": null,
        "TARGET_FID_12_13": null,
        "Id": 1672,
        "gridcode": 6,
        "ClassName": "All Hydric",
        "Shape_Length_12_13": null,
        "Shape_Area_12_13": null,
        "SITE_HOUSE_NUM": null,
        "SITE_PRE_DIR": null,
        "SITE_STREET_NAME": null,
        "MKT_LAND_RES": 0,
        "MKT_LAND_AGR": 109400,
        "MKT_LAND_COM": 0,
        "MKT_IMP_VALUE": 0,
        "MKT_IMP_RES": 0,
        "MKT_IMP_AGR": 0,
        "MKT_IMP_COM": 0,
        "Entry": 1834,
        "Year": 2023,
        "Record_Date": 1673395200000,
        "Grantor": "ARROWHEAD PARTNERS LLC",
        "Grantee": "POLARES PEAK LLC",
        "Tax_Address": "NOT APPLICABLE",
        "Serial_Number": "30:010:0066",
        "Serial_Number_Available": "Yes",
        "Detail_URL": "https://www.utahcounty.gov/LandRecords/document.asp?avEntry=1834&avYear=2023",
        "Document_Type": "TR D",
        "Was_REC_": "No",
        "OBJECTID_12": 29,
        "Shape_Length_12_13_14": 1551.5968004194076,
        "Shape_Area_12_13_14": 106733.49060452948,
        "DocType": "WD",
        "Shape_Length": 0.02003165162597518,
        "Shape_Area": 1.2928575607704896e-05
      }
    },
    {
      "type": "Feature",
      "id": 56,
      "geometry": {
        "type": "Polygon",
        "coordinates": [
          [
            [
              -111.64451527099999,
              40.03478124000003
            ],
            [
              -111.64451907799997,
              40.036592548000044
            ],
            [
              -111.64519234399995,
              40.03659170900005
            ],
            [
              -111.64518851899999,
              40.03478040200008
            ],
            [
              -111.64451527099999,
              40.03478124000003
            ]
          ]
        ]
      },
      "properties": {
        "OBJECTID": 56,
        "Join_Count": 1,
        "TARGET_FID": 768,
        "PARCEL_NO": 290620032,
        "PARCELID": "290620032",
        "PARCELID_LABEL": "29:062:0032",
        "OWNER_NAME": "BROCKBANK, MARY O",
        "CARE_NAME": null,
        "ACREAGE": 2.86,
        "SITE_FULL_ADDRESS": null,
        "OWN_FULL_ADDRESS": "89 E 300 S  SPANISH FORK, UT 84660-2116",
        "PROP_TYPE": 900,
        "PROP_TYPE_DESCR": "VACANT",
        "SPECIFIC_PROP_TYPE": 901,
        "SPC_PROP_TYP_DESCR": "Vac Res",
        "ASMT_YEAR": 2026,
        "ASMT_CODE": "V",
        "ASMT_CODE_DESCR": "VACANT",
        "MKT_LAND_VALUE": 254400,
        "MKT_CUR_VALUE": 254400,
        "MKT_PRV_VAL": 254400,
        "MKT_VAL_YR_CHG": 0,
        "MKT_PCT_CHG": 0,
        "GLOBALID": "{2AA24C77-52D8-44FC-A019-E57602B56C2A}",
        "Code": null,
        "Description": "Mixed Density",
        "City": "Salem",
        "Description_detailed": null,
        "Acres": 861.42,
        "Unit_Rate": null,
        "CityName": null,
        "AdoptedDate": null,
        "Slope_Score": 10,
        "GP_Score": 7,
        "Utilities_Score": 0,
        "Wetlands_Score": 10,
        "Soil_Score": 10,
        "Ownership_Score": 10,
        "Ownership_Type": "Private",
        "Utility_Proximity_Status": "Not Within 1/8 Mile",
        "Final_Score": 6.75,
        "ELEV_CHANGE": 87.61749147460887,
        "SLOPE": 2.100106284076267,
        "Join_Count_12": 1,
        "TARGET_FID_12": 16260,
        "Shape_Length_12": null,
        "Shape_Area_12": null,
        "OBJECTID_1_12": null,
        "Join_Count_12_13": null,
        "TARGET_FID_12_13": null,
        "Id": 2073,
        "gridcode": 1,
        "ClassName": "Not Hydric",
        "Shape_Length_12_13": null,
        "Shape_Area_12_13": null,
        "SITE_HOUSE_NUM": null,
        "SITE_PRE_DIR": null,
        "SITE_STREET_NAME": null,
        "MKT_LAND_RES": 0,
        "MKT_LAND_AGR": 28432200,
        "MKT_LAND_COM": 0,
        "MKT_IMP_VALUE": 12100,
        "MKT_IMP_RES": 0,
        "MKT_IMP_AGR": 12100,
        "MKT_IMP_COM": 0,
        "Entry": 27804,
        "Year": 2025,
        "Record_Date": 1744848000000,
        "Grantor": "TREEHOUSE PARK LLC DBA THREE BRIDGES",
        "Grantee": "RB50 LLC",
        "Tax_Address": "NOT APPLICABLE",
        "Serial_Number": "29:063:0074",
        "Serial_Number_Available": "Yes",
        "Detail_URL": "https://www.utahcounty.gov/LandRecords/document.asp?avEntry=27804&avYear=2025",
        "Document_Type": "TR D",
        "Was_REC_": "No",
        "OBJECTID_12": 4712,
        "Shape_Length_12_13_14": 39369.732763829146,
        "Shape_Area_12_13_14": 20649895.989885233,
        "DocType": "WD",
        "Shape_Length": 0.004969138083712408,
        "Shape_Area": 1.2194786532166356e-06
      }
    },
    {
      "type": "Feature",
      "id": 57,
      "geometry": {
        "type": "Polygon",
        "coordinates": [
          [
            [
              -111.64771686899996,
              40.031134923000025
            ],
            [
              -111.64746703099996,
              40.03113562500005
            ],
            [
              -111.64751832499996,
              40.03476752500006
            ],
            [
              -111.64776823999995,
              40.034766379000075
            ],
            [
              -111.64771686899996,
              40.031134923000025
            ]
          ]
        ]
      },
      "properties": {
        "OBJECTID": 57,
        "Join_Count": 1,
        "TARGET_FID": 777,
        "PARCEL_NO": 290610058,
        "PARCELID": "290610058",
        "PARCELID_LABEL": "29:061:0058",
        "OWNER_NAME": "TROTTER, PAUL A & MARGO B",
        "CARE_NAME": null,
        "ACREAGE": 2.1263199999999998,
        "SITE_FULL_ADDRESS": null,
        "OWN_FULL_ADDRESS": "1274 E 1280 S  SALEM, UT 84653-8516",
        "PROP_TYPE": 900,
        "PROP_TYPE_DESCR": "VACANT",
        "SPECIFIC_PROP_TYPE": 901,
        "SPC_PROP_TYP_DESCR": "Vac Res",
        "ASMT_YEAR": 2026,
        "ASMT_CODE": "V",
        "ASMT_CODE_DESCR": "VACANT",
        "MKT_LAND_VALUE": 189000,
        "MKT_CUR_VALUE": 189000,
        "MKT_PRV_VAL": 189000,
        "MKT_VAL_YR_CHG": 0,
        "MKT_PCT_CHG": 0,
        "GLOBALID": "{F7C5F2D3-9805-49F0-BC42-26AA5441EAA1}",
        "Code": null,
        "Description": "Mixed Density",
        "City": "Salem",
        "Description_detailed": null,
        "Acres": 861.42,
        "Unit_Rate": null,
        "CityName": null,
        "AdoptedDate": null,
        "Slope_Score": 10,
        "GP_Score": 7,
        "Utilities_Score": 10,
        "Wetlands_Score": 10,
        "Soil_Score": 10,
        "Ownership_Score": 10,
        "Ownership_Type": "Private",
        "Utility_Proximity_Status": "Within 1/8 Mile",
        "Final_Score": 9.25,
        "ELEV_CHANGE": 87.61749147460887,
        "SLOPE": 2.100106284076267,
        "Join_Count_12": 1,
        "TARGET_FID_12": 16294,
        "Shape_Length_12": null,
        "Shape_Area_12": null,
        "OBJECTID_1_12": null,
        "Join_Count_12_13": null,
        "TARGET_FID_12_13": null,
        "Id": 2073,
        "gridcode": 1,
        "ClassName": "Not Hydric",
        "Shape_Length_12_13": null,
        "Shape_Area_12_13": null,
        "SITE_HOUSE_NUM": null,
        "SITE_PRE_DIR": null,
        "SITE_STREET_NAME": null,
        "MKT_LAND_RES": 0,
        "MKT_LAND_AGR": 28432200,
        "MKT_LAND_COM": 0,
        "MKT_IMP_VALUE": 12100,
        "MKT_IMP_RES": 0,
        "MKT_IMP_AGR": 12100,
        "MKT_IMP_COM": 0,
        "Entry": 27804,
        "Year": 2025,
        "Record_Date": 1744848000000,
        "Grantor": "TREEHOUSE PARK LLC DBA THREE BRIDGES",
        "Grantee": "RB50 LLC",
        "Tax_Address": "NOT APPLICABLE",
        "Serial_Number": "29:063:0074",
        "Serial_Number_Available": "Yes",
        "Detail_URL": "https://www.utahcounty.gov/LandRecords/document.asp?avEntry=27804&avYear=2025",
        "Document_Type": "TR D",
        "Was_REC_": "No",
        "OBJECTID_12": 4712,
        "Shape_Length_12_13_14": 39369.732763829146,
        "Shape_Area_12_13_14": 20649895.989885233,
        "DocType": "WD",
        "Shape_Length": 0.0077638381450069495,
        "Shape_Area": 9.0751841897929e-07
      }
    },
    {
      "type": "Feature",
      "id": 58,
      "geometry": {
        "type": "Polygon",
        "coordinates": [
          [
            [
              -111.65422808899996,
              40.05655806000004
            ],
            [
              -111.65422808699998,
              40.056558050000035
            ],
            [
              -111.65422524499996,
              40.055291544000056
            ],
            [
              -111.65420892499998,
              40.05529143700005
            ],
            [
              -111.65178700499996,
              40.05527329900008
            ],
            [
              -111.65173143699997,
              40.055272882000054
            ],
            [
              -111.65149881499997,
              40.055944562000036
            ],
            [
              -111.65129843899996,
              40.05627247700005
            ],
            [
              -111.65101535799994,
              40.05656216400007
            ],
            [
              -111.65422808899996,
              40.05655806000004
            ]
          ]
        ]
      },
      "properties": {
        "OBJECTID": 58,
        "Join_Count": 1,
        "TARGET_FID": 782,
        "PARCEL_NO": 290510116,
        "PARCELID": "290510116",
        "PARCELID_LABEL": "29:051:0116",
        "OWNER_NAME": "THOMPSON, EVAN M",
        "CARE_NAME": "%THOMPSON, BRYAN E",
        "ACREAGE": 8.293155,
        "SITE_FULL_ADDRESS": null,
        "OWN_FULL_ADDRESS": "%THOMPSON, BRYAN E  748 N PLAINSMAN DR  SPANISH FORK, UT 84660",
        "PROP_TYPE": 900,
        "PROP_TYPE_DESCR": "VACANT",
        "SPECIFIC_PROP_TYPE": 901,
        "SPC_PROP_TYP_DESCR": "Vac Res",
        "ASMT_YEAR": 2026,
        "ASMT_CODE": "V",
        "ASMT_CODE_DESCR": "VACANT",
        "MKT_LAND_VALUE": 640300,
        "MKT_CUR_VALUE": 640300,
        "MKT_PRV_VAL": 640300,
        "MKT_VAL_YR_CHG": 0,
        "MKT_PCT_CHG": 0,
        "GLOBALID": "{6115F006-020C-4D52-BE9B-624E578923E4}",
        "Code": null,
        "Description": "Historic Salem Extension",
        "City": "Salem",
        "Description_detailed": null,
        "Acres": 2656.69,
        "Unit_Rate": null,
        "CityName": null,
        "AdoptedDate": null,
        "Slope_Score": 10,
        "GP_Score": 4,
        "Utilities_Score": 10,
        "Wetlands_Score": 10,
        "Soil_Score": 10,
        "Ownership_Score": 10,
        "Ownership_Type": "Private",
        "Utility_Proximity_Status": "Within 1/8 Mile",
        "Final_Score": 8.5,
        "ELEV_CHANGE": 4.487525903320602,
        "SLOPE": 1.562774180935534,
        "Join_Count_12": 1,
        "TARGET_FID_12": 16333,
        "Shape_Length_12": null,
        "Shape_Area_12": null,
        "OBJECTID_1_12": null,
        "Join_Count_12_13": null,
        "TARGET_FID_12_13": null,
        "Id": 2073,
        "gridcode": 1,
        "ClassName": "Not Hydric",
        "Shape_Length_12_13": null,
        "Shape_Area_12_13": null,
        "SITE_HOUSE_NUM": null,
        "SITE_PRE_DIR": null,
        "SITE_STREET_NAME": null,
        "MKT_LAND_RES": 0,
        "MKT_LAND_AGR": 1491500,
        "MKT_LAND_COM": 0,
        "MKT_IMP_VALUE": 0,
        "MKT_IMP_RES": 0,
        "MKT_IMP_AGR": 0,
        "MKT_IMP_COM": 0,
        "Entry": 82941,
        "Year": 2023,
        "Record_Date": 1703548800000,
        "Grantor": "PARRY, TRAVIS PARRY, SHASTA",
        "Grantee": "219 TRUE LLC",
        "Tax_Address": "NOT APPLICABLE",
        "Serial_Number": "29:051:0217",
        "Serial_Number_Available": "Yes",
        "Detail_URL": "https://www.utahcounty.gov/LandRecords/document.asp?avEntry=82941&avYear=2023",
        "Document_Type": "TR D",
        "Was_REC_": "No",
        "OBJECTID_12": 2083,
        "Shape_Length_12_13_14": 4103.426319044814,
        "Shape_Area_12_13_14": 841861.2621023058,
        "DocType": "WD",
        "Shape_Length": 0.00847327726218361,
        "Shape_Area": 3.540844535384166e-06
      }
    },
    {
      "type": "Feature",
      "id": 59,
      "geometry": {
        "type": "Polygon",
        "coordinates": [
          [
            [
              -111.65422699299995,
              40.05707237100006
            ],
            [
              -111.65422584699996,
              40.05655791800007
            ],
            [
              -111.65101533099994,
              40.05656212700006
            ],
            [
              -111.65096885699995,
              40.05661500600007
            ],
            [
              -111.65106740199997,
              40.056646761000025
            ],
            [
              -111.65106834699998,
              40.05707651300003
            ],
            [
              -111.65422699299995,
              40.05707237100006
            ]
          ]
        ]
      },
      "properties": {
        "OBJECTID": 59,
        "Join_Count": 1,
        "TARGET_FID": 784,
        "PARCEL_NO": 290500130,
        "PARCELID": "290500130",
        "PARCELID_LABEL": "29:050:0130",
        "OWNER_NAME": "THOMPSON, EVAN M",
        "CARE_NAME": "%THOMPSON, BRYAN E",
        "ACREAGE": 3.816232,
        "SITE_FULL_ADDRESS": null,
        "OWN_FULL_ADDRESS": "%THOMPSON, BRYAN E  748 N PLAINSMAN DR  SPANISH FORK, UT 84660",
        "PROP_TYPE": 900,
        "PROP_TYPE_DESCR": "VACANT",
        "SPECIFIC_PROP_TYPE": 901,
        "SPC_PROP_TYP_DESCR": "Vac Res",
        "ASMT_YEAR": 2026,
        "ASMT_CODE": "V",
        "ASMT_CODE_DESCR": "VACANT",
        "MKT_LAND_VALUE": 294600,
        "MKT_CUR_VALUE": 294600,
        "MKT_PRV_VAL": 294600,
        "MKT_VAL_YR_CHG": 0,
        "MKT_PCT_CHG": 0,
        "GLOBALID": "{A9248DDC-D60F-4970-B47E-2EE2BB68F9F5}",
        "Code": null,
        "Description": "Historic Salem Extension",
        "City": "Salem",
        "Description_detailed": null,
        "Acres": 2656.69,
        "Unit_Rate": null,
        "CityName": null,
        "AdoptedDate": null,
        "Slope_Score": 10,
        "GP_Score": 4,
        "Utilities_Score": 10,
        "Wetlands_Score": 10,
        "Soil_Score": 10,
        "Ownership_Score": 10,
        "Ownership_Type": "Private",
        "Utility_Proximity_Status": "Within 1/8 Mile",
        "Final_Score": 8.5,
        "ELEV_CHANGE": 10.846956855468306,
        "SLOPE": 2.260900594270347,
        "Join_Count_12": 1,
        "TARGET_FID_12": 16336,
        "Shape_Length_12": null,
        "Shape_Area_12": null,
        "OBJECTID_1_12": null,
        "Join_Count_12_13": null,
        "TARGET_FID_12_13": null,
        "Id": 2073,
        "gridcode": 1,
        "ClassName": "Not Hydric",
        "Shape_Length_12_13": null,
        "Shape_Area_12_13": null,
        "SITE_HOUSE_NUM": null,
        "SITE_PRE_DIR": null,
        "SITE_STREET_NAME": null,
        "MKT_LAND_RES": 0,
        "MKT_LAND_AGR": 1491500,
        "MKT_LAND_COM": 0,
        "MKT_IMP_VALUE": 0,
        "MKT_IMP_RES": 0,
        "MKT_IMP_AGR": 0,
        "MKT_IMP_COM": 0,
        "Entry": 82941,
        "Year": 2023,
        "Record_Date": 1703548800000,
        "Grantor": "PARRY, TRAVIS PARRY, SHASTA",
        "Grantee": "219 TRUE LLC",
        "Tax_Address": "NOT APPLICABLE",
        "Serial_Number": "29:051:0217",
        "Serial_Number_Available": "Yes",
        "Detail_URL": "https://www.utahcounty.gov/LandRecords/document.asp?avEntry=82941&avYear=2023",
        "Document_Type": "TR D",
        "Was_REC_": "No",
        "OBJECTID_12": 2083,
        "Shape_Length_12_13_14": 4103.426319044814,
        "Shape_Area_12_13_14": 841861.2621023058,
        "DocType": "WD",
        "Shape_Length": 0.007487308809174601,
        "Shape_Area": 1.6305181952017238e-06
      }
    },
    {
      "type": "Feature",
      "id": 60,
      "geometry": {
        "type": "Polygon",
        "coordinates": [
          [
            [
              -111.64687199299999,
              40.03477047700005
            ],
            [
              -111.64682061299999,
              40.03113742000005
            ],
            [
              -111.64623105099997,
              40.031139057000075
            ],
            [
              -111.64628278899994,
              40.034773176000044
            ],
            [
              -111.64687199299999,
              40.03477047700005
            ]
          ]
        ]
      },
      "properties": {
        "OBJECTID": 60,
        "Join_Count": 1,
        "TARGET_FID": 805,
        "PARCEL_NO": 290610008,
        "PARCELID": "290610008",
        "PARCELID_LABEL": "29:061:0008",
        "OWNER_NAME": "NEDRA T HANKS FAMILY LIVING TRUST 09-30-1998 (ET AL)",
        "CARE_NAME": null,
        "ACREAGE": 5.018000000000001,
        "SITE_FULL_ADDRESS": null,
        "OWN_FULL_ADDRESS": "PO BOX 1214  SALEM, UT 84653-1214",
        "PROP_TYPE": 900,
        "PROP_TYPE_DESCR": "VACANT",
        "SPECIFIC_PROP_TYPE": 901,
        "SPC_PROP_TYP_DESCR": "Vac Res",
        "ASMT_YEAR": 2026,
        "ASMT_CODE": "V",
        "ASMT_CODE_DESCR": "VACANT",
        "MKT_LAND_VALUE": 446200,
        "MKT_CUR_VALUE": 446200,
        "MKT_PRV_VAL": 446200,
        "MKT_VAL_YR_CHG": 0,
        "MKT_PCT_CHG": 0,
        "GLOBALID": "{74D75534-5BCB-4A94-860D-57D657136068}",
        "Code": null,
        "Description": "Mixed Density",
        "City": "Salem",
        "Description_detailed": null,
        "Acres": 861.42,
        "Unit_Rate": null,
        "CityName": null,
        "AdoptedDate": null,
        "Slope_Score": 10,
        "GP_Score": 7,
        "Utilities_Score": 0,
        "Wetlands_Score": 10,
        "Soil_Score": 10,
        "Ownership_Score": 10,
        "Ownership_Type": "Private",
        "Utility_Proximity_Status": "Not Within 1/8 Mile",
        "Final_Score": 6.75,
        "ELEV_CHANGE": 87.61749147460887,
        "SLOPE": 2.100106284076267,
        "Join_Count_12": 1,
        "TARGET_FID_12": 16414,
        "Shape_Length_12": null,
        "Shape_Area_12": null,
        "OBJECTID_1_12": null,
        "Join_Count_12_13": null,
        "TARGET_FID_12_13": null,
        "Id": 2073,
        "gridcode": 1,
        "ClassName": "Not Hydric",
        "Shape_Length_12_13": null,
        "Shape_Area_12_13": null,
        "SITE_HOUSE_NUM": null,
        "SITE_PRE_DIR": null,
        "SITE_STREET_NAME": null,
        "MKT_LAND_RES": 0,
        "MKT_LAND_AGR": 28432200,
        "MKT_LAND_COM": 0,
        "MKT_IMP_VALUE": 12100,
        "MKT_IMP_RES": 0,
        "MKT_IMP_AGR": 12100,
        "MKT_IMP_COM": 0,
        "Entry": 27804,
        "Year": 2025,
        "Record_Date": 1744848000000,
        "Grantor": "TREEHOUSE PARK LLC DBA THREE BRIDGES",
        "Grantee": "RB50 LLC",
        "Tax_Address": "NOT APPLICABLE",
        "Serial_Number": "29:063:0074",
        "Serial_Number_Available": "Yes",
        "Detail_URL": "https://www.utahcounty.gov/LandRecords/document.asp?avEntry=27804&avYear=2025",
        "Document_Type": "TR D",
        "Was_REC_": "No",
        "OBJECTID_12": 4712,
        "Shape_Length_12_13_14": 39369.732763829146,
        "Shape_Area_12_13_14": 20649895.989885233,
        "DocType": "WD",
        "Shape_Length": 0.008446682024987431,
        "Shape_Area": 2.141686776228414e-06
      }
    },
    {
      "type": "Feature",
      "id": 61,
      "geometry": {
        "type": "Polygon",
        "coordinates": [
          [
            [
              -111.70972992099996,
              40.042783851000024
            ],
            [
              -111.709025296,
              40.04278240600007
            ],
            [
              -111.70901901499997,
              40.04458929800006
            ],
            [
              -111.70972358599994,
              40.044612018000066
            ],
            [
              -111.70972992099996,
              40.042783851000024
            ]
          ]
        ]
      },
      "properties": {
        "OBJECTID": 61,
        "Join_Count": 1,
        "TARGET_FID": 806,
        "PARCEL_NO": 300300068,
        "PARCELID": "300300068",
        "PARCELID_LABEL": "30:030:0068",
        "OWNER_NAME": "BAR K DEVELOPMENT LC",
        "CARE_NAME": null,
        "ACREAGE": 3.00004,
        "SITE_FULL_ADDRESS": "PAYSON, UT",
        "OWN_FULL_ADDRESS": "39 PROFESSIONAL WY  PAYSON, UT 84651-1675",
        "PROP_TYPE": 904,
        "PROP_TYPE_DESCR": "VACANT APARTMENT",
        "SPECIFIC_PROP_TYPE": 941,
        "SPC_PROP_TYP_DESCR": "Vac Apt Lot",
        "ASMT_YEAR": 2026,
        "ASMT_CODE": "V",
        "ASMT_CODE_DESCR": "VACANT",
        "MKT_LAND_VALUE": 1097200,
        "MKT_CUR_VALUE": 1097200,
        "MKT_PRV_VAL": 1097200,
        "MKT_VAL_YR_CHG": 0,
        "MKT_PCT_CHG": 0,
        "GLOBALID": "{6E97CC06-D2B4-4F0F-9C56-11A99D7D057F}",
        "Code": "MUC",
        "Description": "Mixed Use Center",
        "City": "Payson",
        "Description_detailed": null,
        "Acres": null,
        "Unit_Rate": null,
        "CityName": null,
        "AdoptedDate": null,
        "Slope_Score": 10,
        "GP_Score": 7,
        "Utilities_Score": 10,
        "Wetlands_Score": 10,
        "Soil_Score": 10,
        "Ownership_Score": 5,
        "Ownership_Type": "Business",
        "Utility_Proximity_Status": "Within 1/8 Mile",
        "Final_Score": 8.5,
        "ELEV_CHANGE": 0.09531737304678245,
        "SLOPE": 0.013481914527670155,
        "Join_Count_12": 3,
        "TARGET_FID_12": 16425,
        "Shape_Length_12": null,
        "Shape_Area_12": null,
        "OBJECTID_1_12": null,
        "Join_Count_12_13": null,
        "TARGET_FID_12_13": null,
        "Id": 2073,
        "gridcode": 1,
        "ClassName": "Not Hydric",
        "Shape_Length_12_13": null,
        "Shape_Area_12_13": null,
        "SITE_HOUSE_NUM": "1347",
        "SITE_PRE_DIR": "E",
        "SITE_STREET_NAME": "50 SOUTH",
        "MKT_LAND_RES": 5444900,
        "MKT_LAND_AGR": 0,
        "MKT_LAND_COM": 0,
        "MKT_IMP_VALUE": 16723500,
        "MKT_IMP_RES": 16723500,
        "MKT_IMP_AGR": 0,
        "MKT_IMP_COM": 0,
        "Entry": 49699,
        "Year": 2025,
        "Record_Date": 1751500800000,
        "Grantor": "SUITE 55 LC",
        "Grantee": "SECURE PRIVATE FUND LLC",
        "Tax_Address": "NOT APPLICABLE",
        "Serial_Number": "66:747:0001",
        "Serial_Number_Available": "Yes",
        "Detail_URL": "https://www.utahcounty.gov/LandRecords/document.asp?avEntry=49699&avYear=2025",
        "Document_Type": "TR D",
        "Was_REC_": "No",
        "OBJECTID_12": 5126,
        "Shape_Length_12_13_14": 2245.4209205910583,
        "Shape_Area_12_13_14": 287941.2004277282,
        "DocType": "WD",
        "Shape_Length": 0.005044644600333355,
        "Shape_Area": 1.2807038670085216e-06
      }
    },
    {
      "type": "Feature",
      "id": 62,
      "geometry": {
        "type": "Polygon",
        "coordinates": [
          [
            [
              -111.70972422499995,
              40.044433541000046
            ],
            [
              -111.70972067499997,
              40.04545791000004
            ],
            [
              -111.71044618299999,
              40.04532729500005
            ],
            [
              -111.71106572499997,
              40.045220080000036
            ],
            [
              -111.71106404299996,
              40.04404540300004
            ],
            [
              -111.71022906899998,
              40.044043706000025
            ],
            [
              -111.70972422499995,
              40.044433541000046
            ]
          ]
        ]
      },
      "properties": {
        "OBJECTID": 62,
        "Join_Count": 1,
        "TARGET_FID": 808,
        "PARCEL_NO": 300300076,
        "PARCELID": "300300076",
        "PARCELID_LABEL": "30:030:0076",
        "OWNER_NAME": "BAR K DEVELOPMENT LC",
        "CARE_NAME": null,
        "ACREAGE": 3.8354719999999998,
        "SITE_FULL_ADDRESS": null,
        "OWN_FULL_ADDRESS": "39 PROFESSIONAL WY  PAYSON, UT 84651-1675",
        "PROP_TYPE": 903,
        "PROP_TYPE_DESCR": "VACANT COMMERCIAL",
        "SPECIFIC_PROP_TYPE": 905,
        "SPC_PROP_TYP_DESCR": "Vac Com Lot",
        "ASMT_YEAR": 2026,
        "ASMT_CODE": "V",
        "ASMT_CODE_DESCR": "VACANT",
        "MKT_LAND_VALUE": 1327300,
        "MKT_CUR_VALUE": 1327300,
        "MKT_PRV_VAL": 1327300,
        "MKT_VAL_YR_CHG": 0,
        "MKT_PCT_CHG": 0,
        "GLOBALID": "{6916C1DD-4F43-441C-AECC-FF8F0721B8A6}",
        "Code": "MUC",
        "Description": "Mixed Use Center",
        "City": "Payson",
        "Description_detailed": null,
        "Acres": null,
        "Unit_Rate": null,
        "CityName": null,
        "AdoptedDate": null,
        "Slope_Score": 10,
        "GP_Score": 7,
        "Utilities_Score": 10,
        "Wetlands_Score": 10,
        "Soil_Score": 10,
        "Ownership_Score": 5,
        "Ownership_Type": "Business",
        "Utility_Proximity_Status": "Within 1/8 Mile",
        "Final_Score": 8.5,
        "ELEV_CHANGE": 1.5923608203129334,
        "SLOPE": 0.0772333744733146,
        "Join_Count_12": 14,
        "TARGET_FID_12": 16427,
        "Shape_Length_12": null,
        "Shape_Area_12": null,
        "OBJECTID_1_12": null,
        "Join_Count_12_13": null,
        "TARGET_FID_12_13": null,
        "Id": 2073,
        "gridcode": 1,
        "ClassName": "Not Hydric",
        "Shape_Length_12_13": null,
        "Shape_Area_12_13": null,
        "SITE_HOUSE_NUM": "1347",
        "SITE_PRE_DIR": "E",
        "SITE_STREET_NAME": "50 SOUTH",
        "MKT_LAND_RES": 5444900,
        "MKT_LAND_AGR": 0,
        "MKT_LAND_COM": 0,
        "MKT_IMP_VALUE": 16723500,
        "MKT_IMP_RES": 16723500,
        "MKT_IMP_AGR": 0,
        "MKT_IMP_COM": 0,
        "Entry": 49699,
        "Year": 2025,
        "Record_Date": 1751500800000,
        "Grantor": "SUITE 55 LC",
        "Grantee": "SECURE PRIVATE FUND LLC",
        "Tax_Address": "NOT APPLICABLE",
        "Serial_Number": "66:747:0001",
        "Serial_Number_Available": "Yes",
        "Detail_URL": "https://www.utahcounty.gov/LandRecords/document.asp?avEntry=49699&avYear=2025",
        "Document_Type": "TR D",
        "Was_REC_": "No",
        "OBJECTID_12": 5126,
        "Shape_Length_12_13_14": 2245.4209205910583,
        "Shape_Area_12_13_14": 287941.2004277282,
        "DocType": "WD",
        "Shape_Length": 0.005037790575407937,
        "Shape_Area": 1.6373560676761883e-06
      }
    },
    {
      "type": "Feature",
      "id": 63,
      "geometry": {
        "type": "Polygon",
        "coordinates": [
          [
            [
              -111.66180262299997,
              40.045526005000056
            ],
            [
              -111.661785711,
              40.04374003600003
            ],
            [
              -111.66119938199995,
              40.04373849500007
            ],
            [
              -111.66119941999995,
              40.04374370900007
            ],
            [
              -111.66120292799997,
              40.04462547500003
            ],
            [
              -111.66121103299997,
              40.04462541000004
            ],
            [
              -111.66121130999994,
              40.04467607200007
            ],
            [
              -111.66169814599999,
              40.044672768000055
            ],
            [
              -111.66170623099998,
              40.045526659000075
            ],
            [
              -111.66180260699997,
              40.04552600400007
            ],
            [
              -111.66180262299997,
              40.045526005000056
            ]
          ]
        ]
      },
      "properties": {
        "OBJECTID": 63,
        "Join_Count": 1,
        "TARGET_FID": 972,
        "PARCEL_NO": 300400164,
        "PARCELID": "300400164",
        "PARCELID_LABEL": "30:040:0164",
        "OWNER_NAME": "GENE & DEBORAH MECHAM FAMILY TRUST 08-08-2018 THE (ET AL)",
        "CARE_NAME": null,
        "ACREAGE": 1.4804199999999998,
        "SITE_FULL_ADDRESS": null,
        "OWN_FULL_ADDRESS": "626 E 600 S  SALEM, UT 84653-8504",
        "PROP_TYPE": 900,
        "PROP_TYPE_DESCR": "VACANT",
        "SPECIFIC_PROP_TYPE": 901,
        "SPC_PROP_TYP_DESCR": "Vac Res",
        "ASMT_YEAR": 2026,
        "ASMT_CODE": "V",
        "ASMT_CODE_DESCR": "VACANT",
        "MKT_LAND_VALUE": 131700,
        "MKT_CUR_VALUE": 131700,
        "MKT_PRV_VAL": 131700,
        "MKT_VAL_YR_CHG": 0,
        "MKT_PCT_CHG": 0,
        "GLOBALID": "{A4A048F4-F2CE-4311-A877-1381936A6921}",
        "Code": null,
        "Description": "Historic Salem",
        "City": "Salem",
        "Description_detailed": null,
        "Acres": 1830.7,
        "Unit_Rate": null,
        "CityName": null,
        "AdoptedDate": null,
        "Slope_Score": 10,
        "GP_Score": 4,
        "Utilities_Score": 10,
        "Wetlands_Score": 10,
        "Soil_Score": 10,
        "Ownership_Score": 10,
        "Ownership_Type": "Private",
        "Utility_Proximity_Status": "Within 1/8 Mile",
        "Final_Score": 8.5,
        "ELEV_CHANGE": 8.555735463866768,
        "SLOPE": 0.6668844742319675,
        "Join_Count_12": 1,
        "TARGET_FID_12": 17129,
        "Shape_Length_12": null,
        "Shape_Area_12": null,
        "OBJECTID_1_12": null,
        "Join_Count_12_13": null,
        "TARGET_FID_12_13": null,
        "Id": 2073,
        "gridcode": 1,
        "ClassName": "Not Hydric",
        "Shape_Length_12_13": null,
        "Shape_Area_12_13": null,
        "SITE_HOUSE_NUM": "635",
        "SITE_PRE_DIR": "E",
        "SITE_STREET_NAME": "820 SOUTH",
        "MKT_LAND_RES": 297800,
        "MKT_LAND_AGR": 153600,
        "MKT_LAND_COM": 0,
        "MKT_IMP_VALUE": 1398200,
        "MKT_IMP_RES": 1176300,
        "MKT_IMP_AGR": 221900,
        "MKT_IMP_COM": 0,
        "Entry": 52203,
        "Year": 2023,
        "Record_Date": 1691625600000,
        "Grantor": "SOUTHAM, PAUL",
        "Grantee": "LOBO LENDING LLC",
        "Tax_Address": "NOT APPLICABLE",
        "Serial_Number": "66:413:0002",
        "Serial_Number_Available": "Yes",
        "Detail_URL": "https://www.utahcounty.gov/LandRecords/document.asp?avEntry=52203&avYear=2023",
        "Document_Type": "TR D",
        "Was_REC_": "No",
        "OBJECTID_12": 1304,
        "Shape_Length_12_13_14": 1714.2673085347565,
        "Shape_Area_12_13_14": 118815.13689201666,
        "DocType": "WD",
        "Shape_Length": 0.004755305974460062,
        "Shape_Area": 6.324069927982388e-07
      }
    },
    {
      "type": "Feature",
      "id": 64,
      "geometry": {
        "type": "Polygon",
        "coordinates": [
          [
            [
              -111.69180613299994,
              40.031609950000075
            ],
            [
              -111.69180613599997,
              40.031609942000046
            ],
            [
              -111.69178833099994,
              40.03079009100003
            ],
            [
              -111.69178796899996,
              40.03076470600007
            ],
            [
              -111.68901473699998,
              40.03080360400003
            ],
            [
              -111.68903311399998,
              40.03165130800005
            ],
            [
              -111.69134363499995,
              40.03162130700008
            ],
            [
              -111.69180613299994,
              40.031609950000075
            ]
          ]
        ]
      },
      "properties": {
        "OBJECTID": 64,
        "Join_Count": 1,
        "TARGET_FID": 975,
        "PARCEL_NO": 300450060,
        "PARCELID": "300450060",
        "PARCELID_LABEL": "30:045:0060",
        "OWNER_NAME": "VALLEY POWER LLC",
        "CARE_NAME": null,
        "ACREAGE": 5.51227,
        "SITE_FULL_ADDRESS": null,
        "OWN_FULL_ADDRESS": "68 DEER CREEK TRL  ELK RIDGE, UT 84651-5659",
        "PROP_TYPE": 900,
        "PROP_TYPE_DESCR": "VACANT",
        "SPECIFIC_PROP_TYPE": 901,
        "SPC_PROP_TYP_DESCR": "Vac Res",
        "ASMT_YEAR": 2026,
        "ASMT_CODE": "V",
        "ASMT_CODE_DESCR": "VACANT",
        "MKT_LAND_VALUE": 425500,
        "MKT_CUR_VALUE": 425500,
        "MKT_PRV_VAL": 425500,
        "MKT_VAL_YR_CHG": 0,
        "MKT_PCT_CHG": 0,
        "GLOBALID": "{3B5266D0-565E-4A07-92CC-284E1B2D77CA}",
        "Code": null,
        "Description": "Historic Salem Extension",
        "City": "Salem",
        "Description_detailed": null,
        "Acres": 2656.69,
        "Unit_Rate": null,
        "CityName": null,
        "AdoptedDate": null,
        "Slope_Score": 10,
        "GP_Score": 4,
        "Utilities_Score": 10,
        "Wetlands_Score": 0,
        "Soil_Score": 10,
        "Ownership_Score": 5,
        "Ownership_Type": "Business",
        "Utility_Proximity_Status": "Within 1/8 Mile",
        "Final_Score": 6.25,
        "ELEV_CHANGE": 98.6214416503908,
        "SLOPE": 3.7435494007001164,
        "Join_Count_12": 1,
        "TARGET_FID_12": 17142,
        "Shape_Length_12": null,
        "Shape_Area_12": null,
        "OBJECTID_1_12": null,
        "Join_Count_12_13": null,
        "TARGET_FID_12_13": null,
        "Id": 2073,
        "gridcode": 1,
        "ClassName": "Not Hydric",
        "Shape_Length_12_13": null,
        "Shape_Area_12_13": null,
        "SITE_HOUSE_NUM": null,
        "SITE_PRE_DIR": null,
        "SITE_STREET_NAME": null,
        "MKT_LAND_RES": 0,
        "MKT_LAND_AGR": 425500,
        "MKT_LAND_COM": 0,
        "MKT_IMP_VALUE": 0,
        "MKT_IMP_RES": 0,
        "MKT_IMP_AGR": 0,
        "MKT_IMP_COM": 0,
        "Entry": 41190,
        "Year": 2023,
        "Record_Date": 1687737600000,
        "Grantor": "VALLEY POWER LLC MITCHELL, LEWIS MARTIN MITCHELL, TORI",
        "Grantee": "BEIFUSS ASSET PROTECTION TRUST 02-13-2015",
        "Tax_Address": "NOT APPLICABLE",
        "Serial_Number": "30:045:0060",
        "Serial_Number_Available": "Yes",
        "Detail_URL": "https://www.utahcounty.gov/LandRecords/document.asp?avEntry=41190&avYear=2023",
        "Document_Type": "TR D",
        "Was_REC_": "No",
        "OBJECTID_12": 1030,
        "Shape_Length_12_13_14": 2170.032772839014,
        "Shape_Area_12_13_14": 240115.6920015405,
        "DocType": "WD",
        "Shape_Length": 0.007240201578860156,
        "Shape_Area": 2.354218128978774e-06
      }
    },
    {
      "type": "Feature",
      "id": 65,
      "geometry": {
        "type": "Polygon",
        "coordinates": [
          [
            [
              -111.69046172699996,
              40.031628312000066
            ],
            [
              -111.68844755999999,
              40.03165529100005
            ],
            [
              -111.68845807999998,
              40.03229085500004
            ],
            [
              -111.69047226599997,
              40.03226387500007
            ],
            [
              -111.69046172699996,
              40.031628312000066
            ]
          ]
        ]
      },
      "properties": {
        "OBJECTID": 65,
        "Join_Count": 1,
        "TARGET_FID": 988,
        "PARCEL_NO": 300450013,
        "PARCELID": "300450013",
        "PARCELID_LABEL": "30:045:0013",
        "OWNER_NAME": "MJL DEVELOPMENT LLC",
        "CARE_NAME": null,
        "ACREAGE": 3,
        "SITE_FULL_ADDRESS": null,
        "OWN_FULL_ADDRESS": "846 N 1200 E  MAPLETON, UT 84664",
        "PROP_TYPE": 900,
        "PROP_TYPE_DESCR": "VACANT",
        "SPECIFIC_PROP_TYPE": 901,
        "SPC_PROP_TYP_DESCR": "Vac Res",
        "ASMT_YEAR": 2026,
        "ASMT_CODE": "V",
        "ASMT_CODE_DESCR": "VACANT",
        "MKT_LAND_VALUE": 231600,
        "MKT_CUR_VALUE": 231600,
        "MKT_PRV_VAL": 231600,
        "MKT_VAL_YR_CHG": 0,
        "MKT_PCT_CHG": 0,
        "GLOBALID": "{18BAA31D-5BE5-470A-9CED-C9A5446B6EE6}",
        "Code": null,
        "Description": "Historic Salem Extension",
        "City": "Salem",
        "Description_detailed": null,
        "Acres": 2656.69,
        "Unit_Rate": null,
        "CityName": null,
        "AdoptedDate": null,
        "Slope_Score": 10,
        "GP_Score": 4,
        "Utilities_Score": 10,
        "Wetlands_Score": 10,
        "Soil_Score": 10,
        "Ownership_Score": 5,
        "Ownership_Type": "Business",
        "Utility_Proximity_Status": "Within 1/8 Mile",
        "Final_Score": 7.75,
        "ELEV_CHANGE": 98.6214416503908,
        "SLOPE": 3.7435494007001164,
        "Join_Count_12": 1,
        "TARGET_FID_12": 17210,
        "Shape_Length_12": null,
        "Shape_Area_12": null,
        "OBJECTID_1_12": null,
        "Join_Count_12_13": null,
        "TARGET_FID_12_13": null,
        "Id": 2073,
        "gridcode": 1,
        "ClassName": "Not Hydric",
        "Shape_Length_12_13": null,
        "Shape_Area_12_13": null,
        "SITE_HOUSE_NUM": null,
        "SITE_PRE_DIR": null,
        "SITE_STREET_NAME": null,
        "MKT_LAND_RES": 0,
        "MKT_LAND_AGR": 425500,
        "MKT_LAND_COM": 0,
        "MKT_IMP_VALUE": 0,
        "MKT_IMP_RES": 0,
        "MKT_IMP_AGR": 0,
        "MKT_IMP_COM": 0,
        "Entry": 41190,
        "Year": 2023,
        "Record_Date": 1687737600000,
        "Grantor": "VALLEY POWER LLC MITCHELL, LEWIS MARTIN MITCHELL, TORI",
        "Grantee": "BEIFUSS ASSET PROTECTION TRUST 02-13-2015",
        "Tax_Address": "NOT APPLICABLE",
        "Serial_Number": "30:045:0060",
        "Serial_Number_Available": "Yes",
        "Detail_URL": "https://www.utahcounty.gov/LandRecords/document.asp?avEntry=41190&avYear=2023",
        "Document_Type": "TR D",
        "Was_REC_": "No",
        "OBJECTID_12": 1030,
        "Shape_Length_12_13_14": 2170.032772839014,
        "Shape_Area_12_13_14": 240115.6920015405,
        "DocType": "WD",
        "Shape_Length": 0.005300015801255482,
        "Shape_Area": 1.2804211465877366e-06
      }
    },
    {
      "type": "Feature",
      "id": 66,
      "geometry": {
        "type": "Polygon",
        "coordinates": [
          [
            [
              -111.68720324499998,
              40.03872887700004
            ],
            [
              -111.68720327499994,
              40.038728879000075
            ],
            [
              -111.68792073999998,
              40.03851562300008
            ],
            [
              -111.68792054099998,
              40.03844259300007
            ],
            [
              -111.68822238099995,
              40.03835484600006
            ],
            [
              -111.68855458599995,
              40.038256138000065
            ],
            [
              -111.68889189299995,
              40.038152997000054
            ],
            [
              -111.68891711099997,
              40.034339474000035
            ],
            [
              -111.68714475699994,
              40.03434024400008
            ],
            [
              -111.68714417599995,
              40.03479011600007
            ],
            [
              -111.68720324499998,
              40.03872887700004
            ]
          ]
        ]
      },
      "properties": {
        "OBJECTID": 66,
        "Join_Count": 1,
        "TARGET_FID": 992,
        "PARCEL_NO": 300460125,
        "PARCELID": "300460125",
        "PARCELID_LABEL": "30:046:0125",
        "OWNER_NAME": "KARL WRIGHT DYNASTY TRUST 07-14-2021 (ET AL)",
        "CARE_NAME": null,
        "ACREAGE": 16.644025,
        "SITE_FULL_ADDRESS": null,
        "OWN_FULL_ADDRESS": "935 S 250 W  SALEM, UT 84653",
        "PROP_TYPE": 900,
        "PROP_TYPE_DESCR": "VACANT",
        "SPECIFIC_PROP_TYPE": 901,
        "SPC_PROP_TYP_DESCR": "Vac Res",
        "ASMT_YEAR": 2026,
        "ASMT_CODE": "V",
        "ASMT_CODE_DESCR": "VACANT",
        "MKT_LAND_VALUE": 2219800,
        "MKT_CUR_VALUE": 2219800,
        "MKT_PRV_VAL": 2219800,
        "MKT_VAL_YR_CHG": 0,
        "MKT_PCT_CHG": 0,
        "GLOBALID": "{B84EA6BF-AEA7-42A7-A542-C497E5475C59}",
        "Code": null,
        "Description": "Historic Salem Extension",
        "City": "Salem",
        "Description_detailed": null,
        "Acres": 2656.69,
        "Unit_Rate": null,
        "CityName": null,
        "AdoptedDate": null,
        "Slope_Score": 10,
        "GP_Score": 4,
        "Utilities_Score": 10,
        "Wetlands_Score": 10,
        "Soil_Score": 10,
        "Ownership_Score": 10,
        "Ownership_Type": "Private",
        "Utility_Proximity_Status": "Within 1/8 Mile",
        "Final_Score": 8.5,
        "ELEV_CHANGE": 3.3705504687495704,
        "SLOPE": 0.20100214978301592,
        "Join_Count_12": 1,
        "TARGET_FID_12": 17232,
        "Shape_Length_12": null,
        "Shape_Area_12": null,
        "OBJECTID_1_12": null,
        "Join_Count_12_13": null,
        "TARGET_FID_12_13": null,
        "Id": 2073,
        "gridcode": 1,
        "ClassName": "Not Hydric",
        "Shape_Length_12_13": null,
        "Shape_Area_12_13": null,
        "SITE_HOUSE_NUM": "1084",
        "SITE_PRE_DIR": "S",
        "SITE_STREET_NAME": "670 WEST",
        "MKT_LAND_RES": 248000,
        "MKT_LAND_AGR": 0,
        "MKT_LAND_COM": 0,
        "MKT_IMP_VALUE": 434300,
        "MKT_IMP_RES": 434300,
        "MKT_IMP_AGR": 0,
        "MKT_IMP_COM": 0,
        "Entry": 46870,
        "Year": 2025,
        "Record_Date": 1750723200000,
        "Grantor": "ALLEN, COREY LYN",
        "Grantee": "AMERICA FIRST FEDERAL CREDIT UNION",
        "Tax_Address": "NOT APPLICABLE",
        "Serial_Number": "51:644:0003",
        "Serial_Number_Available": "Yes",
        "Detail_URL": "https://www.utahcounty.gov/LandRecords/document.asp?avEntry=46870&avYear=2025",
        "Document_Type": "TR D",
        "Was_REC_": "No",
        "OBJECTID_12": 5079,
        "Shape_Length_12_13_14": 459.7134298002893,
        "Shape_Area_12_13_14": 13187.150839384482,
        "DocType": "WD",
        "Shape_Length": 0.01181020396809451,
        "Shape_Area": 7.108766788965483e-06
      }
    },
    {
      "type": "Feature",
      "id": 67,
      "geometry": {
        "type": "Polygon",
        "coordinates": [
          [
            [
              -111.82241502799997,
              39.982297258000074
            ],
            [
              -111.82419876299997,
              39.982280510000066
            ],
            [
              -111.82418739099995,
              39.97986692000006
            ],
            [
              -111.81947840299995,
              39.97987995500006
            ],
            [
              -111.81948977299999,
              39.98232892200008
            ],
            [
              -111.82200836299995,
              39.98230082900005
            ],
            [
              -111.82241502799997,
              39.982297258000074
            ]
          ]
        ]
      },
      "properties": {
        "OBJECTID": 67,
        "Join_Count": 1,
        "TARGET_FID": 1054,
        "PARCEL_NO": 320090030,
        "PARCELID": "320090030",
        "PARCELID_LABEL": "32:009:0030",
        "OWNER_NAME": "PAUL E AND DARLA R JARVIS FAMILY TRUST 07-29-2016 (ET AL)",
        "CARE_NAME": null,
        "ACREAGE": 26.815402,
        "SITE_FULL_ADDRESS": null,
        "OWN_FULL_ADDRESS": "335 E 400 S  SANTAQUIN, UT 84655-8085",
        "PROP_TYPE": 900,
        "PROP_TYPE_DESCR": "VACANT",
        "SPECIFIC_PROP_TYPE": 901,
        "SPC_PROP_TYP_DESCR": "Vac Res",
        "ASMT_YEAR": 2026,
        "ASMT_CODE": "V",
        "ASMT_CODE_DESCR": "VACANT",
        "MKT_LAND_VALUE": 288400,
        "MKT_CUR_VALUE": 288400,
        "MKT_PRV_VAL": 288400,
        "MKT_VAL_YR_CHG": 0,
        "MKT_PCT_CHG": 0,
        "GLOBALID": "{DE06433E-0F82-4BB3-B36E-54A7A2E41EC6}",
        "Code": null,
        "Description": "Medium Density Residential",
        "City": "Santaquin",
        "Description_detailed": "Any Residential",
        "Acres": null,
        "Unit_Rate": null,
        "CityName": null,
        "AdoptedDate": null,
        "Slope_Score": 10,
        "GP_Score": 8,
        "Utilities_Score": 5,
        "Wetlands_Score": 10,
        "Soil_Score": 10,
        "Ownership_Score": 10,
        "Ownership_Type": "Private",
        "Utility_Proximity_Status": "Unknown - No Data",
        "Final_Score": 8.25,
        "ELEV_CHANGE": 13.026440654297403,
        "SLOPE": 2.732870483637267,
        "Join_Count_12": 1,
        "TARGET_FID_12": 18457,
        "Shape_Length_12": null,
        "Shape_Area_12": null,
        "OBJECTID_1_12": null,
        "Join_Count_12_13": null,
        "TARGET_FID_12_13": null,
        "Id": 2073,
        "gridcode": 1,
        "ClassName": "Not Hydric",
        "Shape_Length_12_13": null,
        "Shape_Area_12_13": null,
        "SITE_HOUSE_NUM": "924",
        "SITE_PRE_DIR": "E",
        "SITE_STREET_NAME": "715 SOUTH",
        "MKT_LAND_RES": 220900,
        "MKT_LAND_AGR": 42800,
        "MKT_LAND_COM": 0,
        "MKT_IMP_VALUE": 654500,
        "MKT_IMP_RES": 654500,
        "MKT_IMP_AGR": 0,
        "MKT_IMP_COM": 0,
        "Entry": 78605,
        "Year": 2023,
        "Record_Date": 1701734400000,
        "Grantor": "COLLARD, JAMES R COLLARD, ASHLEE M",
        "Grantee": "AMERICA FIRST FEDERAL CREDIT UNION",
        "Tax_Address": "NOT APPLICABLE",
        "Serial_Number": "40:444:0004",
        "Serial_Number_Available": "Yes",
        "Detail_URL": "https://www.utahcounty.gov/LandRecords/document.asp?avEntry=78605&avYear=2023",
        "Document_Type": "TR D",
        "Was_REC_": "No",
        "OBJECTID_12": 1989,
        "Shape_Length_12_13_14": 1481.2519201628284,
        "Shape_Area_12_13_14": 108481.0707558136,
        "DocType": "WD",
        "Shape_Length": 0.014280857201535144,
        "Shape_Area": 1.1444253784744248e-05
      }
    },
    {
      "type": "Feature",
      "id": 68,
      "geometry": {
        "type": "Polygon",
        "coordinates": [
          [
            [
              -111.77658898699997,
              39.95855303900004
            ],
            [
              -111.77660405099999,
              39.96038409300007
            ],
            [
              -111.77711847299997,
              39.960371261000034
            ],
            [
              -111.77778936499999,
              39.960358805000055
            ],
            [
              -111.77865767199995,
              39.96034491700004
            ],
            [
              -111.77865642499995,
              39.95958799400006
            ],
            [
              -111.77695639799998,
              39.959000643000024
            ],
            [
              -111.77695375099995,
              39.95867906900003
            ],
            [
              -111.77658898699997,
              39.95855303900004
            ]
          ]
        ]
      },
      "properties": {
        "OBJECTID": 68,
        "Join_Count": 1,
        "TARGET_FID": 1074,
        "PARCEL_NO": 320180161,
        "PARCELID": "320180161",
        "PARCELID_LABEL": "32:018:0161",
        "OWNER_NAME": "ROBBINS, GLADE & KELLIE FOWERS",
        "CARE_NAME": null,
        "ACREAGE": 5.732525,
        "SITE_FULL_ADDRESS": "SANTAQUIN, UT",
        "OWN_FULL_ADDRESS": "14792 S 5200 W  SANTAQUIN, UT 84655-6103",
        "PROP_TYPE": 900,
        "PROP_TYPE_DESCR": "VACANT",
        "SPECIFIC_PROP_TYPE": 901,
        "SPC_PROP_TYP_DESCR": "Vac Res",
        "ASMT_YEAR": 2026,
        "ASMT_CODE": "V",
        "ASMT_CODE_DESCR": "VACANT",
        "MKT_LAND_VALUE": 101200,
        "MKT_CUR_VALUE": 101200,
        "MKT_PRV_VAL": 101200,
        "MKT_VAL_YR_CHG": 0,
        "MKT_PCT_CHG": 0,
        "GLOBALID": "{62A19665-6017-4DC1-9701-C2E7DD69C7FA}",
        "Code": null,
        "Description": "Medium Density Residential",
        "City": "Santaquin",
        "Description_detailed": "Any Residential",
        "Acres": null,
        "Unit_Rate": null,
        "CityName": null,
        "AdoptedDate": null,
        "Slope_Score": 7,
        "GP_Score": 8,
        "Utilities_Score": 10,
        "Wetlands_Score": 10,
        "Soil_Score": 10,
        "Ownership_Score": 10,
        "Ownership_Type": "Private",
        "Utility_Proximity_Status": "Within 1/8 Mile",
        "Final_Score": 9.2,
        "ELEV_CHANGE": 7.942179936523644,
        "SLOPE": 6.630129938466081,
        "Join_Count_12": 1,
        "TARGET_FID_12": 18706,
        "Shape_Length_12": null,
        "Shape_Area_12": null,
        "OBJECTID_1_12": null,
        "Join_Count_12_13": null,
        "TARGET_FID_12_13": null,
        "Id": 2073,
        "gridcode": 1,
        "ClassName": "Not Hydric",
        "Shape_Length_12_13": null,
        "Shape_Area_12_13": null,
        "SITE_HOUSE_NUM": "14975",
        "SITE_PRE_DIR": "S",
        "SITE_STREET_NAME": "CANYON RD",
        "MKT_LAND_RES": 271800,
        "MKT_LAND_AGR": 335000,
        "MKT_LAND_COM": 0,
        "MKT_IMP_VALUE": 803300,
        "MKT_IMP_RES": 803300,
        "MKT_IMP_AGR": 0,
        "MKT_IMP_COM": 0,
        "Entry": 80173,
        "Year": 2024,
        "Record_Date": 1731542400000,
        "Grantor": "JONES, AARON L JONES, JULIE",
        "Grantee": "UTAH FIRST FEDERAL CREDIT UNION",
        "Tax_Address": "NOT APPLICABLE",
        "Serial_Number": "32:018:0333",
        "Serial_Number_Available": "Yes",
        "Detail_URL": "https://www.utahcounty.gov/LandRecords/document.asp?avEntry=80173&avYear=2024",
        "Document_Type": "TR D",
        "Was_REC_": "No",
        "OBJECTID_12": 3896,
        "Shape_Length_12_13_14": 2959.6386245223052,
        "Shape_Area_12_13_14": 534233.040374044,
        "DocType": "WD",
        "Shape_Length": 0.007148186159003767,
        "Shape_Area": 2.4443049379653775e-06
      }
    },
    {
      "type": "Feature",
      "id": 69,
      "geometry": {
        "type": "Polygon",
        "coordinates": [
          [
            [
              -111.80922343699996,
              39.94408770100006
            ],
            [
              -111.80917676899998,
              39.944147059000045
            ],
            [
              -111.80919456199996,
              39.94414702600005
            ],
            [
              -111.80792180699996,
              39.945765867000034
            ],
            [
              -111.81101866199998,
              39.94575762000005
            ],
            [
              -111.81100686999997,
              39.94314722900003
            ],
            [
              -111.80987937299994,
              39.94314930300004
            ],
            [
              -111.80922343699996,
              39.94408770100006
            ]
          ]
        ]
      },
      "properties": {
        "OBJECTID": 69,
        "Join_Count": 1,
        "TARGET_FID": 1076,
        "PARCEL_NO": 320210101,
        "PARCELID": "320210101",
        "PARCELID_LABEL": "32:021:0101",
        "OWNER_NAME": "LG SQ1 LLC",
        "CARE_NAME": null,
        "ACREAGE": 12.755593,
        "SITE_FULL_ADDRESS": null,
        "OWN_FULL_ADDRESS": "PO BOX 970271  OREM, UT 84097",
        "PROP_TYPE": 900,
        "PROP_TYPE_DESCR": "VACANT",
        "SPECIFIC_PROP_TYPE": 901,
        "SPC_PROP_TYP_DESCR": "Vac Res",
        "ASMT_YEAR": 2026,
        "ASMT_CODE": "V",
        "ASMT_CODE_DESCR": "VACANT",
        "MKT_LAND_VALUE": 937100,
        "MKT_CUR_VALUE": 937100,
        "MKT_PRV_VAL": 937100,
        "MKT_VAL_YR_CHG": 0,
        "MKT_PCT_CHG": 0,
        "GLOBALID": "{17445915-9F52-4C7B-9722-A6387F8408B4}",
        "Code": null,
        "Description": "Mixed Use - High Density",
        "City": "Santaquin",
        "Description_detailed": "Mixed Use",
        "Acres": null,
        "Unit_Rate": null,
        "CityName": null,
        "AdoptedDate": null,
        "Slope_Score": 10,
        "GP_Score": 9,
        "Utilities_Score": 10,
        "Wetlands_Score": 10,
        "Soil_Score": 10,
        "Ownership_Score": 5,
        "Ownership_Type": "Business",
        "Utility_Proximity_Status": "Within 1/8 Mile",
        "Final_Score": 9,
        "ELEV_CHANGE": 49.637122753906624,
        "SLOPE": 1.8396776363747216,
        "Join_Count_12": 1,
        "TARGET_FID_12": 18712,
        "Shape_Length_12": null,
        "Shape_Area_12": null,
        "OBJECTID_1_12": null,
        "Join_Count_12_13": null,
        "TARGET_FID_12_13": null,
        "Id": 2073,
        "gridcode": 1,
        "ClassName": "Not Hydric",
        "Shape_Length_12_13": null,
        "Shape_Area_12_13": null,
        "SITE_HOUSE_NUM": null,
        "SITE_PRE_DIR": null,
        "SITE_STREET_NAME": null,
        "MKT_LAND_RES": 0,
        "MKT_LAND_AGR": 902700,
        "MKT_LAND_COM": 34400,
        "MKT_IMP_VALUE": 0,
        "MKT_IMP_RES": 0,
        "MKT_IMP_AGR": 0,
        "MKT_IMP_COM": 0,
        "Entry": 67146,
        "Year": 2023,
        "Record_Date": 1696982400000,
        "Grantor": "LG SQ1 LLC",
        "Grantee": "REGENTS MANAGEMENT LLC",
        "Tax_Address": "NOT APPLICABLE",
        "Serial_Number": "32:021:0101",
        "Serial_Number_Available": "Yes",
        "Detail_URL": "https://www.utahcounty.gov/LandRecords/document.asp?avEntry=67146&avYear=2023",
        "Document_Type": "TR D",
        "Was_REC_": "No",
        "OBJECTID_12": 1696,
        "Shape_Length_12_13_14": 3242.7934472838797,
        "Shape_Area_12_13_14": 555629.7153655646,
        "DocType": "WD",
        "Shape_Length": 0.010132262722765451,
        "Shape_Area": 5.440911351224634e-06
      }
    },
    {
      "type": "Feature",
      "id": 70,
      "geometry": {
        "type": "Polygon",
        "coordinates": [
          [
            [
              -111.80790064999997,
              39.945765917000074
            ],
            [
              -111.80744805499995,
              39.946357215000035
            ],
            [
              -111.81319788599995,
              39.946341560000064
            ],
            [
              -111.81314099199994,
              39.94575163900004
            ],
            [
              -111.80790064999997,
              39.945765917000074
            ]
          ]
        ]
      },
      "properties": {
        "OBJECTID": 70,
        "Join_Count": 1,
        "TARGET_FID": 1091,
        "PARCEL_NO": 320210085,
        "PARCELID": "320210085",
        "PARCELID_LABEL": "32:021:0085",
        "OWNER_NAME": "242 PARTNERS LLC",
        "CARE_NAME": null,
        "ACREAGE": 7.601502,
        "SITE_FULL_ADDRESS": null,
        "OWN_FULL_ADDRESS": "6995 UNION PARK CTR STE 440  MIDVALE, UT 84047",
        "PROP_TYPE": 900,
        "PROP_TYPE_DESCR": "VACANT",
        "SPECIFIC_PROP_TYPE": 901,
        "SPC_PROP_TYP_DESCR": "Vac Res",
        "ASMT_YEAR": 2026,
        "ASMT_CODE": "V",
        "ASMT_CODE_DESCR": "VACANT",
        "MKT_LAND_VALUE": 537900,
        "MKT_CUR_VALUE": 537900,
        "MKT_PRV_VAL": 537900,
        "MKT_VAL_YR_CHG": 0,
        "MKT_PCT_CHG": 0,
        "GLOBALID": "{7DF8119F-1A37-409E-9C2A-E3BDAF4023D1}",
        "Code": null,
        "Description": "Mixed Use - High Density",
        "City": "Santaquin",
        "Description_detailed": "Mixed Use",
        "Acres": null,
        "Unit_Rate": null,
        "CityName": null,
        "AdoptedDate": null,
        "Slope_Score": 10,
        "GP_Score": 9,
        "Utilities_Score": 10,
        "Wetlands_Score": 10,
        "Soil_Score": 10,
        "Ownership_Score": 5,
        "Ownership_Type": "Business",
        "Utility_Proximity_Status": "Within 1/8 Mile",
        "Final_Score": 9,
        "ELEV_CHANGE": 49.637122753906624,
        "SLOPE": 1.8396776363747216,
        "Join_Count_12": 1,
        "TARGET_FID_12": 18791,
        "Shape_Length_12": null,
        "Shape_Area_12": null,
        "OBJECTID_1_12": null,
        "Join_Count_12_13": null,
        "TARGET_FID_12_13": null,
        "Id": 2073,
        "gridcode": 1,
        "ClassName": "Not Hydric",
        "Shape_Length_12_13": null,
        "Shape_Area_12_13": null,
        "SITE_HOUSE_NUM": null,
        "SITE_PRE_DIR": null,
        "SITE_STREET_NAME": null,
        "MKT_LAND_RES": 0,
        "MKT_LAND_AGR": 902700,
        "MKT_LAND_COM": 34400,
        "MKT_IMP_VALUE": 0,
        "MKT_IMP_RES": 0,
        "MKT_IMP_AGR": 0,
        "MKT_IMP_COM": 0,
        "Entry": 67146,
        "Year": 2023,
        "Record_Date": 1696982400000,
        "Grantor": "LG SQ1 LLC",
        "Grantee": "REGENTS MANAGEMENT LLC",
        "Tax_Address": "NOT APPLICABLE",
        "Serial_Number": "32:021:0101",
        "Serial_Number_Available": "Yes",
        "Detail_URL": "https://www.utahcounty.gov/LandRecords/document.asp?avEntry=67146&avYear=2023",
        "Document_Type": "TR D",
        "Was_REC_": "No",
        "OBJECTID_12": 1696,
        "Shape_Length_12_13_14": 3242.7934472838797,
        "Shape_Area_12_13_14": 555629.7153655646,
        "DocType": "WD",
        "Shape_Length": 0.012327503095044724,
        "Shape_Area": 3.2424891606763253e-06
      }
    },
    {
      "type": "Feature",
      "id": 71,
      "geometry": {
        "type": "Polygon",
        "coordinates": [
          [
            [
              -111.62964344399995,
              40.25401104500003
            ],
            [
              -111.62968733699995,
              40.254028402000074
            ],
            [
              -111.63086270699995,
              40.253991592000034
            ],
            [
              -111.63084661199997,
              40.253689965000035
            ],
            [
              -111.63071061599999,
              40.25369422500006
            ],
            [
              -111.63070476399997,
              40.253584542000056
            ],
            [
              -111.62983596399994,
              40.25361175100005
            ],
            [
              -111.62969667699997,
              40.253779902000076
            ],
            [
              -111.62967568520679,
              40.25380819109266
            ],
            [
              -111.62965917677215,
              40.2538393102142
            ],
            [
              -111.62964752564591,
              40.25387255445275
            ],
            [
              -111.62964099575001,
              40.25390717075815
            ],
            [
              -111.62963973499996,
              40.253942375000065
            ],
            [
              -111.62964339799998,
              40.254011036000065
            ],
            [
              -111.62964344399995,
              40.25401104500003
            ]
          ]
        ]
      },
      "properties": {
        "OBJECTID": 71,
        "Join_Count": 1,
        "TARGET_FID": 1118,
        "PARCEL_NO": 350790001,
        "PARCELID": "350790001",
        "PARCELID_LABEL": "35:079:0001",
        "OWNER_NAME": "MOONSTONE ENTERPRISES LP",
        "CARE_NAME": null,
        "ACREAGE": 1.07,
        "SITE_FULL_ADDRESS": "1453 N BRIARWOOD OAKS, PROVO, UT",
        "OWN_FULL_ADDRESS": "1372 N GRAND AVE  PROVO, UT 84604",
        "PROP_TYPE": 900,
        "PROP_TYPE_DESCR": "VACANT",
        "SPECIFIC_PROP_TYPE": 913,
        "SPC_PROP_TYP_DESCR": "Vac Sub Lot - Not Developed",
        "ASMT_YEAR": 2026,
        "ASMT_CODE": "V",
        "ASMT_CODE_DESCR": "VACANT",
        "MKT_LAND_VALUE": 23900,
        "MKT_CUR_VALUE": 23900,
        "MKT_PRV_VAL": 23900,
        "MKT_VAL_YR_CHG": 0,
        "MKT_PCT_CHG": 0,
        "GLOBALID": "{AD945AF9-7ACF-4B43-A232-31615326364A}",
        "Code": "R",
        "Description": "Residential",
        "City": "Provo",
        "Description_detailed": null,
        "Acres": null,
        "Unit_Rate": null,
        "CityName": null,
        "AdoptedDate": null,
        "Slope_Score": 10,
        "GP_Score": 5,
        "Utilities_Score": 5,
        "Wetlands_Score": 10,
        "Soil_Score": 10,
        "Ownership_Score": 5,
        "Ownership_Type": "Business",
        "Utility_Proximity_Status": "Unknown - No Data",
        "Final_Score": 6.75,
        "ELEV_CHANGE": 9.875760932616686,
        "SLOPE": 0.7496147781922539,
        "Join_Count_12": 1,
        "TARGET_FID_12": 22106,
        "Shape_Length_12": null,
        "Shape_Area_12": null,
        "OBJECTID_1_12": null,
        "Join_Count_12_13": null,
        "TARGET_FID_12_13": null,
        "Id": 2073,
        "gridcode": 1,
        "ClassName": "Not Hydric",
        "Shape_Length_12_13": null,
        "Shape_Area_12_13": null,
        "SITE_HOUSE_NUM": "1417",
        "SITE_PRE_DIR": "N",
        "SITE_STREET_NAME": "BRIARWOOD OAKS",
        "MKT_LAND_RES": 19800,
        "MKT_LAND_AGR": 0,
        "MKT_LAND_COM": 0,
        "MKT_IMP_VALUE": 0,
        "MKT_IMP_RES": 0,
        "MKT_IMP_AGR": 0,
        "MKT_IMP_COM": 0,
        "Entry": 89555,
        "Year": 2024,
        "Record_Date": 1734566400000,
        "Grantor": "BAKER, PAUL JAMES BY ATY BAKER, KATHLEEN CLAIRE",
        "Grantee": "OVERTON, JARED D",
        "Tax_Address": "NOT APPLICABLE",
        "Serial_Number": "35:079:0002",
        "Serial_Number_Available": "Yes",
        "Detail_URL": "https://www.utahcounty.gov/LandRecords/document.asp?avEntry=89555&avYear=2024",
        "Document_Type": "TR D",
        "Was_REC_": "No",
        "OBJECTID_12": 4064,
        "Shape_Length_12_13_14": 928.7265882557324,
        "Shape_Area_12_13_14": 46662.343635148485,
        "DocType": "WD",
        "Shape_Length": 0.0031037839851399624,
        "Shape_Area": 4.603791231123639e-07
      }
    },
    {
      "type": "Feature",
      "id": 72,
      "geometry": {
        "type": "Polygon",
        "coordinates": [
          [
            [
              -111.63057488599998,
              40.252838660000066
            ],
            [
              -111.63047647399998,
              40.25259893200007
            ],
            [
              -111.63007842899998,
              40.252077867000025
            ],
            [
              -111.62948621099997,
              40.25244911100003
            ],
            [
              -111.62968419999999,
              40.25254539000008
            ],
            [
              -111.62974688053062,
              40.25257687149029
            ],
            [
              -111.6298061663713,
              40.25261435645053
            ],
            [
              -111.62986148435058,
              40.252657482478796
            ],
            [
              -111.62991229965813,
              40.25270583263564
            ],
            [
              -111.62995812101505,
              40.2527589394751
            ],
            [
              -111.62999850542364,
              40.252816289563945
            ],
            [
              -111.63003306245025,
              40.25287732844548
            ],
            [
              -111.63006145799994,
              40.25294146600004
            ],
            [
              -111.63057488599998,
              40.252838660000066
            ]
          ]
        ]
      },
      "properties": {
        "OBJECTID": 72,
        "Join_Count": 1,
        "TARGET_FID": 1119,
        "PARCEL_NO": 350790003,
        "PARCELID": "350790003",
        "PARCELID_LABEL": "35:079:0003",
        "OWNER_NAME": "SMITH, DANIEL A",
        "CARE_NAME": null,
        "ACREAGE": 1.1,
        "SITE_FULL_ADDRESS": "1353 N BRIARWOOD OAKS, PROVO, UT",
        "OWN_FULL_ADDRESS": "2571 LUCKY JOHN DR  PARK CITY, UT 84060-6954",
        "PROP_TYPE": 900,
        "PROP_TYPE_DESCR": "VACANT",
        "SPECIFIC_PROP_TYPE": 913,
        "SPC_PROP_TYP_DESCR": "Vac Sub Lot - Not Developed",
        "ASMT_YEAR": 2026,
        "ASMT_CODE": "V",
        "ASMT_CODE_DESCR": "VACANT",
        "MKT_LAND_VALUE": 24700,
        "MKT_CUR_VALUE": 24700,
        "MKT_PRV_VAL": 24700,
        "MKT_VAL_YR_CHG": 0,
        "MKT_PCT_CHG": 0,
        "GLOBALID": "{F8745357-08F6-4342-9B56-848B81F1EE01}",
        "Code": "R",
        "Description": "Residential",
        "City": "Provo",
        "Description_detailed": null,
        "Acres": null,
        "Unit_Rate": null,
        "CityName": null,
        "AdoptedDate": null,
        "Slope_Score": 10,
        "GP_Score": 5,
        "Utilities_Score": 5,
        "Wetlands_Score": 10,
        "Soil_Score": 10,
        "Ownership_Score": 10,
        "Ownership_Type": "Private",
        "Utility_Proximity_Status": "Unknown - No Data",
        "Final_Score": 7.5,
        "ELEV_CHANGE": 9.875760932616686,
        "SLOPE": 0.7496147781922539,
        "Join_Count_12": 1,
        "TARGET_FID_12": 22113,
        "Shape_Length_12": null,
        "Shape_Area_12": null,
        "OBJECTID_1_12": null,
        "Join_Count_12_13": null,
        "TARGET_FID_12_13": null,
        "Id": 2073,
        "gridcode": 1,
        "ClassName": "Not Hydric",
        "Shape_Length_12_13": null,
        "Shape_Area_12_13": null,
        "SITE_HOUSE_NUM": "1417",
        "SITE_PRE_DIR": "N",
        "SITE_STREET_NAME": "BRIARWOOD OAKS",
        "MKT_LAND_RES": 19800,
        "MKT_LAND_AGR": 0,
        "MKT_LAND_COM": 0,
        "MKT_IMP_VALUE": 0,
        "MKT_IMP_RES": 0,
        "MKT_IMP_AGR": 0,
        "MKT_IMP_COM": 0,
        "Entry": 89555,
        "Year": 2024,
        "Record_Date": 1734566400000,
        "Grantor": "BAKER, PAUL JAMES BY ATY BAKER, KATHLEEN CLAIRE",
        "Grantee": "OVERTON, JARED D",
        "Tax_Address": "NOT APPLICABLE",
        "Serial_Number": "35:079:0002",
        "Serial_Number_Available": "Yes",
        "Detail_URL": "https://www.utahcounty.gov/LandRecords/document.asp?avEntry=89555&avYear=2024",
        "Document_Type": "TR D",
        "Was_REC_": "No",
        "OBJECTID_12": 4064,
        "Shape_Length_12_13_14": 928.7265882557324,
        "Shape_Area_12_13_14": 46662.343635148485,
        "DocType": "WD",
        "Shape_Length": 0.002918946867520281,
        "Shape_Area": 4.5438351861429177e-07
      }
    },
    {
      "type": "Feature",
      "id": 73,
      "geometry": {
        "type": "Polygon",
        "coordinates": [
          [
            [
              -111.91959772299998,
              40.408841694000046
            ],
            [
              -111.91959769999994,
              40.40884170900006
            ],
            [
              -111.91986510499999,
              40.40947274600006
            ],
            [
              -111.91987081599996,
              40.40951158100006
            ],
            [
              -111.92073259099999,
              40.40950696500005
            ],
            [
              -111.92072726299995,
              40.40883564500007
            ],
            [
              -111.91959772299998,
              40.408841694000046
            ]
          ]
        ]
      },
      "properties": {
        "OBJECTID": 73,
        "Join_Count": 1,
        "TARGET_FID": 1132,
        "PARCEL_NO": 364310026,
        "PARCELID": "364310026",
        "PARCELID_LABEL": "36:431:0026",
        "OWNER_NAME": "BROWN, BOYD B",
        "CARE_NAME": null,
        "ACREAGE": 1.548786,
        "SITE_FULL_ADDRESS": "2582 N REDWOOD RD, SARATOGA SPRINGS, UT",
        "OWN_FULL_ADDRESS": "8417 ETIENNE WAY  SANDY, UT 84093",
        "PROP_TYPE": 903,
        "PROP_TYPE_DESCR": "VACANT COMMERCIAL",
        "SPECIFIC_PROP_TYPE": 905,
        "SPC_PROP_TYP_DESCR": "Vac Com Lot",
        "ASMT_YEAR": 2026,
        "ASMT_CODE": "V",
        "ASMT_CODE_DESCR": "VACANT",
        "MKT_LAND_VALUE": 887700,
        "MKT_CUR_VALUE": 887700,
        "MKT_PRV_VAL": 887700,
        "MKT_VAL_YR_CHG": 0,
        "MKT_PCT_CHG": 0,
        "GLOBALID": "{5D2CE0D4-CB3F-4D1F-B187-030D6E5AD073}",
        "Code": "HDR",
        "Description": "High Density Residential",
        "City": "Lehi",
        "Description_detailed": null,
        "Acres": 164.864592,
        "Unit_Rate": null,
        "CityName": null,
        "AdoptedDate": null,
        "Slope_Score": 10,
        "GP_Score": 10,
        "Utilities_Score": 0,
        "Wetlands_Score": 10,
        "Soil_Score": 10,
        "Ownership_Score": 10,
        "Ownership_Type": "Private",
        "Utility_Proximity_Status": "Not Within 1/8 Mile",
        "Final_Score": 7.5,
        "ELEV_CHANGE": 96.60575955566401,
        "SLOPE": 4.795909280727543,
        "Join_Count_12": 1,
        "TARGET_FID_12": 24148,
        "Shape_Length_12": null,
        "Shape_Area_12": null,
        "OBJECTID_1_12": null,
        "Join_Count_12_13": null,
        "TARGET_FID_12_13": null,
        "Id": 2073,
        "gridcode": 1,
        "ClassName": "Not Hydric",
        "Shape_Length_12_13": null,
        "Shape_Area_12_13": null,
        "SITE_HOUSE_NUM": "2582",
        "SITE_PRE_DIR": "N",
        "SITE_STREET_NAME": "REDWOOD",
        "MKT_LAND_RES": 0,
        "MKT_LAND_AGR": 0,
        "MKT_LAND_COM": 887700,
        "MKT_IMP_VALUE": 0,
        "MKT_IMP_RES": 0,
        "MKT_IMP_AGR": 0,
        "MKT_IMP_COM": 0,
        "Entry": 8808,
        "Year": 2023,
        "Record_Date": 1676246400000,
        "Grantor": "BROWN, BOYD B",
        "Grantee": "RDT INVESTMENT LLC",
        "Tax_Address": "NOT APPLICABLE",
        "Serial_Number": "36:431:0026",
        "Serial_Number_Available": "Yes",
        "Detail_URL": "https://www.utahcounty.gov/LandRecords/document.asp?avEntry=8808&avYear=2023",
        "Document_Type": "TR D",
        "Was_REC_": "No",
        "OBJECTID_12": 236,
        "Shape_Length_12_13_14": 1054.9827760697096,
        "Shape_Area_12_13_14": 67465.93924555421,
        "DocType": "WD",
        "Shape_Length": 0.0033873210456585113,
        "Shape_Area": 6.650530857589387e-07
      }
    },
    {
      "type": "Feature",
      "id": 74,
      "geometry": {
        "type": "Polygon",
        "coordinates": [
          [
            [
              -111.67834631399995,
              40.33665819400005
            ],
            [
              -111.67834560421213,
              40.33658622020615
            ],
            [
              -111.67833866577018,
              40.33651457811776
            ],
            [
              -111.67832555078031,
              40.336443805751344
            ],
            [
              -111.67830635773323,
              40.33637443459199
            ],
            [
              -111.67828123076454,
              40.336306985602
            ],
            [
              -111.6782503585723,
              40.3362419653086
            ],
            [
              -111.67821397299997,
              40.33617986200005
            ],
            [
              -111.67727164599995,
              40.33640976700008
            ],
            [
              -111.67727133699998,
              40.33676967800005
            ],
            [
              -111.67834631399995,
              40.33665819400005
            ]
          ]
        ]
      },
      "properties": {
        "OBJECTID": 74,
        "Join_Count": 1,
        "TARGET_FID": 1133,
        "PARCEL_NO": 368660035,
        "PARCELID": "368660035",
        "PARCELID_LABEL": "36:866:0035",
        "OWNER_NAME": "LJJ VENTURES LLC",
        "CARE_NAME": null,
        "ACREAGE": 1.040941,
        "SITE_FULL_ADDRESS": "93 S DRY CANYON DR, LINDON, UT",
        "OWN_FULL_ADDRESS": "94 DRY CYN  LINDON, UT 84042",
        "PROP_TYPE": 900,
        "PROP_TYPE_DESCR": "VACANT",
        "SPECIFIC_PROP_TYPE": 911,
        "SPC_PROP_TYP_DESCR": "Vac Sub Lot",
        "ASMT_YEAR": 2026,
        "ASMT_CODE": "V",
        "ASMT_CODE_DESCR": "VACANT",
        "MKT_LAND_VALUE": 386400,
        "MKT_CUR_VALUE": 386400,
        "MKT_PRV_VAL": 386400,
        "MKT_VAL_YR_CHG": 0,
        "MKT_PCT_CHG": 0,
        "GLOBALID": "{C60BB931-3713-4A99-AA32-133508FE7323}",
        "Code": null,
        "Description": "Medium Density Residential",
        "City": null,
        "Description_detailed": null,
        "Acres": null,
        "Unit_Rate": null,
        "CityName": null,
        "AdoptedDate": null,
        "Slope_Score": 7,
        "GP_Score": 8,
        "Utilities_Score": 10,
        "Wetlands_Score": 10,
        "Soil_Score": 10,
        "Ownership_Score": 5,
        "Ownership_Type": "Business",
        "Utility_Proximity_Status": "Within 1/8 Mile",
        "Final_Score": 8.45,
        "ELEV_CHANGE": 89.39207668457038,
        "SLOPE": 9.442303843270503,
        "Join_Count_12": 1,
        "TARGET_FID_12": 24838,
        "Shape_Length_12": null,
        "Shape_Area_12": null,
        "OBJECTID_1_12": null,
        "Join_Count_12_13": null,
        "TARGET_FID_12_13": null,
        "Id": 2073,
        "gridcode": 1,
        "ClassName": "Not Hydric",
        "Shape_Length_12_13": null,
        "Shape_Area_12_13": null,
        "SITE_HOUSE_NUM": "111",
        "SITE_PRE_DIR": "S",
        "SITE_STREET_NAME": "DRY CANYON",
        "MKT_LAND_RES": 509000,
        "MKT_LAND_AGR": 0,
        "MKT_LAND_COM": 0,
        "MKT_IMP_VALUE": 717500,
        "MKT_IMP_RES": 717500,
        "MKT_IMP_AGR": 0,
        "MKT_IMP_COM": 0,
        "Entry": 90036,
        "Year": 2024,
        "Record_Date": 1734652800000,
        "Grantor": "BAUM, CLINT J BAUM, MARIA",
        "Grantee": "AMERICA FIRST FEDERAL CREDIT UNION",
        "Tax_Address": "NOT APPLICABLE",
        "Serial_Number": "36:866:0036",
        "Serial_Number_Available": "Yes",
        "Detail_URL": "https://www.utahcounty.gov/LandRecords/document.asp?avEntry=90036&avYear=2024",
        "Document_Type": "TR D",
        "Was_REC_": "No",
        "OBJECTID_12": 4086,
        "Shape_Length_12_13_14": 758.1435013816839,
        "Shape_Area_12_13_14": 31756.275246002228,
        "DocType": "WD",
        "Shape_Length": 0.0029146196818609347,
        "Shape_Area": 4.466266383479876e-07
      }
    },
    {
      "type": "Feature",
      "id": 75,
      "geometry": {
        "type": "Polygon",
        "coordinates": [
          [
            [
              -111.90773074499998,
              40.407737617000066
            ],
            [
              -111.90773078299998,
              40.40773758900008
            ],
            [
              -111.90772399999997,
              40.407051212000056
            ],
            [
              -111.90771772099998,
              40.40641757600008
            ],
            [
              -111.90771658299997,
              40.406302321000055
            ],
            [
              -111.90771435699997,
              40.406077022000034
            ],
            [
              -111.90715553399997,
              40.40608722700006
            ],
            [
              -111.90714131691168,
              40.406087055454975
            ],
            [
              -111.90712727550313,
              40.40608929015262
            ],
            [
              -111.90711381408374,
              40.40609386674694
            ],
            [
              -111.90710132026267,
              40.40610065345912
            ],
            [
              -111.90709015378793,
              40.40610945487205
            ],
            [
              -111.9070806361879,
              40.406120017557164
            ],
            [
              -111.90707304151304,
              40.4061320373717
            ],
            [
              -111.90706758844505,
              40.40614516821618
            ],
            [
              -111.90706443399995,
              40.40615903200006
            ],
            [
              -111.90706785099997,
              40.40654827100008
            ],
            [
              -111.90707214229634,
              40.40665123325976
            ],
            [
              -111.90708300299997,
              40.40675371100008
            ],
            [
              -111.9070927359666,
              40.406843709450534
            ],
            [
              -111.90709631199996,
              40.40693416200003
            ],
            [
              -111.90710043399997,
              40.40740388800003
            ],
            [
              -111.90709921027839,
              40.40747476258368
            ],
            [
              -111.90709455396583,
              40.40754549463339
            ],
            [
              -111.90708647599996,
              40.40761591800003
            ],
            [
              -111.907068875,
              40.40774085500004
            ],
            [
              -111.90773074499998,
              40.407737617000066
            ]
          ]
        ]
      },
      "properties": {
        "OBJECTID": 75,
        "Join_Count": 1,
        "TARGET_FID": 1143,
        "PARCEL_NO": 386240622,
        "PARCELID": "386240622",
        "PARCELID_LABEL": "38:624:0622",
        "OWNER_NAME": "GROW DEVELOPMENT LLC",
        "CARE_NAME": null,
        "ACREAGE": 2.461816,
        "SITE_FULL_ADDRESS": "LEHI, UT",
        "OWN_FULL_ADDRESS": "1265 E FORT UNION BLVD STE 302  MIDVALE, UT 84047",
        "PROP_TYPE": 903,
        "PROP_TYPE_DESCR": "VACANT COMMERCIAL",
        "SPECIFIC_PROP_TYPE": 905,
        "SPC_PROP_TYP_DESCR": "Vac Com Lot",
        "ASMT_YEAR": 2026,
        "ASMT_CODE": "V",
        "ASMT_CODE_DESCR": "VACANT",
        "MKT_LAND_VALUE": 1254400,
        "MKT_CUR_VALUE": 1254400,
        "MKT_PRV_VAL": 1254400,
        "MKT_VAL_YR_CHG": 0,
        "MKT_PCT_CHG": 0,
        "GLOBALID": "{C1E0A421-461B-4DF5-B931-71F516BDF191}",
        "Code": "HDR",
        "Description": "High Density Residential",
        "City": "Lehi",
        "Description_detailed": null,
        "Acres": 164.864592,
        "Unit_Rate": null,
        "CityName": null,
        "AdoptedDate": null,
        "Slope_Score": 10,
        "GP_Score": 10,
        "Utilities_Score": 5,
        "Wetlands_Score": 10,
        "Soil_Score": 7,
        "Ownership_Score": 5,
        "Ownership_Type": "Business",
        "Utility_Proximity_Status": "Unknown - No Data",
        "Final_Score": 7.7,
        "ELEV_CHANGE": 6.257305195312256,
        "SLOPE": 0.3886552353782957,
        "Join_Count_12": 2,
        "TARGET_FID_12": 26134,
        "Shape_Length_12": null,
        "Shape_Area_12": null,
        "OBJECTID_1_12": null,
        "Join_Count_12_13": null,
        "TARGET_FID_12_13": null,
        "Id": 421,
        "gridcode": 2,
        "ClassName": "Partially Hydric (1 - 25%)",
        "Shape_Length_12_13": null,
        "Shape_Area_12_13": null,
        "SITE_HOUSE_NUM": " ",
        "SITE_PRE_DIR": null,
        "SITE_STREET_NAME": null,
        "MKT_LAND_RES": 0,
        "MKT_LAND_AGR": 0,
        "MKT_LAND_COM": 1254400,
        "MKT_IMP_VALUE": 0,
        "MKT_IMP_RES": 0,
        "MKT_IMP_AGR": 0,
        "MKT_IMP_COM": 0,
        "Entry": 84281,
        "Year": 2024,
        "Record_Date": 1732665600000,
        "Grantor": "GROW DEVELOPMENT LLC",
        "Grantee": "A W HARDY FAMILY INVESTMENTS LTD UINTAH INVESTMENT LLC DRP FAMILY LIMITED PARTNERSHIP STRASSER, MARGARET SMITH, DAVID D PARKER AND COMPANY REAL ESTATE GROUP LLC",
        "Tax_Address": "NOT APPLICABLE",
        "Serial_Number": "38:624:0622",
        "Serial_Number_Available": "Yes",
        "Detail_URL": "https://www.utahcounty.gov/LandRecords/document.asp?avEntry=84281&avYear=2024",
        "Document_Type": "TR D",
        "Was_REC_": "No",
        "OBJECTID_12": 3977,
        "Shape_Length_12_13_14": 1562.2666138352095,
        "Shape_Area_12_13_14": 107238.94801482421,
        "DocType": "WD",
        "Shape_Length": 0.0045946716533451105,
        "Shape_Area": 1.057101701487126e-06
      }
    },
    {
      "type": "Feature",
      "id": 76,
      "geometry": {
        "type": "Polygon",
        "coordinates": [
          [
            [
              -111.63241809099998,
              40.24059191500004
            ],
            [
              -111.63299212299995,
              40.24058806700003
            ],
            [
              -111.63298388033513,
              40.240526108684605
            ],
            [
              -111.63298223433834,
              40.24046362616651
            ],
            [
              -111.63298720345949,
              40.24040131980882
            ],
            [
              -111.63299873199998,
              40.24033988800005
            ],
            [
              -111.63156933299996,
              40.240246883000054
            ],
            [
              -111.63160996699997,
              40.24063927700007
            ],
            [
              -111.63241809099998,
              40.24059191500004
            ]
          ]
        ]
      },
      "properties": {
        "OBJECTID": 76,
        "Join_Count": 1,
        "TARGET_FID": 1154,
        "PARCEL_NO": 391740067,
        "PARCELID": "391740067",
        "PARCELID_LABEL": "39:174:0067",
        "OWNER_NAME": "HEFTEL, RICAHRD D & LILIA",
        "CARE_NAME": null,
        "ACREAGE": 1.018,
        "SITE_FULL_ADDRESS": "564 N 1420 EAST, PROVO, UT",
        "OWN_FULL_ADDRESS": "596 N 1420 E  PROVO, UT 84606-5168",
        "PROP_TYPE": 900,
        "PROP_TYPE_DESCR": "VACANT",
        "SPECIFIC_PROP_TYPE": 911,
        "SPC_PROP_TYP_DESCR": "Vac Sub Lot",
        "ASMT_YEAR": 2026,
        "ASMT_CODE": "V",
        "ASMT_CODE_DESCR": "VACANT",
        "MKT_LAND_VALUE": 435600,
        "MKT_CUR_VALUE": 435600,
        "MKT_PRV_VAL": 435600,
        "MKT_VAL_YR_CHG": 0,
        "MKT_PCT_CHG": 0,
        "GLOBALID": "{BCBB2B91-2D39-4369-B06A-16B49C0CECFD}",
        "Code": "R",
        "Description": "Residential",
        "City": "Provo",
        "Description_detailed": null,
        "Acres": null,
        "Unit_Rate": null,
        "CityName": null,
        "AdoptedDate": null,
        "Slope_Score": 10,
        "GP_Score": 5,
        "Utilities_Score": 5,
        "Wetlands_Score": 0,
        "Soil_Score": 10,
        "Ownership_Score": 10,
        "Ownership_Type": "Private",
        "Utility_Proximity_Status": "Unknown - No Data",
        "Final_Score": 6,
        "ELEV_CHANGE": 14.249146284179915,
        "SLOPE": 4.902802846697516,
        "Join_Count_12": 1,
        "TARGET_FID_12": 27448,
        "Shape_Length_12": null,
        "Shape_Area_12": null,
        "OBJECTID_1_12": null,
        "Join_Count_12_13": null,
        "TARGET_FID_12_13": null,
        "Id": 2073,
        "gridcode": 1,
        "ClassName": "Not Hydric",
        "Shape_Length_12_13": null,
        "Shape_Area_12_13": null,
        "SITE_HOUSE_NUM": "564",
        "SITE_PRE_DIR": "N",
        "SITE_STREET_NAME": "1420 EAST",
        "MKT_LAND_RES": 434600,
        "MKT_LAND_AGR": 1000,
        "MKT_LAND_COM": 0,
        "MKT_IMP_VALUE": 0,
        "MKT_IMP_RES": 0,
        "MKT_IMP_AGR": 0,
        "MKT_IMP_COM": 0,
        "Entry": 65633,
        "Year": 2024,
        "Record_Date": 1727136000000,
        "Grantor": "HEFTEL, RICHARD D HEFTEL, RICHARD HEFTEL, LILIA",
        "Grantee": "SOURCEONE FINANCIAL INC",
        "Tax_Address": "NOT APPLICABLE",
        "Serial_Number": "39:174:0067",
        "Serial_Number_Available": "Yes",
        "Detail_URL": "https://www.utahcounty.gov/LandRecords/document.asp?avEntry=65633&avYear=2024",
        "Document_Type": "TR D",
        "Was_REC_": "No",
        "OBJECTID_12": 3618,
        "Shape_Length_12_13_14": 1021.1758062450322,
        "Shape_Area_12_13_14": 44302.764992609904,
        "DocType": "WD",
        "Shape_Length": 0.00346060310771349,
        "Shape_Area": 4.356678930865912e-07
      }
    },
    {
      "type": "Feature",
      "id": 77,
      "geometry": {
        "type": "Polygon",
        "coordinates": [
          [
            [
              -111.65535544199997,
              40.208618552000075
            ],
            [
              -111.65535542599997,
              40.20861853400004
            ],
            [
              -111.65545795499997,
              40.20854069300003
            ],
            [
              -111.65545512299997,
              40.20729120300007
            ],
            [
              -111.65545183353404,
              40.20722536940065
            ],
            [
              -111.65544246844011,
              40.207160122343915
            ],
            [
              -111.65542710802366,
              40.20709602132206
            ],
            [
              -111.65540588399995,
              40.20703361600005
            ],
            [
              -111.65456529099998,
              40.20703060900007
            ],
            [
              -111.65452934799998,
              40.20863450100006
            ],
            [
              -111.65474397599996,
              40.20863523600008
            ],
            [
              -111.65535544199997,
              40.208618552000075
            ]
          ]
        ]
      },
      "properties": {
        "OBJECTID": 77,
        "Join_Count": 1,
        "TARGET_FID": 1155,
        "PARCEL_NO": 386730001,
        "PARCELID": "386730001",
        "PARCELID_LABEL": "38:673:0001",
        "OWNER_NAME": "TG DEVELOPMENT LLC",
        "CARE_NAME": null,
        "ACREAGE": 3.3684209999999997,
        "SITE_FULL_ADDRESS": "1951 S 180 EAST, PROVO, UT",
        "OWN_FULL_ADDRESS": "1414 S 600 W  BOUNTIFUL, UT 84010",
        "PROP_TYPE": 903,
        "PROP_TYPE_DESCR": "VACANT COMMERCIAL",
        "SPECIFIC_PROP_TYPE": 905,
        "SPC_PROP_TYP_DESCR": "Vac Com Lot",
        "ASMT_YEAR": 2026,
        "ASMT_CODE": "V",
        "ASMT_CODE_DESCR": "VACANT",
        "MKT_LAND_VALUE": 2527900,
        "MKT_CUR_VALUE": 2527900,
        "MKT_PRV_VAL": 2527900,
        "MKT_VAL_YR_CHG": 0,
        "MKT_PCT_CHG": 0,
        "GLOBALID": "{714DF612-2625-4037-BCCB-9C0FA25EFD24}",
        "Code": "M",
        "Description": "Mixed Use",
        "City": "Provo",
        "Description_detailed": null,
        "Acres": null,
        "Unit_Rate": null,
        "CityName": null,
        "AdoptedDate": null,
        "Slope_Score": 10,
        "GP_Score": 7,
        "Utilities_Score": 5,
        "Wetlands_Score": 0,
        "Soil_Score": 1,
        "Ownership_Score": 5,
        "Ownership_Type": "Business",
        "Utility_Proximity_Status": "Unknown - No Data",
        "Final_Score": 4.85,
        "ELEV_CHANGE": 0.6856442968746705,
        "SLOPE": 0.06809539456458243,
        "Join_Count_12": 1,
        "TARGET_FID_12": 27466,
        "Shape_Length_12": null,
        "Shape_Area_12": null,
        "OBJECTID_1_12": null,
        "Join_Count_12_13": null,
        "TARGET_FID_12_13": null,
        "Id": 1130,
        "gridcode": 5,
        "ClassName": "Mostly Hydric (76 - 95%)",
        "Shape_Length_12_13": null,
        "Shape_Area_12_13": null,
        "SITE_HOUSE_NUM": "1951",
        "SITE_PRE_DIR": "S",
        "SITE_STREET_NAME": "180 EAST",
        "MKT_LAND_RES": 0,
        "MKT_LAND_AGR": 0,
        "MKT_LAND_COM": 2527900,
        "MKT_IMP_VALUE": 0,
        "MKT_IMP_RES": 0,
        "MKT_IMP_AGR": 0,
        "MKT_IMP_COM": 0,
        "Entry": 4930,
        "Year": 2023,
        "Record_Date": 1674691200000,
        "Grantor": "TG DEVELOPMENT LLC",
        "Grantee": "WHITE, DARLENE TAYLOR TEE WHITE, JON MARK TEE WHITE TRUST 03-26-1993 THE",
        "Tax_Address": "NOT APPLICABLE",
        "Serial_Number": "38:673:0001",
        "Serial_Number_Available": "Yes",
        "Detail_URL": "https://www.utahcounty.gov/LandRecords/document.asp?avEntry=4930&avYear=2023",
        "Document_Type": "TR D",
        "Was_REC_": "No",
        "OBJECTID_12": 129,
        "Shape_Length_12_13_14": 1640.5578934084724,
        "Shape_Area_12_13_14": 146727.88283517092,
        "DocType": "WD",
        "Shape_Length": 0.004913220418665183,
        "Shape_Area": 1.442233730851278e-06
      }
    },
    {
      "type": "Feature",
      "id": 78,
      "geometry": {
        "type": "Polygon",
        "coordinates": [
          [
            [
              -111.65701796299999,
              40.20844419400004
            ],
            [
              -111.65701801699998,
              40.208444187000055
            ],
            [
              -111.65708544099999,
              40.20842205200006
            ],
            [
              -111.65640071399997,
              40.207037151000065
            ],
            [
              -111.65570254499994,
              40.207034659000044
            ],
            [
              -111.65571946073536,
              40.20709742360708
            ],
            [
              -111.65573164548714,
              40.20716127554382
            ],
            [
              -111.6557390313048,
              40.20722585872815
            ],
            [
              -111.65574157699996,
              40.20729081300004
            ],
            [
              -111.65574437199996,
              40.20852150400003
            ],
            [
              -111.65701796299999,
              40.20844419400004
            ]
          ]
        ]
      },
      "properties": {
        "OBJECTID": 78,
        "Join_Count": 1,
        "TARGET_FID": 1156,
        "PARCEL_NO": 386730002,
        "PARCELID": "386730002",
        "PARCELID_LABEL": "38:673:0002",
        "OWNER_NAME": "TG DEVELOPMENT LLC",
        "CARE_NAME": null,
        "ACREAGE": 3.428067,
        "SITE_FULL_ADDRESS": "1956 S 180 EAST, PROVO, UT",
        "OWN_FULL_ADDRESS": "1414 S 600 W  BOUNTIFUL, UT 84010",
        "PROP_TYPE": 903,
        "PROP_TYPE_DESCR": "VACANT COMMERCIAL",
        "SPECIFIC_PROP_TYPE": 905,
        "SPC_PROP_TYP_DESCR": "Vac Com Lot",
        "ASMT_YEAR": 2026,
        "ASMT_CODE": "V",
        "ASMT_CODE_DESCR": "VACANT",
        "MKT_LAND_VALUE": 2656000,
        "MKT_CUR_VALUE": 2656000,
        "MKT_PRV_VAL": 2656000,
        "MKT_VAL_YR_CHG": 0,
        "MKT_PCT_CHG": 0,
        "GLOBALID": "{D4201858-7B66-4451-BF1D-7C2FBEA60D92}",
        "Code": "M",
        "Description": "Mixed Use",
        "City": "Provo",
        "Description_detailed": null,
        "Acres": null,
        "Unit_Rate": null,
        "CityName": null,
        "AdoptedDate": null,
        "Slope_Score": 10,
        "GP_Score": 7,
        "Utilities_Score": 5,
        "Wetlands_Score": 0,
        "Soil_Score": 7,
        "Ownership_Score": 5,
        "Ownership_Type": "Business",
        "Utility_Proximity_Status": "Unknown - No Data",
        "Final_Score": 5.45,
        "ELEV_CHANGE": 0.4301296582025316,
        "SLOPE": 0.18171062521612436,
        "Join_Count_12": 1,
        "TARGET_FID_12": 27467,
        "Shape_Length_12": null,
        "Shape_Area_12": null,
        "OBJECTID_1_12": null,
        "Join_Count_12_13": null,
        "TARGET_FID_12_13": null,
        "Id": 1142,
        "gridcode": 2,
        "ClassName": "Partially Hydric (1 - 25%)",
        "Shape_Length_12_13": null,
        "Shape_Area_12_13": null,
        "SITE_HOUSE_NUM": "1956",
        "SITE_PRE_DIR": "S",
        "SITE_STREET_NAME": "180 EAST",
        "MKT_LAND_RES": 0,
        "MKT_LAND_AGR": 0,
        "MKT_LAND_COM": 383400,
        "MKT_IMP_VALUE": 0,
        "MKT_IMP_RES": 0,
        "MKT_IMP_AGR": 0,
        "MKT_IMP_COM": 0,
        "Entry": 4930,
        "Year": 2023,
        "Record_Date": 1674691200000,
        "Grantor": "TG DEVELOPMENT LLC",
        "Grantee": "WHITE, DARLENE TAYLOR TEE WHITE, JON MARK TEE WHITE TRUST 03-26-1993 THE",
        "Tax_Address": "NOT APPLICABLE",
        "Serial_Number": "22:050:0070",
        "Serial_Number_Available": "Yes",
        "Detail_URL": "https://www.utahcounty.gov/LandRecords/document.asp?avEntry=4930&avYear=2023",
        "Document_Type": "TR D",
        "Was_REC_": "No",
        "OBJECTID_12": 128,
        "Shape_Length_12_13_14": 1236.659978940438,
        "Shape_Area_12_13_14": 48739.08972201127,
        "DocType": "WD",
        "Shape_Length": 0.0050808266106301654,
        "Shape_Area": 1.4678101827948407e-06
      }
    },
    {
      "type": "Feature",
      "id": 79,
      "geometry": {
        "type": "Polygon",
        "coordinates": [
          [
            [
              -111.75097841999997,
              40.035619359000066
            ],
            [
              -111.75097464299995,
              40.03458583500003
            ],
            [
              -111.75090467368267,
              40.034549299024114
            ],
            [
              -111.75083734799631,
              40.03450809423247
            ],
            [
              -111.75077297699994,
              40.03446241100005
            ],
            [
              -111.75076475184555,
              40.03445754413571
            ],
            [
              -111.75075587415515,
              40.03445400490614
            ],
            [
              -111.75074655663059,
              40.03445187810824
            ],
            [
              -111.75073702251183,
              40.034451214698294
            ],
            [
              -111.75072750022824,
              40.034452030571025
            ],
            [
              -111.75071821792561,
              40.034454306178816
            ],
            [
              -111.75070939799997,
              40.03445798700005
            ],
            [
              -111.75058864399995,
              40.034521787000074
            ],
            [
              -111.75048758662528,
              40.03457064237729
            ],
            [
              -111.75038362353838,
              40.0346129639725
            ],
            [
              -111.75027717666222,
              40.03464858002807
            ],
            [
              -111.75016867799997,
              40.03467734600008
            ],
            [
              -111.75017209599997,
              40.03561666400003
            ],
            [
              -111.75097841999997,
              40.035619359000066
            ]
          ]
        ]
      },
      "properties": {
        "OBJECTID": 79,
        "Join_Count": 1,
        "TARGET_FID": 1179,
        "PARCEL_NO": 403300008,
        "PARCELID": "403300008",
        "PARCELID_LABEL": "40:330:0008",
        "OWNER_NAME": "BLACK WATCH PAYSON LLC",
        "CARE_NAME": null,
        "ACREAGE": 2,
        "SITE_FULL_ADDRESS": "1034 W 640 SOUTH, PAYSON, UT",
        "OWN_FULL_ADDRESS": "2733 PARLEYS WY # 300  SALT LAKE CITY, UT 84109-1661",
        "PROP_TYPE": 903,
        "PROP_TYPE_DESCR": "VACANT COMMERCIAL",
        "SPECIFIC_PROP_TYPE": 905,
        "SPC_PROP_TYP_DESCR": "Vac Com Lot",
        "ASMT_YEAR": 2026,
        "ASMT_CODE": "V",
        "ASMT_CODE_DESCR": "VACANT",
        "MKT_LAND_VALUE": 713000,
        "MKT_CUR_VALUE": 713000,
        "MKT_PRV_VAL": 713000,
        "MKT_VAL_YR_CHG": 0,
        "MKT_PCT_CHG": 0,
        "GLOBALID": "{E928AEA9-AF9D-4E89-A8CC-31C6FBD54E96}",
        "Code": "MDR",
        "Description": "Medium Density Residential",
        "City": "Payson",
        "Description_detailed": null,
        "Acres": null,
        "Unit_Rate": null,
        "CityName": null,
        "AdoptedDate": null,
        "Slope_Score": 10,
        "GP_Score": 8,
        "Utilities_Score": 10,
        "Wetlands_Score": 10,
        "Soil_Score": 10,
        "Ownership_Score": 5,
        "Ownership_Type": "Business",
        "Utility_Proximity_Status": "Within 1/8 Mile",
        "Final_Score": 8.75,
        "ELEV_CHANGE": 1.5963657519523622,
        "SLOPE": 0.2892773986698001,
        "Join_Count_12": 16,
        "TARGET_FID_12": 28748,
        "Shape_Length_12": null,
        "Shape_Area_12": null,
        "OBJECTID_1_12": null,
        "Join_Count_12_13": null,
        "TARGET_FID_12_13": null,
        "Id": 2073,
        "gridcode": 1,
        "ClassName": "Not Hydric",
        "Shape_Length_12_13": null,
        "Shape_Area_12_13": null,
        "SITE_HOUSE_NUM": "1039",
        "SITE_PRE_DIR": "W",
        "SITE_STREET_NAME": "550 SOUTH",
        "MKT_LAND_RES": 119500,
        "MKT_LAND_AGR": 0,
        "MKT_LAND_COM": 0,
        "MKT_IMP_VALUE": 274200,
        "MKT_IMP_RES": 274200,
        "MKT_IMP_AGR": 0,
        "MKT_IMP_COM": 0,
        "Entry": 74681,
        "Year": 2024,
        "Record_Date": 1730073600000,
        "Grantor": "BELKNAP, BRETT",
        "Grantee": "CHATWIN, SHALEY CHATWIN, JESSE",
        "Tax_Address": "NOT APPLICABLE",
        "Serial_Number": "55:074:0011",
        "Serial_Number_Available": "Yes",
        "Detail_URL": "https://www.utahcounty.gov/LandRecords/document.asp?avEntry=74681&avYear=2024",
        "Document_Type": "TR D",
        "Was_REC_": "No",
        "OBJECTID_12": 3797,
        "Shape_Length_12_13_14": 365.6424393225298,
        "Shape_Area_12_13_14": 8225.103325451733,
        "DocType": "WD",
        "Shape_Length": 0.0036686356205053346,
        "Shape_Area": 8.536489036399351e-07
      }
    },
    {
      "type": "Feature",
      "id": 80,
      "geometry": {
        "type": "Polygon",
        "coordinates": [
          [
            [
              -111.91987709699998,
              40.409553592000066
            ],
            [
              -111.91987705099996,
              40.40955357200005
            ],
            [
              -111.91986516699995,
              40.409472795000056
            ],
            [
              -111.91959774399999,
              40.408841704000054
            ],
            [
              -111.91843923199997,
              40.408847897000044
            ],
            [
              -111.91845342699997,
              40.40889768900007
            ],
            [
              -111.9184699830594,
              40.40894536879893
            ],
            [
              -111.91849090242704,
              40.40899130186306
            ],
            [
              -111.91851600370731,
              40.40903508989855
            ],
            [
              -111.91854506924244,
              40.40907635321143
            ],
            [
              -111.91857784699994,
              40.40911473400007
            ],
            [
              -111.91887356499996,
              40.409437163000064
            ],
            [
              -111.91889502972235,
              40.4094636882301
            ],
            [
              -111.91891291899998,
              40.40949274500008
            ],
            [
              -111.91894615999996,
              40.40955623700006
            ],
            [
              -111.91896404926491,
              40.40958529377902
            ],
            [
              -111.91898551399998,
              40.40961181900008
            ],
            [
              -111.91906083899994,
              40.40969394900003
            ],
            [
              -111.91906864945372,
              40.40970019590083
            ],
            [
              -111.91907738345974,
              40.4097050686923
            ],
            [
              -111.91908680167248,
              40.40970843384112
            ],
            [
              -111.91909664599652,
              40.4097101991292
            ],
            [
              -111.91910664665933,
              40.409710316180835
            ],
            [
              -111.91911652960411,
              40.40970878178836
            ],
            [
              -111.91912602399998,
              40.40970563800005
            ],
            [
              -111.91922902656519,
              40.4096667192672
            ],
            [
              -111.91933397426332,
              40.40963339995056
            ],
            [
              -111.91944056294658,
              40.40960577661248
            ],
            [
              -111.91954848371144,
              40.40958392930788
            ],
            [
              -111.91965742379386,
              40.409567921352185
            ],
            [
              -111.91976706747577,
              40.409557799137886
            ],
            [
              -111.91987709699998,
              40.409553592000066
            ]
          ]
        ]
      },
      "properties": {
        "OBJECTID": 80,
        "Join_Count": 1,
        "TARGET_FID": 1196,
        "PARCEL_NO": 419810004,
        "PARCELID": "419810004",
        "PARCELID_LABEL": "41:981:0004",
        "OWNER_NAME": "5G HOLDINGS LLC",
        "CARE_NAME": null,
        "ACREAGE": 1.916361,
        "SITE_FULL_ADDRESS": "1785 N BOSTON ST, LEHI, UT",
        "OWN_FULL_ADDRESS": "2262 S MAVERICK RD  SARATOGA SPRINGS, UT 84045",
        "PROP_TYPE": 903,
        "PROP_TYPE_DESCR": "VACANT COMMERCIAL",
        "SPECIFIC_PROP_TYPE": 905,
        "SPC_PROP_TYP_DESCR": "Vac Com Lot",
        "ASMT_YEAR": 2026,
        "ASMT_CODE": "V",
        "ASMT_CODE_DESCR": "VACANT",
        "MKT_LAND_VALUE": 993000,
        "MKT_CUR_VALUE": 993000,
        "MKT_PRV_VAL": 993000,
        "MKT_VAL_YR_CHG": 0,
        "MKT_PCT_CHG": 0,
        "GLOBALID": "{4EF72D65-844E-4424-B3C1-9DCB335923C2}",
        "Code": "HDR",
        "Description": "High Density Residential",
        "City": "Lehi",
        "Description_detailed": null,
        "Acres": 164.864592,
        "Unit_Rate": null,
        "CityName": null,
        "AdoptedDate": null,
        "Slope_Score": 10,
        "GP_Score": 10,
        "Utilities_Score": 5,
        "Wetlands_Score": 10,
        "Soil_Score": 10,
        "Ownership_Score": 5,
        "Ownership_Type": "Business",
        "Utility_Proximity_Status": "Unknown - No Data",
        "Final_Score": 8,
        "ELEV_CHANGE": 96.60575955566401,
        "SLOPE": 4.795909280727543,
        "Join_Count_12": 1,
        "TARGET_FID_12": 31231,
        "Shape_Length_12": null,
        "Shape_Area_12": null,
        "OBJECTID_1_12": null,
        "Join_Count_12_13": null,
        "TARGET_FID_12_13": null,
        "Id": 2073,
        "gridcode": 1,
        "ClassName": "Not Hydric",
        "Shape_Length_12_13": null,
        "Shape_Area_12_13": null,
        "SITE_HOUSE_NUM": "2582",
        "SITE_PRE_DIR": "N",
        "SITE_STREET_NAME": "REDWOOD",
        "MKT_LAND_RES": 0,
        "MKT_LAND_AGR": 0,
        "MKT_LAND_COM": 887700,
        "MKT_IMP_VALUE": 0,
        "MKT_IMP_RES": 0,
        "MKT_IMP_AGR": 0,
        "MKT_IMP_COM": 0,
        "Entry": 8808,
        "Year": 2023,
        "Record_Date": 1676246400000,
        "Grantor": "BROWN, BOYD B",
        "Grantee": "RDT INVESTMENT LLC",
        "Tax_Address": "NOT APPLICABLE",
        "Serial_Number": "36:431:0026",
        "Serial_Number_Available": "Yes",
        "Detail_URL": "https://www.utahcounty.gov/LandRecords/document.asp?avEntry=8808&avYear=2023",
        "Document_Type": "TR D",
        "Was_REC_": "No",
        "OBJECTID_12": 236,
        "Shape_Length_12_13_14": 1054.9827760697096,
        "Shape_Area_12_13_14": 67465.93924555421,
        "DocType": "WD",
        "Shape_Length": 0.0038280148028059856,
        "Shape_Area": 8.229520607418729e-07
      }
    },
    {
      "type": "Feature",
      "id": 81,
      "geometry": {
        "type": "Polygon",
        "coordinates": [
          [
            [
              -111.68802982699998,
              40.302329701000076
            ],
            [
              -111.68808471299997,
              40.302329378000024
            ],
            [
              -111.68801403299994,
              40.30205988700004
            ],
            [
              -111.68790685499994,
              40.30178466500007
            ],
            [
              -111.68742454799997,
              40.301785849000055
            ],
            [
              -111.68720823599995,
              40.30156181700005
            ],
            [
              -111.68706018699999,
              40.30143396900007
            ],
            [
              -111.68687527299994,
              40.30131519400004
            ],
            [
              -111.68666300799998,
              40.30120037000006
            ],
            [
              -111.68644144299998,
              40.30109406200006
            ],
            [
              -111.68617437999995,
              40.30096852600008
            ],
            [
              -111.68618810199996,
              40.30173436600006
            ],
            [
              -111.68667915599997,
              40.30173358300004
            ],
            [
              -111.68668928899996,
              40.30229885800003
            ],
            [
              -111.68801091899996,
              40.30229673800005
            ],
            [
              -111.68802982699998,
              40.302329701000076
            ]
          ]
        ]
      },
      "properties": {
        "OBJECTID": 81,
        "Join_Count": 1,
        "TARGET_FID": 1231,
        "PARCEL_NO": 470970001,
        "PARCELID": "470970001",
        "PARCELID_LABEL": "47:097:0001",
        "OWNER_NAME": "BRIDGEWAY ON 4TH LLC THE",
        "CARE_NAME": null,
        "ACREAGE": 2.899,
        "SITE_FULL_ADDRESS": "380 E 240 NORTH, OREM, UT",
        "OWN_FULL_ADDRESS": "485 N FREEDOM BLVD  PROVO, UT 84601",
        "PROP_TYPE": 501,
        "PROP_TYPE_DESCR": "COMMERCIAL WITH RES EXEMPTION",
        "SPECIFIC_PROP_TYPE": 5330,
        "SPC_PROP_TYP_DESCR": "Group Care-Nrsg-Retire-Res Prim",
        "ASMT_YEAR": 2026,
        "ASMT_CODE": "UNK",
        "ASMT_CODE_DESCR": "UNK",
        "MKT_LAND_VALUE": 0,
        "MKT_CUR_VALUE": 0,
        "MKT_PRV_VAL": 0,
        "MKT_VAL_YR_CHG": 0,
        "MKT_PCT_CHG": 0,
        "GLOBALID": "{A0F425AF-B457-40F5-AF42-868288389A20}",
        "Code": "MDR",
        "Description": "Medium Density Residential",
        "City": "Orem",
        "Description_detailed": null,
        "Acres": 28.564066,
        "Unit_Rate": null,
        "CityName": null,
        "AdoptedDate": null,
        "Slope_Score": 10,
        "GP_Score": 8,
        "Utilities_Score": 10,
        "Wetlands_Score": 10,
        "Soil_Score": 10,
        "Ownership_Score": 5,
        "Ownership_Type": "Business",
        "Utility_Proximity_Status": "Within 1/8 Mile",
        "Final_Score": 8.75,
        "ELEV_CHANGE": 0.017621699218580034,
        "SLOPE": 0.004846371512009527,
        "Join_Count_12": 1,
        "TARGET_FID_12": 35750,
        "Shape_Length_12": null,
        "Shape_Area_12": null,
        "OBJECTID_1_12": null,
        "Join_Count_12_13": null,
        "TARGET_FID_12_13": null,
        "Id": 2073,
        "gridcode": 1,
        "ClassName": "Not Hydric",
        "Shape_Length_12_13": null,
        "Shape_Area_12_13": null,
        "SITE_HOUSE_NUM": "380",
        "SITE_PRE_DIR": "E",
        "SITE_STREET_NAME": "240 NORTH",
        "MKT_LAND_RES": 0,
        "MKT_LAND_AGR": 0,
        "MKT_LAND_COM": 0,
        "MKT_IMP_VALUE": 0,
        "MKT_IMP_RES": 0,
        "MKT_IMP_AGR": 0,
        "MKT_IMP_COM": 0,
        "Entry": 5543,
        "Year": 2023,
        "Record_Date": 1675036800000,
        "Grantor": "BRIDGEWAY ON 4TH LLC THE BY HOUSING AUTHORITY OF UTAH COUNTY THE",
        "Grantee": "ROBBINS FRIENDSHIP COMMUNITY LLC",
        "Tax_Address": "NOT APPLICABLE",
        "Serial_Number": "47:097:0001",
        "Serial_Number_Available": "Yes",
        "Detail_URL": "https://www.utahcounty.gov/LandRecords/document.asp?avEntry=5543&avYear=2023",
        "Document_Type": "TR D",
        "Was_REC_": "No",
        "OBJECTID_12": 151,
        "Shape_Length_12_13_14": 1822.075930133295,
        "Shape_Area_12_13_14": 126198.24375242973,
        "DocType": "WD",
        "Shape_Length": 0.005802151495157855,
        "Shape_Area": 1.2421044114119299e-06
      }
    },
    {
      "type": "Feature",
      "id": 82,
      "geometry": {
        "type": "Polygon",
        "coordinates": [
          [
            [
              -111.79104056499995,
              39.988082803000054
            ],
            [
              -111.79106349892947,
              39.98809728390114
            ],
            [
              -111.79108851034874,
              39.98810777630442
            ],
            [
              -111.79111491166866,
              39.988113991763164
            ],
            [
              -111.79114197709035,
              39.988115759408174
            ],
            [
              -111.79116896255815,
              39.988113030645096
            ],
            [
              -111.79119512621438,
              39.98810588049037
            ],
            [
              -111.79121974879382,
              39.98809450550897
            ],
            [
              -111.79124215339696,
              39.98807921841055
            ],
            [
              -111.79126172409873,
              39.98806043945285
            ],
            [
              -111.79127792288085,
              39.98803868488831
            ],
            [
              -111.79129030442247,
              39.9880145527718
            ],
            [
              -111.79129852834258,
              39.987988706519495
            ],
            [
              -111.79130236855731,
              39.98796185667087
            ],
            [
              -111.79130171949531,
              39.987934741355296
            ],
            [
              -111.79129659899996,
              39.98790810600008
            ],
            [
              -111.79128182377288,
              39.987888385782746
            ],
            [
              -111.79126390399995,
              39.98787147200005
            ],
            [
              -111.79125980845708,
              39.98786789938257
            ],
            [
              -111.79125626465836,
              39.98786377887804
            ],
            [
              -111.79125334514269,
              39.98785919483012
            ],
            [
              -111.79125110967041,
              39.98785424107088
            ],
            [
              -111.79124960399997,
              39.987849019000066
            ],
            [
              -111.79121397499995,
              39.987663799000075
            ],
            [
              -111.79121155299998,
              39.98765120100006
            ],
            [
              -111.79120009248025,
              39.98758263021687
            ],
            [
              -111.79119197011175,
              39.987513584413584
            ],
            [
              -111.79118720499997,
              39.98744422600004
            ],
            [
              -111.79098600399999,
              39.98738804300007
            ],
            [
              -111.7909891573571,
              39.98747775667621
            ],
            [
              -111.79099737711967,
              39.987567148638114
            ],
            [
              -111.79101063699994,
              39.98765593300004
            ],
            [
              -111.79101394799994,
              39.98767370100006
            ],
            [
              -111.79105281399995,
              39.987875838000036
            ],
            [
              -111.79105246307425,
              39.9878835858965
            ],
            [
              -111.79105080174375,
              39.987891161715226
            ],
            [
              -111.79104787825149,
              39.98789834546364
            ],
            [
              -111.7910437774921,
              39.98790492853443
            ],
            [
              -111.79103861854671,
              39.98791071976319
            ],
            [
              -111.79103255122476,
              39.9879155509797
            ],
            [
              -111.79102575171396,
              39.98791928189128
            ],
            [
              -111.79101841746382,
              39.98792180415679
            ],
            [
              -111.79101076145207,
              39.987923044532714
            ],
            [
              -111.79100300599998,
              39.98792296700003
            ],
            [
              -111.79069208799996,
              39.98793706500004
            ],
            [
              -111.79038480399998,
              39.98795099400007
            ],
            [
              -111.790376677545,
              39.9879514754066
            ],
            [
              -111.79036857738456,
              39.98795066397333
            ],
            [
              -111.79036070789896,
              39.98794858017407
            ],
            [
              -111.79035326764817,
              39.987945276586466
            ],
            [
              -111.79034644436184,
              39.98794083656542
            ],
            [
              -111.79034041020267,
              39.98793537213993
            ],
            [
              -111.79033531742232,
              39.98792902118636
            ],
            [
              -111.79033129451994,
              39.98792194394965
            ],
            [
              -111.79032844299996,
              39.987914319000026
            ],
            [
              -111.79032009899998,
              39.98786339800006
            ],
            [
              -111.79028735699995,
              39.987688726000044
            ],
            [
              -111.79025137099995,
              39.98749675100004
            ],
            [
              -111.79023971299995,
              39.987421864000055
            ],
            [
              -111.79003282299999,
              39.98734816600006
            ],
            [
              -111.79004025534816,
              39.98743377065125
            ],
            [
              -111.79005360499997,
              39.98751865400004
            ],
            [
              -111.79007049499995,
              39.98760876000006
            ],
            [
              -111.79011419299997,
              39.98784189100007
            ],
            [
              -111.79012232999997,
              39.98788530100006
            ],
            [
              -111.79013430737541,
              39.987969811262154
            ],
            [
              -111.79013944999997,
              39.98805501100003
            ],
            [
              -111.79013954799996,
              39.988061378000054
            ],
            [
              -111.79014288599996,
              39.98828093100008
            ],
            [
              -111.79014622399995,
              39.98850048400004
            ],
            [
              -111.79014955299999,
              39.98871946100007
            ],
            [
              -111.79034922799997,
              39.988710326000046
            ],
            [
              -111.79034465499996,
              39.98840855100008
            ],
            [
              -111.79034067899994,
              39.98814621200006
            ],
            [
              -111.79034232634633,
              39.988138398494165
            ],
            [
              -111.79034525783744,
              39.988130970776865
            ],
            [
              -111.79034939081913,
              39.98812413827462
            ],
            [
              -111.79035460876085,
              39.98811809363164
            ],
            [
              -111.79036076454135,
              39.98811300727825
            ],
            [
              -111.79036768459679,
              39.98810902262553
            ],
            [
              -111.79037517381434,
              39.98810625202182
            ],
            [
              -111.79038302103353,
              39.98810477358503
            ],
            [
              -111.79039100499995,
              39.98810462900008
            ],
            [
              -111.79067813099999,
              39.988091620000034
            ],
            [
              -111.79100906599996,
              39.98807661400008
            ],
            [
              -111.79101985956653,
              39.98807692779553
            ],
            [
              -111.791030455108,
              39.98807900963324
            ],
            [
              -111.79104056499995,
              39.988082803000054
            ]
          ]
        ]
      },
      "properties": {
        "OBJECTID": 82,
        "Join_Count": 1,
        "TARGET_FID": 1249,
        "PARCEL_NO": 482410500,
        "PARCELID": "482410500",
        "PARCELID_LABEL": "48:241:0500",
        "OWNER_NAME": "WESTOVER, EDWIN L & LA DEAN L",
        "CARE_NAME": null,
        "ACREAGE": 1.2260849999999999,
        "SITE_FULL_ADDRESS": null,
        "OWN_FULL_ADDRESS": "PO BOX 67  SANTAQUIN, UT 84655-0067",
        "PROP_TYPE": null,
        "PROP_TYPE_DESCR": null,
        "SPECIFIC_PROP_TYPE": null,
        "SPC_PROP_TYP_DESCR": null,
        "ASMT_YEAR": 2026,
        "ASMT_CODE": "UNK",
        "ASMT_CODE_DESCR": "UNK",
        "MKT_LAND_VALUE": 0,
        "MKT_CUR_VALUE": 0,
        "MKT_PRV_VAL": 0,
        "MKT_VAL_YR_CHG": 0,
        "MKT_PCT_CHG": 0,
        "GLOBALID": "{3C563382-27A6-420E-BDB0-051B471C52F9}",
        "Code": null,
        "Description": "Medium Density Residential",
        "City": "Santaquin",
        "Description_detailed": "Any Residential",
        "Acres": null,
        "Unit_Rate": null,
        "CityName": null,
        "AdoptedDate": null,
        "Slope_Score": 10,
        "GP_Score": 8,
        "Utilities_Score": 10,
        "Wetlands_Score": 10,
        "Soil_Score": 10,
        "Ownership_Score": 10,
        "Ownership_Type": "Private",
        "Utility_Proximity_Status": "Within 1/8 Mile",
        "Final_Score": 9.5,
        "ELEV_CHANGE": 1.579545039063305,
        "SLOPE": 0.5901269987907326,
        "Join_Count_12": 1,
        "TARGET_FID_12": 37929,
        "Shape_Length_12": null,
        "Shape_Area_12": null,
        "OBJECTID_1_12": null,
        "Join_Count_12_13": null,
        "TARGET_FID_12_13": null,
        "Id": 2073,
        "gridcode": 1,
        "ClassName": "Not Hydric",
        "Shape_Length_12_13": null,
        "Shape_Area_12_13": null,
        "SITE_HOUSE_NUM": "727",
        "SITE_PRE_DIR": "N",
        "SITE_STREET_NAME": "240 WEST",
        "MKT_LAND_RES": 141500,
        "MKT_LAND_AGR": 0,
        "MKT_LAND_COM": 0,
        "MKT_IMP_VALUE": 274900,
        "MKT_IMP_RES": 274900,
        "MKT_IMP_AGR": 0,
        "MKT_IMP_COM": 0,
        "Entry": 3136,
        "Year": 2023,
        "Record_Date": 1674000000000,
        "Grantor": "MALLOCH, SAMUEL",
        "Grantee": "AMERICA FIRST FEDERAL CREDIT UNION",
        "Tax_Address": "NOT APPLICABLE",
        "Serial_Number": "48:241:0006",
        "Serial_Number_Available": "Yes",
        "Detail_URL": "https://www.utahcounty.gov/LandRecords/document.asp?avEntry=3136&avYear=2023",
        "Document_Type": "TR D",
        "Was_REC_": "No",
        "OBJECTID_12": 74,
        "Shape_Length_12_13_14": 409.63502000815595,
        "Shape_Area_12_13_14": 10472.423864511264,
        "DocType": "WD",
        "Shape_Length": 0.0059532627517478835,
        "Shape_Area": 5.238046447979514e-07
      }
    },
    {
      "type": "Feature",
      "id": 83,
      "geometry": {
        "type": "Polygon",
        "coordinates": [
          [
            [
              -111.94758042099994,
              40.37895449600006
            ],
            [
              -111.94760211999994,
              40.378744280000035
            ],
            [
              -111.94768248099996,
              40.37863407400005
            ],
            [
              -111.94782229899994,
              40.37844233000004
            ],
            [
              -111.94796211699997,
              40.378250585000046
            ],
            [
              -111.94810193399996,
              40.37805884000005
            ],
            [
              -111.94824175099996,
              40.377867095000056
            ],
            [
              -111.94833883399997,
              40.37773395100004
            ],
            [
              -111.94822418799754,
              40.37769936317899
            ],
            [
              -111.94810807239058,
              40.37767008538773
            ],
            [
              -111.94799073298229,
              40.37764617960391
            ],
            [
              -111.94787241816645,
              40.37762769643328
            ],
            [
              -111.94775337840176,
              40.37761467500257
            ],
            [
              -111.94763386568144,
              40.37760714287661
            ],
            [
              -111.94751413299997,
              40.37760511600004
            ],
            [
              -111.94633040899998,
              40.37760963900007
            ],
            [
              -111.94620017599999,
              40.37887116600007
            ],
            [
              -111.94650721799997,
              40.37888970400007
            ],
            [
              -111.94677551699999,
              40.37890590400008
            ],
            [
              -111.94704381799994,
              40.37892210100006
            ],
            [
              -111.94731211799996,
              40.378938299000026
            ],
            [
              -111.94758042099994,
              40.37895449600006
            ]
          ]
        ]
      },
      "properties": {
        "OBJECTID": 83,
        "Join_Count": 1,
        "TARGET_FID": 1261,
        "PARCEL_NO": 516390543,
        "PARCELID": "516390543",
        "PARCELID_LABEL": "51:639:0543",
        "OWNER_NAME": "CHURCH OF JESUS CHRIST OF LATTER-DAY SAINTS THE",
        "CARE_NAME": "%FILE #501-4033",
        "ACREAGE": 5.077247,
        "SITE_FULL_ADDRESS": "909 N HIGHPASS DR, SARATOGA SPRINGS, UT",
        "OWN_FULL_ADDRESS": "%FILE #501-4033  50 E NORTH TEMPLE # 22  SALT LAKE CITY, UT 84150",
        "PROP_TYPE": 900,
        "PROP_TYPE_DESCR": "VACANT",
        "SPECIFIC_PROP_TYPE": 901,
        "SPC_PROP_TYP_DESCR": "Vac Res",
        "ASMT_YEAR": 2025,
        "ASMT_CODE": "V",
        "ASMT_CODE_DESCR": "VACANT",
        "MKT_LAND_VALUE": 760100,
        "MKT_CUR_VALUE": 760100,
        "MKT_PRV_VAL": 760100,
        "MKT_VAL_YR_CHG": 0,
        "MKT_PCT_CHG": 0,
        "GLOBALID": "{4DC21D9A-2BC1-4191-9ED8-EA32AC95BD24}",
        "Code": null,
        "Description": "Medium Density Residential",
        "City": "Saratoga Springs",
        "Description_detailed": "Any Residential",
        "Acres": null,
        "Unit_Rate": null,
        "CityName": null,
        "AdoptedDate": null,
        "Slope_Score": 10,
        "GP_Score": 8,
        "Utilities_Score": 10,
        "Wetlands_Score": 10,
        "Soil_Score": 10,
        "Ownership_Score": 5,
        "Ownership_Type": "Business",
        "Utility_Proximity_Status": "Within 1/8 Mile",
        "Final_Score": 8.75,
        "ELEV_CHANGE": 13.182232495117205,
        "SLOPE": 1.9855471974766843,
        "Join_Count_12": 1,
        "TARGET_FID_12": 40065,
        "Shape_Length_12": null,
        "Shape_Area_12": null,
        "OBJECTID_1_12": null,
        "Join_Count_12_13": null,
        "TARGET_FID_12_13": null,
        "Id": 2073,
        "gridcode": 1,
        "ClassName": "Not Hydric",
        "Shape_Length_12_13": null,
        "Shape_Area_12_13": null,
        "SITE_HOUSE_NUM": "884",
        "SITE_PRE_DIR": "N",
        "SITE_STREET_NAME": "ALTA VIEW",
        "MKT_LAND_RES": 167200,
        "MKT_LAND_AGR": 0,
        "MKT_LAND_COM": 0,
        "MKT_IMP_VALUE": 529800,
        "MKT_IMP_RES": 529800,
        "MKT_IMP_AGR": 0,
        "MKT_IMP_COM": 0,
        "Entry": 44493,
        "Year": 2025,
        "Record_Date": 1750118400000,
        "Grantor": "SIKA, CHARLES A SIKA, HALEY E",
        "Grantee": "AMERICA FIRST FEDERAL CREDIT UNION",
        "Tax_Address": "NOT APPLICABLE",
        "Serial_Number": "51:639:0526",
        "Serial_Number_Available": "Yes",
        "Detail_URL": "https://www.utahcounty.gov/LandRecords/document.asp?avEntry=44493&avYear=2025",
        "Document_Type": "TR D",
        "Was_REC_": "No",
        "OBJECTID_12": 5034,
        "Shape_Length_12_13_14": 359.89940050934285,
        "Shape_Area_12_13_14": 7995.529161910583,
        "DocType": "WD",
        "Shape_Length": 0.006134782823999155,
        "Shape_Area": 2.179275603267957e-06
      }
    },
    {
      "type": "Feature",
      "id": 84,
      "geometry": {
        "type": "Polygon",
        "coordinates": [
          [
            [
              -111.71237344899998,
              40.24671569600008
            ],
            [
              -111.71237349999996,
              40.24671570000004
            ],
            [
              -111.71369921299998,
              40.24667258900007
            ],
            [
              -111.71368112799996,
              40.245854964000046
            ],
            [
              -111.71218316899996,
              40.24586749100007
            ],
            [
              -111.71231595699999,
              40.24595461200005
            ],
            [
              -111.71249858399995,
              40.24607443200006
            ],
            [
              -111.71265053799999,
              40.246290825000074
            ],
            [
              -111.71239472699995,
              40.246683070000074
            ],
            [
              -111.71237344899998,
              40.24671569600008
            ]
          ]
        ]
      },
      "properties": {
        "OBJECTID": 84,
        "Join_Count": 1,
        "TARGET_FID": 1268,
        "PARCEL_NO": 512590134,
        "PARCELID": "512590134",
        "PARCELID_LABEL": "51:259:0134",
        "OWNER_NAME": "RIDERWOOD VILLAGE LC",
        "CARE_NAME": null,
        "ACREAGE": 2.341,
        "SITE_FULL_ADDRESS": "900 N 3000 WEST, PROVO, UT",
        "OWN_FULL_ADDRESS": "77 E CENTER ST # B  PROVO, UT 84606-3135",
        "PROP_TYPE": 900,
        "PROP_TYPE_DESCR": "VACANT",
        "SPECIFIC_PROP_TYPE": 999,
        "SPC_PROP_TYP_DESCR": "Undevelopable",
        "ASMT_YEAR": 2026,
        "ASMT_CODE": "V",
        "ASMT_CODE_DESCR": "VACANT",
        "MKT_LAND_VALUE": 2600,
        "MKT_CUR_VALUE": 2600,
        "MKT_PRV_VAL": 2600,
        "MKT_VAL_YR_CHG": 0,
        "MKT_PCT_CHG": 0,
        "GLOBALID": "{002D15BA-8E76-404B-9336-C6903519F5BC}",
        "Code": "R",
        "Description": "Residential",
        "City": "Provo",
        "Description_detailed": null,
        "Acres": null,
        "Unit_Rate": null,
        "CityName": null,
        "AdoptedDate": null,
        "Slope_Score": 10,
        "GP_Score": 5,
        "Utilities_Score": 5,
        "Wetlands_Score": 10,
        "Soil_Score": 7,
        "Ownership_Score": 5,
        "Ownership_Type": "Business",
        "Utility_Proximity_Status": "Unknown - No Data",
        "Final_Score": 6.45,
        "ELEV_CHANGE": 4.002929174804194,
        "SLOPE": 0.9471071438686305,
        "Join_Count_12": 2,
        "TARGET_FID_12": 40488,
        "Shape_Length_12": null,
        "Shape_Area_12": null,
        "OBJECTID_1_12": null,
        "Join_Count_12_13": null,
        "TARGET_FID_12_13": null,
        "Id": 926,
        "gridcode": 2,
        "ClassName": "Partially Hydric (1 - 25%)",
        "Shape_Length_12_13": null,
        "Shape_Area_12_13": null,
        "SITE_HOUSE_NUM": "3055",
        "SITE_PRE_DIR": "W",
        "SITE_STREET_NAME": "1010 NORTH",
        "MKT_LAND_RES": 166100,
        "MKT_LAND_AGR": 0,
        "MKT_LAND_COM": 0,
        "MKT_IMP_VALUE": 322500,
        "MKT_IMP_RES": 322500,
        "MKT_IMP_AGR": 0,
        "MKT_IMP_COM": 0,
        "Entry": 15750,
        "Year": 2023,
        "Record_Date": 1678752000000,
        "Grantor": "HANSEN, RYAN HANSEN, EMILEE",
        "Grantee": "AMERICA FIRST FEDERAL CREDIT UNION",
        "Tax_Address": "NOT APPLICABLE",
        "Serial_Number": "52:604:0027",
        "Serial_Number_Available": "Yes",
        "Detail_URL": "https://www.utahcounty.gov/LandRecords/document.asp?avEntry=15750&avYear=2023",
        "Document_Type": "TR D",
        "Was_REC_": "No",
        "OBJECTID_12": 381,
        "Shape_Length_12_13_14": 379.11423803439175,
        "Shape_Area_12_13_14": 9206.634583041836,
        "DocType": "WD",
        "Shape_Length": 0.004791200354864083,
        "Shape_Area": 1.002521954015457e-06
      }
    },
    {
      "type": "Feature",
      "id": 85,
      "geometry": {
        "type": "Polygon",
        "coordinates": [
          [
            [
              -111.76865201999999,
              40.03044560600006
            ],
            [
              -111.76865210299997,
              40.030445576000034
            ],
            [
              -111.76815137499995,
              40.02992156400006
            ],
            [
              -111.76807753107005,
              40.02998492865275
            ],
            [
              -111.76799940385808,
              40.03004292989362
            ],
            [
              -111.7679173821242,
              40.030095279109105
            ],
            [
              -111.76783187400765,
              40.03014171581009
            ],
            [
              -111.76774330499592,
              40.03018200892804
            ],
            [
              -111.76765211580746,
              40.03021595796484
            ],
            [
              -111.76755876019867,
              40.030243393990446
            ],
            [
              -111.76746370270608,
              40.030264180483485
            ],
            [
              -111.76736741633472,
              40.03027821401061
            ],
            [
              -111.76727038020455,
              40.030285424741116
            ],
            [
              -111.7671730771663,
              40.03028577679451
            ],
            [
              -111.76707599139887,
              40.03027926841896
            ],
            [
              -111.76697960599995,
              40.03026593200008
            ],
            [
              -111.76690804299994,
              40.03054539200008
            ],
            [
              -111.76705094546088,
              40.030597180744614
            ],
            [
              -111.76719165500559,
              40.0306546612755
            ],
            [
              -111.76732994503578,
              40.030717741026244
            ],
            [
              -111.76746559284955,
              40.03078631841337
            ],
            [
              -111.76759837999998,
              40.03086028300004
            ],
            [
              -111.76805852899997,
              40.03076260700004
            ],
            [
              -111.76811016999994,
              40.030685377000054
            ],
            [
              -111.76865201999999,
              40.03044560600006
            ]
          ]
        ]
      },
      "properties": {
        "OBJECTID": 85,
        "Join_Count": 1,
        "TARGET_FID": 1282,
        "PARCEL_NO": 517390008,
        "PARCELID": "517390008",
        "PARCELID_LABEL": "51:739:0008",
        "OWNER_NAME": "PAYSON SOUTH MEADOWS PARTNERS LLC",
        "CARE_NAME": null,
        "ACREAGE": 1.976648,
        "SITE_FULL_ADDRESS": "1912 W 850 SOUTH, PAYSON, UT",
        "OWN_FULL_ADDRESS": "84 N 500 E  SALEM, UT 84653-9214",
        "PROP_TYPE": 903,
        "PROP_TYPE_DESCR": "VACANT COMMERCIAL",
        "SPECIFIC_PROP_TYPE": 905,
        "SPC_PROP_TYP_DESCR": "Vac Com Lot",
        "ASMT_YEAR": 2026,
        "ASMT_CODE": "V",
        "ASMT_CODE_DESCR": "VACANT",
        "MKT_LAND_VALUE": 1424400,
        "MKT_CUR_VALUE": 1424400,
        "MKT_PRV_VAL": 1424400,
        "MKT_VAL_YR_CHG": 0,
        "MKT_PCT_CHG": 0,
        "GLOBALID": "{D30B97C4-22CA-4FB4-9315-80A46E4EB806}",
        "Code": "MUC",
        "Description": "Mixed Use Center",
        "City": "Payson",
        "Description_detailed": null,
        "Acres": null,
        "Unit_Rate": null,
        "CityName": null,
        "AdoptedDate": null,
        "Slope_Score": 10,
        "GP_Score": 7,
        "Utilities_Score": 0,
        "Wetlands_Score": 10,
        "Soil_Score": 10,
        "Ownership_Score": 5,
        "Ownership_Type": "Business",
        "Utility_Proximity_Status": "Not Within 1/8 Mile",
        "Final_Score": 6,
        "ELEV_CHANGE": 0.7797601904294424,
        "SLOPE": 0.22289993631332655,
        "Join_Count_12": 8,
        "TARGET_FID_12": 42085,
        "Shape_Length_12": null,
        "Shape_Area_12": null,
        "OBJECTID_1_12": null,
        "Join_Count_12_13": null,
        "TARGET_FID_12_13": null,
        "Id": 2073,
        "gridcode": 1,
        "ClassName": "Not Hydric",
        "Shape_Length_12_13": null,
        "Shape_Area_12_13": null,
        "SITE_HOUSE_NUM": "1912",
        "SITE_PRE_DIR": "W",
        "SITE_STREET_NAME": "850 SOUTH",
        "MKT_LAND_RES": 0,
        "MKT_LAND_AGR": 0,
        "MKT_LAND_COM": 1424400,
        "MKT_IMP_VALUE": 0,
        "MKT_IMP_RES": 0,
        "MKT_IMP_AGR": 0,
        "MKT_IMP_COM": 0,
        "Entry": 69743,
        "Year": 2024,
        "Record_Date": 1728432000000,
        "Grantor": "PAYSON SOUTH MEADOWS PARTNERS LLC",
        "Grantee": "INTEGRITY FUNDING LLC",
        "Tax_Address": "NOT APPLICABLE",
        "Serial_Number": "51:739:0008",
        "Serial_Number_Available": "Yes",
        "Detail_URL": "https://www.utahcounty.gov/LandRecords/document.asp?avEntry=69743&avYear=2024",
        "Document_Type": "TR D",
        "Was_REC_": "No",
        "OBJECTID_12": 3706,
        "Shape_Length_12_13_14": 1276.5489960033287,
        "Shape_Area_12_13_14": 86106.3429006911,
        "DocType": "WD",
        "Shape_Length": 0.004194437053381637,
        "Shape_Area": 8.446675733729007e-07
      }
    },
    {
      "type": "Feature",
      "id": 86,
      "geometry": {
        "type": "MultiPolygon",
        "coordinates": [
          [
            [
              [
                -111.77087955199994,
                40.03013415600003
              ],
              [
                -111.77087952499994,
                40.03013415400005
              ],
              [
                -111.77087948399998,
                40.03013420000008
              ],
              [
                -111.77087955199994,
                40.03013415600003
              ]
            ]
          ],
          [
            [
              [
                -111.77087952499994,
                40.03013415400005
              ],
              [
                -111.77099478899999,
                40.030003505000025
              ],
              [
                -111.77082796999997,
                40.029881439000064
              ],
              [
                -111.77039763599998,
                40.029696638000075
              ],
              [
                -111.77036445699997,
                40.029657145000044
              ],
              [
                -111.77042192299996,
                40.02946710600003
              ],
              [
                -111.77027374599999,
                40.029336009000076
              ],
              [
                -111.77003916299998,
                40.02892832500004
              ],
              [
                -111.76989009999994,
                40.02892352200007
              ],
              [
                -111.76959656599996,
                40.02901674200007
              ],
              [
                -111.76931723499996,
                40.02897731500008
              ],
              [
                -111.76912500499998,
                40.02890750800003
              ],
              [
                -111.76895626099997,
                40.028919279000036
              ],
              [
                -111.76877943899996,
                40.029046953000034
              ],
              [
                -111.76860331799998,
                40.029055484000025
              ],
              [
                -111.76848412199996,
                40.02905143900006
              ],
              [
                -111.76836416599997,
                40.02898195900008
              ],
              [
                -111.768365787,
                40.02906631500008
              ],
              [
                -111.76838363499996,
                40.029066113000056
              ],
              [
                -111.76838930399998,
                40.02936122300008
              ],
              [
                -111.76838619666125,
                40.029430632249394
              ],
              [
                -111.76837691510953,
                40.02949948827485
              ],
              [
                -111.76836153322914,
                40.02956724295882
              ],
              [
                -111.76834017346515,
                40.029633356950725
              ],
              [
                -111.76831300584861,
                40.029697303960475
              ],
              [
                -111.7682802466431,
                40.02975857494789
              ],
              [
                -111.76824215662315,
                40.02981668217484
              ],
              [
                -111.7681990389984,
                40.02987116308783
              ],
              [
                -111.76815123699998,
                40.02992158400008
              ],
              [
                -111.76865196499995,
                40.03044559600005
              ],
              [
                -111.76970883999996,
                40.03023569800007
              ],
              [
                -111.77048357999996,
                40.03010044300004
              ],
              [
                -111.77087952499994,
                40.03013415400005
              ]
            ]
          ]
        ]
      },
      "properties": {
        "OBJECTID": 86,
        "Join_Count": 1,
        "TARGET_FID": 1283,
        "PARCEL_NO": 517390013,
        "PARCELID": "517390013",
        "PARCELID_LABEL": "51:739:0013",
        "OWNER_NAME": "SHELDON, C TYLER & GWYNETH ANN (ET AL)",
        "CARE_NAME": null,
        "ACREAGE": 6.4605619999999995,
        "SITE_FULL_ADDRESS": "944 S 1950 WEST, PAYSON, UT",
        "OWN_FULL_ADDRESS": "15279 N SCOTTSDALE RD STE 400  SCOTTSDALE, AZ 85254",
        "PROP_TYPE": 903,
        "PROP_TYPE_DESCR": "VACANT COMMERCIAL",
        "SPECIFIC_PROP_TYPE": 905,
        "SPC_PROP_TYP_DESCR": "Vac Com Lot",
        "ASMT_YEAR": 2026,
        "ASMT_CODE": "V",
        "ASMT_CODE_DESCR": "VACANT",
        "MKT_LAND_VALUE": 2626300,
        "MKT_CUR_VALUE": 2626300,
        "MKT_PRV_VAL": 2626300,
        "MKT_VAL_YR_CHG": 0,
        "MKT_PCT_CHG": 0,
        "GLOBALID": "{74512FA0-5DD2-41FB-9339-9B1E7F3EE99A}",
        "Code": "MUC",
        "Description": "Mixed Use Center",
        "City": "Payson",
        "Description_detailed": null,
        "Acres": null,
        "Unit_Rate": null,
        "CityName": null,
        "AdoptedDate": null,
        "Slope_Score": 10,
        "GP_Score": 7,
        "Utilities_Score": 0,
        "Wetlands_Score": 10,
        "Soil_Score": 10,
        "Ownership_Score": 10,
        "Ownership_Type": "Private",
        "Utility_Proximity_Status": "Not Within 1/8 Mile",
        "Final_Score": 6.75,
        "ELEV_CHANGE": 4.867994409180028,
        "SLOPE": 0.35501883185537414,
        "Join_Count_12": 13,
        "TARGET_FID_12": 42086,
        "Shape_Length_12": null,
        "Shape_Area_12": null,
        "OBJECTID_1_12": null,
        "Join_Count_12_13": null,
        "TARGET_FID_12_13": null,
        "Id": 2073,
        "gridcode": 1,
        "ClassName": "Not Hydric",
        "Shape_Length_12_13": null,
        "Shape_Area_12_13": null,
        "SITE_HOUSE_NUM": "1912",
        "SITE_PRE_DIR": "W",
        "SITE_STREET_NAME": "850 SOUTH",
        "MKT_LAND_RES": 0,
        "MKT_LAND_AGR": 0,
        "MKT_LAND_COM": 1424400,
        "MKT_IMP_VALUE": 0,
        "MKT_IMP_RES": 0,
        "MKT_IMP_AGR": 0,
        "MKT_IMP_COM": 0,
        "Entry": 69743,
        "Year": 2024,
        "Record_Date": 1728432000000,
        "Grantor": "PAYSON SOUTH MEADOWS PARTNERS LLC",
        "Grantee": "INTEGRITY FUNDING LLC",
        "Tax_Address": "NOT APPLICABLE",
        "Serial_Number": "51:739:0008",
        "Serial_Number_Available": "Yes",
        "Detail_URL": "https://www.utahcounty.gov/LandRecords/document.asp?avEntry=69743&avYear=2024",
        "Document_Type": "TR D",
        "Was_REC_": "No",
        "OBJECTID_12": 3706,
        "Shape_Length_12_13_14": 1276.5489960033287,
        "Shape_Area_12_13_14": 86106.3429006911,
        "DocType": "WD",
        "Shape_Length": 0.007542005834510398,
        "Shape_Area": 2.7589463402450597e-06
      }
    },
    {
      "type": "Feature",
      "id": 87,
      "geometry": {
        "type": "MultiPolygon",
        "coordinates": [
          [
            [
              [
                -111.60336257199998,
                40.130122897000035
              ],
              [
                -111.60336253499997,
                40.130122897000035
              ],
              [
                -111.60336253499997,
                40.13012290800003
              ],
              [
                -111.60336257199998,
                40.130122897000035
              ]
            ]
          ],
          [
            [
              [
                -111.60336253499997,
                40.130122897000035
              ],
              [
                -111.60336169099998,
                40.12956206900003
              ],
              [
                -111.60726101799997,
                40.129558545000066
              ],
              [
                -111.60724915999998,
                40.125775608000026
              ],
              [
                -111.60490326999997,
                40.125987372000054
              ],
              [
                -111.60357739599999,
                40.12651095500007
              ],
              [
                -111.60344610399994,
                40.12660404400003
              ],
              [
                -111.60377302299997,
                40.12655732500008
              ],
              [
                -111.60413403699994,
                40.126505733000045
              ],
              [
                -111.60449504899998,
                40.12645413800004
              ],
              [
                -111.60485606099996,
                40.12640254400003
              ],
              [
                -111.60535657099996,
                40.126614321000034
              ],
              [
                -111.60583027999996,
                40.126814756000044
              ],
              [
                -111.60633276699997,
                40.12702736500006
              ],
              [
                -111.60651899999999,
                40.127463843000044
              ],
              [
                -111.60669452899998,
                40.127875231000075
              ],
              [
                -111.60598385799995,
                40.12787588000003
              ],
              [
                -111.60598178398749,
                40.12792716990625
              ],
              [
                -111.60598327939782,
                40.12797847994187
              ],
              [
                -111.60598833699999,
                40.12802956200005
              ],
              [
                -111.60670362099995,
                40.12802890900008
              ],
              [
                -111.606521037,
                40.12844792800007
              ],
              [
                -111.60632518099999,
                40.12889740000003
              ],
              [
                -111.60593083499998,
                40.129138528000055
              ],
              [
                -111.60550642299995,
                40.129398036000055
              ],
              [
                -111.60533985699999,
                40.12949988300005
              ],
              [
                -111.60494605999997,
                40.12950023800005
              ],
              [
                -111.60446477099998,
                40.12950067100007
              ],
              [
                -111.60403571999996,
                40.12950105400006
              ],
              [
                -111.60360666899999,
                40.129501437000044
              ],
              [
                -111.60317761699997,
                40.12950181700006
              ],
              [
                -111.60295729999996,
                40.129502012000046
              ],
              [
                -111.60277737999996,
                40.12955593000004
              ],
              [
                -111.60243665799999,
                40.129658035000034
              ],
              [
                -111.60195175199999,
                40.12980334500003
              ],
              [
                -111.60147142999995,
                40.12980485500003
              ],
              [
                -111.60095578499994,
                40.12980647400008
              ],
              [
                -111.60078137499994,
                40.129807020000044
              ],
              [
                -111.60078708699996,
                40.13006798600003
              ],
              [
                -111.60021499099997,
                40.13007102100005
              ],
              [
                -111.60021649099997,
                40.13013962500003
              ],
              [
                -111.60336253499997,
                40.130122897000035
              ]
            ]
          ]
        ]
      },
      "properties": {
        "OBJECTID": 87,
        "Join_Count": 1,
        "TARGET_FID": 1293,
        "PARCEL_NO": 527630055,
        "PARCELID": "527630055",
        "PARCELID_LABEL": "52:763:0055",
        "OWNER_NAME": "J3 INVESTMENTS LLC",
        "CARE_NAME": null,
        "ACREAGE": 14.724851999999998,
        "SITE_FULL_ADDRESS": "MAPLETON, UT",
        "OWN_FULL_ADDRESS": "60 S SLANT RD  MAPLETON, UT 84664",
        "PROP_TYPE": 900,
        "PROP_TYPE_DESCR": "VACANT",
        "SPECIFIC_PROP_TYPE": 901,
        "SPC_PROP_TYP_DESCR": "Vac Res",
        "ASMT_YEAR": 2026,
        "ASMT_CODE": "V",
        "ASMT_CODE_DESCR": "VACANT",
        "MKT_LAND_VALUE": 833900,
        "MKT_CUR_VALUE": 833900,
        "MKT_PRV_VAL": 833900,
        "MKT_VAL_YR_CHG": 0,
        "MKT_PCT_CHG": 0,
        "GLOBALID": "{03D67CEC-9C75-4A58-9524-6AF7D53DFFE7}",
        "Code": "MDR",
        "Description": "Medium Density Residential",
        "City": "Mapleton",
        "Description_detailed": null,
        "Acres": 1527.26703,
        "Unit_Rate": null,
        "CityName": null,
        "AdoptedDate": null,
        "Slope_Score": 10,
        "GP_Score": 8,
        "Utilities_Score": 10,
        "Wetlands_Score": 0,
        "Soil_Score": 10,
        "Ownership_Score": 5,
        "Ownership_Type": "Business",
        "Utility_Proximity_Status": "Within 1/8 Mile",
        "Final_Score": 7.25,
        "ELEV_CHANGE": 3.3925775927727955,
        "SLOPE": 0.29798605253202587,
        "Join_Count_12": 2,
        "TARGET_FID_12": 42228,
        "Shape_Length_12": null,
        "Shape_Area_12": null,
        "OBJECTID_1_12": null,
        "Join_Count_12_13": null,
        "TARGET_FID_12_13": null,
        "Id": 2073,
        "gridcode": 1,
        "ClassName": "Not Hydric",
        "Shape_Length_12_13": null,
        "Shape_Area_12_13": null,
        "SITE_HOUSE_NUM": "159",
        "SITE_PRE_DIR": "S",
        "SITE_STREET_NAME": "DOUBLEDAY ST",
        "MKT_LAND_RES": 252100,
        "MKT_LAND_AGR": 0,
        "MKT_LAND_COM": 0,
        "MKT_IMP_VALUE": 471500,
        "MKT_IMP_RES": 471500,
        "MKT_IMP_AGR": 0,
        "MKT_IMP_COM": 0,
        "Entry": 31406,
        "Year": 2025,
        "Record_Date": 1745971200000,
        "Grantor": "GREEN, ALAN JOHN TEE GREEN, CANDACE ANNE TEE ALAN AND CANDACE GREEN FAMILY TRUST 12-22-2020 THE",
        "Grantee": "AMERICA FIRST FEDERAL CREDIT UNION",
        "Tax_Address": "NOT APPLICABLE",
        "Serial_Number": "67:020:0053",
        "Serial_Number_Available": "Yes",
        "Detail_URL": "https://www.utahcounty.gov/LandRecords/document.asp?avEntry=31406&avYear=2025",
        "Document_Type": "TR D",
        "Was_REC_": "No",
        "OBJECTID_12": 4775,
        "Shape_Length_12_13_14": 491.22865053966996,
        "Shape_Area_12_13_14": 14591.05726300933,
        "DocType": "WD",
        "Shape_Length": 0.02846741432860974,
        "Shape_Area": 6.298525217624694e-06
      }
    },
    {
      "type": "Feature",
      "id": 88,
      "geometry": {
        "type": "Polygon",
        "coordinates": [
          [
            [
              -111.76475388899996,
              40.04105775900007
            ],
            [
              -111.76475387999994,
              40.04105771800005
            ],
            [
              -111.76474562229343,
              40.04105793621697
            ],
            [
              -111.76473744641453,
              40.041056756242554
            ],
            [
              -111.76472958739716,
              40.0410542119978
            ],
            [
              -111.76472227116632,
              40.04105037662272
            ],
            [
              -111.76471570804347,
              40.04104536037374
            ],
            [
              -111.76471008670022,
              40.04103930745415
            ],
            [
              -111.76470556873466,
              40.04103239186866
            ],
            [
              -111.7647022840258,
              40.04102481242124
            ],
            [
              -111.76470032699996,
              40.041016787000046
            ],
            [
              -111.76469749499995,
              40.040666945000055
            ],
            [
              -111.76470024390035,
              40.040631623427416
            ],
            [
              -111.76470861944385,
              40.040597199304806
            ],
            [
              -111.76472240499999,
              40.04056456300003
            ],
            [
              -111.76473998335695,
              40.04052531079021
            ],
            [
              -111.76475272091939,
              40.04048423173091
            ],
            [
              -111.76476043334027,
              40.040441920347405
            ],
            [
              -111.76476300899998,
              40.04039898900004
            ],
            [
              -111.76476298099999,
              40.04039152400003
            ],
            [
              -111.76476282899995,
              40.040353018000076
            ],
            [
              -111.76476346132095,
              40.040347211114494
            ],
            [
              -111.76476499360261,
              40.040341574460975
            ],
            [
              -111.76476738817047,
              40.04033624662888
            ],
            [
              -111.76477058614886,
              40.040331358614544
            ],
            [
              -111.76477450890854,
              40.0403270306004
            ],
            [
              -111.76477905999997,
              40.04032336900008
            ],
            [
              -111.76479528195595,
              40.04031165640565
            ],
            [
              -111.76480924892755,
              40.0402973294929
            ],
            [
              -111.76482054506249,
              40.04028081483094
            ],
            [
              -111.76482883402998,
              40.04026260412689
            ],
            [
              -111.76483386903453,
              40.04024323958575
            ],
            [
              -111.76483550016403,
              40.04022329776686
            ],
            [
              -111.76483367885328,
              40.04020337241739
            ],
            [
              -111.76482845932995,
              40.04018405679417
            ],
            [
              -111.76481999699996,
              40.04016592600004
            ],
            [
              -111.76479869266635,
              40.04014161583721
            ],
            [
              -111.7647737967984,
              40.040120998989565
            ],
            [
              -111.76474594175798,
              40.0401045991307
            ],
            [
              -111.76471583507075,
              40.04009283282153
            ],
            [
              -111.7646842414548,
              40.04008599892953
            ],
            [
              -111.76465196339667,
              40.04008427103742
            ],
            [
              -111.76461982076788,
              40.04008769303415
            ],
            [
              -111.76458862999999,
              40.040096178000056
            ],
            [
              -111.76456440256692,
              40.04010561547056
            ],
            [
              -111.76454175029065,
              40.04011837904147
            ],
            [
              -111.76452112699997,
              40.040134213000044
            ],
            [
              -111.76451436455172,
              40.04013944357399
            ],
            [
              -111.76450692885724,
              40.04014366258544
            ],
            [
              -111.76449897012864,
              40.04014678480408
            ],
            [
              -111.76449064914412,
              40.04014874715643
            ],
            [
              -111.76448213399999,
              40.04014951000005
            ],
            [
              -111.76419006599997,
              40.040160944000036
            ],
            [
              -111.76381561899996,
              40.040175600000055
            ],
            [
              -111.76344117199994,
              40.04019025600007
            ],
            [
              -111.76343178902931,
              40.04019031030259
            ],
            [
              -111.7634224938333,
              40.040189028734076
            ],
            [
              -111.76341347563029,
              40.04018643738288
            ],
            [
              -111.76340491799999,
              40.04018258900004
            ],
            [
              -111.76337224844062,
              40.04016744303591
            ],
            [
              -111.76333754136483,
              40.040157845159605
            ],
            [
              -111.76330173177175,
              40.040154053935275
            ],
            [
              -111.76326578436198,
              40.04015617149746
            ],
            [
              -111.76323066754888,
              40.04016414079961
            ],
            [
              -111.76319732736978,
              40.04017774715093
            ],
            [
              -111.76316666199995,
              40.04019662400003
            ],
            [
              -111.76315178836994,
              40.040208965522005
            ],
            [
              -111.76313919277756,
              40.04022362461772
            ],
            [
              -111.76312923132326,
              40.04024018684772
            ],
            [
              -111.76312218563557,
              40.040258183967474
            ],
            [
              -111.76311825490896,
              40.04027710716548
            ],
            [
              -111.76311755027228,
              40.04029642144832
            ],
            [
              -111.7631200916469,
              40.040315580765885
            ],
            [
              -111.76312580718348,
              40.040334043449214
            ],
            [
              -111.76313453529339,
              40.040351287524494
            ],
            [
              -111.76314602921695,
              40.04036682547015
            ],
            [
              -111.76315996399995,
              40.04038021800005
            ],
            [
              -111.76316426562707,
              40.040384471578875
            ],
            [
              -111.76316780593098,
              40.0403893770021
            ],
            [
              -111.76317048773723,
              40.04039479962544
            ],
            [
              -111.7631722374355,
              40.04040059060849
            ],
            [
              -111.76317300699998,
              40.04040659100008
            ],
            [
              -111.76317333099996,
              40.040492193000034
            ],
            [
              -111.76317441999998,
              40.04077600800008
            ],
            [
              -111.76317534599997,
              40.04101761100003
            ],
            [
              -111.76317346693746,
              40.04102568615936
            ],
            [
              -111.76317024001244,
              40.041033323307325
            ],
            [
              -111.76316575951715,
              40.04104029928296
            ],
            [
              -111.76316015637371,
              40.041046410245066
            ],
            [
              -111.76315359430856,
              40.041051477628514
            ],
            [
              -111.76314626506824,
              40.04105535336204
            ],
            [
              -111.7631383828165,
              40.04105792419494
            ],
            [
              -111.76313017787639,
              40.041059115006284
            ],
            [
              -111.76312188999998,
              40.041058891000034
            ],
            [
              -111.76345036099997,
              40.04105866300006
            ],
            [
              -111.7634420842578,
              40.04105889473812
            ],
            [
              -111.76343388803981,
              40.041057719930016
            ],
            [
              -111.76342600963817,
              40.04105517258811
            ],
            [
              -111.76341867714378,
              40.04105132646156
            ],
            [
              -111.76341210284278,
              40.04104629290122
            ],
            [
              -111.76340647707053,
              40.041040217635796
            ],
            [
              -111.76340196270114,
              40.04103327655286
            ],
            [
              -111.763398690432,
              40.04102567060662
            ],
            [
              -111.76339675499997,
              40.04101762000005
            ],
            [
              -111.76339557399996,
              40.04071061500008
            ],
            [
              -111.76339438799994,
              40.04040168600005
            ],
            [
              -111.76339613162996,
              40.04039387777294
            ],
            [
              -111.76339915182842,
              40.04038646919295
            ],
            [
              -111.76340336416648,
              40.04037966736494
            ],
            [
              -111.76340865088935,
              40.04037366243217
            ],
            [
              -111.76341486420812,
              40.04036862226093
            ],
            [
              -111.76342183043113,
              40.040364687747854
            ],
            [
              -111.7634293548195,
              40.040361968881186
            ],
            [
              -111.76343722703096,
              40.040360541666125
            ],
            [
              -111.76344522699998,
              40.04036044600008
            ],
            [
              -111.76378978999998,
              40.04034694100005
            ],
            [
              -111.76416423599994,
              40.04033226300004
            ],
            [
              -111.76448518999996,
              40.040319682000074
            ],
            [
              -111.76449374990293,
              40.040319111887044
            ],
            [
              -111.76450227927619,
              40.04032003208234
            ],
            [
              -111.76451052061118,
              40.04032241480453
            ],
            [
              -111.76451822509546,
              40.04032618811735
            ],
            [
              -111.76452516012452,
              40.040331238101466
            ],
            [
              -111.7645311163243,
              40.04033741229386
            ],
            [
              -111.76453591387242,
              40.04034452429074
            ],
            [
              -111.76453940792707,
              40.04035235937528
            ],
            [
              -111.76454149299997,
              40.04036068100004
            ],
            [
              -111.76454164299997,
              40.040399378000075
            ],
            [
              -111.76453881293828,
              40.04043477366201
            ],
            [
              -111.76453035320665,
              40.040469259819716
            ],
            [
              -111.76451648199998,
              40.04050194700005
            ],
            [
              -111.76449895774958,
              40.04054126858982
            ],
            [
              -111.76448628104333,
              40.04058240966288
            ],
            [
              -111.76447863525944,
              40.04062477508231
            ],
            [
              -111.76447613099998,
              40.04066775200005
            ],
            [
              -111.76447629999996,
              40.04068863800006
            ],
            [
              -111.76447895799998,
              40.04101699100005
            ],
            [
              -111.7644770251262,
              40.04102502102403
            ],
            [
              -111.76447376098501,
              40.0410326080306
            ],
            [
              -111.76446925976936,
              40.0410395330825
            ],
            [
              -111.76446365137019,
              40.04104559634441
            ],
            [
              -111.76445709762837,
              40.041050622849596
            ],
            [
              -111.76444978766435,
              40.04105446754884
            ],
            [
              -111.76444193242081,
              40.04105701949617
            ],
            [
              -111.76443375857548,
              40.041058205050376
            ],
            [
              -111.76442550199994,
              40.04105799000007
            ],
            [
              -111.76475388899996,
              40.04105775900007
            ]
          ]
        ]
      },
      "properties": {
        "OBJECTID": 88,
        "Join_Count": 1,
        "TARGET_FID": 1325,
        "PARCEL_NO": 552570500,
        "PARCELID": "552570500",
        "PARCELID_LABEL": "55:257:0500",
        "OWNER_NAME": "CHRISTIANSEN, GLEN M & LILLIAN M",
        "CARE_NAME": null,
        "ACREAGE": 1.476524,
        "SITE_FULL_ADDRESS": null,
        "OWN_FULL_ADDRESS": "4645 W 10400 S  PAYSON, UT 84651-4616",
        "PROP_TYPE": null,
        "PROP_TYPE_DESCR": null,
        "SPECIFIC_PROP_TYPE": null,
        "SPC_PROP_TYP_DESCR": null,
        "ASMT_YEAR": 2026,
        "ASMT_CODE": "UNK",
        "ASMT_CODE_DESCR": "UNK",
        "MKT_LAND_VALUE": 0,
        "MKT_CUR_VALUE": 0,
        "MKT_PRV_VAL": 0,
        "MKT_VAL_YR_CHG": 0,
        "MKT_PCT_CHG": 0,
        "GLOBALID": "{D62B872E-3DE3-4ECA-B411-BB223CB9880F}",
        "Code": "MDR",
        "Description": "Medium Density Residential",
        "City": "Payson",
        "Description_detailed": null,
        "Acres": null,
        "Unit_Rate": null,
        "CityName": null,
        "AdoptedDate": null,
        "Slope_Score": 10,
        "GP_Score": 8,
        "Utilities_Score": 0,
        "Wetlands_Score": 10,
        "Soil_Score": 10,
        "Ownership_Score": 10,
        "Ownership_Type": "Private",
        "Utility_Proximity_Status": "Not Within 1/8 Mile",
        "Final_Score": 7,
        "ELEV_CHANGE": 1.2279120410157702,
        "SLOPE": 0.36928629952669023,
        "Join_Count_12": 11,
        "TARGET_FID_12": 46325,
        "Shape_Length_12": null,
        "Shape_Area_12": null,
        "OBJECTID_1_12": null,
        "Join_Count_12_13": null,
        "TARGET_FID_12_13": null,
        "Id": 2073,
        "gridcode": 1,
        "ClassName": "Not Hydric",
        "Shape_Length_12_13": null,
        "Shape_Area_12_13": null,
        "SITE_HOUSE_NUM": "211",
        "SITE_PRE_DIR": "S",
        "SITE_STREET_NAME": "1700 WEST",
        "MKT_LAND_RES": 165000,
        "MKT_LAND_AGR": 0,
        "MKT_LAND_COM": 0,
        "MKT_IMP_VALUE": 349900,
        "MKT_IMP_RES": 349900,
        "MKT_IMP_AGR": 0,
        "MKT_IMP_COM": 0,
        "Entry": 81081,
        "Year": 2024,
        "Record_Date": 1731888000000,
        "Grantor": "SIMPSON, KEVIN LYNN SIMPSON, TIFFANY",
        "Grantee": "AMERICA FIRST FEDERAL CREDIT UNION",
        "Tax_Address": "NOT APPLICABLE",
        "Serial_Number": "55:257:0011",
        "Serial_Number_Available": "Yes",
        "Detail_URL": "https://www.utahcounty.gov/LandRecords/document.asp?avEntry=81081&avYear=2024",
        "Document_Type": "TR D",
        "Was_REC_": "No",
        "OBJECTID_12": 3920,
        "Shape_Length_12_13_14": 433.34280605276376,
        "Shape_Area_12_13_14": 11992.935068591234,
        "DocType": "WD",
        "Shape_Length": 0.006883362518896914,
        "Shape_Area": 6.308574317663673e-07
      }
    },
    {
      "type": "Feature",
      "id": 89,
      "geometry": {
        "type": "Polygon",
        "coordinates": [
          [
            [
              -111.62563161599996,
              40.12505571000003
            ],
            [
              -111.62586519799999,
              40.124807205000025
            ],
            [
              -111.62532283999997,
              40.12450680300003
            ],
            [
              -111.62526520699998,
              40.124665159000074
            ],
            [
              -111.62540918499997,
              40.124753257000066
            ],
            [
              -111.62552883999996,
              40.124847991000024
            ],
            [
              -111.62557356999997,
              40.12487536100008
            ],
            [
              -111.62558471099999,
              40.12486463000005
            ],
            [
              -111.62565739999997,
              40.124909106000075
            ],
            [
              -111.62563161599996,
              40.12505571000003
            ]
          ]
        ]
      },
      "properties": {
        "OBJECTID": 89,
        "Join_Count": 1,
        "TARGET_FID": 1333,
        "PARCEL_NO": 557100153,
        "PARCELID": "557100153",
        "PARCELID_LABEL": "55:710:0153",
        "OWNER_NAME": "WHISPERING WILLOWS HOA INC",
        "CARE_NAME": null,
        "ACREAGE": 1.54,
        "SITE_FULL_ADDRESS": "SPANISH FORK, UT",
        "OWN_FULL_ADDRESS": "2230 N UNIVERSITY PKWY STE 7A  PROVO, UT 84604",
        "PROP_TYPE": 900,
        "PROP_TYPE_DESCR": "VACANT",
        "SPECIFIC_PROP_TYPE": 999,
        "SPC_PROP_TYP_DESCR": "Undevelopable",
        "ASMT_YEAR": 2026,
        "ASMT_CODE": "V",
        "ASMT_CODE_DESCR": "VACANT",
        "MKT_LAND_VALUE": 53100,
        "MKT_CUR_VALUE": 53100,
        "MKT_PRV_VAL": 53100,
        "MKT_VAL_YR_CHG": 0,
        "MKT_PCT_CHG": 0,
        "GLOBALID": "{C46F4021-2C24-46E8-B3F3-1705FBFB4B07}",
        "Code": null,
        "Description": "High Density Residential",
        "City": "Spanish Fork",
        "Description_detailed": null,
        "Acres": 49.017,
        "Unit_Rate": null,
        "CityName": null,
        "AdoptedDate": null,
        "Slope_Score": 7,
        "GP_Score": 10,
        "Utilities_Score": 5,
        "Wetlands_Score": 10,
        "Soil_Score": 0,
        "Ownership_Score": 5,
        "Ownership_Type": "Business",
        "Utility_Proximity_Status": "Unknown - No Data",
        "Final_Score": 6.7,
        "ELEV_CHANGE": 7.3150076416022785,
        "SLOPE": 5.6307679494723155,
        "Join_Count_12": 1,
        "TARGET_FID_12": 47232,
        "Shape_Length_12": null,
        "Shape_Area_12": null,
        "OBJECTID_1_12": null,
        "Join_Count_12_13": null,
        "TARGET_FID_12_13": null,
        "Id": 1501,
        "gridcode": 6,
        "ClassName": "All Hydric",
        "Shape_Length_12_13": null,
        "Shape_Area_12_13": null,
        "SITE_HOUSE_NUM": "1124",
        "SITE_PRE_DIR": "N",
        "SITE_STREET_NAME": "RIDGE",
        "MKT_LAND_RES": 143200,
        "MKT_LAND_AGR": 0,
        "MKT_LAND_COM": 0,
        "MKT_IMP_VALUE": 276900,
        "MKT_IMP_RES": 276900,
        "MKT_IMP_AGR": 0,
        "MKT_IMP_COM": 0,
        "Entry": 8276,
        "Year": 2025,
        "Record_Date": 1738713600000,
        "Grantor": "LEFEVRE, ALVARO LEFEVRE, KELLY J GONZALEZ",
        "Grantee": "AMERICA FIRST FEDERAL CREDIT UNION",
        "Tax_Address": "NOT APPLICABLE",
        "Serial_Number": "55:553:0003",
        "Serial_Number_Available": "Yes",
        "Detail_URL": "https://www.utahcounty.gov/LandRecords/document.asp?avEntry=8276&avYear=2025",
        "Document_Type": "TR D",
        "Was_REC_": "No",
        "OBJECTID_12": 4320,
        "Shape_Length_12_13_14": 330.9343823168184,
        "Shape_Area_12_13_14": 6047.867101123924,
        "DocType": "WD",
        "Shape_Length": 0.0017529501953788334,
        "Shape_Area": 1.1274802904197146e-07
      }
    },
    {
      "type": "Feature",
      "id": 90,
      "geometry": {
        "type": "Polygon",
        "coordinates": [
          [
            [
              -111.62570893099996,
              40.12563883900003
            ],
            [
              -111.62575974999999,
              40.12556347900005
            ],
            [
              -111.62573658999997,
              40.12547685900006
            ],
            [
              -111.62569481099996,
              40.125428345000046
            ],
            [
              -111.62565340999998,
              40.12538026800007
            ],
            [
              -111.62561163199996,
              40.12533175400006
            ],
            [
              -111.62556949999998,
              40.12528282900007
            ],
            [
              -111.62552772399994,
              40.125234316000046
            ],
            [
              -111.62548632099998,
              40.125186238000026
            ],
            [
              -111.62563991399998,
              40.125108296000064
            ],
            [
              -111.62563160099995,
              40.12505571300005
            ],
            [
              -111.62565738799998,
              40.12490911900005
            ],
            [
              -111.62560127799998,
              40.124963157000025
            ],
            [
              -111.62554536799996,
              40.12501700300004
            ],
            [
              -111.62548945799995,
              40.12507084900005
            ],
            [
              -111.62543334799994,
              40.12512488900006
            ],
            [
              -111.62536065999996,
              40.125080413000035
            ],
            [
              -111.62537180099997,
              40.12506968300005
            ],
            [
              -111.62532707099996,
              40.12504231300005
            ],
            [
              -111.62537203899996,
              40.124999004000074
            ],
            [
              -111.62536924299997,
              40.124997293000035
            ],
            [
              -111.62541380999994,
              40.12495437100006
            ],
            [
              -111.62545854199999,
              40.124981741000056
            ],
            [
              -111.625469883,
              40.124970817000076
            ],
            [
              -111.62548122699997,
              40.12495989400003
            ],
            [
              -111.62543649499997,
              40.12493252300004
            ],
            [
              -111.62548106299994,
              40.124889600000074
            ],
            [
              -111.62548385899998,
              40.124891312000045
            ],
            [
              -111.62552882799997,
              40.12484800300007
            ],
            [
              -111.62540917199999,
              40.12475326800006
            ],
            [
              -111.62536195399997,
              40.12479874400003
            ],
            [
              -111.62531515799998,
              40.12484381300004
            ],
            [
              -111.62526793799998,
              40.124889289000066
            ],
            [
              -111.62522031799995,
              40.124935151000045
            ],
            [
              -111.62517352199995,
              40.124980220000054
            ],
            [
              -111.62512704199997,
              40.124994548000075
            ],
            [
              -111.62514051899996,
              40.12505177600008
            ],
            [
              -111.62515387399998,
              40.12510849000006
            ],
            [
              -111.62516735099996,
              40.12516571800006
            ],
            [
              -111.62518094199999,
              40.12522343200004
            ],
            [
              -111.62519429699995,
              40.12528014600008
            ],
            [
              -111.62541307599997,
              40.12534777900004
            ],
            [
              -111.62545511999997,
              40.12539615700007
            ],
            [
              -111.62549678799996,
              40.12544409800006
            ],
            [
              -111.62553883499999,
              40.125492474000055
            ],
            [
              -111.62558123699995,
              40.12554126200007
            ],
            [
              -111.62562328399997,
              40.125589637000076
            ],
            [
              -111.62566495199997,
              40.125637580000046
            ],
            [
              -111.62564332399995,
              40.12567213900007
            ],
            [
              -111.62570893099996,
              40.12563883900003
            ]
          ]
        ]
      },
      "properties": {
        "OBJECTID": 90,
        "Join_Count": 1,
        "TARGET_FID": 1334,
        "PARCEL_NO": 557100153,
        "PARCELID": "557100153",
        "PARCELID_LABEL": "55:710:0153",
        "OWNER_NAME": "WHISPERING WILLOWS HOA INC",
        "CARE_NAME": null,
        "ACREAGE": 1.54,
        "SITE_FULL_ADDRESS": "SPANISH FORK, UT",
        "OWN_FULL_ADDRESS": "2230 N UNIVERSITY PKWY STE 7A  PROVO, UT 84604",
        "PROP_TYPE": 900,
        "PROP_TYPE_DESCR": "VACANT",
        "SPECIFIC_PROP_TYPE": 999,
        "SPC_PROP_TYP_DESCR": "Undevelopable",
        "ASMT_YEAR": 2026,
        "ASMT_CODE": "V",
        "ASMT_CODE_DESCR": "VACANT",
        "MKT_LAND_VALUE": 53100,
        "MKT_CUR_VALUE": 53100,
        "MKT_PRV_VAL": 53100,
        "MKT_VAL_YR_CHG": 0,
        "MKT_PCT_CHG": 0,
        "GLOBALID": "{9908BEA9-C148-49C2-BD55-E1DB23DCEFF3}",
        "Code": null,
        "Description": "High Density Residential",
        "City": "Spanish Fork",
        "Description_detailed": null,
        "Acres": 49.017,
        "Unit_Rate": null,
        "CityName": null,
        "AdoptedDate": null,
        "Slope_Score": 10,
        "GP_Score": 10,
        "Utilities_Score": 5,
        "Wetlands_Score": 10,
        "Soil_Score": 0,
        "Ownership_Score": 5,
        "Ownership_Type": "Business",
        "Utility_Proximity_Status": "Unknown - No Data",
        "Final_Score": 7,
        "ELEV_CHANGE": 11.902656835937705,
        "SLOPE": 3.702532865571178,
        "Join_Count_12": 1,
        "TARGET_FID_12": 47249,
        "Shape_Length_12": null,
        "Shape_Area_12": null,
        "OBJECTID_1_12": null,
        "Join_Count_12_13": null,
        "TARGET_FID_12_13": null,
        "Id": 1501,
        "gridcode": 6,
        "ClassName": "All Hydric",
        "Shape_Length_12_13": null,
        "Shape_Area_12_13": null,
        "SITE_HOUSE_NUM": "1193",
        "SITE_PRE_DIR": "N",
        "SITE_STREET_NAME": "DRAGONFLY",
        "MKT_LAND_RES": 53600,
        "MKT_LAND_AGR": 0,
        "MKT_LAND_COM": 0,
        "MKT_IMP_VALUE": 310700,
        "MKT_IMP_RES": 310700,
        "MKT_IMP_AGR": 0,
        "MKT_IMP_COM": 0,
        "Entry": 32078,
        "Year": 2023,
        "Record_Date": 1684454400000,
        "Grantor": "SHEPHERD, KELSEY L SHEPHERD, DAKOTA B",
        "Grantee": "AMERICA FIRST FEDERAL CREDIT UNION",
        "Tax_Address": "NOT APPLICABLE",
        "Serial_Number": "55:710:0130",
        "Serial_Number_Available": "Yes",
        "Detail_URL": "https://www.utahcounty.gov/LandRecords/document.asp?avEntry=32078&avYear=2023",
        "Document_Type": "TR D",
        "Was_REC_": "No",
        "OBJECTID_12": 775,
        "Shape_Length_12_13_14": 134.3193729266051,
        "Shape_Area_12_13_14": 976.9721768277898,
        "DocType": "WD",
        "Shape_Length": 0.0033432573168661064,
        "Shape_Area": 2.208167222395461e-07
      }
    },
    {
      "type": "Feature",
      "id": 91,
      "geometry": {
        "type": "MultiPolygon",
        "coordinates": [
          [
            [
              [
                -111.94097143199997,
                40.405862487000036
              ],
              [
                -111.94097141699996,
                40.405862496000054
              ],
              [
                -111.94097143399995,
                40.405862513000045
              ],
              [
                -111.94097143199997,
                40.405862487000036
              ]
            ]
          ],
          [
            [
              [
                -111.94097141699996,
                40.405862496000054
              ],
              [
                -111.94056493299996,
                40.405418215000054
              ],
              [
                -111.94065277299995,
                40.40537125000003
              ],
              [
                -111.94013733499997,
                40.404807875000074
              ],
              [
                -111.94011725999997,
                40.40486199800006
              ],
              [
                -111.94008888708652,
                40.40490903093056
              ],
              [
                -111.94005546593827,
                40.40495262159033
              ],
              [
                -111.94001741010936,
                40.404992230587474
              ],
              [
                -111.93997519050353,
                40.40502736779927
              ],
              [
                -111.93992932954724,
                40.40505759843699
              ],
              [
                -111.93988039472508,
                40.40508254842597
              ],
              [
                -111.93982899155779,
                40.40510190903444
              ],
              [
                -111.9397757561094,
                40.405115440693756
              ],
              [
                -111.93972134711666,
                40.40512297596281
              ],
              [
                -111.93966643783783,
                40.40512442160001
              ],
              [
                -111.93961170772167,
                40.405119759717
              ],
              [
                -111.93955783399997,
                40.40510904800004
              ],
              [
                -111.93946063298678,
                40.4050896620936
              ],
              [
                -111.93936396399994,
                40.405067777000056
              ],
              [
                -111.93926681075874,
                40.40528926743911
              ],
              [
                -111.93916427257616,
                40.40550831694945
              ],
              [
                -111.93905641072561,
                40.40572479463435
              ],
              [
                -111.93894328966175,
                40.40593857113395
              ],
              [
                -111.93882497698198,
                40.406149518702485
              ],
              [
                -111.93870154338603,
                40.4063575112847
              ],
              [
                -111.93857306263372,
                40.40656242459113
              ],
              [
                -111.93843961150087,
                40.406764136172384
              ],
              [
                -111.93830126973347,
                40.406962525492304
              ],
              [
                -111.93815811999997,
                40.40715747400003
              ],
              [
                -111.93758709999997,
                40.407920422000075
              ],
              [
                -111.9375302460984,
                40.407999128572726
              ],
              [
                -111.93747611199996,
                40.408079730000054
              ],
              [
                -111.937528713403,
                40.408114406014086
              ],
              [
                -111.93757729774669,
                40.408154517048736
              ],
              [
                -111.93762130595756,
                40.40819960153528
              ],
              [
                -111.93766023162102,
                40.4082491406741
              ],
              [
                -111.93769362680875,
                40.408302564404686
              ],
              [
                -111.93772110723309,
                40.40835925796543
              ],
              [
                -111.93774235666923,
                40.40841856896791
              ],
              [
                -111.93775713059405,
                40.40847981490408
              ],
              [
                -111.93776525899995,
                40.40854229100006
              ],
              [
                -111.93777089199995,
                40.40870417300005
              ],
              [
                -111.93777076739441,
                40.40874835731128
              ],
              [
                -111.937767325584,
                40.40879240754201
              ],
              [
                -111.93776058599997,
                40.40883607500007
              ],
              [
                -111.93774294363392,
                40.408956964214354
              ],
              [
                -111.93773243457888,
                40.409078681160466
              ],
              [
                -111.93772909514492,
                40.40920080529154
              ],
              [
                -111.93773293687019,
                40.40932291465383
              ],
              [
                -111.93774394648108,
                40.409444587344595
              ],
              [
                -111.937762085938,
                40.409565402969875
              ],
              [
                -111.93778729256697,
                40.409684944096966
              ],
              [
                -111.93781947927597,
                40.40980279769671
              ],
              [
                -111.93785853485602,
                40.409918556570574
              ],
              [
                -111.93790432436533,
                40.410031820757524
              ],
              [
                -111.93795668959558,
                40.41014219891602
              ],
              [
                -111.93801544961849,
                40.410249309676054
              ],
              [
                -111.93808040141106,
                40.41035278295692
              ],
              [
                -111.9381513205569,
                40.41045226124582
              ],
              [
                -111.93822796202174,
                40.41054740083315
              ],
              [
                -111.93831006099998,
                40.41063787300004
              ],
              [
                -111.93836747473935,
                40.410702402683405
              ],
              [
                -111.93842013052166,
                40.41077087009239
              ],
              [
                -111.93846775912691,
                40.41084292516484
              ],
              [
                -111.93851011703818,
                40.41091819949551
              ],
              [
                -111.9385469876867,
                40.41099630821961
              ],
              [
                -111.9385781825592,
                40.4110768519806
              ],
              [
                -111.93860354216157,
                40.41115941897202
              ],
              [
                -111.93862293683456,
                40.41124358704295
              ],
              [
                -111.93863626741648,
                40.411328925856445
              ],
              [
                -111.93864346575037,
                40.41141499908976
              ],
              [
                -111.93864449503238,
                40.41150136666517
              ],
              [
                -111.93863934999996,
                40.41158758700004
              ],
              [
                -111.93852230099998,
                40.41262791400004
              ],
              [
                -111.93888000499999,
                40.41265142800006
              ],
              [
                -111.93883386099998,
                40.41306155500007
              ],
              [
                -111.93887688899997,
                40.413197678000074
              ],
              [
                -111.93898844299997,
                40.413309251000044
              ],
              [
                -111.93915050599998,
                40.41337538600004
              ],
              [
                -111.93905251499996,
                40.41363939300004
              ],
              [
                -111.9391272296027,
                40.413652723593216
              ],
              [
                -111.93920274799996,
                40.41366027000004
              ],
              [
                -111.93970590199996,
                40.41369236000003
              ],
              [
                -111.93965939799995,
                40.41350922200007
              ],
              [
                -111.93933833799997,
                40.413350696000066
              ],
              [
                -111.93899664199995,
                40.41294255500003
              ],
              [
                -111.93916473099995,
                40.41140277300008
              ],
              [
                -111.93930767899997,
                40.41102049300008
              ],
              [
                -111.93960688099997,
                40.41068595200005
              ],
              [
                -111.94064617999999,
                40.41025350100006
              ],
              [
                -111.94078497899994,
                40.410009065000054
              ],
              [
                -111.94086500599997,
                40.41003016800005
              ],
              [
                -111.94086505699994,
                40.40991477100005
              ],
              [
                -111.94076412799996,
                40.409427642000026
              ],
              [
                -111.94070990092817,
                40.40945553520493
              ],
              [
                -111.94065361252855,
                40.409478992021924
              ],
              [
                -111.94059562503786,
                40.409497861497705
              ],
              [
                -111.94053631162707,
                40.4095120222002
              ],
              [
                -111.94047605399999,
                40.409521383000026
              ],
              [
                -111.94029489599995,
                40.409543315000064
              ],
              [
                -111.94021164999998,
                40.40914151100003
              ],
              [
                -111.93988281799994,
                40.408778221000034
              ],
              [
                -111.93980452999995,
                40.40857650800007
              ],
              [
                -111.93963282699997,
                40.40718047800004
              ],
              [
                -111.93965080099997,
                40.407042216000036
              ],
              [
                -111.94018607299995,
                40.40634584000003
              ],
              [
                -111.94097141699996,
                40.405862496000054
              ]
            ]
          ]
        ]
      },
      "properties": {
        "OBJECTID": 91,
        "Join_Count": 1,
        "TARGET_FID": 1370,
        "PARCEL_NO": 580210529,
        "PARCELID": "580210529",
        "PARCELID_LABEL": "58:021:0529",
        "OWNER_NAME": "TOLL SOUTHWEST LLC",
        "CARE_NAME": null,
        "ACREAGE": 29.584600000000002,
        "SITE_FULL_ADDRESS": null,
        "OWN_FULL_ADDRESS": "1140 VIRGINIA DR  FORT WASHINGTON, PA 19034",
        "PROP_TYPE": 900,
        "PROP_TYPE_DESCR": "VACANT",
        "SPECIFIC_PROP_TYPE": 901,
        "SPC_PROP_TYP_DESCR": "Vac Res",
        "ASMT_YEAR": 2026,
        "ASMT_CODE": "V",
        "ASMT_CODE_DESCR": "VACANT",
        "MKT_LAND_VALUE": 3081500,
        "MKT_CUR_VALUE": 3081500,
        "MKT_PRV_VAL": 3081500,
        "MKT_VAL_YR_CHG": 0,
        "MKT_PCT_CHG": 0,
        "GLOBALID": "{D4DA2A63-3B2E-42C8-AE2E-62A07676FCF9}",
        "Code": null,
        "Description": "Medium Density Residential",
        "City": "Saratoga Springs",
        "Description_detailed": "Any Residential",
        "Acres": null,
        "Unit_Rate": null,
        "CityName": null,
        "AdoptedDate": null,
        "Slope_Score": 7,
        "GP_Score": 8,
        "Utilities_Score": 10,
        "Wetlands_Score": 10,
        "Soil_Score": 10,
        "Ownership_Score": 5,
        "Ownership_Type": "Business",
        "Utility_Proximity_Status": "Within 1/8 Mile",
        "Final_Score": 8.45,
        "ELEV_CHANGE": 40.63403642578123,
        "SLOPE": 8.828305949225253,
        "Join_Count_12": 1,
        "TARGET_FID_12": 49377,
        "Shape_Length_12": null,
        "Shape_Area_12": null,
        "OBJECTID_1_12": null,
        "Join_Count_12_13": null,
        "TARGET_FID_12_13": null,
        "Id": 2073,
        "gridcode": 1,
        "ClassName": "Not Hydric",
        "Shape_Length_12_13": null,
        "Shape_Area_12_13": null,
        "SITE_HOUSE_NUM": "2426",
        "SITE_PRE_DIR": "N",
        "SITE_STREET_NAME": "SALVIA",
        "MKT_LAND_RES": 268000,
        "MKT_LAND_AGR": 0,
        "MKT_LAND_COM": 0,
        "MKT_IMP_VALUE": 1056900,
        "MKT_IMP_RES": 1056900,
        "MKT_IMP_AGR": 0,
        "MKT_IMP_COM": 0,
        "Entry": 25189,
        "Year": 2025,
        "Record_Date": 1744070400000,
        "Grantor": "CHAN, JENNY TEE TAN, DANNY TEE JENNY CHAN AND DANNY TAN TRUST 04-17-2015 THE 399 EXCHANGE TITLEHOLDER 1055 LLC CHAN, JENNY TAN, DANNY",
        "Grantee": "GENERATOR CAPITAL LLC",
        "Tax_Address": "NOT APPLICABLE",
        "Serial_Number": "69:035:2043",
        "Serial_Number_Available": "Yes",
        "Detail_URL": "https://www.utahcounty.gov/LandRecords/document.asp?avEntry=25189&avYear=2025",
        "Document_Type": "TR D",
        "Was_REC_": "No",
        "OBJECTID_12": 4668,
        "Shape_Length_12_13_14": 581.9050390239385,
        "Shape_Area_12_13_14": 19786.508354294074,
        "DocType": "WD",
        "Shape_Length": 0.023569794238540838,
        "Shape_Area": 1.2704618935805833e-05
      }
    },
    {
      "type": "Feature",
      "id": 92,
      "geometry": {
        "type": "Polygon",
        "coordinates": [
          [
            [
              -111.94926288399995,
              40.38017006900003
            ],
            [
              -111.94923141061459,
              40.38028416619142
            ],
            [
              -111.94920646270205,
              40.38039986556364
            ],
            [
              -111.949188120667,
              40.380516794229166
            ],
            [
              -111.94917644362395,
              40.38063457533858
            ],
            [
              -111.94917146920687,
              40.38075282929516
            ],
            [
              -111.94917321344779,
              40.380871174978196
            ],
            [
              -111.94918167072521,
              40.380989230971394
            ],
            [
              -111.94919681378215,
              40.381106616792074
            ],
            [
              -111.94921859381408,
              40.381222954117476
            ],
            [
              -111.9492469406261,
              40.38133786800401
            ],
            [
              -111.9492817628593,
              40.38145098809571
            ],
            [
              -111.94932294828507,
              40.38156194981782
            ],
            [
              -111.94937036416692,
              40.3816703955518
            ],
            [
              -111.9494238576882,
              40.38177597578789
            ],
            [
              -111.94948325644464,
              40.381878350251526
            ],
            [
              -111.94954836899996,
              40.381977189000054
            ],
            [
              -111.94960908199994,
              40.382072065000045
            ],
            [
              -111.95052261999996,
              40.381575600000076
            ],
            [
              -111.95070667499999,
              40.381455807000066
            ],
            [
              -111.95060958499994,
              40.381014969000034
            ],
            [
              -111.95052831999999,
              40.38086074300003
            ],
            [
              -111.95043419299998,
              40.38074631600006
            ],
            [
              -111.95030489699997,
              40.380643801000076
            ],
            [
              -111.95016701799995,
              40.38054805100006
            ],
            [
              -111.95002490599995,
              40.380459382000026
            ],
            [
              -111.94987250899999,
              40.38038188300004
            ],
            [
              -111.94971286599997,
              40.38031344400008
            ],
            [
              -111.94954689599996,
              40.38025446200004
            ],
            [
              -111.94926288399995,
              40.38017006900003
            ]
          ]
        ]
      },
      "properties": {
        "OBJECTID": 92,
        "Join_Count": 1,
        "TARGET_FID": 1399,
        "PARCEL_NO": 580330623,
        "PARCELID": "580330623",
        "PARCELID_LABEL": "58:033:0623",
        "OWNER_NAME": "CHURCH OF JESUS CHRIST OF LATTER-DAY SAINTS THE",
        "CARE_NAME": null,
        "ACREAGE": 4.406827,
        "SITE_FULL_ADDRESS": null,
        "OWN_FULL_ADDRESS": "50 E NORTH TEMPLE 22ND FLOOR  SALT LAKE CITY, UT 84150",
        "PROP_TYPE": 900,
        "PROP_TYPE_DESCR": "VACANT",
        "SPECIFIC_PROP_TYPE": 901,
        "SPC_PROP_TYP_DESCR": "Vac Res",
        "ASMT_YEAR": 2026,
        "ASMT_CODE": "V",
        "ASMT_CODE_DESCR": "VACANT",
        "MKT_LAND_VALUE": 692700,
        "MKT_CUR_VALUE": 692700,
        "MKT_PRV_VAL": 692700,
        "MKT_VAL_YR_CHG": 0,
        "MKT_PCT_CHG": 0,
        "GLOBALID": "{5988E564-8B30-4C5C-BB90-643AAA8EF555}",
        "Code": null,
        "Description": "Medium Density Residential",
        "City": "Saratoga Springs",
        "Description_detailed": "Any Residential",
        "Acres": null,
        "Unit_Rate": null,
        "CityName": null,
        "AdoptedDate": null,
        "Slope_Score": 10,
        "GP_Score": 8,
        "Utilities_Score": 10,
        "Wetlands_Score": 10,
        "Soil_Score": 10,
        "Ownership_Score": 5,
        "Ownership_Type": "Business",
        "Utility_Proximity_Status": "Within 1/8 Mile",
        "Final_Score": 8.75,
        "ELEV_CHANGE": 118.87998786132812,
        "SLOPE": 4.347692127615521,
        "Join_Count_12": 1,
        "TARGET_FID_12": 49805,
        "Shape_Length_12": null,
        "Shape_Area_12": null,
        "OBJECTID_1_12": null,
        "Join_Count_12_13": null,
        "TARGET_FID_12_13": null,
        "Id": 2073,
        "gridcode": 1,
        "ClassName": "Not Hydric",
        "Shape_Length_12_13": null,
        "Shape_Area_12_13": null,
        "SITE_HOUSE_NUM": "1434",
        "SITE_PRE_DIR": "W",
        "SITE_STREET_NAME": "RUSSO",
        "MKT_LAND_RES": 154900,
        "MKT_LAND_AGR": 0,
        "MKT_LAND_COM": 0,
        "MKT_IMP_VALUE": 451800,
        "MKT_IMP_RES": 451800,
        "MKT_IMP_AGR": 0,
        "MKT_IMP_COM": 0,
        "Entry": 30581,
        "Year": 2024,
        "Record_Date": 1715299200000,
        "Grantor": "MARTINEZ, ERANDINY VICENTE, FRANKY",
        "Grantee": "AMERICA FIRST FEDERAL CREDIT UNION",
        "Tax_Address": "NOT APPLICABLE",
        "Serial_Number": "51:726:0334",
        "Serial_Number_Available": "Yes",
        "Detail_URL": "https://www.utahcounty.gov/LandRecords/document.asp?avEntry=30581&avYear=2024",
        "Document_Type": "TR D",
        "Was_REC_": "No",
        "OBJECTID_12": 2935,
        "Shape_Length_12_13_14": 313.62647775477734,
        "Shape_Area_12_13_14": 5650.678571627543,
        "DocType": "WD",
        "Shape_Length": 0.0053573221818950375,
        "Shape_Area": 1.892688096825927e-06
      }
    },
    {
      "type": "Feature",
      "id": 93,
      "geometry": {
        "type": "Polygon",
        "coordinates": [
          [
            [
              -111.97763792899997,
              40.38570111200005
            ],
            [
              -111.97763792099994,
              40.38570107100003
            ],
            [
              -111.97756688899995,
              40.38571684100003
            ],
            [
              -111.97754614499996,
              40.385664871000074
            ],
            [
              -111.97748035899997,
              40.38567728000004
            ],
            [
              -111.97607721399999,
              40.38595312500007
            ],
            [
              -111.97601105364708,
              40.385962865851944
            ],
            [
              -111.9759462923965,
              40.38597954089064
            ],
            [
              -111.97588365489621,
              40.38600296353031
            ],
            [
              -111.9758238420304,
              40.386032871682616
            ],
            [
              -111.97576752307691,
              40.386068930689405
            ],
            [
              -111.97571532821837,
              40.38611073706733
            ],
            [
              -111.97566784149073,
              40.386157823022664
            ],
            [
              -111.97562559424814,
              40.386209661685704
            ],
            [
              -111.9755890592174,
              40.38626567300617
            ],
            [
              -111.97555864520834,
              40.38632523024371
            ],
            [
              -111.9755346925394,
              40.38638766698084
            ],
            [
              -111.9755174692297,
              40.386452284579796
            ],
            [
              -111.97550716799998,
              40.386518360000025
            ],
            [
              -111.97550799599998,
              40.38663757000006
            ],
            [
              -111.97550278370127,
              40.38670349760024
            ],
            [
              -111.97549160862468,
              40.386768679915214
            ],
            [
              -111.9754745630357,
              40.38683257877607
            ],
            [
              -111.97545178766892,
              40.38689466661055
            ],
            [
              -111.97542347056606,
              40.38695443079889
            ],
            [
              -111.97538984552341,
              40.387011377906184
            ],
            [
              -111.97535119016159,
              40.3870650377564
            ],
            [
              -111.97530782363333,
              40.38711496731427
            ],
            [
              -111.97526010398846,
              40.387160754343185
            ],
            [
              -111.97520842521777,
              40.38720202080877
            ],
            [
              -111.97515321399999,
              40.38723842600007
            ],
            [
              -111.97552286199999,
              40.387562477000074
            ],
            [
              -111.97552993099998,
              40.388579168000035
            ],
            [
              -111.97533813899997,
              40.38867304300004
            ],
            [
              -111.97541469567835,
              40.38875057989932
            ],
            [
              -111.9754956444618,
              40.38882351953335
            ],
            [
              -111.97558070973183,
              40.38889161355357
            ],
            [
              -111.97566960185391,
              40.38895463011002
            ],
            [
              -111.97576201816365,
              40.38901235464076
            ],
            [
              -111.97585764399733,
              40.389064590602395
            ],
            [
              -111.97595615376329,
              40.38911116013927
            ],
            [
              -111.9760572120505,
              40.389151904689086
            ],
            [
              -111.97616047477062,
              40.389186685522745
            ],
            [
              -111.9762655903295,
              40.3892153842167
            ],
            [
              -111.9763722008244,
              40.38923790305619
            ],
            [
              -111.97647994326252,
              40.38925416536794
            ],
            [
              -111.97658845079697,
              40.3892641157812
            ],
            [
              -111.9766973539758,
              40.38926772041631
            ],
            [
              -111.97680628199998,
              40.38926496700003
            ],
            [
              -111.97680499599994,
              40.38923205000003
            ],
            [
              -111.97701033799996,
              40.389227359000074
            ],
            [
              -111.97701983136062,
              40.38922655698013
            ],
            [
              -111.97702909503036,
              40.38922433177102
            ],
            [
              -111.97703791690606,
              40.38922073432165
            ],
            [
              -111.97704609499999,
              40.38921584700006
            ],
            [
              -111.97707857528708,
              40.389196415727774
            ],
            [
              -111.97711360132313,
              40.38918207277859
            ],
            [
              -111.977150381608,
              40.389173142267
            ],
            [
              -111.97718808499997,
              40.38916982600006
            ],
            [
              -111.9771965502009,
              40.389169425162414
            ],
            [
              -111.97720484974725,
              40.38916771115302
            ],
            [
              -111.97721278119407,
              40.3891647257805
            ],
            [
              -111.97722015107522,
              40.38916054186492
            ],
            [
              -111.97722677962243,
              40.38915526146155
            ],
            [
              -111.97723250515024,
              40.38914901337153
            ],
            [
              -111.97723718799995,
              40.38914195000007
            ],
            [
              -111.97724166299997,
              40.38913239000004
            ],
            [
              -111.97724526107245,
              40.38911880685194
            ],
            [
              -111.97724646913811,
              40.38910480725854
            ],
            [
              -111.97724525118674,
              40.38909080852173
            ],
            [
              -111.97724164352323,
              40.389077227917845
            ],
            [
              -111.9772357536853,
              40.38906447025946
            ],
            [
              -111.97722775723813,
              40.3890529158287
            ],
            [
              -111.9772178925409,
              40.38904290904166
            ],
            [
              -111.97720645364195,
              40.389034748182105
            ],
            [
              -111.97719378151362,
              40.38902867651007
            ],
            [
              -111.97718025388849,
              40.389024875010854
            ],
            [
              -111.97716627399996,
              40.389023457000064
            ],
            [
              -111.97712243211453,
              40.389016791080735
            ],
            [
              -111.97707824699995,
              40.38901302000005
            ],
            [
              -111.97704818420283,
              40.38901031601657
            ],
            [
              -111.97701836099998,
              40.389005662000045
            ],
            [
              -111.97707130799995,
              40.388760682000054
            ],
            [
              -111.97717798299999,
              40.38833988300007
            ],
            [
              -111.97719082299994,
              40.387992403000055
            ],
            [
              -111.97719082399999,
              40.38752603700004
            ],
            [
              -111.97666353999995,
              40.387526035000064
            ],
            [
              -111.97666354599994,
              40.38705341300005
            ],
            [
              -111.97634775799997,
              40.38705341000008
            ],
            [
              -111.97634777199994,
              40.38622013300005
            ],
            [
              -111.97633272699994,
              40.38612477400005
            ],
            [
              -111.97651643599994,
              40.38610782400008
            ],
            [
              -111.97660519423594,
              40.38610231879065
            ],
            [
              -111.97669412123571,
              40.3861017526627
            ],
            [
              -111.9767829423693,
              40.38610612736457
            ],
            [
              -111.9768713833337,
              40.386115429386045
            ],
            [
              -111.97695917099998,
              40.38612963000003
            ],
            [
              -111.97705875314884,
              40.38614474442685
            ],
            [
              -111.97715914929015,
              40.38615284782638
            ],
            [
              -111.97725986643042,
              40.386153900407
            ],
            [
              -111.97736040999996,
              40.38614789700006
            ],
            [
              -111.97736051199996,
              40.386146748000044
            ],
            [
              -111.97736047999996,
              40.386146557000075
            ],
            [
              -111.97741858699999,
              40.38614093800004
            ],
            [
              -111.97743390440462,
              40.38613846853769
            ],
            [
              -111.97744857232017,
              40.386133411524504
            ],
            [
              -111.9774621570693,
              40.386125916478136
            ],
            [
              -111.97747425699998,
              40.386116205000064
            ],
            [
              -111.97747257799995,
              40.386089698000035
            ],
            [
              -111.977472579,
              40.386068677000026
            ],
            [
              -111.97747165386187,
              40.38605911348186
            ],
            [
              -111.97746912899999,
              40.38604984300008
            ],
            [
              -111.9774617374899,
              40.38602406778967
            ],
            [
              -111.97745846665534,
              40.38599745392986
            ],
            [
              -111.97745939694063,
              40.38597065597355
            ],
            [
              -111.97746450546593,
              40.38594433300141
            ],
            [
              -111.97747366658993,
              40.385919132412134
            ],
            [
              -111.97748665499995,
              40.38589567400004
            ],
            [
              -111.97748748980312,
              40.3858941283133
            ],
            [
              -111.97748806939892,
              40.38589246996698
            ],
            [
              -111.97748837917128,
              40.38589074078078
            ],
            [
              -111.97748841130843,
              40.38588898436084
            ],
            [
              -111.97748816499995,
              40.38588724500005
            ],
            [
              -111.97748801449217,
              40.38586572421411
            ],
            [
              -111.97749151558274,
              40.38584448959039
            ],
            [
              -111.97749856685937,
              40.38582415620951
            ],
            [
              -111.97750896407521,
              40.38580531304676
            ],
            [
              -111.97752240606529,
              40.385788505911876
            ],
            [
              -111.97753850346983,
              40.38577422163916
            ],
            [
              -111.97755679001254,
              40.385762873985854
            ],
            [
              -111.97757673600671,
              40.38575479164729
            ],
            [
              -111.97759776369806,
              40.38575020873592
            ],
            [
              -111.97761926399994,
              40.38574925800003
            ],
            [
              -111.97762205552411,
              40.38574893911418
            ],
            [
              -111.97762475448606,
              40.38574815815345
            ],
            [
              -111.9776272849591,
              40.38574693708769
            ],
            [
              -111.97762957575635,
              40.38574531026771
            ],
            [
              -111.97763156243354,
              40.38574332345894
            ],
            [
              -111.9776331891018,
              40.38574103255393
            ],
            [
              -111.97763440999995,
              40.38573850200004
            ],
            [
              -111.97763778467423,
              40.385719959013905
            ],
            [
              -111.97763792899997,
              40.38570111200005
            ]
          ]
        ]
      },
      "properties": {
        "OBJECTID": 93,
        "Join_Count": 1,
        "TARGET_FID": 1408,
        "PARCEL_NO": 580330640,
        "PARCELID": "580330640",
        "PARCELID_LABEL": "58:033:0640",
        "OWNER_NAME": "ALLRED, LORI L (ET AL)",
        "CARE_NAME": null,
        "ACREAGE": 10.702537,
        "SITE_FULL_ADDRESS": null,
        "OWN_FULL_ADDRESS": "1877 E QUAIL CREST LN  SANDY, UT 84092",
        "PROP_TYPE": 900,
        "PROP_TYPE_DESCR": "VACANT",
        "SPECIFIC_PROP_TYPE": 901,
        "SPC_PROP_TYP_DESCR": "Vac Res",
        "ASMT_YEAR": 2026,
        "ASMT_CODE": "V",
        "ASMT_CODE_DESCR": "VACANT",
        "MKT_LAND_VALUE": 1477800,
        "MKT_CUR_VALUE": 1477800,
        "MKT_PRV_VAL": 1477800,
        "MKT_VAL_YR_CHG": 0,
        "MKT_PCT_CHG": 0,
        "GLOBALID": "{80AB4F9F-C84D-4BF8-9C2A-DC037BC61C42}",
        "Code": null,
        "Description": "Medium Density Residential",
        "City": "Eagle Mountain",
        "Description_detailed": "Any Residential",
        "Acres": null,
        "Unit_Rate": null,
        "CityName": null,
        "AdoptedDate": null,
        "Slope_Score": 10,
        "GP_Score": 8,
        "Utilities_Score": 10,
        "Wetlands_Score": 10,
        "Soil_Score": 10,
        "Ownership_Score": 10,
        "Ownership_Type": "Private",
        "Utility_Proximity_Status": "Within 1/8 Mile",
        "Final_Score": 9.5,
        "ELEV_CHANGE": 3.2500020263669285,
        "SLOPE": 0.9182514491393318,
        "Join_Count_12": 1,
        "TARGET_FID_12": 49985,
        "Shape_Length_12": null,
        "Shape_Area_12": null,
        "OBJECTID_1_12": null,
        "Join_Count_12_13": null,
        "TARGET_FID_12_13": null,
        "Id": 2073,
        "gridcode": 1,
        "ClassName": "Not Hydric",
        "Shape_Length_12_13": null,
        "Shape_Area_12_13": null,
        "SITE_HOUSE_NUM": null,
        "SITE_PRE_DIR": null,
        "SITE_STREET_NAME": null,
        "MKT_LAND_RES": 0,
        "MKT_LAND_AGR": 0,
        "MKT_LAND_COM": 0,
        "MKT_IMP_VALUE": 0,
        "MKT_IMP_RES": 0,
        "MKT_IMP_AGR": 0,
        "MKT_IMP_COM": 0,
        "Entry": 17247,
        "Year": 2025,
        "Record_Date": 1741651200000,
        "Grantor": "JDH GROWTH LLC",
        "Grantee": "ALLRED, LORI L TEE CORONADO TRUST 11-05-2013 THE",
        "Tax_Address": "NOT APPLICABLE",
        "Serial_Number": "58:033:0641",
        "Serial_Number_Available": "Yes",
        "Detail_URL": "https://www.utahcounty.gov/LandRecords/document.asp?avEntry=17247&avYear=2025",
        "Document_Type": "TR D",
        "Was_REC_": "No",
        "OBJECTID_12": 4504,
        "Shape_Length_12_13_14": 4904.169312298439,
        "Shape_Area_12_13_14": 733622.8762441776,
        "DocType": "WD",
        "Shape_Length": 0.012908662844483788,
        "Shape_Area": 4.594432985551088e-06
      }
    },
    {
      "type": "Feature",
      "id": 94,
      "geometry": {
        "type": "Polygon",
        "coordinates": [
          [
            [
              -111.91616109999995,
              40.37669563600008
            ],
            [
              -111.91616110399997,
              40.37669559400007
            ],
            [
              -111.90772212199994,
              40.37673670800007
            ],
            [
              -111.90936018499997,
              40.37740968000003
            ],
            [
              -111.90928312899996,
              40.37812621300003
            ],
            [
              -111.90931784499998,
              40.37877142800005
            ],
            [
              -111.90977881099997,
              40.37871628200003
            ],
            [
              -111.91385853299994,
              40.37943461700007
            ],
            [
              -111.91414326899996,
              40.38034312900004
            ],
            [
              -111.91459825399994,
              40.38034151700003
            ],
            [
              -111.91459816199995,
              40.38032634100006
            ],
            [
              -111.91615957399995,
              40.38033423200005
            ],
            [
              -111.91616789199998,
              40.377048158000036
            ],
            [
              -111.91616109999995,
              40.37669563600008
            ]
          ]
        ]
      },
      "properties": {
        "OBJECTID": 94,
        "Join_Count": 1,
        "TARGET_FID": 1422,
        "PARCEL_NO": 580320213,
        "PARCELID": "580320213",
        "PARCELID_LABEL": "58:032:0213",
        "OWNER_NAME": "CHIU, RICHARD HUNG-HSIUNG (ET AL)",
        "CARE_NAME": null,
        "ACREAGE": 45.046862,
        "SITE_FULL_ADDRESS": null,
        "OWN_FULL_ADDRESS": "PO BOX 888  PROVO, UT 84603-0888",
        "PROP_TYPE": 900,
        "PROP_TYPE_DESCR": "VACANT",
        "SPECIFIC_PROP_TYPE": 901,
        "SPC_PROP_TYP_DESCR": "Vac Res",
        "ASMT_YEAR": 2026,
        "ASMT_CODE": "V",
        "ASMT_CODE_DESCR": "VACANT",
        "MKT_LAND_VALUE": 7038200,
        "MKT_CUR_VALUE": 7038200,
        "MKT_PRV_VAL": 7038200,
        "MKT_VAL_YR_CHG": 0,
        "MKT_PCT_CHG": 0,
        "GLOBALID": "{25B3C3D4-22D7-4129-BD9F-CF816FB2933A}",
        "Code": null,
        "Description": "Mixed Use",
        "City": "Saratoga Springs",
        "Description_detailed": "Mixed Use",
        "Acres": null,
        "Unit_Rate": null,
        "CityName": null,
        "AdoptedDate": null,
        "Slope_Score": 10,
        "GP_Score": 7,
        "Utilities_Score": 10,
        "Wetlands_Score": 0,
        "Soil_Score": 7,
        "Ownership_Score": 10,
        "Ownership_Type": "Private",
        "Utility_Proximity_Status": "Within 1/8 Mile",
        "Final_Score": 7.45,
        "ELEV_CHANGE": 0.7937774511719908,
        "SLOPE": 0.5541227619621828,
        "Join_Count_12": 2,
        "TARGET_FID_12": 50179,
        "Shape_Length_12": null,
        "Shape_Area_12": null,
        "OBJECTID_1_12": null,
        "Join_Count_12_13": null,
        "TARGET_FID_12_13": null,
        "Id": 587,
        "gridcode": 2,
        "ClassName": "Partially Hydric (1 - 25%)",
        "Shape_Length_12_13": null,
        "Shape_Area_12_13": null,
        "SITE_HOUSE_NUM": "56",
        "SITE_PRE_DIR": "E",
        "SITE_STREET_NAME": "BLAIR",
        "MKT_LAND_RES": 188300,
        "MKT_LAND_AGR": 0,
        "MKT_LAND_COM": 0,
        "MKT_IMP_VALUE": 300500,
        "MKT_IMP_RES": 300500,
        "MKT_IMP_AGR": 0,
        "MKT_IMP_COM": 0,
        "Entry": 74400,
        "Year": 2024,
        "Record_Date": 1729814400000,
        "Grantor": "RATTAN, PUSHPINDER",
        "Grantee": "AMERICA FIRST FEDERAL CREDIT UNION",
        "Tax_Address": "NOT APPLICABLE",
        "Serial_Number": "37:242:0109",
        "Serial_Number_Available": "Yes",
        "Detail_URL": "https://www.utahcounty.gov/LandRecords/document.asp?avEntry=74400&avYear=2024",
        "Document_Type": "TR D",
        "Was_REC_": "No",
        "OBJECTID_12": 3793,
        "Shape_Length_12_13_14": 316.97485439538514,
        "Shape_Area_12_13_14": 6042.008582119296,
        "DocType": "WD",
        "Shape_Length": 0.02280593942698642,
        "Shape_Area": 1.9335381974545873e-05
      }
    },
    {
      "type": "Feature",
      "id": 95,
      "geometry": {
        "type": "Polygon",
        "coordinates": [
          [
            [
              -111.75664862199994,
              40.31024041000006
            ],
            [
              -111.75664862699995,
              40.31024041500007
            ],
            [
              -111.75719656099994,
              40.310194737000074
            ],
            [
              -111.75727028215503,
              40.31019171700855
            ],
            [
              -111.75734398911128,
              40.31019506568836
            ],
            [
              -111.75741713271253,
              40.31020475809005
            ],
            [
              -111.75748916799995,
              40.310220722000054
            ],
            [
              -111.75823480099996,
              40.31042227700004
            ],
            [
              -111.75829594621315,
              40.3104380479662
            ],
            [
              -111.75835503534633,
              40.31046031756008
            ],
            [
              -111.7584113799264,
              40.310488826309005
            ],
            [
              -111.75846432345833,
              40.310523242045214
            ],
            [
              -111.75851324907407,
              40.31056316377605
            ],
            [
              -111.75855758672013,
              40.31060812635618
            ],
            [
              -111.75859681979941,
              40.31065760590712
            ],
            [
              -111.75863049119033,
              40.310711025921194
            ],
            [
              -111.75865820857292,
              40.310767763978724
            ],
            [
              -111.75867964899999,
              40.31082715900004
            ],
            [
              -111.75953731799996,
              40.31075565000003
            ],
            [
              -111.75978227899998,
              40.31054893400005
            ],
            [
              -111.7596121624598,
              40.31043942435274
            ],
            [
              -111.75943851198639,
              40.31033560955043
            ],
            [
              -111.7592615181487,
              40.31023760352247
            ],
            [
              -111.75908137518483,
              40.31014551382346
            ],
            [
              -111.75889828078881,
              40.31005944151525
            ],
            [
              -111.75871243589363,
              40.30997948105606
            ],
            [
              -111.7585240444508,
              40.30990572019678
            ],
            [
              -111.75833331320645,
              40.30983823988467
            ],
            [
              -111.75814045147447,
              40.30977711417455
            ],
            [
              -111.75794567090685,
              40.30972241014752
            ],
            [
              -111.75774918526133,
              40.309674187837345
            ],
            [
              -111.75755121016685,
              40.30963250016455
            ],
            [
              -111.75735196288694,
              40.30959739287838
            ],
            [
              -111.75715166208123,
              40.30956890450658
            ],
            [
              -111.75695052756555,
              40.30954706631309
            ],
            [
              -111.75674878007062,
              40.30953190226377
            ],
            [
              -111.75654664099994,
              40.30952342900008
            ],
            [
              -111.75664862199994,
              40.31024041000006
            ]
          ]
        ]
      },
      "properties": {
        "OBJECTID": 95,
        "Join_Count": 1,
        "TARGET_FID": 1430,
        "PARCEL_NO": 571130003,
        "PARCELID": "571130003",
        "PARCELID_LABEL": "57:113:0003",
        "OWNER_NAME": "FLAGBOROUGH LLC",
        "CARE_NAME": "%STEPHENSON, CLAY",
        "ACREAGE": 4.4731689999999995,
        "SITE_FULL_ADDRESS": "135 W 850 NORTH, VINEYARD, UT",
        "OWN_FULL_ADDRESS": "%STEPHENSON, CLAY  2733 E PARLEYS WAY STE 300  SALT LAKE CITY, UT 84109",
        "PROP_TYPE": 903,
        "PROP_TYPE_DESCR": "VACANT COMMERCIAL",
        "SPECIFIC_PROP_TYPE": 905,
        "SPC_PROP_TYP_DESCR": "Vac Com Lot",
        "ASMT_YEAR": 2026,
        "ASMT_CODE": "V",
        "ASMT_CODE_DESCR": "VACANT",
        "MKT_LAND_VALUE": 2223200,
        "MKT_CUR_VALUE": 2223200,
        "MKT_PRV_VAL": 2223200,
        "MKT_VAL_YR_CHG": 0,
        "MKT_PCT_CHG": 0,
        "GLOBALID": "{F9E88A8E-D5AE-4D7C-8011-B911783B66A8}",
        "Code": null,
        "Description": "Mixed Use",
        "City": "Vineyard",
        "Description_detailed": "Mixed Use",
        "Acres": null,
        "Unit_Rate": null,
        "CityName": null,
        "AdoptedDate": null,
        "Slope_Score": 10,
        "GP_Score": 7,
        "Utilities_Score": 10,
        "Wetlands_Score": 0,
        "Soil_Score": 10,
        "Ownership_Score": 5,
        "Ownership_Type": "Business",
        "Utility_Proximity_Status": "Within 1/8 Mile",
        "Final_Score": 7,
        "ELEV_CHANGE": 16.154292265625372,
        "SLOPE": 0.21217779450139995,
        "Join_Count_12": 1,
        "TARGET_FID_12": 50425,
        "Shape_Length_12": null,
        "Shape_Area_12": null,
        "OBJECTID_1_12": null,
        "Join_Count_12_13": null,
        "TARGET_FID_12_13": null,
        "Id": 2073,
        "gridcode": 1,
        "ClassName": "Not Hydric",
        "Shape_Length_12_13": null,
        "Shape_Area_12_13": null,
        "SITE_HOUSE_NUM": "945",
        "SITE_PRE_DIR": "N",
        "SITE_STREET_NAME": "220 WEST",
        "MKT_LAND_RES": 596400,
        "MKT_LAND_AGR": 0,
        "MKT_LAND_COM": 562600,
        "MKT_IMP_VALUE": 14566900,
        "MKT_IMP_RES": 14309500,
        "MKT_IMP_AGR": 0,
        "MKT_IMP_COM": 257400,
        "Entry": 50757,
        "Year": 2024,
        "Record_Date": 1722297600000,
        "Grantor": "FB DEVCO1 LLC BY WOODBURY CORPORATION",
        "Grantee": "ZIONS BANCORPORATION DBA ZIONS FIRST NATIONAL BANK",
        "Tax_Address": "NOT APPLICABLE",
        "Serial_Number": "57:113:0007",
        "Serial_Number_Available": "Yes",
        "Detail_URL": "https://www.utahcounty.gov/LandRecords/document.asp?avEntry=50757&avYear=2024",
        "Document_Type": "TR D",
        "Was_REC_": "No",
        "OBJECTID_12": 3356,
        "Shape_Length_12_13_14": 1227.7728200333763,
        "Shape_Area_12_13_14": 89728.58978951589,
        "DocType": "WD",
        "Shape_Length": 0.007594138340089049,
        "Shape_Area": 1.9171822595885763e-06
      }
    },
    {
      "type": "Feature",
      "id": 96,
      "geometry": {
        "type": "Polygon",
        "coordinates": [
          [
            [
              -112.01510336399997,
              40.30538836900007
            ],
            [
              -112.01514184766488,
              40.30522356568315
            ],
            [
              -112.01517355686366,
              40.30505732593927
            ],
            [
              -112.01519843850242,
              40.30488992812034
            ],
            [
              -112.01521645091934,
              40.30472165251732
            ],
            [
              -112.01522756395441,
              40.30455278089099
            ],
            [
              -112.01523175899996,
              40.30438359600004
            ],
            [
              -112.01523948299996,
              40.301610362000076
            ],
            [
              -112.01434589099995,
              40.301608731000044
            ],
            [
              -112.01434103999998,
              40.30334234500003
            ],
            [
              -112.01328445299998,
              40.30334699200006
            ],
            [
              -112.01197436499996,
              40.303213077000066
            ],
            [
              -112.01152420799997,
              40.305381934000025
            ],
            [
              -112.01510336399997,
              40.30538836900007
            ]
          ]
        ]
      },
      "properties": {
        "OBJECTID": 96,
        "Join_Count": 1,
        "TARGET_FID": 1453,
        "PARCEL_NO": 590450505,
        "PARCELID": "590450505",
        "PARCELID_LABEL": "59:045:0505",
        "OWNER_NAME": "MONTE VISTA RANCH LC",
        "CARE_NAME": null,
        "ACREAGE": 20.361244,
        "SITE_FULL_ADDRESS": null,
        "OWN_FULL_ADDRESS": "PO BOX 33009  INDIALANTIC, FL 32903",
        "PROP_TYPE": 903,
        "PROP_TYPE_DESCR": "VACANT COMMERCIAL",
        "SPECIFIC_PROP_TYPE": 905,
        "SPC_PROP_TYP_DESCR": "Vac Com Lot",
        "ASMT_YEAR": 2026,
        "ASMT_CODE": "V",
        "ASMT_CODE_DESCR": "VACANT",
        "MKT_LAND_VALUE": 8129900,
        "MKT_CUR_VALUE": 8129900,
        "MKT_PRV_VAL": 8129900,
        "MKT_VAL_YR_CHG": 0,
        "MKT_PCT_CHG": 0,
        "GLOBALID": "{2516A168-E220-4D1B-8D37-920971A81BB0}",
        "Code": null,
        "Description": "Medium Density Residential",
        "City": "Eagle Mountain",
        "Description_detailed": "Any Residential",
        "Acres": null,
        "Unit_Rate": null,
        "CityName": null,
        "AdoptedDate": null,
        "Slope_Score": 10,
        "GP_Score": 8,
        "Utilities_Score": 10,
        "Wetlands_Score": 10,
        "Soil_Score": 10,
        "Ownership_Score": 5,
        "Ownership_Type": "Business",
        "Utility_Proximity_Status": "Within 1/8 Mile",
        "Final_Score": 8.75,
        "ELEV_CHANGE": 1.2675608642575753,
        "SLOPE": 0.15035018778031964,
        "Join_Count_12": 1,
        "TARGET_FID_12": 51330,
        "Shape_Length_12": null,
        "Shape_Area_12": null,
        "OBJECTID_1_12": null,
        "Join_Count_12_13": null,
        "TARGET_FID_12_13": null,
        "Id": 2073,
        "gridcode": 1,
        "ClassName": "Not Hydric",
        "Shape_Length_12_13": null,
        "Shape_Area_12_13": null,
        "SITE_HOUSE_NUM": "1609",
        "SITE_PRE_DIR": "E",
        "SITE_STREET_NAME": "TUMWATER LN",
        "MKT_LAND_RES": 138400,
        "MKT_LAND_AGR": 0,
        "MKT_LAND_COM": 0,
        "MKT_IMP_VALUE": 243000,
        "MKT_IMP_RES": 243000,
        "MKT_IMP_AGR": 0,
        "MKT_IMP_COM": 0,
        "Entry": 49046,
        "Year": 2025,
        "Record_Date": 1751328000000,
        "Grantor": "ROPER, CHELSEA JORGENSEN, ALYSSA",
        "Grantee": "AMERICA FIRST FEDERAL CREDIT UNION",
        "Tax_Address": "NOT APPLICABLE",
        "Serial_Number": "66:508:0604",
        "Serial_Number_Available": "Yes",
        "Detail_URL": "https://www.utahcounty.gov/LandRecords/document.asp?avEntry=49046&avYear=2025",
        "Document_Type": "TR D",
        "Was_REC_": "No",
        "OBJECTID_12": 5115,
        "Shape_Length_12_13_14": 299.91635964173025,
        "Shape_Area_12_13_14": 4397.561987479618,
        "DocType": "WD",
        "Shape_Length": 0.0145837053315322,
        "Shape_Area": 8.729912225350873e-06
      }
    },
    {
      "type": "Feature",
      "id": 97,
      "geometry": {
        "type": "Polygon",
        "coordinates": [
          [
            [
              -111.89355177399995,
              40.299790002000066
            ],
            [
              -111.89355167199994,
              40.29979001600003
            ],
            [
              -111.89345291120729,
              40.29978776233857
            ],
            [
              -111.89335412499997,
              40.29978800400005
            ],
            [
              -111.89334646270117,
              40.29978775497215
            ],
            [
              -111.89333886063044,
              40.299788745607444
            ],
            [
              -111.89333151803237,
              40.299790949942135
            ],
            [
              -111.89332462735099,
              40.29979431020225
            ],
            [
              -111.89331836918593,
              40.299798738317875
            ],
            [
              -111.89331290755905,
              40.29980411823139
            ],
            [
              -111.89330838561548,
              40.299810308939286
            ],
            [
              -111.89330492187203,
              40.299817148187714
            ],
            [
              -111.8933026071108,
              40.29982445672507
            ],
            [
              -111.89330150199999,
              40.29983204300004
            ],
            [
              -111.89310127599998,
              40.29984278500007
            ],
            [
              -111.89309843031596,
              40.29983455871483
            ],
            [
              -111.89309424479222,
              40.299826926475475
            ],
            [
              -111.89308883808785,
              40.299820104655026
            ],
            [
              -111.89308236348222,
              40.29981428665121
            ],
            [
              -111.89307500452956,
              40.29980963740371
            ],
            [
              -111.89306696985527,
              40.29980628871809
            ],
            [
              -111.89305848724132,
              40.29980433552916
            ],
            [
              -111.89304979716874,
              40.29980383320958
            ],
            [
              -111.89304114599997,
              40.299804796000046
            ],
            [
              -111.89292072246339,
              40.29981782637592
            ],
            [
              -111.8928007560505,
              40.299834549971166
            ],
            [
              -111.89268135999998,
              40.29985495100004
            ],
            [
              -111.89254157199582,
              40.29987880118977
            ],
            [
              -111.89240306903403,
              40.29990923878544
            ],
            [
              -111.89226616136077,
              40.29994619560694
            ],
            [
              -111.89213115564874,
              40.29998958887113
            ],
            [
              -111.89199835431029,
              40.300039321377234
            ],
            [
              -111.89186805481997,
              40.3000952817246
            ],
            [
              -111.89174054904818,
              40.300157344562265
            ],
            [
              -111.89161612260743,
              40.30022537086966
            ],
            [
              -111.89149505421253,
              40.30029920826811
            ],
            [
              -111.89137761505623,
              40.30037869136207
            ],
            [
              -111.89126406820188,
              40.3004636421097
            ],
            [
              -111.89115466799403,
              40.30055387022161
            ],
            [
              -111.89104965948877,
              40.30064917358713
            ],
            [
              -111.89094927790481,
              40.300749338727066
            ],
            [
              -111.89085374809655,
              40.30085414127182
            ],
            [
              -111.89076328405041,
              40.300963346464066
            ],
            [
              -111.89067808840556,
              40.301076709684544
            ],
            [
              -111.89059835199998,
              40.301193977000025
            ],
            [
              -111.89057944399997,
              40.301226943000074
            ],
            [
              -111.89135393299995,
              40.301487327000075
            ],
            [
              -111.89143752599995,
              40.30135114700005
            ],
            [
              -111.89153940799997,
              40.30121695400004
            ],
            [
              -111.89165681399999,
              40.30109041400004
            ],
            [
              -111.89178876999995,
              40.30097257700004
            ],
            [
              -111.89193417899997,
              40.30086442000004
            ],
            [
              -111.89210023399994,
              40.30076213500007
            ],
            [
              -111.89215884699996,
              40.30073053500007
            ],
            [
              -111.89233663399995,
              40.300646982000046
            ],
            [
              -111.89251845999996,
              40.30057834000007
            ],
            [
              -111.89270768899996,
              40.30052264900007
            ],
            [
              -111.89290274999996,
              40.30048037000006
            ],
            [
              -111.89315535599997,
              40.300446634000025
            ],
            [
              -111.89335558499994,
              40.30043589200005
            ],
            [
              -111.89357042199998,
              40.30044124600005
            ],
            [
              -111.89359370199998,
              40.30019341600007
            ],
            [
              -111.89352775899994,
              40.30019044200003
            ],
            [
              -111.89355177399995,
              40.299790002000066
            ]
          ]
        ]
      },
      "properties": {
        "OBJECTID": 97,
        "Join_Count": 1,
        "TARGET_FID": 1464,
        "PARCEL_NO": 590130083,
        "PARCELID": "590130083",
        "PARCELID_LABEL": "59:013:0083",
        "OWNER_NAME": "FH 2014 LLC",
        "CARE_NAME": null,
        "ACREAGE": 4.905857,
        "SITE_FULL_ADDRESS": null,
        "OWN_FULL_ADDRESS": "2264 W WILLIAMSBURG CIR  WEST JORDAN, UT 84088",
        "PROP_TYPE": 900,
        "PROP_TYPE_DESCR": "VACANT",
        "SPECIFIC_PROP_TYPE": 901,
        "SPC_PROP_TYP_DESCR": "Vac Res",
        "ASMT_YEAR": 2026,
        "ASMT_CODE": "V",
        "ASMT_CODE_DESCR": "VACANT",
        "MKT_LAND_VALUE": 511500,
        "MKT_CUR_VALUE": 511500,
        "MKT_PRV_VAL": 511500,
        "MKT_VAL_YR_CHG": 0,
        "MKT_PCT_CHG": 0,
        "GLOBALID": "{3AC3C647-8C01-404C-BFDC-AB3F97A9E387}",
        "Code": null,
        "Description": "Medium Density Residential",
        "City": "Saratoga Springs",
        "Description_detailed": "Any Residential",
        "Acres": null,
        "Unit_Rate": null,
        "CityName": null,
        "AdoptedDate": null,
        "Slope_Score": 10,
        "GP_Score": 8,
        "Utilities_Score": 10,
        "Wetlands_Score": 10,
        "Soil_Score": 10,
        "Ownership_Score": 5,
        "Ownership_Type": "Business",
        "Utility_Proximity_Status": "Within 1/8 Mile",
        "Final_Score": 8.75,
        "ELEV_CHANGE": 33.356675141601045,
        "SLOPE": 4.660583874217085,
        "Join_Count_12": 1,
        "TARGET_FID_12": 51748,
        "Shape_Length_12": null,
        "Shape_Area_12": null,
        "OBJECTID_1_12": null,
        "Join_Count_12_13": null,
        "TARGET_FID_12_13": null,
        "Id": 2073,
        "gridcode": 1,
        "ClassName": "Not Hydric",
        "Shape_Length_12_13": null,
        "Shape_Area_12_13": null,
        "SITE_HOUSE_NUM": "321",
        "SITE_PRE_DIR": "W",
        "SITE_STREET_NAME": "AUTUMN CREEK",
        "MKT_LAND_RES": 166600,
        "MKT_LAND_AGR": 0,
        "MKT_LAND_COM": 0,
        "MKT_IMP_VALUE": 356200,
        "MKT_IMP_RES": 356200,
        "MKT_IMP_AGR": 0,
        "MKT_IMP_COM": 0,
        "Entry": 32480,
        "Year": 2024,
        "Record_Date": 1715817600000,
        "Grantor": "WILLIAMS, MARK E",
        "Grantee": "AMERICA FIRST FEDERAL CREDIT UNION",
        "Tax_Address": "NOT APPLICABLE",
        "Serial_Number": "49:909:0020",
        "Serial_Number_Available": "Yes",
        "Detail_URL": "https://www.utahcounty.gov/LandRecords/document.asp?avEntry=32480&avYear=2024",
        "Document_Type": "TR D",
        "Was_REC_": "No",
        "OBJECTID_12": 2969,
        "Shape_Length_12_13_14": 284.87061701181204,
        "Shape_Area_12_13_14": 4694.9281041314425,
        "DocType": "WD",
        "Shape_Length": 0.0076192881423797825,
        "Shape_Area": 2.1039109117591336e-06
      }
    },
    {
      "type": "Feature",
      "id": 98,
      "geometry": {
        "type": "Polygon",
        "coordinates": [
          [
            [
              -111.93257252499996,
              40.347722271000066
            ],
            [
              -111.93257253499996,
              40.34772229200007
            ],
            [
              -111.93257087899997,
              40.34746161400005
            ],
            [
              -111.93262109199998,
              40.34746142700004
            ],
            [
              -111.9326286927138,
              40.347461722375314
            ],
            [
              -111.93263624499906,
              40.34746081623814
            ],
            [
              -111.93264356011062,
              40.347458731234504
            ],
            [
              -111.93265045523071,
              40.34745551947239
            ],
            [
              -111.93265675803798,
              40.347451261219476
            ],
            [
              -111.93266231101394,
              40.347446062897134
            ],
            [
              -111.93266697537979,
              40.34744005442075
            ],
            [
              -111.93267063456467,
              40.347433385952925
            ],
            [
              -111.932673197119,
              40.3474262241506
            ],
            [
              -111.93267459899994,
              40.34741874800005
            ],
            [
              -111.93267267099998,
              40.34711523100003
            ],
            [
              -111.93266881305055,
              40.347063993092284
            ],
            [
              -111.93265963856736,
              40.34701343583937
            ],
            [
              -111.93264524738046,
              40.34696410936875
            ],
            [
              -111.93262579608438,
              40.34691655041539
            ],
            [
              -111.93260149633402,
              40.34687127648143
            ],
            [
              -111.93257261254169,
              40.346828780205065
            ],
            [
              -111.93253945899994,
              40.34678952400003
            ],
            [
              -111.93225952799997,
              40.34647756000004
            ],
            [
              -111.93225285149595,
              40.346472303305504
            ],
            [
              -111.93224540535161,
              40.346468208982856
            ],
            [
              -111.93223738997598,
              40.3464653872286
            ],
            [
              -111.93222902109864,
              40.346463913988764
            ],
            [
              -111.93222052396348,
              40.346463828914814
            ],
            [
              -111.93221212726638,
              40.34646513429647
            ],
            [
              -111.93220405699998,
              40.34646779500008
            ],
            [
              -111.93217465899994,
              40.346479972000054
            ],
            [
              -111.93204400299999,
              40.34633436200005
            ],
            [
              -111.93206854299996,
              40.34632419800005
            ],
            [
              -111.93207322403516,
              40.34632238077131
            ],
            [
              -111.93207755186847,
              40.3463198343484
            ],
            [
              -111.93208141382158,
              40.34631662502931
            ],
            [
              -111.93208470934567,
              40.346312836371006
            ],
            [
              -111.93208735263939,
              40.34630856701401
            ],
            [
              -111.93208927488261,
              40.34630392811416
            ],
            [
              -111.93209042602834,
              40.34629904044863
            ],
            [
              -111.93209077610562,
              40.34629403127138
            ],
            [
              -111.93209031599997,
              40.346289031000026
            ],
            [
              -111.93187878199996,
              40.346053287000075
            ],
            [
              -111.93188203099999,
              40.34605194100004
            ],
            [
              -111.93182207599995,
              40.345984902000055
            ],
            [
              -111.93136397199999,
              40.346221024000045
            ],
            [
              -111.93126591416797,
              40.34610731666747
            ],
            [
              -111.93117296332302,
              40.34598939789744
            ],
            [
              -111.93108530012299,
              40.34586749687505
            ],
            [
              -111.9310030949487,
              40.34574185052524
            ],
            [
              -111.93092650757285,
              40.34561270305232
            ],
            [
              -111.93085568684951,
              40.34548030546531
            ],
            [
              -111.93079077042471,
              40.34534491509012
            ],
            [
              -111.93073188446904,
              40.3452067950694
            ],
            [
              -111.9306791434323,
              40.34506621385108
            ],
            [
              -111.93063264982118,
              40.344923444666634
            ],
            [
              -111.93059249399994,
              40.34477876500006
            ],
            [
              -111.925846993,
              40.34479614900005
            ],
            [
              -111.92586859899995,
              40.348268174000054
            ],
            [
              -111.92591881399994,
              40.34826799100006
            ],
            [
              -111.92603774480811,
              40.34827004756115
            ],
            [
              -111.926156344149,
              40.34827915595906
            ],
            [
              -111.9262741942628,
              40.34829528410996
            ],
            [
              -111.92639088002879,
              40.348318375203284
            ],
            [
              -111.92650599042759,
              40.348348347901904
            ],
            [
              -111.92661911998898,
              40.34838509662859
            ],
            [
              -111.92672987022016,
              40.34842849193791
            ],
            [
              -111.92683785100932,
              40.348478380972224
            ],
            [
              -111.92694268199995,
              40.348534588000064
            ],
            [
              -111.92807463799994,
              40.349207868000065
            ],
            [
              -111.92823206399999,
              40.34905293300005
            ],
            [
              -111.92837003442331,
              40.348931579304086
            ],
            [
              -111.92851229755571,
              40.34881528760879
            ],
            [
              -111.92865866778145,
              40.34870420964405
            ],
            [
              -111.92880895412614,
              40.34859849033722
            ],
            [
              -111.92896296050584,
              40.348498267624
            ],
            [
              -111.92912048598302,
              40.34840367226853
            ],
            [
              -111.9292813250286,
              40.348314827692704
            ],
            [
              -111.92944526779019,
              40.34823184981518
            ],
            [
              -111.92961210036587,
              40.34815484690013
            ],
            [
              -111.92978160508329,
              40.34808391941598
            ],
            [
              -111.92995356078366,
              40.34801915990432
            ],
            [
              -111.93012774311028,
              40.347960652859186
            ],
            [
              -111.93030392480131,
              40.34790847461678
            ],
            [
              -111.93048187598627,
              40.347862693255905
            ],
            [
              -111.93066136448597,
              40.34782336850912
            ],
            [
              -111.93084215611542,
              40.3477905516848
            ],
            [
              -111.93102401498938,
              40.347764285600235
            ],
            [
              -111.93120670383014,
              40.34774460452571
            ],
            [
              -111.93138998427713,
              40.347731534139804
            ],
            [
              -111.93157361719787,
              40.34772509149593
            ],
            [
              -111.93175736299997,
              40.347725285000024
            ],
            [
              -111.93257252499996,
              40.347722271000066
            ]
          ]
        ]
      },
      "properties": {
        "OBJECTID": 98,
        "Join_Count": 1,
        "TARGET_FID": 1475,
        "PARCEL_NO": 580410293,
        "PARCELID": "580410293",
        "PARCELID_LABEL": "58:041:0293",
        "OWNER_NAME": "SUBURBAN LAND RESERVE INC",
        "CARE_NAME": "%SMITH, THANE",
        "ACREAGE": 48.730672999999996,
        "SITE_FULL_ADDRESS": null,
        "OWN_FULL_ADDRESS": "%SMITH, THANE  51 S MAIN ST STE 300  SALT LAKE CITY, UT 84111",
        "PROP_TYPE": 900,
        "PROP_TYPE_DESCR": "VACANT",
        "SPECIFIC_PROP_TYPE": 901,
        "SPC_PROP_TYP_DESCR": "Vac Res",
        "ASMT_YEAR": 2026,
        "ASMT_CODE": "V",
        "ASMT_CODE_DESCR": "VACANT",
        "MKT_LAND_VALUE": 12080400,
        "MKT_CUR_VALUE": 12080400,
        "MKT_PRV_VAL": 12080400,
        "MKT_VAL_YR_CHG": 0,
        "MKT_PCT_CHG": 0,
        "GLOBALID": "{2E133598-CFD6-44B2-B444-52D02EB687C8}",
        "Code": null,
        "Description": "Medium Density Residential",
        "City": "Saratoga Springs",
        "Description_detailed": "Any Residential",
        "Acres": null,
        "Unit_Rate": null,
        "CityName": null,
        "AdoptedDate": null,
        "Slope_Score": 10,
        "GP_Score": 8,
        "Utilities_Score": 10,
        "Wetlands_Score": 0,
        "Soil_Score": 10,
        "Ownership_Score": 5,
        "Ownership_Type": "Business",
        "Utility_Proximity_Status": "Within 1/8 Mile",
        "Final_Score": 7.25,
        "ELEV_CHANGE": 15.431402104492008,
        "SLOPE": 3.5093133459058317,
        "Join_Count_12": 1,
        "TARGET_FID_12": 51940,
        "Shape_Length_12": null,
        "Shape_Area_12": null,
        "OBJECTID_1_12": null,
        "Join_Count_12_13": null,
        "TARGET_FID_12_13": null,
        "Id": 2073,
        "gridcode": 1,
        "ClassName": "Not Hydric",
        "Shape_Length_12_13": null,
        "Shape_Area_12_13": null,
        "SITE_HOUSE_NUM": "883",
        "SITE_PRE_DIR": "S",
        "SITE_STREET_NAME": "ENSIGN",
        "MKT_LAND_RES": 311400,
        "MKT_LAND_AGR": 0,
        "MKT_LAND_COM": 0,
        "MKT_IMP_VALUE": 570800,
        "MKT_IMP_RES": 570800,
        "MKT_IMP_AGR": 0,
        "MKT_IMP_COM": 0,
        "Entry": 31578,
        "Year": 2024,
        "Record_Date": 1715644800000,
        "Grantor": "ORMSBY, ANDREW W ORMSBY, WENDI ERIN",
        "Grantee": "UTAH FIRST FEDERAL CREDIT UNION",
        "Tax_Address": "NOT APPLICABLE",
        "Serial_Number": "39:310:0041",
        "Serial_Number_Available": "Yes",
        "Detail_URL": "https://www.utahcounty.gov/LandRecords/document.asp?avEntry=31578&avYear=2024",
        "Document_Type": "TR D",
        "Was_REC_": "No",
        "OBJECTID_12": 2953,
        "Shape_Length_12_13_14": 497.6541703360251,
        "Shape_Area_12_13_14": 15011.056478062786,
        "DocType": "WD",
        "Shape_Length": 0.01995623383064882,
        "Shape_Area": 2.0907574433318385e-05
      }
    },
    {
      "type": "Feature",
      "id": 99,
      "geometry": {
        "type": "Polygon",
        "coordinates": [
          [
            [
              -111.75953728299999,
              40.310755639000035
            ],
            [
              -111.75953730099997,
              40.31075565300006
            ],
            [
              -111.75968230399997,
              40.31177480900004
            ],
            [
              -111.76064297999994,
              40.311694705000036
            ],
            [
              -111.76057138399995,
              40.311596751000025
            ],
            [
              -111.76078695199999,
              40.31150116800006
            ],
            [
              -111.76067852683848,
              40.31136540587461
            ],
            [
              -111.76056482358918,
              40.31123403258411
            ],
            [
              -111.76044601973382,
              40.31110725319182
            ],
            [
              -111.76032230071579,
              40.31098526559027
            ],
            [
              -111.76019385965058,
              40.31086826019241
            ],
            [
              -111.76006089702453,
              40.310756419634345
            ],
            [
              -111.75992362038167,
              40.31064991849029
            ],
            [
              -111.75978224399995,
              40.310548923000056
            ],
            [
              -111.75953728299999,
              40.310755639000035
            ]
          ]
        ]
      },
      "properties": {
        "OBJECTID": 99,
        "Join_Count": 1,
        "TARGET_FID": 1480,
        "PARCEL_NO": 571130008,
        "PARCELID": "571130008",
        "PARCELID_LABEL": "57:113:0008",
        "OWNER_NAME": "FLAGBOROUGH LLC",
        "CARE_NAME": "%STEPHENSON, CLAY",
        "ACREAGE": 2.162079,
        "SITE_FULL_ADDRESS": "275 W 1000 NORTH, VINEYARD, UT",
        "OWN_FULL_ADDRESS": "%STEPHENSON, CLAY  2733 E PARLEYS WAY STE 300  SALT LAKE CITY, UT 84109",
        "PROP_TYPE": 903,
        "PROP_TYPE_DESCR": "VACANT COMMERCIAL",
        "SPECIFIC_PROP_TYPE": 905,
        "SPC_PROP_TYP_DESCR": "Vac Com Lot",
        "ASMT_YEAR": 2026,
        "ASMT_CODE": "V",
        "ASMT_CODE_DESCR": "VACANT",
        "MKT_LAND_VALUE": 1207100,
        "MKT_CUR_VALUE": 1207100,
        "MKT_PRV_VAL": 1207100,
        "MKT_VAL_YR_CHG": 0,
        "MKT_PCT_CHG": 0,
        "GLOBALID": "{C937E9EA-7418-48CC-9061-48A1A2A74A46}",
        "Code": null,
        "Description": "Mixed Use",
        "City": "Vineyard",
        "Description_detailed": "Mixed Use",
        "Acres": null,
        "Unit_Rate": null,
        "CityName": null,
        "AdoptedDate": null,
        "Slope_Score": 10,
        "GP_Score": 7,
        "Utilities_Score": 10,
        "Wetlands_Score": 0,
        "Soil_Score": 10,
        "Ownership_Score": 5,
        "Ownership_Type": "Business",
        "Utility_Proximity_Status": "Within 1/8 Mile",
        "Final_Score": 7,
        "ELEV_CHANGE": 16.154292265625372,
        "SLOPE": 0.21217779450139995,
        "Join_Count_12": 1,
        "TARGET_FID_12": 52067,
        "Shape_Length_12": null,
        "Shape_Area_12": null,
        "OBJECTID_1_12": null,
        "Join_Count_12_13": null,
        "TARGET_FID_12_13": null,
        "Id": 2073,
        "gridcode": 1,
        "ClassName": "Not Hydric",
        "Shape_Length_12_13": null,
        "Shape_Area_12_13": null,
        "SITE_HOUSE_NUM": "945",
        "SITE_PRE_DIR": "N",
        "SITE_STREET_NAME": "220 WEST",
        "MKT_LAND_RES": 596400,
        "MKT_LAND_AGR": 0,
        "MKT_LAND_COM": 562600,
        "MKT_IMP_VALUE": 14566900,
        "MKT_IMP_RES": 14309500,
        "MKT_IMP_AGR": 0,
        "MKT_IMP_COM": 257400,
        "Entry": 50757,
        "Year": 2024,
        "Record_Date": 1722297600000,
        "Grantor": "FB DEVCO1 LLC BY WOODBURY CORPORATION",
        "Grantee": "ZIONS BANCORPORATION DBA ZIONS FIRST NATIONAL BANK",
        "Tax_Address": "NOT APPLICABLE",
        "Serial_Number": "57:113:0007",
        "Serial_Number_Available": "Yes",
        "Detail_URL": "https://www.utahcounty.gov/LandRecords/document.asp?avEntry=50757&avYear=2024",
        "Document_Type": "TR D",
        "Was_REC_": "No",
        "OBJECTID_12": 3356,
        "Shape_Length_12_13_14": 1227.7728200333763,
        "Shape_Area_12_13_14": 89728.58978951589,
        "DocType": "WD",
        "Shape_Length": 0.004061174685638223,
        "Shape_Area": 9.271228013615874e-07
      }
    },
    {
      "type": "Feature",
      "id": 100,
      "geometry": {
        "type": "MultiPolygon",
        "coordinates": [
          [
            [
              [
                -111.92584027699996,
                40.343734321000056
              ],
              [
                -111.925837205,
                40.343240724000054
              ],
              [
                -111.9258421660317,
                40.34317337545387
              ],
              [
                -111.92585339311067,
                40.34310678422918
              ],
              [
                -111.92587078816481,
                40.34304153202155
              ],
              [
                -111.92589419924276,
                40.34297818882983
              ],
              [
                -111.92592342184132,
                40.34291730797698
              ],
              [
                -111.92595820069172,
                40.34285942127668
              ],
              [
                -111.92599823198967,
                40.342805034387695
              ],
              [
                -111.926043166049,
                40.34275462239684
              ],
              [
                -111.92609261035635,
                40.34270862566894
              ],
              [
                -111.92614613299997,
                40.342667446000064
              ],
              [
                -111.92622004599997,
                40.34261106400004
              ],
              [
                -111.92629120119038,
                40.34256073096003
              ],
              [
                -111.92635819822281,
                40.342504982653466
              ],
              [
                -111.92642062597339,
                40.342444161177006
              ],
              [
                -111.92647810135736,
                40.34237863975855
              ],
              [
                -111.92653027167997,
                40.342308820466954
              ],
              [
                -111.92657681680068,
                40.342235131744765
              ],
              [
                -111.9266174510977,
                40.34215802577908
              ],
              [
                -111.92665192522075,
                40.34207797572674
              ],
              [
                -111.92668002762113,
                40.34199547281084
              ],
              [
                -111.92670158584987,
                40.34191102330632
              ],
              [
                -111.92671646761599,
                40.34182514543328
              ],
              [
                -111.92672458159831,
                40.34173836617694
              ],
              [
                -111.92672587800577,
                40.3416512180538
              ],
              [
                -111.92672034888302,
                40.34156423584388
              ],
              [
                -111.92670802815928,
                40.341477953309116
              ],
              [
                -111.92668899144002,
                40.34139289991789
              ],
              [
                -111.9266633555431,
                40.34130959759602
              ],
              [
                -111.92663127778191,
                40.341228557523976
              ],
              [
                -111.92659295499999,
                40.341150277000054
              ],
              [
                -111.92641728199999,
                40.340833333000035
              ],
              [
                -111.92632483399996,
                40.34086333500005
              ],
              [
                -111.92649383999998,
                40.341168254000024
              ],
              [
                -111.92560167099998,
                40.34146197600006
              ],
              [
                -111.92454377699994,
                40.34044957000003
              ],
              [
                -111.92454318899996,
                40.34014462400006
              ],
              [
                -111.92261188999998,
                40.34014678700004
              ],
              [
                -111.92244322599998,
                40.34003331900004
              ],
              [
                -111.92129178799996,
                40.340226693000034
              ],
              [
                -111.92086839599995,
                40.34023175200008
              ],
              [
                -111.91951264,
                40.34022884500007
              ],
              [
                -111.91951346899998,
                40.34036411000005
              ],
              [
                -111.91951591266678,
                40.34041307976422
              ],
              [
                -111.91952245112927,
                40.34046167253959
              ],
              [
                -111.91953303839679,
                40.34050954653124
              ],
              [
                -111.91954759999999,
                40.340556365000054
              ],
              [
                -111.91958044399996,
                40.340549536000026
              ],
              [
                -111.9196091597094,
                40.340638619331486
              ],
              [
                -111.91964437276584,
                40.34072533998974
              ],
              [
                -111.91968589104356,
                40.34080922481869
              ],
              [
                -111.91973348801488,
                40.340889816134805
              ],
              [
                -111.91978690398626,
                40.340966674224255
              ],
              [
                -111.91984584751512,
                40.34103937974205
              ],
              [
                -111.91990999699999,
                40.34110753600004
              ],
              [
                -111.91996990999996,
                40.341168276000076
              ],
              [
                -111.92003781699195,
                40.34123829679052
              ],
              [
                -111.92010059268436,
                40.341312952554524
              ],
              [
                -111.92015792160291,
                40.341391868115444
              ],
              [
                -111.92020951564562,
                40.34147464688937
              ],
              [
                -111.92025511553075,
                40.3415608728781
              ],
              [
                -111.92029449209964,
                40.34165011275975
              ],
              [
                -111.9203274474685,
                40.341741918066354
              ],
              [
                -111.92035381602268,
                40.341835827437585
              ],
              [
                -111.92037346524914,
                40.341931368939335
              ],
              [
                -111.92038629640221,
                40.342028062435325
              ],
              [
                -111.92039224499996,
                40.34212542200004
              ],
              [
                -111.92040224899995,
                40.34375400500005
              ],
              [
                -111.92584027699996,
                40.343734321000056
              ]
            ]
          ],
          [
            [
              [
                -111.92584028699997,
                40.343734321000056
              ],
              [
                -111.92584027699996,
                40.343734321000056
              ],
              [
                -111.92584027699996,
                40.34373433400003
              ],
              [
                -111.92584028699997,
                40.343734321000056
              ]
            ]
          ]
        ]
      },
      "properties": {
        "OBJECTID": 100,
        "Join_Count": 1,
        "TARGET_FID": 1492,
        "PARCEL_NO": 580410228,
        "PARCELID": "580410228",
        "PARCELID_LABEL": "58:041:0228",
        "OWNER_NAME": "SUBURBAN LAND RESERVE INC",
        "CARE_NAME": "%SMITH, THANE",
        "ACREAGE": 47.443365,
        "SITE_FULL_ADDRESS": null,
        "OWN_FULL_ADDRESS": "%SMITH, THANE  51 S MAIN ST STE 300  SALT LAKE CITY, UT 84111",
        "PROP_TYPE": 900,
        "PROP_TYPE_DESCR": "VACANT",
        "SPECIFIC_PROP_TYPE": 901,
        "SPC_PROP_TYP_DESCR": "Vac Res",
        "ASMT_YEAR": 2026,
        "ASMT_CODE": "V",
        "ASMT_CODE_DESCR": "VACANT",
        "MKT_LAND_VALUE": 11761300,
        "MKT_CUR_VALUE": 11761300,
        "MKT_PRV_VAL": 11761300,
        "MKT_VAL_YR_CHG": 0,
        "MKT_PCT_CHG": 0,
        "GLOBALID": "{E55AA9B8-C9C8-434A-BE0C-99163FC671AF}",
        "Code": null,
        "Description": "Medium Density Residential",
        "City": "Saratoga Springs",
        "Description_detailed": "Any Residential",
        "Acres": null,
        "Unit_Rate": null,
        "CityName": null,
        "AdoptedDate": null,
        "Slope_Score": 10,
        "GP_Score": 8,
        "Utilities_Score": 10,
        "Wetlands_Score": 0,
        "Soil_Score": 10,
        "Ownership_Score": 5,
        "Ownership_Type": "Business",
        "Utility_Proximity_Status": "Within 1/8 Mile",
        "Final_Score": 7.25,
        "ELEV_CHANGE": 15.431402104492008,
        "SLOPE": 3.5093133459058317,
        "Join_Count_12": 1,
        "TARGET_FID_12": 52185,
        "Shape_Length_12": null,
        "Shape_Area_12": null,
        "OBJECTID_1_12": null,
        "Join_Count_12_13": null,
        "TARGET_FID_12_13": null,
        "Id": 2073,
        "gridcode": 1,
        "ClassName": "Not Hydric",
        "Shape_Length_12_13": null,
        "Shape_Area_12_13": null,
        "SITE_HOUSE_NUM": "226",
        "SITE_PRE_DIR": "W",
        "SITE_STREET_NAME": "HILLSIDE",
        "MKT_LAND_RES": 254600,
        "MKT_LAND_AGR": 0,
        "MKT_LAND_COM": 0,
        "MKT_IMP_VALUE": 324200,
        "MKT_IMP_RES": 324200,
        "MKT_IMP_AGR": 0,
        "MKT_IMP_COM": 0,
        "Entry": 56651,
        "Year": 2024,
        "Record_Date": 1724284800000,
        "Grantor": "BENNETT, GILBERT HARRIS BENNETT, GAYLEEN RENAE",
        "Grantee": "007 BONDS",
        "Tax_Address": "NOT APPLICABLE",
        "Serial_Number": "52:842:0026",
        "Serial_Number_Available": "Yes",
        "Detail_URL": "https://www.utahcounty.gov/LandRecords/document.asp?avEntry=56651&avYear=2024",
        "Document_Type": "TR D",
        "Was_REC_": "No",
        "OBJECTID_12": 3467,
        "Shape_Length_12_13_14": 393.2063891546027,
        "Shape_Area_12_13_14": 9427.759756418052,
        "DocType": "WD",
        "Shape_Length": 0.020762094705373216,
        "Shape_Area": 2.035556537399186e-05
      }
    },
    {
      "type": "Feature",
      "id": 101,
      "geometry": {
        "type": "Polygon",
        "coordinates": [
          [
            [
              -111.66425331399995,
              40.30542177900003
            ],
            [
              -111.66467036299997,
              40.30460370900005
            ],
            [
              -111.66513114899999,
              40.30459200900003
            ],
            [
              -111.66532870999998,
              40.304001534000065
            ],
            [
              -111.66398667199996,
              40.304048874000046
            ],
            [
              -111.66399020854868,
              40.30409083353931
            ],
            [
              -111.66398856594851,
              40.30413290980314
            ],
            [
              -111.6639817690613,
              40.304174465939106
            ],
            [
              -111.6639699207625,
              40.30421487296731
            ],
            [
              -111.66395320038401,
              40.304253519300325
            ],
            [
              -111.66393186099998,
              40.304289820000065
            ],
            [
              -111.66364444599998,
              40.30473158800004
            ],
            [
              -111.66361761078147,
              40.30476788419567
            ],
            [
              -111.66358738982763,
              40.30480141383507
            ],
            [
              -111.66355406668346,
              40.30483186232983
            ],
            [
              -111.66351795399999,
              40.304858944000046
            ],
            [
              -111.66425331399995,
              40.30542177900003
            ]
          ]
        ]
      },
      "properties": {
        "OBJECTID": 101,
        "Join_Count": 1,
        "TARGET_FID": 1499,
        "PARCEL_NO": 570590001,
        "PARCELID": "570590001",
        "PARCELID_LABEL": "57:059:0001",
        "OWNER_NAME": "RIVERWOODS WEST HOLDINGS LLC",
        "CARE_NAME": "%GALLAND, J MADISON",
        "ACREAGE": 3.0330000000000004,
        "SITE_FULL_ADDRESS": "388 W RIVER BEND LN, PROVO, UT",
        "OWN_FULL_ADDRESS": "%GALLAND, J MADISON  4956 N 300 W STE 200  PROVO, UT 84604",
        "PROP_TYPE": 903,
        "PROP_TYPE_DESCR": "VACANT COMMERCIAL",
        "SPECIFIC_PROP_TYPE": 905,
        "SPC_PROP_TYP_DESCR": "Vac Com Lot",
        "ASMT_YEAR": 2026,
        "ASMT_CODE": "V",
        "ASMT_CODE_DESCR": "VACANT",
        "MKT_LAND_VALUE": 1582300,
        "MKT_CUR_VALUE": 1582300,
        "MKT_PRV_VAL": 1582300,
        "MKT_VAL_YR_CHG": 0,
        "MKT_PCT_CHG": 0,
        "GLOBALID": "{9709A416-2DC4-4800-BDA4-66C38F7CB67E}",
        "Code": "M",
        "Description": "Mixed Use",
        "City": "Provo",
        "Description_detailed": null,
        "Acres": null,
        "Unit_Rate": null,
        "CityName": null,
        "AdoptedDate": null,
        "Slope_Score": 10,
        "GP_Score": 7,
        "Utilities_Score": 10,
        "Wetlands_Score": 10,
        "Soil_Score": 10,
        "Ownership_Score": 5,
        "Ownership_Type": "Business",
        "Utility_Proximity_Status": "Within 1/8 Mile",
        "Final_Score": 8.5,
        "ELEV_CHANGE": 0.0780961669925091,
        "SLOPE": 0.02390501141130794,
        "Join_Count_12": 1,
        "TARGET_FID_12": 52260,
        "Shape_Length_12": null,
        "Shape_Area_12": null,
        "OBJECTID_1_12": null,
        "Join_Count_12_13": null,
        "TARGET_FID_12_13": null,
        "Id": 2073,
        "gridcode": 1,
        "ClassName": "Not Hydric",
        "Shape_Length_12_13": null,
        "Shape_Area_12_13": null,
        "SITE_HOUSE_NUM": "380",
        "SITE_PRE_DIR": "N",
        "SITE_STREET_NAME": "PALISADE DR",
        "MKT_LAND_RES": 304800,
        "MKT_LAND_AGR": 0,
        "MKT_LAND_COM": 0,
        "MKT_IMP_VALUE": 0,
        "MKT_IMP_RES": 0,
        "MKT_IMP_AGR": 0,
        "MKT_IMP_COM": 0,
        "Entry": 29500,
        "Year": 2024,
        "Record_Date": 1715040000000,
        "Grantor": "MCDOUGAL, DAVID A",
        "Grantee": "EAST COAST CREDIT AND SURETY LLC",
        "Tax_Address": "NOT APPLICABLE",
        "Serial_Number": "49:862:0001",
        "Serial_Number_Available": "Yes",
        "Detail_URL": "https://www.utahcounty.gov/LandRecords/document.asp?avEntry=29500&avYear=2024",
        "Document_Type": "TR D",
        "Was_REC_": "No",
        "OBJECTID_12": 2901,
        "Shape_Length_12_13_14": 522.9339081992484,
        "Shape_Area_12_13_14": 13879.550128763321,
        "DocType": "WD",
        "Shape_Length": 0.0052312030793427436,
        "Shape_Area": 1.2996960622899825e-06
      }
    },
    {
      "type": "Feature",
      "id": 102,
      "geometry": {
        "type": "Polygon",
        "coordinates": [
          [
            [
              -111.79593567099994,
              39.97880715100007
            ],
            [
              -111.79593567999996,
              39.97880715100007
            ],
            [
              -111.79641239499995,
              39.978969095000025
            ],
            [
              -111.79650860599997,
              39.97899909000006
            ],
            [
              -111.79682379599996,
              39.97908877000003
            ],
            [
              -111.79683028096412,
              39.979090380793444
            ],
            [
              -111.79683694564163,
              39.979090861926906
            ],
            [
              -111.79684359472748,
              39.97909019930105
            ],
            [
              -111.79685003337357,
              39.97908841233379
            ],
            [
              -111.79685607289868,
              39.979085553391286
            ],
            [
              -111.79686153631755,
              39.97908170625342
            ],
            [
              -111.79686626352748,
              39.979076983658594
            ],
            [
              -111.79687011599998,
              39.97907152400006
            ],
            [
              -111.79689101904422,
              39.979031125327936
            ],
            [
              -111.79691719620719,
              39.97899392658996
            ],
            [
              -111.79694816599999,
              39.97896061200004
            ],
            [
              -111.79706949699994,
              39.97884455500008
            ],
            [
              -111.79738137999999,
              39.97854622700004
            ],
            [
              -111.79637745799994,
              39.978492189000065
            ],
            [
              -111.79647408699998,
              39.97742980100003
            ],
            [
              -111.79608179999997,
              39.97743077400003
            ],
            [
              -111.79607663486281,
              39.977430828457074
            ],
            [
              -111.79607154253776,
              39.97743169438604
            ],
            [
              -111.79606664971229,
              39.97743335024423
            ],
            [
              -111.79606207811072,
              39.977435754837025
            ],
            [
              -111.7960579414659,
              39.97743884834265
            ],
            [
              -111.79605434268979,
              39.977442553800515
            ],
            [
              -111.79605137131317,
              39.97744677902577
            ],
            [
              -111.79604910125833,
              39.97745141890275
            ],
            [
              -111.79604758899995,
              39.97745635800004
            ],
            [
              -111.79594235899998,
              39.978652802000056
            ],
            [
              -111.79593690340485,
              39.978694177534486
            ],
            [
              -111.79592798193309,
              39.978734946465174
            ],
            [
              -111.79591565799996,
              39.97877481900008
            ],
            [
              -111.7959149392246,
              39.978777286988894
            ],
            [
              -111.79591451956576,
              39.978779823027786
            ],
            [
              -111.79591440499996,
              39.97878239100004
            ],
            [
              -111.79591514924232,
              39.97878667066463
            ],
            [
              -111.7959165393205,
              39.97879078613646
            ],
            [
              -111.79591854252116,
              39.97879464056415
            ],
            [
              -111.795921111702,
              39.978798143239636
            ],
            [
              -111.79592418640127,
              39.97880121173277
            ],
            [
              -111.7959276942606,
              39.978803773831245
            ],
            [
              -111.79593155272788,
              39.97880576923998
            ],
            [
              -111.79593567099994,
              39.97880715100007
            ]
          ]
        ]
      },
      "properties": {
        "OBJECTID": 102,
        "Join_Count": 1,
        "TARGET_FID": 1531,
        "PARCEL_NO": 669900168,
        "PARCELID": "669900168",
        "PARCELID_LABEL": "66:990:0168",
        "OWNER_NAME": "LENNAR HOMES OF UTAH LLC",
        "CARE_NAME": null,
        "ACREAGE": 2.368162,
        "SITE_FULL_ADDRESS": "SANTAQUIN, UT",
        "OWN_FULL_ADDRESS": "111 E SEGO LILY DR # 150  SANDY, UT 84070",
        "PROP_TYPE": 903,
        "PROP_TYPE_DESCR": "VACANT COMMERCIAL",
        "SPECIFIC_PROP_TYPE": 905,
        "SPC_PROP_TYP_DESCR": "Vac Com Lot",
        "ASMT_YEAR": 2026,
        "ASMT_CODE": "V",
        "ASMT_CODE_DESCR": "VACANT",
        "MKT_LAND_VALUE": 747200,
        "MKT_CUR_VALUE": 747200,
        "MKT_PRV_VAL": 747200,
        "MKT_VAL_YR_CHG": 0,
        "MKT_PCT_CHG": 0,
        "GLOBALID": "{8948296F-1754-40DC-B465-6506A0F37049}",
        "Code": null,
        "Description": "Mixed Use - High Density",
        "City": "Santaquin",
        "Description_detailed": "Mixed Use",
        "Acres": null,
        "Unit_Rate": null,
        "CityName": null,
        "AdoptedDate": null,
        "Slope_Score": 10,
        "GP_Score": 9,
        "Utilities_Score": 10,
        "Wetlands_Score": 10,
        "Soil_Score": 10,
        "Ownership_Score": 5,
        "Ownership_Type": "Business",
        "Utility_Proximity_Status": "Within 1/8 Mile",
        "Final_Score": 9,
        "ELEV_CHANGE": 2.0821639599607806,
        "SLOPE": 1.3941469804399464,
        "Join_Count_12": 1,
        "TARGET_FID_12": 56913,
        "Shape_Length_12": null,
        "Shape_Area_12": null,
        "OBJECTID_1_12": null,
        "Join_Count_12_13": null,
        "TARGET_FID_12_13": null,
        "Id": 2073,
        "gridcode": 1,
        "ClassName": "Not Hydric",
        "Shape_Length_12_13": null,
        "Shape_Area_12_13": null,
        "SITE_HOUSE_NUM": "580",
        "SITE_PRE_DIR": "W",
        "SITE_STREET_NAME": "MAIN",
        "MKT_LAND_RES": 0,
        "MKT_LAND_AGR": 0,
        "MKT_LAND_COM": 1132900,
        "MKT_IMP_VALUE": 900400,
        "MKT_IMP_RES": 0,
        "MKT_IMP_AGR": 0,
        "MKT_IMP_COM": 900400,
        "Entry": 28424,
        "Year": 2024,
        "Record_Date": 1714608000000,
        "Grantor": "JAJJER LLC CHRISTENSEN, JULIE CHRISTENSEN, EARL G",
        "Grantee": "W M ERCANBRACK CO INC",
        "Tax_Address": "NOT APPLICABLE",
        "Serial_Number": "32:006:0110",
        "Serial_Number_Available": "Yes",
        "Detail_URL": "https://www.utahcounty.gov/LandRecords/document.asp?avEntry=28424&avYear=2024",
        "Document_Type": "TR D",
        "Was_REC_": "No",
        "OBJECTID_12": 2872,
        "Shape_Length_12_13_14": 1454.5739592064842,
        "Shape_Area_12_13_14": 123138.88088618686,
        "DocType": "WD",
        "Shape_Length": 0.005601320864340446,
        "Shape_Area": 1.011202487141905e-06
      }
    },
    {
      "type": "Feature",
      "id": 103,
      "geometry": {
        "type": "Polygon",
        "coordinates": [
          [
            [
              -111.64749335899995,
              40.09299471600008
            ],
            [
              -111.64766345199996,
              40.09222686500004
            ],
            [
              -111.64560614999999,
              40.09197926200005
            ],
            [
              -111.64555079999997,
              40.09207081400007
            ],
            [
              -111.64560694899995,
              40.092076519000045
            ],
            [
              -111.64540771099996,
              40.092379349000055
            ],
            [
              -111.64551856699995,
              40.093158964000054
            ],
            [
              -111.64559289999994,
              40.09374051300006
            ],
            [
              -111.64617677999996,
              40.093826920000026
            ],
            [
              -111.64620252199995,
              40.09355577600007
            ],
            [
              -111.64724430999996,
              40.092765548000045
            ],
            [
              -111.64749335899995,
              40.09299471600008
            ]
          ]
        ]
      },
      "properties": {
        "OBJECTID": 103,
        "Join_Count": 1,
        "TARGET_FID": 1602,
        "PARCEL_NO": 270400067,
        "PARCELID": "270400067",
        "PARCELID_LABEL": "27:040:0067",
        "OWNER_NAME": "BIG ROCK PROPERTIES LLC",
        "CARE_NAME": null,
        "ACREAGE": 5.978967,
        "SITE_FULL_ADDRESS": null,
        "OWN_FULL_ADDRESS": "985 W 14600 S  BLUFFDALE, UT 84065",
        "PROP_TYPE": 9999,
        "PROP_TYPE_DESCR": "DEFAULT",
        "SPECIFIC_PROP_TYPE": 9999,
        "SPC_PROP_TYP_DESCR": "DEFAULT",
        "ASMT_YEAR": 2026,
        "ASMT_CODE": "UNK",
        "ASMT_CODE_DESCR": "UNK",
        "MKT_LAND_VALUE": 0,
        "MKT_CUR_VALUE": 0,
        "MKT_PRV_VAL": 0,
        "MKT_VAL_YR_CHG": 0,
        "MKT_PCT_CHG": 0,
        "GLOBALID": "{AC4B1B57-1865-473E-8BA7-AA957037C8BF}",
        "Code": null,
        "Description": "Medium Density Residential",
        "City": "Spanish Fork",
        "Description_detailed": null,
        "Acres": 870.516,
        "Unit_Rate": null,
        "CityName": null,
        "AdoptedDate": null,
        "Slope_Score": 10,
        "GP_Score": 8,
        "Utilities_Score": 5,
        "Wetlands_Score": 10,
        "Soil_Score": 1,
        "Ownership_Score": 5,
        "Ownership_Type": "Business",
        "Utility_Proximity_Status": "Unknown - No Data",
        "Final_Score": 6.6,
        "ELEV_CHANGE": 15.70293646972641,
        "SLOPE": 1.2562342921641731,
        "Join_Count_12": 1,
        "TARGET_FID_12": 60274,
        "Shape_Length_12": null,
        "Shape_Area_12": null,
        "OBJECTID_1_12": null,
        "Join_Count_12_13": null,
        "TARGET_FID_12_13": null,
        "Id": 1582,
        "gridcode": 5,
        "ClassName": "Mostly Hydric (76 - 95%)",
        "Shape_Length_12_13": null,
        "Shape_Area_12_13": null,
        "SITE_HOUSE_NUM": " ",
        "SITE_PRE_DIR": null,
        "SITE_STREET_NAME": null,
        "MKT_LAND_RES": 0,
        "MKT_LAND_AGR": 1125700,
        "MKT_LAND_COM": 0,
        "MKT_IMP_VALUE": 22200,
        "MKT_IMP_RES": 0,
        "MKT_IMP_AGR": 22200,
        "MKT_IMP_COM": 0,
        "Entry": 58323,
        "Year": 2024,
        "Record_Date": 1724803200000,
        "Grantor": "BLIND SLOUGH LLC",
        "Grantee": "WARNER PROPERTY LLC",
        "Tax_Address": "NOT APPLICABLE",
        "Serial_Number": "27:041:0087",
        "Serial_Number_Available": "Yes",
        "Detail_URL": "https://www.utahcounty.gov/LandRecords/document.asp?avEntry=58323&avYear=2024",
        "Document_Type": "TR D",
        "Was_REC_": "No",
        "OBJECTID_12": 3491,
        "Shape_Length_12_13_14": 3286.7622644815156,
        "Shape_Area_12_13_14": 288521.94399331673,
        "DocType": "WD",
        "Shape_Length": 0.007266896806058751,
        "Shape_Area": 2.555599609823978e-06
      }
    },
    {
      "type": "Feature",
      "id": 104,
      "geometry": {
        "type": "Polygon",
        "coordinates": [
          [
            [
              -111.65422547199995,
              40.05363214100004
            ],
            [
              -111.65422511399998,
              40.05363304200006
            ],
            [
              -111.65318648799996,
              40.054317929000035
            ],
            [
              -111.65290828999997,
              40.05448846100006
            ],
            [
              -111.65184621699996,
              40.05507885500003
            ],
            [
              -111.65179315099999,
              40.05511572300003
            ],
            [
              -111.65179084099998,
              40.05519134200006
            ],
            [
              -111.65189485199994,
              40.055119078000075
            ],
            [
              -111.65295150599997,
              40.05453220000004
            ],
            [
              -111.65323202299999,
              40.054360247000034
            ],
            [
              -111.65456938599999,
              40.05347836300007
            ],
            [
              -111.65460384799997,
              40.053478634000044
            ],
            [
              -111.65473281799996,
              40.05339958800005
            ],
            [
              -111.65470198699995,
              40.05337379900004
            ],
            [
              -111.65469611299994,
              40.053046761000076
            ],
            [
              -111.65464489599998,
              40.05300625000007
            ],
            [
              -111.65409620099996,
              40.052979169000025
            ],
            [
              -111.65404285078316,
              40.05297034759394
            ],
            [
              -111.65398902831927,
              40.0529651317317
            ],
            [
              -111.65393497699995,
              40.05296354500007
            ],
            [
              -111.65354521999996,
              40.052967340000066
            ],
            [
              -111.65354541499994,
              40.05305475400007
            ],
            [
              -111.65368366699994,
              40.05305467200003
            ],
            [
              -111.65393288799999,
              40.05305909100008
            ],
            [
              -111.65439331799996,
              40.05305848100005
            ],
            [
              -111.65439239899996,
              40.05317734600004
            ],
            [
              -111.65422547199995,
              40.05363214100004
            ]
          ]
        ]
      },
      "properties": {
        "OBJECTID": 104,
        "Join_Count": 1,
        "TARGET_FID": 1624,
        "PARCEL_NO": 290510225,
        "PARCELID": "290510225",
        "PARCELID_LABEL": "29:051:0225",
        "OWNER_NAME": "UTAH COUNTY",
        "CARE_NAME": null,
        "ACREAGE": 1.021395,
        "SITE_FULL_ADDRESS": null,
        "OWN_FULL_ADDRESS": "100 E CENTER ST STE 2300  PROVO, UT 84606-3106",
        "PROP_TYPE": 9999,
        "PROP_TYPE_DESCR": "DEFAULT",
        "SPECIFIC_PROP_TYPE": 9999,
        "SPC_PROP_TYP_DESCR": "DEFAULT",
        "ASMT_YEAR": 2026,
        "ASMT_CODE": "UNK",
        "ASMT_CODE_DESCR": "UNK",
        "MKT_LAND_VALUE": 0,
        "MKT_CUR_VALUE": 0,
        "MKT_PRV_VAL": 0,
        "MKT_VAL_YR_CHG": 0,
        "MKT_PCT_CHG": 0,
        "GLOBALID": "{CF37B1A4-9D17-4448-8F6E-74BE3E0D0988}",
        "Code": null,
        "Description": "Historic Salem Extension",
        "City": "Salem",
        "Description_detailed": null,
        "Acres": 2656.69,
        "Unit_Rate": null,
        "CityName": null,
        "AdoptedDate": null,
        "Slope_Score": 10,
        "GP_Score": 4,
        "Utilities_Score": 10,
        "Wetlands_Score": 10,
        "Soil_Score": 10,
        "Ownership_Score": 10,
        "Ownership_Type": "Private",
        "Utility_Proximity_Status": "Within 1/8 Mile",
        "Final_Score": 8.5,
        "ELEV_CHANGE": 13.188239892578167,
        "SLOPE": 0.4630287377318334,
        "Join_Count_12": 1,
        "TARGET_FID_12": 61223,
        "Shape_Length_12": null,
        "Shape_Area_12": null,
        "OBJECTID_1_12": null,
        "Join_Count_12_13": null,
        "TARGET_FID_12_13": null,
        "Id": 2073,
        "gridcode": 1,
        "ClassName": "Not Hydric",
        "Shape_Length_12_13": null,
        "Shape_Area_12_13": null,
        "SITE_HOUSE_NUM": null,
        "SITE_PRE_DIR": null,
        "SITE_STREET_NAME": null,
        "MKT_LAND_RES": 0,
        "MKT_LAND_AGR": 1491500,
        "MKT_LAND_COM": 0,
        "MKT_IMP_VALUE": 0,
        "MKT_IMP_RES": 0,
        "MKT_IMP_AGR": 0,
        "MKT_IMP_COM": 0,
        "Entry": 82941,
        "Year": 2023,
        "Record_Date": 1703548800000,
        "Grantor": "PARRY, TRAVIS PARRY, SHASTA",
        "Grantee": "219 TRUE LLC",
        "Tax_Address": "NOT APPLICABLE",
        "Serial_Number": "29:051:0217",
        "Serial_Number_Available": "Yes",
        "Detail_URL": "https://www.utahcounty.gov/LandRecords/document.asp?avEntry=82941&avYear=2023",
        "Document_Type": "TR D",
        "Was_REC_": "No",
        "OBJECTID_12": 2083,
        "Shape_Length_12_13_14": 4103.426319044814,
        "Shape_Area_12_13_14": 841861.2621023058,
        "DocType": "WD",
        "Shape_Length": 0.009451519071081204,
        "Shape_Area": 4.3624211225385454e-07
      }
    },
    {
      "type": "Feature",
      "id": 105,
      "geometry": {
        "type": "Polygon",
        "coordinates": [
          [
            [
              -111.65636769199995,
              40.170743626000046
            ],
            [
              -111.65636781499995,
              40.170743653000045
            ],
            [
              -111.65635064356564,
              40.17073219607812
            ],
            [
              -111.65633186899998,
              40.17072361500004
            ],
            [
              -111.65630656982873,
              40.170716696896434
            ],
            [
              -111.65628047199999,
              40.17071408700008
            ],
            [
              -111.65627564299996,
              40.17071406900004
            ],
            [
              -111.65608689299995,
              40.17071331900007
            ],
            [
              -111.65608800299998,
              40.170548652000036
            ],
            [
              -111.65610360199997,
              40.17054871400006
            ],
            [
              -111.65616790950374,
              40.17054675459961
            ],
            [
              -111.6562319223298,
              40.170540300733336
            ],
            [
              -111.65629532674548,
              40.17052938403223
            ],
            [
              -111.65635781199995,
              40.17051405800004
            ],
            [
              -111.65637955899996,
              40.17050504200006
            ],
            [
              -111.65659607299995,
              40.17038290900007
            ],
            [
              -111.65662912332408,
              40.17036222141899
            ],
            [
              -111.6566590730988,
              40.17033725522323
            ],
            [
              -111.65668537230354,
              40.17030846891111
            ],
            [
              -111.65670753795962,
              40.170276391136454
            ],
            [
              -111.65672516299998,
              40.17024161100005
            ],
            [
              -111.65672073199994,
              40.169805774000054
            ],
            [
              -111.65587776099994,
              40.16980690400004
            ],
            [
              -111.65587988999994,
              40.170744279000075
            ],
            [
              -111.65636769199995,
              40.170743626000046
            ]
          ]
        ]
      },
      "properties": {
        "OBJECTID": 105,
        "Join_Count": 1,
        "TARGET_FID": 1701,
        "PARCEL_NO": 210960030,
        "PARCELID": "210960030",
        "PARCELID_LABEL": "21:096:0030",
        "OWNER_NAME": "LAKESIDE LAND PARTNERS LLC",
        "CARE_NAME": null,
        "ACREAGE": 1.450613,
        "SITE_FULL_ADDRESS": null,
        "OWN_FULL_ADDRESS": "7585 S UNION PARK AVE STE 200  MIDVALE, UT 84047",
        "PROP_TYPE": 9999,
        "PROP_TYPE_DESCR": "DEFAULT",
        "SPECIFIC_PROP_TYPE": 9999,
        "SPC_PROP_TYP_DESCR": "DEFAULT",
        "ASMT_YEAR": 2026,
        "ASMT_CODE": "UNK",
        "ASMT_CODE_DESCR": "UNK",
        "MKT_LAND_VALUE": 0,
        "MKT_CUR_VALUE": 0,
        "MKT_PRV_VAL": 0,
        "MKT_VAL_YR_CHG": 0,
        "MKT_PCT_CHG": 0,
        "GLOBALID": "{E4929375-6970-4FB6-8FF3-510084EEB681}",
        "Code": null,
        "Description": "Medium Density Residential",
        "City": "Springville",
        "Description_detailed": "Any Residential",
        "Acres": null,
        "Unit_Rate": null,
        "CityName": null,
        "AdoptedDate": null,
        "Slope_Score": 10,
        "GP_Score": 8,
        "Utilities_Score": 0,
        "Wetlands_Score": 10,
        "Soil_Score": 7,
        "Ownership_Score": 5,
        "Ownership_Type": "Business",
        "Utility_Proximity_Status": "Not Within 1/8 Mile",
        "Final_Score": 5.95,
        "ELEV_CHANGE": 0.6500004052732038,
        "SLOPE": 0.10677196793925407,
        "Join_Count_12": 1,
        "TARGET_FID_12": 63836,
        "Shape_Length_12": null,
        "Shape_Area_12": null,
        "OBJECTID_1_12": null,
        "Join_Count_12_13": null,
        "TARGET_FID_12_13": null,
        "Id": 1498,
        "gridcode": 2,
        "ClassName": "Partially Hydric (1 - 25%)",
        "Shape_Length_12_13": null,
        "Shape_Area_12_13": null,
        "SITE_HOUSE_NUM": null,
        "SITE_PRE_DIR": null,
        "SITE_STREET_NAME": null,
        "MKT_LAND_RES": 0,
        "MKT_LAND_AGR": 123400,
        "MKT_LAND_COM": 0,
        "MKT_IMP_VALUE": 0,
        "MKT_IMP_RES": 0,
        "MKT_IMP_AGR": 0,
        "MKT_IMP_COM": 0,
        "Entry": 21997,
        "Year": 2024,
        "Record_Date": 1712275200000,
        "Grantor": "LAKESIDE LAND PARTNERS LLC 1722 MOHAWK LLC",
        "Grantee": "OKOA CAPITAL LLC",
        "Tax_Address": "NOT APPLICABLE",
        "Serial_Number": "21:096:0015",
        "Serial_Number_Available": "Yes",
        "Detail_URL": "https://www.utahcounty.gov/LandRecords/document.asp?avEntry=21997&avYear=2024",
        "Document_Type": "TR D",
        "Was_REC_": "No",
        "OBJECTID_12": 2717,
        "Shape_Length_12_13_14": 1700.9670705199242,
        "Shape_Area_12_13_14": 114445.73169648324,
        "DocType": "WD",
        "Shape_Length": 0.0038964678775944466,
        "Shape_Area": 6.208742069015208e-07
      }
    },
    {
      "type": "Feature",
      "id": 106,
      "geometry": {
        "type": "Polygon",
        "coordinates": [
          [
            [
              -111.65179316599995,
              40.055115718000025
            ],
            [
              -111.65179323699999,
              40.055115615000034
            ],
            [
              -111.65184630199997,
              40.05507874700004
            ],
            [
              -111.65290837499998,
              40.05448835300007
            ],
            [
              -111.65318657299997,
              40.05431782100004
            ],
            [
              -111.65422519999998,
              40.05363293400006
            ],
            [
              -111.65422554799994,
              40.053632040000025
            ],
            [
              -111.65439246599999,
              40.05317725200007
            ],
            [
              -111.65439338599998,
              40.05305838700008
            ],
            [
              -111.65393295499996,
              40.05305899700005
            ],
            [
              -111.65368373399997,
              40.05305457700007
            ],
            [
              -111.65354548299996,
              40.05305466000004
            ],
            [
              -111.65354528799998,
              40.052967383000066
            ],
            [
              -111.65178310799996,
              40.05298510400007
            ],
            [
              -111.65180450999998,
              40.05474544200007
            ],
            [
              -111.65179334699997,
              40.05510979100006
            ],
            [
              -111.65179316599995,
              40.055115718000025
            ]
          ]
        ]
      },
      "properties": {
        "OBJECTID": 106,
        "Join_Count": 1,
        "TARGET_FID": 1722,
        "PARCEL_NO": 290510226,
        "PARCELID": "290510226",
        "PARCELID_LABEL": "29:051:0226",
        "OWNER_NAME": "ROGERS, THOMAS G & RUTH M (ET AL)",
        "CARE_NAME": null,
        "ACREAGE": 8.114306,
        "SITE_FULL_ADDRESS": null,
        "OWN_FULL_ADDRESS": "3652 N 250 W  PROVO, UT 84604-4428",
        "PROP_TYPE": 9999,
        "PROP_TYPE_DESCR": "DEFAULT",
        "SPECIFIC_PROP_TYPE": 9999,
        "SPC_PROP_TYP_DESCR": "DEFAULT",
        "ASMT_YEAR": 2026,
        "ASMT_CODE": "UNK",
        "ASMT_CODE_DESCR": "UNK",
        "MKT_LAND_VALUE": 0,
        "MKT_CUR_VALUE": 0,
        "MKT_PRV_VAL": 0,
        "MKT_VAL_YR_CHG": 0,
        "MKT_PCT_CHG": 0,
        "GLOBALID": "{7640C069-545B-45C8-A0F8-0FD9DFF2F2B7}",
        "Code": null,
        "Description": "Historic Salem Extension",
        "City": "Salem",
        "Description_detailed": null,
        "Acres": 2656.69,
        "Unit_Rate": null,
        "CityName": null,
        "AdoptedDate": null,
        "Slope_Score": 10,
        "GP_Score": 4,
        "Utilities_Score": 10,
        "Wetlands_Score": 10,
        "Soil_Score": 10,
        "Ownership_Score": 10,
        "Ownership_Type": "Private",
        "Utility_Proximity_Status": "Within 1/8 Mile",
        "Final_Score": 8.5,
        "ELEV_CHANGE": 13.188239892578167,
        "SLOPE": 0.4630287377318334,
        "Join_Count_12": 1,
        "TARGET_FID_12": 65554,
        "Shape_Length_12": null,
        "Shape_Area_12": null,
        "OBJECTID_1_12": null,
        "Join_Count_12_13": null,
        "TARGET_FID_12_13": null,
        "Id": 2073,
        "gridcode": 1,
        "ClassName": "Not Hydric",
        "Shape_Length_12_13": null,
        "Shape_Area_12_13": null,
        "SITE_HOUSE_NUM": null,
        "SITE_PRE_DIR": null,
        "SITE_STREET_NAME": null,
        "MKT_LAND_RES": 0,
        "MKT_LAND_AGR": 1491500,
        "MKT_LAND_COM": 0,
        "MKT_IMP_VALUE": 0,
        "MKT_IMP_RES": 0,
        "MKT_IMP_AGR": 0,
        "MKT_IMP_COM": 0,
        "Entry": 82941,
        "Year": 2023,
        "Record_Date": 1703548800000,
        "Grantor": "PARRY, TRAVIS PARRY, SHASTA",
        "Grantee": "219 TRUE LLC",
        "Tax_Address": "NOT APPLICABLE",
        "Serial_Number": "29:051:0217",
        "Serial_Number_Available": "Yes",
        "Detail_URL": "https://www.utahcounty.gov/LandRecords/document.asp?avEntry=82941&avYear=2023",
        "Document_Type": "TR D",
        "Was_REC_": "No",
        "OBJECTID_12": 2083,
        "Shape_Length_12_13_14": 4103.426319044814,
        "Shape_Area_12_13_14": 841861.2621023058,
        "DocType": "WD",
        "Shape_Length": 0.0082829848299587,
        "Shape_Area": 3.4667100953187657e-06
      }
    },
    {
      "type": "Feature",
      "id": 107,
      "geometry": {
        "type": "Polygon",
        "coordinates": [
          [
            [
              -111.71389885099995,
              40.256159980000064
            ],
            [
              -111.71389881299996,
              40.256159955000044
            ],
            [
              -111.71390706399995,
              40.256642627000076
            ],
            [
              -111.71397820799996,
              40.25664557600004
            ],
            [
              -111.71398568399997,
              40.25742614700005
            ],
            [
              -111.71335782199998,
              40.257435429000054
            ],
            [
              -111.71336293899998,
              40.257784908000076
            ],
            [
              -111.71352317099996,
              40.25802531900007
            ],
            [
              -111.71452931599998,
              40.25861388000004
            ],
            [
              -111.71458061599998,
              40.258647981000024
            ],
            [
              -111.71432265699997,
              40.258338010000045
            ],
            [
              -111.71412381099998,
              40.258219360000055
            ],
            [
              -111.71869345399995,
              40.258183392000035
            ],
            [
              -111.71865455699998,
              40.256787960000054
            ],
            [
              -111.71855160799998,
              40.25678803300008
            ],
            [
              -111.71854517499997,
              40.25656447400007
            ],
            [
              -111.71627820799995,
              40.25651348500003
            ],
            [
              -111.71412606999996,
              40.25646509300003
            ],
            [
              -111.71414350599997,
              40.25616842200003
            ],
            [
              -111.71389885099995,
              40.256159980000064
            ]
          ]
        ]
      },
      "properties": {
        "OBJECTID": 107,
        "Join_Count": 1,
        "TARGET_FID": 1794,
        "PARCEL_NO": 190430086,
        "PARCELID": "190430086",
        "PARCELID_LABEL": "19:043:0086",
        "OWNER_NAME": "IVORY LAND CORPORATION",
        "CARE_NAME": null,
        "ACREAGE": 19.724788999999998,
        "SITE_FULL_ADDRESS": null,
        "OWN_FULL_ADDRESS": "978 WOODOAK LN  SALT LAKE CITY, UT 84117",
        "PROP_TYPE": 9999,
        "PROP_TYPE_DESCR": "DEFAULT",
        "SPECIFIC_PROP_TYPE": 9999,
        "SPC_PROP_TYP_DESCR": "DEFAULT",
        "ASMT_YEAR": 2026,
        "ASMT_CODE": "UNK",
        "ASMT_CODE_DESCR": "UNK",
        "MKT_LAND_VALUE": 0,
        "MKT_CUR_VALUE": 0,
        "MKT_PRV_VAL": 0,
        "MKT_VAL_YR_CHG": 0,
        "MKT_PCT_CHG": 0,
        "GLOBALID": "{406C5A38-661E-46A7-8D9B-4A0E1D47A93E}",
        "Code": "R",
        "Description": "Residential",
        "City": "Provo",
        "Description_detailed": null,
        "Acres": null,
        "Unit_Rate": null,
        "CityName": null,
        "AdoptedDate": null,
        "Slope_Score": 10,
        "GP_Score": 5,
        "Utilities_Score": 5,
        "Wetlands_Score": 0,
        "Soil_Score": 0,
        "Ownership_Score": 5,
        "Ownership_Type": "Business",
        "Utility_Proximity_Status": "Unknown - No Data",
        "Final_Score": 4.25,
        "ELEV_CHANGE": 10.343536948242217,
        "SLOPE": 0.5844489950454947,
        "Join_Count_12": 2,
        "TARGET_FID_12": 67268,
        "Shape_Length_12": null,
        "Shape_Area_12": null,
        "OBJECTID_1_12": null,
        "Join_Count_12_13": null,
        "TARGET_FID_12_13": null,
        "Id": 1588,
        "gridcode": 6,
        "ClassName": "All Hydric",
        "Shape_Length_12_13": null,
        "Shape_Area_12_13": null,
        "SITE_HOUSE_NUM": "3130",
        "SITE_PRE_DIR": "W",
        "SITE_STREET_NAME": "1690 NORTH",
        "MKT_LAND_RES": 274300,
        "MKT_LAND_AGR": 0,
        "MKT_LAND_COM": 0,
        "MKT_IMP_VALUE": 291900,
        "MKT_IMP_RES": 291900,
        "MKT_IMP_AGR": 0,
        "MKT_IMP_COM": 0,
        "Entry": 33575,
        "Year": 2024,
        "Record_Date": 1716249600000,
        "Grantor": "MORALES, RAUL ALONSO",
        "Grantee": "AMERICA FIRST FEDERAL CREDIT UNION",
        "Tax_Address": "NOT APPLICABLE",
        "Serial_Number": "35:734:0371",
        "Serial_Number_Available": "Yes",
        "Detail_URL": "https://www.utahcounty.gov/LandRecords/document.asp?avEntry=33575&avYear=2024",
        "Document_Type": "TR D",
        "Was_REC_": "No",
        "OBJECTID_12": 3012,
        "Shape_Length_12_13_14": 333.51452940983626,
        "Shape_Area_12_13_14": 6404.427266018405,
        "DocType": "WD",
        "Shape_Length": 0.015717595711456138,
        "Shape_Area": 8.451381641181005e-06
      }
    },
    {
      "type": "Feature",
      "id": 108,
      "geometry": {
        "type": "Polygon",
        "coordinates": [
          [
            [
              -111.64762134999995,
              40.02989730400003
            ],
            [
              -111.64762137199995,
              40.02989721900008
            ],
            [
              -111.64761836524417,
              40.029821340689764
            ],
            [
              -111.6476223934351,
              40.02974550974467
            ],
            [
              -111.64763342199996,
              40.02967037700006
            ],
            [
              -111.64765180514638,
              40.02959495967976
            ],
            [
              -111.6476766967266,
              40.029521433347696
            ],
            [
              -111.64770790698572,
              40.0294503585139
            ],
            [
              -111.64774519799994,
              40.029382277000025
            ],
            [
              -111.64777231378463,
              40.02933279302161
            ],
            [
              -111.64779387367555,
              40.02928064802183
            ],
            [
              -111.64780962070222,
              40.029226463512515
            ],
            [
              -111.64781936717714,
              40.02917088531422
            ],
            [
              -111.64782299693292,
              40.029114575858785
            ],
            [
              -111.6478204667068,
              40.02905820629382
            ],
            [
              -111.64781180665635,
              40.02900244848338
            ],
            [
              -111.64779711999995,
              40.02894796700008
            ],
            [
              -111.64767921899994,
              40.02857824200004
            ],
            [
              -111.64752768399995,
              40.02810303700005
            ],
            [
              -111.64745113099997,
              40.02790802000004
            ],
            [
              -111.64718244899996,
              40.02722354500003
            ],
            [
              -111.64716258499999,
              40.027172938000035
            ],
            [
              -111.6471368333338,
              40.027117593926015
            ],
            [
              -111.64710544239927,
              40.027065242000845
            ],
            [
              -111.64706875553405,
              40.02701645482261
            ],
            [
              -111.64702717399996,
              40.02697176600003
            ],
            [
              -111.64697166496012,
              40.02692390492175
            ],
            [
              -111.64691227543737,
              40.02688095354337
            ],
            [
              -111.64684943840217,
              40.0268432249955
            ],
            [
              -111.64678361195855,
              40.0268109943325
            ],
            [
              -111.64671527600439,
              40.026784496527206
            ],
            [
              -111.64664492873277,
              40.02676392475792
            ],
            [
              -111.64657308299996,
              40.02674942900006
            ],
            [
              -111.64653667180654,
              40.026744791710684
            ],
            [
              -111.64650146205935,
              40.02673442092662
            ],
            [
              -111.64646835058271,
              40.0267185808012
            ],
            [
              -111.64643818075605,
              40.02669767479683
            ],
            [
              -111.64641172103235,
              40.02667223540846
            ],
            [
              -111.64638964536483,
              40.026642910600486
            ],
            [
              -111.64637251604086,
              40.02661044730245
            ],
            [
              -111.64636076935989,
              40.02657567238411
            ],
            [
              -111.64635470452059,
              40.0265394715943
            ],
            [
              -111.64635447599994,
              40.02650276700007
            ],
            [
              -111.64648899099996,
              40.02581494000003
            ],
            [
              -111.64643422083901,
              40.02578227482445
            ],
            [
              -111.64637677463863,
              40.025754585146096
            ],
            [
              -111.64631710324558,
              40.02573208827789
            ],
            [
              -111.64625567497033,
              40.02571496077878
            ],
            [
              -111.64619297191159,
              40.02570333706806
            ],
            [
              -111.6461294861728,
              40.02569730837044
            ],
            [
              -111.64606571599995,
              40.025696922000066
            ],
            [
              -111.64606302099997,
              40.025710737000054
            ],
            [
              -111.64601058799997,
              40.02571417400003
            ],
            [
              -111.64532834299996,
              40.02578275500008
            ],
            [
              -111.6452449505053,
              40.02578886733306
            ],
            [
              -111.6451613501349,
              40.02579049424707
            ],
            [
              -111.64507778297097,
              40.025787631050484
            ],
            [
              -111.64499448999999,
              40.02578028600004
            ],
            [
              -111.64323118999994,
              40.02557644400008
            ],
            [
              -111.64322701021301,
              40.025576014820146
            ],
            [
              -111.6432228163078,
              40.02557627167285
            ],
            [
              -111.64321872013248,
              40.02557720770812
            ],
            [
              -111.64321483092886,
              40.02557879796264
            ],
            [
              -111.64321125241895,
              40.02558100002555
            ],
            [
              -111.64320808003882,
              40.025583755169556
            ],
            [
              -111.64320539839336,
              40.02558698991713
            ],
            [
              -111.64320327899998,
              40.02559061800008
            ],
            [
              -111.64315844699996,
              40.02572339200003
            ],
            [
              -111.64313868837843,
              40.025775483091444
            ],
            [
              -111.6431153236591,
              40.02582605951698
            ],
            [
              -111.64308846799997,
              40.02587487200003
            ],
            [
              -111.64268795299995,
              40.026548880000064
            ],
            [
              -111.64262140417809,
              40.0266493606577
            ],
            [
              -111.6425496716494,
              40.02674620874791
            ],
            [
              -111.64247295328241,
              40.0268391571229
            ],
            [
              -111.64239146069863,
              40.026927949391926
            ],
            [
              -111.64230541868893,
              40.027012340628545
            ],
            [
              -111.6422150645934,
              40.02709209804619
            ],
            [
              -111.64212064764666,
              40.027167001640336
            ],
            [
              -111.64202242829037,
              40.02723684479535
            ],
            [
              -111.6419206774549,
              40.0273014348544
            ],
            [
              -111.64181567581186,
              40.027360593650926
            ],
            [
              -111.64170771299996,
              40.027414158000056
            ],
            [
              -111.64088584999996,
              40.02781584200005
            ],
            [
              -111.64102022499998,
              40.028014737000035
            ],
            [
              -111.64081210399996,
              40.02814637500006
            ],
            [
              -111.64076212233316,
              40.028177001751246
            ],
            [
              -111.64071600488309,
              40.028213186633515
            ],
            [
              -111.64067436667608,
              40.02825444708214
            ],
            [
              -111.64063776300283,
              40.02830023284423
            ],
            [
              -111.64060668201311,
              40.028349933316896
            ],
            [
              -111.64058153820568,
              40.02840288569033
            ],
            [
              -111.64056266690052,
              40.02845838378711
            ],
            [
              -111.640550319767,
              40.028515687479825
            ],
            [
              -111.64054466146756,
              40.02857403256147
            ],
            [
              -111.64054576746176,
              40.028632640937
            ],
            [
              -111.64055362299996,
              40.02869073100004
            ],
            [
              -111.64058342399994,
              40.02881499700004
            ],
            [
              -111.64060105743906,
              40.028868776898896
            ],
            [
              -111.64062473951873,
              40.028920180933746
            ],
            [
              -111.64065415801747,
              40.02896853140042
            ],
            [
              -111.64068892508558,
              40.029013190852616
            ],
            [
              -111.64072858235855,
              40.02905357050588
            ],
            [
              -111.64077260699997,
              40.029089138000074
            ],
            [
              -111.64081406844058,
              40.029117254525644
            ],
            [
              -111.64085151085209,
              40.02915053599027
            ],
            [
              -111.64088429523447,
              40.02918841440549
            ],
            [
              -111.64091186208256,
              40.02923024333033
            ],
            [
              -111.64093374093476,
              40.0292753089036
            ],
            [
              -111.64094955840199,
              40.029322842026765
            ],
            [
              -111.64095904454004,
              40.02937203148958
            ],
            [
              -111.64096203745648,
              40.02942203781436
            ],
            [
              -111.64095848607359,
              40.0294720075827
            ],
            [
              -111.64094845099999,
              40.029521088000024
            ],
            [
              -111.64075045199996,
              40.03015247600007
            ],
            [
              -111.64075322599996,
              40.03042618500007
            ],
            [
              -111.64204919699995,
              40.03041842300007
            ],
            [
              -111.64216540899997,
              40.03041621600005
            ],
            [
              -111.64215130999997,
              40.03015570700006
            ],
            [
              -111.64227932401859,
              40.030149576532644
            ],
            [
              -111.64240707656573,
              40.030139356048764
            ],
            [
              -111.64253443699994,
              40.03012505600003
            ],
            [
              -111.64265784489692,
              40.03010720639116
            ],
            [
              -111.64278062085455,
              40.03008543067529
            ],
            [
              -111.64290263999999,
              40.03005975100007
            ],
            [
              -111.64293896238641,
              40.030029842292215
            ],
            [
              -111.64297907799994,
              40.03000525400006
            ],
            [
              -111.64369294999995,
              40.02962882300005
            ],
            [
              -111.6438004380329,
              40.02956908658982
            ],
            [
              -111.64390462408095,
              40.029503761377775
            ],
            [
              -111.64400521782945,
              40.029433029392784
            ],
            [
              -111.64410193897368,
              40.02935708772968
            ],
            [
              -111.64419451799995,
              40.029276148000065
            ],
            [
              -111.64499852599994,
              40.02852772600005
            ],
            [
              -111.6450377165488,
              40.02849883267196
            ],
            [
              -111.64508069401907,
              40.028475949040725
            ],
            [
              -111.64512654370091,
              40.02845956214952
            ],
            [
              -111.64517428975387,
              40.02845002076828
            ],
            [
              -111.64522291597612,
              40.02844752797075
            ],
            [
              -111.64527138743274,
              40.02845213681231
            ],
            [
              -111.64531867248284,
              40.0284637492008
            ],
            [
              -111.6453637647363,
              40.02848211798428
            ],
            [
              -111.64540570447338,
              40.02850685221123
            ],
            [
              -111.6454435990708,
              40.028537425451404
            ],
            [
              -111.64547664199995,
              40.02857318700006
            ],
            [
              -111.64616062199997,
              40.02967806700008
            ],
            [
              -111.64627941062605,
              40.029705208552826
            ],
            [
              -111.64639650349245,
              40.02973892297426
            ],
            [
              -111.64651153720702,
              40.02977910563329
            ],
            [
              -111.6466241547681,
              40.029825631824934
            ],
            [
              -111.64673400667246,
              40.029878357157386
            ],
            [
              -111.64684075199995,
              40.02993711800008
            ],
            [
              -111.64762134999995,
              40.02989730400003
            ]
          ]
        ]
      },
      "properties": {
        "OBJECTID": 108,
        "Join_Count": 1,
        "TARGET_FID": 1795,
        "PARCEL_NO": 290630075,
        "PARCELID": "290630075",
        "PARCELID_LABEL": "29:063:0075",
        "OWNER_NAME": "TREEHOUSE PARK LLC",
        "CARE_NAME": null,
        "ACREAGE": 52.081433,
        "SITE_FULL_ADDRESS": null,
        "OWN_FULL_ADDRESS": "10771 S RIPPLING BAY  SOUTH JORDAN, UT 84009",
        "PROP_TYPE": 900,
        "PROP_TYPE_DESCR": "VACANT",
        "SPECIFIC_PROP_TYPE": 901,
        "SPC_PROP_TYP_DESCR": "Vac Res",
        "ASMT_YEAR": 2026,
        "ASMT_CODE": "V",
        "ASMT_CODE_DESCR": "VACANT",
        "MKT_LAND_VALUE": 2318700,
        "MKT_CUR_VALUE": 2318700,
        "MKT_PRV_VAL": 2318700,
        "MKT_VAL_YR_CHG": 0,
        "MKT_PCT_CHG": 0,
        "GLOBALID": "{45756A95-5E6F-4039-BD8A-74B49DA9878D}",
        "Code": null,
        "Description": "Mixed Density",
        "City": "Salem",
        "Description_detailed": null,
        "Acres": 861.42,
        "Unit_Rate": null,
        "CityName": null,
        "AdoptedDate": null,
        "Slope_Score": 10,
        "GP_Score": 7,
        "Utilities_Score": 0,
        "Wetlands_Score": 10,
        "Soil_Score": 10,
        "Ownership_Score": 5,
        "Ownership_Type": "Business",
        "Utility_Proximity_Status": "Not Within 1/8 Mile",
        "Final_Score": 6,
        "ELEV_CHANGE": 44.21124136718754,
        "SLOPE": 4.2989373648100635,
        "Join_Count_12": 1,
        "TARGET_FID_12": 67276,
        "Shape_Length_12": null,
        "Shape_Area_12": null,
        "OBJECTID_1_12": null,
        "Join_Count_12_13": null,
        "TARGET_FID_12_13": null,
        "Id": 2073,
        "gridcode": 1,
        "ClassName": "Not Hydric",
        "Shape_Length_12_13": null,
        "Shape_Area_12_13": null,
        "SITE_HOUSE_NUM": null,
        "SITE_PRE_DIR": null,
        "SITE_STREET_NAME": null,
        "MKT_LAND_RES": 0,
        "MKT_LAND_AGR": 28432200,
        "MKT_LAND_COM": 0,
        "MKT_IMP_VALUE": 12100,
        "MKT_IMP_RES": 0,
        "MKT_IMP_AGR": 12100,
        "MKT_IMP_COM": 0,
        "Entry": 27804,
        "Year": 2025,
        "Record_Date": 1744848000000,
        "Grantor": "TREEHOUSE PARK LLC DBA THREE BRIDGES",
        "Grantee": "RB50 LLC",
        "Tax_Address": "NOT APPLICABLE",
        "Serial_Number": "29:063:0074",
        "Serial_Number_Available": "Yes",
        "Detail_URL": "https://www.utahcounty.gov/LandRecords/document.asp?avEntry=27804&avYear=2025",
        "Document_Type": "TR D",
        "Was_REC_": "No",
        "OBJECTID_12": 4712,
        "Shape_Length_12_13_14": 39369.732763829146,
        "Shape_Area_12_13_14": 20649895.989885233,
        "DocType": "WD",
        "Shape_Length": 0.022806481451669882,
        "Shape_Area": 2.224259560249812e-05
      }
    },
    {
      "type": "Feature",
      "id": 109,
      "geometry": {
        "type": "Polygon",
        "coordinates": [
          [
            [
              -111.59358997099997,
              40.16556079800006
            ],
            [
              -111.59358999599999,
              40.16556082200003
            ],
            [
              -111.59357542899994,
              40.16655047300003
            ],
            [
              -111.59404019599998,
              40.16655196600004
            ],
            [
              -111.59405702699996,
              40.16559401000006
            ],
            [
              -111.59358997099997,
              40.16556079800006
            ]
          ]
        ]
      },
      "properties": {
        "OBJECTID": 109,
        "Join_Count": 1,
        "TARGET_FID": 1796,
        "PARCEL_NO": 358700002,
        "PARCELID": "358700002",
        "PARCELID_LABEL": "35:870:0002",
        "OWNER_NAME": "AUSTIN, KEITH DIXON & STACY LEIGH",
        "CARE_NAME": null,
        "ACREAGE": 1.060891,
        "SITE_FULL_ADDRESS": "908 E CENTER ST, SPRINGVILLE, UT",
        "OWN_FULL_ADDRESS": "1062 E 350 S  SPRINGVILLE, UT 84663-2126",
        "PROP_TYPE": 9999,
        "PROP_TYPE_DESCR": "DEFAULT",
        "SPECIFIC_PROP_TYPE": 9999,
        "SPC_PROP_TYP_DESCR": "DEFAULT",
        "ASMT_YEAR": 2026,
        "ASMT_CODE": "UNK",
        "ASMT_CODE_DESCR": "UNK",
        "MKT_LAND_VALUE": 0,
        "MKT_CUR_VALUE": 0,
        "MKT_PRV_VAL": 0,
        "MKT_VAL_YR_CHG": 0,
        "MKT_PCT_CHG": 0,
        "GLOBALID": "{77721B05-77AA-4419-AD0B-A9445F1B9F83}",
        "Code": null,
        "Description": "Medium Density Residential",
        "City": "Springville",
        "Description_detailed": "Any Residential",
        "Acres": null,
        "Unit_Rate": null,
        "CityName": null,
        "AdoptedDate": null,
        "Slope_Score": 10,
        "GP_Score": 8,
        "Utilities_Score": 10,
        "Wetlands_Score": 10,
        "Soil_Score": 10,
        "Ownership_Score": 10,
        "Ownership_Type": "Private",
        "Utility_Proximity_Status": "Within 1/8 Mile",
        "Final_Score": 9.5,
        "ELEV_CHANGE": 3.3885726611333666,
        "SLOPE": 1.4521539688315905,
        "Join_Count_12": 1,
        "TARGET_FID_12": 67295,
        "Shape_Length_12": null,
        "Shape_Area_12": null,
        "OBJECTID_1_12": null,
        "Join_Count_12_13": null,
        "TARGET_FID_12_13": null,
        "Id": 2073,
        "gridcode": 1,
        "ClassName": "Not Hydric",
        "Shape_Length_12_13": null,
        "Shape_Area_12_13": null,
        "SITE_HOUSE_NUM": "908",
        "SITE_PRE_DIR": "E",
        "SITE_STREET_NAME": "CENTER",
        "MKT_LAND_RES": 0,
        "MKT_LAND_AGR": 0,
        "MKT_LAND_COM": 0,
        "MKT_IMP_VALUE": 0,
        "MKT_IMP_RES": 0,
        "MKT_IMP_AGR": 0,
        "MKT_IMP_COM": 0,
        "Entry": 22306,
        "Year": 2025,
        "Record_Date": 1743120000000,
        "Grantor": "AUSTIN, KEITH DIXON AUSTIN, STACY LEIGH",
        "Grantee": "BUSH, KEVIN TEE MICHELLE BUSH DAP TRUST 11-18-2021 THE",
        "Tax_Address": "NOT APPLICABLE",
        "Serial_Number": "35:870:0002",
        "Serial_Number_Available": "Yes",
        "Detail_URL": "https://www.utahcounty.gov/LandRecords/document.asp?avEntry=22306&avYear=2025",
        "Document_Type": "TR D",
        "Was_REC_": "No",
        "OBJECTID_12": 4617,
        "Shape_Length_12_13_14": 970.4795945493959,
        "Shape_Area_12_13_14": 46213.15899518104,
        "DocType": "WD",
        "Shape_Length": 0.0028809014534794705,
        "Shape_Area": 4.5397149487187494e-07
      }
    }
  ]
}