{"type":"FeatureCollection","features":[{"type":"Feature","id":1,"geometry":{"type":"Polygon","coordinates":[[[-111.91604693699998,40.365960650000034],[-111.91563134499995,40.36621806900007],[-111.91412338999999,40.36622341900005],[-111.91412156299998,40.365921547000028],[-111.91392729399996,40.365922235000028],[-111.91392911999998,40.366224106000061],[-111.91403137399999,40.366466947000049],[-111.91387718099998,40.366608627000062],[-111.91388028199998,40.36712127800007],[-111.91391662299998,40.367121151000049],[-111.91391758899999,40.367283064000048],[-111.91391951499998,40.367601420000028],[-111.91427784899997,40.367600151000033],[-111.91427834799998,40.367682477000074],[-111.91382650599996,40.367684077000035],[-111.91383205099999,40.368600667000067],[-111.91424084299996,40.368599220000078],[-111.91424748520426,40.368599395535171],[-111.91425406043814,40.36859843846166],[-111.91426037698534,40.368596376685247],[-111.91426625067216,40.368593270321846],[-111.91427151023754,40.36858920994473],[-111.91427600232659,40.368584313943664],[-111.91427959596196,40.368578725073007],[-111.91428218636281,40.36857260628932],[-111.91428369799996,40.368566136000027],[-111.91449538299997,40.368565386000057],[-111.91449222399996,40.368043973000056],[-111.9144937356216,40.368037503067328],[-111.91449632594153,40.368031384630257],[-111.9144999194336,40.368025796084446],[-111.91450441132217,40.368020900375448],[-111.91450967063699,40.368016840247734],[-111.91451554403193,40.368013734082673],[-111.91452186025607,40.36801167244689],[-111.91452843514691,40.368010715451625],[-111.91453507699998,40.36801089100004],[-111.91527417499998,40.368008266000061],[-111.91531224236897,40.368006062819106],[-111.91534975370409,40.367999216044289],[-111.91538614472394,40.367987828671346],[-111.91542086799996,40.367972072000043],[-111.91599596899999,40.367970027000069],[-111.91599991299995,40.369293341000059],[-111.91610755099998,40.369292593000068],[-111.91610340499994,40.367902584000035],[-111.91609305199995,40.367406531000029],[-111.91607564899999,40.366911362000053],[-111.91604693699998,40.365960650000034]]]},"properties":{"OBJECTID":1,"PARCEL_NO":580350151,"PARCELID":"580350151","PARCELID_LABEL":"58:035:0151","OWNER_NAME":"CLAYTON PROPERTIES GROUP INC","CARE_NAME":null,"ACREAGE":10.446325999999999,"SITE_FULL_ADDRESS":null,"SITE_HOUSE_NUM":null,"SITE_PRE_DIR":null,"SITE_STREET_NAME":null,"SITE_STREET_TYPE":null,"SITE_POST_DIR":null,"SITE_STREET_UNIT":null,"SITE_CITY":null,"SITE_STATE":null,"SITE_ZIP5":"84045","OWN_FULL_ADDRESS":"206 E WINCHESTER ST  MURRAY, UT 84107","OWN_STREET_ADDRESS":"206 E WINCHESTER ST","OWN_CITY":"MURRAY","OWN_STATE":"UT","OWN_ZIP5":"84107","VESTING_DOC":"1447-2025","PARCEL_CREATE_DATE":1736380800000,"MAP_FILING_NO":null,"SUB_NAME":null,"LEGAL_DESCR":"COM N 89 DEG 57' 40\" W 2556.454 FT & N 4067.063 FT FR E 1/4 COR. SEC. 26, T5S. R1W. SLB&M.; N 1 DEG 3' 25\" W 346.523 FT; N 1 DEG 16' 24\" W 180.5 FT; N 0 DEG 38' 53\" W 180.78 FT; N 0 DEG 8' 9\" E 506.507 FT; N 89 DEG 44' 46\" E 30.001 FT; S 0 DEG 8' 9\" W 482.204 FT; E 160.291 FT; ALONG A CURVE TO R (CHORD BEARS: N 72 DEG 23' 16\" E 42.96 FT, RADIUS = 71 FT); N 89 DEG 59' 59\" E 206 FT; ALONG A CURVE TO L (CHORD BEARS: N 45 DEG 0' 0\" E 16.97 FT, RADIUS = 12 FT); N 190 FT; E 59 FT; ALONG A CURVE TO R (CHORD BEARS: N 45 DEG 0' 0\" E 16.97 FT, RADIUS = 12 FT); E 113.937 FT; S 334 FT; W 125.937 FT; S 29.999 FT; E 99.875 FT; S 116.007 FT; S 0 DEG 0' 14\" W 59 FT; S 89 DEG 59' 46\" E 10.129 FT; S 186.807 FT; S 40 DEG 2' 27\" W 67.174 FT; S 17 DEG 35' 15\" E 92.965 FT; S 110 FT; W 54.148 FT; N 110 FT; W 420.305 FT; S 51 DEG 16' 0\" W 149.056 FT TO BEG. AREA 10.446 AC.","BOOK_PAGE":58035,"LOT":null,"BUILDING":null,"UNIT":null,"TAX_DISTRICT":"039","TAX_DISTRICT_DESCR":"SARATOGA SPRINGS","SCHOOL_DISTRICT":"ALPINE","TAXABLE_CODE":100,"ACCOUNT_TYPE":null,"PROP_TYPE":9999,"PROP_TYPE_DESCR":"DEFAULT","SPECIFIC_PROP_TYPE":9999,"SPC_PROP_TYP_DESCR":"DEFAULT","NEIGHBORHOOD":"9999","NBHD_DISTRICT":null,"LAND_DISTRICT":9999,"ECONOMIC_UNIT":null,"GLA_WEIGHTED_YRBLT":null,"TOTAL_ABOVE_GRADE_AREA":null,"TOTAL_MEZZANINE":null,"TOTAL_BASEMENT":null,"TOTAL_BSMT_FINISH":null,"TOTAL_UNIT_COUNT":null,"TOTAL_IMP_COUNT":null,"ASMT_YEAR":2026,"ASMT_CODE":"UNK","ASMT_CODE_DESCR":"UNK","MKT_LAND_VALUE":0,"MKT_LAND_RES":0,"MKT_LAND_AGR":0,"MKT_LAND_COM":0,"MKT_IMP_VALUE":0,"MKT_IMP_RES":0,"MKT_IMP_AGR":0,"MKT_IMP_COM":0,"MKT_CUR_VALUE":0,"MKT_PRV_VAL":0,"MKT_VAL_YR_CHG":0,"MKT_PCT_CHG":0,"TXBL_CUR_VALUE":0,"TXBL_PRV_VAL":0,"TXBL_VAL_YR_CHG":0,"TXBL_PCT_CHG":0,"TOT_CUR_TAXES":0,"TOT_PRV_TAXES":0,"TAXES_YR_CHG":0,"TAXES_PCT_CHG":0,"GREENBELT":null,"EXEMPT_RES":"UNK","COMMON_AREA":null,"PUBLIC_ROAD":null,"PRIVATE_ROAD":null,"PART_CENTRAL_ASSD":null,"PART_TAXABLE":null,"IMP_NO_RES":null,"COST_GROUP_RES":null,"STYLE_DESCR_RES":null,"QUALITY_RES":null,"QUALITY_DESCR_RES":null,"CONDITION_RES":null,"CONDITION_DESCR_RES":null,"YEARBLT_RES":null,"GLA_RES":null,"BASEMENT_RES":null,"BSMT_FINISH_RES":null,"ATT_GARAGE_SQFT_RES":null,"BATHROOMS_RES":null,"GLA_BEDROOMS_RES":null,"EXTERIOR_RES":null,"ALLOCATION_PCT_RES":null,"IMP_NO_1":null,"USE_CODE_1":null,"USE_CODE_DESCR_1":null,"COST_CLASS_DESCR_1":null,"EXTERIOR_WALL_1":null,"ABOVE_GRADE_AREA_1":null,"MEZZANINE_1":null,"BASEMENT_1":null,"BSMT_FINISH_1":null,"BSMT_UNFINISH_1":null,"QUALITY_DESCR_1":null,"CONDITION_1":null,"CONDITION_DESCR_1":null,"YEAR_BUILT_1":null,"UNIT_COUNT_1":null,"PCT_COMPLETE_1":null,"ALLOCATION_PCT_1":null,"IMP_NO_2":null,"USE_CODE_2":null,"USE_CODE_DESCR_2":null,"COST_CLASS_DESCR_2":null,"EXTERIOR_WALL_2":null,"ABOVE_GRADE_AREA_2":null,"MEZZANINE_2":null,"BASEMENT_2":null,"BSMT_FINISH_2":null,"BSMT_UNFINISH_2":null,"QUALITY_DESCR_2":null,"CONDITION_2":null,"CONDITION_DESCR_2":null,"YEAR_BUILT_2":null,"UNIT_COUNT_2":null,"PCT_COMPLETE_2":null,"ALLOCATION_PCT_2":null,"TRAV_COUNT":null,"LASTUPDATE":null,"CREATED_DATE":1736426582000,"LAST_EDITED_DATE":1736426582000,"GLOBALID":"{A0C9F9E1-5CA8-4A40-BD93-6DCA4B4E345F}","SHAPE_Length":0.013598364291538151,"SHAPE_Area":4.4828861350392084e-06}},{"type":"Feature","id":2,"geometry":{"type":"Polygon","coordinates":[[[-111.64305169999994,40.261201398000026],[-111.64300503199996,40.261201448000065],[-111.64269432399999,40.261473910000063],[-111.64270777299998,40.261998704000064],[-111.64305169999994,40.261201398000026]]]},"properties":{"OBJECTID":2,"PARCEL_NO":200600083,"PARCELID":"200600083","PARCELID_LABEL":"20:060:0083","OWNER_NAME":"PROVO CITY CORPORATION","CARE_NAME":null,"ACREAGE":0.23793799999999998,"SITE_FULL_ADDRESS":null,"SITE_HOUSE_NUM":null,"SITE_PRE_DIR":null,"SITE_STREET_NAME":null,"SITE_STREET_TYPE":null,"SITE_POST_DIR":null,"SITE_STREET_UNIT":null,"SITE_CITY":null,"SITE_STATE":null,"SITE_ZIP5":"84602","OWN_FULL_ADDRESS":"445 W CENTER ST  PROVO, UT 84601-4374","OWN_STREET_ADDRESS":"445 W CENTER ST","OWN_CITY":"PROVO","OWN_STATE":"UT","OWN_ZIP5":"84601","VESTING_DOC":"5927-2025","PARCEL_CREATE_DATE":1738713600000,"MAP_FILING_NO":null,"SUB_NAME":null,"LEGAL_DESCR":"COM S .907 FT & W 1435.961 FT FR SE COR. SEC. 30, T6S, R3E, SLB&M.; N 18 DEG 22' 41\" E 305.97 FT; S 1 DEG 2' 0\" E 191.26 FT; S 41 DEG 14' 0\" W 131.83 FT; W 13.03 FT TO BEG. AREA 0.238 AC.","BOOK_PAGE":20060,"LOT":null,"BUILDING":null,"UNIT":null,"TAX_DISTRICT":"110","TAX_DISTRICT_DESCR":"PROVO CITY","SCHOOL_DISTRICT":"PROVO","TAXABLE_CODE":100,"ACCOUNT_TYPE":null,"PROP_TYPE":9999,"PROP_TYPE_DESCR":"DEFAULT","SPECIFIC_PROP_TYPE":9999,"SPC_PROP_TYP_DESCR":"DEFAULT","NEIGHBORHOOD":"9999","NBHD_DISTRICT":null,"LAND_DISTRICT":9999,"ECONOMIC_UNIT":null,"GLA_WEIGHTED_YRBLT":null,"TOTAL_ABOVE_GRADE_AREA":null,"TOTAL_MEZZANINE":null,"TOTAL_BASEMENT":null,"TOTAL_BSMT_FINISH":null,"TOTAL_UNIT_COUNT":null,"TOTAL_IMP_COUNT":null,"ASMT_YEAR":2026,"ASMT_CODE":"UNK","ASMT_CODE_DESCR":"UNK","MKT_LAND_VALUE":0,"MKT_LAND_RES":0,"MKT_LAND_AGR":0,"MKT_LAND_COM":0,"MKT_IMP_VALUE":0,"MKT_IMP_RES":0,"MKT_IMP_AGR":0,"MKT_IMP_COM":0,"MKT_CUR_VALUE":0,"MKT_PRV_VAL":0,"MKT_VAL_YR_CHG":0,"MKT_PCT_CHG":0,"TXBL_CUR_VALUE":0,"TXBL_PRV_VAL":0,"TXBL_VAL_YR_CHG":0,"TXBL_PCT_CHG":0,"TOT_CUR_TAXES":0,"TOT_PRV_TAXES":0,"TAXES_YR_CHG":0,"TAXES_PCT_CHG":0,"GREENBELT":null,"EXEMPT_RES":"UNK","COMMON_AREA":null,"PUBLIC_ROAD":null,"PRIVATE_ROAD":null,"PART_CENTRAL_ASSD":null,"PART_TAXABLE":null,"IMP_NO_RES":null,"COST_GROUP_RES":null,"STYLE_DESCR_RES":null,"QUALITY_RES":null,"QUALITY_DESCR_RES":null,"CONDITION_RES":null,"CONDITION_DESCR_RES":null,"YEARBLT_RES":null,"GLA_RES":null,"BASEMENT_RES":null,"BSMT_FINISH_RES":null,"ATT_GARAGE_SQFT_RES":null,"BATHROOMS_RES":null,"GLA_BEDROOMS_RES":null,"EXTERIOR_RES":null,"ALLOCATION_PCT_RES":null,"IMP_NO_1":null,"USE_CODE_1":null,"USE_CODE_DESCR_1":null,"COST_CLASS_DESCR_1":null,"EXTERIOR_WALL_1":null,"ABOVE_GRADE_AREA_1":null,"MEZZANINE_1":null,"BASEMENT_1":null,"BSMT_FINISH_1":null,"BSMT_UNFINISH_1":null,"QUALITY_DESCR_1":null,"CONDITION_1":null,"CONDITION_DESCR_1":null,"YEAR_BUILT_1":null,"UNIT_COUNT_1":null,"PCT_COMPLETE_1":null,"ALLOCATION_PCT_1":null,"IMP_NO_2":null,"USE_CODE_2":null,"USE_CODE_DESCR_2":null,"COST_CLASS_DESCR_2":null,"EXTERIOR_WALL_2":null,"ABOVE_GRADE_AREA_2":null,"MEZZANINE_2":null,"BASEMENT_2":null,"BSMT_FINISH_2":null,"BSMT_UNFINISH_2":null,"QUALITY_DESCR_2":null,"CONDITION_2":null,"CONDITION_DESCR_2":null,"YEAR_BUILT_2":null,"UNIT_COUNT_2":null,"PCT_COMPLETE_2":null,"ALLOCATION_PCT_2":null,"TRAV_COUNT":null,"LASTUPDATE":null,"CREATED_DATE":1738747237000,"LAST_EDITED_DATE":1738747237000,"GLOBALID":"{2D2911D1-135D-4699-9241-0AD45D45334C}","SHAPE_Length":0.0018532053882807131,"SHAPE_Area":1.019567578026999e-07}},{"type":"Feature","id":3,"geometry":{"type":"Polygon","coordinates":[[[-112.08113279499997,40.290236317000051],[-112.08130892699995,40.290147574000059],[-112.08159001599995,40.290017030000058],[-112.08168401299997,40.289998986000057],[-112.08197566399997,40.289862992000053],[-112.08201762999994,40.289844555000059],[-112.08210181799996,40.289780248000056],[-112.08214396299996,40.28976205400005],[-112.08283077399994,40.289465552000024],[-112.08300874099996,40.289377560000048],[-112.08369714599996,40.289083240000025],[-112.08373938899996,40.289065179000033],[-112.08383725399995,40.289019240000073],[-112.08387954899996,40.289001251000059],[-112.08393971861906,40.289078243026502],[-112.08400413550085,40.289151718332157],[-112.08407259450659,40.289221442931336],[-112.08414487762528,40.289287194782652],[-112.08422075466778,40.289348764496147],[-112.08429998399998,40.289405956000053],[-112.0843877981776,40.289468224585811],[-112.08447164431713,40.289535741483334],[-112.08455120920775,40.289608254480413],[-112.08462619563146,40.289685492701672],[-112.0846963234733,40.289767167620475],[-112.08476133076776,40.289852974136721],[-112.08482097467736,40.289942591716539],[-112.08487503239974,40.290035685589679],[-112.08492330199999,40.290131908000035],[-112.08496100864163,40.290209927323112],[-112.08500327272395,40.290285574880514],[-112.085049945677,40.290358584750052],[-112.08510086343234,40.290428700281758],[-112.08515584699995,40.290495675000045],[-112.08515629499999,40.290495447000069],[-112.08524220010985,40.29058328435346],[-112.08533298226361,40.290666071363979],[-112.0854283450211,40.290743537698816],[-112.08552797698468,40.290815430399313],[-112.08563155281601,40.290881514706953],[-112.08573873429843,40.290941574829958],[-112.08584917144142,40.290995414647938],[-112.08596250362339,40.291042858352277],[-112.08607836076929,40.291083751020253],[-112.08619636455907,40.291117959120896],[-112.086316129663,40.291145370951035],[-112.08643726499997,40.291165897000042],[-112.08672456699998,40.291213364000043],[-112.08673348039187,40.291214633110144],[-112.08674248272028,40.29121450166091],[-112.08675135525775,40.291212972846139],[-112.08675988243031,40.291210083811073],[-112.08676785705528,40.291205904749923],[-112.08677508537508,40.291200537200346],[-112.08678139176493,40.291194111576431],[-112.08678662299997,40.291186784000047],[-112.08679176099997,40.291175600000031],[-112.08699098399995,40.291229861000033],[-112.08695488804354,40.291314526482147],[-112.08692517015145,40.291401635659746],[-112.08690199398247,40.291490708815765],[-112.08688548716957,40.291581255417356],[-112.08687574061705,40.291672776817293],[-112.08687280799995,40.291764769000054],[-112.08688271399996,40.292924271000061],[-112.08738080299997,40.292921767000053],[-112.08738061499997,40.292899813000076],[-112.08737921383745,40.292900124943401],[-112.0873777797939,40.292900188850894],[-112.08737635643764,40.292900002780939],[-112.0873749870123,40.292899572386617],[-112.08737371312296,40.292898910743929],[-112.08737257347227,40.292898037954529],[-112.08737160268441,40.292896980535026],[-112.08737083025335,40.292895770611338],[-112.08737027964663,40.292894444942711],[-112.08736996759252,40.292893043804852],[-112.08736990357164,40.292891609766365],[-112.08737008952905,40.292890186395397],[-112.0873705198151,40.292888816936021],[-112.08737118135706,40.292887542994386],[-112.08737205405633,40.292886403274672],[-112.08737311139907,40.29288543240321],[-112.08737432126168,40.292884659876485],[-112.08737564688677,40.292884109164959],[-112.08737704799995,40.292883797000059],[-112.0874443061674,40.292864092827081],[-112.08751009700195,40.292839937463036],[-112.08757412628587,40.292811438931111],[-112.08763610767916,40.292778724677213],[-112.08769576399999,40.292741941000031],[-112.08778760064291,40.292687333226645],[-112.08788288774254,40.2926389974579],[-112.08798119757707,40.292597150661912],[-112.08808208885627,40.292561980679324],[-112.08818510870248,40.292533645380061],[-112.08828979468333,40.292512271954763],[-112.0883956768876,40.292497956343801],[-112.08850228003446,40.292490762806665],[-112.08860912560696,40.292490723633478],[-112.08871573399995,40.292497839000077],[-112.08880718054172,40.292508047889839],[-112.08889789083152,40.292523485984134],[-112.0889875660979,40.292544102434682],[-112.08907591097841,40.292569829337324],[-112.08916263449251,40.292600581955632],[-112.08924745099995,40.292636259000062],[-112.08938364899542,40.292693108734355],[-112.08952237376752,40.292743479597625],[-112.08966331731666,40.29278725975545],[-112.08980616671705,40.292824352006221],[-112.08995060481153,40.292854673996956],[-112.09009631091568,40.292878158406154],[-112.09024296152981,40.292894753093243],[-112.09039023105719,40.292904421214359],[-112.090537792527,40.292907141304141],[-112.09068531832023,40.292902907323388],[-112.09083248089708,40.292891728672473],[-112.09097895352416,40.292873630170469],[-112.09112441099995,40.292848652000032],[-112.09114633699994,40.292844410000043],[-112.09109935799995,40.292696293000063],[-112.09107690799999,40.292699753000079],[-112.09114432899997,40.292337061000069],[-112.09105557299995,40.292316533000076],[-112.09140177799998,40.29192979700008],[-112.09129723496117,40.291876625084612],[-112.09119612292687,40.291817187250928],[-112.09109881699999,40.291751704000035],[-112.09124322499997,40.291646363000041],[-112.09125120799996,40.291639792000069],[-112.09122798399994,40.291639756000052],[-112.09123058899996,40.291090883000038],[-112.09194735899996,40.291092019000075],[-112.09194543499996,40.291498377000039],[-112.09205777599999,40.291541044000041],[-112.09387544899994,40.292174960000068],[-112.09391623899995,40.292189733000043],[-112.09428777199997,40.29190208600005],[-112.0943317814681,40.291867359750889],[-112.09437175696193,40.29182805700853],[-112.09440722508097,40.291784643206611],[-112.0944377658022,40.291737632463025],[-112.09446301745419,40.291687581491637],[-112.0944826810001,40.291635083009496],[-112.09449652357894,40.291580758717728],[-112.09450438126316,40.291525251939191],[-112.09450616099997,40.291469220000067],[-112.09457655688138,40.291480238707919],[-112.09464770085494,40.291484179148007],[-112.09471888299998,40.291481002000069],[-112.09490042599998,40.291463837000038],[-112.09489316666571,40.291394572507336],[-112.09487947604502,40.291326287554455],[-112.09485947359525,40.291259577960794],[-112.09483333384748,40.291195025799951],[-112.09480128488369,40.291133194320878],[-112.09476360634667,40.291074623033268],[-112.09472062699996,40.291019823000056],[-112.09450784199998,40.290976350000051],[-112.09446055799998,40.290955635000046],[-112.09427523799997,40.290891006000038],[-112.09423243299995,40.29087403300008],[-112.09409925299997,40.290795869000078],[-112.09407486899994,40.29077204500004],[-112.09398675799997,40.290662694000048],[-112.09396832899995,40.290626192000047],[-112.09368981499995,40.290025464000053],[-112.09330554799999,40.290082230000053],[-112.09327877786519,40.290006765250524],[-112.09325459199999,40.289930433000052],[-112.09323513299995,40.289933307000069],[-112.09316029899998,40.289636245000054],[-112.09316687199998,40.289635241000042],[-112.09351869199998,40.289576840000052],[-112.09355034999999,40.289283698000077],[-112.09355393599998,40.289155236000056],[-112.09356017199997,40.289083960000028],[-112.09359175799995,40.288884698000061],[-112.09363939699995,40.288710083000069],[-112.09368721599998,40.288535498000044],[-112.09373563099996,40.288358737000067],[-112.09377931699998,40.288196107000033],[-112.09378865199994,40.288067731000069],[-112.09378543899999,40.287976596000078],[-112.09377316199999,40.287895301000049],[-112.09375048399994,40.287808795000046],[-112.09372162999995,40.287729997000042],[-112.09367990999999,40.287647782000079],[-112.09363526299995,40.287573429000076],[-112.09359876099995,40.287519017000079],[-112.09338581499998,40.287196769000047],[-112.09303408399995,40.287333077000028],[-112.09276386099998,40.286924144000068],[-112.09311558999997,40.286787837000077],[-112.09208604599996,40.285229774000072],[-112.09204852599999,40.285178679000069],[-112.09199553799999,40.285086077000074],[-112.09197400599999,40.285042376000035],[-112.09192023399999,40.284920661000058],[-112.09190632699995,40.284875238000041],[-112.09187401899999,40.284777266000049],[-112.09186250699997,40.284725762000051],[-112.09174637199999,40.284262071000057],[-112.09159092863543,40.284296249312874],[-112.09143686797222,40.284336200642144],[-112.09128440433581,40.284381869408577],[-112.09113374982985,40.284433192078893],[-112.09098511404119,40.284490097254263],[-112.09083870374828,40.284552505769597],[-112.09069472263354,40.284620330803705],[-112.09055337099994,40.284693478000065],[-112.09035569637706,40.284796276501645],[-112.09015484087708,40.284892712265666],[-112.08995100923812,40.284982686992201],[-112.08974440923198,40.285066108967278],[-112.08953525145239,40.285142893156326],[-112.0893237491002,40.285212961290881],[-112.08911011776625,40.28527624194836],[-112.08889457521147,40.285332670624854],[-112.08867734114493,40.285382189800892],[-112.08845863699997,40.285424749000072],[-112.08838421899998,40.285438353000075],[-112.08820867592831,40.285467105049968],[-112.08803223928093,40.285489735998617],[-112.08785512243171,40.285506218477259],[-112.08767753957717,40.285516532552776],[-112.08749970547738,40.285520665751832],[-112.08732183519628,40.285518613075944],[-112.08714414384153,40.285510377007498],[-112.08696684630439,40.285495967506812],[-112.08679015699994,40.285475402000031],[-112.08662899687684,40.285451415097832],[-112.08646694987641,40.285434423146711],[-112.08630431946121,40.285424457967203],[-112.08614141018636,40.285421538220909],[-112.08597852712919,40.285425669375606],[-112.08581597531794,40.285436843694939],[-112.08565405916053,40.285455040252955],[-112.08549308187452,40.285480224973291],[-112.08533334491922,40.285512350692962],[-112.08517514743123,40.285551357250696],[-112.0850187856642,40.285597171599591],[-112.08486455243407,40.285649707943925],[-112.08471273657069,40.285708867899814],[-112.08456362237698,40.285774540679448],[-112.08441748909645,40.285846603298559],[-112.08427461039032,40.28592492080675],[-112.08413525382505,40.286009346540204],[-112.08399968037124,40.28609972239633],[-112.08386814391488,40.286195879129849],[-112.083740890782,40.286297636669744],[-112.08361815927731,40.286404804456446],[-112.08350017923793,40.286517181798736],[-112.08338717160301,40.286634558249538],[-112.08327934799996,40.286756714000035],[-112.08262753999998,40.287648282000077],[-112.08252418922791,40.287779777258486],[-112.08241601086094,40.287907330486533],[-112.08230315512643,40.288030764550946],[-112.08218577874726,40.288149908038726],[-112.08206404472409,40.288264595495207],[-112.08193812210909,40.288374667653819],[-112.08180818577111,40.288479971657246],[-112.08167441615282,40.288580361269737],[-112.08153699902026,40.288675697080137],[-112.08139612520469,40.288765846695533],[-112.08125199033771,40.288850684925059],[-112.08110479457955,40.288930093953809],[-112.08095474234106,40.289003963506374],[-112.08080204199996,40.289072191000059],[-112.08027181099999,40.289307977000078],[-112.08029610699998,40.28934001600004],[-112.08036591199999,40.289410521000036],[-112.08039020699999,40.289442560000055],[-112.08040065229731,40.289438883574952],[-112.08041157372273,40.289437055241095],[-112.08042264688183,40.289437129304687],[-112.08043354287332,40.289439103565847],[-112.08044393805827,40.289442919383958],[-112.08045352367294,40.289448463419397],[-112.08046201499997,40.289455571000076],[-112.08113279499997,40.290236317000051]]]},"properties":{"OBJECTID":3,"PARCEL_NO":590520027,"PARCELID":"590520027","PARCELID_LABEL":"59:052:0027","OWNER_NAME":"DAICLH LLC","CARE_NAME":null,"ACREAGE":159.345992,"SITE_FULL_ADDRESS":null,"SITE_HOUSE_NUM":null,"SITE_PRE_DIR":null,"SITE_STREET_NAME":null,"SITE_STREET_TYPE":null,"SITE_POST_DIR":null,"SITE_STREET_UNIT":null,"SITE_CITY":null,"SITE_STATE":null,"SITE_ZIP5":"84013","OWN_FULL_ADDRESS":"14034 S 145 E STE 204  DRAPER, UT 84020","OWN_STREET_ADDRESS":"14034 S 145 E STE 204","OWN_CITY":"DRAPER","OWN_STATE":"UT","OWN_ZIP5":"84020","VESTING_DOC":"83569-2023","PARCEL_CREATE_DATE":1742860800000,"MAP_FILING_NO":null,"SUB_NAME":null,"LEGAL_DESCR":"COM S 226.219 FT & E 290.276 FT FR NE COR. SEC. 20, T6S, R2W, SLB&M.; S 32 DEG 58' 10\" E 340.54 FT; ALONG A CURVE TO L (CHORD BEARS: S 76 DEG 18' 59\" E 20.59 FT, RADIUS = 15 FT); S 29 DEG 46' 17\" E 13.5 FT; S 36 DEG 47' 50\" E 32.24 FT; S 29 DEG 46' 17\" E 13.5 FT; S 60 DEG 13' 42\" W 171.09 FT; ALONG A CURVE TO L (CHORD BEARS: S 44 DEG 50' 44\" W 727.1 FT, RADIUS = 1370.5 FT); S 29 DEG 36' 59\" W 372.32 FT; ALONG A CURVE TO R (CHORD BEARS: S 64 DEG 53' 38\" W 1085.25 FT, RADIUS = 936 FT); ALONG A CURVE TO L (CHORD BEARS: S 88 DEG 38' 17\" W 445.03 FT, RADIUS = 1098.5 FT); S 76 DEG 57' 4\" W 21.35 FT; ALONG A CURVE TO L (CHORD BEARS: S 65 DEG 52' 19\" W 642.41 FT, RADIUS = 1671.5 FT); ALONG A CURVE TO R (CHORD BEARS: S 65 DEG 6' 10\" W 368.16 FT, RADIUS = 1028.5 FT); N 10 DEG 28' 44\" W 172.04 FT; N 9 DEG 20' 5\" W 19.04 FT; N 13 DEG 47' 40\" W 36.82 FT; N 12 DEG 49' 0\" W 17 FT; N 18 DEG 18' 47\" W 46.82 FT; N 20 DEG 17' 42\" W 17.02 FT; N 23 DEG 17' 3\" W 36.84 FT; N 28 DEG 58' 21\" W 21.36 FT; N 26 DEG 27' 42\" W 636.28 FT; N 63 DEG 32' 18\" E 110 FT; N 26 DEG 27' 42\" W 167 FT; S 63 DEG 32' 18\" W 110 FT; N 26 DEG 27' 42\" W 131.6 FT; N 26 DEG 48' 37\" W 22.29 FT; N 24 DEG 18' 54\" W 29.82 FT; N 20 DEG 51' 20\" W 32.14 FT; N 15 DEG 17' 5\" W 29.82 FT; N 10 DEG 58' 16\" W 32.15 FT; N 6 DEG 13' 0\" W 29.82 FT; N 1 DEG 9' 58\" W 33.22 FT; N 3 DEG 34' 4\" E 46.85 FT; N 12 DEG 0' 16\" E 60.5 FT; N 12 DEG 13' 35\" E 65.81 FT; N 12 DEG 13' 35\" E 65 FT; N 12 DEG 10' 51\" E 65 FT; N 7 DEG 18' 5\" E 73.14 FT; N 4 DEG 12' 46\" E 26.03 FT; N 1 DEG 36' 19\" E 46.82 FT; N 5 DEG 6' 28\" E 107.18 FT; N 78 DEG 8' 58\" E 100.45 FT; N 79 DEG 6' 33\" E 1.87 FT; N 10 DEG 32' 19\" W 110.24 FT; S 79 DEG 27' 40\" W 5.53 FT; ALONG A CURVE TO L (CHORD BEARS: N 14 DEG 2' 10\" W 57.11 FT, RADIUS = 1049.51 FT); S 79 DEG 27' 41\" W 109.2 FT; N 19 DEG 9' 58\" W 232.28 FT; N 20 DEG 45' 23\" W 14.26 FT; N 31 DEG 17' 41\" W 46.82 FT; N 37 DEG 42' 32\" W 11.03 FT; N 52 DEG 9' 7\" W 46.82 FT; N 62 DEG 14' 34\" W 13.45 FT; N 65 DEG 8' 2\" W 56.82 FT; N 59 DEG 50' 40\" W 15.2 FT; N 74 DEG 40' 50\" W 61.45 FT; ALONG A CURVE TO R (CHORD BEARS: N 16 DEG 50' 49\" W 169.39 FT, RADIUS = 321.5 FT); N 83 DEG 20' 31\" E 51.04 FT; ALONG A CURVE TO R (CHORD BEARS: S 85 DEG 28' 56\" E 59.51 FT, RADIUS = 153.5 FT); ALONG A CURVE TO R (CHORD BEARS: N 21 DEG 30' 15\" E 169.09 FT, RADIUS = 211.5 FT); N 45 DEG 3' 56\" E 147.42 FT; ALONG A CURVE TO L (CHORD BEARS: S 64 DEG 18' 22\" E 12.59 FT, RADIUS = 435.5 FT); S 65 DEG 8' 2\" E 557.3 FT; ALONG A CURVE TO R (CHORD BEARS: S 63 DEG 14' 24\" E 34.99 FT, RADIUS = 529.5 FT); S 0 DEG 35' 13\" W 148.07 FT; S 89 DEG 30' 9\" E 200 FT; N 0 DEG 35' 13\" E 200 FT; N 89 DEG 30' 9\" W 6.48 FT; N 43 DEG 18' 36\" E 3.27 FT; N 46 DEG 46' 8\" E 55.65 FT; ALONG A CURVE TO L (CHORD BEARS: N 52 DEG 6' 32\" W 106.57 FT, RADIUS = 528.5 FT); N 34 DEG 48' 33\" E 170.85 FT; N 72 DEG 48' 53\" W 25.87 FT; N 8 DEG 28' 48\" E 133.49 FT; S 78 DEG 59' 56\" W 6.39 FT; N 13 DEG 16' 20\" W 55.54 FT; N 76 DEG 11' 45\" E 6.31 FT; ALONG A CURVE TO R (CHORD BEARS: S 81 DEG 12' 57\" E 529.4 FT, RADIUS = 688.96 FT); ALONG A CURVE TO L (CHORD BEARS: S 70 DEG 50' 47\" E 156.7 FT, RADIUS = 367.41 FT); ALONG A CURVE TO L (CHORD BEARS: N 73 DEG 1' 15\" E 298.17 FT, RADIUS = 366.5 FT); ALONG A CURVE TO R (CHORD BEARS: N 60 DEG 12' 33\" E 102.86 FT, RADIUS = 265 FT); ALONG A CURVE TO L (CHORD BEARS: N 9 DEG 18' 9\" W 5.92 FT, RADIUS = 3 FT); N 8 FT; E 138.98 FT; S 0 DEG 0' 4\" W 422.51 FT; ALONG A CURVE TO R (CHORD BEARS: S 9 DEG 58' 41\" W 197.68 FT, RADIUS = 570.5 FT); S 70 DEG 2' 42\" E 59 FT; N 19 DEG 45' 24\" E 4.32 FT; ALONG A CURVE TO R (CHORD BEARS: N 61 DEG 9' 20\" E 19.84 FT, RADIUS = 15 FT); S 77 DEG 26' 56\" E 82.01 FT; ALONG A CURVE TO R (CHORD BEARS: S 55 DEG 16' 21\" E 432.94 FT, RADIUS = 573.5 FT); N 56 DEG 54' 13\" E .15 FT; ALONG A CURVE TO R (CHORD BEARS: S 25 DEG 42' 31\" E 147.58 FT, RADIUS = 573.5 FT); ALONG A CURVE TO L (CHORD BEARS: S 32 DEG 57' 3\" E 316.58 FT, RADIU...\rLegal is too large for displaying.  Contact the Recorder's Office.","BOOK_PAGE":59052,"LOT":null,"BUILDING":null,"UNIT":null,"TAX_DISTRICT":"506","TAX_DISTRICT_DESCR":"EAGLE MTN W/POLE CYN & FF PID 1","SCHOOL_DISTRICT":"NEBO","TAXABLE_CODE":100,"ACCOUNT_TYPE":null,"PROP_TYPE":9999,"PROP_TYPE_DESCR":"DEFAULT","SPECIFIC_PROP_TYPE":9999,"SPC_PROP_TYP_DESCR":"DEFAULT","NEIGHBORHOOD":"9999","NBHD_DISTRICT":null,"LAND_DISTRICT":9999,"ECONOMIC_UNIT":null,"GLA_WEIGHTED_YRBLT":null,"TOTAL_ABOVE_GRADE_AREA":null,"TOTAL_MEZZANINE":null,"TOTAL_BASEMENT":null,"TOTAL_BSMT_FINISH":null,"TOTAL_UNIT_COUNT":null,"TOTAL_IMP_COUNT":null,"ASMT_YEAR":2026,"ASMT_CODE":"UNK","ASMT_CODE_DESCR":"UNK","MKT_LAND_VALUE":0,"MKT_LAND_RES":0,"MKT_LAND_AGR":0,"MKT_LAND_COM":0,"MKT_IMP_VALUE":0,"MKT_IMP_RES":0,"MKT_IMP_AGR":0,"MKT_IMP_COM":0,"MKT_CUR_VALUE":0,"MKT_PRV_VAL":0,"MKT_VAL_YR_CHG":0,"MKT_PCT_CHG":0,"TXBL_CUR_VALUE":0,"TXBL_PRV_VAL":0,"TXBL_VAL_YR_CHG":0,"TXBL_PCT_CHG":0,"TOT_CUR_TAXES":0,"TOT_PRV_TAXES":0,"TAXES_YR_CHG":0,"TAXES_PCT_CHG":0,"GREENBELT":null,"EXEMPT_RES":"UNK","COMMON_AREA":null,"PUBLIC_ROAD":null,"PRIVATE_ROAD":null,"PART_CENTRAL_ASSD":null,"PART_TAXABLE":null,"IMP_NO_RES":null,"COST_GROUP_RES":null,"STYLE_DESCR_RES":null,"QUALITY_RES":null,"QUALITY_DESCR_RES":null,"CONDITION_RES":null,"CONDITION_DESCR_RES":null,"YEARBLT_RES":null,"GLA_RES":null,"BASEMENT_RES":null,"BSMT_FINISH_RES":null,"ATT_GARAGE_SQFT_RES":null,"BATHROOMS_RES":null,"GLA_BEDROOMS_RES":null,"EXTERIOR_RES":null,"ALLOCATION_PCT_RES":null,"IMP_NO_1":null,"USE_CODE_1":null,"USE_CODE_DESCR_1":null,"COST_CLASS_DESCR_1":null,"EXTERIOR_WALL_1":null,"ABOVE_GRADE_AREA_1":null,"MEZZANINE_1":null,"BASEMENT_1":null,"BSMT_FINISH_1":null,"BSMT_UNFINISH_1":null,"QUALITY_DESCR_1":null,"CONDITION_1":null,"CONDITION_DESCR_1":null,"YEAR_BUILT_1":null,"UNIT_COUNT_1":null,"PCT_COMPLETE_1":null,"ALLOCATION_PCT_1":null,"IMP_NO_2":null,"USE_CODE_2":null,"USE_CODE_DESCR_2":null,"COST_CLASS_DESCR_2":null,"EXTERIOR_WALL_2":null,"ABOVE_GRADE_AREA_2":null,"MEZZANINE_2":null,"BASEMENT_2":null,"BSMT_FINISH_2":null,"BSMT_UNFINISH_2":null,"QUALITY_DESCR_2":null,"CONDITION_2":null,"CONDITION_DESCR_2":null,"YEAR_BUILT_2":null,"UNIT_COUNT_2":null,"PCT_COMPLETE_2":null,"ALLOCATION_PCT_2":null,"TRAV_COUNT":null,"LASTUPDATE":null,"CREATED_DATE":1742901540000,"LAST_EDITED_DATE":1742901540000,"GLOBALID":"{A408AFFE-14C3-4D42-ACF8-C4B8A4569213}","SHAPE_Length":0.04442046870629978,"SHAPE_Area":6.8300411930224367e-05}},{"type":"Feature","id":4,"geometry":{"type":"Polygon","coordinates":[[[-111.77807630199999,40.411857527000052],[-111.77806724999999,40.411946366000052],[-111.77804686799999,40.412043090000054],[-111.77802074599998,40.412187962000075],[-111.77801806299999,40.412308720000055],[-111.77802160599998,40.413181476000034],[-111.77801933466272,40.413261731375485],[-111.77801219029115,40.413341700383327],[-111.77800019929501,40.413421087411699],[-111.77798340599998,40.413499599000033],[-111.77798677599998,40.414328583000042],[-111.77798707699998,40.414482262000035],[-111.77786123599998,40.414482405000058],[-111.77786423499998,40.414967531000059],[-111.77786498499995,40.415121731000056],[-111.77786565299999,40.415464846000077],[-111.78020421099995,40.415462164000076],[-111.78041638499997,40.415134082000066],[-111.78089607299995,40.414208491000068],[-111.78097940099997,40.413969634000068],[-111.78097894399997,40.413614800000062],[-111.78102532099996,40.413422092000076],[-111.78126644399998,40.412592867000058],[-111.78084112599998,40.412520562000054],[-111.78083196699998,40.412552038000058],[-111.78063570899997,40.412518674000069],[-111.77960578499994,40.412521136000066],[-111.77960604099997,40.412583924000046],[-111.77901006599996,40.412585344000036],[-111.77900894599998,40.412310562000073],[-111.77894884999995,40.412311055000032],[-111.77883177299998,40.412311334000037],[-111.77882991499996,40.411855732000049],[-111.77807630199999,40.411857527000052]]]},"properties":{"OBJECTID":4,"PARCEL_NO":120040078,"PARCELID":"120040078","PARCELID_LABEL":"12:004:0078","OWNER_NAME":"IVORY LAND CORPORATION","CARE_NAME":"%PRESIDENT","ACREAGE":21.058997999999999,"SITE_FULL_ADDRESS":"HIGHLAND, UT","SITE_HOUSE_NUM":" ","SITE_PRE_DIR":null,"SITE_STREET_NAME":null,"SITE_STREET_TYPE":null,"SITE_POST_DIR":null,"SITE_STREET_UNIT":null,"SITE_CITY":"HIGHLAND","SITE_STATE":"UT","SITE_ZIP5":"84003","OWN_FULL_ADDRESS":"%PRESIDENT  978 E WOODOAK LN  SALT LAKE CITY, UT 84117","OWN_STREET_ADDRESS":"978 E WOODOAK LN","OWN_CITY":"SALT LAKE CITY","OWN_STATE":"UT","OWN_ZIP5":"84117","VESTING_DOC":"118663-2022","PARCEL_CREATE_DATE":1703980800000,"MAP_FILING_NO":null,"SUB_NAME":null,"LEGAL_DESCR":"COM N 2013.49 FT & W 1311.91 FT FR SE COR. SEC. 1, T5S, R1E, SLB&M.; W 209.91 FT; N 166.02 FT; W 32.61 FT; ALONG A CURVE TO L (CHORD BEARS: S 89 DEG 33' 51\" W 16.74 FT, RADIUS = 1100 FT); N 0 DEG 0' 1\" E 100.13 FT; N 89 DEG 59' 59\" W 166 FT; S 0 DEG 0' 1\" W 22.88 FT; N 89 DEG 59' 59\" W 286.87 FT; N 77 DEG 16' 52\" W 56 FT; S 12 DEG 43' 8\" W 11.75 FT; N 77 DEG 16' 52\" W 121.36 FT; N 12 DEG 42' 40\" E 309.54 FT; N 10 DEG 36' 11\" E 71.4 FT; N 0 DEG 7' 25\" E 129.3 FT; N 15 DEG 6' 38\" E 90.08 FT; N 21 DEG 47' 22\" E 362.78 FT; N 26 DEG 28' 59\" E 133.36 FT; S 89 DEG 54' 26\" E 651.34 FT; S 0 DEG 5' 34\" W 125.03 FT; S 0 DEG 2' 6\" E 56.19 FT; S 0 DEG 5' 34\" E 176.78 FT; N 89 DEG 54' 26\" W 35.05 FT; S 0 DEG 5' 33\" W 56 FT; S 302.08 FT; ALONG A CURVE TO L (CHORD BEARS: S 5 DEG 25' 20\" W 116.41 FT, RADIUS = 616 FT); S 0 DEG 0' 1\" W 318.03 FT; S 1 DEG 9' 4\" W 44.01 FT; S 8 DEG 1' 32\" W 53.29 FT; S 9 DEG 19' 43\" W 35.7 FT; S 4 DEG 37' 54\" W 32.47 FT TO BEG. AREA 21.059 AC.","BOOK_PAGE":12004,"LOT":null,"BUILDING":null,"UNIT":null,"TAX_DISTRICT":"045","TAX_DISTRICT_DESCR":"HIGHLAND CITY","SCHOOL_DISTRICT":"ALPINE","TAXABLE_CODE":100,"ACCOUNT_TYPE":"RESIDENTIAL","PROP_TYPE":900,"PROP_TYPE_DESCR":"VACANT","SPECIFIC_PROP_TYPE":901,"SPC_PROP_TYP_DESCR":"Vac Res","NEIGHBORHOOD":"105","NBHD_DISTRICT":"183","LAND_DISTRICT":1840,"ECONOMIC_UNIT":null,"GLA_WEIGHTED_YRBLT":null,"TOTAL_ABOVE_GRADE_AREA":null,"TOTAL_MEZZANINE":null,"TOTAL_BASEMENT":null,"TOTAL_BSMT_FINISH":null,"TOTAL_UNIT_COUNT":null,"TOTAL_IMP_COUNT":null,"ASMT_YEAR":2026,"ASMT_CODE":"V","ASMT_CODE_DESCR":"VACANT","MKT_LAND_VALUE":10887000,"MKT_LAND_RES":0,"MKT_LAND_AGR":10887000,"MKT_LAND_COM":0,"MKT_IMP_VALUE":0,"MKT_IMP_RES":0,"MKT_IMP_AGR":0,"MKT_IMP_COM":0,"MKT_CUR_VALUE":10887000,"MKT_PRV_VAL":10887000,"MKT_VAL_YR_CHG":0,"MKT_PCT_CHG":0,"TXBL_CUR_VALUE":10887000,"TXBL_PRV_VAL":10887000,"TXBL_VAL_YR_CHG":0,"TXBL_PCT_CHG":0,"TOT_CUR_TAXES":0,"TOT_PRV_TAXES":0,"TAXES_YR_CHG":0,"TAXES_PCT_CHG":0,"GREENBELT":null,"EXEMPT_RES":"N","COMMON_AREA":null,"PUBLIC_ROAD":null,"PRIVATE_ROAD":null,"PART_CENTRAL_ASSD":null,"PART_TAXABLE":null,"IMP_NO_RES":null,"COST_GROUP_RES":null,"STYLE_DESCR_RES":null,"QUALITY_RES":null,"QUALITY_DESCR_RES":null,"CONDITION_RES":null,"CONDITION_DESCR_RES":null,"YEARBLT_RES":null,"GLA_RES":null,"BASEMENT_RES":null,"BSMT_FINISH_RES":null,"ATT_GARAGE_SQFT_RES":null,"BATHROOMS_RES":null,"GLA_BEDROOMS_RES":null,"EXTERIOR_RES":null,"ALLOCATION_PCT_RES":null,"IMP_NO_1":null,"USE_CODE_1":null,"USE_CODE_DESCR_1":null,"COST_CLASS_DESCR_1":null,"EXTERIOR_WALL_1":null,"ABOVE_GRADE_AREA_1":null,"MEZZANINE_1":null,"BASEMENT_1":null,"BSMT_FINISH_1":null,"BSMT_UNFINISH_1":null,"QUALITY_DESCR_1":null,"CONDITION_1":null,"CONDITION_DESCR_1":null,"YEAR_BUILT_1":null,"UNIT_COUNT_1":null,"PCT_COMPLETE_1":null,"ALLOCATION_PCT_1":null,"IMP_NO_2":null,"USE_CODE_2":null,"USE_CODE_DESCR_2":null,"COST_CLASS_DESCR_2":null,"EXTERIOR_WALL_2":null,"ABOVE_GRADE_AREA_2":null,"MEZZANINE_2":null,"BASEMENT_2":null,"BSMT_FINISH_2":null,"BSMT_UNFINISH_2":null,"QUALITY_DESCR_2":null,"CONDITION_2":null,"CONDITION_DESCR_2":null,"YEAR_BUILT_2":null,"UNIT_COUNT_2":null,"PCT_COMPLETE_2":null,"ALLOCATION_PCT_2":null,"TRAV_COUNT":1,"LASTUPDATE":null,"CREATED_DATE":1712330344000,"LAST_EDITED_DATE":1712330533000,"GLOBALID":"{F318471F-5B79-4046-A25E-BB227209DF82}","SHAPE_Length":0.013195585216731151,"SHAPE_Area":9.043249100447722e-06}},{"type":"Feature","id":5,"geometry":{"type":"Polygon","coordinates":[[[-111.85490551999999,40.412282049000055],[-111.85490550899999,40.412282024000035],[-111.85490553899996,40.412292425000032],[-111.85674682599995,40.412282923000078],[-111.85674676399998,40.412261710000053],[-111.85490551999999,40.412282049000055]]]},"properties":{"OBJECTID":5,"PARCEL_NO":120240089,"PARCELID":"120240089","PARCELID_LABEL":"12:024:0089","OWNER_NAME":"LIDDLE, NATHAN S & LISA D","CARE_NAME":null,"ACREAGE":0.067766999999999994,"SITE_FULL_ADDRESS":"LEHI, UT","SITE_HOUSE_NUM":" ","SITE_PRE_DIR":null,"SITE_STREET_NAME":null,"SITE_STREET_TYPE":null,"SITE_POST_DIR":null,"SITE_STREET_UNIT":null,"SITE_CITY":"LEHI","SITE_STATE":"UT","SITE_ZIP5":"84043","OWN_FULL_ADDRESS":"444 W 2070 N  LEHI, UT 84043","OWN_STREET_ADDRESS":"444 W 2070 N","OWN_CITY":"LEHI","OWN_STATE":"UT","OWN_ZIP5":"84043","VESTING_DOC":"58241-2017 (MORE)","PARCEL_CREATE_DATE":1514678400000,"MAP_FILING_NO":null,"SUB_NAME":null,"LEGAL_DESCR":"COM S 423.51 FT & W 1469.03 FT FR E 1/4 COR. SEC. 5, T5S, R1E, SLB&M.; S 89 DEG 24' 0\" W 512.9 FT; N 0 DEG 5' 59\" E 7.73 FT; N 89 DEG 50' 28\" E 512.87 FT; S 0 DEG 5' 58\" W 3.79 FT TO BEG. AREA 0.068 AC.","BOOK_PAGE":12024,"LOT":null,"BUILDING":null,"UNIT":null,"TAX_DISTRICT":"010","TAX_DISTRICT_DESCR":"LEHI CITY","SCHOOL_DISTRICT":"ALPINE","TAXABLE_CODE":100,"ACCOUNT_TYPE":"RESIDENTIAL","PROP_TYPE":900,"PROP_TYPE_DESCR":"VACANT","SPECIFIC_PROP_TYPE":901,"SPC_PROP_TYP_DESCR":"Vac Res","NEIGHBORHOOD":"101","NBHD_DISTRICT":"115","LAND_DISTRICT":1046,"ECONOMIC_UNIT":null,"GLA_WEIGHTED_YRBLT":null,"TOTAL_ABOVE_GRADE_AREA":null,"TOTAL_MEZZANINE":null,"TOTAL_BASEMENT":null,"TOTAL_BSMT_FINISH":null,"TOTAL_UNIT_COUNT":null,"TOTAL_IMP_COUNT":null,"ASMT_YEAR":2026,"ASMT_CODE":"V","ASMT_CODE_DESCR":"VACANT","MKT_LAND_VALUE":8200,"MKT_LAND_RES":8200,"MKT_LAND_AGR":0,"MKT_LAND_COM":0,"MKT_IMP_VALUE":0,"MKT_IMP_RES":0,"MKT_IMP_AGR":0,"MKT_IMP_COM":0,"MKT_CUR_VALUE":8200,"MKT_PRV_VAL":8200,"MKT_VAL_YR_CHG":0,"MKT_PCT_CHG":0,"TXBL_CUR_VALUE":8200,"TXBL_PRV_VAL":8200,"TXBL_VAL_YR_CHG":0,"TXBL_PCT_CHG":0,"TOT_CUR_TAXES":0,"TOT_PRV_TAXES":0,"TAXES_YR_CHG":0,"TAXES_PCT_CHG":0,"GREENBELT":null,"EXEMPT_RES":"N","COMMON_AREA":null,"PUBLIC_ROAD":null,"PRIVATE_ROAD":null,"PART_CENTRAL_ASSD":null,"PART_TAXABLE":null,"IMP_NO_RES":null,"COST_GROUP_RES":null,"STYLE_DESCR_RES":null,"QUALITY_RES":null,"QUALITY_DESCR_RES":null,"CONDITION_RES":null,"CONDITION_DESCR_RES":null,"YEARBLT_RES":null,"GLA_RES":null,"BASEMENT_RES":null,"BSMT_FINISH_RES":null,"ATT_GARAGE_SQFT_RES":null,"BATHROOMS_RES":null,"GLA_BEDROOMS_RES":null,"EXTERIOR_RES":null,"ALLOCATION_PCT_RES":null,"IMP_NO_1":null,"USE_CODE_1":null,"USE_CODE_DESCR_1":null,"COST_CLASS_DESCR_1":null,"EXTERIOR_WALL_1":null,"ABOVE_GRADE_AREA_1":null,"MEZZANINE_1":null,"BASEMENT_1":null,"BSMT_FINISH_1":null,"BSMT_UNFINISH_1":null,"QUALITY_DESCR_1":null,"CONDITION_1":null,"CONDITION_DESCR_1":null,"YEAR_BUILT_1":null,"UNIT_COUNT_1":null,"PCT_COMPLETE_1":null,"ALLOCATION_PCT_1":null,"IMP_NO_2":null,"USE_CODE_2":null,"USE_CODE_DESCR_2":null,"COST_CLASS_DESCR_2":null,"EXTERIOR_WALL_2":null,"ABOVE_GRADE_AREA_2":null,"MEZZANINE_2":null,"BASEMENT_2":null,"BSMT_FINISH_2":null,"BSMT_UNFINISH_2":null,"QUALITY_DESCR_2":null,"CONDITION_2":null,"CONDITION_DESCR_2":null,"YEAR_BUILT_2":null,"UNIT_COUNT_2":null,"PCT_COMPLETE_2":null,"ALLOCATION_PCT_2":null,"TRAV_COUNT":1,"LASTUPDATE":null,"CREATED_DATE":1712330344000,"LAST_EDITED_DATE":1712330533000,"GLOBALID":"{2AE98E0B-ED90-41DE-B394-061850202010}","SHAPE_Length":0.0037143092966498408,"SHAPE_Area":2.9082529052131376e-08}},{"type":"Feature","id":6,"geometry":{"type":"Polygon","coordinates":[[[-111.80138306899994,40.394577278000042],[-111.80142653299998,40.394341520000069],[-111.80155855899994,40.394349900000066],[-111.80126910599995,40.394185041000071],[-111.80106705899999,40.394446751000032],[-111.80138306899994,40.394577278000042]]]},"properties":{"OBJECTID":6,"PARCEL_NO":120600104,"PARCELID":"120600104","PARCELID_LABEL":"12:060:0104","OWNER_NAME":"BROWN, JUSTIN P & ERIN P","CARE_NAME":null,"ACREAGE":0.200818,"SITE_FULL_ADDRESS":"AMERICAN FORK, UT","SITE_HOUSE_NUM":" ","SITE_PRE_DIR":null,"SITE_STREET_NAME":null,"SITE_STREET_TYPE":null,"SITE_POST_DIR":null,"SITE_STREET_UNIT":null,"SITE_CITY":"AMERICAN FORK","SITE_STATE":"UT","SITE_ZIP5":"84003","OWN_FULL_ADDRESS":"884 N 140 W  AMERICAN FORK, UT 84003-2700","OWN_STREET_ADDRESS":"884 N 140 W","OWN_CITY":"AMERICAN FORK","OWN_STATE":"UT","OWN_ZIP5":"84003","VESTING_DOC":"101609-2009","PARCEL_CREATE_DATE":1258070400000,"MAP_FILING_NO":null,"SUB_NAME":null,"LEGAL_DESCR":"COM AT NE COR. LOT 4, PLAT A, OLD FARM ESTATES SUBD.; S 61 DEG 25' 44\" E 100.07 FT; S 30 DEG 44' 43\" W 110.74 FT; N 53 DEG 7' 25\" W 100.56 FT; S 85 DEG 3' 39\" E 36.91 FT; N 8 DEG 13' 3\" E 86.76 FT TO BEG. AREA 0.201 AC.","BOOK_PAGE":12060,"LOT":null,"BUILDING":null,"UNIT":null,"TAX_DISTRICT":"060","TAX_DISTRICT_DESCR":"AMERICAN FORK CITY","SCHOOL_DISTRICT":"ALPINE","TAXABLE_CODE":100,"ACCOUNT_TYPE":"RESIDENTIAL","PROP_TYPE":900,"PROP_TYPE_DESCR":"VACANT","SPECIFIC_PROP_TYPE":901,"SPC_PROP_TYP_DESCR":"Vac Res","NEIGHBORHOOD":"102","NBHD_DISTRICT":"201","LAND_DISTRICT":2016,"ECONOMIC_UNIT":null,"GLA_WEIGHTED_YRBLT":null,"TOTAL_ABOVE_GRADE_AREA":null,"TOTAL_MEZZANINE":null,"TOTAL_BASEMENT":null,"TOTAL_BSMT_FINISH":null,"TOTAL_UNIT_COUNT":null,"TOTAL_IMP_COUNT":null,"ASMT_YEAR":2026,"ASMT_CODE":"V","ASMT_CODE_DESCR":"VACANT","MKT_LAND_VALUE":33400,"MKT_LAND_RES":33400,"MKT_LAND_AGR":0,"MKT_LAND_COM":0,"MKT_IMP_VALUE":0,"MKT_IMP_RES":0,"MKT_IMP_AGR":0,"MKT_IMP_COM":0,"MKT_CUR_VALUE":33400,"MKT_PRV_VAL":33400,"MKT_VAL_YR_CHG":0,"MKT_PCT_CHG":0,"TXBL_CUR_VALUE":33400,"TXBL_PRV_VAL":33400,"TXBL_VAL_YR_CHG":0,"TXBL_PCT_CHG":0,"TOT_CUR_TAXES":0,"TOT_PRV_TAXES":0,"TAXES_YR_CHG":0,"TAXES_PCT_CHG":0,"GREENBELT":null,"EXEMPT_RES":"N","COMMON_AREA":null,"PUBLIC_ROAD":null,"PRIVATE_ROAD":null,"PART_CENTRAL_ASSD":null,"PART_TAXABLE":null,"IMP_NO_RES":null,"COST_GROUP_RES":null,"STYLE_DESCR_RES":null,"QUALITY_RES":null,"QUALITY_DESCR_RES":null,"CONDITION_RES":null,"CONDITION_DESCR_RES":null,"YEARBLT_RES":null,"GLA_RES":null,"BASEMENT_RES":null,"BSMT_FINISH_RES":null,"ATT_GARAGE_SQFT_RES":null,"BATHROOMS_RES":null,"GLA_BEDROOMS_RES":null,"EXTERIOR_RES":null,"ALLOCATION_PCT_RES":null,"IMP_NO_1":null,"USE_CODE_1":null,"USE_CODE_DESCR_1":null,"COST_CLASS_DESCR_1":null,"EXTERIOR_WALL_1":null,"ABOVE_GRADE_AREA_1":null,"MEZZANINE_1":null,"BASEMENT_1":null,"BSMT_FINISH_1":null,"BSMT_UNFINISH_1":null,"QUALITY_DESCR_1":null,"CONDITION_1":null,"CONDITION_DESCR_1":null,"YEAR_BUILT_1":null,"UNIT_COUNT_1":null,"PCT_COMPLETE_1":null,"ALLOCATION_PCT_1":null,"IMP_NO_2":null,"USE_CODE_2":null,"USE_CODE_DESCR_2":null,"COST_CLASS_DESCR_2":null,"EXTERIOR_WALL_2":null,"ABOVE_GRADE_AREA_2":null,"MEZZANINE_2":null,"BASEMENT_2":null,"BSMT_FINISH_2":null,"BSMT_UNFINISH_2":null,"QUALITY_DESCR_2":null,"CONDITION_2":null,"CONDITION_DESCR_2":null,"YEAR_BUILT_2":null,"UNIT_COUNT_2":null,"PCT_COMPLETE_2":null,"ALLOCATION_PCT_2":null,"TRAV_COUNT":1,"LASTUPDATE":null,"CREATED_DATE":1712330344000,"LAST_EDITED_DATE":1712330533000,"GLOBALID":"{E4B69C02-EBC1-4B20-9E18-8A3E0F4CA7D5}","SHAPE_Length":0.0013776657934017264,"SHAPE_Area":8.6165750980105501e-08}},{"type":"Feature","id":7,"geometry":{"type":"MultiPolygon","coordinates":[[[[-111.80160922499999,40.394062606000034],[-111.80153908141897,40.394005258068063],[-111.80147224630511,40.39394408638492],[-111.80140892781955,40.393879281472707],[-111.80134932317068,40.393811045169357],[-111.80129361799999,40.393739590000052],[-111.80129479199996,40.394006114000035],[-111.80160922499999,40.394062606000034]]],[[[-111.80160925999996,40.394062612000027],[-111.80160922499999,40.394062606000034],[-111.80160939599995,40.394062739000049],[-111.80160925999996,40.394062612000027]]]]},"properties":{"OBJECTID":7,"PARCEL_NO":120600105,"PARCELID":"120600105","PARCELID_LABEL":"12:060:0105","OWNER_NAME":"BECK, MICHAEL V","CARE_NAME":null,"ACREAGE":6.1592419999999999,"SITE_FULL_ADDRESS":"AMERICAN FORK, UT","SITE_HOUSE_NUM":" ","SITE_PRE_DIR":null,"SITE_STREET_NAME":null,"SITE_STREET_TYPE":null,"SITE_POST_DIR":null,"SITE_STREET_UNIT":null,"SITE_CITY":"AMERICAN FORK","SITE_STATE":"UT","SITE_ZIP5":"84003","OWN_FULL_ADDRESS":"5893 W CANTERBURY PARK CIR  HIGHLAND, UT 84003","OWN_STREET_ADDRESS":"5893 W CANTERBURY PARK CIR","OWN_CITY":"HIGHLAND","OWN_STATE":"UT","OWN_ZIP5":"84003","VESTING_DOC":"18713-1993","PARCEL_CREATE_DATE":1258070400000,"MAP_FILING_NO":null,"SUB_NAME":null,"LEGAL_DESCR":"COM S 2094.77 FT & E 2805.19 FT FR W 1/4 COR. SEC. 11, T5S, R1E, SLB&M.; ALONG A CURVE TO L (CHORD BEARS: N 20 DEG 10' 19\" W 166.83 FT, RADIUS = 550.08 FT); N 168.07 FT; S 53 DEG 7' 28\" E 8.23 FT; N 30 DEG 44' 43\" E 110.74 FT; N 61 DEG 25' 44\" W 71.96 FT; N 78.96 FT; N 19 DEG 40' 44\" E 38.86 FT; N 6 DEG 19' 38\" E 114.31 FT; N 19 DEG 55' 52\" W 75.36 FT; N 99.28 FT; E 31.98 FT; S 34 DEG 5' 0\" E 777.31 FT; S 26 DEG 19' 0\" E 228.44 FT; W 511.33 FT TO BEG. AREA 5.831 AC. ALSO COM S 1838.07 FT & E 2745.86 FT FR W 1/4 COR. SEC. 11, T5S, R1E, SLB&M.; N 76 DEG 36' 0\" W 88.54 FT; ALONG A CURVE TO L (CHORD BEARS: N 47 DEG 29' 1\" W 61.85 FT, RADIUS = 550.08 FT); N 44 DEG 19' 51\" E 85.35 FT; S 53 DEG 7' 24\" E 90.11 FT; S 69.3 FT TO BEG. AREA 0.222 AC. ALSO COM S 1567.97 FT & E 2745.87 FT FR W 1/4 COR. SEC. 11, T5S, R1E, SLB&M.; S 76.52 FT; N 61 DEG 25' 42\" W 26.08 FT; N 19 DEG 40' 44\" E 68.02 FT TO BEG. AREA 0.020 AC. ALSO COM S 1820.1 FT & E 2660.08 FT FR W 1/4 COR. SEC. 11, T5S, R1E, SLB&M.; S 76 DEG 35' 0\" E 90 FT; S 97.12 FT; ALONG A CURVE TO L (CHORD BEARS: N 36 DEG 34' 19\" W 146.99 FT, RADIUS = 550.08 FT) TO BEG. AREA 0.086 AC. TOTAL AREA 6.159 AC.","BOOK_PAGE":12060,"LOT":null,"BUILDING":null,"UNIT":null,"TAX_DISTRICT":"060","TAX_DISTRICT_DESCR":"AMERICAN FORK CITY","SCHOOL_DISTRICT":"ALPINE","TAXABLE_CODE":100,"ACCOUNT_TYPE":"RESIDENTIAL","PROP_TYPE":900,"PROP_TYPE_DESCR":"VACANT","SPECIFIC_PROP_TYPE":902,"SPC_PROP_TYP_DESCR":"Vac Res w/Det","NEIGHBORHOOD":"102","NBHD_DISTRICT":"309","LAND_DISTRICT":3001,"ECONOMIC_UNIT":null,"GLA_WEIGHTED_YRBLT":1969.8,"TOTAL_ABOVE_GRADE_AREA":3160,"TOTAL_MEZZANINE":0,"TOTAL_BASEMENT":0,"TOTAL_BSMT_FINISH":0,"TOTAL_UNIT_COUNT":null,"TOTAL_IMP_COUNT":3,"ASMT_YEAR":2026,"ASMT_CODE":"A","ASMT_CODE_DESCR":"AGRICULTURAL","MKT_LAND_VALUE":2562600,"MKT_LAND_RES":0,"MKT_LAND_AGR":2562600,"MKT_LAND_COM":0,"MKT_IMP_VALUE":11500,"MKT_IMP_RES":0,"MKT_IMP_AGR":11500,"MKT_IMP_COM":0,"MKT_CUR_VALUE":2574100,"MKT_PRV_VAL":2574100,"MKT_VAL_YR_CHG":0,"MKT_PCT_CHG":0,"TXBL_CUR_VALUE":13432,"TXBL_PRV_VAL":13432,"TXBL_VAL_YR_CHG":0,"TXBL_PCT_CHG":0,"TOT_CUR_TAXES":0,"TOT_PRV_TAXES":0,"TAXES_YR_CHG":0,"TAXES_PCT_CHG":0,"GREENBELT":"GB","EXEMPT_RES":"N","COMMON_AREA":null,"PUBLIC_ROAD":null,"PRIVATE_ROAD":null,"PART_CENTRAL_ASSD":null,"PART_TAXABLE":null,"IMP_NO_RES":null,"COST_GROUP_RES":null,"STYLE_DESCR_RES":null,"QUALITY_RES":null,"QUALITY_DESCR_RES":null,"CONDITION_RES":null,"CONDITION_DESCR_RES":null,"YEARBLT_RES":null,"GLA_RES":null,"BASEMENT_RES":null,"BSMT_FINISH_RES":null,"ATT_GARAGE_SQFT_RES":null,"BATHROOMS_RES":null,"GLA_BEDROOMS_RES":null,"EXTERIOR_RES":null,"ALLOCATION_PCT_RES":null,"IMP_NO_1":294894,"USE_CODE_1":476,"USE_CODE_DESCR_1":"Shed - Farm Implement (Equip Shop)","COST_CLASS_DESCR_1":"C - Masonry or Concrete","EXTERIOR_WALL_1":null,"ABOVE_GRADE_AREA_1":1748,"MEZZANINE_1":0,"BASEMENT_1":0,"BSMT_FINISH_1":0,"BSMT_UNFINISH_1":0,"QUALITY_DESCR_1":"Average","CONDITION_1":3,"CONDITION_DESCR_1":"Average","YEAR_BUILT_1":1965,"UNIT_COUNT_1":null,"PCT_COMPLETE_1":1,"ALLOCATION_PCT_1":null,"IMP_NO_2":294895,"USE_CODE_2":479,"USE_CODE_DESCR_2":"Shed - Farm Utility Storage - Loafing","COST_CLASS_DESCR_2":"D - Wood/Steel Studs","EXTERIOR_WALL_2":null,"ABOVE_GRADE_AREA_2":800,"MEZZANINE_2":0,"BASEMENT_2":0,"BSMT_FINISH_2":0,"BSMT_UNFINISH_2":0,"QUALITY_DESCR_2":"Low","CONDITION_2":3,"CONDITION_DESCR_2":"Average","YEAR_BUILT_2":1965,"UNIT_COUNT_2":null,"PCT_COMPLETE_2":1,"ALLOCATION_PCT_2":null,"TRAV_COUNT":4,"LASTUPDATE":null,"CREATED_DATE":1712330344000,"LAST_EDITED_DATE":1712330533000,"GLOBALID":"{D3249740-F3BF-4CB9-937F-7196E08E53EF}","SHAPE_Length":0.0010395061771577047,"SHAPE_Area":3.7113386759097785e-08}},{"type":"Feature","id":8,"geometry":{"type":"Polygon","coordinates":[[[-111.80130114599996,40.394014084000048],[-111.80130197399995,40.39420425600008],[-111.80156134699996,40.394351984000025],[-111.80177467999994,40.394183888000043],[-111.80169116040068,40.394128831509065],[-111.80161054499996,40.394069604000038],[-111.80130114599996,40.394014084000048]]]},"properties":{"OBJECTID":8,"PARCEL_NO":120600105,"PARCELID":"120600105","PARCELID_LABEL":"12:060:0105","OWNER_NAME":"BECK, MICHAEL V","CARE_NAME":null,"ACREAGE":6.1592419999999999,"SITE_FULL_ADDRESS":"AMERICAN FORK, UT","SITE_HOUSE_NUM":" ","SITE_PRE_DIR":null,"SITE_STREET_NAME":null,"SITE_STREET_TYPE":null,"SITE_POST_DIR":null,"SITE_STREET_UNIT":null,"SITE_CITY":"AMERICAN FORK","SITE_STATE":"UT","SITE_ZIP5":"84003","OWN_FULL_ADDRESS":"5893 W CANTERBURY PARK CIR  HIGHLAND, UT 84003","OWN_STREET_ADDRESS":"5893 W CANTERBURY PARK CIR","OWN_CITY":"HIGHLAND","OWN_STATE":"UT","OWN_ZIP5":"84003","VESTING_DOC":"18713-1993","PARCEL_CREATE_DATE":1258070400000,"MAP_FILING_NO":null,"SUB_NAME":null,"LEGAL_DESCR":"COM S 2094.77 FT & E 2805.19 FT FR W 1/4 COR. SEC. 11, T5S, R1E, SLB&M.; ALONG A CURVE TO L (CHORD BEARS: N 20 DEG 10' 19\" W 166.83 FT, RADIUS = 550.08 FT); N 168.07 FT; S 53 DEG 7' 28\" E 8.23 FT; N 30 DEG 44' 43\" E 110.74 FT; N 61 DEG 25' 44\" W 71.96 FT; N 78.96 FT; N 19 DEG 40' 44\" E 38.86 FT; N 6 DEG 19' 38\" E 114.31 FT; N 19 DEG 55' 52\" W 75.36 FT; N 99.28 FT; E 31.98 FT; S 34 DEG 5' 0\" E 777.31 FT; S 26 DEG 19' 0\" E 228.44 FT; W 511.33 FT TO BEG. AREA 5.831 AC. ALSO COM S 1838.07 FT & E 2745.86 FT FR W 1/4 COR. SEC. 11, T5S, R1E, SLB&M.; N 76 DEG 36' 0\" W 88.54 FT; ALONG A CURVE TO L (CHORD BEARS: N 47 DEG 29' 1\" W 61.85 FT, RADIUS = 550.08 FT); N 44 DEG 19' 51\" E 85.35 FT; S 53 DEG 7' 24\" E 90.11 FT; S 69.3 FT TO BEG. AREA 0.222 AC. ALSO COM S 1567.97 FT & E 2745.87 FT FR W 1/4 COR. SEC. 11, T5S, R1E, SLB&M.; S 76.52 FT; N 61 DEG 25' 42\" W 26.08 FT; N 19 DEG 40' 44\" E 68.02 FT TO BEG. AREA 0.020 AC. ALSO COM S 1820.1 FT & E 2660.08 FT FR W 1/4 COR. SEC. 11, T5S, R1E, SLB&M.; S 76 DEG 35' 0\" E 90 FT; S 97.12 FT; ALONG A CURVE TO L (CHORD BEARS: N 36 DEG 34' 19\" W 146.99 FT, RADIUS = 550.08 FT) TO BEG. AREA 0.086 AC. TOTAL AREA 6.159 AC.","BOOK_PAGE":12060,"LOT":null,"BUILDING":null,"UNIT":null,"TAX_DISTRICT":"060","TAX_DISTRICT_DESCR":"AMERICAN FORK CITY","SCHOOL_DISTRICT":"ALPINE","TAXABLE_CODE":100,"ACCOUNT_TYPE":"RESIDENTIAL","PROP_TYPE":900,"PROP_TYPE_DESCR":"VACANT","SPECIFIC_PROP_TYPE":902,"SPC_PROP_TYP_DESCR":"Vac Res w/Det","NEIGHBORHOOD":"102","NBHD_DISTRICT":"309","LAND_DISTRICT":3001,"ECONOMIC_UNIT":null,"GLA_WEIGHTED_YRBLT":1969.8,"TOTAL_ABOVE_GRADE_AREA":3160,"TOTAL_MEZZANINE":0,"TOTAL_BASEMENT":0,"TOTAL_BSMT_FINISH":0,"TOTAL_UNIT_COUNT":null,"TOTAL_IMP_COUNT":3,"ASMT_YEAR":2026,"ASMT_CODE":"A","ASMT_CODE_DESCR":"AGRICULTURAL","MKT_LAND_VALUE":2562600,"MKT_LAND_RES":0,"MKT_LAND_AGR":2562600,"MKT_LAND_COM":0,"MKT_IMP_VALUE":11500,"MKT_IMP_RES":0,"MKT_IMP_AGR":11500,"MKT_IMP_COM":0,"MKT_CUR_VALUE":2574100,"MKT_PRV_VAL":2574100,"MKT_VAL_YR_CHG":0,"MKT_PCT_CHG":0,"TXBL_CUR_VALUE":13432,"TXBL_PRV_VAL":13432,"TXBL_VAL_YR_CHG":0,"TXBL_PCT_CHG":0,"TOT_CUR_TAXES":0,"TOT_PRV_TAXES":0,"TAXES_YR_CHG":0,"TAXES_PCT_CHG":0,"GREENBELT":"GB","EXEMPT_RES":"N","COMMON_AREA":null,"PUBLIC_ROAD":null,"PRIVATE_ROAD":null,"PART_CENTRAL_ASSD":null,"PART_TAXABLE":null,"IMP_NO_RES":null,"COST_GROUP_RES":null,"STYLE_DESCR_RES":null,"QUALITY_RES":null,"QUALITY_DESCR_RES":null,"CONDITION_RES":null,"CONDITION_DESCR_RES":null,"YEARBLT_RES":null,"GLA_RES":null,"BASEMENT_RES":null,"BSMT_FINISH_RES":null,"ATT_GARAGE_SQFT_RES":null,"BATHROOMS_RES":null,"GLA_BEDROOMS_RES":null,"EXTERIOR_RES":null,"ALLOCATION_PCT_RES":null,"IMP_NO_1":294894,"USE_CODE_1":476,"USE_CODE_DESCR_1":"Shed - Farm Implement (Equip Shop)","COST_CLASS_DESCR_1":"C - Masonry or Concrete","EXTERIOR_WALL_1":null,"ABOVE_GRADE_AREA_1":1748,"MEZZANINE_1":0,"BASEMENT_1":0,"BSMT_FINISH_1":0,"BSMT_UNFINISH_1":0,"QUALITY_DESCR_1":"Average","CONDITION_1":3,"CONDITION_DESCR_1":"Average","YEAR_BUILT_1":1965,"UNIT_COUNT_1":null,"PCT_COMPLETE_1":1,"ALLOCATION_PCT_1":null,"IMP_NO_2":294895,"USE_CODE_2":479,"USE_CODE_DESCR_2":"Shed - Farm Utility Storage - Loafing","COST_CLASS_DESCR_2":"D - Wood/Steel Studs","EXTERIOR_WALL_2":null,"ABOVE_GRADE_AREA_2":800,"MEZZANINE_2":0,"BASEMENT_2":0,"BSMT_FINISH_2":0,"BSMT_UNFINISH_2":0,"QUALITY_DESCR_2":"Low","CONDITION_2":3,"CONDITION_DESCR_2":"Average","YEAR_BUILT_2":1965,"UNIT_COUNT_2":null,"PCT_COMPLETE_2":1,"ALLOCATION_PCT_2":null,"TRAV_COUNT":4,"LASTUPDATE":null,"CREATED_DATE":1712330344000,"LAST_EDITED_DATE":1712330533000,"GLOBALID":"{4EF863A2-527A-4440-84FD-6751A80DDA50}","SHAPE_Length":0.0012746976191955622,"SHAPE_Area":9.5297974157865483e-08}},{"type":"Feature","id":9,"geometry":{"type":"Polygon","coordinates":[[[-111.80130438199996,40.394755320000058],[-111.80138582199999,40.394579345000068],[-111.80130346199996,40.39454532600007],[-111.80130438199996,40.394755320000058]]]},"properties":{"OBJECTID":9,"PARCEL_NO":120600105,"PARCELID":"120600105","PARCELID_LABEL":"12:060:0105","OWNER_NAME":"BECK, MICHAEL V","CARE_NAME":null,"ACREAGE":6.1592419999999999,"SITE_FULL_ADDRESS":"AMERICAN FORK, UT","SITE_HOUSE_NUM":" ","SITE_PRE_DIR":null,"SITE_STREET_NAME":null,"SITE_STREET_TYPE":null,"SITE_POST_DIR":null,"SITE_STREET_UNIT":null,"SITE_CITY":"AMERICAN FORK","SITE_STATE":"UT","SITE_ZIP5":"84003","OWN_FULL_ADDRESS":"5893 W CANTERBURY PARK CIR  HIGHLAND, UT 84003","OWN_STREET_ADDRESS":"5893 W CANTERBURY PARK CIR","OWN_CITY":"HIGHLAND","OWN_STATE":"UT","OWN_ZIP5":"84003","VESTING_DOC":"18713-1993","PARCEL_CREATE_DATE":1258070400000,"MAP_FILING_NO":null,"SUB_NAME":null,"LEGAL_DESCR":"COM S 2094.77 FT & E 2805.19 FT FR W 1/4 COR. SEC. 11, T5S, R1E, SLB&M.; ALONG A CURVE TO L (CHORD BEARS: N 20 DEG 10' 19\" W 166.83 FT, RADIUS = 550.08 FT); N 168.07 FT; S 53 DEG 7' 28\" E 8.23 FT; N 30 DEG 44' 43\" E 110.74 FT; N 61 DEG 25' 44\" W 71.96 FT; N 78.96 FT; N 19 DEG 40' 44\" E 38.86 FT; N 6 DEG 19' 38\" E 114.31 FT; N 19 DEG 55' 52\" W 75.36 FT; N 99.28 FT; E 31.98 FT; S 34 DEG 5' 0\" E 777.31 FT; S 26 DEG 19' 0\" E 228.44 FT; W 511.33 FT TO BEG. AREA 5.831 AC. ALSO COM S 1838.07 FT & E 2745.86 FT FR W 1/4 COR. SEC. 11, T5S, R1E, SLB&M.; N 76 DEG 36' 0\" W 88.54 FT; ALONG A CURVE TO L (CHORD BEARS: N 47 DEG 29' 1\" W 61.85 FT, RADIUS = 550.08 FT); N 44 DEG 19' 51\" E 85.35 FT; S 53 DEG 7' 24\" E 90.11 FT; S 69.3 FT TO BEG. AREA 0.222 AC. ALSO COM S 1567.97 FT & E 2745.87 FT FR W 1/4 COR. SEC. 11, T5S, R1E, SLB&M.; S 76.52 FT; N 61 DEG 25' 42\" W 26.08 FT; N 19 DEG 40' 44\" E 68.02 FT TO BEG. AREA 0.020 AC. ALSO COM S 1820.1 FT & E 2660.08 FT FR W 1/4 COR. SEC. 11, T5S, R1E, SLB&M.; S 76 DEG 35' 0\" E 90 FT; S 97.12 FT; ALONG A CURVE TO L (CHORD BEARS: N 36 DEG 34' 19\" W 146.99 FT, RADIUS = 550.08 FT) TO BEG. AREA 0.086 AC. TOTAL AREA 6.159 AC.","BOOK_PAGE":12060,"LOT":null,"BUILDING":null,"UNIT":null,"TAX_DISTRICT":"060","TAX_DISTRICT_DESCR":"AMERICAN FORK CITY","SCHOOL_DISTRICT":"ALPINE","TAXABLE_CODE":100,"ACCOUNT_TYPE":"RESIDENTIAL","PROP_TYPE":900,"PROP_TYPE_DESCR":"VACANT","SPECIFIC_PROP_TYPE":902,"SPC_PROP_TYP_DESCR":"Vac Res w/Det","NEIGHBORHOOD":"102","NBHD_DISTRICT":"309","LAND_DISTRICT":3001,"ECONOMIC_UNIT":null,"GLA_WEIGHTED_YRBLT":1969.8,"TOTAL_ABOVE_GRADE_AREA":3160,"TOTAL_MEZZANINE":0,"TOTAL_BASEMENT":0,"TOTAL_BSMT_FINISH":0,"TOTAL_UNIT_COUNT":null,"TOTAL_IMP_COUNT":3,"ASMT_YEAR":2026,"ASMT_CODE":"A","ASMT_CODE_DESCR":"AGRICULTURAL","MKT_LAND_VALUE":2562600,"MKT_LAND_RES":0,"MKT_LAND_AGR":2562600,"MKT_LAND_COM":0,"MKT_IMP_VALUE":11500,"MKT_IMP_RES":0,"MKT_IMP_AGR":11500,"MKT_IMP_COM":0,"MKT_CUR_VALUE":2574100,"MKT_PRV_VAL":2574100,"MKT_VAL_YR_CHG":0,"MKT_PCT_CHG":0,"TXBL_CUR_VALUE":13432,"TXBL_PRV_VAL":13432,"TXBL_VAL_YR_CHG":0,"TXBL_PCT_CHG":0,"TOT_CUR_TAXES":0,"TOT_PRV_TAXES":0,"TAXES_YR_CHG":0,"TAXES_PCT_CHG":0,"GREENBELT":"GB","EXEMPT_RES":"N","COMMON_AREA":null,"PUBLIC_ROAD":null,"PRIVATE_ROAD":null,"PART_CENTRAL_ASSD":null,"PART_TAXABLE":null,"IMP_NO_RES":null,"COST_GROUP_RES":null,"STYLE_DESCR_RES":null,"QUALITY_RES":null,"QUALITY_DESCR_RES":null,"CONDITION_RES":null,"CONDITION_DESCR_RES":null,"YEARBLT_RES":null,"GLA_RES":null,"BASEMENT_RES":null,"BSMT_FINISH_RES":null,"ATT_GARAGE_SQFT_RES":null,"BATHROOMS_RES":null,"GLA_BEDROOMS_RES":null,"EXTERIOR_RES":null,"ALLOCATION_PCT_RES":null,"IMP_NO_1":294894,"USE_CODE_1":476,"USE_CODE_DESCR_1":"Shed - Farm Implement (Equip Shop)","COST_CLASS_DESCR_1":"C - Masonry or Concrete","EXTERIOR_WALL_1":null,"ABOVE_GRADE_AREA_1":1748,"MEZZANINE_1":0,"BASEMENT_1":0,"BSMT_FINISH_1":0,"BSMT_UNFINISH_1":0,"QUALITY_DESCR_1":"Average","CONDITION_1":3,"CONDITION_DESCR_1":"Average","YEAR_BUILT_1":1965,"UNIT_COUNT_1":null,"PCT_COMPLETE_1":1,"ALLOCATION_PCT_1":null,"IMP_NO_2":294895,"USE_CODE_2":479,"USE_CODE_DESCR_2":"Shed - Farm Utility Storage - Loafing","COST_CLASS_DESCR_2":"D - Wood/Steel Studs","EXTERIOR_WALL_2":null,"ABOVE_GRADE_AREA_2":800,"MEZZANINE_2":0,"BASEMENT_2":0,"BSMT_FINISH_2":0,"BSMT_UNFINISH_2":0,"QUALITY_DESCR_2":"Low","CONDITION_2":3,"CONDITION_DESCR_2":"Average","YEAR_BUILT_2":1965,"UNIT_COUNT_2":null,"PCT_COMPLETE_2":1,"ALLOCATION_PCT_2":null,"TRAV_COUNT":4,"LASTUPDATE":null,"CREATED_DATE":1712330344000,"LAST_EDITED_DATE":1712330533000,"GLOBALID":"{74AE1619-ADC7-4619-A367-5AB154045FDB}","SHAPE_Length":0.00049301163934567895,"SHAPE_Area":8.6319041819418978e-09}},{"type":"Feature","id":10,"geometry":{"type":"Polygon","coordinates":[[[-111.80118708899994,40.395638760000054],[-111.80130187499998,40.395638465000047],[-111.80130067499999,40.395366014000047],[-111.80120761099994,40.395171831000027],[-111.80125145399995,40.394859928000074],[-111.80129798099995,40.394759393000072],[-111.80129702599999,40.394542705000049],[-111.80106978099997,40.394448845000056],[-111.80127182599995,40.394187135000038],[-111.80129551599998,40.394200627000032],[-111.80129348399998,40.393739398000037],[-111.80123940904201,40.393660186082251],[-111.80119129474382,40.393577218357755],[-111.80114940072883,40.393490942518106],[-111.80111395305599,40.393401824105368],[-111.80108514299997,40.393310344000042],[-111.79924986999998,40.393315054000027],[-111.79961582699997,40.393876053000042],[-111.80118708899994,40.395638760000054]]]},"properties":{"OBJECTID":10,"PARCEL_NO":120600105,"PARCELID":"120600105","PARCELID_LABEL":"12:060:0105","OWNER_NAME":"BECK, MICHAEL V","CARE_NAME":null,"ACREAGE":6.1592419999999999,"SITE_FULL_ADDRESS":"AMERICAN FORK, UT","SITE_HOUSE_NUM":" ","SITE_PRE_DIR":null,"SITE_STREET_NAME":null,"SITE_STREET_TYPE":null,"SITE_POST_DIR":null,"SITE_STREET_UNIT":null,"SITE_CITY":"AMERICAN FORK","SITE_STATE":"UT","SITE_ZIP5":"84003","OWN_FULL_ADDRESS":"5893 W CANTERBURY PARK CIR  HIGHLAND, UT 84003","OWN_STREET_ADDRESS":"5893 W CANTERBURY PARK CIR","OWN_CITY":"HIGHLAND","OWN_STATE":"UT","OWN_ZIP5":"84003","VESTING_DOC":"18713-1993","PARCEL_CREATE_DATE":1258070400000,"MAP_FILING_NO":null,"SUB_NAME":null,"LEGAL_DESCR":"COM S 2094.77 FT & E 2805.19 FT FR W 1/4 COR. SEC. 11, T5S, R1E, SLB&M.; ALONG A CURVE TO L (CHORD BEARS: N 20 DEG 10' 19\" W 166.83 FT, RADIUS = 550.08 FT); N 168.07 FT; S 53 DEG 7' 28\" E 8.23 FT; N 30 DEG 44' 43\" E 110.74 FT; N 61 DEG 25' 44\" W 71.96 FT; N 78.96 FT; N 19 DEG 40' 44\" E 38.86 FT; N 6 DEG 19' 38\" E 114.31 FT; N 19 DEG 55' 52\" W 75.36 FT; N 99.28 FT; E 31.98 FT; S 34 DEG 5' 0\" E 777.31 FT; S 26 DEG 19' 0\" E 228.44 FT; W 511.33 FT TO BEG. AREA 5.831 AC. ALSO COM S 1838.07 FT & E 2745.86 FT FR W 1/4 COR. SEC. 11, T5S, R1E, SLB&M.; N 76 DEG 36' 0\" W 88.54 FT; ALONG A CURVE TO L (CHORD BEARS: N 47 DEG 29' 1\" W 61.85 FT, RADIUS = 550.08 FT); N 44 DEG 19' 51\" E 85.35 FT; S 53 DEG 7' 24\" E 90.11 FT; S 69.3 FT TO BEG. AREA 0.222 AC. ALSO COM S 1567.97 FT & E 2745.87 FT FR W 1/4 COR. SEC. 11, T5S, R1E, SLB&M.; S 76.52 FT; N 61 DEG 25' 42\" W 26.08 FT; N 19 DEG 40' 44\" E 68.02 FT TO BEG. AREA 0.020 AC. ALSO COM S 1820.1 FT & E 2660.08 FT FR W 1/4 COR. SEC. 11, T5S, R1E, SLB&M.; S 76 DEG 35' 0\" E 90 FT; S 97.12 FT; ALONG A CURVE TO L (CHORD BEARS: N 36 DEG 34' 19\" W 146.99 FT, RADIUS = 550.08 FT) TO BEG. AREA 0.086 AC. TOTAL AREA 6.159 AC.","BOOK_PAGE":12060,"LOT":null,"BUILDING":null,"UNIT":null,"TAX_DISTRICT":"060","TAX_DISTRICT_DESCR":"AMERICAN FORK CITY","SCHOOL_DISTRICT":"ALPINE","TAXABLE_CODE":100,"ACCOUNT_TYPE":"RESIDENTIAL","PROP_TYPE":900,"PROP_TYPE_DESCR":"VACANT","SPECIFIC_PROP_TYPE":902,"SPC_PROP_TYP_DESCR":"Vac Res w/Det","NEIGHBORHOOD":"102","NBHD_DISTRICT":"309","LAND_DISTRICT":3001,"ECONOMIC_UNIT":null,"GLA_WEIGHTED_YRBLT":1969.8,"TOTAL_ABOVE_GRADE_AREA":3160,"TOTAL_MEZZANINE":0,"TOTAL_BASEMENT":0,"TOTAL_BSMT_FINISH":0,"TOTAL_UNIT_COUNT":null,"TOTAL_IMP_COUNT":3,"ASMT_YEAR":2026,"ASMT_CODE":"A","ASMT_CODE_DESCR":"AGRICULTURAL","MKT_LAND_VALUE":2562600,"MKT_LAND_RES":0,"MKT_LAND_AGR":2562600,"MKT_LAND_COM":0,"MKT_IMP_VALUE":11500,"MKT_IMP_RES":0,"MKT_IMP_AGR":11500,"MKT_IMP_COM":0,"MKT_CUR_VALUE":2574100,"MKT_PRV_VAL":2574100,"MKT_VAL_YR_CHG":0,"MKT_PCT_CHG":0,"TXBL_CUR_VALUE":13432,"TXBL_PRV_VAL":13432,"TXBL_VAL_YR_CHG":0,"TXBL_PCT_CHG":0,"TOT_CUR_TAXES":0,"TOT_PRV_TAXES":0,"TAXES_YR_CHG":0,"TAXES_PCT_CHG":0,"GREENBELT":"GB","EXEMPT_RES":"N","COMMON_AREA":null,"PUBLIC_ROAD":null,"PRIVATE_ROAD":null,"PART_CENTRAL_ASSD":null,"PART_TAXABLE":null,"IMP_NO_RES":null,"COST_GROUP_RES":null,"STYLE_DESCR_RES":null,"QUALITY_RES":null,"QUALITY_DESCR_RES":null,"CONDITION_RES":null,"CONDITION_DESCR_RES":null,"YEARBLT_RES":null,"GLA_RES":null,"BASEMENT_RES":null,"BSMT_FINISH_RES":null,"ATT_GARAGE_SQFT_RES":null,"BATHROOMS_RES":null,"GLA_BEDROOMS_RES":null,"EXTERIOR_RES":null,"ALLOCATION_PCT_RES":null,"IMP_NO_1":294894,"USE_CODE_1":476,"USE_CODE_DESCR_1":"Shed - Farm Implement (Equip Shop)","COST_CLASS_DESCR_1":"C - Masonry or Concrete","EXTERIOR_WALL_1":null,"ABOVE_GRADE_AREA_1":1748,"MEZZANINE_1":0,"BASEMENT_1":0,"BSMT_FINISH_1":0,"BSMT_UNFINISH_1":0,"QUALITY_DESCR_1":"Average","CONDITION_1":3,"CONDITION_DESCR_1":"Average","YEAR_BUILT_1":1965,"UNIT_COUNT_1":null,"PCT_COMPLETE_1":1,"ALLOCATION_PCT_1":null,"IMP_NO_2":294895,"USE_CODE_2":479,"USE_CODE_DESCR_2":"Shed - Farm Utility Storage - Loafing","COST_CLASS_DESCR_2":"D - Wood/Steel Studs","EXTERIOR_WALL_2":null,"ABOVE_GRADE_AREA_2":800,"MEZZANINE_2":0,"BASEMENT_2":0,"BSMT_FINISH_2":0,"BSMT_UNFINISH_2":0,"QUALITY_DESCR_2":"Low","CONDITION_2":3,"CONDITION_DESCR_2":"Average","YEAR_BUILT_2":1965,"UNIT_COUNT_2":null,"PCT_COMPLETE_2":1,"ALLOCATION_PCT_2":null,"TRAV_COUNT":4,"LASTUPDATE":null,"CREATED_DATE":1712330344000,"LAST_EDITED_DATE":1712330533000,"GLOBALID":"{A8032DF5-8634-4570-AD2A-0D01F6907112}","SHAPE_Length":0.0076560991194393876,"SHAPE_Area":2.5014763466886942e-06}},{"type":"Feature","id":11,"geometry":{"type":"Polygon","coordinates":[[[-111.78727772599996,40.393245101000048],[-111.78676969399999,40.393241655000054],[-111.78681935099996,40.393347688000063],[-111.78684813699999,40.393481958000052],[-111.78726776099995,40.393485825000027],[-111.78727772599996,40.393245101000048]]]},"properties":{"OBJECTID":11,"PARCEL_NO":120610175,"PARCELID":"120610175","PARCELID_LABEL":"12:061:0175","OWNER_NAME":"FRISBY, SUZANNE","CARE_NAME":null,"ACREAGE":0.25550099999999998,"SITE_FULL_ADDRESS":"AMERICAN FORK, UT","SITE_HOUSE_NUM":" ","SITE_PRE_DIR":null,"SITE_STREET_NAME":null,"SITE_STREET_TYPE":null,"SITE_POST_DIR":null,"SITE_STREET_UNIT":null,"SITE_CITY":"AMERICAN FORK","SITE_STATE":"UT","SITE_ZIP5":"84003","OWN_FULL_ADDRESS":"826 N 400 E  AMERICAN FORK, UT 84003-1367","OWN_STREET_ADDRESS":"826 N 400 E","OWN_CITY":"AMERICAN FORK","OWN_STATE":"UT","OWN_ZIP5":"84003","VESTING_DOC":"19175-2025 (MORE)","PARCEL_CREATE_DATE":983923200000,"MAP_FILING_NO":null,"SUB_NAME":null,"LEGAL_DESCR":"COM N 0 DEG 11' 1\" E 519.04 FT & N 89 DEG 48' 59\" W 1251.18 FT FR S 1/4 COR. SEC. 12, T5S, R1E, SLB&M.; N 2 DEG 10' 58\" E 87.76 FT; S 88 DEG 56' 31\" E 116.92 FT; S 8 DEG 56' 31\" E 49.58 FT; S 19 DEG 20' 4\" E 41.04 FT; N 89 DEG 7' 28\" W 141.55 FT TO BEG. AREA 0.256 AC.","BOOK_PAGE":12061,"LOT":null,"BUILDING":null,"UNIT":null,"TAX_DISTRICT":"060","TAX_DISTRICT_DESCR":"AMERICAN FORK CITY","SCHOOL_DISTRICT":"ALPINE","TAXABLE_CODE":100,"ACCOUNT_TYPE":"RESIDENTIAL","PROP_TYPE":900,"PROP_TYPE_DESCR":"VACANT","SPECIFIC_PROP_TYPE":901,"SPC_PROP_TYP_DESCR":"Vac Res","NEIGHBORHOOD":"102","NBHD_DISTRICT":"302","LAND_DISTRICT":2027,"ECONOMIC_UNIT":null,"GLA_WEIGHTED_YRBLT":null,"TOTAL_ABOVE_GRADE_AREA":null,"TOTAL_MEZZANINE":null,"TOTAL_BASEMENT":null,"TOTAL_BSMT_FINISH":null,"TOTAL_UNIT_COUNT":null,"TOTAL_IMP_COUNT":null,"ASMT_YEAR":2026,"ASMT_CODE":"V","ASMT_CODE_DESCR":"VACANT","MKT_LAND_VALUE":42500,"MKT_LAND_RES":42500,"MKT_LAND_AGR":0,"MKT_LAND_COM":0,"MKT_IMP_VALUE":0,"MKT_IMP_RES":0,"MKT_IMP_AGR":0,"MKT_IMP_COM":0,"MKT_CUR_VALUE":42500,"MKT_PRV_VAL":42500,"MKT_VAL_YR_CHG":0,"MKT_PCT_CHG":0,"TXBL_CUR_VALUE":42500,"TXBL_PRV_VAL":42500,"TXBL_VAL_YR_CHG":0,"TXBL_PCT_CHG":0,"TOT_CUR_TAXES":0,"TOT_PRV_TAXES":0,"TAXES_YR_CHG":0,"TAXES_PCT_CHG":0,"GREENBELT":null,"EXEMPT_RES":"N","COMMON_AREA":null,"PUBLIC_ROAD":null,"PRIVATE_ROAD":null,"PART_CENTRAL_ASSD":null,"PART_TAXABLE":null,"IMP_NO_RES":null,"COST_GROUP_RES":null,"STYLE_DESCR_RES":null,"QUALITY_RES":null,"QUALITY_DESCR_RES":null,"CONDITION_RES":null,"CONDITION_DESCR_RES":null,"YEARBLT_RES":null,"GLA_RES":null,"BASEMENT_RES":null,"BSMT_FINISH_RES":null,"ATT_GARAGE_SQFT_RES":null,"BATHROOMS_RES":null,"GLA_BEDROOMS_RES":null,"EXTERIOR_RES":null,"ALLOCATION_PCT_RES":null,"IMP_NO_1":null,"USE_CODE_1":null,"USE_CODE_DESCR_1":null,"COST_CLASS_DESCR_1":null,"EXTERIOR_WALL_1":null,"ABOVE_GRADE_AREA_1":null,"MEZZANINE_1":null,"BASEMENT_1":null,"BSMT_FINISH_1":null,"BSMT_UNFINISH_1":null,"QUALITY_DESCR_1":null,"CONDITION_1":null,"CONDITION_DESCR_1":null,"YEAR_BUILT_1":null,"UNIT_COUNT_1":null,"PCT_COMPLETE_1":null,"ALLOCATION_PCT_1":null,"IMP_NO_2":null,"USE_CODE_2":null,"USE_CODE_DESCR_2":null,"COST_CLASS_DESCR_2":null,"EXTERIOR_WALL_2":null,"ABOVE_GRADE_AREA_2":null,"MEZZANINE_2":null,"BASEMENT_2":null,"BSMT_FINISH_2":null,"BSMT_UNFINISH_2":null,"QUALITY_DESCR_2":null,"CONDITION_2":null,"CONDITION_DESCR_2":null,"YEAR_BUILT_2":null,"UNIT_COUNT_2":null,"PCT_COMPLETE_2":null,"ALLOCATION_PCT_2":null,"TRAV_COUNT":1,"LASTUPDATE":null,"CREATED_DATE":1712330344000,"LAST_EDITED_DATE":1712330533000,"GLOBALID":"{B9979B8C-F641-474E-BF06-BBC1D657E28C}","SHAPE_Length":0.0014230213544917181,"SHAPE_Area":1.0962411103910895e-07}},{"type":"Feature","id":12,"geometry":{"type":"Polygon","coordinates":[[[-111.87073880799994,40.376127353000072],[-111.87129219399998,40.376126357000032],[-111.87129131899997,40.376050260000056],[-111.87073839699997,40.37605125500005],[-111.87073880799994,40.376127353000072]]]},"properties":{"OBJECTID":12,"PARCEL_NO":130270128,"PARCELID":"130270128","PARCELID_LABEL":"13:027:0128","OWNER_NAME":"JVO COMMERCIAL DEVELOPMENT LLC","CARE_NAME":null,"ACREAGE":0.098104999999999998,"SITE_FULL_ADDRESS":"LEHI, UT","SITE_HOUSE_NUM":" ","SITE_PRE_DIR":null,"SITE_STREET_NAME":null,"SITE_STREET_TYPE":null,"SITE_POST_DIR":null,"SITE_STREET_UNIT":null,"SITE_CITY":"LEHI","SITE_STATE":"UT","SITE_ZIP5":"84043","OWN_FULL_ADDRESS":"11509 S BLACK FOREST DR  SANDY, UT 84094","OWN_STREET_ADDRESS":"11509 S BLACK FOREST DR","OWN_CITY":"SANDY","OWN_STATE":"UT","OWN_ZIP5":"84094","VESTING_DOC":"68547-2022","PARCEL_CREATE_DATE":1629158400000,"MAP_FILING_NO":null,"SUB_NAME":null,"LEGAL_DESCR":"COM S 310.51 FT & W 675.11 FT FR SE COR. SEC. 18, T5S, R1E, SLB&M.; S 27.74 FT; N 89 DEG 53' 50\" W 154.09 FT; N 0 DEG 15' 57\" W 27.73 FT; S 89 DEG 53' 50\" E 154.22 FT TO BEG. AREA 0.098 AC.","BOOK_PAGE":13027,"LOT":null,"BUILDING":null,"UNIT":null,"TAX_DISTRICT":"010","TAX_DISTRICT_DESCR":"LEHI CITY","SCHOOL_DISTRICT":"ALPINE","TAXABLE_CODE":100,"ACCOUNT_TYPE":"COMMERCIAL","PROP_TYPE":903,"PROP_TYPE_DESCR":"VACANT COMMERCIAL","SPECIFIC_PROP_TYPE":905,"SPC_PROP_TYP_DESCR":"Vac Com Lot","NEIGHBORHOOD":"500","NBHD_DISTRICT":"0","LAND_DISTRICT":183,"ECONOMIC_UNIT":null,"GLA_WEIGHTED_YRBLT":null,"TOTAL_ABOVE_GRADE_AREA":null,"TOTAL_MEZZANINE":null,"TOTAL_BASEMENT":null,"TOTAL_BSMT_FINISH":null,"TOTAL_UNIT_COUNT":null,"TOTAL_IMP_COUNT":null,"ASMT_YEAR":2026,"ASMT_CODE":"V","ASMT_CODE_DESCR":"VACANT","MKT_LAND_VALUE":22600,"MKT_LAND_RES":0,"MKT_LAND_AGR":0,"MKT_LAND_COM":22600,"MKT_IMP_VALUE":0,"MKT_IMP_RES":0,"MKT_IMP_AGR":0,"MKT_IMP_COM":0,"MKT_CUR_VALUE":22600,"MKT_PRV_VAL":22600,"MKT_VAL_YR_CHG":0,"MKT_PCT_CHG":0,"TXBL_CUR_VALUE":22600,"TXBL_PRV_VAL":22600,"TXBL_VAL_YR_CHG":0,"TXBL_PCT_CHG":0,"TOT_CUR_TAXES":0,"TOT_PRV_TAXES":0,"TAXES_YR_CHG":0,"TAXES_PCT_CHG":0,"GREENBELT":null,"EXEMPT_RES":"N","COMMON_AREA":null,"PUBLIC_ROAD":null,"PRIVATE_ROAD":null,"PART_CENTRAL_ASSD":null,"PART_TAXABLE":null,"IMP_NO_RES":null,"COST_GROUP_RES":null,"STYLE_DESCR_RES":null,"QUALITY_RES":null,"QUALITY_DESCR_RES":null,"CONDITION_RES":null,"CONDITION_DESCR_RES":null,"YEARBLT_RES":null,"GLA_RES":null,"BASEMENT_RES":null,"BSMT_FINISH_RES":null,"ATT_GARAGE_SQFT_RES":null,"BATHROOMS_RES":null,"GLA_BEDROOMS_RES":null,"EXTERIOR_RES":null,"ALLOCATION_PCT_RES":null,"IMP_NO_1":null,"USE_CODE_1":null,"USE_CODE_DESCR_1":null,"COST_CLASS_DESCR_1":null,"EXTERIOR_WALL_1":null,"ABOVE_GRADE_AREA_1":null,"MEZZANINE_1":null,"BASEMENT_1":null,"BSMT_FINISH_1":null,"BSMT_UNFINISH_1":null,"QUALITY_DESCR_1":null,"CONDITION_1":null,"CONDITION_DESCR_1":null,"YEAR_BUILT_1":null,"UNIT_COUNT_1":null,"PCT_COMPLETE_1":null,"ALLOCATION_PCT_1":null,"IMP_NO_2":null,"USE_CODE_2":null,"USE_CODE_DESCR_2":null,"COST_CLASS_DESCR_2":null,"EXTERIOR_WALL_2":null,"ABOVE_GRADE_AREA_2":null,"MEZZANINE_2":null,"BASEMENT_2":null,"BSMT_FINISH_2":null,"BSMT_UNFINISH_2":null,"QUALITY_DESCR_2":null,"CONDITION_2":null,"CONDITION_DESCR_2":null,"YEAR_BUILT_2":null,"UNIT_COUNT_2":null,"PCT_COMPLETE_2":null,"ALLOCATION_PCT_2":null,"TRAV_COUNT":1,"LASTUPDATE":null,"CREATED_DATE":1712330344000,"LAST_EDITED_DATE":1712330533000,"GLOBALID":"{4499D066-4A8A-4148-9FB7-072371A04B72}","SHAPE_Length":0.0012585109319134496,"SHAPE_Area":4.2094276622275516e-08}},{"type":"Feature","id":13,"geometry":{"type":"Polygon","coordinates":[[[-111.86952710099996,40.375979421000068],[-111.87073786199994,40.375957806000031],[-111.87073721699994,40.37583862300005],[-111.86952771499995,40.375550510000039],[-111.86952710099996,40.375979421000068]]]},"properties":{"OBJECTID":13,"PARCEL_NO":130300071,"PARCELID":"130300071","PARCELID_LABEL":"13:030:0071","OWNER_NAME":"JVO COMMERCIAL DEVELOPMENT LLC","CARE_NAME":null,"ACREAGE":0.77000000000000002,"SITE_FULL_ADDRESS":"1008 S 1100 WEST, LEHI, UT","SITE_HOUSE_NUM":"1008","SITE_PRE_DIR":"S","SITE_STREET_NAME":"1100 WEST","SITE_STREET_TYPE":null,"SITE_POST_DIR":null,"SITE_STREET_UNIT":null,"SITE_CITY":"LEHI","SITE_STATE":"UT","SITE_ZIP5":"84043","OWN_FULL_ADDRESS":"11509 S BLACK FOREST DR  SANDY, UT 84094","OWN_STREET_ADDRESS":"11509 S BLACK FOREST DR","OWN_CITY":"SANDY","OWN_STATE":"UT","OWN_ZIP5":"84094","VESTING_DOC":"68547-2022","PARCEL_CREATE_DATE":1240272000000,"MAP_FILING_NO":null,"SUB_NAME":null,"LEGAL_DESCR":"COM S 0 DEG 4' 58\" W 365.68 FT & W 337.27 FT FR NE COR. SEC. 19, T5S, R1E, SLB&M.; S 0 DEG 18' 0\" W 156.29 FT; N 72 DEG 27' 46\" W 353.04 FT; N 43.43 FT; N 88 DEG 54' 0\" E 337.51 FT TO BEG. AREA 0.770 AC.","BOOK_PAGE":13030,"LOT":null,"BUILDING":null,"UNIT":null,"TAX_DISTRICT":"010","TAX_DISTRICT_DESCR":"LEHI CITY","SCHOOL_DISTRICT":"ALPINE","TAXABLE_CODE":100,"ACCOUNT_TYPE":"COMMERCIAL","PROP_TYPE":500,"PROP_TYPE_DESCR":"COMMERCIAL","SPECIFIC_PROP_TYPE":5353,"SPC_PROP_TYP_DESCR":"Retail - Discount - Market","NEIGHBORHOOD":"500","NBHD_DISTRICT":"0","LAND_DISTRICT":183,"ECONOMIC_UNIT":null,"GLA_WEIGHTED_YRBLT":2025,"TOTAL_ABOVE_GRADE_AREA":7282,"TOTAL_MEZZANINE":0,"TOTAL_BASEMENT":0,"TOTAL_BSMT_FINISH":0,"TOTAL_UNIT_COUNT":null,"TOTAL_IMP_COUNT":1,"ASMT_YEAR":2026,"ASMT_CODE":"C","ASMT_CODE_DESCR":"COMMERCIAL","MKT_LAND_VALUE":425800,"MKT_LAND_RES":0,"MKT_LAND_AGR":0,"MKT_LAND_COM":425800,"MKT_IMP_VALUE":767500,"MKT_IMP_RES":0,"MKT_IMP_AGR":0,"MKT_IMP_COM":767500,"MKT_CUR_VALUE":1193300,"MKT_PRV_VAL":1193300,"MKT_VAL_YR_CHG":0,"MKT_PCT_CHG":0,"TXBL_CUR_VALUE":1193300,"TXBL_PRV_VAL":1193300,"TXBL_VAL_YR_CHG":0,"TXBL_PCT_CHG":0,"TOT_CUR_TAXES":0,"TOT_PRV_TAXES":0,"TAXES_YR_CHG":0,"TAXES_PCT_CHG":0,"GREENBELT":null,"EXEMPT_RES":"N","COMMON_AREA":null,"PUBLIC_ROAD":null,"PRIVATE_ROAD":null,"PART_CENTRAL_ASSD":null,"PART_TAXABLE":null,"IMP_NO_RES":null,"COST_GROUP_RES":null,"STYLE_DESCR_RES":null,"QUALITY_RES":null,"QUALITY_DESCR_RES":null,"CONDITION_RES":null,"CONDITION_DESCR_RES":null,"YEARBLT_RES":null,"GLA_RES":null,"BASEMENT_RES":null,"BSMT_FINISH_RES":null,"ATT_GARAGE_SQFT_RES":null,"BATHROOMS_RES":null,"GLA_BEDROOMS_RES":null,"EXTERIOR_RES":null,"ALLOCATION_PCT_RES":null,"IMP_NO_1":10059649,"USE_CODE_1":353,"USE_CODE_DESCR_1":"Retail Store","COST_CLASS_DESCR_1":"D - Wood/Steel Studs","EXTERIOR_WALL_1":"883 Stud - Block Veneer","ABOVE_GRADE_AREA_1":7282,"MEZZANINE_1":0,"BASEMENT_1":0,"BSMT_FINISH_1":0,"BSMT_UNFINISH_1":0,"QUALITY_DESCR_1":"Average","CONDITION_1":3,"CONDITION_DESCR_1":"Average","YEAR_BUILT_1":2025,"UNIT_COUNT_1":null,"PCT_COMPLETE_1":0.709999979,"ALLOCATION_PCT_1":null,"IMP_NO_2":null,"USE_CODE_2":null,"USE_CODE_DESCR_2":null,"COST_CLASS_DESCR_2":null,"EXTERIOR_WALL_2":null,"ABOVE_GRADE_AREA_2":null,"MEZZANINE_2":null,"BASEMENT_2":null,"BSMT_FINISH_2":null,"BSMT_UNFINISH_2":null,"QUALITY_DESCR_2":null,"CONDITION_2":null,"CONDITION_DESCR_2":null,"YEAR_BUILT_2":null,"UNIT_COUNT_2":null,"PCT_COMPLETE_2":null,"ALLOCATION_PCT_2":null,"TRAV_COUNT":1,"LASTUPDATE":null,"CREATED_DATE":1712330344000,"LAST_EDITED_DATE":1712330533000,"GLOBALID":"{211FD615-5B47-472C-93E0-C1724BC42BB7}","SHAPE_Length":0.0030023940636433235,"SHAPE_Area":3.3163084182278678e-07}},{"type":"Feature","id":14,"geometry":{"type":"Polygon","coordinates":[[[-111.79954499799999,40.35320775100007],[-111.79978924099998,40.353294690000041],[-111.79978702399995,40.352790336000055],[-111.79954279599997,40.352704801000073],[-111.79954499799999,40.35320775100007]]]},"properties":{"OBJECTID":14,"PARCEL_NO":130670123,"PARCELID":"130670123","PARCELID_LABEL":"13:067:0123","OWNER_NAME":"DEER PARK LLC","CARE_NAME":null,"ACREAGE":6.4756799999999997,"SITE_FULL_ADDRESS":"AMERICAN FORK, UT","SITE_HOUSE_NUM":" ","SITE_PRE_DIR":null,"SITE_STREET_NAME":null,"SITE_STREET_TYPE":null,"SITE_POST_DIR":null,"SITE_STREET_UNIT":null,"SITE_CITY":"AMERICAN FORK","SITE_STATE":"UT","SITE_ZIP5":"84003","OWN_FULL_ADDRESS":"42 E 1100 S STE 1A  AMERICAN FORK, UT 84003","OWN_STREET_ADDRESS":"42 E 1100 S STE 1A","OWN_CITY":"AMERICAN FORK","OWN_STATE":"UT","OWN_ZIP5":"84003","VESTING_DOC":"212962-2021","PARCEL_CREATE_DATE":1715299200000,"MAP_FILING_NO":null,"SUB_NAME":null,"LEGAL_DESCR":"COM N 1930.14 FT & E 478.98 FT FR SE 1/4 COR. SEC. 26, T5S, R1E, SLB&M.; S 183.79 FT; S 65 DEG 12' 39\" E 74.88 FT; N 183.27 FT; N 64 DEG 51' 28\" W 75.1 FT TO BEG. AREA 0.286 AC. ALSO COM N 871.411 FT & E 479.023 FT FR SE 1/4 COR. SEC. 26, T5S, R1E, SLB&M.; E 67.98 FT; N 788.36 FT; N 65 DEG 12' 39\" W 74.88 FT; S 819.76 FT TO BEG. AREA 1.254 AC. ALSO COM N 871.52 FT & E 274.38 FT FR SE 1/4 COR. SEC. 26, T5S, R1E, SLB&M.; E 204.6 FT; N 819.76 FT; N 65 DEG 12' 39\" W 225.36 FT; S 914.24 FT TO BEG. AREA 4.070 AC. ALSO COM N 2025.81 FT & E 275.14 FT FR SE 1/4 COR. SEC. 26, T5S, R1E, SLB&M.; S 0 DEG 22' 32\" W 115.16 FT; S 69.81 FT; S 65 DEG 12' 39\" E 225.36 FT; N 183.79 FT; N 64 DEG 51' 27\" W 225.18 FT TO BEG. AREA 0.865 AC. TOTAL AREA 6.476 AC.","BOOK_PAGE":13067,"LOT":null,"BUILDING":null,"UNIT":null,"TAX_DISTRICT":"060","TAX_DISTRICT_DESCR":"AMERICAN FORK CITY","SCHOOL_DISTRICT":"ALPINE","TAXABLE_CODE":100,"ACCOUNT_TYPE":"COMMERCIAL","PROP_TYPE":903,"PROP_TYPE_DESCR":"VACANT COMMERCIAL","SPECIFIC_PROP_TYPE":905,"SPC_PROP_TYP_DESCR":"Vac Com Lot","NEIGHBORHOOD":"500","NBHD_DISTRICT":"0","LAND_DISTRICT":148,"ECONOMIC_UNIT":null,"GLA_WEIGHTED_YRBLT":null,"TOTAL_ABOVE_GRADE_AREA":null,"TOTAL_MEZZANINE":null,"TOTAL_BASEMENT":null,"TOTAL_BSMT_FINISH":null,"TOTAL_UNIT_COUNT":null,"TOTAL_IMP_COUNT":null,"ASMT_YEAR":2026,"ASMT_CODE":"V","ASMT_CODE_DESCR":"VACANT","MKT_LAND_VALUE":1523400,"MKT_LAND_RES":0,"MKT_LAND_AGR":0,"MKT_LAND_COM":1523400,"MKT_IMP_VALUE":0,"MKT_IMP_RES":0,"MKT_IMP_AGR":0,"MKT_IMP_COM":0,"MKT_CUR_VALUE":1523400,"MKT_PRV_VAL":1523400,"MKT_VAL_YR_CHG":0,"MKT_PCT_CHG":0,"TXBL_CUR_VALUE":4193,"TXBL_PRV_VAL":4193,"TXBL_VAL_YR_CHG":0,"TXBL_PCT_CHG":0,"TOT_CUR_TAXES":0,"TOT_PRV_TAXES":0,"TAXES_YR_CHG":0,"TAXES_PCT_CHG":0,"GREENBELT":"GB","EXEMPT_RES":"N","COMMON_AREA":null,"PUBLIC_ROAD":null,"PRIVATE_ROAD":null,"PART_CENTRAL_ASSD":null,"PART_TAXABLE":null,"IMP_NO_RES":null,"COST_GROUP_RES":null,"STYLE_DESCR_RES":null,"QUALITY_RES":null,"QUALITY_DESCR_RES":null,"CONDITION_RES":null,"CONDITION_DESCR_RES":null,"YEARBLT_RES":null,"GLA_RES":null,"BASEMENT_RES":null,"BSMT_FINISH_RES":null,"ATT_GARAGE_SQFT_RES":null,"BATHROOMS_RES":null,"GLA_BEDROOMS_RES":null,"EXTERIOR_RES":null,"ALLOCATION_PCT_RES":null,"IMP_NO_1":null,"USE_CODE_1":null,"USE_CODE_DESCR_1":null,"COST_CLASS_DESCR_1":null,"EXTERIOR_WALL_1":null,"ABOVE_GRADE_AREA_1":null,"MEZZANINE_1":null,"BASEMENT_1":null,"BSMT_FINISH_1":null,"BSMT_UNFINISH_1":null,"QUALITY_DESCR_1":null,"CONDITION_1":null,"CONDITION_DESCR_1":null,"YEAR_BUILT_1":null,"UNIT_COUNT_1":null,"PCT_COMPLETE_1":null,"ALLOCATION_PCT_1":null,"IMP_NO_2":null,"USE_CODE_2":null,"USE_CODE_DESCR_2":null,"COST_CLASS_DESCR_2":null,"EXTERIOR_WALL_2":null,"ABOVE_GRADE_AREA_2":null,"MEZZANINE_2":null,"BASEMENT_2":null,"BSMT_FINISH_2":null,"BSMT_UNFINISH_2":null,"QUALITY_DESCR_2":null,"CONDITION_2":null,"CONDITION_DESCR_2":null,"YEAR_BUILT_2":null,"UNIT_COUNT_2":null,"PCT_COMPLETE_2":null,"ALLOCATION_PCT_2":null,"TRAV_COUNT":4,"LASTUPDATE":null,"CREATED_DATE":1715344569000,"LAST_EDITED_DATE":1715344569000,"GLOBALID":"{D1689C2A-FC06-4402-94D4-278B92769F32}","SHAPE_Length":0.001525341624628496,"SHAPE_Area":1.228191573861238e-07}},{"type":"Feature","id":15,"geometry":{"type":"Polygon","coordinates":[[[-111.79977635099999,40.350389227000051],[-111.79953250999995,40.350389857000039],[-111.79954197999996,40.352553362000037],[-111.79978620799994,40.35263889600003],[-111.79977635099999,40.350389227000051]]]},"properties":{"OBJECTID":15,"PARCEL_NO":130670123,"PARCELID":"130670123","PARCELID_LABEL":"13:067:0123","OWNER_NAME":"DEER PARK LLC","CARE_NAME":null,"ACREAGE":6.4756799999999997,"SITE_FULL_ADDRESS":"AMERICAN FORK, UT","SITE_HOUSE_NUM":" ","SITE_PRE_DIR":null,"SITE_STREET_NAME":null,"SITE_STREET_TYPE":null,"SITE_POST_DIR":null,"SITE_STREET_UNIT":null,"SITE_CITY":"AMERICAN FORK","SITE_STATE":"UT","SITE_ZIP5":"84003","OWN_FULL_ADDRESS":"42 E 1100 S STE 1A  AMERICAN FORK, UT 84003","OWN_STREET_ADDRESS":"42 E 1100 S STE 1A","OWN_CITY":"AMERICAN FORK","OWN_STATE":"UT","OWN_ZIP5":"84003","VESTING_DOC":"212962-2021","PARCEL_CREATE_DATE":1715299200000,"MAP_FILING_NO":null,"SUB_NAME":null,"LEGAL_DESCR":"COM N 1930.14 FT & E 478.98 FT FR SE 1/4 COR. SEC. 26, T5S, R1E, SLB&M.; S 183.79 FT; S 65 DEG 12' 39\" E 74.88 FT; N 183.27 FT; N 64 DEG 51' 28\" W 75.1 FT TO BEG. AREA 0.286 AC. ALSO COM N 871.411 FT & E 479.023 FT FR SE 1/4 COR. SEC. 26, T5S, R1E, SLB&M.; E 67.98 FT; N 788.36 FT; N 65 DEG 12' 39\" W 74.88 FT; S 819.76 FT TO BEG. AREA 1.254 AC. ALSO COM N 871.52 FT & E 274.38 FT FR SE 1/4 COR. SEC. 26, T5S, R1E, SLB&M.; E 204.6 FT; N 819.76 FT; N 65 DEG 12' 39\" W 225.36 FT; S 914.24 FT TO BEG. AREA 4.070 AC. ALSO COM N 2025.81 FT & E 275.14 FT FR SE 1/4 COR. SEC. 26, T5S, R1E, SLB&M.; S 0 DEG 22' 32\" W 115.16 FT; S 69.81 FT; S 65 DEG 12' 39\" E 225.36 FT; N 183.79 FT; N 64 DEG 51' 27\" W 225.18 FT TO BEG. AREA 0.865 AC. TOTAL AREA 6.476 AC.","BOOK_PAGE":13067,"LOT":null,"BUILDING":null,"UNIT":null,"TAX_DISTRICT":"060","TAX_DISTRICT_DESCR":"AMERICAN FORK CITY","SCHOOL_DISTRICT":"ALPINE","TAXABLE_CODE":100,"ACCOUNT_TYPE":"COMMERCIAL","PROP_TYPE":903,"PROP_TYPE_DESCR":"VACANT COMMERCIAL","SPECIFIC_PROP_TYPE":905,"SPC_PROP_TYP_DESCR":"Vac Com Lot","NEIGHBORHOOD":"500","NBHD_DISTRICT":"0","LAND_DISTRICT":148,"ECONOMIC_UNIT":null,"GLA_WEIGHTED_YRBLT":null,"TOTAL_ABOVE_GRADE_AREA":null,"TOTAL_MEZZANINE":null,"TOTAL_BASEMENT":null,"TOTAL_BSMT_FINISH":null,"TOTAL_UNIT_COUNT":null,"TOTAL_IMP_COUNT":null,"ASMT_YEAR":2026,"ASMT_CODE":"V","ASMT_CODE_DESCR":"VACANT","MKT_LAND_VALUE":1523400,"MKT_LAND_RES":0,"MKT_LAND_AGR":0,"MKT_LAND_COM":1523400,"MKT_IMP_VALUE":0,"MKT_IMP_RES":0,"MKT_IMP_AGR":0,"MKT_IMP_COM":0,"MKT_CUR_VALUE":1523400,"MKT_PRV_VAL":1523400,"MKT_VAL_YR_CHG":0,"MKT_PCT_CHG":0,"TXBL_CUR_VALUE":4193,"TXBL_PRV_VAL":4193,"TXBL_VAL_YR_CHG":0,"TXBL_PCT_CHG":0,"TOT_CUR_TAXES":0,"TOT_PRV_TAXES":0,"TAXES_YR_CHG":0,"TAXES_PCT_CHG":0,"GREENBELT":"GB","EXEMPT_RES":"N","COMMON_AREA":null,"PUBLIC_ROAD":null,"PRIVATE_ROAD":null,"PART_CENTRAL_ASSD":null,"PART_TAXABLE":null,"IMP_NO_RES":null,"COST_GROUP_RES":null,"STYLE_DESCR_RES":null,"QUALITY_RES":null,"QUALITY_DESCR_RES":null,"CONDITION_RES":null,"CONDITION_DESCR_RES":null,"YEARBLT_RES":null,"GLA_RES":null,"BASEMENT_RES":null,"BSMT_FINISH_RES":null,"ATT_GARAGE_SQFT_RES":null,"BATHROOMS_RES":null,"GLA_BEDROOMS_RES":null,"EXTERIOR_RES":null,"ALLOCATION_PCT_RES":null,"IMP_NO_1":null,"USE_CODE_1":null,"USE_CODE_DESCR_1":null,"COST_CLASS_DESCR_1":null,"EXTERIOR_WALL_1":null,"ABOVE_GRADE_AREA_1":null,"MEZZANINE_1":null,"BASEMENT_1":null,"BSMT_FINISH_1":null,"BSMT_UNFINISH_1":null,"QUALITY_DESCR_1":null,"CONDITION_1":null,"CONDITION_DESCR_1":null,"YEAR_BUILT_1":null,"UNIT_COUNT_1":null,"PCT_COMPLETE_1":null,"ALLOCATION_PCT_1":null,"IMP_NO_2":null,"USE_CODE_2":null,"USE_CODE_DESCR_2":null,"COST_CLASS_DESCR_2":null,"EXTERIOR_WALL_2":null,"ABOVE_GRADE_AREA_2":null,"MEZZANINE_2":null,"BASEMENT_2":null,"BSMT_FINISH_2":null,"BSMT_UNFINISH_2":null,"QUALITY_DESCR_2":null,"CONDITION_2":null,"CONDITION_DESCR_2":null,"YEAR_BUILT_2":null,"UNIT_COUNT_2":null,"PCT_COMPLETE_2":null,"ALLOCATION_PCT_2":null,"TRAV_COUNT":4,"LASTUPDATE":null,"CREATED_DATE":1715344569000,"LAST_EDITED_DATE":1715344569000,"GLOBALID":"{171FEA79-76F6-4692-ADD3-E143D5EBAF5D}","SHAPE_Length":0.0049158309708178622,"SHAPE_Area":5.3807312037826553e-07}},{"type":"Feature","id":16,"geometry":{"type":"Polygon","coordinates":[[[-111.80051039599999,40.350387647000048],[-111.79977650699999,40.350389531000076],[-111.79978636199996,40.352639207000038],[-111.80052139599997,40.352896630000032],[-111.80051037699997,40.350387672000068],[-111.80051039599999,40.350387647000048]]]},"properties":{"OBJECTID":16,"PARCEL_NO":130670123,"PARCELID":"130670123","PARCELID_LABEL":"13:067:0123","OWNER_NAME":"DEER PARK LLC","CARE_NAME":null,"ACREAGE":6.4756799999999997,"SITE_FULL_ADDRESS":"AMERICAN FORK, UT","SITE_HOUSE_NUM":" ","SITE_PRE_DIR":null,"SITE_STREET_NAME":null,"SITE_STREET_TYPE":null,"SITE_POST_DIR":null,"SITE_STREET_UNIT":null,"SITE_CITY":"AMERICAN FORK","SITE_STATE":"UT","SITE_ZIP5":"84003","OWN_FULL_ADDRESS":"42 E 1100 S STE 1A  AMERICAN FORK, UT 84003","OWN_STREET_ADDRESS":"42 E 1100 S STE 1A","OWN_CITY":"AMERICAN FORK","OWN_STATE":"UT","OWN_ZIP5":"84003","VESTING_DOC":"212962-2021","PARCEL_CREATE_DATE":1715299200000,"MAP_FILING_NO":null,"SUB_NAME":null,"LEGAL_DESCR":"COM N 1930.14 FT & E 478.98 FT FR SE 1/4 COR. SEC. 26, T5S, R1E, SLB&M.; S 183.79 FT; S 65 DEG 12' 39\" E 74.88 FT; N 183.27 FT; N 64 DEG 51' 28\" W 75.1 FT TO BEG. AREA 0.286 AC. ALSO COM N 871.411 FT & E 479.023 FT FR SE 1/4 COR. SEC. 26, T5S, R1E, SLB&M.; E 67.98 FT; N 788.36 FT; N 65 DEG 12' 39\" W 74.88 FT; S 819.76 FT TO BEG. AREA 1.254 AC. ALSO COM N 871.52 FT & E 274.38 FT FR SE 1/4 COR. SEC. 26, T5S, R1E, SLB&M.; E 204.6 FT; N 819.76 FT; N 65 DEG 12' 39\" W 225.36 FT; S 914.24 FT TO BEG. AREA 4.070 AC. ALSO COM N 2025.81 FT & E 275.14 FT FR SE 1/4 COR. SEC. 26, T5S, R1E, SLB&M.; S 0 DEG 22' 32\" W 115.16 FT; S 69.81 FT; S 65 DEG 12' 39\" E 225.36 FT; N 183.79 FT; N 64 DEG 51' 27\" W 225.18 FT TO BEG. AREA 0.865 AC. TOTAL AREA 6.476 AC.","BOOK_PAGE":13067,"LOT":null,"BUILDING":null,"UNIT":null,"TAX_DISTRICT":"060","TAX_DISTRICT_DESCR":"AMERICAN FORK CITY","SCHOOL_DISTRICT":"ALPINE","TAXABLE_CODE":100,"ACCOUNT_TYPE":"COMMERCIAL","PROP_TYPE":903,"PROP_TYPE_DESCR":"VACANT COMMERCIAL","SPECIFIC_PROP_TYPE":905,"SPC_PROP_TYP_DESCR":"Vac Com Lot","NEIGHBORHOOD":"500","NBHD_DISTRICT":"0","LAND_DISTRICT":148,"ECONOMIC_UNIT":null,"GLA_WEIGHTED_YRBLT":null,"TOTAL_ABOVE_GRADE_AREA":null,"TOTAL_MEZZANINE":null,"TOTAL_BASEMENT":null,"TOTAL_BSMT_FINISH":null,"TOTAL_UNIT_COUNT":null,"TOTAL_IMP_COUNT":null,"ASMT_YEAR":2026,"ASMT_CODE":"V","ASMT_CODE_DESCR":"VACANT","MKT_LAND_VALUE":1523400,"MKT_LAND_RES":0,"MKT_LAND_AGR":0,"MKT_LAND_COM":1523400,"MKT_IMP_VALUE":0,"MKT_IMP_RES":0,"MKT_IMP_AGR":0,"MKT_IMP_COM":0,"MKT_CUR_VALUE":1523400,"MKT_PRV_VAL":1523400,"MKT_VAL_YR_CHG":0,"MKT_PCT_CHG":0,"TXBL_CUR_VALUE":4193,"TXBL_PRV_VAL":4193,"TXBL_VAL_YR_CHG":0,"TXBL_PCT_CHG":0,"TOT_CUR_TAXES":0,"TOT_PRV_TAXES":0,"TAXES_YR_CHG":0,"TAXES_PCT_CHG":0,"GREENBELT":"GB","EXEMPT_RES":"N","COMMON_AREA":null,"PUBLIC_ROAD":null,"PRIVATE_ROAD":null,"PART_CENTRAL_ASSD":null,"PART_TAXABLE":null,"IMP_NO_RES":null,"COST_GROUP_RES":null,"STYLE_DESCR_RES":null,"QUALITY_RES":null,"QUALITY_DESCR_RES":null,"CONDITION_RES":null,"CONDITION_DESCR_RES":null,"YEARBLT_RES":null,"GLA_RES":null,"BASEMENT_RES":null,"BSMT_FINISH_RES":null,"ATT_GARAGE_SQFT_RES":null,"BATHROOMS_RES":null,"GLA_BEDROOMS_RES":null,"EXTERIOR_RES":null,"ALLOCATION_PCT_RES":null,"IMP_NO_1":null,"USE_CODE_1":null,"USE_CODE_DESCR_1":null,"COST_CLASS_DESCR_1":null,"EXTERIOR_WALL_1":null,"ABOVE_GRADE_AREA_1":null,"MEZZANINE_1":null,"BASEMENT_1":null,"BSMT_FINISH_1":null,"BSMT_UNFINISH_1":null,"QUALITY_DESCR_1":null,"CONDITION_1":null,"CONDITION_DESCR_1":null,"YEAR_BUILT_1":null,"UNIT_COUNT_1":null,"PCT_COMPLETE_1":null,"ALLOCATION_PCT_1":null,"IMP_NO_2":null,"USE_CODE_2":null,"USE_CODE_DESCR_2":null,"COST_CLASS_DESCR_2":null,"EXTERIOR_WALL_2":null,"ABOVE_GRADE_AREA_2":null,"MEZZANINE_2":null,"BASEMENT_2":null,"BSMT_FINISH_2":null,"BSMT_UNFINISH_2":null,"QUALITY_DESCR_2":null,"CONDITION_2":null,"CONDITION_DESCR_2":null,"YEAR_BUILT_2":null,"UNIT_COUNT_2":null,"PCT_COMPLETE_2":null,"ALLOCATION_PCT_2":null,"TRAV_COUNT":4,"LASTUPDATE":null,"CREATED_DATE":1715344569000,"LAST_EDITED_DATE":1715344569000,"GLOBALID":"{7A26A2DE-A068-4966-B40D-D3773C7564C7}","SHAPE_Length":0.0062714103964946599,"SHAPE_Area":1.7461696242206597e-06}},{"type":"Feature","id":17,"geometry":{"type":"Polygon","coordinates":[[[-111.80052157899996,40.353555387000029],[-111.80052290199995,40.353239349000035],[-111.80052206099998,40.353047769000057],[-111.79978702599999,40.352790346000063],[-111.79978923499999,40.353294722000044],[-111.80052157899996,40.353555387000029]]]},"properties":{"OBJECTID":17,"PARCEL_NO":130670123,"PARCELID":"130670123","PARCELID_LABEL":"13:067:0123","OWNER_NAME":"DEER PARK LLC","CARE_NAME":null,"ACREAGE":6.4756799999999997,"SITE_FULL_ADDRESS":"AMERICAN FORK, UT","SITE_HOUSE_NUM":" ","SITE_PRE_DIR":null,"SITE_STREET_NAME":null,"SITE_STREET_TYPE":null,"SITE_POST_DIR":null,"SITE_STREET_UNIT":null,"SITE_CITY":"AMERICAN FORK","SITE_STATE":"UT","SITE_ZIP5":"84003","OWN_FULL_ADDRESS":"42 E 1100 S STE 1A  AMERICAN FORK, UT 84003","OWN_STREET_ADDRESS":"42 E 1100 S STE 1A","OWN_CITY":"AMERICAN FORK","OWN_STATE":"UT","OWN_ZIP5":"84003","VESTING_DOC":"212962-2021","PARCEL_CREATE_DATE":1715299200000,"MAP_FILING_NO":null,"SUB_NAME":null,"LEGAL_DESCR":"COM N 1930.14 FT & E 478.98 FT FR SE 1/4 COR. SEC. 26, T5S, R1E, SLB&M.; S 183.79 FT; S 65 DEG 12' 39\" E 74.88 FT; N 183.27 FT; N 64 DEG 51' 28\" W 75.1 FT TO BEG. AREA 0.286 AC. ALSO COM N 871.411 FT & E 479.023 FT FR SE 1/4 COR. SEC. 26, T5S, R1E, SLB&M.; E 67.98 FT; N 788.36 FT; N 65 DEG 12' 39\" W 74.88 FT; S 819.76 FT TO BEG. AREA 1.254 AC. ALSO COM N 871.52 FT & E 274.38 FT FR SE 1/4 COR. SEC. 26, T5S, R1E, SLB&M.; E 204.6 FT; N 819.76 FT; N 65 DEG 12' 39\" W 225.36 FT; S 914.24 FT TO BEG. AREA 4.070 AC. ALSO COM N 2025.81 FT & E 275.14 FT FR SE 1/4 COR. SEC. 26, T5S, R1E, SLB&M.; S 0 DEG 22' 32\" W 115.16 FT; S 69.81 FT; S 65 DEG 12' 39\" E 225.36 FT; N 183.79 FT; N 64 DEG 51' 27\" W 225.18 FT TO BEG. AREA 0.865 AC. TOTAL AREA 6.476 AC.","BOOK_PAGE":13067,"LOT":null,"BUILDING":null,"UNIT":null,"TAX_DISTRICT":"060","TAX_DISTRICT_DESCR":"AMERICAN FORK CITY","SCHOOL_DISTRICT":"ALPINE","TAXABLE_CODE":100,"ACCOUNT_TYPE":"COMMERCIAL","PROP_TYPE":903,"PROP_TYPE_DESCR":"VACANT COMMERCIAL","SPECIFIC_PROP_TYPE":905,"SPC_PROP_TYP_DESCR":"Vac Com Lot","NEIGHBORHOOD":"500","NBHD_DISTRICT":"0","LAND_DISTRICT":148,"ECONOMIC_UNIT":null,"GLA_WEIGHTED_YRBLT":null,"TOTAL_ABOVE_GRADE_AREA":null,"TOTAL_MEZZANINE":null,"TOTAL_BASEMENT":null,"TOTAL_BSMT_FINISH":null,"TOTAL_UNIT_COUNT":null,"TOTAL_IMP_COUNT":null,"ASMT_YEAR":2026,"ASMT_CODE":"V","ASMT_CODE_DESCR":"VACANT","MKT_LAND_VALUE":1523400,"MKT_LAND_RES":0,"MKT_LAND_AGR":0,"MKT_LAND_COM":1523400,"MKT_IMP_VALUE":0,"MKT_IMP_RES":0,"MKT_IMP_AGR":0,"MKT_IMP_COM":0,"MKT_CUR_VALUE":1523400,"MKT_PRV_VAL":1523400,"MKT_VAL_YR_CHG":0,"MKT_PCT_CHG":0,"TXBL_CUR_VALUE":4193,"TXBL_PRV_VAL":4193,"TXBL_VAL_YR_CHG":0,"TXBL_PCT_CHG":0,"TOT_CUR_TAXES":0,"TOT_PRV_TAXES":0,"TAXES_YR_CHG":0,"TAXES_PCT_CHG":0,"GREENBELT":"GB","EXEMPT_RES":"N","COMMON_AREA":null,"PUBLIC_ROAD":null,"PRIVATE_ROAD":null,"PART_CENTRAL_ASSD":null,"PART_TAXABLE":null,"IMP_NO_RES":null,"COST_GROUP_RES":null,"STYLE_DESCR_RES":null,"QUALITY_RES":null,"QUALITY_DESCR_RES":null,"CONDITION_RES":null,"CONDITION_DESCR_RES":null,"YEARBLT_RES":null,"GLA_RES":null,"BASEMENT_RES":null,"BSMT_FINISH_RES":null,"ATT_GARAGE_SQFT_RES":null,"BATHROOMS_RES":null,"GLA_BEDROOMS_RES":null,"EXTERIOR_RES":null,"ALLOCATION_PCT_RES":null,"IMP_NO_1":null,"USE_CODE_1":null,"USE_CODE_DESCR_1":null,"COST_CLASS_DESCR_1":null,"EXTERIOR_WALL_1":null,"ABOVE_GRADE_AREA_1":null,"MEZZANINE_1":null,"BASEMENT_1":null,"BSMT_FINISH_1":null,"BSMT_UNFINISH_1":null,"QUALITY_DESCR_1":null,"CONDITION_1":null,"CONDITION_DESCR_1":null,"YEAR_BUILT_1":null,"UNIT_COUNT_1":null,"PCT_COMPLETE_1":null,"ALLOCATION_PCT_1":null,"IMP_NO_2":null,"USE_CODE_2":null,"USE_CODE_DESCR_2":null,"COST_CLASS_DESCR_2":null,"EXTERIOR_WALL_2":null,"ABOVE_GRADE_AREA_2":null,"MEZZANINE_2":null,"BASEMENT_2":null,"BSMT_FINISH_2":null,"BSMT_UNFINISH_2":null,"QUALITY_DESCR_2":null,"CONDITION_2":null,"CONDITION_DESCR_2":null,"YEAR_BUILT_2":null,"UNIT_COUNT_2":null,"PCT_COMPLETE_2":null,"ALLOCATION_PCT_2":null,"TRAV_COUNT":4,"LASTUPDATE":null,"CREATED_DATE":1715344569000,"LAST_EDITED_DATE":1715344569000,"GLOBALID":"{C0C86B25-F555-4899-A630-BFC0404A5D18}","SHAPE_Length":0.0025681628050980799,"SHAPE_Area":3.712806255567975e-07}},{"type":"Feature","id":18,"geometry":{"type":"Polygon","coordinates":[[[-111.87073836199994,40.376051256000039],[-111.87129305599996,40.376050256000042],[-111.87129295999995,40.376041859000054],[-111.87073831599997,40.376042857000073],[-111.87073836199994,40.376051256000039]]]},"properties":{"OBJECTID":18,"PARCEL_NO":130300105,"PARCELID":"130300105","PARCELID_LABEL":"13:030:0105","OWNER_NAME":"JVO COMMERCIAL DEVELOPMENT LLC","CARE_NAME":null,"ACREAGE":0.010867,"SITE_FULL_ADDRESS":"LEHI, UT","SITE_HOUSE_NUM":" ","SITE_PRE_DIR":null,"SITE_STREET_NAME":null,"SITE_STREET_TYPE":null,"SITE_POST_DIR":null,"SITE_STREET_UNIT":null,"SITE_CITY":"LEHI","SITE_STATE":"UT","SITE_ZIP5":"84043","OWN_FULL_ADDRESS":"11509 S BLACK FORREST DR  SANDY, UT 84094","OWN_STREET_ADDRESS":"11509 S BLACK FORREST DR","OWN_CITY":"SANDY","OWN_STATE":"UT","OWN_ZIP5":"84094","VESTING_DOC":"71590-2023","PARCEL_CREATE_DATE":1554768000000,"MAP_FILING_NO":null,"SUB_NAME":null,"LEGAL_DESCR":"COM S 338.1 FT & W 675.25 FT FR NE COR. SEC. 19, T5S, R1E, SLB&M.; S 3.06 FT; N 89 DEG 53' 50\" W 154.57 FT; N 0 DEG 15' 51\" W 3.06 FT; S 89 DEG 53' 50\" E 154.59 FT TO BEG. AREA 0.011 AC.","BOOK_PAGE":13030,"LOT":null,"BUILDING":null,"UNIT":null,"TAX_DISTRICT":"010","TAX_DISTRICT_DESCR":"LEHI CITY","SCHOOL_DISTRICT":"ALPINE","TAXABLE_CODE":100,"ACCOUNT_TYPE":"COMMERCIAL","PROP_TYPE":903,"PROP_TYPE_DESCR":"VACANT COMMERCIAL","SPECIFIC_PROP_TYPE":903,"SPC_PROP_TYP_DESCR":"Unbuildable Com lot","NEIGHBORHOOD":"500","NBHD_DISTRICT":"0","LAND_DISTRICT":183,"ECONOMIC_UNIT":null,"GLA_WEIGHTED_YRBLT":null,"TOTAL_ABOVE_GRADE_AREA":null,"TOTAL_MEZZANINE":null,"TOTAL_BASEMENT":null,"TOTAL_BSMT_FINISH":null,"TOTAL_UNIT_COUNT":null,"TOTAL_IMP_COUNT":null,"ASMT_YEAR":2026,"ASMT_CODE":"V","ASMT_CODE_DESCR":"VACANT","MKT_LAND_VALUE":3400,"MKT_LAND_RES":0,"MKT_LAND_AGR":0,"MKT_LAND_COM":3400,"MKT_IMP_VALUE":0,"MKT_IMP_RES":0,"MKT_IMP_AGR":0,"MKT_IMP_COM":0,"MKT_CUR_VALUE":3400,"MKT_PRV_VAL":3400,"MKT_VAL_YR_CHG":0,"MKT_PCT_CHG":0,"TXBL_CUR_VALUE":3400,"TXBL_PRV_VAL":3400,"TXBL_VAL_YR_CHG":0,"TXBL_PCT_CHG":0,"TOT_CUR_TAXES":0,"TOT_PRV_TAXES":0,"TAXES_YR_CHG":0,"TAXES_PCT_CHG":0,"GREENBELT":null,"EXEMPT_RES":"N","COMMON_AREA":null,"PUBLIC_ROAD":null,"PRIVATE_ROAD":null,"PART_CENTRAL_ASSD":null,"PART_TAXABLE":null,"IMP_NO_RES":null,"COST_GROUP_RES":null,"STYLE_DESCR_RES":null,"QUALITY_RES":null,"QUALITY_DESCR_RES":null,"CONDITION_RES":null,"CONDITION_DESCR_RES":null,"YEARBLT_RES":null,"GLA_RES":null,"BASEMENT_RES":null,"BSMT_FINISH_RES":null,"ATT_GARAGE_SQFT_RES":null,"BATHROOMS_RES":null,"GLA_BEDROOMS_RES":null,"EXTERIOR_RES":null,"ALLOCATION_PCT_RES":null,"IMP_NO_1":null,"USE_CODE_1":null,"USE_CODE_DESCR_1":null,"COST_CLASS_DESCR_1":null,"EXTERIOR_WALL_1":null,"ABOVE_GRADE_AREA_1":null,"MEZZANINE_1":null,"BASEMENT_1":null,"BSMT_FINISH_1":null,"BSMT_UNFINISH_1":null,"QUALITY_DESCR_1":null,"CONDITION_1":null,"CONDITION_DESCR_1":null,"YEAR_BUILT_1":null,"UNIT_COUNT_1":null,"PCT_COMPLETE_1":null,"ALLOCATION_PCT_1":null,"IMP_NO_2":null,"USE_CODE_2":null,"USE_CODE_DESCR_2":null,"COST_CLASS_DESCR_2":null,"EXTERIOR_WALL_2":null,"ABOVE_GRADE_AREA_2":null,"MEZZANINE_2":null,"BASEMENT_2":null,"BSMT_FINISH_2":null,"BSMT_UNFINISH_2":null,"QUALITY_DESCR_2":null,"CONDITION_2":null,"CONDITION_DESCR_2":null,"YEAR_BUILT_2":null,"UNIT_COUNT_2":null,"PCT_COMPLETE_2":null,"ALLOCATION_PCT_2":null,"TRAV_COUNT":1,"LASTUPDATE":null,"CREATED_DATE":1712330344000,"LAST_EDITED_DATE":1712330533000,"GLOBALID":"{B496BB23-FD0E-4CBB-BE54-20B23CE0E844}","SHAPE_Length":0.0011261364739355638,"SHAPE_Area":4.6581811783117761e-09}},{"type":"Feature","id":19,"geometry":{"type":"Polygon","coordinates":[[[-111.87073721799999,40.375838602000044],[-111.87073832499999,40.376042845000029],[-111.87129296799998,40.376041846000078],[-111.87129399499997,40.376131060000034],[-111.87168224799996,40.376129827000057],[-111.87172092499998,40.376067923000051],[-111.87159503377811,40.376041931330661],[-111.87146976399998,40.37601309300004],[-111.87073721799999,40.375838602000044]]]},"properties":{"OBJECTID":19,"PARCEL_NO":130300107,"PARCELID":"130300107","PARCELID_LABEL":"13:030:0107","OWNER_NAME":"JVO COMMERCIAL DEVELOPMENT LLC","CARE_NAME":null,"ACREAGE":0.28408699999999998,"SITE_FULL_ADDRESS":"LEHI, UT","SITE_HOUSE_NUM":" ","SITE_PRE_DIR":null,"SITE_STREET_NAME":null,"SITE_STREET_TYPE":null,"SITE_POST_DIR":null,"SITE_STREET_UNIT":null,"SITE_CITY":"LEHI","SITE_STATE":"UT","SITE_ZIP5":"84043","OWN_FULL_ADDRESS":"11509 S BLACK FOREST DR  SANDY, UT 84094","OWN_STREET_ADDRESS":"11509 S BLACK FOREST DR","OWN_CITY":"SANDY","OWN_STATE":"UT","OWN_ZIP5":"84094","VESTING_DOC":"68547-2022","PARCEL_CREATE_DATE":1595808000000,"MAP_FILING_NO":null,"SUB_NAME":null,"LEGAL_DESCR":"COM S 89 DEG 44' 4\" W 675.26 FT & S 412.46 FT FR NE COR. SEC. 19, T5S, R1E, SLB&M.; N 72 DEG 27' 46\" W 213.82 FT; ALONG A CURVE TO L (CHORD BEARS: N 73 DEG 49' 50\" W 72.79 FT, RADIUS = 1560 FT); N 25 DEG 46' 41\" E 25 FT; E 108.2 FT; S 0 DEG 15' 59\" E 32.51 FT; S 89 DEG 53' 50\" E 154.57 FT; S 74.43 FT TO BEG. AREA 0.284 AC.","BOOK_PAGE":13030,"LOT":null,"BUILDING":null,"UNIT":null,"TAX_DISTRICT":"010","TAX_DISTRICT_DESCR":"LEHI CITY","SCHOOL_DISTRICT":"ALPINE","TAXABLE_CODE":100,"ACCOUNT_TYPE":"COMMERCIAL","PROP_TYPE":903,"PROP_TYPE_DESCR":"VACANT COMMERCIAL","SPECIFIC_PROP_TYPE":903,"SPC_PROP_TYP_DESCR":"Unbuildable Com lot","NEIGHBORHOOD":"500","NBHD_DISTRICT":"0","LAND_DISTRICT":183,"ECONOMIC_UNIT":null,"GLA_WEIGHTED_YRBLT":null,"TOTAL_ABOVE_GRADE_AREA":null,"TOTAL_MEZZANINE":null,"TOTAL_BASEMENT":null,"TOTAL_BSMT_FINISH":null,"TOTAL_UNIT_COUNT":null,"TOTAL_IMP_COUNT":null,"ASMT_YEAR":2026,"ASMT_CODE":"V","ASMT_CODE_DESCR":"VACANT","MKT_LAND_VALUE":112400,"MKT_LAND_RES":0,"MKT_LAND_AGR":0,"MKT_LAND_COM":112400,"MKT_IMP_VALUE":0,"MKT_IMP_RES":0,"MKT_IMP_AGR":0,"MKT_IMP_COM":0,"MKT_CUR_VALUE":112400,"MKT_PRV_VAL":112400,"MKT_VAL_YR_CHG":0,"MKT_PCT_CHG":0,"TXBL_CUR_VALUE":112400,"TXBL_PRV_VAL":112400,"TXBL_VAL_YR_CHG":0,"TXBL_PCT_CHG":0,"TOT_CUR_TAXES":0,"TOT_PRV_TAXES":0,"TAXES_YR_CHG":0,"TAXES_PCT_CHG":0,"GREENBELT":null,"EXEMPT_RES":"N","COMMON_AREA":null,"PUBLIC_ROAD":null,"PRIVATE_ROAD":null,"PART_CENTRAL_ASSD":null,"PART_TAXABLE":null,"IMP_NO_RES":null,"COST_GROUP_RES":null,"STYLE_DESCR_RES":null,"QUALITY_RES":null,"QUALITY_DESCR_RES":null,"CONDITION_RES":null,"CONDITION_DESCR_RES":null,"YEARBLT_RES":null,"GLA_RES":null,"BASEMENT_RES":null,"BSMT_FINISH_RES":null,"ATT_GARAGE_SQFT_RES":null,"BATHROOMS_RES":null,"GLA_BEDROOMS_RES":null,"EXTERIOR_RES":null,"ALLOCATION_PCT_RES":null,"IMP_NO_1":null,"USE_CODE_1":null,"USE_CODE_DESCR_1":null,"COST_CLASS_DESCR_1":null,"EXTERIOR_WALL_1":null,"ABOVE_GRADE_AREA_1":null,"MEZZANINE_1":null,"BASEMENT_1":null,"BSMT_FINISH_1":null,"BSMT_UNFINISH_1":null,"QUALITY_DESCR_1":null,"CONDITION_1":null,"CONDITION_DESCR_1":null,"YEAR_BUILT_1":null,"UNIT_COUNT_1":null,"PCT_COMPLETE_1":null,"ALLOCATION_PCT_1":null,"IMP_NO_2":null,"USE_CODE_2":null,"USE_CODE_DESCR_2":null,"COST_CLASS_DESCR_2":null,"EXTERIOR_WALL_2":null,"ABOVE_GRADE_AREA_2":null,"MEZZANINE_2":null,"BASEMENT_2":null,"BSMT_FINISH_2":null,"BSMT_UNFINISH_2":null,"QUALITY_DESCR_2":null,"CONDITION_2":null,"CONDITION_DESCR_2":null,"YEAR_BUILT_2":null,"UNIT_COUNT_2":null,"PCT_COMPLETE_2":null,"ALLOCATION_PCT_2":null,"TRAV_COUNT":1,"LASTUPDATE":null,"CREATED_DATE":1712330344000,"LAST_EDITED_DATE":1712330533000,"GLOBALID":"{806AD244-D191-44F1-B746-691B7829BD9B}","SHAPE_Length":0.0023194972512196464,"SHAPE_Area":1.2187547160241951e-07}},{"type":"Feature","id":20,"geometry":{"type":"Polygon","coordinates":[[[-111.79838108799999,40.350157071000069],[-111.79827419699996,40.350156725000033],[-111.79828395299995,40.352394881000066],[-111.79955146699996,40.352846009000075],[-111.79956829499997,40.350161670000034],[-111.79838074899999,40.350157836000051],[-111.79838074599996,40.350157843000034],[-111.79838073299999,40.350157836000051],[-111.79838074899999,40.350157836000051],[-111.79838108799999,40.350157071000069]]]},"properties":{"OBJECTID":20,"PARCEL_NO":130670075,"PARCELID":"130670075","PARCELID_LABEL":"13:067:0075","OWNER_NAME":"SKY HARBOR DEVELOPMENT LC (ET AL)","CARE_NAME":null,"ACREAGE":7.3481049999999994,"SITE_FULL_ADDRESS":"AMERICAN FORK, UT","SITE_HOUSE_NUM":" ","SITE_PRE_DIR":null,"SITE_STREET_NAME":null,"SITE_STREET_TYPE":null,"SITE_POST_DIR":null,"SITE_STREET_UNIT":null,"SITE_CITY":"AMERICAN FORK","SITE_STATE":"UT","SITE_ZIP5":"84003","OWN_FULL_ADDRESS":"164 W 510 S  AMERICAN FORK, UT 84003-2622","OWN_STREET_ADDRESS":"164 W 510 S","OWN_CITY":"AMERICAN FORK","OWN_STATE":"UT","OWN_ZIP5":"84003","VESTING_DOC":"214236-2021","PARCEL_CREATE_DATE":1317600000000,"MAP_FILING_NO":null,"SUB_NAME":null,"LEGAL_DESCR":"COM S 89 DEG 48' 14\" E 867.78 FT & N 788.86 FT FR S 1/4 COR. SEC. 26, T5S, R1E, SLB&M.; N 89 DEG 34' 0\" W 331.08 FT; N 0 DEG 28' 0\" E 978.15 FT; S 64 DEG 51' 36\" E 389.72 FT; S 815.56 FT; N 89 DEG 33' 59\" W 29.8 FT TO BEG. AREA 7.348 AC.","BOOK_PAGE":13067,"LOT":null,"BUILDING":null,"UNIT":null,"TAX_DISTRICT":"060","TAX_DISTRICT_DESCR":"AMERICAN FORK CITY","SCHOOL_DISTRICT":"ALPINE","TAXABLE_CODE":100,"ACCOUNT_TYPE":"RESIDENTIAL","PROP_TYPE":900,"PROP_TYPE_DESCR":"VACANT","SPECIFIC_PROP_TYPE":901,"SPC_PROP_TYP_DESCR":"Vac Res","NEIGHBORHOOD":"106","NBHD_DISTRICT":"202","LAND_DISTRICT":2023,"ECONOMIC_UNIT":null,"GLA_WEIGHTED_YRBLT":null,"TOTAL_ABOVE_GRADE_AREA":null,"TOTAL_MEZZANINE":null,"TOTAL_BASEMENT":null,"TOTAL_BSMT_FINISH":null,"TOTAL_UNIT_COUNT":null,"TOTAL_IMP_COUNT":null,"ASMT_YEAR":2026,"ASMT_CODE":"V","ASMT_CODE_DESCR":"VACANT","MKT_LAND_VALUE":3373800,"MKT_LAND_RES":0,"MKT_LAND_AGR":3373800,"MKT_LAND_COM":0,"MKT_IMP_VALUE":0,"MKT_IMP_RES":0,"MKT_IMP_AGR":0,"MKT_IMP_COM":0,"MKT_CUR_VALUE":3373800,"MKT_PRV_VAL":3373800,"MKT_VAL_YR_CHG":0,"MKT_PCT_CHG":0,"TXBL_CUR_VALUE":3373800,"TXBL_PRV_VAL":3373800,"TXBL_VAL_YR_CHG":0,"TXBL_PCT_CHG":0,"TOT_CUR_TAXES":0,"TOT_PRV_TAXES":0,"TAXES_YR_CHG":0,"TAXES_PCT_CHG":0,"GREENBELT":null,"EXEMPT_RES":"N","COMMON_AREA":null,"PUBLIC_ROAD":null,"PRIVATE_ROAD":null,"PART_CENTRAL_ASSD":null,"PART_TAXABLE":null,"IMP_NO_RES":null,"COST_GROUP_RES":null,"STYLE_DESCR_RES":null,"QUALITY_RES":null,"QUALITY_DESCR_RES":null,"CONDITION_RES":null,"CONDITION_DESCR_RES":null,"YEARBLT_RES":null,"GLA_RES":null,"BASEMENT_RES":null,"BSMT_FINISH_RES":null,"ATT_GARAGE_SQFT_RES":null,"BATHROOMS_RES":null,"GLA_BEDROOMS_RES":null,"EXTERIOR_RES":null,"ALLOCATION_PCT_RES":null,"IMP_NO_1":null,"USE_CODE_1":null,"USE_CODE_DESCR_1":null,"COST_CLASS_DESCR_1":null,"EXTERIOR_WALL_1":null,"ABOVE_GRADE_AREA_1":null,"MEZZANINE_1":null,"BASEMENT_1":null,"BSMT_FINISH_1":null,"BSMT_UNFINISH_1":null,"QUALITY_DESCR_1":null,"CONDITION_1":null,"CONDITION_DESCR_1":null,"YEAR_BUILT_1":null,"UNIT_COUNT_1":null,"PCT_COMPLETE_1":null,"ALLOCATION_PCT_1":null,"IMP_NO_2":null,"USE_CODE_2":null,"USE_CODE_DESCR_2":null,"COST_CLASS_DESCR_2":null,"EXTERIOR_WALL_2":null,"ABOVE_GRADE_AREA_2":null,"MEZZANINE_2":null,"BASEMENT_2":null,"BSMT_FINISH_2":null,"BSMT_UNFINISH_2":null,"QUALITY_DESCR_2":null,"CONDITION_2":null,"CONDITION_DESCR_2":null,"YEAR_BUILT_2":null,"UNIT_COUNT_2":null,"PCT_COMPLETE_2":null,"ALLOCATION_PCT_2":null,"TRAV_COUNT":1,"LASTUPDATE":null,"CREATED_DATE":1712330344000,"LAST_EDITED_DATE":1712330533000,"GLOBALID":"{D08B3ABA-7093-42B2-914F-D65D2C4C2413}","SHAPE_Length":0.0075632905072306293,"SHAPE_Area":3.1527724253927861e-06}},{"type":"Feature","id":21,"geometry":{"type":"Polygon","coordinates":[[[-111.79992610499994,40.350351803000081],[-111.79992610499994,40.350351795000051],[-111.79992878999997,40.350202491000061],[-111.79835660999998,40.350157158000059],[-111.79835747599998,40.350355816000047],[-111.79992610499994,40.350351803000081]]]},"properties":{"OBJECTID":21,"PARCEL_NO":130670107,"PARCELID":"130670107","PARCELID_LABEL":"13:067:0107","OWNER_NAME":"SKY HARBOR DEVELOPMENT LC (ET AL)","CARE_NAME":null,"ACREAGE":0.63683999999999996,"SITE_FULL_ADDRESS":"AMERICAN FORK, UT","SITE_HOUSE_NUM":" ","SITE_PRE_DIR":null,"SITE_STREET_NAME":null,"SITE_STREET_TYPE":null,"SITE_POST_DIR":null,"SITE_STREET_UNIT":null,"SITE_CITY":"AMERICAN FORK","SITE_STATE":"UT","SITE_ZIP5":"84003","OWN_FULL_ADDRESS":"164 W 510 S  AMERICAN FORK, UT 84003-2622","OWN_STREET_ADDRESS":"164 W 510 S","OWN_CITY":"AMERICAN FORK","OWN_STATE":"UT","OWN_ZIP5":"84003","VESTING_DOC":"214236-2021","PARCEL_CREATE_DATE":1565827200000,"MAP_FILING_NO":null,"SUB_NAME":null,"LEGAL_DESCR":"COM N 858.02 FT & E 437.19 FT FR N 1/4 COR. SEC. 35, T5S, R1E, SLB&M.; E 437.32 FT; S 72.39 FT; N 87 DEG 39' 0\" W 438.62 FT; N 0 DEG 58' 50\" E 54.41 FT TO BEG. AREA 0.637 AC.","BOOK_PAGE":13067,"LOT":null,"BUILDING":null,"UNIT":null,"TAX_DISTRICT":"060","TAX_DISTRICT_DESCR":"AMERICAN FORK CITY","SCHOOL_DISTRICT":"ALPINE","TAXABLE_CODE":100,"ACCOUNT_TYPE":"RESIDENTIAL","PROP_TYPE":900,"PROP_TYPE_DESCR":"VACANT","SPECIFIC_PROP_TYPE":901,"SPC_PROP_TYP_DESCR":"Vac Res","NEIGHBORHOOD":"106","NBHD_DISTRICT":"202","LAND_DISTRICT":2023,"ECONOMIC_UNIT":null,"GLA_WEIGHTED_YRBLT":null,"TOTAL_ABOVE_GRADE_AREA":null,"TOTAL_MEZZANINE":null,"TOTAL_BASEMENT":null,"TOTAL_BSMT_FINISH":null,"TOTAL_UNIT_COUNT":null,"TOTAL_IMP_COUNT":null,"ASMT_YEAR":2026,"ASMT_CODE":"V","ASMT_CODE_DESCR":"VACANT","MKT_LAND_VALUE":160900,"MKT_LAND_RES":0,"MKT_LAND_AGR":160900,"MKT_LAND_COM":0,"MKT_IMP_VALUE":0,"MKT_IMP_RES":0,"MKT_IMP_AGR":0,"MKT_IMP_COM":0,"MKT_CUR_VALUE":160900,"MKT_PRV_VAL":160900,"MKT_VAL_YR_CHG":0,"MKT_PCT_CHG":0,"TXBL_CUR_VALUE":160900,"TXBL_PRV_VAL":160900,"TXBL_VAL_YR_CHG":0,"TXBL_PCT_CHG":0,"TOT_CUR_TAXES":0,"TOT_PRV_TAXES":0,"TAXES_YR_CHG":0,"TAXES_PCT_CHG":0,"GREENBELT":null,"EXEMPT_RES":"N","COMMON_AREA":null,"PUBLIC_ROAD":null,"PRIVATE_ROAD":null,"PART_CENTRAL_ASSD":null,"PART_TAXABLE":null,"IMP_NO_RES":null,"COST_GROUP_RES":null,"STYLE_DESCR_RES":null,"QUALITY_RES":null,"QUALITY_DESCR_RES":null,"CONDITION_RES":null,"CONDITION_DESCR_RES":null,"YEARBLT_RES":null,"GLA_RES":null,"BASEMENT_RES":null,"BSMT_FINISH_RES":null,"ATT_GARAGE_SQFT_RES":null,"BATHROOMS_RES":null,"GLA_BEDROOMS_RES":null,"EXTERIOR_RES":null,"ALLOCATION_PCT_RES":null,"IMP_NO_1":null,"USE_CODE_1":null,"USE_CODE_DESCR_1":null,"COST_CLASS_DESCR_1":null,"EXTERIOR_WALL_1":null,"ABOVE_GRADE_AREA_1":null,"MEZZANINE_1":null,"BASEMENT_1":null,"BSMT_FINISH_1":null,"BSMT_UNFINISH_1":null,"QUALITY_DESCR_1":null,"CONDITION_1":null,"CONDITION_DESCR_1":null,"YEAR_BUILT_1":null,"UNIT_COUNT_1":null,"PCT_COMPLETE_1":null,"ALLOCATION_PCT_1":null,"IMP_NO_2":null,"USE_CODE_2":null,"USE_CODE_DESCR_2":null,"COST_CLASS_DESCR_2":null,"EXTERIOR_WALL_2":null,"ABOVE_GRADE_AREA_2":null,"MEZZANINE_2":null,"BASEMENT_2":null,"BSMT_FINISH_2":null,"BSMT_UNFINISH_2":null,"QUALITY_DESCR_2":null,"CONDITION_2":null,"CONDITION_DESCR_2":null,"YEAR_BUILT_2":null,"UNIT_COUNT_2":null,"PCT_COMPLETE_2":null,"ALLOCATION_PCT_2":null,"TRAV_COUNT":1,"LASTUPDATE":null,"CREATED_DATE":1712330344000,"LAST_EDITED_DATE":1712330533000,"GLOBALID":"{6E59F3DF-95B0-4418-8E8B-3E8E0CB21D2D}","SHAPE_Length":0.0034894636025610015,"SHAPE_Area":2.7324560646355375e-07}},{"type":"Feature","id":22,"geometry":{"type":"Polygon","coordinates":[[[-111.72105429099997,40.366435428000045],[-111.72105423399995,40.366435418000037],[-111.72123802399994,40.366191837000031],[-111.72123321899994,40.365955719000056],[-111.72086156899996,40.365970634000064],[-111.72037489399997,40.365984347000051],[-111.72030849199996,40.365986219000035],[-111.72030789599995,40.366212267000037],[-111.72011982499998,40.366212898000072],[-111.72011871699999,40.365868515000045],[-111.71917872199998,40.36587028100007],[-111.71917982999997,40.366216064000071],[-111.71863778899996,40.366217879000033],[-111.71906107099994,40.366402940000057],[-111.7191974537461,40.36645944511254],[-111.71933587617477,40.36651075117873],[-111.71947614017493,40.366556784769081],[-111.71961804499995,40.366597480000053],[-111.72034423099996,40.366792372000077],[-111.72046287509825,40.366826884767121],[-111.72057985037247,40.366866688515287],[-111.72069492099996,40.366911703000028],[-111.72105429099997,40.366435428000045]]]},"properties":{"OBJECTID":22,"PARCEL_NO":140350263,"PARCELID":"140350263","PARCELID_LABEL":"14:035:0263","OWNER_NAME":"PLEASANT GROVE CITY CORPORATION","CARE_NAME":null,"ACREAGE":3.5100659999999997,"SITE_FULL_ADDRESS":"PLEASANT GROVE, UT","SITE_HOUSE_NUM":" ","SITE_PRE_DIR":null,"SITE_STREET_NAME":null,"SITE_STREET_TYPE":null,"SITE_POST_DIR":null,"SITE_STREET_UNIT":null,"SITE_CITY":"PLEASANT GROVE","SITE_STATE":"UT","SITE_ZIP5":"84062","OWN_FULL_ADDRESS":"70 S 100 E  PLEASANT GROVE, UT 84062-2702","OWN_STREET_ADDRESS":"70 S 100 E","OWN_CITY":"PLEASANT GROVE","OWN_STATE":"UT","OWN_ZIP5":"84062","VESTING_DOC":"80984-2010","PARCEL_CREATE_DATE":1285891200000,"MAP_FILING_NO":null,"SUB_NAME":null,"LEGAL_DESCR":"COM N 1280.37 FT & E 1168.26 FT FR S 1/4 COR. SEC. 21, T5S, R2E, SLB&M.; N 30 DEG 7' 58\" E 200.38 FT; ALONG A CURVE TO L (CHORD BEARS: S 65 DEG 52' 34\" E 106.98 FT, RADIUS = 660 FT); S 70 DEG 31' 29\" E 214.5 FT; ALONG A CURVE TO R (CHORD BEARS: S 65 DEG 18' 59\" E 170.66 FT, RADIUS = 940 FT); S 60 DEG 6' 29\" E 135.89 FT; S 89 DEG 53' 22\" W 151.08 FT; S 126 FT; W 262 FT; N 125.49 FT; S 89 DEG 53' 22\" W 52.42 FT; S 0 DEG 15' 24\" W 82.37 FT; S 88 DEG 1' 54\" W 18.52 FT; S 88 DEG 1' 54\" W 135.74 FT; S 87 DEG 8' 17\" W 103.73 FT; N 0 DEG 45' 0\" W 86.05 FT; N 30 DEG 7' 58\" E 102.48 FT TO BEG. AREA 3.510 AC.","BOOK_PAGE":14035,"LOT":null,"BUILDING":null,"UNIT":null,"TAX_DISTRICT":"070","TAX_DISTRICT_DESCR":"PLEASANT GROVE CITY","SCHOOL_DISTRICT":"ALPINE","TAXABLE_CODE":956,"ACCOUNT_TYPE":"EXEMPT","PROP_TYPE":951,"PROP_TYPE_DESCR":"EXEMPT","SPECIFIC_PROP_TYPE":951,"SPC_PROP_TYP_DESCR":"Exempt","NEIGHBORHOOD":"1000","NBHD_DISTRICT":"8999","LAND_DISTRICT":8999,"ECONOMIC_UNIT":null,"GLA_WEIGHTED_YRBLT":null,"TOTAL_ABOVE_GRADE_AREA":null,"TOTAL_MEZZANINE":null,"TOTAL_BASEMENT":null,"TOTAL_BSMT_FINISH":null,"TOTAL_UNIT_COUNT":null,"TOTAL_IMP_COUNT":null,"ASMT_YEAR":2026,"ASMT_CODE":"UNK","ASMT_CODE_DESCR":"UNK","MKT_LAND_VALUE":0,"MKT_LAND_RES":0,"MKT_LAND_AGR":0,"MKT_LAND_COM":0,"MKT_IMP_VALUE":0,"MKT_IMP_RES":0,"MKT_IMP_AGR":0,"MKT_IMP_COM":0,"MKT_CUR_VALUE":0,"MKT_PRV_VAL":0,"MKT_VAL_YR_CHG":0,"MKT_PCT_CHG":0,"TXBL_CUR_VALUE":0,"TXBL_PRV_VAL":0,"TXBL_VAL_YR_CHG":0,"TXBL_PCT_CHG":0,"TOT_CUR_TAXES":0,"TOT_PRV_TAXES":0,"TAXES_YR_CHG":0,"TAXES_PCT_CHG":0,"GREENBELT":null,"EXEMPT_RES":"UNK","COMMON_AREA":null,"PUBLIC_ROAD":null,"PRIVATE_ROAD":null,"PART_CENTRAL_ASSD":null,"PART_TAXABLE":null,"IMP_NO_RES":null,"COST_GROUP_RES":null,"STYLE_DESCR_RES":null,"QUALITY_RES":null,"QUALITY_DESCR_RES":null,"CONDITION_RES":null,"CONDITION_DESCR_RES":null,"YEARBLT_RES":null,"GLA_RES":null,"BASEMENT_RES":null,"BSMT_FINISH_RES":null,"ATT_GARAGE_SQFT_RES":null,"BATHROOMS_RES":null,"GLA_BEDROOMS_RES":null,"EXTERIOR_RES":null,"ALLOCATION_PCT_RES":null,"IMP_NO_1":null,"USE_CODE_1":null,"USE_CODE_DESCR_1":null,"COST_CLASS_DESCR_1":null,"EXTERIOR_WALL_1":null,"ABOVE_GRADE_AREA_1":null,"MEZZANINE_1":null,"BASEMENT_1":null,"BSMT_FINISH_1":null,"BSMT_UNFINISH_1":null,"QUALITY_DESCR_1":null,"CONDITION_1":null,"CONDITION_DESCR_1":null,"YEAR_BUILT_1":null,"UNIT_COUNT_1":null,"PCT_COMPLETE_1":null,"ALLOCATION_PCT_1":null,"IMP_NO_2":null,"USE_CODE_2":null,"USE_CODE_DESCR_2":null,"COST_CLASS_DESCR_2":null,"EXTERIOR_WALL_2":null,"ABOVE_GRADE_AREA_2":null,"MEZZANINE_2":null,"BASEMENT_2":null,"BSMT_FINISH_2":null,"BSMT_UNFINISH_2":null,"QUALITY_DESCR_2":null,"CONDITION_2":null,"CONDITION_DESCR_2":null,"YEAR_BUILT_2":null,"UNIT_COUNT_2":null,"PCT_COMPLETE_2":null,"ALLOCATION_PCT_2":null,"TRAV_COUNT":1,"LASTUPDATE":null,"CREATED_DATE":1712330344000,"LAST_EDITED_DATE":1712330533000,"GLOBALID":"{D602A266-AEE9-4143-84E0-78DB413B015C}","SHAPE_Length":0.0068246900187135043,"SHAPE_Area":1.5063525350601249e-06}},{"type":"Feature","id":23,"geometry":{"type":"MultiPolygon","coordinates":[[[[-111.71546614699997,40.37125943500007],[-111.71526623899996,40.371020583000075],[-111.71475181899996,40.370655695000039],[-111.71467067799995,40.370533074000036],[-111.71388014699994,40.370812365000063],[-111.71357990599995,40.371295106000048],[-111.71360357499998,40.371312703000058],[-111.71421485099995,40.371775422000042],[-111.71491270899998,40.371371840000052],[-111.71546614699997,40.37125943500007]]],[[[-111.71546651599999,40.371259359000078],[-111.71546614699997,40.37125943500007],[-111.71546635299995,40.371259681000026],[-111.71546651599999,40.371259359000078]]]]},"properties":{"OBJECTID":23,"PARCEL_NO":140370215,"PARCELID":"140370215","PARCELID_LABEL":"14:037:0215","OWNER_NAME":"FUGAL, BRANDON DANIEL","CARE_NAME":"%FUGAL COMMERCIAL SERVICES INC","ACREAGE":2.9031339999999997,"SITE_FULL_ADDRESS":"755 N DALTON AVE, PLEASANT GROVE, UT","SITE_HOUSE_NUM":"755","SITE_PRE_DIR":"N","SITE_STREET_NAME":"DALTON","SITE_STREET_TYPE":"AVE","SITE_POST_DIR":null,"SITE_STREET_UNIT":null,"SITE_CITY":"PLEASANT GROVE","SITE_STATE":"UT","SITE_ZIP5":"84062","OWN_FULL_ADDRESS":"%FUGAL COMMERCIAL SERVICES INC  6440 S MILLROCK DR  SALT LAKE CITY, UT 84121","OWN_STREET_ADDRESS":"6440 S MILLROCK DR","OWN_CITY":"SALT LAKE CITY","OWN_STATE":"UT","OWN_ZIP5":"84121","VESTING_DOC":"33097-2021","PARCEL_CREATE_DATE":1620864000000,"MAP_FILING_NO":null,"SUB_NAME":null,"LEGAL_DESCR":"COM N 0 DEG 10' 12\" W 377.04 FT ALONG SEC. LINE & E 82 FT FR W 1/4 COR. SEC. 22, T5S, R2E, SLB&M.; N 75 DEG 15' 46\" E 159.7 FT ALONG SOUTH LINE OF GROVE CREEK ESTATES PLAT A; N 53 DEG 2' 25\" E 243.84 FT ALONG SAID SOUTH LINE; S 45 DEG 9' 45\" E 239.7 FT ALONG 1300 EAST ST; S 45 DEG 40' 42\" E 9.2 FT; S 25 DEG 34' 26\" W 194.8 FT ALONG A FENCE LINE; S 65 DEG 20' 28\" W 242.7 FT ALONG NORTH LINE OF ASPEN COVE PLAT A; N 26 DEG 42' 38\" W 50.08 FT; N 47 DEG 1' 22\" W 195.54 FT; N 32 DEG 29' 25\" W 103.45 FT TO BEG. AREA 2.903 AC.","BOOK_PAGE":14037,"LOT":null,"BUILDING":null,"UNIT":null,"TAX_DISTRICT":"070","TAX_DISTRICT_DESCR":"PLEASANT GROVE CITY","SCHOOL_DISTRICT":"ALPINE","TAXABLE_CODE":100,"ACCOUNT_TYPE":"RESIDENTIAL","PROP_TYPE":111,"PROP_TYPE_DESCR":"SINGLE FAMILY RES","SPECIFIC_PROP_TYPE":111,"SPC_PROP_TYP_DESCR":"Single Family Res","NEIGHBORHOOD":"106","NBHD_DISTRICT":"305","LAND_DISTRICT":3019,"ECONOMIC_UNIT":null,"GLA_WEIGHTED_YRBLT":1974,"TOTAL_ABOVE_GRADE_AREA":2857,"TOTAL_MEZZANINE":0,"TOTAL_BASEMENT":1982,"TOTAL_BSMT_FINISH":1883,"TOTAL_UNIT_COUNT":1,"TOTAL_IMP_COUNT":1,"ASMT_YEAR":2026,"ASMT_CODE":"RPO","ASMT_CODE_DESCR":"RP PLUS ACREAGE","MKT_LAND_VALUE":757600,"MKT_LAND_RES":408000,"MKT_LAND_AGR":349600,"MKT_LAND_COM":0,"MKT_IMP_VALUE":397400,"MKT_IMP_RES":397400,"MKT_IMP_AGR":0,"MKT_IMP_COM":0,"MKT_CUR_VALUE":1155000,"MKT_PRV_VAL":1155000,"MKT_VAL_YR_CHG":0,"MKT_PCT_CHG":0,"TXBL_CUR_VALUE":792570,"TXBL_PRV_VAL":792570,"TXBL_VAL_YR_CHG":0,"TXBL_PCT_CHG":0,"TOT_CUR_TAXES":0,"TOT_PRV_TAXES":0,"TAXES_YR_CHG":0,"TAXES_PCT_CHG":0,"GREENBELT":null,"EXEMPT_RES":"Y","COMMON_AREA":null,"PUBLIC_ROAD":null,"PRIVATE_ROAD":null,"PART_CENTRAL_ASSD":null,"PART_TAXABLE":null,"IMP_NO_RES":38735,"COST_GROUP_RES":"SFR","STYLE_DESCR_RES":"One Story","QUALITY_RES":3.5,"QUALITY_DESCR_RES":"Average Plus","CONDITION_RES":3,"CONDITION_DESCR_RES":"Average","YEARBLT_RES":1974,"GLA_RES":1982,"BASEMENT_RES":1982,"BSMT_FINISH_RES":1883,"ATT_GARAGE_SQFT_RES":875,"BATHROOMS_RES":3,"GLA_BEDROOMS_RES":4,"EXTERIOR_RES":"Masonry Veneer","ALLOCATION_PCT_RES":null,"IMP_NO_1":null,"USE_CODE_1":null,"USE_CODE_DESCR_1":null,"COST_CLASS_DESCR_1":null,"EXTERIOR_WALL_1":null,"ABOVE_GRADE_AREA_1":null,"MEZZANINE_1":null,"BASEMENT_1":null,"BSMT_FINISH_1":null,"BSMT_UNFINISH_1":null,"QUALITY_DESCR_1":null,"CONDITION_1":null,"CONDITION_DESCR_1":null,"YEAR_BUILT_1":null,"UNIT_COUNT_1":null,"PCT_COMPLETE_1":null,"ALLOCATION_PCT_1":null,"IMP_NO_2":null,"USE_CODE_2":null,"USE_CODE_DESCR_2":null,"COST_CLASS_DESCR_2":null,"EXTERIOR_WALL_2":null,"ABOVE_GRADE_AREA_2":null,"MEZZANINE_2":null,"BASEMENT_2":null,"BSMT_FINISH_2":null,"BSMT_UNFINISH_2":null,"QUALITY_DESCR_2":null,"CONDITION_2":null,"CONDITION_DESCR_2":null,"YEAR_BUILT_2":null,"UNIT_COUNT_2":null,"PCT_COMPLETE_2":null,"ALLOCATION_PCT_2":null,"TRAV_COUNT":1,"LASTUPDATE":null,"CREATED_DATE":1712330344000,"LAST_EDITED_DATE":1712330533000,"GLOBALID":"{C5F0D22D-6716-43E6-B3F9-9CE1C6200804}","SHAPE_Length":0.0046642101569982185,"SHAPE_Area":1.2455437311288078e-06}},{"type":"Feature","id":24,"geometry":{"type":"Polygon","coordinates":[[[-111.69924525899995,40.355602177000037],[-111.69921687499999,40.355555347000063],[-111.69631878899997,40.355530895000072],[-111.69924525899995,40.355602177000037]]]},"properties":{"OBJECTID":24,"PARCEL_NO":140440048,"PARCELID":"140440048","PARCELID_LABEL":"14:044:0048","OWNER_NAME":"NIMER HERITAGE HILLS LLC","CARE_NAME":null,"ACREAGE":0.16,"SITE_FULL_ADDRESS":null,"SITE_HOUSE_NUM":null,"SITE_PRE_DIR":null,"SITE_STREET_NAME":null,"SITE_STREET_TYPE":null,"SITE_POST_DIR":null,"SITE_STREET_UNIT":null,"SITE_CITY":null,"SITE_STATE":null,"SITE_ZIP5":"84604","OWN_FULL_ADDRESS":"1617 N 180 E  LEHI, UT 84043-5278","OWN_STREET_ADDRESS":"1617 N 180 E","OWN_CITY":"LEHI","OWN_STATE":"UT","OWN_ZIP5":"84043","VESTING_DOC":"112740-2022","PARCEL_CREATE_DATE":506304000000,"MAP_FILING_NO":null,"SUB_NAME":null,"LEGAL_DESCR":"COM E1/4 COR SEC 27, T5S, R2E, SLM; N 88 DEG 02'59\"W 816.229 FT; S 24 DEG 45'E 18.809 FT; S 89 DEG 14'29\"E 807.952 FT TO BEG. AREA .16 ACRE.","BOOK_PAGE":14044,"LOT":null,"BUILDING":null,"UNIT":null,"TAX_DISTRICT":"020","TAX_DISTRICT_DESCR":"NORTH UT CO WT CONS S/A 6-7-8","SCHOOL_DISTRICT":"ALPINE","TAXABLE_CODE":100,"ACCOUNT_TYPE":"RESIDENTIAL","PROP_TYPE":900,"PROP_TYPE_DESCR":"VACANT","SPECIFIC_PROP_TYPE":901,"SPC_PROP_TYP_DESCR":"Vac Res","NEIGHBORHOOD":"122","NBHD_DISTRICT":"805","LAND_DISTRICT":8028,"ECONOMIC_UNIT":null,"GLA_WEIGHTED_YRBLT":null,"TOTAL_ABOVE_GRADE_AREA":null,"TOTAL_MEZZANINE":null,"TOTAL_BASEMENT":null,"TOTAL_BSMT_FINISH":null,"TOTAL_UNIT_COUNT":null,"TOTAL_IMP_COUNT":null,"ASMT_YEAR":2026,"ASMT_CODE":"V","ASMT_CODE_DESCR":"VACANT","MKT_LAND_VALUE":600,"MKT_LAND_RES":0,"MKT_LAND_AGR":600,"MKT_LAND_COM":0,"MKT_IMP_VALUE":0,"MKT_IMP_RES":0,"MKT_IMP_AGR":0,"MKT_IMP_COM":0,"MKT_CUR_VALUE":600,"MKT_PRV_VAL":600,"MKT_VAL_YR_CHG":0,"MKT_PCT_CHG":0,"TXBL_CUR_VALUE":600,"TXBL_PRV_VAL":600,"TXBL_VAL_YR_CHG":0,"TXBL_PCT_CHG":0,"TOT_CUR_TAXES":0,"TOT_PRV_TAXES":0,"TAXES_YR_CHG":0,"TAXES_PCT_CHG":0,"GREENBELT":null,"EXEMPT_RES":"N","COMMON_AREA":null,"PUBLIC_ROAD":null,"PRIVATE_ROAD":null,"PART_CENTRAL_ASSD":null,"PART_TAXABLE":null,"IMP_NO_RES":null,"COST_GROUP_RES":null,"STYLE_DESCR_RES":null,"QUALITY_RES":null,"QUALITY_DESCR_RES":null,"CONDITION_RES":null,"CONDITION_DESCR_RES":null,"YEARBLT_RES":null,"GLA_RES":null,"BASEMENT_RES":null,"BSMT_FINISH_RES":null,"ATT_GARAGE_SQFT_RES":null,"BATHROOMS_RES":null,"GLA_BEDROOMS_RES":null,"EXTERIOR_RES":null,"ALLOCATION_PCT_RES":null,"IMP_NO_1":null,"USE_CODE_1":null,"USE_CODE_DESCR_1":null,"COST_CLASS_DESCR_1":null,"EXTERIOR_WALL_1":null,"ABOVE_GRADE_AREA_1":null,"MEZZANINE_1":null,"BASEMENT_1":null,"BSMT_FINISH_1":null,"BSMT_UNFINISH_1":null,"QUALITY_DESCR_1":null,"CONDITION_1":null,"CONDITION_DESCR_1":null,"YEAR_BUILT_1":null,"UNIT_COUNT_1":null,"PCT_COMPLETE_1":null,"ALLOCATION_PCT_1":null,"IMP_NO_2":null,"USE_CODE_2":null,"USE_CODE_DESCR_2":null,"COST_CLASS_DESCR_2":null,"EXTERIOR_WALL_2":null,"ABOVE_GRADE_AREA_2":null,"MEZZANINE_2":null,"BASEMENT_2":null,"BSMT_FINISH_2":null,"BSMT_UNFINISH_2":null,"QUALITY_DESCR_2":null,"CONDITION_2":null,"CONDITION_DESCR_2":null,"YEAR_BUILT_2":null,"UNIT_COUNT_2":null,"PCT_COMPLETE_2":null,"ALLOCATION_PCT_2":null,"TRAV_COUNT":1,"LASTUPDATE":null,"CREATED_DATE":1712330344000,"LAST_EDITED_DATE":1712330533000,"GLOBALID":"{B522031B-50B9-4C28-A419-A4B6B5D2F86D}","SHAPE_Length":0.005880287545953421,"SHAPE_Area":6.7511660869089871e-08}},{"type":"Feature","id":25,"geometry":{"type":"Polygon","coordinates":[[[-111.69935672599996,40.355557412000053],[-111.69921439099994,40.355556213000057],[-111.69924277599995,40.355603043000031],[-111.69939368399997,40.355606717000057],[-111.69935672599996,40.355557412000053]]]},"properties":{"OBJECTID":25,"PARCEL_NO":140440049,"PARCELID":"140440049","PARCELID_LABEL":"14:044:0049","OWNER_NAME":"NIMER HERITAGE HILLS LLC","CARE_NAME":null,"ACREAGE":0.02,"SITE_FULL_ADDRESS":"PLEASANT GROVE, UT","SITE_HOUSE_NUM":" ","SITE_PRE_DIR":null,"SITE_STREET_NAME":null,"SITE_STREET_TYPE":null,"SITE_POST_DIR":null,"SITE_STREET_UNIT":null,"SITE_CITY":"PLEASANT GROVE","SITE_STATE":"UT","SITE_ZIP5":"84062","OWN_FULL_ADDRESS":"1617 N 180 E  LEHI, UT 84043-5278","OWN_STREET_ADDRESS":"1617 N 180 E","OWN_CITY":"LEHI","OWN_STATE":"UT","OWN_ZIP5":"84043","VESTING_DOC":"112740-2022","PARCEL_CREATE_DATE":506304000000,"MAP_FILING_NO":null,"SUB_NAME":null,"LEGAL_DESCR":"COM S 2734.345 FT & E 1863 FT FR N1/4 COR SEC 27, T5S, R2E, SLM; N 29 DEG 41'57\"W 20.71 FT; S 88 DEG 02'59\"E 42.09 FT; S 24 DEG 45'E 18.809 FT; N 89 DEG 14'29\"W 39.684 FT TO BEG. AREA .02 ACRE.","BOOK_PAGE":14044,"LOT":null,"BUILDING":null,"UNIT":null,"TAX_DISTRICT":"070","TAX_DISTRICT_DESCR":"PLEASANT GROVE CITY","SCHOOL_DISTRICT":"ALPINE","TAXABLE_CODE":100,"ACCOUNT_TYPE":"RESIDENTIAL","PROP_TYPE":900,"PROP_TYPE_DESCR":"VACANT","SPECIFIC_PROP_TYPE":901,"SPC_PROP_TYP_DESCR":"Vac Res","NEIGHBORHOOD":"122","NBHD_DISTRICT":"805","LAND_DISTRICT":8028,"ECONOMIC_UNIT":null,"GLA_WEIGHTED_YRBLT":null,"TOTAL_ABOVE_GRADE_AREA":null,"TOTAL_MEZZANINE":null,"TOTAL_BASEMENT":null,"TOTAL_BSMT_FINISH":null,"TOTAL_UNIT_COUNT":null,"TOTAL_IMP_COUNT":null,"ASMT_YEAR":2026,"ASMT_CODE":"V","ASMT_CODE_DESCR":"VACANT","MKT_LAND_VALUE":600,"MKT_LAND_RES":0,"MKT_LAND_AGR":600,"MKT_LAND_COM":0,"MKT_IMP_VALUE":0,"MKT_IMP_RES":0,"MKT_IMP_AGR":0,"MKT_IMP_COM":0,"MKT_CUR_VALUE":600,"MKT_PRV_VAL":600,"MKT_VAL_YR_CHG":0,"MKT_PCT_CHG":0,"TXBL_CUR_VALUE":600,"TXBL_PRV_VAL":600,"TXBL_VAL_YR_CHG":0,"TXBL_PCT_CHG":0,"TOT_CUR_TAXES":0,"TOT_PRV_TAXES":0,"TAXES_YR_CHG":0,"TAXES_PCT_CHG":0,"GREENBELT":null,"EXEMPT_RES":"N","COMMON_AREA":null,"PUBLIC_ROAD":null,"PRIVATE_ROAD":null,"PART_CENTRAL_ASSD":null,"PART_TAXABLE":null,"IMP_NO_RES":null,"COST_GROUP_RES":null,"STYLE_DESCR_RES":null,"QUALITY_RES":null,"QUALITY_DESCR_RES":null,"CONDITION_RES":null,"CONDITION_DESCR_RES":null,"YEARBLT_RES":null,"GLA_RES":null,"BASEMENT_RES":null,"BSMT_FINISH_RES":null,"ATT_GARAGE_SQFT_RES":null,"BATHROOMS_RES":null,"GLA_BEDROOMS_RES":null,"EXTERIOR_RES":null,"ALLOCATION_PCT_RES":null,"IMP_NO_1":null,"USE_CODE_1":null,"USE_CODE_DESCR_1":null,"COST_CLASS_DESCR_1":null,"EXTERIOR_WALL_1":null,"ABOVE_GRADE_AREA_1":null,"MEZZANINE_1":null,"BASEMENT_1":null,"BSMT_FINISH_1":null,"BSMT_UNFINISH_1":null,"QUALITY_DESCR_1":null,"CONDITION_1":null,"CONDITION_DESCR_1":null,"YEAR_BUILT_1":null,"UNIT_COUNT_1":null,"PCT_COMPLETE_1":null,"ALLOCATION_PCT_1":null,"IMP_NO_2":null,"USE_CODE_2":null,"USE_CODE_DESCR_2":null,"COST_CLASS_DESCR_2":null,"EXTERIOR_WALL_2":null,"ABOVE_GRADE_AREA_2":null,"MEZZANINE_2":null,"BASEMENT_2":null,"BSMT_FINISH_2":null,"BSMT_UNFINISH_2":null,"QUALITY_DESCR_2":null,"CONDITION_2":null,"CONDITION_DESCR_2":null,"YEAR_BUILT_2":null,"UNIT_COUNT_2":null,"PCT_COMPLETE_2":null,"ALLOCATION_PCT_2":null,"TRAV_COUNT":1,"LASTUPDATE":null,"CREATED_DATE":1712330344000,"LAST_EDITED_DATE":1712330533000,"GLOBALID":"{6D66B41D-7B90-4324-B531-93CB879E9BDC}","SHAPE_Length":0.00040967247787587042,"SHAPE_Area":6.9681248405813253e-09}},{"type":"Feature","id":26,"geometry":{"type":"Polygon","coordinates":[[[-111.72479413799999,40.326380726000025],[-111.72421329699995,40.326384551000046],[-111.72423722499997,40.326456376000067],[-111.72479574699997,40.326450750000049],[-111.72479413799999,40.326380726000025]]]},"properties":{"OBJECTID":26,"PARCEL_NO":170160123,"PARCELID":"170160123","PARCELID_LABEL":"17:016:0123","OWNER_NAME":"LINDON CITY","CARE_NAME":null,"ACREAGE":0.094404000000000002,"SITE_FULL_ADDRESS":"LINDON, UT","SITE_HOUSE_NUM":" ","SITE_PRE_DIR":null,"SITE_STREET_NAME":null,"SITE_STREET_TYPE":null,"SITE_POST_DIR":null,"SITE_STREET_UNIT":null,"SITE_CITY":"LINDON","SITE_STATE":"UT","SITE_ZIP5":"84042","OWN_FULL_ADDRESS":"100 N STATE  LINDON, UT 84042","OWN_STREET_ADDRESS":"100 N STATE","OWN_CITY":"LINDON","OWN_STATE":"UT","OWN_ZIP5":"84042","VESTING_DOC":"121634-2002","PARCEL_CREATE_DATE":1034640000000,"MAP_FILING_NO":null,"SUB_NAME":null,"LEGAL_DESCR":"COM S 16.12 FT & W 2653.21 FT FR E 1/4 COR. SEC. 4, T6S, R2E, SLB&M.; N 0 DEG 51' 53\" W 25.52 FT; N 89 DEG 23' 23\" E 155.78 FT; S 14 DEG 9' 38\" E 27.01 FT; S 89 DEG 39' 3\" W 161.997 FT TO BEG. AREA 0.094 AC.","BOOK_PAGE":17016,"LOT":null,"BUILDING":null,"UNIT":null,"TAX_DISTRICT":"080","TAX_DISTRICT_DESCR":"LINDON CITY","SCHOOL_DISTRICT":"ALPINE","TAXABLE_CODE":957,"ACCOUNT_TYPE":"EXEMPT","PROP_TYPE":951,"PROP_TYPE_DESCR":"EXEMPT","SPECIFIC_PROP_TYPE":951,"SPC_PROP_TYP_DESCR":"Exempt","NEIGHBORHOOD":"1000","NBHD_DISTRICT":"8999","LAND_DISTRICT":8999,"ECONOMIC_UNIT":null,"GLA_WEIGHTED_YRBLT":null,"TOTAL_ABOVE_GRADE_AREA":null,"TOTAL_MEZZANINE":null,"TOTAL_BASEMENT":null,"TOTAL_BSMT_FINISH":null,"TOTAL_UNIT_COUNT":null,"TOTAL_IMP_COUNT":null,"ASMT_YEAR":2026,"ASMT_CODE":"UNK","ASMT_CODE_DESCR":"UNK","MKT_LAND_VALUE":0,"MKT_LAND_RES":0,"MKT_LAND_AGR":0,"MKT_LAND_COM":0,"MKT_IMP_VALUE":0,"MKT_IMP_RES":0,"MKT_IMP_AGR":0,"MKT_IMP_COM":0,"MKT_CUR_VALUE":0,"MKT_PRV_VAL":0,"MKT_VAL_YR_CHG":0,"MKT_PCT_CHG":0,"TXBL_CUR_VALUE":0,"TXBL_PRV_VAL":0,"TXBL_VAL_YR_CHG":0,"TXBL_PCT_CHG":0,"TOT_CUR_TAXES":0,"TOT_PRV_TAXES":0,"TAXES_YR_CHG":0,"TAXES_PCT_CHG":0,"GREENBELT":null,"EXEMPT_RES":"UNK","COMMON_AREA":null,"PUBLIC_ROAD":null,"PRIVATE_ROAD":null,"PART_CENTRAL_ASSD":null,"PART_TAXABLE":null,"IMP_NO_RES":null,"COST_GROUP_RES":null,"STYLE_DESCR_RES":null,"QUALITY_RES":null,"QUALITY_DESCR_RES":null,"CONDITION_RES":null,"CONDITION_DESCR_RES":null,"YEARBLT_RES":null,"GLA_RES":null,"BASEMENT_RES":null,"BSMT_FINISH_RES":null,"ATT_GARAGE_SQFT_RES":null,"BATHROOMS_RES":null,"GLA_BEDROOMS_RES":null,"EXTERIOR_RES":null,"ALLOCATION_PCT_RES":null,"IMP_NO_1":null,"USE_CODE_1":null,"USE_CODE_DESCR_1":null,"COST_CLASS_DESCR_1":null,"EXTERIOR_WALL_1":null,"ABOVE_GRADE_AREA_1":null,"MEZZANINE_1":null,"BASEMENT_1":null,"BSMT_FINISH_1":null,"BSMT_UNFINISH_1":null,"QUALITY_DESCR_1":null,"CONDITION_1":null,"CONDITION_DESCR_1":null,"YEAR_BUILT_1":null,"UNIT_COUNT_1":null,"PCT_COMPLETE_1":null,"ALLOCATION_PCT_1":null,"IMP_NO_2":null,"USE_CODE_2":null,"USE_CODE_DESCR_2":null,"COST_CLASS_DESCR_2":null,"EXTERIOR_WALL_2":null,"ABOVE_GRADE_AREA_2":null,"MEZZANINE_2":null,"BASEMENT_2":null,"BSMT_FINISH_2":null,"BSMT_UNFINISH_2":null,"QUALITY_DESCR_2":null,"CONDITION_2":null,"CONDITION_DESCR_2":null,"YEAR_BUILT_2":null,"UNIT_COUNT_2":null,"PCT_COMPLETE_2":null,"ALLOCATION_PCT_2":null,"TRAV_COUNT":1,"LASTUPDATE":null,"CREATED_DATE":1712330344000,"LAST_EDITED_DATE":1712330533000,"GLOBALID":"{9C0B187C-4C96-466E-AAAF-D695668ECD41}","SHAPE_Length":0.0012851522891864013,"SHAPE_Area":4.0464713108236163e-08}},{"type":"Feature","id":27,"geometry":{"type":"Polygon","coordinates":[[[-111.72187886299997,40.326472136000064],[-111.72347406599994,40.326466137000068],[-111.72423796699997,40.326460135000048],[-111.72423747899995,40.326456614000051],[-111.72421347099998,40.326384548000078],[-111.72310885599995,40.326391798000031],[-111.72310733499995,40.326381213000047],[-111.72183254999999,40.32638957000006],[-111.72187886299997,40.326472136000064]]]},"properties":{"OBJECTID":27,"PARCEL_NO":170160139,"PARCELID":"170160139","PARCELID_LABEL":"17:016:0139","OWNER_NAME":"LINDON CITY","CARE_NAME":null,"ACREAGE":0.007254,"SITE_FULL_ADDRESS":"LINDON, UT","SITE_HOUSE_NUM":" ","SITE_PRE_DIR":null,"SITE_STREET_NAME":null,"SITE_STREET_TYPE":null,"SITE_POST_DIR":null,"SITE_STREET_UNIT":null,"SITE_CITY":"LINDON","SITE_STATE":"UT","SITE_ZIP5":"84042","OWN_FULL_ADDRESS":"100 N STATE  LINDON, UT 84042","OWN_STREET_ADDRESS":"100 N STATE","OWN_CITY":"LINDON","OWN_STATE":"UT","OWN_ZIP5":"84042","VESTING_DOC":"43134-2010","PARCEL_CREATE_DATE":1275436800000,"MAP_FILING_NO":null,"SUB_NAME":null,"LEGAL_DESCR":"COM S 14.96 FT & W 1827.2 FT FR E 1/4 COR. SEC. 4, T6S, R2E, SLB&M.; S 89 DEG 39' 7\" W 355.53 FT; N 6 DEG 7' 53\" W 3.88 FT; S 89 DEG 39' 7\" W 308.07 FT; N 14 DEG 9' 38\" W 27.1 FT; N 5 DEG 53' 40\" W 1.29 FT; N 89 DEG 33' 19\" E 213.05 FT; N 89 DEG 51' 40\" E 444.88 FT; S 23 DEG 5' 25\" E 32.74 FT TO BEG. AREA 0.007 AC.","BOOK_PAGE":17016,"LOT":null,"BUILDING":null,"UNIT":null,"TAX_DISTRICT":"080","TAX_DISTRICT_DESCR":"LINDON CITY","SCHOOL_DISTRICT":"ALPINE","TAXABLE_CODE":957,"ACCOUNT_TYPE":"EXEMPT","PROP_TYPE":951,"PROP_TYPE_DESCR":"EXEMPT","SPECIFIC_PROP_TYPE":951,"SPC_PROP_TYP_DESCR":"Exempt","NEIGHBORHOOD":"1000","NBHD_DISTRICT":"8999","LAND_DISTRICT":8999,"ECONOMIC_UNIT":null,"GLA_WEIGHTED_YRBLT":null,"TOTAL_ABOVE_GRADE_AREA":null,"TOTAL_MEZZANINE":null,"TOTAL_BASEMENT":null,"TOTAL_BSMT_FINISH":null,"TOTAL_UNIT_COUNT":null,"TOTAL_IMP_COUNT":null,"ASMT_YEAR":2026,"ASMT_CODE":"UNK","ASMT_CODE_DESCR":"UNK","MKT_LAND_VALUE":0,"MKT_LAND_RES":0,"MKT_LAND_AGR":0,"MKT_LAND_COM":0,"MKT_IMP_VALUE":0,"MKT_IMP_RES":0,"MKT_IMP_AGR":0,"MKT_IMP_COM":0,"MKT_CUR_VALUE":0,"MKT_PRV_VAL":0,"MKT_VAL_YR_CHG":0,"MKT_PCT_CHG":0,"TXBL_CUR_VALUE":0,"TXBL_PRV_VAL":0,"TXBL_VAL_YR_CHG":0,"TXBL_PCT_CHG":0,"TOT_CUR_TAXES":0,"TOT_PRV_TAXES":0,"TAXES_YR_CHG":0,"TAXES_PCT_CHG":0,"GREENBELT":null,"EXEMPT_RES":"UNK","COMMON_AREA":null,"PUBLIC_ROAD":null,"PRIVATE_ROAD":null,"PART_CENTRAL_ASSD":null,"PART_TAXABLE":null,"IMP_NO_RES":null,"COST_GROUP_RES":null,"STYLE_DESCR_RES":null,"QUALITY_RES":null,"QUALITY_DESCR_RES":null,"CONDITION_RES":null,"CONDITION_DESCR_RES":null,"YEARBLT_RES":null,"GLA_RES":null,"BASEMENT_RES":null,"BSMT_FINISH_RES":null,"ATT_GARAGE_SQFT_RES":null,"BATHROOMS_RES":null,"GLA_BEDROOMS_RES":null,"EXTERIOR_RES":null,"ALLOCATION_PCT_RES":null,"IMP_NO_1":null,"USE_CODE_1":null,"USE_CODE_DESCR_1":null,"COST_CLASS_DESCR_1":null,"EXTERIOR_WALL_1":null,"ABOVE_GRADE_AREA_1":null,"MEZZANINE_1":null,"BASEMENT_1":null,"BSMT_FINISH_1":null,"BSMT_UNFINISH_1":null,"QUALITY_DESCR_1":null,"CONDITION_1":null,"CONDITION_DESCR_1":null,"YEAR_BUILT_1":null,"UNIT_COUNT_1":null,"PCT_COMPLETE_1":null,"ALLOCATION_PCT_1":null,"IMP_NO_2":null,"USE_CODE_2":null,"USE_CODE_DESCR_2":null,"COST_CLASS_DESCR_2":null,"EXTERIOR_WALL_2":null,"ABOVE_GRADE_AREA_2":null,"MEZZANINE_2":null,"BASEMENT_2":null,"BSMT_FINISH_2":null,"BSMT_UNFINISH_2":null,"QUALITY_DESCR_2":null,"CONDITION_2":null,"CONDITION_DESCR_2":null,"YEAR_BUILT_2":null,"UNIT_COUNT_2":null,"PCT_COMPLETE_2":null,"ALLOCATION_PCT_2":null,"TRAV_COUNT":1,"LASTUPDATE":null,"CREATED_DATE":1712330344000,"LAST_EDITED_DATE":1712330533000,"GLOBALID":"{7A0789DC-E3F8-4C0B-AB28-6554FFBC42AB}","SHAPE_Length":0.0049234662712680441,"SHAPE_Area":1.9113020876232638e-07}},{"type":"Feature","id":28,"geometry":{"type":"Polygon","coordinates":[[[-111.72477144799996,40.326497502000052],[-111.72482019199998,40.333541379000053],[-111.72481834101156,40.333549409277012],[-111.72481515643121,40.333557009931859],[-111.72481073031206,40.333563961260907],[-111.72480519059505,40.333570062329791],[-111.72479869741061,40.33357513678169],[-111.72479143845003,40.333579037935046],[-111.72478362354003,40.33358165302355],[-111.72477547857754,40.333582906455739],[-111.72476723899996,40.333582762000049],[-111.72511094899994,40.333580985000026],[-111.72510263437181,40.33358126162053],[-111.72509439318448,40.333580124786771],[-111.72508646397621,40.333577607404003],[-111.72507907625517,40.333573782336984],[-111.72507244385638,40.333568760300949],[-111.72506675875228,40.333562686656968],[-111.72506218549623,40.333555737204556],[-111.72505885645953,40.333548113093173],[-111.72505686799997,40.333540035000055],[-111.72500809599995,40.326495802000068],[-111.72477144799996,40.326497502000052]]]},"properties":{"OBJECTID":28,"PARCEL_NO":170160502,"PARCELID":"170160502","PARCELID_LABEL":"17:016:0502","OWNER_NAME":"LINDON CITY","CARE_NAME":null,"ACREAGE":3.9139649999999997,"SITE_FULL_ADDRESS":"LINDON, UT","SITE_HOUSE_NUM":" ","SITE_PRE_DIR":null,"SITE_STREET_NAME":null,"SITE_STREET_TYPE":null,"SITE_POST_DIR":null,"SITE_STREET_UNIT":null,"SITE_CITY":"LINDON","SITE_STATE":"UT","SITE_ZIP5":"84042","OWN_FULL_ADDRESS":"100 N STATE  LINDON, UT 84042","OWN_STREET_ADDRESS":"100 N STATE","OWN_CITY":"LINDON","OWN_STATE":"UT","OWN_ZIP5":"84042","VESTING_DOC":"29990-1999","PARCEL_CREATE_DATE":921196800000,"MAP_FILING_NO":null,"SUB_NAME":null,"LEGAL_DESCR":"COM E 54.04 FT & S 32.77 FT FR N 1/4 COR. OF SEC. 4, T6S, R2E, SLB&M.; ALONG A CURVE TO L (CHORD BEARS: S 44 DEG 47' 52\" W 21.2 FT, RADIUS = 15 FT); S 0 DEG 9' 34\" E 2566.71 FT; S 89 DEG 36' 22\" W 66 FT; N 0 DEG 9' 34\" W 2566.84 FT; ALONG A CURVE TO L (CHORD BEARS: N 45 DEG 11' 59\" W 21.23 FT, RADIUS = 15 FT); N 89 DEG 45' 25\" E 96 FT TO BEG. AREA 3.914 AC.","BOOK_PAGE":17016,"LOT":null,"BUILDING":null,"UNIT":null,"TAX_DISTRICT":"080","TAX_DISTRICT_DESCR":"LINDON CITY","SCHOOL_DISTRICT":"ALPINE","TAXABLE_CODE":957,"ACCOUNT_TYPE":"EXEMPT","PROP_TYPE":951,"PROP_TYPE_DESCR":"EXEMPT","SPECIFIC_PROP_TYPE":951,"SPC_PROP_TYP_DESCR":"Exempt","NEIGHBORHOOD":"1000","NBHD_DISTRICT":"8999","LAND_DISTRICT":8999,"ECONOMIC_UNIT":null,"GLA_WEIGHTED_YRBLT":null,"TOTAL_ABOVE_GRADE_AREA":null,"TOTAL_MEZZANINE":null,"TOTAL_BASEMENT":null,"TOTAL_BSMT_FINISH":null,"TOTAL_UNIT_COUNT":null,"TOTAL_IMP_COUNT":null,"ASMT_YEAR":2026,"ASMT_CODE":"UNK","ASMT_CODE_DESCR":"UNK","MKT_LAND_VALUE":0,"MKT_LAND_RES":0,"MKT_LAND_AGR":0,"MKT_LAND_COM":0,"MKT_IMP_VALUE":0,"MKT_IMP_RES":0,"MKT_IMP_AGR":0,"MKT_IMP_COM":0,"MKT_CUR_VALUE":0,"MKT_PRV_VAL":0,"MKT_VAL_YR_CHG":0,"MKT_PCT_CHG":0,"TXBL_CUR_VALUE":0,"TXBL_PRV_VAL":0,"TXBL_VAL_YR_CHG":0,"TXBL_PCT_CHG":0,"TOT_CUR_TAXES":0,"TOT_PRV_TAXES":0,"TAXES_YR_CHG":0,"TAXES_PCT_CHG":0,"GREENBELT":null,"EXEMPT_RES":"UNK","COMMON_AREA":null,"PUBLIC_ROAD":"Yes","PRIVATE_ROAD":null,"PART_CENTRAL_ASSD":null,"PART_TAXABLE":null,"IMP_NO_RES":null,"COST_GROUP_RES":null,"STYLE_DESCR_RES":null,"QUALITY_RES":null,"QUALITY_DESCR_RES":null,"CONDITION_RES":null,"CONDITION_DESCR_RES":null,"YEARBLT_RES":null,"GLA_RES":null,"BASEMENT_RES":null,"BSMT_FINISH_RES":null,"ATT_GARAGE_SQFT_RES":null,"BATHROOMS_RES":null,"GLA_BEDROOMS_RES":null,"EXTERIOR_RES":null,"ALLOCATION_PCT_RES":null,"IMP_NO_1":null,"USE_CODE_1":null,"USE_CODE_DESCR_1":null,"COST_CLASS_DESCR_1":null,"EXTERIOR_WALL_1":null,"ABOVE_GRADE_AREA_1":null,"MEZZANINE_1":null,"BASEMENT_1":null,"BSMT_FINISH_1":null,"BSMT_UNFINISH_1":null,"QUALITY_DESCR_1":null,"CONDITION_1":null,"CONDITION_DESCR_1":null,"YEAR_BUILT_1":null,"UNIT_COUNT_1":null,"PCT_COMPLETE_1":null,"ALLOCATION_PCT_1":null,"IMP_NO_2":null,"USE_CODE_2":null,"USE_CODE_DESCR_2":null,"COST_CLASS_DESCR_2":null,"EXTERIOR_WALL_2":null,"ABOVE_GRADE_AREA_2":null,"MEZZANINE_2":null,"BASEMENT_2":null,"BSMT_FINISH_2":null,"BSMT_UNFINISH_2":null,"QUALITY_DESCR_2":null,"CONDITION_2":null,"CONDITION_DESCR_2":null,"YEAR_BUILT_2":null,"UNIT_COUNT_2":null,"PCT_COMPLETE_2":null,"ALLOCATION_PCT_2":null,"TRAV_COUNT":1,"LASTUPDATE":null,"CREATED_DATE":1712330344000,"LAST_EDITED_DATE":1712330533000,"GLOBALID":"{2DC78225-2FD2-4AEC-875E-C796B73EF300}","SHAPE_Length":0.01481803705504444,"SHAPE_Area":1.6778175130146678e-06}},{"type":"Feature","id":29,"geometry":{"type":"Polygon","coordinates":[[[-111.72057492399995,40.326408388000061],[-111.72146995999998,40.328004188000079],[-111.72254084799994,40.327652359000069],[-111.72183848299994,40.326400123000042],[-111.72057492399995,40.326408388000061]]]},"properties":{"OBJECTID":29,"PARCEL_NO":170160079,"PARCELID":"170160079","PARCELID_LABEL":"17:016:0079","OWNER_NAME":"CORP OF PRES BISHOP CHURCH OF JESUS CHRIST OF LDS","CARE_NAME":null,"ACREAGE":4.2130320000000001,"SITE_FULL_ADDRESS":"LINDON, UT","SITE_HOUSE_NUM":" ","SITE_PRE_DIR":null,"SITE_STREET_NAME":null,"SITE_STREET_TYPE":null,"SITE_POST_DIR":null,"SITE_STREET_UNIT":null,"SITE_CITY":"LINDON","SITE_STATE":"UT","SITE_ZIP5":"84042","OWN_FULL_ADDRESS":"50 E NORTH TEMPLE  SALT LAKE CITY, UT 84150-9001","OWN_STREET_ADDRESS":"50 E NORTH TEMPLE","OWN_CITY":"SALT LAKE CITY","OWN_STATE":"UT","OWN_ZIP5":"84150","VESTING_DOC":"47971-1995","PARCEL_CREATE_DATE":806803200000,"MAP_FILING_NO":null,"SUB_NAME":null,"LEGAL_DESCR":"COM S 89 DEG 39' 7\" W 1476.48 FT FR E 1/4 COR. SEC. 4, T6S, R2E, SLB&M.; S 89 DEG 39' 7\" W 352.4 FT; N 23 DEG 5' 25\" W 496.56 FT; N 66 DEG 54' 35\" E 325 FT; S 23 DEG 5' 25\" E 632.8 FT TO BEG. AREA 4.213 AC.","BOOK_PAGE":17016,"LOT":null,"BUILDING":null,"UNIT":null,"TAX_DISTRICT":"080","TAX_DISTRICT_DESCR":"LINDON CITY","SCHOOL_DISTRICT":"ALPINE","TAXABLE_CODE":971,"ACCOUNT_TYPE":"EXEMPT","PROP_TYPE":951,"PROP_TYPE_DESCR":"EXEMPT","SPECIFIC_PROP_TYPE":951,"SPC_PROP_TYP_DESCR":"Exempt","NEIGHBORHOOD":"1000","NBHD_DISTRICT":"8999","LAND_DISTRICT":8999,"ECONOMIC_UNIT":null,"GLA_WEIGHTED_YRBLT":null,"TOTAL_ABOVE_GRADE_AREA":null,"TOTAL_MEZZANINE":null,"TOTAL_BASEMENT":null,"TOTAL_BSMT_FINISH":null,"TOTAL_UNIT_COUNT":null,"TOTAL_IMP_COUNT":null,"ASMT_YEAR":2026,"ASMT_CODE":"UNK","ASMT_CODE_DESCR":"UNK","MKT_LAND_VALUE":0,"MKT_LAND_RES":0,"MKT_LAND_AGR":0,"MKT_LAND_COM":0,"MKT_IMP_VALUE":0,"MKT_IMP_RES":0,"MKT_IMP_AGR":0,"MKT_IMP_COM":0,"MKT_CUR_VALUE":0,"MKT_PRV_VAL":0,"MKT_VAL_YR_CHG":0,"MKT_PCT_CHG":0,"TXBL_CUR_VALUE":0,"TXBL_PRV_VAL":0,"TXBL_VAL_YR_CHG":0,"TXBL_PCT_CHG":0,"TOT_CUR_TAXES":0,"TOT_PRV_TAXES":0,"TAXES_YR_CHG":0,"TAXES_PCT_CHG":0,"GREENBELT":null,"EXEMPT_RES":"UNK","COMMON_AREA":null,"PUBLIC_ROAD":null,"PRIVATE_ROAD":null,"PART_CENTRAL_ASSD":null,"PART_TAXABLE":null,"IMP_NO_RES":null,"COST_GROUP_RES":null,"STYLE_DESCR_RES":null,"QUALITY_RES":null,"QUALITY_DESCR_RES":null,"CONDITION_RES":null,"CONDITION_DESCR_RES":null,"YEARBLT_RES":null,"GLA_RES":null,"BASEMENT_RES":null,"BSMT_FINISH_RES":null,"ATT_GARAGE_SQFT_RES":null,"BATHROOMS_RES":null,"GLA_BEDROOMS_RES":null,"EXTERIOR_RES":null,"ALLOCATION_PCT_RES":null,"IMP_NO_1":null,"USE_CODE_1":null,"USE_CODE_DESCR_1":null,"COST_CLASS_DESCR_1":null,"EXTERIOR_WALL_1":null,"ABOVE_GRADE_AREA_1":null,"MEZZANINE_1":null,"BASEMENT_1":null,"BSMT_FINISH_1":null,"BSMT_UNFINISH_1":null,"QUALITY_DESCR_1":null,"CONDITION_1":null,"CONDITION_DESCR_1":null,"YEAR_BUILT_1":null,"UNIT_COUNT_1":null,"PCT_COMPLETE_1":null,"ALLOCATION_PCT_1":null,"IMP_NO_2":null,"USE_CODE_2":null,"USE_CODE_DESCR_2":null,"COST_CLASS_DESCR_2":null,"EXTERIOR_WALL_2":null,"ABOVE_GRADE_AREA_2":null,"MEZZANINE_2":null,"BASEMENT_2":null,"BSMT_FINISH_2":null,"BSMT_UNFINISH_2":null,"QUALITY_DESCR_2":null,"CONDITION_2":null,"CONDITION_DESCR_2":null,"YEAR_BUILT_2":null,"UNIT_COUNT_2":null,"PCT_COMPLETE_2":null,"ALLOCATION_PCT_2":null,"TRAV_COUNT":1,"LASTUPDATE":null,"CREATED_DATE":1712330344000,"LAST_EDITED_DATE":1712330533000,"GLOBALID":"{3F1AD525-2035-4DD2-A488-5E90F2E63561}","SHAPE_Length":0.0056562129931214834,"SHAPE_Area":1.8059509029539073e-06}},{"type":"Feature","id":30,"geometry":{"type":"Polygon","coordinates":[[[-111.72803176199994,40.326434416000041],[-111.72803691699994,40.326504945000067],[-111.72817726299996,40.326504304000025],[-111.72817403099998,40.326432938000039],[-111.72803176199994,40.326434416000041]]]},"properties":{"OBJECTID":30,"PARCEL_NO":170150090,"PARCELID":"170150090","PARCELID_LABEL":"17:015:0090","OWNER_NAME":"LINDON CITY CORPORATION","CARE_NAME":null,"ACREAGE":0.023397999999999999,"SITE_FULL_ADDRESS":"LINDON, UT","SITE_HOUSE_NUM":" ","SITE_PRE_DIR":null,"SITE_STREET_NAME":null,"SITE_STREET_TYPE":null,"SITE_POST_DIR":null,"SITE_STREET_UNIT":null,"SITE_CITY":"LINDON","SITE_STATE":"UT","SITE_ZIP5":"84042","OWN_FULL_ADDRESS":"100 N STATE ST  LINDON, UT 84042-1808","OWN_STREET_ADDRESS":"100 N STATE ST","OWN_CITY":"LINDON","OWN_STATE":"UT","OWN_ZIP5":"84042","VESTING_DOC":"7572-2010","PARCEL_CREATE_DATE":881712000000,"MAP_FILING_NO":null,"SUB_NAME":null,"LEGAL_DESCR":"COM N 63.29 FT & E 1715.16 FT FR W 1/4 COR. SEC. 4, T6S, R2E, SLB&M.; N 89 DEG 48' 14\" E 39.15 FT; S 3 DEG 3' 20\" E 25.74 FT; S 89 DEG 22' 8\" W 39.68 FT; N 1 DEG 50' 22\" W 26.02 FT TO BEG. AREA 0.023 AC.","BOOK_PAGE":17015,"LOT":null,"BUILDING":null,"UNIT":null,"TAX_DISTRICT":"080","TAX_DISTRICT_DESCR":"LINDON CITY","SCHOOL_DISTRICT":"ALPINE","TAXABLE_CODE":957,"ACCOUNT_TYPE":"EXEMPT","PROP_TYPE":951,"PROP_TYPE_DESCR":"EXEMPT","SPECIFIC_PROP_TYPE":951,"SPC_PROP_TYP_DESCR":"Exempt","NEIGHBORHOOD":"1000","NBHD_DISTRICT":"8999","LAND_DISTRICT":8999,"ECONOMIC_UNIT":null,"GLA_WEIGHTED_YRBLT":null,"TOTAL_ABOVE_GRADE_AREA":null,"TOTAL_MEZZANINE":null,"TOTAL_BASEMENT":null,"TOTAL_BSMT_FINISH":null,"TOTAL_UNIT_COUNT":null,"TOTAL_IMP_COUNT":null,"ASMT_YEAR":2026,"ASMT_CODE":"UNK","ASMT_CODE_DESCR":"UNK","MKT_LAND_VALUE":0,"MKT_LAND_RES":0,"MKT_LAND_AGR":0,"MKT_LAND_COM":0,"MKT_IMP_VALUE":0,"MKT_IMP_RES":0,"MKT_IMP_AGR":0,"MKT_IMP_COM":0,"MKT_CUR_VALUE":0,"MKT_PRV_VAL":0,"MKT_VAL_YR_CHG":0,"MKT_PCT_CHG":0,"TXBL_CUR_VALUE":0,"TXBL_PRV_VAL":0,"TXBL_VAL_YR_CHG":0,"TXBL_PCT_CHG":0,"TOT_CUR_TAXES":0,"TOT_PRV_TAXES":0,"TAXES_YR_CHG":0,"TAXES_PCT_CHG":0,"GREENBELT":null,"EXEMPT_RES":"UNK","COMMON_AREA":null,"PUBLIC_ROAD":null,"PRIVATE_ROAD":null,"PART_CENTRAL_ASSD":null,"PART_TAXABLE":null,"IMP_NO_RES":null,"COST_GROUP_RES":null,"STYLE_DESCR_RES":null,"QUALITY_RES":null,"QUALITY_DESCR_RES":null,"CONDITION_RES":null,"CONDITION_DESCR_RES":null,"YEARBLT_RES":null,"GLA_RES":null,"BASEMENT_RES":null,"BSMT_FINISH_RES":null,"ATT_GARAGE_SQFT_RES":null,"BATHROOMS_RES":null,"GLA_BEDROOMS_RES":null,"EXTERIOR_RES":null,"ALLOCATION_PCT_RES":null,"IMP_NO_1":null,"USE_CODE_1":null,"USE_CODE_DESCR_1":null,"COST_CLASS_DESCR_1":null,"EXTERIOR_WALL_1":null,"ABOVE_GRADE_AREA_1":null,"MEZZANINE_1":null,"BASEMENT_1":null,"BSMT_FINISH_1":null,"BSMT_UNFINISH_1":null,"QUALITY_DESCR_1":null,"CONDITION_1":null,"CONDITION_DESCR_1":null,"YEAR_BUILT_1":null,"UNIT_COUNT_1":null,"PCT_COMPLETE_1":null,"ALLOCATION_PCT_1":null,"IMP_NO_2":null,"USE_CODE_2":null,"USE_CODE_DESCR_2":null,"COST_CLASS_DESCR_2":null,"EXTERIOR_WALL_2":null,"ABOVE_GRADE_AREA_2":null,"MEZZANINE_2":null,"BASEMENT_2":null,"BSMT_FINISH_2":null,"BSMT_UNFINISH_2":null,"QUALITY_DESCR_2":null,"CONDITION_2":null,"CONDITION_DESCR_2":null,"YEAR_BUILT_2":null,"UNIT_COUNT_2":null,"PCT_COMPLETE_2":null,"ALLOCATION_PCT_2":null,"TRAV_COUNT":1,"LASTUPDATE":null,"CREATED_DATE":1712330344000,"LAST_EDITED_DATE":1712330533000,"GLOBALID":"{89E301B6-6E7E-4D3B-B645-471326534C0B}","SHAPE_Length":0.00042478042819649533,"SHAPE_Area":1.0029856872627513e-08}},{"type":"Feature","id":31,"geometry":{"type":"Polygon","coordinates":[[[-111.72803863899998,40.326504686000078],[-111.72804164999997,40.326545834000058],[-111.72818137999997,40.326549381000063],[-111.72817932799995,40.326504045000036],[-111.72803863899998,40.326504686000078]]]},"properties":{"OBJECTID":31,"PARCEL_NO":170150138,"PARCELID":"170150138","PARCELID_LABEL":"17:015:0138","OWNER_NAME":"CITY OF LINDON","CARE_NAME":null,"ACREAGE":0.014133,"SITE_FULL_ADDRESS":"LINDON, UT","SITE_HOUSE_NUM":" ","SITE_PRE_DIR":null,"SITE_STREET_NAME":null,"SITE_STREET_TYPE":null,"SITE_POST_DIR":null,"SITE_STREET_UNIT":null,"SITE_CITY":"LINDON","SITE_STATE":"UT","SITE_ZIP5":"84042","OWN_FULL_ADDRESS":"100 N STATE  LINDON, UT 84042","OWN_STREET_ADDRESS":"100 N STATE","OWN_CITY":"LINDON","OWN_STATE":"UT","OWN_ZIP5":"84042","VESTING_DOC":"5080-2010","PARCEL_CREATE_DATE":1268611200000,"MAP_FILING_NO":null,"SUB_NAME":null,"LEGAL_DESCR":"COM S 2598.58 FT & E 1797.24 FT FR NW COR. SEC. 4, T6S, R2E, SLB&M.; S 89 DEG 48' 13\" W 39.24 FT; N 1 DEG 50' 22\" W 16.53 FT; S 87 DEG 57' 16\" E 38.99 FT; S 3 DEG 3' 21\" E 15.02 FT TO BEG. AREA 0.014 AC.","BOOK_PAGE":17015,"LOT":null,"BUILDING":null,"UNIT":null,"TAX_DISTRICT":"080","TAX_DISTRICT_DESCR":"LINDON CITY","SCHOOL_DISTRICT":"ALPINE","TAXABLE_CODE":957,"ACCOUNT_TYPE":"EXEMPT","PROP_TYPE":951,"PROP_TYPE_DESCR":"EXEMPT","SPECIFIC_PROP_TYPE":951,"SPC_PROP_TYP_DESCR":"Exempt","NEIGHBORHOOD":"1000","NBHD_DISTRICT":"8999","LAND_DISTRICT":8999,"ECONOMIC_UNIT":null,"GLA_WEIGHTED_YRBLT":null,"TOTAL_ABOVE_GRADE_AREA":null,"TOTAL_MEZZANINE":null,"TOTAL_BASEMENT":null,"TOTAL_BSMT_FINISH":null,"TOTAL_UNIT_COUNT":null,"TOTAL_IMP_COUNT":null,"ASMT_YEAR":2026,"ASMT_CODE":"UNK","ASMT_CODE_DESCR":"UNK","MKT_LAND_VALUE":0,"MKT_LAND_RES":0,"MKT_LAND_AGR":0,"MKT_LAND_COM":0,"MKT_IMP_VALUE":0,"MKT_IMP_RES":0,"MKT_IMP_AGR":0,"MKT_IMP_COM":0,"MKT_CUR_VALUE":0,"MKT_PRV_VAL":0,"MKT_VAL_YR_CHG":0,"MKT_PCT_CHG":0,"TXBL_CUR_VALUE":0,"TXBL_PRV_VAL":0,"TXBL_VAL_YR_CHG":0,"TXBL_PCT_CHG":0,"TOT_CUR_TAXES":0,"TOT_PRV_TAXES":0,"TAXES_YR_CHG":0,"TAXES_PCT_CHG":0,"GREENBELT":null,"EXEMPT_RES":"UNK","COMMON_AREA":null,"PUBLIC_ROAD":null,"PRIVATE_ROAD":null,"PART_CENTRAL_ASSD":null,"PART_TAXABLE":null,"IMP_NO_RES":null,"COST_GROUP_RES":null,"STYLE_DESCR_RES":null,"QUALITY_RES":null,"QUALITY_DESCR_RES":null,"CONDITION_RES":null,"CONDITION_DESCR_RES":null,"YEARBLT_RES":null,"GLA_RES":null,"BASEMENT_RES":null,"BSMT_FINISH_RES":null,"ATT_GARAGE_SQFT_RES":null,"BATHROOMS_RES":null,"GLA_BEDROOMS_RES":null,"EXTERIOR_RES":null,"ALLOCATION_PCT_RES":null,"IMP_NO_1":null,"USE_CODE_1":null,"USE_CODE_DESCR_1":null,"COST_CLASS_DESCR_1":null,"EXTERIOR_WALL_1":null,"ABOVE_GRADE_AREA_1":null,"MEZZANINE_1":null,"BASEMENT_1":null,"BSMT_FINISH_1":null,"BSMT_UNFINISH_1":null,"QUALITY_DESCR_1":null,"CONDITION_1":null,"CONDITION_DESCR_1":null,"YEAR_BUILT_1":null,"UNIT_COUNT_1":null,"PCT_COMPLETE_1":null,"ALLOCATION_PCT_1":null,"IMP_NO_2":null,"USE_CODE_2":null,"USE_CODE_DESCR_2":null,"COST_CLASS_DESCR_2":null,"EXTERIOR_WALL_2":null,"ABOVE_GRADE_AREA_2":null,"MEZZANINE_2":null,"BASEMENT_2":null,"BSMT_FINISH_2":null,"BSMT_UNFINISH_2":null,"QUALITY_DESCR_2":null,"CONDITION_2":null,"CONDITION_DESCR_2":null,"YEAR_BUILT_2":null,"UNIT_COUNT_2":null,"PCT_COMPLETE_2":null,"ALLOCATION_PCT_2":null,"TRAV_COUNT":1,"LASTUPDATE":null,"CREATED_DATE":1712330344000,"LAST_EDITED_DATE":1712330533000,"GLOBALID":"{B727B6AF-F445-4A97-9CF8-C2E42C4A7C01}","SHAPE_Length":0.00036710590548897612,"SHAPE_Area":6.0592609296027422e-09}},{"type":"Feature","id":32,"geometry":{"type":"Polygon","coordinates":[[[-111.72803108499994,40.326440638000065],[-111.72606315099995,40.326449656000079],[-111.72606362399995,40.326510140000039],[-111.72621221099996,40.326520198000026],[-111.72673217599998,40.326519191000045],[-111.72685641699996,40.326527479000049],[-111.72752361199997,40.326533083000072],[-111.72803881399994,40.326546162000056],[-111.72803108499994,40.326440638000065]]]},"properties":{"OBJECTID":32,"PARCEL_NO":170150140,"PARCELID":"170150140","PARCELID_LABEL":"17:015:0140","OWNER_NAME":"CITY OF LINDON","CARE_NAME":null,"ACREAGE":0.38,"SITE_FULL_ADDRESS":"LINDON, UT","SITE_HOUSE_NUM":" ","SITE_PRE_DIR":null,"SITE_STREET_NAME":null,"SITE_STREET_TYPE":null,"SITE_POST_DIR":null,"SITE_STREET_UNIT":null,"SITE_CITY":"LINDON","SITE_STATE":"UT","SITE_ZIP5":"84042","OWN_FULL_ADDRESS":"100 N STATE ST  LINDON, UT 84042-1808","OWN_STREET_ADDRESS":"100 N STATE ST","OWN_CITY":"LINDON","OWN_STATE":"UT","OWN_ZIP5":"84042","VESTING_DOC":"89980-2010","PARCEL_CREATE_DATE":1288742400000,"MAP_FILING_NO":null,"SUB_NAME":null,"LEGAL_DESCR":"COM S 0 DEG 51' 59\" E 2633.23 FT & W 902.68 FT FR N 1/4 COR. SEC. 4, T6S, R2E, SLB&M.; N 3 DEG 3' 26\" W 38.51 FT; S 87 DEG 57' 15\" E 143.76 FT; S 89 DEG 13' 33\" E 186.08 FT; S 84 DEG 52' 22\" E 34.78 FT; E 145.01 FT; S 84 DEG 48' 3\" E 41.6 FT; S 0 DEG 11' 52\" E 22.04 FT; S 89 DEG 48' 8\" W 548.83 FT TO BEG. AREA 0.380 AC.","BOOK_PAGE":17015,"LOT":null,"BUILDING":null,"UNIT":null,"TAX_DISTRICT":"080","TAX_DISTRICT_DESCR":"LINDON CITY","SCHOOL_DISTRICT":"ALPINE","TAXABLE_CODE":957,"ACCOUNT_TYPE":"EXEMPT","PROP_TYPE":951,"PROP_TYPE_DESCR":"EXEMPT","SPECIFIC_PROP_TYPE":951,"SPC_PROP_TYP_DESCR":"Exempt","NEIGHBORHOOD":"1000","NBHD_DISTRICT":"8999","LAND_DISTRICT":8999,"ECONOMIC_UNIT":null,"GLA_WEIGHTED_YRBLT":null,"TOTAL_ABOVE_GRADE_AREA":null,"TOTAL_MEZZANINE":null,"TOTAL_BASEMENT":null,"TOTAL_BSMT_FINISH":null,"TOTAL_UNIT_COUNT":null,"TOTAL_IMP_COUNT":null,"ASMT_YEAR":2026,"ASMT_CODE":"UNK","ASMT_CODE_DESCR":"UNK","MKT_LAND_VALUE":0,"MKT_LAND_RES":0,"MKT_LAND_AGR":0,"MKT_LAND_COM":0,"MKT_IMP_VALUE":0,"MKT_IMP_RES":0,"MKT_IMP_AGR":0,"MKT_IMP_COM":0,"MKT_CUR_VALUE":0,"MKT_PRV_VAL":0,"MKT_VAL_YR_CHG":0,"MKT_PCT_CHG":0,"TXBL_CUR_VALUE":0,"TXBL_PRV_VAL":0,"TXBL_VAL_YR_CHG":0,"TXBL_PCT_CHG":0,"TOT_CUR_TAXES":0,"TOT_PRV_TAXES":0,"TAXES_YR_CHG":0,"TAXES_PCT_CHG":0,"GREENBELT":null,"EXEMPT_RES":"UNK","COMMON_AREA":null,"PUBLIC_ROAD":null,"PRIVATE_ROAD":null,"PART_CENTRAL_ASSD":null,"PART_TAXABLE":null,"IMP_NO_RES":null,"COST_GROUP_RES":null,"STYLE_DESCR_RES":null,"QUALITY_RES":null,"QUALITY_DESCR_RES":null,"CONDITION_RES":null,"CONDITION_DESCR_RES":null,"YEARBLT_RES":null,"GLA_RES":null,"BASEMENT_RES":null,"BSMT_FINISH_RES":null,"ATT_GARAGE_SQFT_RES":null,"BATHROOMS_RES":null,"GLA_BEDROOMS_RES":null,"EXTERIOR_RES":null,"ALLOCATION_PCT_RES":null,"IMP_NO_1":null,"USE_CODE_1":null,"USE_CODE_DESCR_1":null,"COST_CLASS_DESCR_1":null,"EXTERIOR_WALL_1":null,"ABOVE_GRADE_AREA_1":null,"MEZZANINE_1":null,"BASEMENT_1":null,"BSMT_FINISH_1":null,"BSMT_UNFINISH_1":null,"QUALITY_DESCR_1":null,"CONDITION_1":null,"CONDITION_DESCR_1":null,"YEAR_BUILT_1":null,"UNIT_COUNT_1":null,"PCT_COMPLETE_1":null,"ALLOCATION_PCT_1":null,"IMP_NO_2":null,"USE_CODE_2":null,"USE_CODE_DESCR_2":null,"COST_CLASS_DESCR_2":null,"EXTERIOR_WALL_2":null,"ABOVE_GRADE_AREA_2":null,"MEZZANINE_2":null,"BASEMENT_2":null,"BSMT_FINISH_2":null,"BSMT_UNFINISH_2":null,"QUALITY_DESCR_2":null,"CONDITION_2":null,"CONDITION_DESCR_2":null,"YEAR_BUILT_2":null,"UNIT_COUNT_2":null,"PCT_COMPLETE_2":null,"ALLOCATION_PCT_2":null,"TRAV_COUNT":1,"LASTUPDATE":null,"CREATED_DATE":1712330344000,"LAST_EDITED_DATE":1712330533000,"GLOBALID":"{9030E593-AB2D-43E6-808A-286C396F8AED}","SHAPE_Length":0.004110243844550894,"SHAPE_Area":1.6399904048552648e-07}},{"type":"Feature","id":33,"geometry":{"type":"Polygon","coordinates":[[[-111.68879537199996,40.32671775600005],[-111.68719179699997,40.326714266000067],[-111.68755603499994,40.327038019000042],[-111.68874831099998,40.327864008000063],[-111.68879280099998,40.327893689000064],[-111.68879537199996,40.32671775600005]]]},"properties":{"OBJECTID":33,"PARCEL_NO":170070043,"PARCELID":"170070043","PARCELID_LABEL":"17:007:0043","OWNER_NAME":"BELMONT EAST LLC","CARE_NAME":null,"ACREAGE":2.3000000000000003,"SITE_FULL_ADDRESS":"OREM, UT","SITE_HOUSE_NUM":" ","SITE_PRE_DIR":null,"SITE_STREET_NAME":null,"SITE_STREET_TYPE":null,"SITE_POST_DIR":null,"SITE_STREET_UNIT":null,"SITE_CITY":"OREM","SITE_STATE":"UT","SITE_ZIP5":"84057","OWN_FULL_ADDRESS":"5314 RIVER RUN RD # 330  PROVO, UT 84604","OWN_STREET_ADDRESS":"5314 RIVER RUN RD # 330","OWN_CITY":"PROVO","OWN_STATE":"UT","OWN_ZIP5":"84604","VESTING_DOC":"56806-2024","PARCEL_CREATE_DATE":670723200000,"MAP_FILING_NO":null,"SUB_NAME":null,"LEGAL_DESCR":"COM S 89 DEG 54'37\"E 2051.79 FT & N 62.09 FT FR W1/4 COR SEC 2, T6S, R2E, SLM; N 00 DEG 13'E 428.50 FT; 16.46 FT ALONG ARC OF 440 FT RAD CUR R (CHD S 48 DEG 48'01\"E 16.46 FT); S 47 DEG 43'42\"E 448.50 FT; S 40 DEG 36'37\"E 155.68 FT; N 89 DEG 43'W 447.22 FT TO BEG. AREA 2.30 ACRES.","BOOK_PAGE":17007,"LOT":null,"BUILDING":null,"UNIT":null,"TAX_DISTRICT":"090","TAX_DISTRICT_DESCR":"OREM CITY","SCHOOL_DISTRICT":"ALPINE","TAXABLE_CODE":100,"ACCOUNT_TYPE":"RESIDENTIAL","PROP_TYPE":900,"PROP_TYPE_DESCR":"VACANT","SPECIFIC_PROP_TYPE":901,"SPC_PROP_TYP_DESCR":"Vac Res","NEIGHBORHOOD":"108","NBHD_DISTRICT":"511","LAND_DISTRICT":5008,"ECONOMIC_UNIT":null,"GLA_WEIGHTED_YRBLT":null,"TOTAL_ABOVE_GRADE_AREA":null,"TOTAL_MEZZANINE":null,"TOTAL_BASEMENT":null,"TOTAL_BSMT_FINISH":null,"TOTAL_UNIT_COUNT":null,"TOTAL_IMP_COUNT":null,"ASMT_YEAR":2026,"ASMT_CODE":"V","ASMT_CODE_DESCR":"VACANT","MKT_LAND_VALUE":937800,"MKT_LAND_RES":0,"MKT_LAND_AGR":937800,"MKT_LAND_COM":0,"MKT_IMP_VALUE":0,"MKT_IMP_RES":0,"MKT_IMP_AGR":0,"MKT_IMP_COM":0,"MKT_CUR_VALUE":937800,"MKT_PRV_VAL":937800,"MKT_VAL_YR_CHG":0,"MKT_PCT_CHG":0,"TXBL_CUR_VALUE":937800,"TXBL_PRV_VAL":937800,"TXBL_VAL_YR_CHG":0,"TXBL_PCT_CHG":0,"TOT_CUR_TAXES":0,"TOT_PRV_TAXES":0,"TAXES_YR_CHG":0,"TAXES_PCT_CHG":0,"GREENBELT":null,"EXEMPT_RES":"N","COMMON_AREA":null,"PUBLIC_ROAD":null,"PRIVATE_ROAD":null,"PART_CENTRAL_ASSD":null,"PART_TAXABLE":null,"IMP_NO_RES":null,"COST_GROUP_RES":null,"STYLE_DESCR_RES":null,"QUALITY_RES":null,"QUALITY_DESCR_RES":null,"CONDITION_RES":null,"CONDITION_DESCR_RES":null,"YEARBLT_RES":null,"GLA_RES":null,"BASEMENT_RES":null,"BSMT_FINISH_RES":null,"ATT_GARAGE_SQFT_RES":null,"BATHROOMS_RES":null,"GLA_BEDROOMS_RES":null,"EXTERIOR_RES":null,"ALLOCATION_PCT_RES":null,"IMP_NO_1":null,"USE_CODE_1":null,"USE_CODE_DESCR_1":null,"COST_CLASS_DESCR_1":null,"EXTERIOR_WALL_1":null,"ABOVE_GRADE_AREA_1":null,"MEZZANINE_1":null,"BASEMENT_1":null,"BSMT_FINISH_1":null,"BSMT_UNFINISH_1":null,"QUALITY_DESCR_1":null,"CONDITION_1":null,"CONDITION_DESCR_1":null,"YEAR_BUILT_1":null,"UNIT_COUNT_1":null,"PCT_COMPLETE_1":null,"ALLOCATION_PCT_1":null,"IMP_NO_2":null,"USE_CODE_2":null,"USE_CODE_DESCR_2":null,"COST_CLASS_DESCR_2":null,"EXTERIOR_WALL_2":null,"ABOVE_GRADE_AREA_2":null,"MEZZANINE_2":null,"BASEMENT_2":null,"BSMT_FINISH_2":null,"BSMT_UNFINISH_2":null,"QUALITY_DESCR_2":null,"CONDITION_2":null,"CONDITION_DESCR_2":null,"YEAR_BUILT_2":null,"UNIT_COUNT_2":null,"PCT_COMPLETE_2":null,"ALLOCATION_PCT_2":null,"TRAV_COUNT":1,"LASTUPDATE":null,"CREATED_DATE":1712330344000,"LAST_EDITED_DATE":1712330533000,"GLOBALID":"{230E6E83-47EE-4504-BF52-19F7485C1CB5}","SHAPE_Length":0.0047707625204122927,"SHAPE_Area":9.879026066268061e-07}},{"type":"Feature","id":34,"geometry":{"type":"Polygon","coordinates":[[[-111.71469580099995,40.287525856000059],[-111.71512350399996,40.287525064000079],[-111.71512022599995,40.287278086000072],[-111.71469502899998,40.287278868000044],[-111.71469580099995,40.287525856000059]]]},"properties":{"OBJECTID":34,"PARCEL_NO":180290032,"PARCELID":"180290032","PARCELID_LABEL":"18:029:0032","OWNER_NAME":"SANTANA, KATHERINE (ET AL)","CARE_NAME":null,"ACREAGE":0.25,"SITE_FULL_ADDRESS":"540 S 800 WEST, OREM, UT","SITE_HOUSE_NUM":"540","SITE_PRE_DIR":"S","SITE_STREET_NAME":"800 WEST","SITE_STREET_TYPE":null,"SITE_POST_DIR":null,"SITE_STREET_UNIT":null,"SITE_CITY":"OREM","SITE_STATE":"UT","SITE_ZIP5":"84058","OWN_FULL_ADDRESS":"540 S 800 W  OREM, UT 84058-6053","OWN_STREET_ADDRESS":"540 S 800 W","OWN_CITY":"OREM","OWN_STATE":"UT","OWN_ZIP5":"84058","VESTING_DOC":"27281-2025","PARCEL_CREATE_DATE":315446400000,"MAP_FILING_NO":null,"SUB_NAME":null,"LEGAL_DESCR":"COM 900 FT S OF NE COR OF SEC 21, T6S, R2E, SLM; W 119.35 FT; S 26'40\"E 90 FT; E 118.65 FT; N 90 FT TO BEG. AREA .25 ACRES.","BOOK_PAGE":18029,"LOT":null,"BUILDING":null,"UNIT":null,"TAX_DISTRICT":"090","TAX_DISTRICT_DESCR":"OREM CITY","SCHOOL_DISTRICT":"ALPINE","TAXABLE_CODE":100,"ACCOUNT_TYPE":"RESIDENTIAL","PROP_TYPE":111,"PROP_TYPE_DESCR":"SINGLE FAMILY RES","SPECIFIC_PROP_TYPE":111,"SPC_PROP_TYP_DESCR":"Single Family Res","NEIGHBORHOOD":"108","NBHD_DISTRICT":"501","LAND_DISTRICT":5025,"ECONOMIC_UNIT":null,"GLA_WEIGHTED_YRBLT":1949,"TOTAL_ABOVE_GRADE_AREA":996,"TOTAL_MEZZANINE":0,"TOTAL_BASEMENT":996,"TOTAL_BSMT_FINISH":996,"TOTAL_UNIT_COUNT":1,"TOTAL_IMP_COUNT":1,"ASMT_YEAR":2026,"ASMT_CODE":"RP","ASMT_CODE_DESCR":"RES PRIMARY","MKT_LAND_VALUE":230100,"MKT_LAND_RES":230100,"MKT_LAND_AGR":0,"MKT_LAND_COM":0,"MKT_IMP_VALUE":198300,"MKT_IMP_RES":198300,"MKT_IMP_AGR":0,"MKT_IMP_COM":0,"MKT_CUR_VALUE":428400,"MKT_PRV_VAL":428400,"MKT_VAL_YR_CHG":0,"MKT_PCT_CHG":0,"TXBL_CUR_VALUE":235620,"TXBL_PRV_VAL":235620,"TXBL_VAL_YR_CHG":0,"TXBL_PCT_CHG":0,"TOT_CUR_TAXES":0,"TOT_PRV_TAXES":0,"TAXES_YR_CHG":0,"TAXES_PCT_CHG":0,"GREENBELT":null,"EXEMPT_RES":"Y","COMMON_AREA":null,"PUBLIC_ROAD":null,"PRIVATE_ROAD":null,"PART_CENTRAL_ASSD":null,"PART_TAXABLE":null,"IMP_NO_RES":46744,"COST_GROUP_RES":"SFR","STYLE_DESCR_RES":"One Story","QUALITY_RES":3,"QUALITY_DESCR_RES":"Average","CONDITION_RES":3,"CONDITION_DESCR_RES":"Average","YEARBLT_RES":1949,"GLA_RES":996,"BASEMENT_RES":996,"BSMT_FINISH_RES":996,"ATT_GARAGE_SQFT_RES":null,"BATHROOMS_RES":2,"GLA_BEDROOMS_RES":2,"EXTERIOR_RES":"Masonry Veneer","ALLOCATION_PCT_RES":null,"IMP_NO_1":null,"USE_CODE_1":null,"USE_CODE_DESCR_1":null,"COST_CLASS_DESCR_1":null,"EXTERIOR_WALL_1":null,"ABOVE_GRADE_AREA_1":null,"MEZZANINE_1":null,"BASEMENT_1":null,"BSMT_FINISH_1":null,"BSMT_UNFINISH_1":null,"QUALITY_DESCR_1":null,"CONDITION_1":null,"CONDITION_DESCR_1":null,"YEAR_BUILT_1":null,"UNIT_COUNT_1":null,"PCT_COMPLETE_1":null,"ALLOCATION_PCT_1":null,"IMP_NO_2":null,"USE_CODE_2":null,"USE_CODE_DESCR_2":null,"COST_CLASS_DESCR_2":null,"EXTERIOR_WALL_2":null,"ABOVE_GRADE_AREA_2":null,"MEZZANINE_2":null,"BASEMENT_2":null,"BSMT_FINISH_2":null,"BSMT_UNFINISH_2":null,"QUALITY_DESCR_2":null,"CONDITION_2":null,"CONDITION_DESCR_2":null,"YEAR_BUILT_2":null,"UNIT_COUNT_2":null,"PCT_COMPLETE_2":null,"ALLOCATION_PCT_2":null,"TRAV_COUNT":1,"LASTUPDATE":null,"CREATED_DATE":1712330344000,"LAST_EDITED_DATE":1712330533000,"GLOBALID":"{348E7AD4-7F26-4F6E-8D63-B11C9617A1B3}","SHAPE_Length":0.001346890411472711,"SHAPE_Area":1.053274940276132e-07}},{"type":"Feature","id":35,"geometry":{"type":"Polygon","coordinates":[[[-111.71471417999999,40.288177929000028],[-111.71471839899999,40.288166763000049],[-111.71607854499996,40.288151846000062],[-111.71605521299995,40.287160200000073],[-111.71511885899997,40.287173117000066],[-111.71512604199995,40.287714411000024],[-111.71524512799999,40.287723914000026],[-111.71524985699995,40.287925124000026],[-111.71470399999998,40.287926671000037],[-111.71471417999999,40.288177929000028]]]},"properties":{"OBJECTID":35,"PARCEL_NO":180290033,"PARCELID":"180290033","PARCELID_LABEL":"18:029:0033","OWNER_NAME":"MAJOR, ROBERT DREW","CARE_NAME":null,"ACREAGE":2.353974,"SITE_FULL_ADDRESS":"OREM, UT","SITE_HOUSE_NUM":" ","SITE_PRE_DIR":null,"SITE_STREET_NAME":null,"SITE_STREET_TYPE":null,"SITE_POST_DIR":null,"SITE_STREET_UNIT":null,"SITE_CITY":"OREM","SITE_STATE":"UT","SITE_ZIP5":"84058","OWN_FULL_ADDRESS":"863 W 600 S  OREM, UT 84058-5926","OWN_STREET_ADDRESS":"863 W 600 S","OWN_CITY":"OREM","OWN_STATE":"UT","OWN_ZIP5":"84058","VESTING_DOC":"3977-2023 (MORE)","PARCEL_CREATE_DATE":315446400000,"MAP_FILING_NO":null,"SUB_NAME":null,"LEGAL_DESCR":"COM S 0 DEG 53' 37\" E 662.46 FT & W 14.89 FT FR NE COR. SEC. 21, T6S, R2E, SLB&M.; S 1 DEG 38' 21\" E 91.6 FT; S 89 DEG 55' 32\" W 152.32 FT; S 0 DEG 53' 37\" E 73.33 FT; S 83 DEG 54' 49\" E 33.41 FT; S 0 DEG 26' 40\" E 197.25 FT; S 89 DEG 6' 22\" W 261.33 FT; N 0 DEG 53' 38\" W 361.4 FT; N 89 DEG 19' 3\" E 379.58 FT TO BEG. AREA 2.354 AC.","BOOK_PAGE":18029,"LOT":null,"BUILDING":null,"UNIT":null,"TAX_DISTRICT":"090","TAX_DISTRICT_DESCR":"OREM CITY","SCHOOL_DISTRICT":"ALPINE","TAXABLE_CODE":100,"ACCOUNT_TYPE":"RESIDENTIAL","PROP_TYPE":900,"PROP_TYPE_DESCR":"VACANT","SPECIFIC_PROP_TYPE":901,"SPC_PROP_TYP_DESCR":"Vac Res","NEIGHBORHOOD":"108","NBHD_DISTRICT":"501","LAND_DISTRICT":5025,"ECONOMIC_UNIT":null,"GLA_WEIGHTED_YRBLT":null,"TOTAL_ABOVE_GRADE_AREA":null,"TOTAL_MEZZANINE":null,"TOTAL_BASEMENT":null,"TOTAL_BSMT_FINISH":null,"TOTAL_UNIT_COUNT":null,"TOTAL_IMP_COUNT":null,"ASMT_YEAR":2026,"ASMT_CODE":"V","ASMT_CODE_DESCR":"VACANT","MKT_LAND_VALUE":1279700,"MKT_LAND_RES":0,"MKT_LAND_AGR":1279700,"MKT_LAND_COM":0,"MKT_IMP_VALUE":0,"MKT_IMP_RES":0,"MKT_IMP_AGR":0,"MKT_IMP_COM":0,"MKT_CUR_VALUE":1279700,"MKT_PRV_VAL":1279700,"MKT_VAL_YR_CHG":0,"MKT_PCT_CHG":0,"TXBL_CUR_VALUE":1279700,"TXBL_PRV_VAL":1279700,"TXBL_VAL_YR_CHG":0,"TXBL_PCT_CHG":0,"TOT_CUR_TAXES":0,"TOT_PRV_TAXES":0,"TAXES_YR_CHG":0,"TAXES_PCT_CHG":0,"GREENBELT":null,"EXEMPT_RES":"N","COMMON_AREA":null,"PUBLIC_ROAD":null,"PRIVATE_ROAD":null,"PART_CENTRAL_ASSD":null,"PART_TAXABLE":null,"IMP_NO_RES":null,"COST_GROUP_RES":null,"STYLE_DESCR_RES":null,"QUALITY_RES":null,"QUALITY_DESCR_RES":null,"CONDITION_RES":null,"CONDITION_DESCR_RES":null,"YEARBLT_RES":null,"GLA_RES":null,"BASEMENT_RES":null,"BSMT_FINISH_RES":null,"ATT_GARAGE_SQFT_RES":null,"BATHROOMS_RES":null,"GLA_BEDROOMS_RES":null,"EXTERIOR_RES":null,"ALLOCATION_PCT_RES":null,"IMP_NO_1":null,"USE_CODE_1":null,"USE_CODE_DESCR_1":null,"COST_CLASS_DESCR_1":null,"EXTERIOR_WALL_1":null,"ABOVE_GRADE_AREA_1":null,"MEZZANINE_1":null,"BASEMENT_1":null,"BSMT_FINISH_1":null,"BSMT_UNFINISH_1":null,"QUALITY_DESCR_1":null,"CONDITION_1":null,"CONDITION_DESCR_1":null,"YEAR_BUILT_1":null,"UNIT_COUNT_1":null,"PCT_COMPLETE_1":null,"ALLOCATION_PCT_1":null,"IMP_NO_2":null,"USE_CODE_2":null,"USE_CODE_DESCR_2":null,"COST_CLASS_DESCR_2":null,"EXTERIOR_WALL_2":null,"ABOVE_GRADE_AREA_2":null,"MEZZANINE_2":null,"BASEMENT_2":null,"BSMT_FINISH_2":null,"BSMT_UNFINISH_2":null,"QUALITY_DESCR_2":null,"CONDITION_2":null,"CONDITION_DESCR_2":null,"YEAR_BUILT_2":null,"UNIT_COUNT_2":null,"PCT_COMPLETE_2":null,"ALLOCATION_PCT_2":null,"TRAV_COUNT":1,"LASTUPDATE":null,"CREATED_DATE":1712330344000,"LAST_EDITED_DATE":1712330533000,"GLOBALID":"{055D91D0-4931-4F00-8CA3-396C848BBA23}","SHAPE_Length":0.0049599229337905695,"SHAPE_Area":1.0084454994469837e-06}},{"type":"Feature","id":36,"geometry":{"type":"Polygon","coordinates":[[[-111.71469706599999,40.287926689000074],[-111.71524986699995,40.287925673000075],[-111.71524529499999,40.28773121200004],[-111.71469646099996,40.287732222000045],[-111.71469706599999,40.287926689000074]]]},"properties":{"OBJECTID":36,"PARCEL_NO":180290034,"PARCELID":"180290034","PARCELID_LABEL":"18:029:0034","OWNER_NAME":"MAJOR, ROBERT DREW","CARE_NAME":null,"ACREAGE":0.25,"SITE_FULL_ADDRESS":"520 S 800 WEST, OREM, UT","SITE_HOUSE_NUM":"520","SITE_PRE_DIR":"S","SITE_STREET_NAME":"800 WEST","SITE_STREET_TYPE":null,"SITE_POST_DIR":null,"SITE_STREET_UNIT":null,"SITE_CITY":"OREM","SITE_STATE":"UT","SITE_ZIP5":"84058","OWN_FULL_ADDRESS":"863 W 600 S  OREM, UT 84058-5926","OWN_STREET_ADDRESS":"863 W 600 S","OWN_CITY":"OREM","OWN_STATE":"UT","OWN_ZIP5":"84058","VESTING_DOC":"3978-2023 (MORE)","PARCEL_CREATE_DATE":220838400000,"MAP_FILING_NO":null,"SUB_NAME":null,"LEGAL_DESCR":"COM S 753.94 FT OF NE COR SEC 21, T6S, R2E, SLM; W 154.26 FT; S 53'37\"E 70.87 FT; E 153.15 FT; N 71.06 FT TO BEG. AREA .25 ACRES.","BOOK_PAGE":18029,"LOT":null,"BUILDING":null,"UNIT":null,"TAX_DISTRICT":"090","TAX_DISTRICT_DESCR":"OREM CITY","SCHOOL_DISTRICT":"ALPINE","TAXABLE_CODE":100,"ACCOUNT_TYPE":"RESIDENTIAL","PROP_TYPE":111,"PROP_TYPE_DESCR":"SINGLE FAMILY RES","SPECIFIC_PROP_TYPE":111,"SPC_PROP_TYP_DESCR":"Single Family Res","NEIGHBORHOOD":"108","NBHD_DISTRICT":"501","LAND_DISTRICT":5025,"ECONOMIC_UNIT":null,"GLA_WEIGHTED_YRBLT":1959,"TOTAL_ABOVE_GRADE_AREA":1272,"TOTAL_MEZZANINE":0,"TOTAL_BASEMENT":0,"TOTAL_BSMT_FINISH":0,"TOTAL_UNIT_COUNT":1,"TOTAL_IMP_COUNT":1,"ASMT_YEAR":2026,"ASMT_CODE":"RP","ASMT_CODE_DESCR":"RES PRIMARY","MKT_LAND_VALUE":230100,"MKT_LAND_RES":230100,"MKT_LAND_AGR":0,"MKT_LAND_COM":0,"MKT_IMP_VALUE":164800,"MKT_IMP_RES":164800,"MKT_IMP_AGR":0,"MKT_IMP_COM":0,"MKT_CUR_VALUE":394900,"MKT_PRV_VAL":394900,"MKT_VAL_YR_CHG":0,"MKT_PCT_CHG":0,"TXBL_CUR_VALUE":217195,"TXBL_PRV_VAL":217195,"TXBL_VAL_YR_CHG":0,"TXBL_PCT_CHG":0,"TOT_CUR_TAXES":0,"TOT_PRV_TAXES":0,"TAXES_YR_CHG":0,"TAXES_PCT_CHG":0,"GREENBELT":null,"EXEMPT_RES":"Y","COMMON_AREA":null,"PUBLIC_ROAD":null,"PRIVATE_ROAD":null,"PART_CENTRAL_ASSD":null,"PART_TAXABLE":null,"IMP_NO_RES":46745,"COST_GROUP_RES":"SFR","STYLE_DESCR_RES":"One Story","QUALITY_RES":3,"QUALITY_DESCR_RES":"Average","CONDITION_RES":3,"CONDITION_DESCR_RES":"Average","YEARBLT_RES":1959,"GLA_RES":1272,"BASEMENT_RES":0,"BSMT_FINISH_RES":0,"ATT_GARAGE_SQFT_RES":null,"BATHROOMS_RES":1.5,"GLA_BEDROOMS_RES":3,"EXTERIOR_RES":"Metal Vinyl Siding","ALLOCATION_PCT_RES":null,"IMP_NO_1":null,"USE_CODE_1":null,"USE_CODE_DESCR_1":null,"COST_CLASS_DESCR_1":null,"EXTERIOR_WALL_1":null,"ABOVE_GRADE_AREA_1":null,"MEZZANINE_1":null,"BASEMENT_1":null,"BSMT_FINISH_1":null,"BSMT_UNFINISH_1":null,"QUALITY_DESCR_1":null,"CONDITION_1":null,"CONDITION_DESCR_1":null,"YEAR_BUILT_1":null,"UNIT_COUNT_1":null,"PCT_COMPLETE_1":null,"ALLOCATION_PCT_1":null,"IMP_NO_2":null,"USE_CODE_2":null,"USE_CODE_DESCR_2":null,"COST_CLASS_DESCR_2":null,"EXTERIOR_WALL_2":null,"ABOVE_GRADE_AREA_2":null,"MEZZANINE_2":null,"BASEMENT_2":null,"BSMT_FINISH_2":null,"BSMT_UNFINISH_2":null,"QUALITY_DESCR_2":null,"CONDITION_2":null,"CONDITION_DESCR_2":null,"YEAR_BUILT_2":null,"UNIT_COUNT_2":null,"PCT_COMPLETE_2":null,"ALLOCATION_PCT_2":null,"TRAV_COUNT":1,"LASTUPDATE":null,"CREATED_DATE":1712330344000,"LAST_EDITED_DATE":1712330533000,"GLOBALID":"{D8A57276-C8EE-4A0B-B5CA-4D776A9CE11E}","SHAPE_Length":0.0014906195431912154,"SHAPE_Area":1.0711679648777146e-07}},{"type":"Feature","id":37,"geometry":{"type":"Polygon","coordinates":[[[-111.71463293899996,40.286998940000046],[-111.71515882499995,40.286986370000079],[-111.71515953499994,40.287174027000049],[-111.71608660899994,40.287161238000067],[-111.71606887199999,40.286411853000061],[-111.71499933599995,40.286416685000063],[-111.71500608699995,40.286703807000038],[-111.71462619599998,40.286705522000034],[-111.71463304699995,40.286996979000037],[-111.71463293899996,40.286998940000046]]]},"properties":{"OBJECTID":37,"PARCEL_NO":180290150,"PARCELID":"180290150","PARCELID_LABEL":"18:029:0150","OWNER_NAME":"MAJOR, ROBERT DREW","CARE_NAME":null,"ACREAGE":2.0776460000000001,"SITE_FULL_ADDRESS":"OREM, UT","SITE_HOUSE_NUM":" ","SITE_PRE_DIR":null,"SITE_STREET_NAME":null,"SITE_STREET_TYPE":null,"SITE_POST_DIR":null,"SITE_STREET_UNIT":null,"SITE_CITY":"OREM","SITE_STATE":"UT","SITE_ZIP5":"84058","OWN_FULL_ADDRESS":"863 W 600 S  OREM, UT 84058-5926","OWN_STREET_ADDRESS":"863 W 600 S","OWN_CITY":"OREM","OWN_STATE":"UT","OWN_ZIP5":"84058","VESTING_DOC":"3979-2023 (MORE)","PARCEL_CREATE_DATE":867628800000,"MAP_FILING_NO":null,"SUB_NAME":null,"LEGAL_DESCR":"COM S 1092.04 FT & E 17.08 FT FR NE COR. SEC. 21, T6S, R2E, SLB&M.; S 88 DEG 20' 59\" W 146.82 FT; N 0 DEG 1' 40\" W 68.38 FT; S 89 DEG 6' 22\" W 258.74 FT; S 0 DEG 54' 0\" E 273.11 FT; N 89 DEG 48' 0\" E 298.46 FT; N 0 DEG 53' 37\" W 104.64 FT; N 89 DEG 48' 0\" E 106.01 FT; N 0 DEG 53' 37\" W 106.22 FT TO BEG. AREA 2.078 AC.","BOOK_PAGE":18029,"LOT":null,"BUILDING":null,"UNIT":null,"TAX_DISTRICT":"090","TAX_DISTRICT_DESCR":"OREM CITY","SCHOOL_DISTRICT":"ALPINE","TAXABLE_CODE":100,"ACCOUNT_TYPE":"RESIDENTIAL","PROP_TYPE":900,"PROP_TYPE_DESCR":"VACANT","SPECIFIC_PROP_TYPE":901,"SPC_PROP_TYP_DESCR":"Vac Res","NEIGHBORHOOD":"108","NBHD_DISTRICT":"501","LAND_DISTRICT":5025,"ECONOMIC_UNIT":null,"GLA_WEIGHTED_YRBLT":null,"TOTAL_ABOVE_GRADE_AREA":null,"TOTAL_MEZZANINE":null,"TOTAL_BASEMENT":null,"TOTAL_BSMT_FINISH":null,"TOTAL_UNIT_COUNT":null,"TOTAL_IMP_COUNT":null,"ASMT_YEAR":2026,"ASMT_CODE":"V","ASMT_CODE_DESCR":"VACANT","MKT_LAND_VALUE":1129400,"MKT_LAND_RES":0,"MKT_LAND_AGR":1129400,"MKT_LAND_COM":0,"MKT_IMP_VALUE":0,"MKT_IMP_RES":0,"MKT_IMP_AGR":0,"MKT_IMP_COM":0,"MKT_CUR_VALUE":1129400,"MKT_PRV_VAL":1129400,"MKT_VAL_YR_CHG":0,"MKT_PCT_CHG":0,"TXBL_CUR_VALUE":1129400,"TXBL_PRV_VAL":1129400,"TXBL_VAL_YR_CHG":0,"TXBL_PCT_CHG":0,"TOT_CUR_TAXES":0,"TOT_PRV_TAXES":0,"TAXES_YR_CHG":0,"TAXES_PCT_CHG":0,"GREENBELT":null,"EXEMPT_RES":"N","COMMON_AREA":null,"PUBLIC_ROAD":null,"PRIVATE_ROAD":null,"PART_CENTRAL_ASSD":null,"PART_TAXABLE":null,"IMP_NO_RES":null,"COST_GROUP_RES":null,"STYLE_DESCR_RES":null,"QUALITY_RES":null,"QUALITY_DESCR_RES":null,"CONDITION_RES":null,"CONDITION_DESCR_RES":null,"YEARBLT_RES":null,"GLA_RES":null,"BASEMENT_RES":null,"BSMT_FINISH_RES":null,"ATT_GARAGE_SQFT_RES":null,"BATHROOMS_RES":null,"GLA_BEDROOMS_RES":null,"EXTERIOR_RES":null,"ALLOCATION_PCT_RES":null,"IMP_NO_1":null,"USE_CODE_1":null,"USE_CODE_DESCR_1":null,"COST_CLASS_DESCR_1":null,"EXTERIOR_WALL_1":null,"ABOVE_GRADE_AREA_1":null,"MEZZANINE_1":null,"BASEMENT_1":null,"BSMT_FINISH_1":null,"BSMT_UNFINISH_1":null,"QUALITY_DESCR_1":null,"CONDITION_1":null,"CONDITION_DESCR_1":null,"YEAR_BUILT_1":null,"UNIT_COUNT_1":null,"PCT_COMPLETE_1":null,"ALLOCATION_PCT_1":null,"IMP_NO_2":null,"USE_CODE_2":null,"USE_CODE_DESCR_2":null,"COST_CLASS_DESCR_2":null,"EXTERIOR_WALL_2":null,"ABOVE_GRADE_AREA_2":null,"MEZZANINE_2":null,"BASEMENT_2":null,"BSMT_FINISH_2":null,"BSMT_UNFINISH_2":null,"QUALITY_DESCR_2":null,"CONDITION_2":null,"CONDITION_DESCR_2":null,"YEAR_BUILT_2":null,"UNIT_COUNT_2":null,"PCT_COMPLETE_2":null,"ALLOCATION_PCT_2":null,"TRAV_COUNT":1,"LASTUPDATE":null,"CREATED_DATE":1712330344000,"LAST_EDITED_DATE":1712330533000,"GLOBALID":"{E9C9FC1F-350D-4F4E-BA78-8EEC639896D6}","SHAPE_Length":0.0044205962566004836,"SHAPE_Area":8.9005613059562315e-07}},{"type":"Feature","id":38,"geometry":{"type":"Polygon","coordinates":[[[-111.67248741699996,40.281034914000031],[-111.67248739899998,40.281024346000038],[-111.67248698399999,40.280859521000025],[-111.67213342599996,40.280860043000075],[-111.6721523759465,40.28091615824836],[-111.67216664914744,40.280973641265831],[-111.67217614899994,40.28103210300003],[-111.67235752199997,40.281033727000079],[-111.67248741699996,40.281034914000031]]]},"properties":{"OBJECTID":38,"PARCEL_NO":180590094,"PARCELID":"180590094","PARCELID_LABEL":"18:059:0094","OWNER_NAME":"KOFFORD, JACK C & JACK (ET AL)","CARE_NAME":null,"ACREAGE":0.133211,"SITE_FULL_ADDRESS":"888 S 1000 EAST, OREM, UT","SITE_HOUSE_NUM":"888","SITE_PRE_DIR":"S","SITE_STREET_NAME":"1000 EAST","SITE_STREET_TYPE":null,"SITE_POST_DIR":null,"SITE_STREET_UNIT":null,"SITE_CITY":"OREM","SITE_STATE":"UT","SITE_ZIP5":"84097","OWN_FULL_ADDRESS":"888 S 1000 E  OREM, UT 84097-6602","OWN_STREET_ADDRESS":"888 S 1000 E","OWN_CITY":"OREM","OWN_STATE":"UT","OWN_ZIP5":"84097","VESTING_DOC":"56932-2004 (MORE)","PARCEL_CREATE_DATE":1084838400000,"MAP_FILING_NO":null,"SUB_NAME":null,"LEGAL_DESCR":"COM S 473.32 FT & E 1032.24 FT FR W 1/4 COR. SEC. 24, T6S, R2E, SLB&M.; S 89 DEG 12' 17\" E 36.25 FT; S 89 DEG 13' 11\" E 50.62 FT; ALONG A CURVE TO L (CHORD BEARS: S 10 DEG 39' 27\" E 63.82 FT, RADIUS = 323.26 FT) ARC LENGTH = 63.93 FEET; W 98.67 FT; N 60.06 FT; N 3.85 FT TO BEG. AREA 0.133 AC.","BOOK_PAGE":18059,"LOT":null,"BUILDING":null,"UNIT":null,"TAX_DISTRICT":"090","TAX_DISTRICT_DESCR":"OREM CITY","SCHOOL_DISTRICT":"ALPINE","TAXABLE_CODE":100,"ACCOUNT_TYPE":"RESIDENTIAL","PROP_TYPE":111,"PROP_TYPE_DESCR":"SINGLE FAMILY RES","SPECIFIC_PROP_TYPE":111,"SPC_PROP_TYP_DESCR":"Single Family Res","NEIGHBORHOOD":"107","NBHD_DISTRICT":"505","LAND_DISTRICT":5017,"ECONOMIC_UNIT":null,"GLA_WEIGHTED_YRBLT":1990,"TOTAL_ABOVE_GRADE_AREA":2170,"TOTAL_MEZZANINE":0,"TOTAL_BASEMENT":1155,"TOTAL_BSMT_FINISH":0,"TOTAL_UNIT_COUNT":1,"TOTAL_IMP_COUNT":2,"ASMT_YEAR":2026,"ASMT_CODE":"RP","ASMT_CODE_DESCR":"RES PRIMARY","MKT_LAND_VALUE":233800,"MKT_LAND_RES":233800,"MKT_LAND_AGR":0,"MKT_LAND_COM":0,"MKT_IMP_VALUE":272000,"MKT_IMP_RES":272000,"MKT_IMP_AGR":0,"MKT_IMP_COM":0,"MKT_CUR_VALUE":505800,"MKT_PRV_VAL":505800,"MKT_VAL_YR_CHG":0,"MKT_PCT_CHG":0,"TXBL_CUR_VALUE":278190,"TXBL_PRV_VAL":278190,"TXBL_VAL_YR_CHG":0,"TXBL_PCT_CHG":0,"TOT_CUR_TAXES":0,"TOT_PRV_TAXES":0,"TAXES_YR_CHG":0,"TAXES_PCT_CHG":0,"GREENBELT":null,"EXEMPT_RES":"Y","COMMON_AREA":null,"PUBLIC_ROAD":null,"PRIVATE_ROAD":null,"PART_CENTRAL_ASSD":null,"PART_TAXABLE":null,"IMP_NO_RES":48036,"COST_GROUP_RES":"SFR","STYLE_DESCR_RES":"One Story","QUALITY_RES":3,"QUALITY_DESCR_RES":"Average","CONDITION_RES":3,"CONDITION_DESCR_RES":"Average","YEARBLT_RES":1990,"GLA_RES":1171,"BASEMENT_RES":1155,"BSMT_FINISH_RES":0,"ATT_GARAGE_SQFT_RES":null,"BATHROOMS_RES":2,"GLA_BEDROOMS_RES":2,"EXTERIOR_RES":"Masonry Veneer","ALLOCATION_PCT_RES":null,"IMP_NO_1":298132,"USE_CODE_1":1152,"USE_CODE_DESCR_1":"Garage - Detached","COST_CLASS_DESCR_1":"D - Wood/Steel Studs","EXTERIOR_WALL_1":null,"ABOVE_GRADE_AREA_1":999,"MEZZANINE_1":0,"BASEMENT_1":0,"BSMT_FINISH_1":0,"BSMT_UNFINISH_1":0,"QUALITY_DESCR_1":"Average","CONDITION_1":3,"CONDITION_DESCR_1":"Average","YEAR_BUILT_1":1990,"UNIT_COUNT_1":null,"PCT_COMPLETE_1":1,"ALLOCATION_PCT_1":null,"IMP_NO_2":null,"USE_CODE_2":null,"USE_CODE_DESCR_2":null,"COST_CLASS_DESCR_2":null,"EXTERIOR_WALL_2":null,"ABOVE_GRADE_AREA_2":null,"MEZZANINE_2":null,"BASEMENT_2":null,"BSMT_FINISH_2":null,"BSMT_UNFINISH_2":null,"QUALITY_DESCR_2":null,"CONDITION_2":null,"CONDITION_DESCR_2":null,"YEAR_BUILT_2":null,"UNIT_COUNT_2":null,"PCT_COMPLETE_2":null,"ALLOCATION_PCT_2":null,"TRAV_COUNT":1,"LASTUPDATE":null,"CREATED_DATE":1712330344000,"LAST_EDITED_DATE":1712330533000,"GLOBALID":"{71034F5A-A740-4769-A44A-42C7F031B97B}","SHAPE_Length":0.0010179684243373369,"SHAPE_Area":5.707486766347392e-08}},{"type":"Feature","id":39,"geometry":{"type":"Polygon","coordinates":[[[-111.67268538199994,40.272531627000035],[-111.67258008599998,40.272429177000049],[-111.67233990699998,40.272244593000039],[-111.67207895699994,40.272063496000044],[-111.67194259799999,40.271985451000035],[-111.67187103899994,40.271960863000061],[-111.67186495599998,40.271966554000073],[-111.67186936799999,40.271968381000079],[-111.6718321474556,40.272008031612522],[-111.67179144852221,40.272044102886582],[-111.67174761399997,40.272076291000076],[-111.67173839899999,40.272084912000025],[-111.67155860499997,40.272199025000077],[-111.67148146499994,40.272247982000067],[-111.67158730299997,40.272247816000061],[-111.67155728899996,40.272370188000025],[-111.67144264399997,40.272490077000043],[-111.67134885099995,40.272712098000056],[-111.67131533299994,40.272879553000053],[-111.67172693799995,40.272878948000027],[-111.67172442599997,40.273309869000059],[-111.67264128999994,40.273313012000074],[-111.67273297299994,40.273182915000064],[-111.67272304599999,40.272666750000042],[-111.67268637799998,40.272623242000066],[-111.67265070599996,40.27257970200003],[-111.67253731399995,40.272500422000064],[-111.67268538199994,40.272531627000035]]]},"properties":{"OBJECTID":39,"PARCEL_NO":190040081,"PARCELID":"190040081","PARCELID_LABEL":"19:004:0081","OWNER_NAME":"SHALLENBERGER, STEVEN R (ET AL)","CARE_NAME":null,"ACREAGE":3.0370900000000001,"SITE_FULL_ADDRESS":"1331 S 1000 EAST, OREM, UT","SITE_HOUSE_NUM":"1331","SITE_PRE_DIR":"S","SITE_STREET_NAME":"1000 EAST","SITE_STREET_TYPE":null,"SITE_POST_DIR":null,"SITE_STREET_UNIT":null,"SITE_CITY":"OREM","SITE_STATE":"UT","SITE_ZIP5":"84097","OWN_FULL_ADDRESS":"1330 S 1000 E  OREM, UT 84097-7260","OWN_STREET_ADDRESS":"1330 S 1000 E","OWN_CITY":"OREM","OWN_STATE":"UT","OWN_ZIP5":"84097","VESTING_DOC":"62767-2024","PARCEL_CREATE_DATE":1727913600000,"MAP_FILING_NO":null,"SUB_NAME":null,"LEGAL_DESCR":"COM S 928.02 FT & E 960.92 FT FR NW COR. SEC. 25, T6S, R2E, SLB&M.; S 74 DEG 30' 0\" E 42.86 FT; N 47 DEG 30' 1\" W 42.85 FT; N 31 DEG 59' 58\" W 18.73 FT; N 32 DEG 44' 0\" W 18.87 FT; N 0 DEG 44' 0\" W 188.1 FT; N 28 DEG 28' 15\" E 53.87 FT; S 89 DEG 38' 0\" E 255.9 FT; S 0 DEG 21' 57\" W 157.02 FT; E 114.88 FT; S 8 DEG 49' 34\" W 61.73 FT; S 18 DEG 2' 26\" W 85.03 FT; S 36 DEG 19' 55\" W 54.15 FT; S 10 DEG 44' 59\" W 45.37 FT; N 89 DEG 59' 35\" E 29.54 FT; S 50 DEG 28' 1\" W 27.96 FT; S 50 DEG 27' 52\" W 65.17 FT; S 39 DEG 25' 29\" W 4.06 FT; ALONG A CURVE TO L (CHORD BEARS: S 40 DEG 56' 42\" W 51.97 FT, RADIUS = 189.98 FT); S 61 DEG 29' 42\" E 1.4 FT; S 39 DEG 25' 12\" W 2.68 FT; N 65 DEG 43' 45\" W 21.89 FT; N 53 DEG 7' 20\" W 47.51 FT; N 47 DEG 42' 45\" W 98.28 FT; N 44 DEG 47' 39\" W 94.96 FT; N 38 DEG 6' 27\" W 47.51 FT TO BEG. AREA 3.037 AC.","BOOK_PAGE":19004,"LOT":null,"BUILDING":null,"UNIT":null,"TAX_DISTRICT":"090","TAX_DISTRICT_DESCR":"OREM CITY","SCHOOL_DISTRICT":"ALPINE","TAXABLE_CODE":100,"ACCOUNT_TYPE":"RESIDENTIAL","PROP_TYPE":111,"PROP_TYPE_DESCR":"SINGLE FAMILY RES","SPECIFIC_PROP_TYPE":111,"SPC_PROP_TYP_DESCR":"Single Family Res","NEIGHBORHOOD":"107","NBHD_DISTRICT":"505","LAND_DISTRICT":5016,"ECONOMIC_UNIT":null,"GLA_WEIGHTED_YRBLT":2012,"TOTAL_ABOVE_GRADE_AREA":7044,"TOTAL_MEZZANINE":0,"TOTAL_BASEMENT":5467,"TOTAL_BSMT_FINISH":4691,"TOTAL_UNIT_COUNT":2,"TOTAL_IMP_COUNT":2,"ASMT_YEAR":2026,"ASMT_CODE":"RPO","ASMT_CODE_DESCR":"RP PLUS ACREAGE","MKT_LAND_VALUE":1051100,"MKT_LAND_RES":774300,"MKT_LAND_AGR":276800,"MKT_LAND_COM":0,"MKT_IMP_VALUE":2234300,"MKT_IMP_RES":2234300,"MKT_IMP_AGR":0,"MKT_IMP_COM":0,"MKT_CUR_VALUE":3285400,"MKT_PRV_VAL":3285400,"MKT_VAL_YR_CHG":0,"MKT_PCT_CHG":0,"TXBL_CUR_VALUE":1931530,"TXBL_PRV_VAL":1931530,"TXBL_VAL_YR_CHG":0,"TXBL_PCT_CHG":0,"TOT_CUR_TAXES":0,"TOT_PRV_TAXES":0,"TAXES_YR_CHG":0,"TAXES_PCT_CHG":0,"GREENBELT":null,"EXEMPT_RES":"Y","COMMON_AREA":null,"PUBLIC_ROAD":null,"PRIVATE_ROAD":null,"PART_CENTRAL_ASSD":null,"PART_TAXABLE":null,"IMP_NO_RES":48631,"COST_GROUP_RES":"SFR","STYLE_DESCR_RES":"One Story","QUALITY_RES":4.5,"QUALITY_DESCR_RES":"Good Plus","CONDITION_RES":3,"CONDITION_DESCR_RES":"Average","YEARBLT_RES":2012,"GLA_RES":4958,"BASEMENT_RES":4691,"BSMT_FINISH_RES":4691,"ATT_GARAGE_SQFT_RES":1310,"BATHROOMS_RES":7,"GLA_BEDROOMS_RES":2,"EXTERIOR_RES":"Stucco or Cement Fiber Siding","ALLOCATION_PCT_RES":null,"IMP_NO_1":null,"USE_CODE_1":null,"USE_CODE_DESCR_1":null,"COST_CLASS_DESCR_1":null,"EXTERIOR_WALL_1":null,"ABOVE_GRADE_AREA_1":null,"MEZZANINE_1":null,"BASEMENT_1":null,"BSMT_FINISH_1":null,"BSMT_UNFINISH_1":null,"QUALITY_DESCR_1":null,"CONDITION_1":null,"CONDITION_DESCR_1":null,"YEAR_BUILT_1":null,"UNIT_COUNT_1":null,"PCT_COMPLETE_1":null,"ALLOCATION_PCT_1":null,"IMP_NO_2":null,"USE_CODE_2":null,"USE_CODE_DESCR_2":null,"COST_CLASS_DESCR_2":null,"EXTERIOR_WALL_2":null,"ABOVE_GRADE_AREA_2":null,"MEZZANINE_2":null,"BASEMENT_2":null,"BSMT_FINISH_2":null,"BSMT_UNFINISH_2":null,"QUALITY_DESCR_2":null,"CONDITION_2":null,"CONDITION_DESCR_2":null,"YEAR_BUILT_2":null,"UNIT_COUNT_2":null,"PCT_COMPLETE_2":null,"ALLOCATION_PCT_2":null,"TRAV_COUNT":1,"LASTUPDATE":null,"CREATED_DATE":1727961799000,"LAST_EDITED_DATE":1727961799000,"GLOBALID":"{5950EE30-BE49-4B9B-993C-22525728CE08}","SHAPE_Length":0.0051406860272535616,"SHAPE_Area":1.3015915141646883e-06}},{"type":"Feature","id":40,"geometry":{"type":"Polygon","coordinates":[[[-111.68985347299997,40.258800939000025],[-111.68982769199994,40.258817617000034],[-111.68982997699999,40.259642404000033],[-111.68984440999998,40.259642253000038],[-111.68985347299997,40.258800939000025]]]},"properties":{"OBJECTID":40,"PARCEL_NO":190530167,"PARCELID":"190530167","PARCELID_LABEL":"19:053:0167","OWNER_NAME":"ROBISON, JEFFREY C & CRYSTAL S","CARE_NAME":null,"ACREAGE":0.039046999999999998,"SITE_FULL_ADDRESS":"OREM, UT","SITE_HOUSE_NUM":" ","SITE_PRE_DIR":null,"SITE_STREET_NAME":null,"SITE_STREET_TYPE":null,"SITE_POST_DIR":null,"SITE_STREET_UNIT":null,"SITE_CITY":"OREM","SITE_STATE":"UT","SITE_ZIP5":"84058","OWN_FULL_ADDRESS":"1199 W 1050 N  PROVO, UT 84604-3026","OWN_STREET_ADDRESS":"1199 W 1050 N","OWN_CITY":"PROVO","OWN_STATE":"UT","OWN_ZIP5":"84604","VESTING_DOC":"25215-2012","PARCEL_CREATE_DATE":1148947200000,"MAP_FILING_NO":null,"SUB_NAME":null,"LEGAL_DESCR":"COM S 694.96 FT & E 1400.86 FT FR NW COR. SEC. 35, T6S, R2E, SLB&M.; N 0 DEG 35' 39\" E 306.57 FT; N 89 DEG 20' 34\" E 4.03 FT; S 300.54 FT; S 49 DEG 56' 40\" W 9.42 FT TO BEG. AREA 0.039 AC.","BOOK_PAGE":19053,"LOT":null,"BUILDING":null,"UNIT":null,"TAX_DISTRICT":"090","TAX_DISTRICT_DESCR":"OREM CITY","SCHOOL_DISTRICT":"ALPINE","TAXABLE_CODE":100,"ACCOUNT_TYPE":"RESIDENTIAL","PROP_TYPE":900,"PROP_TYPE_DESCR":"VACANT","SPECIFIC_PROP_TYPE":901,"SPC_PROP_TYP_DESCR":"Vac Res","NEIGHBORHOOD":"108","NBHD_DISTRICT":"502","LAND_DISTRICT":5002,"ECONOMIC_UNIT":null,"GLA_WEIGHTED_YRBLT":null,"TOTAL_ABOVE_GRADE_AREA":null,"TOTAL_MEZZANINE":null,"TOTAL_BASEMENT":null,"TOTAL_BSMT_FINISH":null,"TOTAL_UNIT_COUNT":null,"TOTAL_IMP_COUNT":null,"ASMT_YEAR":2026,"ASMT_CODE":"V","ASMT_CODE_DESCR":"VACANT","MKT_LAND_VALUE":1700,"MKT_LAND_RES":1700,"MKT_LAND_AGR":0,"MKT_LAND_COM":0,"MKT_IMP_VALUE":0,"MKT_IMP_RES":0,"MKT_IMP_AGR":0,"MKT_IMP_COM":0,"MKT_CUR_VALUE":1700,"MKT_PRV_VAL":1700,"MKT_VAL_YR_CHG":0,"MKT_PCT_CHG":0,"TXBL_CUR_VALUE":1700,"TXBL_PRV_VAL":1700,"TXBL_VAL_YR_CHG":0,"TXBL_PCT_CHG":0,"TOT_CUR_TAXES":0,"TOT_PRV_TAXES":0,"TAXES_YR_CHG":0,"TAXES_PCT_CHG":0,"GREENBELT":null,"EXEMPT_RES":"N","COMMON_AREA":null,"PUBLIC_ROAD":null,"PRIVATE_ROAD":null,"PART_CENTRAL_ASSD":null,"PART_TAXABLE":null,"IMP_NO_RES":null,"COST_GROUP_RES":null,"STYLE_DESCR_RES":null,"QUALITY_RES":null,"QUALITY_DESCR_RES":null,"CONDITION_RES":null,"CONDITION_DESCR_RES":null,"YEARBLT_RES":null,"GLA_RES":null,"BASEMENT_RES":null,"BSMT_FINISH_RES":null,"ATT_GARAGE_SQFT_RES":null,"BATHROOMS_RES":null,"GLA_BEDROOMS_RES":null,"EXTERIOR_RES":null,"ALLOCATION_PCT_RES":null,"IMP_NO_1":null,"USE_CODE_1":null,"USE_CODE_DESCR_1":null,"COST_CLASS_DESCR_1":null,"EXTERIOR_WALL_1":null,"ABOVE_GRADE_AREA_1":null,"MEZZANINE_1":null,"BASEMENT_1":null,"BSMT_FINISH_1":null,"BSMT_UNFINISH_1":null,"QUALITY_DESCR_1":null,"CONDITION_1":null,"CONDITION_DESCR_1":null,"YEAR_BUILT_1":null,"UNIT_COUNT_1":null,"PCT_COMPLETE_1":null,"ALLOCATION_PCT_1":null,"IMP_NO_2":null,"USE_CODE_2":null,"USE_CODE_DESCR_2":null,"COST_CLASS_DESCR_2":null,"EXTERIOR_WALL_2":null,"ABOVE_GRADE_AREA_2":null,"MEZZANINE_2":null,"BASEMENT_2":null,"BSMT_FINISH_2":null,"BSMT_UNFINISH_2":null,"QUALITY_DESCR_2":null,"CONDITION_2":null,"CONDITION_DESCR_2":null,"YEAR_BUILT_2":null,"UNIT_COUNT_2":null,"PCT_COMPLETE_2":null,"ALLOCATION_PCT_2":null,"TRAV_COUNT":1,"LASTUPDATE":null,"CREATED_DATE":1712330344000,"LAST_EDITED_DATE":1712330533000,"GLOBALID":"{90F3EE32-E3D7-4C38-84AD-D30F2B45CDDF}","SHAPE_Length":0.0017112920721716973,"SHAPE_Area":1.6721629673061118e-08}},{"type":"Feature","id":41,"geometry":{"type":"Polygon","coordinates":[[[-111.68928440499997,40.260641485000065],[-111.68956739899994,40.26064102600003],[-111.68956641199998,40.260284261000038],[-111.68928341899999,40.260284721000062],[-111.68928440499997,40.260641485000065]]]},"properties":{"OBJECTID":41,"PARCEL_NO":190530025,"PARCELID":"190530025","PARCELID_LABEL":"19:053:0025","OWNER_NAME":"RT232 LLC","CARE_NAME":null,"ACREAGE":0.23999999999999999,"SITE_FULL_ADDRESS":"232 E 2000 SOUTH, OREM, UT","SITE_HOUSE_NUM":"232","SITE_PRE_DIR":"E","SITE_STREET_NAME":"2000 SOUTH","SITE_STREET_TYPE":null,"SITE_POST_DIR":null,"SITE_STREET_UNIT":null,"SITE_CITY":"OREM","SITE_STATE":"UT","SITE_ZIP5":"84058","OWN_FULL_ADDRESS":"1199 W 1050 N  PROVO, UT 84604-3026","OWN_STREET_ADDRESS":"1199 W 1050 N","OWN_CITY":"PROVO","OWN_STATE":"UT","OWN_ZIP5":"84604","VESTING_DOC":"75215-2023","PARCEL_CREATE_DATE":347068800000,"MAP_FILING_NO":null,"SUB_NAME":null,"LEGAL_DESCR":"COM. S LINE OF 2000 S ST, OREM, UTAH 1561.2 FT E ALONG SEC LINE & 25 FT S FROM NW COR OF SEC 35, T 6 S, R 2 E, SLB&M; S 130 FT; W 79 FT; N 130 FT; E 79 FT TO BEG.  AREA .24 OF AN ACRE.","BOOK_PAGE":19053,"LOT":null,"BUILDING":null,"UNIT":null,"TAX_DISTRICT":"090","TAX_DISTRICT_DESCR":"OREM CITY","SCHOOL_DISTRICT":"ALPINE","TAXABLE_CODE":100,"ACCOUNT_TYPE":"RESIDENTIAL","PROP_TYPE":111,"PROP_TYPE_DESCR":"SINGLE FAMILY RES","SPECIFIC_PROP_TYPE":111,"SPC_PROP_TYP_DESCR":"Single Family Res","NEIGHBORHOOD":"108","NBHD_DISTRICT":"502","LAND_DISTRICT":5002,"ECONOMIC_UNIT":null,"GLA_WEIGHTED_YRBLT":1941,"TOTAL_ABOVE_GRADE_AREA":1840,"TOTAL_MEZZANINE":0,"TOTAL_BASEMENT":0,"TOTAL_BSMT_FINISH":0,"TOTAL_UNIT_COUNT":1,"TOTAL_IMP_COUNT":1,"ASMT_YEAR":2026,"ASMT_CODE":"RP","ASMT_CODE_DESCR":"RES PRIMARY","MKT_LAND_VALUE":229300,"MKT_LAND_RES":229300,"MKT_LAND_AGR":0,"MKT_LAND_COM":0,"MKT_IMP_VALUE":191000,"MKT_IMP_RES":191000,"MKT_IMP_AGR":0,"MKT_IMP_COM":0,"MKT_CUR_VALUE":420300,"MKT_PRV_VAL":420300,"MKT_VAL_YR_CHG":0,"MKT_PCT_CHG":0,"TXBL_CUR_VALUE":231165,"TXBL_PRV_VAL":231165,"TXBL_VAL_YR_CHG":0,"TXBL_PCT_CHG":0,"TOT_CUR_TAXES":0,"TOT_PRV_TAXES":0,"TAXES_YR_CHG":0,"TAXES_PCT_CHG":0,"GREENBELT":null,"EXEMPT_RES":"Y","COMMON_AREA":null,"PUBLIC_ROAD":null,"PRIVATE_ROAD":null,"PART_CENTRAL_ASSD":null,"PART_TAXABLE":null,"IMP_NO_RES":50823,"COST_GROUP_RES":"SFR","STYLE_DESCR_RES":"One Story","QUALITY_RES":2,"QUALITY_DESCR_RES":"Fair","CONDITION_RES":3,"CONDITION_DESCR_RES":"Average","YEARBLT_RES":1941,"GLA_RES":1840,"BASEMENT_RES":0,"BSMT_FINISH_RES":0,"ATT_GARAGE_SQFT_RES":null,"BATHROOMS_RES":2,"GLA_BEDROOMS_RES":3,"EXTERIOR_RES":"Wood Siding","ALLOCATION_PCT_RES":null,"IMP_NO_1":null,"USE_CODE_1":null,"USE_CODE_DESCR_1":null,"COST_CLASS_DESCR_1":null,"EXTERIOR_WALL_1":null,"ABOVE_GRADE_AREA_1":null,"MEZZANINE_1":null,"BASEMENT_1":null,"BSMT_FINISH_1":null,"BSMT_UNFINISH_1":null,"QUALITY_DESCR_1":null,"CONDITION_1":null,"CONDITION_DESCR_1":null,"YEAR_BUILT_1":null,"UNIT_COUNT_1":null,"PCT_COMPLETE_1":null,"ALLOCATION_PCT_1":null,"IMP_NO_2":null,"USE_CODE_2":null,"USE_CODE_DESCR_2":null,"COST_CLASS_DESCR_2":null,"EXTERIOR_WALL_2":null,"ABOVE_GRADE_AREA_2":null,"MEZZANINE_2":null,"BASEMENT_2":null,"BSMT_FINISH_2":null,"BSMT_UNFINISH_2":null,"QUALITY_DESCR_2":null,"CONDITION_2":null,"CONDITION_DESCR_2":null,"YEAR_BUILT_2":null,"UNIT_COUNT_2":null,"PCT_COMPLETE_2":null,"ALLOCATION_PCT_2":null,"TRAV_COUNT":1,"LASTUPDATE":null,"CREATED_DATE":1712330344000,"LAST_EDITED_DATE":1712330533000,"GLOBALID":"{E3A40BE8-A086-40B8-A071-6EA6558EB0B4}","SHAPE_Length":0.0012795194738458226,"SHAPE_Area":1.0096248781951268e-07}},{"type":"Feature","id":42,"geometry":{"type":"Polygon","coordinates":[[[-111.68776734599999,40.260636976000058],[-111.68776633599998,40.260638550000067],[-111.68888172099997,40.26063675100005],[-111.68888181899996,40.260626328000058],[-111.68927662099998,40.260626931000047],[-111.68927652399998,40.260636111000053],[-111.68929287999998,40.260636084000055],[-111.68928868799998,40.259118432000037],[-111.68896667499996,40.259390230000065],[-111.68869418199995,40.259688604000075],[-111.68834641599994,40.259994602000063],[-111.68776734599999,40.260636976000058]]]},"properties":{"OBJECTID":42,"PARCEL_NO":190530181,"PARCELID":"190530181","PARCELID_LABEL":"19:053:0181","OWNER_NAME":"RT260 LLC","CARE_NAME":null,"ACREAGE":2.8163449999999997,"SITE_FULL_ADDRESS":"260 E 2000 SOUTH, OREM, UT","SITE_HOUSE_NUM":"260","SITE_PRE_DIR":"E","SITE_STREET_NAME":"2000 SOUTH","SITE_STREET_TYPE":null,"SITE_POST_DIR":null,"SITE_STREET_UNIT":null,"SITE_CITY":"OREM","SITE_STATE":"UT","SITE_ZIP5":"84058","OWN_FULL_ADDRESS":"1199 W 1050 N  PROVO, UT 84604-3026","OWN_STREET_ADDRESS":"1199 W 1050 N","OWN_CITY":"PROVO","OWN_STATE":"UT","OWN_ZIP5":"84604","VESTING_DOC":"75217-2023","PARCEL_CREATE_DATE":1598832000000,"MAP_FILING_NO":null,"SUB_NAME":null,"LEGAL_DESCR":"COM W 10.16 CH FR N 1/4 COR. SEC. 35, T6S, R2E, SLB&M.; S 34 DEG 45' 0\" W 4.31 CH; S 41 DEG 10' 0\" W 2.24 CH; S 35 DEG 6' 0\" W 132.69 FT; S 42 DEG 21' 0\" W 133.75 FT; N 553 FT; E 4.566 FT; S 0 DEG 35' 12\" W 3.345 FT; S 89 DEG 45' 53\" E 110.21 FT; N 0 DEG 32' 12\" E 3.798 FT; E 311.363 FT TO BEG. AREA 2.816 AC.","BOOK_PAGE":19053,"LOT":null,"BUILDING":null,"UNIT":null,"TAX_DISTRICT":"090","TAX_DISTRICT_DESCR":"OREM CITY","SCHOOL_DISTRICT":"ALPINE","TAXABLE_CODE":100,"ACCOUNT_TYPE":"RESIDENTIAL","PROP_TYPE":111,"PROP_TYPE_DESCR":"SINGLE FAMILY RES","SPECIFIC_PROP_TYPE":111,"SPC_PROP_TYP_DESCR":"Single Family Res","NEIGHBORHOOD":"108","NBHD_DISTRICT":"502","LAND_DISTRICT":5002,"ECONOMIC_UNIT":null,"GLA_WEIGHTED_YRBLT":1959,"TOTAL_ABOVE_GRADE_AREA":2182,"TOTAL_MEZZANINE":0,"TOTAL_BASEMENT":1462,"TOTAL_BSMT_FINISH":877,"TOTAL_UNIT_COUNT":1,"TOTAL_IMP_COUNT":1,"ASMT_YEAR":2026,"ASMT_CODE":"RPO","ASMT_CODE_DESCR":"RP PLUS ACREAGE","MKT_LAND_VALUE":485000,"MKT_LAND_RES":314000,"MKT_LAND_AGR":171000,"MKT_LAND_COM":0,"MKT_IMP_VALUE":281200,"MKT_IMP_RES":281200,"MKT_IMP_AGR":0,"MKT_IMP_COM":0,"MKT_CUR_VALUE":766200,"MKT_PRV_VAL":766200,"MKT_VAL_YR_CHG":0,"MKT_PCT_CHG":0,"TXBL_CUR_VALUE":498360,"TXBL_PRV_VAL":498360,"TXBL_VAL_YR_CHG":0,"TXBL_PCT_CHG":0,"TOT_CUR_TAXES":0,"TOT_PRV_TAXES":0,"TAXES_YR_CHG":0,"TAXES_PCT_CHG":0,"GREENBELT":null,"EXEMPT_RES":"Y","COMMON_AREA":null,"PUBLIC_ROAD":null,"PRIVATE_ROAD":null,"PART_CENTRAL_ASSD":null,"PART_TAXABLE":null,"IMP_NO_RES":50875,"COST_GROUP_RES":"SFR","STYLE_DESCR_RES":"One Story","QUALITY_RES":3,"QUALITY_DESCR_RES":"Average","CONDITION_RES":3,"CONDITION_DESCR_RES":"Average","YEARBLT_RES":1959,"GLA_RES":1462,"BASEMENT_RES":1462,"BSMT_FINISH_RES":877,"ATT_GARAGE_SQFT_RES":720,"BATHROOMS_RES":3,"GLA_BEDROOMS_RES":3,"EXTERIOR_RES":"Masonry Veneer","ALLOCATION_PCT_RES":null,"IMP_NO_1":null,"USE_CODE_1":null,"USE_CODE_DESCR_1":null,"COST_CLASS_DESCR_1":null,"EXTERIOR_WALL_1":null,"ABOVE_GRADE_AREA_1":null,"MEZZANINE_1":null,"BASEMENT_1":null,"BSMT_FINISH_1":null,"BSMT_UNFINISH_1":null,"QUALITY_DESCR_1":null,"CONDITION_1":null,"CONDITION_DESCR_1":null,"YEAR_BUILT_1":null,"UNIT_COUNT_1":null,"PCT_COMPLETE_1":null,"ALLOCATION_PCT_1":null,"IMP_NO_2":null,"USE_CODE_2":null,"USE_CODE_DESCR_2":null,"COST_CLASS_DESCR_2":null,"EXTERIOR_WALL_2":null,"ABOVE_GRADE_AREA_2":null,"MEZZANINE_2":null,"BASEMENT_2":null,"BSMT_FINISH_2":null,"BSMT_UNFINISH_2":null,"QUALITY_DESCR_2":null,"CONDITION_2":null,"CONDITION_DESCR_2":null,"YEAR_BUILT_2":null,"UNIT_COUNT_2":null,"PCT_COMPLETE_2":null,"ALLOCATION_PCT_2":null,"TRAV_COUNT":1,"LASTUPDATE":null,"CREATED_DATE":1712330344000,"LAST_EDITED_DATE":1712330533000,"GLOBALID":"{53888655-F607-4043-BA53-CEB3FC679973}","SHAPE_Length":0.0052192158358994479,"SHAPE_Area":1.2067373306879878e-06}},{"type":"Feature","id":43,"geometry":{"type":"Polygon","coordinates":[[[-111.68955271699997,40.260627642000031],[-111.68980953499994,40.260628472000064],[-111.68980463499997,40.258859619000077],[-111.68953823699997,40.259010117000059],[-111.68941300599994,40.259078733000081],[-111.68926578299994,40.259202999000024],[-111.68926883799998,40.260308991000045],[-111.68955183499997,40.260308532000067],[-111.68955271699997,40.260627642000031]]]},"properties":{"OBJECTID":43,"PARCEL_NO":190530183,"PARCELID":"190530183","PARCELID_LABEL":"19:053:0183","OWNER_NAME":"RT230 LLC","CARE_NAME":"%ROBISON, JEFFREY C & CRYSTAL S","ACREAGE":1.8192059999999999,"SITE_FULL_ADDRESS":"230 E 2050 SOUTH, OREM, UT","SITE_HOUSE_NUM":"230","SITE_PRE_DIR":"E","SITE_STREET_NAME":"2050 SOUTH","SITE_STREET_TYPE":null,"SITE_POST_DIR":null,"SITE_STREET_UNIT":null,"SITE_CITY":"OREM","SITE_STATE":"UT","SITE_ZIP5":"84058","OWN_FULL_ADDRESS":"%ROBISON, JEFFREY C & CRYSTAL S  1199 W 1050 N  PROVO, UT 84604-3026","OWN_STREET_ADDRESS":"1199 W 1050 N","OWN_CITY":"PROVO","OWN_STATE":"UT","OWN_ZIP5":"84604","VESTING_DOC":"75211-2023","PARCEL_CREATE_DATE":1598918400000,"MAP_FILING_NO":null,"SUB_NAME":null,"LEGAL_DESCR":"COM S 15.8 FT & E 1486.2 FT & S 13.723 FT FR NW COR. SEC. 35, T6S, R2E, SLB&M.; S 116.277 FT; E 79 FT; S 403 FT; S 42 DEG 21' 0\" W 61.15 FT; S 54 DEG 33' 0\" W 42.98 FT; S 53 DEG 43' 0\" W 1.4 CH; N 644.532 FT; S 89 DEG 38' 13\" E 71.692 FT TO BEG. AREA 1.819 AC.","BOOK_PAGE":19053,"LOT":null,"BUILDING":null,"UNIT":null,"TAX_DISTRICT":"090","TAX_DISTRICT_DESCR":"OREM CITY","SCHOOL_DISTRICT":"ALPINE","TAXABLE_CODE":100,"ACCOUNT_TYPE":"RESIDENTIAL","PROP_TYPE":111,"PROP_TYPE_DESCR":"SINGLE FAMILY RES","SPECIFIC_PROP_TYPE":111,"SPC_PROP_TYP_DESCR":"Single Family Res","NEIGHBORHOOD":"108","NBHD_DISTRICT":"502","LAND_DISTRICT":5002,"ECONOMIC_UNIT":null,"GLA_WEIGHTED_YRBLT":1995,"TOTAL_ABOVE_GRADE_AREA":9503,"TOTAL_MEZZANINE":0,"TOTAL_BASEMENT":1852,"TOTAL_BSMT_FINISH":1574,"TOTAL_UNIT_COUNT":1,"TOTAL_IMP_COUNT":5,"ASMT_YEAR":2026,"ASMT_CODE":"RPO","ASMT_CODE_DESCR":"RP PLUS ACREAGE","MKT_LAND_VALUE":397000,"MKT_LAND_RES":314000,"MKT_LAND_AGR":83000,"MKT_LAND_COM":0,"MKT_IMP_VALUE":391500,"MKT_IMP_RES":391500,"MKT_IMP_AGR":0,"MKT_IMP_COM":0,"MKT_CUR_VALUE":788500,"MKT_PRV_VAL":788500,"MKT_VAL_YR_CHG":0,"MKT_PCT_CHG":0,"TXBL_CUR_VALUE":471025,"TXBL_PRV_VAL":471025,"TXBL_VAL_YR_CHG":0,"TXBL_PCT_CHG":0,"TOT_CUR_TAXES":0,"TOT_PRV_TAXES":0,"TAXES_YR_CHG":0,"TAXES_PCT_CHG":0,"GREENBELT":null,"EXEMPT_RES":"Y","COMMON_AREA":null,"PUBLIC_ROAD":null,"PRIVATE_ROAD":null,"PART_CENTRAL_ASSD":null,"PART_TAXABLE":null,"IMP_NO_RES":50877,"COST_GROUP_RES":"SFR","STYLE_DESCR_RES":"One Story","QUALITY_RES":3,"QUALITY_DESCR_RES":"Average","CONDITION_RES":3,"CONDITION_DESCR_RES":"Average","YEARBLT_RES":1958,"GLA_RES":1852,"BASEMENT_RES":1852,"BSMT_FINISH_RES":1574,"ATT_GARAGE_SQFT_RES":575,"BATHROOMS_RES":2.5,"GLA_BEDROOMS_RES":3,"EXTERIOR_RES":"Masonry Veneer","ALLOCATION_PCT_RES":null,"IMP_NO_1":10049040,"USE_CODE_1":1152,"USE_CODE_DESCR_1":"Garage - Detached","COST_CLASS_DESCR_1":"D - Wood/Steel Studs","EXTERIOR_WALL_1":null,"ABOVE_GRADE_AREA_1":4800,"MEZZANINE_1":0,"BASEMENT_1":0,"BSMT_FINISH_1":0,"BSMT_UNFINISH_1":0,"QUALITY_DESCR_1":"Good","CONDITION_1":3,"CONDITION_DESCR_1":"Average","YEAR_BUILT_1":2024,"UNIT_COUNT_1":null,"PCT_COMPLETE_1":1,"ALLOCATION_PCT_1":null,"IMP_NO_2":10044485,"USE_CODE_2":477,"USE_CODE_DESCR_2":"Shed - Farm Utility Building","COST_CLASS_DESCR_2":"D - Wood/Steel Studs","EXTERIOR_WALL_2":null,"ABOVE_GRADE_AREA_2":1020,"MEZZANINE_2":0,"BASEMENT_2":0,"BSMT_FINISH_2":0,"BSMT_UNFINISH_2":0,"QUALITY_DESCR_2":"Cheap","CONDITION_2":1,"CONDITION_DESCR_2":"Poor","YEAR_BUILT_2":1958,"UNIT_COUNT_2":null,"PCT_COMPLETE_2":1,"ALLOCATION_PCT_2":null,"TRAV_COUNT":1,"LASTUPDATE":null,"CREATED_DATE":1712330344000,"LAST_EDITED_DATE":1712330533000,"GLOBALID":"{E8EE32EA-02E7-4473-BB78-86542FF6EF0F}","SHAPE_Length":0.004375207512583257,"SHAPE_Area":7.7949744757981328e-07}},{"type":"Feature","id":44,"geometry":{"type":"Polygon","coordinates":[[[-111.72239633499998,40.269130838000081],[-111.72239631899998,40.269130844000074],[-111.72274905899997,40.269551345000025],[-111.72302360399999,40.26948094800008],[-111.72369684199998,40.269387420000044],[-111.72364564699996,40.267907026000046],[-111.72329560599997,40.268200234000062],[-111.72239633499998,40.269130838000081]]]},"properties":{"OBJECTID":44,"PARCEL_NO":190350013,"PARCELID":"190350013","PARCELID_LABEL":"19:035:0013","OWNER_NAME":"WELCH, JOHN & DEBRA (ET AL)","CARE_NAME":null,"ACREAGE":2.8122059999999998,"SITE_FULL_ADDRESS":"1526 S GENEVA RD, OREM, UT","SITE_HOUSE_NUM":"1526","SITE_PRE_DIR":"S","SITE_STREET_NAME":"GENEVA RD","SITE_STREET_TYPE":null,"SITE_POST_DIR":null,"SITE_STREET_UNIT":null,"SITE_CITY":"OREM","SITE_STATE":"UT","SITE_ZIP5":"84058","OWN_FULL_ADDRESS":"1526 S GENEVA RD  OREM, UT 84058-2210","OWN_STREET_ADDRESS":"1526 S GENEVA RD","OWN_CITY":"OREM","OWN_STATE":"UT","OWN_ZIP5":"84058","VESTING_DOC":"34505-2022","PARCEL_CREATE_DATE":347068800000,"MAP_FILING_NO":null,"SUB_NAME":null,"LEGAL_DESCR":"COM N 1 DEG 19' 57\" W 383.09 FT & W 2299.87 FT FR E 1/4 SEC. 28, T6S, R2E, SLB&M.; S 36 DEG 39' 9\" W 421.89 FT; S 42 DEG 35' 10\" W 144.78 FT; N 1 DEG 22' 27\" W 539.62 FT; N 79 DEG 51' 49\" E 190.98 FT; N 71 DEG 38' 7\" E 80.81 FT; S 32 DEG 34' 52\" E 182.13 FT TO BEG. AREA 2.812 AC.","BOOK_PAGE":19035,"LOT":null,"BUILDING":null,"UNIT":null,"TAX_DISTRICT":"090","TAX_DISTRICT_DESCR":"OREM CITY","SCHOOL_DISTRICT":"ALPINE","TAXABLE_CODE":100,"ACCOUNT_TYPE":"RESIDENTIAL","PROP_TYPE":111,"PROP_TYPE_DESCR":"SINGLE FAMILY RES","SPECIFIC_PROP_TYPE":111,"SPC_PROP_TYP_DESCR":"Single Family Res","NEIGHBORHOOD":"110","NBHD_DISTRICT":"610","LAND_DISTRICT":6057,"ECONOMIC_UNIT":null,"GLA_WEIGHTED_YRBLT":1987.2,"TOTAL_ABOVE_GRADE_AREA":4548,"TOTAL_MEZZANINE":0,"TOTAL_BASEMENT":0,"TOTAL_BSMT_FINISH":0,"TOTAL_UNIT_COUNT":1,"TOTAL_IMP_COUNT":2,"ASMT_YEAR":2026,"ASMT_CODE":"SR","ASMT_CODE_DESCR":"SECONDARY RESIDENTIAL","MKT_LAND_VALUE":543000,"MKT_LAND_RES":214500,"MKT_LAND_AGR":328500,"MKT_LAND_COM":0,"MKT_IMP_VALUE":272500,"MKT_IMP_RES":272500,"MKT_IMP_AGR":0,"MKT_IMP_COM":0,"MKT_CUR_VALUE":815500,"MKT_PRV_VAL":815500,"MKT_VAL_YR_CHG":0,"MKT_PCT_CHG":0,"TXBL_CUR_VALUE":815500,"TXBL_PRV_VAL":815500,"TXBL_VAL_YR_CHG":0,"TXBL_PCT_CHG":0,"TOT_CUR_TAXES":0,"TOT_PRV_TAXES":0,"TAXES_YR_CHG":0,"TAXES_PCT_CHG":0,"GREENBELT":null,"EXEMPT_RES":"N","COMMON_AREA":null,"PUBLIC_ROAD":null,"PRIVATE_ROAD":null,"PART_CENTRAL_ASSD":null,"PART_TAXABLE":null,"IMP_NO_RES":50022,"COST_GROUP_RES":"SFR","STYLE_DESCR_RES":"One Story","QUALITY_RES":3,"QUALITY_DESCR_RES":"Average","CONDITION_RES":3,"CONDITION_DESCR_RES":"Average","YEARBLT_RES":1990,"GLA_RES":1680,"BASEMENT_RES":0,"BSMT_FINISH_RES":0,"ATT_GARAGE_SQFT_RES":672,"BATHROOMS_RES":2,"GLA_BEDROOMS_RES":2,"EXTERIOR_RES":"Stucco or Cement Fiber Siding","ALLOCATION_PCT_RES":null,"IMP_NO_1":298415,"USE_CODE_1":476,"USE_CODE_DESCR_1":"Shed - Farm Implement (Equip Shop)","COST_CLASS_DESCR_1":"D - Wood/Steel Studs","EXTERIOR_WALL_1":null,"ABOVE_GRADE_AREA_1":2196,"MEZZANINE_1":0,"BASEMENT_1":0,"BSMT_FINISH_1":0,"BSMT_UNFINISH_1":0,"QUALITY_DESCR_1":"Fair","CONDITION_1":3,"CONDITION_DESCR_1":"Average","YEAR_BUILT_1":1985,"UNIT_COUNT_1":null,"PCT_COMPLETE_1":1,"ALLOCATION_PCT_1":null,"IMP_NO_2":null,"USE_CODE_2":null,"USE_CODE_DESCR_2":null,"COST_CLASS_DESCR_2":null,"EXTERIOR_WALL_2":null,"ABOVE_GRADE_AREA_2":null,"MEZZANINE_2":null,"BASEMENT_2":null,"BSMT_FINISH_2":null,"BSMT_UNFINISH_2":null,"QUALITY_DESCR_2":null,"CONDITION_2":null,"CONDITION_DESCR_2":null,"YEAR_BUILT_2":null,"UNIT_COUNT_2":null,"PCT_COMPLETE_2":null,"ALLOCATION_PCT_2":null,"TRAV_COUNT":1,"LASTUPDATE":null,"CREATED_DATE":1712330344000,"LAST_EDITED_DATE":1712330533000,"GLOBALID":"{39A99E48-0819-4358-BCAE-D3C1EBE2999B}","SHAPE_Length":0.0047440099251685889,"SHAPE_Area":1.2044326845211915e-06}},{"type":"Feature","id":45,"geometry":{"type":"Polygon","coordinates":[[[-111.64350147599998,40.261748781000051],[-111.64350154399995,40.261748798000042],[-111.64350275099997,40.262325105000059],[-111.64429072999997,40.262314826000079],[-111.64428436899999,40.261747816000025],[-111.64350147599998,40.261748781000051]]]},"properties":{"OBJECTID":45,"PARCEL_NO":200600033,"PARCELID":"200600033","PARCELID_LABEL":"20:060:0033","OWNER_NAME":"CHURCH OF JESUS CHRIST OF LATTER-DAY SAINTS THE","CARE_NAME":"%MATSUMORI, DOUG","ACREAGE":1.05,"SITE_FULL_ADDRESS":"2100 N 900 EAST, PROVO, UT","SITE_HOUSE_NUM":"2100","SITE_PRE_DIR":"N","SITE_STREET_NAME":"900 EAST","SITE_STREET_TYPE":null,"SITE_POST_DIR":null,"SITE_STREET_UNIT":null,"SITE_CITY":"PROVO","SITE_STATE":"UT","SITE_ZIP5":"84602","OWN_FULL_ADDRESS":"%MATSUMORI, DOUG  50 E N TEMPLE FLOOR 2WW  SALT LAKE CITY, UT 84150","OWN_STREET_ADDRESS":"50 E N TEMPLE FLOOR 2WW","OWN_CITY":"SALT LAKE CITY","OWN_STATE":"UT","OWN_ZIP5":"84150","VESTING_DOC":"71712-2023","PARCEL_CREATE_DATE":137376000000,"MAP_FILING_NO":null,"SUB_NAME":null,"LEGAL_DESCR":"COM N 239.12 FT AND E 1081.65 FT FR COMMON 1/4 COR BETWEEN S30 AD S31 T6S R3E, SLBM; W 218.55 FT; N 0 DEG 24' W 206.62 FT; N 89 DEG 07' E 220 FT; S 210 FT TO BEG.","BOOK_PAGE":20060,"LOT":null,"BUILDING":null,"UNIT":null,"TAX_DISTRICT":"110","TAX_DISTRICT_DESCR":"PROVO CITY","SCHOOL_DISTRICT":"PROVO","TAXABLE_CODE":973,"ACCOUNT_TYPE":"EXEMPT","PROP_TYPE":951,"PROP_TYPE_DESCR":"EXEMPT","SPECIFIC_PROP_TYPE":951,"SPC_PROP_TYP_DESCR":"Exempt","NEIGHBORHOOD":"1000","NBHD_DISTRICT":"8999","LAND_DISTRICT":8999,"ECONOMIC_UNIT":null,"GLA_WEIGHTED_YRBLT":null,"TOTAL_ABOVE_GRADE_AREA":null,"TOTAL_MEZZANINE":null,"TOTAL_BASEMENT":null,"TOTAL_BSMT_FINISH":null,"TOTAL_UNIT_COUNT":null,"TOTAL_IMP_COUNT":null,"ASMT_YEAR":2026,"ASMT_CODE":"UNK","ASMT_CODE_DESCR":"UNK","MKT_LAND_VALUE":0,"MKT_LAND_RES":0,"MKT_LAND_AGR":0,"MKT_LAND_COM":0,"MKT_IMP_VALUE":0,"MKT_IMP_RES":0,"MKT_IMP_AGR":0,"MKT_IMP_COM":0,"MKT_CUR_VALUE":0,"MKT_PRV_VAL":0,"MKT_VAL_YR_CHG":0,"MKT_PCT_CHG":0,"TXBL_CUR_VALUE":0,"TXBL_PRV_VAL":0,"TXBL_VAL_YR_CHG":0,"TXBL_PCT_CHG":0,"TOT_CUR_TAXES":0,"TOT_PRV_TAXES":0,"TAXES_YR_CHG":0,"TAXES_PCT_CHG":0,"GREENBELT":null,"EXEMPT_RES":"UNK","COMMON_AREA":null,"PUBLIC_ROAD":null,"PRIVATE_ROAD":null,"PART_CENTRAL_ASSD":null,"PART_TAXABLE":null,"IMP_NO_RES":null,"COST_GROUP_RES":null,"STYLE_DESCR_RES":null,"QUALITY_RES":null,"QUALITY_DESCR_RES":null,"CONDITION_RES":null,"CONDITION_DESCR_RES":null,"YEARBLT_RES":null,"GLA_RES":null,"BASEMENT_RES":null,"BSMT_FINISH_RES":null,"ATT_GARAGE_SQFT_RES":null,"BATHROOMS_RES":null,"GLA_BEDROOMS_RES":null,"EXTERIOR_RES":null,"ALLOCATION_PCT_RES":null,"IMP_NO_1":null,"USE_CODE_1":null,"USE_CODE_DESCR_1":null,"COST_CLASS_DESCR_1":null,"EXTERIOR_WALL_1":null,"ABOVE_GRADE_AREA_1":null,"MEZZANINE_1":null,"BASEMENT_1":null,"BSMT_FINISH_1":null,"BSMT_UNFINISH_1":null,"QUALITY_DESCR_1":null,"CONDITION_1":null,"CONDITION_DESCR_1":null,"YEAR_BUILT_1":null,"UNIT_COUNT_1":null,"PCT_COMPLETE_1":null,"ALLOCATION_PCT_1":null,"IMP_NO_2":null,"USE_CODE_2":null,"USE_CODE_DESCR_2":null,"COST_CLASS_DESCR_2":null,"EXTERIOR_WALL_2":null,"ABOVE_GRADE_AREA_2":null,"MEZZANINE_2":null,"BASEMENT_2":null,"BSMT_FINISH_2":null,"BSMT_UNFINISH_2":null,"QUALITY_DESCR_2":null,"CONDITION_2":null,"CONDITION_DESCR_2":null,"YEAR_BUILT_2":null,"UNIT_COUNT_2":null,"PCT_COMPLETE_2":null,"ALLOCATION_PCT_2":null,"TRAV_COUNT":1,"LASTUPDATE":null,"CREATED_DATE":1712330344000,"LAST_EDITED_DATE":1712330533000,"GLOBALID":"{A94A63F3-B265-4737-8C68-2A8DFEFD3954}","SHAPE_Length":0.002714363671533675,"SHAPE_Area":4.4900972246507066e-07}},{"type":"Feature","id":46,"geometry":{"type":"Polygon","coordinates":[[[-111.64308903499995,40.261201357000061],[-111.64308861299997,40.261199687000044],[-111.64269303499998,40.26081307100003],[-111.64194077599996,40.260813988000052],[-111.64206810699994,40.261202605000051],[-111.64308903499995,40.261201357000061]]]},"properties":{"OBJECTID":46,"PARCEL_NO":200710028,"PARCELID":"200710028","PARCELID_LABEL":"20:071:0028","OWNER_NAME":"PROVO CITY CORPORATION","CARE_NAME":null,"ACREAGE":0.17999999999999999,"SITE_FULL_ADDRESS":"1000 E TEMPLE VIEW DR, PROVO, UT","SITE_HOUSE_NUM":"1000","SITE_PRE_DIR":"E","SITE_STREET_NAME":"TEMPLE VIEW","SITE_STREET_TYPE":"DR","SITE_POST_DIR":null,"SITE_STREET_UNIT":null,"SITE_CITY":"PROVO","SITE_STATE":"UT","SITE_ZIP5":"84604","OWN_FULL_ADDRESS":"PO BOX 1849  PROVO, UT 84603-1849","OWN_STREET_ADDRESS":"PO BOX 1849","OWN_CITY":"PROVO","OWN_STATE":"UT","OWN_ZIP5":"84603","VESTING_DOC":"5434-1946","PARCEL_CREATE_DATE":-747532800000,"MAP_FILING_NO":null,"SUB_NAME":null,"LEGAL_DESCR":"COM W 1446.42 FT & S .91 FT OF NE COR SEC 31, T6S, R3E, SLM; S 42 DEG 24'40\"W 314 FT; S 47 DEG 35'20\"E 25 FT; N 42 DEG 24'40\"E 308.74 FT; N 35 DEG 42'30\"W 25.55 FT TO BEG. AREA .18 ACRES.","BOOK_PAGE":20071,"LOT":null,"BUILDING":null,"UNIT":null,"TAX_DISTRICT":"110","TAX_DISTRICT_DESCR":"PROVO CITY","SCHOOL_DISTRICT":"PROVO","TAXABLE_CODE":959,"ACCOUNT_TYPE":"EXEMPT","PROP_TYPE":951,"PROP_TYPE_DESCR":"EXEMPT","SPECIFIC_PROP_TYPE":951,"SPC_PROP_TYP_DESCR":"Exempt","NEIGHBORHOOD":"1000","NBHD_DISTRICT":"8999","LAND_DISTRICT":8999,"ECONOMIC_UNIT":null,"GLA_WEIGHTED_YRBLT":null,"TOTAL_ABOVE_GRADE_AREA":null,"TOTAL_MEZZANINE":null,"TOTAL_BASEMENT":null,"TOTAL_BSMT_FINISH":null,"TOTAL_UNIT_COUNT":null,"TOTAL_IMP_COUNT":null,"ASMT_YEAR":2026,"ASMT_CODE":"UNK","ASMT_CODE_DESCR":"UNK","MKT_LAND_VALUE":0,"MKT_LAND_RES":0,"MKT_LAND_AGR":0,"MKT_LAND_COM":0,"MKT_IMP_VALUE":0,"MKT_IMP_RES":0,"MKT_IMP_AGR":0,"MKT_IMP_COM":0,"MKT_CUR_VALUE":0,"MKT_PRV_VAL":0,"MKT_VAL_YR_CHG":0,"MKT_PCT_CHG":0,"TXBL_CUR_VALUE":0,"TXBL_PRV_VAL":0,"TXBL_VAL_YR_CHG":0,"TXBL_PCT_CHG":0,"TOT_CUR_TAXES":0,"TOT_PRV_TAXES":0,"TAXES_YR_CHG":0,"TAXES_PCT_CHG":0,"GREENBELT":null,"EXEMPT_RES":"UNK","COMMON_AREA":null,"PUBLIC_ROAD":null,"PRIVATE_ROAD":null,"PART_CENTRAL_ASSD":null,"PART_TAXABLE":null,"IMP_NO_RES":null,"COST_GROUP_RES":null,"STYLE_DESCR_RES":null,"QUALITY_RES":null,"QUALITY_DESCR_RES":null,"CONDITION_RES":null,"CONDITION_DESCR_RES":null,"YEARBLT_RES":null,"GLA_RES":null,"BASEMENT_RES":null,"BSMT_FINISH_RES":null,"ATT_GARAGE_SQFT_RES":null,"BATHROOMS_RES":null,"GLA_BEDROOMS_RES":null,"EXTERIOR_RES":null,"ALLOCATION_PCT_RES":null,"IMP_NO_1":null,"USE_CODE_1":null,"USE_CODE_DESCR_1":null,"COST_CLASS_DESCR_1":null,"EXTERIOR_WALL_1":null,"ABOVE_GRADE_AREA_1":null,"MEZZANINE_1":null,"BASEMENT_1":null,"BSMT_FINISH_1":null,"BSMT_UNFINISH_1":null,"QUALITY_DESCR_1":null,"CONDITION_1":null,"CONDITION_DESCR_1":null,"YEAR_BUILT_1":null,"UNIT_COUNT_1":null,"PCT_COMPLETE_1":null,"ALLOCATION_PCT_1":null,"IMP_NO_2":null,"USE_CODE_2":null,"USE_CODE_DESCR_2":null,"COST_CLASS_DESCR_2":null,"EXTERIOR_WALL_2":null,"ABOVE_GRADE_AREA_2":null,"MEZZANINE_2":null,"BASEMENT_2":null,"BSMT_FINISH_2":null,"BSMT_UNFINISH_2":null,"QUALITY_DESCR_2":null,"CONDITION_2":null,"CONDITION_DESCR_2":null,"YEAR_BUILT_2":null,"UNIT_COUNT_2":null,"PCT_COMPLETE_2":null,"ALLOCATION_PCT_2":null,"TRAV_COUNT":1,"LASTUPDATE":null,"CREATED_DATE":1712330344000,"LAST_EDITED_DATE":1712330533000,"GLOBALID":"{F817E459-BA60-4D89-988D-19FC31B4215E}","SHAPE_Length":0.002736987218994325,"SHAPE_Area":3.4493055955217238e-07}},{"type":"Feature","id":47,"geometry":{"type":"MultiPolygon","coordinates":[[[[-111.64276964399994,40.260786080000059],[-111.64249782499996,40.260520416000077],[-111.64203761799996,40.260786973000052],[-111.64276964399994,40.260786080000059]]],[[[-111.64203761799996,40.260786973000052],[-111.64202454999997,40.260786989000053],[-111.64202634899999,40.260793499000044],[-111.64203761799996,40.260786973000052]]]]},"properties":{"OBJECTID":47,"PARCEL_NO":200710029,"PARCELID":"200710029","PARCELID_LABEL":"20:071:0029","OWNER_NAME":"PROVO CITY CORPORATION","CARE_NAME":null,"ACREAGE":0.38,"SITE_FULL_ADDRESS":"1000 E TEMPLE VIEW DR, PROVO, UT","SITE_HOUSE_NUM":"1000","SITE_PRE_DIR":"E","SITE_STREET_NAME":"TEMPLE VIEW","SITE_STREET_TYPE":"DR","SITE_POST_DIR":null,"SITE_STREET_UNIT":null,"SITE_CITY":"PROVO","SITE_STATE":"UT","SITE_ZIP5":"84604","OWN_FULL_ADDRESS":"PO BOX 1849  PROVO, UT 84603-1849","OWN_STREET_ADDRESS":"PO BOX 1849","OWN_CITY":"PROVO","OWN_STATE":"UT","OWN_ZIP5":"84603","VESTING_DOC":"5435-1946","PARCEL_CREATE_DATE":-747532800000,"MAP_FILING_NO":null,"SUB_NAME":null,"LEGAL_DESCR":"COM W 1342.94 FT & S 144.88 FT OF NE COR SEC 31, T6S, R3E, SLM; S 35 DEG 42'30\"E 180 FT; N 41 DEG 59'E 191.15 FT; W 230 FT TO BEG. AREA  .38 ACRES.","BOOK_PAGE":20071,"LOT":null,"BUILDING":null,"UNIT":null,"TAX_DISTRICT":"110","TAX_DISTRICT_DESCR":"PROVO CITY","SCHOOL_DISTRICT":"PROVO","TAXABLE_CODE":959,"ACCOUNT_TYPE":"EXEMPT","PROP_TYPE":951,"PROP_TYPE_DESCR":"EXEMPT","SPECIFIC_PROP_TYPE":951,"SPC_PROP_TYP_DESCR":"Exempt","NEIGHBORHOOD":"1000","NBHD_DISTRICT":"8999","LAND_DISTRICT":8999,"ECONOMIC_UNIT":null,"GLA_WEIGHTED_YRBLT":null,"TOTAL_ABOVE_GRADE_AREA":null,"TOTAL_MEZZANINE":null,"TOTAL_BASEMENT":null,"TOTAL_BSMT_FINISH":null,"TOTAL_UNIT_COUNT":null,"TOTAL_IMP_COUNT":null,"ASMT_YEAR":2026,"ASMT_CODE":"UNK","ASMT_CODE_DESCR":"UNK","MKT_LAND_VALUE":0,"MKT_LAND_RES":0,"MKT_LAND_AGR":0,"MKT_LAND_COM":0,"MKT_IMP_VALUE":0,"MKT_IMP_RES":0,"MKT_IMP_AGR":0,"MKT_IMP_COM":0,"MKT_CUR_VALUE":0,"MKT_PRV_VAL":0,"MKT_VAL_YR_CHG":0,"MKT_PCT_CHG":0,"TXBL_CUR_VALUE":0,"TXBL_PRV_VAL":0,"TXBL_VAL_YR_CHG":0,"TXBL_PCT_CHG":0,"TOT_CUR_TAXES":0,"TOT_PRV_TAXES":0,"TAXES_YR_CHG":0,"TAXES_PCT_CHG":0,"GREENBELT":null,"EXEMPT_RES":"UNK","COMMON_AREA":null,"PUBLIC_ROAD":null,"PRIVATE_ROAD":null,"PART_CENTRAL_ASSD":null,"PART_TAXABLE":null,"IMP_NO_RES":null,"COST_GROUP_RES":null,"STYLE_DESCR_RES":null,"QUALITY_RES":null,"QUALITY_DESCR_RES":null,"CONDITION_RES":null,"CONDITION_DESCR_RES":null,"YEARBLT_RES":null,"GLA_RES":null,"BASEMENT_RES":null,"BSMT_FINISH_RES":null,"ATT_GARAGE_SQFT_RES":null,"BATHROOMS_RES":null,"GLA_BEDROOMS_RES":null,"EXTERIOR_RES":null,"ALLOCATION_PCT_RES":null,"IMP_NO_1":null,"USE_CODE_1":null,"USE_CODE_DESCR_1":null,"COST_CLASS_DESCR_1":null,"EXTERIOR_WALL_1":null,"ABOVE_GRADE_AREA_1":null,"MEZZANINE_1":null,"BASEMENT_1":null,"BSMT_FINISH_1":null,"BSMT_UNFINISH_1":null,"QUALITY_DESCR_1":null,"CONDITION_1":null,"CONDITION_DESCR_1":null,"YEAR_BUILT_1":null,"UNIT_COUNT_1":null,"PCT_COMPLETE_1":null,"ALLOCATION_PCT_1":null,"IMP_NO_2":null,"USE_CODE_2":null,"USE_CODE_DESCR_2":null,"COST_CLASS_DESCR_2":null,"EXTERIOR_WALL_2":null,"ABOVE_GRADE_AREA_2":null,"MEZZANINE_2":null,"BASEMENT_2":null,"BSMT_FINISH_2":null,"BSMT_UNFINISH_2":null,"QUALITY_DESCR_2":null,"CONDITION_2":null,"CONDITION_DESCR_2":null,"YEAR_BUILT_2":null,"UNIT_COUNT_2":null,"PCT_COMPLETE_2":null,"ALLOCATION_PCT_2":null,"TRAV_COUNT":1,"LASTUPDATE":null,"CREATED_DATE":1712330344000,"LAST_EDITED_DATE":1712330533000,"GLOBALID":"{916DB4C0-7695-4094-B61A-3025E04A0679}","SHAPE_Length":0.0016767835681383448,"SHAPE_Area":9.7400395537370317e-08}},{"type":"Feature","id":48,"geometry":{"type":"Polygon","coordinates":[[[-111.64148986999999,40.261205805000031],[-111.64148697899998,40.261206472000026],[-111.64212299899998,40.261205700000062],[-111.64199566799999,40.260817082000074],[-111.64148986999999,40.261205805000031]]]},"properties":{"OBJECTID":48,"PARCEL_NO":200710030,"PARCELID":"200710030","PARCELID_LABEL":"20:071:0030","OWNER_NAME":"PROVO CITY CORPORATION","CARE_NAME":null,"ACREAGE":0.28999999999999998,"SITE_FULL_ADDRESS":"1000 E TEMPLE VIEW DR, PROVO, UT","SITE_HOUSE_NUM":"1000","SITE_PRE_DIR":"E","SITE_STREET_NAME":"TEMPLE VIEW","SITE_STREET_TYPE":"DR","SITE_POST_DIR":null,"SITE_STREET_UNIT":null,"SITE_CITY":"PROVO","SITE_STATE":"UT","SITE_ZIP5":"84604","OWN_FULL_ADDRESS":"PO BOX 1849  PROVO, UT 84603-1849","OWN_STREET_ADDRESS":"PO BOX 1849","OWN_CITY":"PROVO","OWN_STATE":"UT","OWN_ZIP5":"84603","VESTING_DOC":"1-1901","PARCEL_CREATE_DATE":548726400000,"MAP_FILING_NO":null,"SUB_NAME":null,"LEGAL_DESCR":"COM W 1000 FT FR NE COR SEC 31, T6S, R3E, SLM; S 45 DEG W 200 FT; N 14 DEG W 146 FT; E 177.55 FT TO BEG.  AREA .29 ACRE","BOOK_PAGE":20071,"LOT":null,"BUILDING":null,"UNIT":null,"TAX_DISTRICT":"110","TAX_DISTRICT_DESCR":"PROVO CITY","SCHOOL_DISTRICT":"PROVO","TAXABLE_CODE":959,"ACCOUNT_TYPE":"EXEMPT","PROP_TYPE":951,"PROP_TYPE_DESCR":"EXEMPT","SPECIFIC_PROP_TYPE":951,"SPC_PROP_TYP_DESCR":"Exempt","NEIGHBORHOOD":"1000","NBHD_DISTRICT":"8999","LAND_DISTRICT":8999,"ECONOMIC_UNIT":null,"GLA_WEIGHTED_YRBLT":null,"TOTAL_ABOVE_GRADE_AREA":null,"TOTAL_MEZZANINE":null,"TOTAL_BASEMENT":null,"TOTAL_BSMT_FINISH":null,"TOTAL_UNIT_COUNT":null,"TOTAL_IMP_COUNT":null,"ASMT_YEAR":2026,"ASMT_CODE":"UNK","ASMT_CODE_DESCR":"UNK","MKT_LAND_VALUE":0,"MKT_LAND_RES":0,"MKT_LAND_AGR":0,"MKT_LAND_COM":0,"MKT_IMP_VALUE":0,"MKT_IMP_RES":0,"MKT_IMP_AGR":0,"MKT_IMP_COM":0,"MKT_CUR_VALUE":0,"MKT_PRV_VAL":0,"MKT_VAL_YR_CHG":0,"MKT_PCT_CHG":0,"TXBL_CUR_VALUE":0,"TXBL_PRV_VAL":0,"TXBL_VAL_YR_CHG":0,"TXBL_PCT_CHG":0,"TOT_CUR_TAXES":0,"TOT_PRV_TAXES":0,"TAXES_YR_CHG":0,"TAXES_PCT_CHG":0,"GREENBELT":null,"EXEMPT_RES":"UNK","COMMON_AREA":null,"PUBLIC_ROAD":null,"PRIVATE_ROAD":null,"PART_CENTRAL_ASSD":null,"PART_TAXABLE":null,"IMP_NO_RES":null,"COST_GROUP_RES":null,"STYLE_DESCR_RES":null,"QUALITY_RES":null,"QUALITY_DESCR_RES":null,"CONDITION_RES":null,"CONDITION_DESCR_RES":null,"YEARBLT_RES":null,"GLA_RES":null,"BASEMENT_RES":null,"BSMT_FINISH_RES":null,"ATT_GARAGE_SQFT_RES":null,"BATHROOMS_RES":null,"GLA_BEDROOMS_RES":null,"EXTERIOR_RES":null,"ALLOCATION_PCT_RES":null,"IMP_NO_1":null,"USE_CODE_1":null,"USE_CODE_DESCR_1":null,"COST_CLASS_DESCR_1":null,"EXTERIOR_WALL_1":null,"ABOVE_GRADE_AREA_1":null,"MEZZANINE_1":null,"BASEMENT_1":null,"BSMT_FINISH_1":null,"BSMT_UNFINISH_1":null,"QUALITY_DESCR_1":null,"CONDITION_1":null,"CONDITION_DESCR_1":null,"YEAR_BUILT_1":null,"UNIT_COUNT_1":null,"PCT_COMPLETE_1":null,"ALLOCATION_PCT_1":null,"IMP_NO_2":null,"USE_CODE_2":null,"USE_CODE_DESCR_2":null,"COST_CLASS_DESCR_2":null,"EXTERIOR_WALL_2":null,"ABOVE_GRADE_AREA_2":null,"MEZZANINE_2":null,"BASEMENT_2":null,"BSMT_FINISH_2":null,"BSMT_UNFINISH_2":null,"QUALITY_DESCR_2":null,"CONDITION_2":null,"CONDITION_DESCR_2":null,"YEAR_BUILT_2":null,"UNIT_COUNT_2":null,"PCT_COMPLETE_2":null,"ALLOCATION_PCT_2":null,"TRAV_COUNT":1,"LASTUPDATE":null,"CREATED_DATE":1712330344000,"LAST_EDITED_DATE":1712330533000,"GLOBALID":"{F60D88B9-BE6F-4E9F-9566-7C32BB2A57DC}","SHAPE_Length":0.0016858500703551694,"SHAPE_Area":1.2324034447392781e-07}},{"type":"Feature","id":49,"geometry":{"type":"Polygon","coordinates":[[[-111.64439861799997,40.262298324000028],[-111.64439861099999,40.262298315000066],[-111.64430202299997,40.262328650000029],[-111.64288248699995,40.262332768000078],[-111.64351288599994,40.263538668000081],[-111.64354384099994,40.263504116000036],[-111.64362366331963,40.263422429577766],[-111.64370844652784,40.26334590453672],[-111.64379785751581,40.263274841539776],[-111.64389154499241,40.263209519789726],[-111.64398914086448,40.263150195932312],[-111.64409026168292,40.263097103047855],[-111.64419451014935,40.263050449735537],[-111.64430147667699,40.263010419293771],[-111.64441074099994,40.262977169000067],[-111.64450746199998,40.262949108000043],[-111.64450681299996,40.262641186000053],[-111.64439934099994,40.262641319000068],[-111.64439861799997,40.262298324000028]]]},"properties":{"OBJECTID":49,"PARCEL_NO":200600074,"PARCELID":"200600074","PARCELID_LABEL":"20:060:0074","OWNER_NAME":"CHURCH OF JESUS CHRIST OF LATTER-DAY SAINTS THE","CARE_NAME":"%TAX DIVISION","ACREAGE":2.7706759999999999,"SITE_FULL_ADDRESS":null,"SITE_HOUSE_NUM":null,"SITE_PRE_DIR":null,"SITE_STREET_NAME":null,"SITE_STREET_TYPE":null,"SITE_POST_DIR":null,"SITE_STREET_UNIT":null,"SITE_CITY":null,"SITE_STATE":null,"SITE_ZIP5":"84602","OWN_FULL_ADDRESS":"%TAX DIVISION  50 E NORTH TEMPLE 22ND FLOOR  SALT LAKE CITY, UT 84150","OWN_STREET_ADDRESS":"50 E NORTH TEMPLE 22ND FLOOR","OWN_CITY":"SALT LAKE CITY","OWN_STATE":"UT","OWN_ZIP5":"84150","VESTING_DOC":"71712-2023","PARCEL_CREATE_DATE":1699315200000,"MAP_FILING_NO":null,"SUB_NAME":null,"LEGAL_DESCR":"COM N 399.39 FT & W 1811.31 FT FR SE COR. SEC. 30, T6S, R3E, SLB&M.; N 124.98 FT; W 30 FT; N 112.2 FT; N 69 DEG 21' 1\" E 28.87 FT; ALONG A CURVE TO L (CHORD BEARS: N 51 DEG 39' 42\" E 308.91 FT, RADIUS = 508.34 FT); ALONG A CURVE TO R (CHORD BEARS: N 34 DEG 33' 12\" E 15.27 FT, RADIUS = 754.46 FT); S 21 DEG 44' 0\" E 473.33 FT; S 89 DEG 52' 30\" W 396.26 FT; S 67 DEG 48' 2\" W 29.14 FT TO BEG. AREA 2.771 AC.","BOOK_PAGE":20060,"LOT":null,"BUILDING":null,"UNIT":null,"TAX_DISTRICT":"110","TAX_DISTRICT_DESCR":"PROVO CITY","SCHOOL_DISTRICT":"PROVO","TAXABLE_CODE":991,"ACCOUNT_TYPE":"EXEMPT","PROP_TYPE":900,"PROP_TYPE_DESCR":"VACANT","SPECIFIC_PROP_TYPE":901,"SPC_PROP_TYP_DESCR":"Vac Res","NEIGHBORHOOD":"112","NBHD_DISTRICT":"602","LAND_DISTRICT":6046,"ECONOMIC_UNIT":null,"GLA_WEIGHTED_YRBLT":null,"TOTAL_ABOVE_GRADE_AREA":null,"TOTAL_MEZZANINE":null,"TOTAL_BASEMENT":null,"TOTAL_BSMT_FINISH":null,"TOTAL_UNIT_COUNT":null,"TOTAL_IMP_COUNT":null,"ASMT_YEAR":2025,"ASMT_CODE":"V","ASMT_CODE_DESCR":"VACANT","MKT_LAND_VALUE":478200,"MKT_LAND_RES":0,"MKT_LAND_AGR":478200,"MKT_LAND_COM":0,"MKT_IMP_VALUE":0,"MKT_IMP_RES":0,"MKT_IMP_AGR":0,"MKT_IMP_COM":0,"MKT_CUR_VALUE":478200,"MKT_PRV_VAL":478200,"MKT_VAL_YR_CHG":0,"MKT_PCT_CHG":0,"TXBL_CUR_VALUE":478200,"TXBL_PRV_VAL":478200,"TXBL_VAL_YR_CHG":0,"TXBL_PCT_CHG":0,"TOT_CUR_TAXES":0,"TOT_PRV_TAXES":4858.0299999999997,"TAXES_YR_CHG":0,"TAXES_PCT_CHG":0,"GREENBELT":null,"EXEMPT_RES":"N","COMMON_AREA":null,"PUBLIC_ROAD":null,"PRIVATE_ROAD":null,"PART_CENTRAL_ASSD":null,"PART_TAXABLE":null,"IMP_NO_RES":null,"COST_GROUP_RES":null,"STYLE_DESCR_RES":null,"QUALITY_RES":null,"QUALITY_DESCR_RES":null,"CONDITION_RES":null,"CONDITION_DESCR_RES":null,"YEARBLT_RES":null,"GLA_RES":null,"BASEMENT_RES":null,"BSMT_FINISH_RES":null,"ATT_GARAGE_SQFT_RES":null,"BATHROOMS_RES":null,"GLA_BEDROOMS_RES":null,"EXTERIOR_RES":null,"ALLOCATION_PCT_RES":null,"IMP_NO_1":null,"USE_CODE_1":null,"USE_CODE_DESCR_1":null,"COST_CLASS_DESCR_1":null,"EXTERIOR_WALL_1":null,"ABOVE_GRADE_AREA_1":null,"MEZZANINE_1":null,"BASEMENT_1":null,"BSMT_FINISH_1":null,"BSMT_UNFINISH_1":null,"QUALITY_DESCR_1":null,"CONDITION_1":null,"CONDITION_DESCR_1":null,"YEAR_BUILT_1":null,"UNIT_COUNT_1":null,"PCT_COMPLETE_1":null,"ALLOCATION_PCT_1":null,"IMP_NO_2":null,"USE_CODE_2":null,"USE_CODE_DESCR_2":null,"COST_CLASS_DESCR_2":null,"EXTERIOR_WALL_2":null,"ABOVE_GRADE_AREA_2":null,"MEZZANINE_2":null,"BASEMENT_2":null,"BSMT_FINISH_2":null,"BSMT_UNFINISH_2":null,"QUALITY_DESCR_2":null,"CONDITION_2":null,"CONDITION_DESCR_2":null,"YEAR_BUILT_2":null,"UNIT_COUNT_2":null,"PCT_COMPLETE_2":null,"ALLOCATION_PCT_2":null,"TRAV_COUNT":1,"LASTUPDATE":null,"CREATED_DATE":1712330344000,"LAST_EDITED_DATE":1712330533000,"GLOBALID":"{DCE23E64-6C95-40D6-BAAE-D86C718EDFA8}","SHAPE_Length":0.004815089455015558,"SHAPE_Area":1.1872220814051039e-06}},{"type":"Feature","id":50,"geometry":{"type":"Polygon","coordinates":[[[-111.64350137299999,40.261748814000043],[-111.64350140899995,40.261748854000075],[-111.64428432599999,40.261747889000048],[-111.64427797999997,40.261182234000046],[-111.64425541699995,40.261152348000053],[-111.64350012599999,40.261153279000041],[-111.64350137299999,40.261748814000043]]]},"properties":{"OBJECTID":50,"PARCEL_NO":200600076,"PARCELID":"200600076","PARCELID_LABEL":"20:060:0076","OWNER_NAME":"CHURCH OF JESUS CHRIST OF LATTER-DAY SAINTS THE","CARE_NAME":"%TAX DIVISION","ACREAGE":1.083655,"SITE_FULL_ADDRESS":null,"SITE_HOUSE_NUM":null,"SITE_PRE_DIR":null,"SITE_STREET_NAME":null,"SITE_STREET_TYPE":null,"SITE_POST_DIR":null,"SITE_STREET_UNIT":null,"SITE_CITY":null,"SITE_STATE":null,"SITE_ZIP5":"84602","OWN_FULL_ADDRESS":"%TAX DIVISION  50 E NORTH TEMPLE 22ND FLOOR  SALT LAKE CITY, UT 84150","OWN_STREET_ADDRESS":"50 E NORTH TEMPLE 22ND FLOOR","OWN_CITY":"SALT LAKE CITY","OWN_STATE":"UT","OWN_ZIP5":"84150","VESTING_DOC":"71712-2023","PARCEL_CREATE_DATE":1699315200000,"MAP_FILING_NO":null,"SUB_NAME":null,"LEGAL_DESCR":"COM N 239.12 FT & E 1081.65 FT FR S 1/4 COR. SEC. 30, T6S, R3E, SLB&M.; S 217 FT; W 210.84 FT; N 29 DEG 57' 9\" W 12.58 FT; N 0 DEG 24' 0\" W 206.12 FT; E 218.55 FT TO BEG. AREA 1.084 AC.","BOOK_PAGE":20060,"LOT":null,"BUILDING":null,"UNIT":null,"TAX_DISTRICT":"110","TAX_DISTRICT_DESCR":"PROVO CITY","SCHOOL_DISTRICT":"PROVO","TAXABLE_CODE":991,"ACCOUNT_TYPE":"EXEMPT","PROP_TYPE":900,"PROP_TYPE_DESCR":"VACANT","SPECIFIC_PROP_TYPE":901,"SPC_PROP_TYP_DESCR":"Vac Res","NEIGHBORHOOD":"112","NBHD_DISTRICT":"602","LAND_DISTRICT":6046,"ECONOMIC_UNIT":null,"GLA_WEIGHTED_YRBLT":null,"TOTAL_ABOVE_GRADE_AREA":null,"TOTAL_MEZZANINE":null,"TOTAL_BASEMENT":null,"TOTAL_BSMT_FINISH":null,"TOTAL_UNIT_COUNT":null,"TOTAL_IMP_COUNT":null,"ASMT_YEAR":2025,"ASMT_CODE":"V","ASMT_CODE_DESCR":"VACANT","MKT_LAND_VALUE":187000,"MKT_LAND_RES":0,"MKT_LAND_AGR":187000,"MKT_LAND_COM":0,"MKT_IMP_VALUE":0,"MKT_IMP_RES":0,"MKT_IMP_AGR":0,"MKT_IMP_COM":0,"MKT_CUR_VALUE":187000,"MKT_PRV_VAL":187000,"MKT_VAL_YR_CHG":0,"MKT_PCT_CHG":0,"TXBL_CUR_VALUE":187000,"TXBL_PRV_VAL":187000,"TXBL_VAL_YR_CHG":0,"TXBL_PCT_CHG":0,"TOT_CUR_TAXES":0,"TOT_PRV_TAXES":1899.73,"TAXES_YR_CHG":0,"TAXES_PCT_CHG":0,"GREENBELT":null,"EXEMPT_RES":"N","COMMON_AREA":null,"PUBLIC_ROAD":null,"PRIVATE_ROAD":null,"PART_CENTRAL_ASSD":null,"PART_TAXABLE":null,"IMP_NO_RES":null,"COST_GROUP_RES":null,"STYLE_DESCR_RES":null,"QUALITY_RES":null,"QUALITY_DESCR_RES":null,"CONDITION_RES":null,"CONDITION_DESCR_RES":null,"YEARBLT_RES":null,"GLA_RES":null,"BASEMENT_RES":null,"BSMT_FINISH_RES":null,"ATT_GARAGE_SQFT_RES":null,"BATHROOMS_RES":null,"GLA_BEDROOMS_RES":null,"EXTERIOR_RES":null,"ALLOCATION_PCT_RES":null,"IMP_NO_1":null,"USE_CODE_1":null,"USE_CODE_DESCR_1":null,"COST_CLASS_DESCR_1":null,"EXTERIOR_WALL_1":null,"ABOVE_GRADE_AREA_1":null,"MEZZANINE_1":null,"BASEMENT_1":null,"BSMT_FINISH_1":null,"BSMT_UNFINISH_1":null,"QUALITY_DESCR_1":null,"CONDITION_1":null,"CONDITION_DESCR_1":null,"YEAR_BUILT_1":null,"UNIT_COUNT_1":null,"PCT_COMPLETE_1":null,"ALLOCATION_PCT_1":null,"IMP_NO_2":null,"USE_CODE_2":null,"USE_CODE_DESCR_2":null,"COST_CLASS_DESCR_2":null,"EXTERIOR_WALL_2":null,"ABOVE_GRADE_AREA_2":null,"MEZZANINE_2":null,"BASEMENT_2":null,"BSMT_FINISH_2":null,"BSMT_UNFINISH_2":null,"QUALITY_DESCR_2":null,"CONDITION_2":null,"CONDITION_DESCR_2":null,"YEAR_BUILT_2":null,"UNIT_COUNT_2":null,"PCT_COMPLETE_2":null,"ALLOCATION_PCT_2":null,"TRAV_COUNT":1,"LASTUPDATE":null,"CREATED_DATE":1712330344000,"LAST_EDITED_DATE":1712330533000,"GLOBALID":"{BE2224C6-B22C-42BC-B92F-6096D4D5584C}","SHAPE_Length":0.0027369366733099912,"SHAPE_Area":4.643576543382261e-07}},{"type":"Feature","id":51,"geometry":{"type":"Polygon","coordinates":[[[-111.64145044599996,40.261205844000074],[-111.64144971199994,40.261204522000071],[-111.64087057899997,40.261649598000076],[-111.64086256771948,40.261654986924682],[-111.64085547935342,40.261661542547436],[-111.64084948217089,40.261669109245872],[-111.64084471853772,40.261677507395802],[-111.64084130153671,40.261686537635413],[-111.6408393122833,40.261695985597846],[-111.64083879799995,40.261705627000026],[-111.64086726499994,40.261682851000046],[-111.64086486099995,40.26175091500005],[-111.64151493099996,40.262342526000054],[-111.64162467699998,40.26230885800004],[-111.64162239699999,40.261205636000057],[-111.64145044599996,40.261205844000074]]]},"properties":{"OBJECTID":51,"PARCEL_NO":200600082,"PARCELID":"200600082","PARCELID_LABEL":"20:060:0082","OWNER_NAME":"PROVO CITY CORPORATION","CARE_NAME":null,"ACREAGE":1.256108,"SITE_FULL_ADDRESS":"1000 E TEMPLE VIEW DR, PROVO, UT","SITE_HOUSE_NUM":"1000","SITE_PRE_DIR":"E","SITE_STREET_NAME":"TEMPLE VIEW","SITE_STREET_TYPE":"DR","SITE_POST_DIR":null,"SITE_STREET_UNIT":null,"SITE_CITY":"PROVO","SITE_STATE":"UT","SITE_ZIP5":"84604","OWN_FULL_ADDRESS":"PO BOX 1849  PROVO, UT 84603-1849","OWN_STREET_ADDRESS":"PO BOX 1849","OWN_CITY":"PROVO","OWN_STATE":"UT","OWN_ZIP5":"84603","VESTING_DOC":"1047-1912","PARCEL_CREATE_DATE":1714608000000,"MAP_FILING_NO":null,"SUB_NAME":null,"LEGAL_DESCR":"COM W 988.971 FT FR SE COR. SEC. 30, T6S, R3E, SLB&M.; W 48 FT; N 401.99 FT; N 68 DEG 16' 0\" E 33 FT; S 40 DEG 0' 0\" E 281.78 FT; S 1 DEG 38' 26\" W 24.81 FT; N 43 DEG 50' 55\" E 11.49 FT; ALONG A CURVE TO R (CHORD BEARS: S 23 DEG 34' 39\" W 22.26 FT, RADIUS = 24.99 FT); S 45 DEG 0' 0\" W 228.99 FT TO BEG. AREA 1.256 AC.","BOOK_PAGE":20060,"LOT":null,"BUILDING":null,"UNIT":null,"TAX_DISTRICT":"110","TAX_DISTRICT_DESCR":"PROVO CITY","SCHOOL_DISTRICT":"PROVO","TAXABLE_CODE":959,"ACCOUNT_TYPE":"EXEMPT","PROP_TYPE":951,"PROP_TYPE_DESCR":"EXEMPT","SPECIFIC_PROP_TYPE":951,"SPC_PROP_TYP_DESCR":"Exempt","NEIGHBORHOOD":"1000","NBHD_DISTRICT":"8999","LAND_DISTRICT":8999,"ECONOMIC_UNIT":null,"GLA_WEIGHTED_YRBLT":null,"TOTAL_ABOVE_GRADE_AREA":null,"TOTAL_MEZZANINE":null,"TOTAL_BASEMENT":null,"TOTAL_BSMT_FINISH":null,"TOTAL_UNIT_COUNT":null,"TOTAL_IMP_COUNT":null,"ASMT_YEAR":2026,"ASMT_CODE":"UNK","ASMT_CODE_DESCR":"UNK","MKT_LAND_VALUE":0,"MKT_LAND_RES":0,"MKT_LAND_AGR":0,"MKT_LAND_COM":0,"MKT_IMP_VALUE":0,"MKT_IMP_RES":0,"MKT_IMP_AGR":0,"MKT_IMP_COM":0,"MKT_CUR_VALUE":0,"MKT_PRV_VAL":0,"MKT_VAL_YR_CHG":0,"MKT_PCT_CHG":0,"TXBL_CUR_VALUE":0,"TXBL_PRV_VAL":0,"TXBL_VAL_YR_CHG":0,"TXBL_PCT_CHG":0,"TOT_CUR_TAXES":0,"TOT_PRV_TAXES":0,"TAXES_YR_CHG":0,"TAXES_PCT_CHG":0,"GREENBELT":null,"EXEMPT_RES":"UNK","COMMON_AREA":null,"PUBLIC_ROAD":null,"PRIVATE_ROAD":null,"PART_CENTRAL_ASSD":null,"PART_TAXABLE":null,"IMP_NO_RES":null,"COST_GROUP_RES":null,"STYLE_DESCR_RES":null,"QUALITY_RES":null,"QUALITY_DESCR_RES":null,"CONDITION_RES":null,"CONDITION_DESCR_RES":null,"YEARBLT_RES":null,"GLA_RES":null,"BASEMENT_RES":null,"BSMT_FINISH_RES":null,"ATT_GARAGE_SQFT_RES":null,"BATHROOMS_RES":null,"GLA_BEDROOMS_RES":null,"EXTERIOR_RES":null,"ALLOCATION_PCT_RES":null,"IMP_NO_1":null,"USE_CODE_1":null,"USE_CODE_DESCR_1":null,"COST_CLASS_DESCR_1":null,"EXTERIOR_WALL_1":null,"ABOVE_GRADE_AREA_1":null,"MEZZANINE_1":null,"BASEMENT_1":null,"BSMT_FINISH_1":null,"BSMT_UNFINISH_1":null,"QUALITY_DESCR_1":null,"CONDITION_1":null,"CONDITION_DESCR_1":null,"YEAR_BUILT_1":null,"UNIT_COUNT_1":null,"PCT_COMPLETE_1":null,"ALLOCATION_PCT_1":null,"IMP_NO_2":null,"USE_CODE_2":null,"USE_CODE_DESCR_2":null,"COST_CLASS_DESCR_2":null,"EXTERIOR_WALL_2":null,"ABOVE_GRADE_AREA_2":null,"MEZZANINE_2":null,"BASEMENT_2":null,"BSMT_FINISH_2":null,"BSMT_UNFINISH_2":null,"QUALITY_DESCR_2":null,"CONDITION_2":null,"CONDITION_DESCR_2":null,"YEAR_BUILT_2":null,"UNIT_COUNT_2":null,"PCT_COMPLETE_2":null,"ALLOCATION_PCT_2":null,"TRAV_COUNT":1,"LASTUPDATE":null,"CREATED_DATE":1714651468000,"LAST_EDITED_DATE":1714651468000,"GLOBALID":"{312B2030-C0DF-474D-867B-2096DADEFEC6}","SHAPE_Length":0.0031730741054272929,"SHAPE_Area":5.3824485958012575e-07}},{"type":"Feature","id":52,"geometry":{"type":"MultiPolygon","coordinates":[[[[-111.64161459099995,40.261205654000037],[-111.64161686899996,40.262307985000064],[-111.64263779499998,40.261994773000026],[-111.64263614999999,40.261204410000062],[-111.64161459099995,40.261205654000037]]],[[[-111.64161458899997,40.261204770000063],[-111.64161243399997,40.261205656000072],[-111.64161459099995,40.261205654000037],[-111.64161458899997,40.261204770000063]]]]},"properties":{"OBJECTID":52,"PARCEL_NO":200600039,"PARCELID":"200600039","PARCELID_LABEL":"20:060:0039","OWNER_NAME":"PROVO CITY CORPORATION","CARE_NAME":null,"ACREAGE":2.2400000000000002,"SITE_FULL_ADDRESS":"1000 E TEMPLE VIEW DR, PROVO, UT","SITE_HOUSE_NUM":"1000","SITE_PRE_DIR":"E","SITE_STREET_NAME":"TEMPLE VIEW","SITE_STREET_TYPE":"DR","SITE_POST_DIR":null,"SITE_STREET_UNIT":null,"SITE_CITY":"PROVO","SITE_STATE":"UT","SITE_ZIP5":"84604","OWN_FULL_ADDRESS":"PO BOX 1849  PROVO, UT 84603-1849","OWN_STREET_ADDRESS":"PO BOX 1849","OWN_CITY":"PROVO","OWN_STATE":"UT","OWN_ZIP5":"84603","VESTING_DOC":"4132-1930","PARCEL_CREATE_DATE":-1249516800000,"MAP_FILING_NO":null,"SUB_NAME":null,"LEGAL_DESCR":"COM 15.67 CHS W OF SE COR OF S30 T6S R3E, SLBM; W 285.78 FT; N 288 FT; N 68 DEG 16' E 305 FT; S 396 FT TO BEG.","BOOK_PAGE":20060,"LOT":null,"BUILDING":null,"UNIT":null,"TAX_DISTRICT":"110","TAX_DISTRICT_DESCR":"PROVO CITY","SCHOOL_DISTRICT":"PROVO","TAXABLE_CODE":959,"ACCOUNT_TYPE":"EXEMPT","PROP_TYPE":951,"PROP_TYPE_DESCR":"EXEMPT","SPECIFIC_PROP_TYPE":951,"SPC_PROP_TYP_DESCR":"Exempt","NEIGHBORHOOD":"1000","NBHD_DISTRICT":"8999","LAND_DISTRICT":8999,"ECONOMIC_UNIT":null,"GLA_WEIGHTED_YRBLT":null,"TOTAL_ABOVE_GRADE_AREA":null,"TOTAL_MEZZANINE":null,"TOTAL_BASEMENT":null,"TOTAL_BSMT_FINISH":null,"TOTAL_UNIT_COUNT":null,"TOTAL_IMP_COUNT":null,"ASMT_YEAR":2026,"ASMT_CODE":"UNK","ASMT_CODE_DESCR":"UNK","MKT_LAND_VALUE":0,"MKT_LAND_RES":0,"MKT_LAND_AGR":0,"MKT_LAND_COM":0,"MKT_IMP_VALUE":0,"MKT_IMP_RES":0,"MKT_IMP_AGR":0,"MKT_IMP_COM":0,"MKT_CUR_VALUE":0,"MKT_PRV_VAL":0,"MKT_VAL_YR_CHG":0,"MKT_PCT_CHG":0,"TXBL_CUR_VALUE":0,"TXBL_PRV_VAL":0,"TXBL_VAL_YR_CHG":0,"TXBL_PCT_CHG":0,"TOT_CUR_TAXES":0,"TOT_PRV_TAXES":0,"TAXES_YR_CHG":0,"TAXES_PCT_CHG":0,"GREENBELT":null,"EXEMPT_RES":"UNK","COMMON_AREA":null,"PUBLIC_ROAD":null,"PRIVATE_ROAD":null,"PART_CENTRAL_ASSD":null,"PART_TAXABLE":null,"IMP_NO_RES":null,"COST_GROUP_RES":null,"STYLE_DESCR_RES":null,"QUALITY_RES":null,"QUALITY_DESCR_RES":null,"CONDITION_RES":null,"CONDITION_DESCR_RES":null,"YEARBLT_RES":null,"GLA_RES":null,"BASEMENT_RES":null,"BSMT_FINISH_RES":null,"ATT_GARAGE_SQFT_RES":null,"BATHROOMS_RES":null,"GLA_BEDROOMS_RES":null,"EXTERIOR_RES":null,"ALLOCATION_PCT_RES":null,"IMP_NO_1":null,"USE_CODE_1":null,"USE_CODE_DESCR_1":null,"COST_CLASS_DESCR_1":null,"EXTERIOR_WALL_1":null,"ABOVE_GRADE_AREA_1":null,"MEZZANINE_1":null,"BASEMENT_1":null,"BSMT_FINISH_1":null,"BSMT_UNFINISH_1":null,"QUALITY_DESCR_1":null,"CONDITION_1":null,"CONDITION_DESCR_1":null,"YEAR_BUILT_1":null,"UNIT_COUNT_1":null,"PCT_COMPLETE_1":null,"ALLOCATION_PCT_1":null,"IMP_NO_2":null,"USE_CODE_2":null,"USE_CODE_DESCR_2":null,"COST_CLASS_DESCR_2":null,"EXTERIOR_WALL_2":null,"ABOVE_GRADE_AREA_2":null,"MEZZANINE_2":null,"BASEMENT_2":null,"BSMT_FINISH_2":null,"BSMT_UNFINISH_2":null,"QUALITY_DESCR_2":null,"CONDITION_2":null,"CONDITION_DESCR_2":null,"YEAR_BUILT_2":null,"UNIT_COUNT_2":null,"PCT_COMPLETE_2":null,"ALLOCATION_PCT_2":null,"TRAV_COUNT":1,"LASTUPDATE":null,"CREATED_DATE":1712330344000,"LAST_EDITED_DATE":1712330533000,"GLOBALID":"{717DC8BA-9DDA-4DED-B88F-9AA4C82BDDA0}","SHAPE_Length":0.0039875200707197838,"SHAPE_Area":9.6675913229059179e-07}},{"type":"Feature","id":53,"geometry":{"type":"Polygon","coordinates":[[[-111.62602937399998,40.213076564000062],[-111.62693064999996,40.213391020000074],[-111.6269655075365,40.213301111888633],[-111.62700536889474,40.213213307626347],[-111.62705010776513,40.213127885440521],[-111.62709958238264,40.213045116010299],[-111.62715363597594,40.212965261609007],[-111.62721209726425,40.212888575273027],[-111.62727478099998,40.212815300000045],[-111.62740144999998,40.212673178000045],[-111.62738962699996,40.212666985000055],[-111.62732495799931,40.212631383075419],[-111.6272633064505,40.212590779341454],[-111.62720505839135,40.212545428042823],[-111.62715057854835,40.212495613151575],[-111.62710020805294,40.212441646589021],[-111.62705426230539,40.21238386627261],[-111.62701302899995,40.212322634000031],[-111.62623132799996,40.210995410000066],[-111.62523235599997,40.211358442000062],[-111.62518773299996,40.211258763000046],[-111.62544338299995,40.21118758800003],[-111.62547196699995,40.211268317000076],[-111.62622988899994,40.210992884000063],[-111.62600118399996,40.210604561000025],[-111.62595838136508,40.210544243341126],[-111.62591093704731,40.210487504269601],[-111.62585914898058,40.210434700087262],[-111.62580334237613,40.210386162386172],[-111.62574386768019,40.210342195966376],[-111.62568109837333,40.210303076921832],[-111.62561542862522,40.210269050906653],[-111.6255472708192,40.210240331592502],[-111.62547705296281,40.210217099326755],[-111.62540521599999,40.210199500000044],[-111.62512210199998,40.210131414000045],[-111.62504070199998,40.210434184000064],[-111.62364449799998,40.210435651000068],[-111.62327937399999,40.210436037000079],[-111.62327932799997,40.210435996000058],[-111.62265983299994,40.21043664900003],[-111.62265963699997,40.210326707000036],[-111.62219422899994,40.210329788000024],[-111.62220024699997,40.210346565000066],[-111.62232836299995,40.210346431000062],[-111.62253722599996,40.210945648000063],[-111.62297767099994,40.211512961000039],[-111.62395322999998,40.211348576000034],[-111.62377398199999,40.211117700000045],[-111.62457741099996,40.21104785700004],[-111.62457776699995,40.211243617000036],[-111.62297788499995,40.211513208000042],[-111.62324305999999,40.211854760000051],[-111.62518566499995,40.212007641000071],[-111.62540774899998,40.212289002000034],[-111.62548674199996,40.212252954000064],[-111.62541529699996,40.212160934000053],[-111.62585879399995,40.211958534000075],[-111.62589774699995,40.212068529000078],[-111.62540955499998,40.21229132600007],[-111.62602937399998,40.213076564000062]]]},"properties":{"OBJECTID":53,"PARCEL_NO":220480070,"PARCELID":"220480070","PARCELID_LABEL":"22:048:0070","OWNER_NAME":"TPG AG EHC III (LEN) MULTI STATE 5 LLC","CARE_NAME":"%LENNAR HOMES OF UTAH LLC","ACREAGE":16.838373000000001,"SITE_FULL_ADDRESS":null,"SITE_HOUSE_NUM":null,"SITE_PRE_DIR":null,"SITE_STREET_NAME":null,"SITE_STREET_TYPE":null,"SITE_POST_DIR":null,"SITE_STREET_UNIT":null,"SITE_CITY":null,"SITE_STATE":null,"SITE_ZIP5":"84606","OWN_FULL_ADDRESS":"%LENNAR HOMES OF UTAH LLC  111 E SEGO LILY DR # 150  SANDY, UT 84070","OWN_STREET_ADDRESS":"111 E SEGO LILY DR # 150","OWN_CITY":"SANDY","OWN_STATE":"UT","OWN_ZIP5":"84070","VESTING_DOC":"59415-2024","PARCEL_CREATE_DATE":1726099200000,"MAP_FILING_NO":null,"SUB_NAME":null,"LEGAL_DESCR":"COM S 1526.585 FT & E 181.925 FT FR N 1/4 COR. SEC. 17, T7S, R3E, SLB&M.; S 65 DEG 26' 55\" E 276.61 FT; S 31 DEG 5' 59\" E 334.43 FT; S 59 DEG 18' 59\" W 158.71 FT; S 15 DEG 6' 33\" E 41.53 FT; N 59 DEG 18' 59\" E 144.18 FT; N 30 DEG 40' 57\" W 39.02 FT; N 59 DEG 19' 4\" E 25.68 FT; S 31 DEG 5' 59\" E 119.83 FT; S 84 DEG 3' 34\" E 545.52 FT; S 30 DEG 41' 0\" E 144.83 FT; S 77 DEG 41' 0\" W 457.6 FT; S 71.33 FT; N 83 DEG 36' 38\" E 225.88 FT; N 30 DEG 40' 59\" W 97.9 FT; N 77 DEG 41' 0\" E 279.03 FT; S 30 DEG 41' 0\" E 240.56 FT; S 14 DEG 53' 0\" E 226 FT; E 35.79 FT; S 15 DEG 17' 53\" E 6.34 FT; S 89 DEG 35' 1\" W 130.02 FT; N 40.06 FT; W 173.06 FT; N 40 DEG 27' 44\" W .02 FT; W 102 FT; N 89 DEG 59' 56\" W 390.04 FT; N 11 DEG 58' 34\" E .03 FT; S 11 DEG 43' 37\" W 112.67 FT; N 72 DEG 30' 16\" W 82.89 FT; ALONG A CURVE TO R (CHORD BEARS: N 48 DEG 21' 44\" W 222.49 FT, RADIUS = 272.04 FT); N 24 DEG 13' 13\" W 155.25 FT; N 64 DEG 43' 10\" E 234.31 FT; S 15 DEG 6' 26\" E 30.48 FT; N 70 DEG 7' 21\" E 75.98 FT; N 18 DEG 51' 46\" W 38.4 FT; S 64 DEG 43' 10\" W 308.83 FT; N 24 DEG 13' 13\" W 530.62 FT; ALONG A CURVE TO L (CHORD BEARS: N 39 DEG 53' 48\" W 163.74 FT, RADIUS = 303.05 FT); N 55 DEG 34' 43\" W 4 FT; N 34 DEG 25' 34\" E 62.72 FT; ALONG A CURVE TO L (CHORD BEARS: N 24 DEG 41' 55\" E 230.82 FT, RADIUS = 683.83 FT) TO BEG. AREA 16.838 AC.","BOOK_PAGE":22048,"LOT":null,"BUILDING":null,"UNIT":null,"TAX_DISTRICT":"110","TAX_DISTRICT_DESCR":"PROVO CITY","SCHOOL_DISTRICT":"PROVO","TAXABLE_CODE":100,"ACCOUNT_TYPE":"RESIDENTIAL","PROP_TYPE":900,"PROP_TYPE_DESCR":"VACANT","SPECIFIC_PROP_TYPE":901,"SPC_PROP_TYP_DESCR":"Vac Res","NEIGHBORHOOD":"111","NBHD_DISTRICT":"611","LAND_DISTRICT":6011,"ECONOMIC_UNIT":null,"GLA_WEIGHTED_YRBLT":null,"TOTAL_ABOVE_GRADE_AREA":null,"TOTAL_MEZZANINE":null,"TOTAL_BASEMENT":null,"TOTAL_BSMT_FINISH":null,"TOTAL_UNIT_COUNT":null,"TOTAL_IMP_COUNT":null,"ASMT_YEAR":2026,"ASMT_CODE":"V","ASMT_CODE_DESCR":"VACANT","MKT_LAND_VALUE":572900,"MKT_LAND_RES":0,"MKT_LAND_AGR":572900,"MKT_LAND_COM":0,"MKT_IMP_VALUE":0,"MKT_IMP_RES":0,"MKT_IMP_AGR":0,"MKT_IMP_COM":0,"MKT_CUR_VALUE":572900,"MKT_PRV_VAL":572900,"MKT_VAL_YR_CHG":0,"MKT_PCT_CHG":0,"TXBL_CUR_VALUE":572900,"TXBL_PRV_VAL":572900,"TXBL_VAL_YR_CHG":0,"TXBL_PCT_CHG":0,"TOT_CUR_TAXES":0,"TOT_PRV_TAXES":0,"TAXES_YR_CHG":0,"TAXES_PCT_CHG":0,"GREENBELT":null,"EXEMPT_RES":"N","COMMON_AREA":null,"PUBLIC_ROAD":null,"PRIVATE_ROAD":null,"PART_CENTRAL_ASSD":null,"PART_TAXABLE":null,"IMP_NO_RES":null,"COST_GROUP_RES":null,"STYLE_DESCR_RES":null,"QUALITY_RES":null,"QUALITY_DESCR_RES":null,"CONDITION_RES":null,"CONDITION_DESCR_RES":null,"YEARBLT_RES":null,"GLA_RES":null,"BASEMENT_RES":null,"BSMT_FINISH_RES":null,"ATT_GARAGE_SQFT_RES":null,"BATHROOMS_RES":null,"GLA_BEDROOMS_RES":null,"EXTERIOR_RES":null,"ALLOCATION_PCT_RES":null,"IMP_NO_1":null,"USE_CODE_1":null,"USE_CODE_DESCR_1":null,"COST_CLASS_DESCR_1":null,"EXTERIOR_WALL_1":null,"ABOVE_GRADE_AREA_1":null,"MEZZANINE_1":null,"BASEMENT_1":null,"BSMT_FINISH_1":null,"BSMT_UNFINISH_1":null,"QUALITY_DESCR_1":null,"CONDITION_1":null,"CONDITION_DESCR_1":null,"YEAR_BUILT_1":null,"UNIT_COUNT_1":null,"PCT_COMPLETE_1":null,"ALLOCATION_PCT_1":null,"IMP_NO_2":null,"USE_CODE_2":null,"USE_CODE_DESCR_2":null,"COST_CLASS_DESCR_2":null,"EXTERIOR_WALL_2":null,"ABOVE_GRADE_AREA_2":null,"MEZZANINE_2":null,"BASEMENT_2":null,"BSMT_FINISH_2":null,"BSMT_UNFINISH_2":null,"QUALITY_DESCR_2":null,"CONDITION_2":null,"CONDITION_DESCR_2":null,"YEAR_BUILT_2":null,"UNIT_COUNT_2":null,"PCT_COMPLETE_2":null,"ALLOCATION_PCT_2":null,"TRAV_COUNT":1,"LASTUPDATE":null,"CREATED_DATE":1726158708000,"LAST_EDITED_DATE":1726158708000,"GLOBALID":"{DDE82BA1-93B9-4DDD-8266-50497BA1356A}","SHAPE_Length":0.021460524146923014,"SHAPE_Area":7.2098446259975104e-06}},{"type":"Feature","id":54,"geometry":{"type":"Polygon","coordinates":[[[-111.62775148099996,40.17037540900003],[-111.62775313399999,40.169942610000078],[-111.62539225499995,40.169968882000035],[-111.62539060199998,40.170397175000062],[-111.62539464299999,40.170397151000031],[-111.62539475999995,40.170391251000069],[-111.62677513999995,40.170378540000058],[-111.62677515099995,40.170384413000079],[-111.62775148099996,40.17037540900003]]]},"properties":{"OBJECTID":54,"PARCEL_NO":230320053,"PARCELID":"230320053","PARCELID_LABEL":"23:032:0053","OWNER_NAME":"CONDIE FARM INC","CARE_NAME":null,"ACREAGE":2.3576410000000001,"SITE_FULL_ADDRESS":"272 N 950 WEST, SPRINGVILLE, UT","SITE_HOUSE_NUM":"272","SITE_PRE_DIR":"N","SITE_STREET_NAME":"950 WEST","SITE_STREET_TYPE":null,"SITE_POST_DIR":null,"SITE_STREET_UNIT":null,"SITE_CITY":"SPRINGVILLE","SITE_STATE":"UT","SITE_ZIP5":"84663","OWN_FULL_ADDRESS":"325 N 950 W  SPRINGVILLE, UT 84663-3537","OWN_STREET_ADDRESS":"325 N 950 W","OWN_CITY":"SPRINGVILLE","OWN_STATE":"UT","OWN_ZIP5":"84663","VESTING_DOC":"77863-2006","PARCEL_CREATE_DATE":1150848000000,"MAP_FILING_NO":null,"SUB_NAME":null,"LEGAL_DESCR":"COM N 1436.08 FT & E 2362.6 FT FR W 1/4 COR. 32, T7S, R3E, SLB&M.; N 89 DEG 23' 35\" E 272.93 FT; S 0 DEG 0' 2\" E 2.14 FT; N 89 DEG 23' 35\" E 385.88 FT; N 0 DEG 56' 28\" E 2.15 FT; N 89 DEG 37' 43\" E 1.13 FT; S 0 DEG 15' 0\" W 156.06 FT; S 89 DEG 15' 0\" W 660 FT; N 0 DEG 15' 0\" E 157.7 FT TO BEG. AREA 2.358 AC.","BOOK_PAGE":23032,"LOT":null,"BUILDING":null,"UNIT":null,"TAX_DISTRICT":"131","TAX_DISTRICT_DESCR":"SPRINGVILLE W/SPRV DRAIN DIST","SCHOOL_DISTRICT":"NEBO","TAXABLE_CODE":100,"ACCOUNT_TYPE":"RESIDENTIAL","PROP_TYPE":900,"PROP_TYPE_DESCR":"VACANT","SPECIFIC_PROP_TYPE":902,"SPC_PROP_TYP_DESCR":"Vac Res w/Det","NEIGHBORHOOD":"114","NBHD_DISTRICT":"705","LAND_DISTRICT":7010,"ECONOMIC_UNIT":null,"GLA_WEIGHTED_YRBLT":1983.7,"TOTAL_ABOVE_GRADE_AREA":8065,"TOTAL_MEZZANINE":0,"TOTAL_BASEMENT":0,"TOTAL_BSMT_FINISH":0,"TOTAL_UNIT_COUNT":null,"TOTAL_IMP_COUNT":4,"ASMT_YEAR":2026,"ASMT_CODE":"A","ASMT_CODE_DESCR":"AGRICULTURAL","MKT_LAND_VALUE":174500,"MKT_LAND_RES":0,"MKT_LAND_AGR":174500,"MKT_LAND_COM":0,"MKT_IMP_VALUE":19400,"MKT_IMP_RES":0,"MKT_IMP_AGR":19400,"MKT_IMP_COM":0,"MKT_CUR_VALUE":193900,"MKT_PRV_VAL":193900,"MKT_VAL_YR_CHG":0,"MKT_PCT_CHG":0,"TXBL_CUR_VALUE":193900,"TXBL_PRV_VAL":20575,"TXBL_VAL_YR_CHG":173325,"TXBL_PCT_CHG":8.424100000000001,"TOT_CUR_TAXES":0,"TOT_PRV_TAXES":0,"TAXES_YR_CHG":0,"TAXES_PCT_CHG":0,"GREENBELT":null,"EXEMPT_RES":"N","COMMON_AREA":null,"PUBLIC_ROAD":null,"PRIVATE_ROAD":null,"PART_CENTRAL_ASSD":null,"PART_TAXABLE":null,"IMP_NO_RES":null,"COST_GROUP_RES":null,"STYLE_DESCR_RES":null,"QUALITY_RES":null,"QUALITY_DESCR_RES":null,"CONDITION_RES":null,"CONDITION_DESCR_RES":null,"YEARBLT_RES":null,"GLA_RES":null,"BASEMENT_RES":null,"BSMT_FINISH_RES":null,"ATT_GARAGE_SQFT_RES":null,"BATHROOMS_RES":null,"GLA_BEDROOMS_RES":null,"EXTERIOR_RES":null,"ALLOCATION_PCT_RES":null,"IMP_NO_1":300052,"USE_CODE_1":479,"USE_CODE_DESCR_1":"Shed - Farm Utility Storage - Loafing","COST_CLASS_DESCR_1":"S - Metal","EXTERIOR_WALL_1":null,"ABOVE_GRADE_AREA_1":6000,"MEZZANINE_1":0,"BASEMENT_1":0,"BSMT_FINISH_1":0,"BSMT_UNFINISH_1":0,"QUALITY_DESCR_1":"Average","CONDITION_1":3,"CONDITION_DESCR_1":"Average","YEAR_BUILT_1":1996,"UNIT_COUNT_1":null,"PCT_COMPLETE_1":1,"ALLOCATION_PCT_1":null,"IMP_NO_2":300050,"USE_CODE_2":472,"USE_CODE_DESCR_2":"Shed - Equipment","COST_CLASS_DESCR_2":"D - Wood/Steel Studs","EXTERIOR_WALL_2":null,"ABOVE_GRADE_AREA_2":1104,"MEZZANINE_2":0,"BASEMENT_2":0,"BSMT_FINISH_2":0,"BSMT_UNFINISH_2":0,"QUALITY_DESCR_2":"Average","CONDITION_2":3,"CONDITION_DESCR_2":"Average","YEAR_BUILT_2":1948,"UNIT_COUNT_2":null,"PCT_COMPLETE_2":1,"ALLOCATION_PCT_2":null,"TRAV_COUNT":1,"LASTUPDATE":null,"CREATED_DATE":1712330344000,"LAST_EDITED_DATE":1712330533000,"GLOBALID":"{04D51547-2C4B-4052-8AD7-ABDEFF98C75A}","SHAPE_Length":0.0055947488019504991,"SHAPE_Area":1.0083144462324619e-06}},{"type":"Feature","id":55,"geometry":{"type":"Polygon","coordinates":[[[-111.69767998999998,40.100086909000026],[-111.69769041699999,40.10370957300006],[-111.69968362399999,40.103706173000035],[-111.69967309199995,40.100083510000047],[-111.69767998999998,40.100086909000026]]]},"properties":{"OBJECTID":55,"PARCEL_NO":250120007,"PARCELID":"250120007","PARCELID_LABEL":"25:012:0007","OWNER_NAME":"CASS, BRUCE & BONNIE","CARE_NAME":null,"ACREAGE":16.899999999999999,"SITE_FULL_ADDRESS":null,"SITE_HOUSE_NUM":null,"SITE_PRE_DIR":null,"SITE_STREET_NAME":null,"SITE_STREET_TYPE":null,"SITE_POST_DIR":null,"SITE_STREET_UNIT":null,"SITE_CITY":null,"SITE_STATE":null,"SITE_ZIP5":"84660","OWN_FULL_ADDRESS":"1137 W 400 S  HURRICANE, UT 84737-2407","OWN_STREET_ADDRESS":"1137 W 400 S","OWN_CITY":"HURRICANE","OWN_STATE":"UT","OWN_ZIP5":"84737","VESTING_DOC":"86654-2009","PARCEL_CREATE_DATE":347068800000,"MAP_FILING_NO":null,"SUB_NAME":null,"LEGAL_DESCR":"COM. 21.55 CHS W OF SE COR OF SEC 22, T 8 S, R 2 E, SLM; N 20 CHS; W 8.45 CHS; S 20 CHS; E 8.45 CHS TO BEG. AREA 16.90 ACRES.","BOOK_PAGE":25012,"LOT":null,"BUILDING":null,"UNIT":null,"TAX_DISTRICT":"120","TAX_DISTRICT_DESCR":"NEBO SCHOOL DIST S/A 6-7-8","SCHOOL_DISTRICT":"NEBO","TAXABLE_CODE":100,"ACCOUNT_TYPE":"RESIDENTIAL","PROP_TYPE":900,"PROP_TYPE_DESCR":"VACANT","SPECIFIC_PROP_TYPE":901,"SPC_PROP_TYP_DESCR":"Vac Res","NEIGHBORHOOD":"124","NBHD_DISTRICT":"815","LAND_DISTRICT":8010,"ECONOMIC_UNIT":null,"GLA_WEIGHTED_YRBLT":null,"TOTAL_ABOVE_GRADE_AREA":null,"TOTAL_MEZZANINE":null,"TOTAL_BASEMENT":null,"TOTAL_BSMT_FINISH":null,"TOTAL_UNIT_COUNT":null,"TOTAL_IMP_COUNT":null,"ASMT_YEAR":2026,"ASMT_CODE":"V","ASMT_CODE_DESCR":"VACANT","MKT_LAND_VALUE":792100,"MKT_LAND_RES":0,"MKT_LAND_AGR":792100,"MKT_LAND_COM":0,"MKT_IMP_VALUE":0,"MKT_IMP_RES":0,"MKT_IMP_AGR":0,"MKT_IMP_COM":0,"MKT_CUR_VALUE":792100,"MKT_PRV_VAL":792100,"MKT_VAL_YR_CHG":0,"MKT_PCT_CHG":0,"TXBL_CUR_VALUE":10934,"TXBL_PRV_VAL":10934,"TXBL_VAL_YR_CHG":0,"TXBL_PCT_CHG":0,"TOT_CUR_TAXES":0,"TOT_PRV_TAXES":0,"TAXES_YR_CHG":0,"TAXES_PCT_CHG":0,"GREENBELT":"GB","EXEMPT_RES":"N","COMMON_AREA":null,"PUBLIC_ROAD":null,"PRIVATE_ROAD":null,"PART_CENTRAL_ASSD":null,"PART_TAXABLE":null,"IMP_NO_RES":null,"COST_GROUP_RES":null,"STYLE_DESCR_RES":null,"QUALITY_RES":null,"QUALITY_DESCR_RES":null,"CONDITION_RES":null,"CONDITION_DESCR_RES":null,"YEARBLT_RES":null,"GLA_RES":null,"BASEMENT_RES":null,"BSMT_FINISH_RES":null,"ATT_GARAGE_SQFT_RES":null,"BATHROOMS_RES":null,"GLA_BEDROOMS_RES":null,"EXTERIOR_RES":null,"ALLOCATION_PCT_RES":null,"IMP_NO_1":null,"USE_CODE_1":null,"USE_CODE_DESCR_1":null,"COST_CLASS_DESCR_1":null,"EXTERIOR_WALL_1":null,"ABOVE_GRADE_AREA_1":null,"MEZZANINE_1":null,"BASEMENT_1":null,"BSMT_FINISH_1":null,"BSMT_UNFINISH_1":null,"QUALITY_DESCR_1":null,"CONDITION_1":null,"CONDITION_DESCR_1":null,"YEAR_BUILT_1":null,"UNIT_COUNT_1":null,"PCT_COMPLETE_1":null,"ALLOCATION_PCT_1":null,"IMP_NO_2":null,"USE_CODE_2":null,"USE_CODE_DESCR_2":null,"COST_CLASS_DESCR_2":null,"EXTERIOR_WALL_2":null,"ABOVE_GRADE_AREA_2":null,"MEZZANINE_2":null,"BASEMENT_2":null,"BSMT_FINISH_2":null,"BSMT_UNFINISH_2":null,"QUALITY_DESCR_2":null,"CONDITION_2":null,"CONDITION_DESCR_2":null,"YEAR_BUILT_2":null,"UNIT_COUNT_2":null,"PCT_COMPLETE_2":null,"ALLOCATION_PCT_2":null,"TRAV_COUNT":1,"LASTUPDATE":null,"CREATED_DATE":1712330344000,"LAST_EDITED_DATE":1712330533000,"GLOBALID":"{D178EC43-8E05-4DB3-90AF-65911E6A8ECD}","SHAPE_Length":0.011231672113519853,"SHAPE_Area":7.2205636820374678e-06}},{"type":"Feature","id":56,"geometry":{"type":"Polygon","coordinates":[[[-111.69436601699999,40.10009248700004],[-111.69437113799995,40.101902007000035],[-111.69768519799999,40.101896429000078],[-111.69767998999998,40.100086909000026],[-111.69436601699999,40.10009248700004]]]},"properties":{"OBJECTID":56,"PARCEL_NO":250120001,"PARCELID":"250120001","PARCELID_LABEL":"25:012:0001","OWNER_NAME":"BECK, CHAD D & KATHERINE H","CARE_NAME":null,"ACREAGE":14.040000000000001,"SITE_FULL_ADDRESS":null,"SITE_HOUSE_NUM":null,"SITE_PRE_DIR":null,"SITE_STREET_NAME":null,"SITE_STREET_TYPE":null,"SITE_POST_DIR":null,"SITE_STREET_UNIT":null,"SITE_CITY":null,"SITE_STATE":null,"SITE_ZIP5":"84660","OWN_FULL_ADDRESS":"1313 W RIVER RIDGE LN  SPANISH FORK, UT 84660","OWN_STREET_ADDRESS":"1313 W RIVER RIDGE LN","OWN_CITY":"SPANISH FORK","OWN_STATE":"UT","OWN_ZIP5":"84660","VESTING_DOC":"121821-2021","PARCEL_CREATE_DATE":315446400000,"MAP_FILING_NO":null,"SUB_NAME":null,"LEGAL_DESCR":"COM. 7.50 CHS W OF SE COR OF SEC 22, T 8 S, R 2 E, SLM; W 14.05 CHS; N 9.99 CHS; E 14.05 CHS; S 9.99 CHS TO BEG. AREA 14.04 ACRES.","BOOK_PAGE":25012,"LOT":null,"BUILDING":null,"UNIT":null,"TAX_DISTRICT":"120","TAX_DISTRICT_DESCR":"NEBO SCHOOL DIST S/A 6-7-8","SCHOOL_DISTRICT":"NEBO","TAXABLE_CODE":100,"ACCOUNT_TYPE":"RESIDENTIAL","PROP_TYPE":900,"PROP_TYPE_DESCR":"VACANT","SPECIFIC_PROP_TYPE":901,"SPC_PROP_TYP_DESCR":"Vac Res","NEIGHBORHOOD":"124","NBHD_DISTRICT":"815","LAND_DISTRICT":8010,"ECONOMIC_UNIT":null,"GLA_WEIGHTED_YRBLT":null,"TOTAL_ABOVE_GRADE_AREA":null,"TOTAL_MEZZANINE":null,"TOTAL_BASEMENT":null,"TOTAL_BSMT_FINISH":null,"TOTAL_UNIT_COUNT":null,"TOTAL_IMP_COUNT":null,"ASMT_YEAR":2026,"ASMT_CODE":"V","ASMT_CODE_DESCR":"VACANT","MKT_LAND_VALUE":658100,"MKT_LAND_RES":0,"MKT_LAND_AGR":658100,"MKT_LAND_COM":0,"MKT_IMP_VALUE":0,"MKT_IMP_RES":0,"MKT_IMP_AGR":0,"MKT_IMP_COM":0,"MKT_CUR_VALUE":658100,"MKT_PRV_VAL":658100,"MKT_VAL_YR_CHG":0,"MKT_PCT_CHG":0,"TXBL_CUR_VALUE":9084,"TXBL_PRV_VAL":9084,"TXBL_VAL_YR_CHG":0,"TXBL_PCT_CHG":0,"TOT_CUR_TAXES":0,"TOT_PRV_TAXES":0,"TAXES_YR_CHG":0,"TAXES_PCT_CHG":0,"GREENBELT":"GB","EXEMPT_RES":"N","COMMON_AREA":null,"PUBLIC_ROAD":null,"PRIVATE_ROAD":null,"PART_CENTRAL_ASSD":null,"PART_TAXABLE":null,"IMP_NO_RES":null,"COST_GROUP_RES":null,"STYLE_DESCR_RES":null,"QUALITY_RES":null,"QUALITY_DESCR_RES":null,"CONDITION_RES":null,"CONDITION_DESCR_RES":null,"YEARBLT_RES":null,"GLA_RES":null,"BASEMENT_RES":null,"BSMT_FINISH_RES":null,"ATT_GARAGE_SQFT_RES":null,"BATHROOMS_RES":null,"GLA_BEDROOMS_RES":null,"EXTERIOR_RES":null,"ALLOCATION_PCT_RES":null,"IMP_NO_1":null,"USE_CODE_1":null,"USE_CODE_DESCR_1":null,"COST_CLASS_DESCR_1":null,"EXTERIOR_WALL_1":null,"ABOVE_GRADE_AREA_1":null,"MEZZANINE_1":null,"BASEMENT_1":null,"BSMT_FINISH_1":null,"BSMT_UNFINISH_1":null,"QUALITY_DESCR_1":null,"CONDITION_1":null,"CONDITION_DESCR_1":null,"YEAR_BUILT_1":null,"UNIT_COUNT_1":null,"PCT_COMPLETE_1":null,"ALLOCATION_PCT_1":null,"IMP_NO_2":null,"USE_CODE_2":null,"USE_CODE_DESCR_2":null,"COST_CLASS_DESCR_2":null,"EXTERIOR_WALL_2":null,"ABOVE_GRADE_AREA_2":null,"MEZZANINE_2":null,"BASEMENT_2":null,"BSMT_FINISH_2":null,"BSMT_UNFINISH_2":null,"QUALITY_DESCR_2":null,"CONDITION_2":null,"CONDITION_DESCR_2":null,"YEAR_BUILT_2":null,"UNIT_COUNT_2":null,"PCT_COMPLETE_2":null,"ALLOCATION_PCT_2":null,"TRAV_COUNT":1,"LASTUPDATE":null,"CREATED_DATE":1712330344000,"LAST_EDITED_DATE":1712330533000,"GLOBALID":"{8F0FB152-847D-4C93-9BA4-05E691A00428}","SHAPE_Length":0.0102470971295687,"SHAPE_Area":5.9968079447619857e-06}},{"type":"Feature","id":57,"geometry":{"type":"Polygon","coordinates":[[[-111.70205847799997,40.098303188000045],[-111.69734120599998,40.098311276000061],[-111.69734640999997,40.10012260600007],[-111.70206380699994,40.100114517000065],[-111.70205847799997,40.098303188000045]]]},"properties":{"OBJECTID":57,"PARCEL_NO":250350010,"PARCELID":"250350010","PARCELID_LABEL":"25:035:0010","OWNER_NAME":"CASTLEBERRY, NEAL BECK (ET AL)","CARE_NAME":null,"ACREAGE":20,"SITE_FULL_ADDRESS":"SPANISH FORK DISTR, UT","SITE_HOUSE_NUM":" ","SITE_PRE_DIR":null,"SITE_STREET_NAME":null,"SITE_STREET_TYPE":null,"SITE_POST_DIR":null,"SITE_STREET_UNIT":null,"SITE_CITY":"SPANISH FORK DISTR","SITE_STATE":"UT","SITE_ZIP5":"84660","OWN_FULL_ADDRESS":"PO BOX 1292  PARK CITY, UT 84060","OWN_STREET_ADDRESS":"PO BOX 1292","OWN_CITY":"PARK CITY","OWN_STATE":"UT","OWN_ZIP5":"84060","VESTING_DOC":"43747-2023","PARCEL_CREATE_DATE":347068800000,"MAP_FILING_NO":null,"SUB_NAME":null,"LEGAL_DESCR":"COM. AT NW COR OF NE1/4 OF SEC 27, T 8 S, R 2 E, SLM; S 10 CHS; E 20 CHS; N 10  CHS; W 20 CHS  TO BEG. AREA 20 ACRES.","BOOK_PAGE":25035,"LOT":null,"BUILDING":null,"UNIT":null,"TAX_DISTRICT":"120","TAX_DISTRICT_DESCR":"NEBO SCHOOL DIST S/A 6-7-8","SCHOOL_DISTRICT":"NEBO","TAXABLE_CODE":100,"ACCOUNT_TYPE":"RESIDENTIAL","PROP_TYPE":900,"PROP_TYPE_DESCR":"VACANT","SPECIFIC_PROP_TYPE":901,"SPC_PROP_TYP_DESCR":"Vac Res","NEIGHBORHOOD":"124","NBHD_DISTRICT":"815","LAND_DISTRICT":8010,"ECONOMIC_UNIT":null,"GLA_WEIGHTED_YRBLT":null,"TOTAL_ABOVE_GRADE_AREA":null,"TOTAL_MEZZANINE":null,"TOTAL_BASEMENT":null,"TOTAL_BSMT_FINISH":null,"TOTAL_UNIT_COUNT":null,"TOTAL_IMP_COUNT":null,"ASMT_YEAR":2026,"ASMT_CODE":"V","ASMT_CODE_DESCR":"VACANT","MKT_LAND_VALUE":937500,"MKT_LAND_RES":0,"MKT_LAND_AGR":937500,"MKT_LAND_COM":0,"MKT_IMP_VALUE":0,"MKT_IMP_RES":0,"MKT_IMP_AGR":0,"MKT_IMP_COM":0,"MKT_CUR_VALUE":937500,"MKT_PRV_VAL":937500,"MKT_VAL_YR_CHG":0,"MKT_PCT_CHG":0,"TXBL_CUR_VALUE":12940,"TXBL_PRV_VAL":12940,"TXBL_VAL_YR_CHG":0,"TXBL_PCT_CHG":0,"TOT_CUR_TAXES":0,"TOT_PRV_TAXES":0,"TAXES_YR_CHG":0,"TAXES_PCT_CHG":0,"GREENBELT":"GB","EXEMPT_RES":"N","COMMON_AREA":null,"PUBLIC_ROAD":null,"PRIVATE_ROAD":null,"PART_CENTRAL_ASSD":null,"PART_TAXABLE":null,"IMP_NO_RES":null,"COST_GROUP_RES":null,"STYLE_DESCR_RES":null,"QUALITY_RES":null,"QUALITY_DESCR_RES":null,"CONDITION_RES":null,"CONDITION_DESCR_RES":null,"YEARBLT_RES":null,"GLA_RES":null,"BASEMENT_RES":null,"BSMT_FINISH_RES":null,"ATT_GARAGE_SQFT_RES":null,"BATHROOMS_RES":null,"GLA_BEDROOMS_RES":null,"EXTERIOR_RES":null,"ALLOCATION_PCT_RES":null,"IMP_NO_1":null,"USE_CODE_1":null,"USE_CODE_DESCR_1":null,"COST_CLASS_DESCR_1":null,"EXTERIOR_WALL_1":null,"ABOVE_GRADE_AREA_1":null,"MEZZANINE_1":null,"BASEMENT_1":null,"BSMT_FINISH_1":null,"BSMT_UNFINISH_1":null,"QUALITY_DESCR_1":null,"CONDITION_1":null,"CONDITION_DESCR_1":null,"YEAR_BUILT_1":null,"UNIT_COUNT_1":null,"PCT_COMPLETE_1":null,"ALLOCATION_PCT_1":null,"IMP_NO_2":null,"USE_CODE_2":null,"USE_CODE_DESCR_2":null,"COST_CLASS_DESCR_2":null,"EXTERIOR_WALL_2":null,"ABOVE_GRADE_AREA_2":null,"MEZZANINE_2":null,"BASEMENT_2":null,"BSMT_FINISH_2":null,"BSMT_UNFINISH_2":null,"QUALITY_DESCR_2":null,"CONDITION_2":null,"CONDITION_DESCR_2":null,"YEAR_BUILT_2":null,"UNIT_COUNT_2":null,"PCT_COMPLETE_2":null,"ALLOCATION_PCT_2":null,"TRAV_COUNT":1,"LASTUPDATE":null,"CREATED_DATE":1712330344000,"LAST_EDITED_DATE":1712330533000,"GLOBALID":"{4D2E7972-F244-4BA6-8C61-BBEDAD5CED8F}","SHAPE_Length":0.01305735718345135,"SHAPE_Area":8.5446897393479678e-06}},{"type":"Feature","id":58,"geometry":{"type":"Polygon","coordinates":[[[-111.65705985999995,40.084217128000034],[-111.65705987999996,40.084217112000033],[-111.65730063899997,40.083393644000068],[-111.65743320699994,40.083333456000048],[-111.65632890899997,40.082823174000055],[-111.65636852099999,40.082748829000025],[-111.65568694199999,40.082056575000024],[-111.65562253799999,40.08267823500006],[-111.65557894499995,40.083664385000077],[-111.65705985999995,40.084217128000034]]]},"properties":{"OBJECTID":58,"PARCEL_NO":250680179,"PARCELID":"250680179","PARCELID_LABEL":"25:068:0179","OWNER_NAME":"HALVORSEN, GAIL SEYMOUR (ET AL)","CARE_NAME":"%HALVORSEN, BOB","ACREAGE":4.6345809999999998,"SITE_FULL_ADDRESS":null,"SITE_HOUSE_NUM":null,"SITE_PRE_DIR":null,"SITE_STREET_NAME":null,"SITE_STREET_TYPE":null,"SITE_POST_DIR":null,"SITE_STREET_UNIT":null,"SITE_CITY":null,"SITE_STATE":null,"SITE_ZIP5":"84660","OWN_FULL_ADDRESS":"%HALVORSEN, BOB  904 S COLDWATER WAY  MIDWAY, UT 84049","OWN_STREET_ADDRESS":"904 S COLDWATER WAY","OWN_CITY":"MIDWAY","OWN_STATE":"UT","OWN_ZIP5":"84049","VESTING_DOC":"57045-2016 (MORE)","PARCEL_CREATE_DATE":1546214400000,"MAP_FILING_NO":null,"SUB_NAME":null,"LEGAL_DESCR":"COM N 2106.15 FT & W 732.71 FT FR E 1/4 COR. SEC. 36, T8S, R2E, SLB&M.; S 63 DEG 59' 2\" E 460.82 FT; S 2 DEG 2' 40\" W 359.53 FT; S 4 DEG 38' 59\" W 227.23 FT; N 37 DEG 0' 0\" W 316.25 FT; N 22 DEG 21' 28\" E 29.27 FT; N 58 DEG 52' 10\" W 360.69 FT; N 59 DEG 30' 54\" E 43.1 FT; N 12 DEG 45' 29\" E 307.52 FT TO BEG. AREA 4.635 AC.","BOOK_PAGE":25068,"LOT":null,"BUILDING":null,"UNIT":null,"TAX_DISTRICT":"150","TAX_DISTRICT_DESCR":"SPANISH FORK CITY","SCHOOL_DISTRICT":"NEBO","TAXABLE_CODE":100,"ACCOUNT_TYPE":"RESIDENTIAL","PROP_TYPE":900,"PROP_TYPE_DESCR":"VACANT","SPECIFIC_PROP_TYPE":901,"SPC_PROP_TYP_DESCR":"Vac Res","NEIGHBORHOOD":"116","NBHD_DISTRICT":"726","LAND_DISTRICT":7242,"ECONOMIC_UNIT":null,"GLA_WEIGHTED_YRBLT":null,"TOTAL_ABOVE_GRADE_AREA":null,"TOTAL_MEZZANINE":null,"TOTAL_BASEMENT":null,"TOTAL_BSMT_FINISH":null,"TOTAL_UNIT_COUNT":null,"TOTAL_IMP_COUNT":null,"ASMT_YEAR":2026,"ASMT_CODE":"V","ASMT_CODE_DESCR":"VACANT","MKT_LAND_VALUE":787600,"MKT_LAND_RES":0,"MKT_LAND_AGR":787600,"MKT_LAND_COM":0,"MKT_IMP_VALUE":0,"MKT_IMP_RES":0,"MKT_IMP_AGR":0,"MKT_IMP_COM":0,"MKT_CUR_VALUE":787600,"MKT_PRV_VAL":787600,"MKT_VAL_YR_CHG":0,"MKT_PCT_CHG":0,"TXBL_CUR_VALUE":2306,"TXBL_PRV_VAL":2306,"TXBL_VAL_YR_CHG":0,"TXBL_PCT_CHG":0,"TOT_CUR_TAXES":0,"TOT_PRV_TAXES":0,"TAXES_YR_CHG":0,"TAXES_PCT_CHG":0,"GREENBELT":"GB","EXEMPT_RES":"N","COMMON_AREA":null,"PUBLIC_ROAD":null,"PRIVATE_ROAD":null,"PART_CENTRAL_ASSD":null,"PART_TAXABLE":null,"IMP_NO_RES":null,"COST_GROUP_RES":null,"STYLE_DESCR_RES":null,"QUALITY_RES":null,"QUALITY_DESCR_RES":null,"CONDITION_RES":null,"CONDITION_DESCR_RES":null,"YEARBLT_RES":null,"GLA_RES":null,"BASEMENT_RES":null,"BSMT_FINISH_RES":null,"ATT_GARAGE_SQFT_RES":null,"BATHROOMS_RES":null,"GLA_BEDROOMS_RES":null,"EXTERIOR_RES":null,"ALLOCATION_PCT_RES":null,"IMP_NO_1":null,"USE_CODE_1":null,"USE_CODE_DESCR_1":null,"COST_CLASS_DESCR_1":null,"EXTERIOR_WALL_1":null,"ABOVE_GRADE_AREA_1":null,"MEZZANINE_1":null,"BASEMENT_1":null,"BSMT_FINISH_1":null,"BSMT_UNFINISH_1":null,"QUALITY_DESCR_1":null,"CONDITION_1":null,"CONDITION_DESCR_1":null,"YEAR_BUILT_1":null,"UNIT_COUNT_1":null,"PCT_COMPLETE_1":null,"ALLOCATION_PCT_1":null,"IMP_NO_2":null,"USE_CODE_2":null,"USE_CODE_DESCR_2":null,"COST_CLASS_DESCR_2":null,"EXTERIOR_WALL_2":null,"ABOVE_GRADE_AREA_2":null,"MEZZANINE_2":null,"BASEMENT_2":null,"BSMT_FINISH_2":null,"BSMT_UNFINISH_2":null,"QUALITY_DESCR_2":null,"CONDITION_2":null,"CONDITION_DESCR_2":null,"YEAR_BUILT_2":null,"UNIT_COUNT_2":null,"PCT_COMPLETE_2":null,"ALLOCATION_PCT_2":null,"TRAV_COUNT":1,"LASTUPDATE":null,"CREATED_DATE":1712330344000,"LAST_EDITED_DATE":1712330533000,"GLOBALID":"{6D409AA9-F1CA-4B08-9BF1-8B151E20FFCE}","SHAPE_Length":0.006468577275261957,"SHAPE_Area":1.9807213515710586e-06}},{"type":"Feature","id":59,"geometry":{"type":"Polygon","coordinates":[[[-111.61217932599999,40.153207433000034],[-111.61217853499994,40.152723347000062],[-111.61176651799997,40.152723743000024],[-111.61166554299996,40.153215068000065],[-111.61188124199998,40.15321418700006],[-111.61217932599999,40.153207433000034]]]},"properties":{"OBJECTID":59,"PARCEL_NO":260310056,"PARCELID":"260310056","PARCELID_LABEL":"26:031:0056","OWNER_NAME":"CRANDALL, CALVIN V & KATHRYN W","CARE_NAME":null,"ACREAGE":0.52893699999999999,"SITE_FULL_ADDRESS":"1040 S STATE, SPRINGVILLE, UT","SITE_HOUSE_NUM":"1040","SITE_PRE_DIR":"S","SITE_STREET_NAME":"STATE","SITE_STREET_TYPE":null,"SITE_POST_DIR":null,"SITE_STREET_UNIT":null,"SITE_CITY":"SPRINGVILLE","SITE_STATE":"UT","SITE_ZIP5":"84663","OWN_FULL_ADDRESS":"1034 S MAIN ST  SPRINGVILLE, UT 84663-9423","OWN_STREET_ADDRESS":"1034 S MAIN ST","OWN_CITY":"SPRINGVILLE","OWN_STATE":"UT","OWN_ZIP5":"84663","VESTING_DOC":"94176-2007","PARCEL_CREATE_DATE":1182988800000,"MAP_FILING_NO":null,"SUB_NAME":null,"LEGAL_DESCR":"COM N 443.64 FT & E 1376.79 FT FR W 1/4 COR. SEC. 4, T8S, R3E, SLB&M.; N 88 DEG 22' 50\" E 83.38 FT; N 89 DEG 45' 59\" E 60.31 FT; S 9 DEG 2' 0\" W 181.24 FT; W 115.2 FT; N 176.39 FT TO BEG. AREA 0.529 AC.","BOOK_PAGE":26031,"LOT":null,"BUILDING":null,"UNIT":null,"TAX_DISTRICT":"130","TAX_DISTRICT_DESCR":"SPRINGVILLE CITY","SCHOOL_DISTRICT":"NEBO","TAXABLE_CODE":100,"ACCOUNT_TYPE":"RESIDENTIAL","PROP_TYPE":111,"PROP_TYPE_DESCR":"SINGLE FAMILY RES","SPECIFIC_PROP_TYPE":111,"SPC_PROP_TYP_DESCR":"Single Family Res","NEIGHBORHOOD":"114","NBHD_DISTRICT":"701","LAND_DISTRICT":7014,"ECONOMIC_UNIT":null,"GLA_WEIGHTED_YRBLT":1987,"TOTAL_ABOVE_GRADE_AREA":3497,"TOTAL_MEZZANINE":0,"TOTAL_BASEMENT":0,"TOTAL_BSMT_FINISH":0,"TOTAL_UNIT_COUNT":1,"TOTAL_IMP_COUNT":1,"ASMT_YEAR":2026,"ASMT_CODE":"RP","ASMT_CODE_DESCR":"RES PRIMARY","MKT_LAND_VALUE":153500,"MKT_LAND_RES":153500,"MKT_LAND_AGR":0,"MKT_LAND_COM":0,"MKT_IMP_VALUE":396300,"MKT_IMP_RES":396300,"MKT_IMP_AGR":0,"MKT_IMP_COM":0,"MKT_CUR_VALUE":549800,"MKT_PRV_VAL":549800,"MKT_VAL_YR_CHG":0,"MKT_PCT_CHG":0,"TXBL_CUR_VALUE":302390,"TXBL_PRV_VAL":302390,"TXBL_VAL_YR_CHG":0,"TXBL_PCT_CHG":0,"TOT_CUR_TAXES":0,"TOT_PRV_TAXES":0,"TAXES_YR_CHG":0,"TAXES_PCT_CHG":0,"GREENBELT":null,"EXEMPT_RES":"Y","COMMON_AREA":null,"PUBLIC_ROAD":null,"PRIVATE_ROAD":null,"PART_CENTRAL_ASSD":null,"PART_TAXABLE":null,"IMP_NO_RES":68552,"COST_GROUP_RES":"SFR","STYLE_DESCR_RES":"Two Story","QUALITY_RES":3,"QUALITY_DESCR_RES":"Average","CONDITION_RES":3,"CONDITION_DESCR_RES":"Average","YEARBLT_RES":1987,"GLA_RES":2947,"BASEMENT_RES":0,"BSMT_FINISH_RES":0,"ATT_GARAGE_SQFT_RES":550,"BATHROOMS_RES":3,"GLA_BEDROOMS_RES":4,"EXTERIOR_RES":"Masonry Veneer","ALLOCATION_PCT_RES":null,"IMP_NO_1":null,"USE_CODE_1":null,"USE_CODE_DESCR_1":null,"COST_CLASS_DESCR_1":null,"EXTERIOR_WALL_1":null,"ABOVE_GRADE_AREA_1":null,"MEZZANINE_1":null,"BASEMENT_1":null,"BSMT_FINISH_1":null,"BSMT_UNFINISH_1":null,"QUALITY_DESCR_1":null,"CONDITION_1":null,"CONDITION_DESCR_1":null,"YEAR_BUILT_1":null,"UNIT_COUNT_1":null,"PCT_COMPLETE_1":null,"ALLOCATION_PCT_1":null,"IMP_NO_2":null,"USE_CODE_2":null,"USE_CODE_DESCR_2":null,"COST_CLASS_DESCR_2":null,"EXTERIOR_WALL_2":null,"ABOVE_GRADE_AREA_2":null,"MEZZANINE_2":null,"BASEMENT_2":null,"BSMT_FINISH_2":null,"BSMT_UNFINISH_2":null,"QUALITY_DESCR_2":null,"CONDITION_2":null,"CONDITION_DESCR_2":null,"YEAR_BUILT_2":null,"UNIT_COUNT_2":null,"PCT_COMPLETE_2":null,"ALLOCATION_PCT_2":null,"TRAV_COUNT":1,"LASTUPDATE":null,"CREATED_DATE":1712330344000,"LAST_EDITED_DATE":1712330533000,"GLOBALID":"{21D3E466-F70B-4420-A159-B3A60C5573A1}","SHAPE_Length":0.0019115588086094273,"SHAPE_Area":2.2615484105145006e-07}},{"type":"Feature","id":60,"geometry":{"type":"Polygon","coordinates":[[[-111.61227275999994,40.153205309000043],[-111.61227274899994,40.153205300000025],[-111.61234503799994,40.152605830000027],[-111.61184533499994,40.152569191000055],[-111.61181462799999,40.152723648000062],[-111.61217862299998,40.152723298000069],[-111.61217941399997,40.153207425000062],[-111.61227275999994,40.153205309000043]]]},"properties":{"OBJECTID":60,"PARCEL_NO":260280054,"PARCELID":"260280054","PARCELID_LABEL":"26:028:0054","OWNER_NAME":"CRANDALL, CALVIN V & KATHRYN W","CARE_NAME":null,"ACREAGE":0.30081999999999998,"SITE_FULL_ADDRESS":null,"SITE_HOUSE_NUM":null,"SITE_PRE_DIR":null,"SITE_STREET_NAME":null,"SITE_STREET_TYPE":null,"SITE_POST_DIR":null,"SITE_STREET_UNIT":null,"SITE_CITY":null,"SITE_STATE":null,"SITE_ZIP5":"84663","OWN_FULL_ADDRESS":"1034 S MAIN  SPRINGVILLE, UT 84663","OWN_STREET_ADDRESS":"1034 S MAIN","OWN_CITY":"SPRINGVILLE","OWN_STATE":"UT","OWN_ZIP5":"84663","VESTING_DOC":"12075-2024","PARCEL_CREATE_DATE":1709856000000,"MAP_FILING_NO":null,"SUB_NAME":null,"LEGAL_DESCR":"COM N 442.89 FT & E 1350.63 FT FR W 1/4 COR. SEC. 4, T8S, R3E, SLB&M.; N 88 DEG 22' 46\" E 26.11 FT; S 176.4 FT; E 101.77 FT; ALONG A CURVE TO L (CHORD BEARS: S 8 DEG 44' 42\" W 56.93 FT, RADIUS = 5775.16 FT); N 84 DEG 28' 12\" W 140.35 FT; N 5 DEG 21' 31\" E 219.36 FT TO BEG. AREA 0.301 AC.","BOOK_PAGE":26028,"LOT":null,"BUILDING":null,"UNIT":null,"TAX_DISTRICT":"130","TAX_DISTRICT_DESCR":"SPRINGVILLE CITY","SCHOOL_DISTRICT":"NEBO","TAXABLE_CODE":100,"ACCOUNT_TYPE":"RESIDENTIAL","PROP_TYPE":900,"PROP_TYPE_DESCR":"VACANT","SPECIFIC_PROP_TYPE":901,"SPC_PROP_TYP_DESCR":"Vac Res","NEIGHBORHOOD":"114","NBHD_DISTRICT":"701","LAND_DISTRICT":7014,"ECONOMIC_UNIT":null,"GLA_WEIGHTED_YRBLT":null,"TOTAL_ABOVE_GRADE_AREA":null,"TOTAL_MEZZANINE":null,"TOTAL_BASEMENT":null,"TOTAL_BSMT_FINISH":null,"TOTAL_UNIT_COUNT":null,"TOTAL_IMP_COUNT":null,"ASMT_YEAR":2026,"ASMT_CODE":"V","ASMT_CODE_DESCR":"VACANT","MKT_LAND_VALUE":22300,"MKT_LAND_RES":22300,"MKT_LAND_AGR":0,"MKT_LAND_COM":0,"MKT_IMP_VALUE":0,"MKT_IMP_RES":0,"MKT_IMP_AGR":0,"MKT_IMP_COM":0,"MKT_CUR_VALUE":22300,"MKT_PRV_VAL":22300,"MKT_VAL_YR_CHG":0,"MKT_PCT_CHG":0,"TXBL_CUR_VALUE":22300,"TXBL_PRV_VAL":22300,"TXBL_VAL_YR_CHG":0,"TXBL_PCT_CHG":0,"TOT_CUR_TAXES":0,"TOT_PRV_TAXES":0,"TAXES_YR_CHG":0,"TAXES_PCT_CHG":0,"GREENBELT":null,"EXEMPT_RES":"N","COMMON_AREA":null,"PUBLIC_ROAD":null,"PRIVATE_ROAD":null,"PART_CENTRAL_ASSD":null,"PART_TAXABLE":null,"IMP_NO_RES":null,"COST_GROUP_RES":null,"STYLE_DESCR_RES":null,"QUALITY_RES":null,"QUALITY_DESCR_RES":null,"CONDITION_RES":null,"CONDITION_DESCR_RES":null,"YEARBLT_RES":null,"GLA_RES":null,"BASEMENT_RES":null,"BSMT_FINISH_RES":null,"ATT_GARAGE_SQFT_RES":null,"BATHROOMS_RES":null,"GLA_BEDROOMS_RES":null,"EXTERIOR_RES":null,"ALLOCATION_PCT_RES":null,"IMP_NO_1":null,"USE_CODE_1":null,"USE_CODE_DESCR_1":null,"COST_CLASS_DESCR_1":null,"EXTERIOR_WALL_1":null,"ABOVE_GRADE_AREA_1":null,"MEZZANINE_1":null,"BASEMENT_1":null,"BSMT_FINISH_1":null,"BSMT_UNFINISH_1":null,"QUALITY_DESCR_1":null,"CONDITION_1":null,"CONDITION_DESCR_1":null,"YEAR_BUILT_1":null,"UNIT_COUNT_1":null,"PCT_COMPLETE_1":null,"ALLOCATION_PCT_1":null,"IMP_NO_2":null,"USE_CODE_2":null,"USE_CODE_DESCR_2":null,"COST_CLASS_DESCR_2":null,"EXTERIOR_WALL_2":null,"ABOVE_GRADE_AREA_2":null,"MEZZANINE_2":null,"BASEMENT_2":null,"BSMT_FINISH_2":null,"BSMT_UNFINISH_2":null,"QUALITY_DESCR_2":null,"CONDITION_2":null,"CONDITION_DESCR_2":null,"YEAR_BUILT_2":null,"UNIT_COUNT_2":null,"PCT_COMPLETE_2":null,"ALLOCATION_PCT_2":null,"TRAV_COUNT":1,"LASTUPDATE":null,"CREATED_DATE":1712330344000,"LAST_EDITED_DATE":1712330533000,"GLOBALID":"{12C73D75-9D5E-475F-BA81-B807AB5EB4F6}","SHAPE_Length":0.0022038440809668972,"SHAPE_Area":1.2873245652171364e-07}},{"type":"Feature","id":61,"geometry":{"type":"Polygon","coordinates":[[[-111.56230166599994,40.145064372000036],[-111.56348177899997,40.145063735000065],[-111.56348010399995,40.143252438000047],[-111.56230002199999,40.143253075000075],[-111.56230166599994,40.145064372000036]]]},"properties":{"OBJECTID":61,"PARCEL_NO":260660027,"PARCELID":"260660027","PARCELID_LABEL":"26:066:0027","OWNER_NAME":"EPIC 5 INVESTMENTS LLC","CARE_NAME":null,"ACREAGE":5,"SITE_FULL_ADDRESS":"1390 E 1600 NORTH, MAPLETON, UT","SITE_HOUSE_NUM":"1390","SITE_PRE_DIR":"E","SITE_STREET_NAME":"1600 NORTH","SITE_STREET_TYPE":null,"SITE_POST_DIR":null,"SITE_STREET_UNIT":null,"SITE_CITY":"MAPLETON","SITE_STATE":"UT","SITE_ZIP5":"84664","OWN_FULL_ADDRESS":"877 S SKYHAWK CIR  SALEM, UT 84653","OWN_STREET_ADDRESS":"877 S SKYHAWK CIR","OWN_CITY":"SALEM","OWN_STATE":"UT","OWN_ZIP5":"84653","VESTING_DOC":"14515-2025","PARCEL_CREATE_DATE":283910400000,"MAP_FILING_NO":null,"SUB_NAME":null,"LEGAL_DESCR":"COM W 10 CH FR NE COR. SEC. 11, T8S, R3E, SLB&M.; S 10 CH; W 5 CH; N 10 CH; E 5 CH TO BEG. AREA 5.000 AC.","BOOK_PAGE":26066,"LOT":null,"BUILDING":null,"UNIT":null,"TAX_DISTRICT":"140","TAX_DISTRICT_DESCR":"MAPLETON CITY","SCHOOL_DISTRICT":"NEBO","TAXABLE_CODE":100,"ACCOUNT_TYPE":"RESIDENTIAL","PROP_TYPE":111,"PROP_TYPE_DESCR":"SINGLE FAMILY RES","SPECIFIC_PROP_TYPE":111,"SPC_PROP_TYP_DESCR":"Single Family Res","NEIGHBORHOOD":"115","NBHD_DISTRICT":"711","LAND_DISTRICT":7101,"ECONOMIC_UNIT":null,"GLA_WEIGHTED_YRBLT":1983.7,"TOTAL_ABOVE_GRADE_AREA":3262,"TOTAL_MEZZANINE":0,"TOTAL_BASEMENT":1767,"TOTAL_BSMT_FINISH":1361,"TOTAL_UNIT_COUNT":1,"TOTAL_IMP_COUNT":2,"ASMT_YEAR":2026,"ASMT_CODE":"RPO","ASMT_CODE_DESCR":"RP PLUS ACREAGE","MKT_LAND_VALUE":805800,"MKT_LAND_RES":352600,"MKT_LAND_AGR":453200,"MKT_LAND_COM":0,"MKT_IMP_VALUE":389800,"MKT_IMP_RES":389800,"MKT_IMP_AGR":0,"MKT_IMP_COM":0,"MKT_CUR_VALUE":1195600,"MKT_PRV_VAL":1195600,"MKT_VAL_YR_CHG":0,"MKT_PCT_CHG":0,"TXBL_CUR_VALUE":861520,"TXBL_PRV_VAL":861520,"TXBL_VAL_YR_CHG":0,"TXBL_PCT_CHG":0,"TOT_CUR_TAXES":0,"TOT_PRV_TAXES":0,"TAXES_YR_CHG":0,"TAXES_PCT_CHG":0,"GREENBELT":null,"EXEMPT_RES":"Y","COMMON_AREA":null,"PUBLIC_ROAD":null,"PRIVATE_ROAD":null,"PART_CENTRAL_ASSD":null,"PART_TAXABLE":null,"IMP_NO_RES":71302,"COST_GROUP_RES":"SFR","STYLE_DESCR_RES":"One Story","QUALITY_RES":3,"QUALITY_DESCR_RES":"Average","CONDITION_RES":3,"CONDITION_DESCR_RES":"Average","YEARBLT_RES":1977,"GLA_RES":1767,"BASEMENT_RES":1767,"BSMT_FINISH_RES":1361,"ATT_GARAGE_SQFT_RES":775,"BATHROOMS_RES":4,"GLA_BEDROOMS_RES":3,"EXTERIOR_RES":"Masonry Veneer","ALLOCATION_PCT_RES":null,"IMP_NO_1":303785,"USE_CODE_1":1152,"USE_CODE_DESCR_1":"Garage - Detached","COST_CLASS_DESCR_1":"D - Wood/Steel Studs","EXTERIOR_WALL_1":null,"ABOVE_GRADE_AREA_1":720,"MEZZANINE_1":0,"BASEMENT_1":0,"BSMT_FINISH_1":0,"BSMT_UNFINISH_1":0,"QUALITY_DESCR_1":"Average","CONDITION_1":3,"CONDITION_DESCR_1":"Average","YEAR_BUILT_1":2000,"UNIT_COUNT_1":null,"PCT_COMPLETE_1":1,"ALLOCATION_PCT_1":null,"IMP_NO_2":null,"USE_CODE_2":null,"USE_CODE_DESCR_2":null,"COST_CLASS_DESCR_2":null,"EXTERIOR_WALL_2":null,"ABOVE_GRADE_AREA_2":null,"MEZZANINE_2":null,"BASEMENT_2":null,"BSMT_FINISH_2":null,"BSMT_UNFINISH_2":null,"QUALITY_DESCR_2":null,"CONDITION_2":null,"CONDITION_DESCR_2":null,"YEAR_BUILT_2":null,"UNIT_COUNT_2":null,"PCT_COMPLETE_2":null,"ALLOCATION_PCT_2":null,"TRAV_COUNT":1,"LASTUPDATE":null,"CREATED_DATE":1712330344000,"LAST_EDITED_DATE":1712330533000,"GLOBALID":"{A8FFCE65-812F-4B16-BA87-085A8D57BFDE}","SHAPE_Length":0.0059827908643727461,"SHAPE_Area":2.1375081185409033e-06}},{"type":"Feature","id":62,"geometry":{"type":"Polygon","coordinates":[[[-111.64617676699999,40.093826916000069],[-111.64617680299995,40.093826949000061],[-111.64620254399995,40.093555805000051],[-111.64683238499998,40.093078056000024],[-111.64724433199996,40.092765578000069],[-111.64749335799996,40.092994737000026],[-111.64766345699996,40.092226873000072],[-111.64560615499994,40.091979270000024],[-111.64534594199995,40.092409676000045],[-111.64544756899994,40.093102627000064],[-111.64545298299998,40.09310352600005],[-111.64554537599997,40.093733480000026],[-111.64617676699999,40.093826916000069]]]},"properties":{"OBJECTID":62,"PARCEL_NO":270400055,"PARCELID":"270400055","PARCELID_LABEL":"27:040:0055","OWNER_NAME":"POWERS, JAYME D","CARE_NAME":null,"ACREAGE":6.202369,"SITE_FULL_ADDRESS":"493 E 1350 SOUTH, SPANISH FORK, UT","SITE_HOUSE_NUM":"493","SITE_PRE_DIR":"E","SITE_STREET_NAME":"1350 SOUTH","SITE_STREET_TYPE":null,"SITE_POST_DIR":null,"SITE_STREET_UNIT":null,"SITE_CITY":"SPANISH FORK","SITE_STATE":"UT","SITE_ZIP5":"84660","OWN_FULL_ADDRESS":"493 E 1350 S  SPANISH FORK, UT 84660","OWN_STREET_ADDRESS":"493 E 1350 S","OWN_CITY":"SPANISH FORK","OWN_STATE":"UT","OWN_ZIP5":"84660","VESTING_DOC":"27538-2005","PARCEL_CREATE_DATE":1512000000000,"MAP_FILING_NO":null,"SUB_NAME":null,"LEGAL_DESCR":"COM N 299.7 FT & E 2339.47 FT FR W 1/4 COR. SEC. 30, T8S, R3E, SLB&M.; S 79 DEG 0' 0\" E 179.94 FT; S 6 DEG 20' 1\" E 230.99 FT; S 77 DEG 42' 23\" E 1.55 FT; S 6 DEG 20' 0\" E 254.09 FT; S 25 DEG 0' 0\" W 172.91 FT; N 81 DEG 0' 0\" W 582.76 FT; N 9 DEG 45' 0\" E 283.81 FT; S 39 DEG 45' 14\" E 108.76 FT; N 45 DEG 27' 0\" E 162.03 FT; N 45 DEG 27' 0\" E 247.73 FT; N 4 DEG 15' 50\" E 99.06 FT TO BEG. AREA 6.202 AC.","BOOK_PAGE":27040,"LOT":null,"BUILDING":null,"UNIT":null,"TAX_DISTRICT":"150","TAX_DISTRICT_DESCR":"SPANISH FORK CITY","SCHOOL_DISTRICT":"NEBO","TAXABLE_CODE":100,"ACCOUNT_TYPE":"RESIDENTIAL","PROP_TYPE":111,"PROP_TYPE_DESCR":"SINGLE FAMILY RES","SPECIFIC_PROP_TYPE":118,"SPC_PROP_TYP_DESCR":"Manuf Home","NEIGHBORHOOD":"116","NBHD_DISTRICT":"726","LAND_DISTRICT":7242,"ECONOMIC_UNIT":null,"GLA_WEIGHTED_YRBLT":2000.8,"TOTAL_ABOVE_GRADE_AREA":2797,"TOTAL_MEZZANINE":0,"TOTAL_BASEMENT":0,"TOTAL_BSMT_FINISH":0,"TOTAL_UNIT_COUNT":1,"TOTAL_IMP_COUNT":2,"ASMT_YEAR":2026,"ASMT_CODE":"HROB","ASMT_CODE_DESCR":"M/H AFFIXED \u003e 1 ACRE","MKT_LAND_VALUE":937300,"MKT_LAND_RES":230300,"MKT_LAND_AGR":707000,"MKT_LAND_COM":0,"MKT_IMP_VALUE":225000,"MKT_IMP_RES":225000,"MKT_IMP_AGR":0,"MKT_IMP_COM":0,"MKT_CUR_VALUE":1162300,"MKT_PRV_VAL":1162300,"MKT_VAL_YR_CHG":0,"MKT_PCT_CHG":0,"TXBL_CUR_VALUE":209382,"TXBL_PRV_VAL":209382,"TXBL_VAL_YR_CHG":0,"TXBL_PCT_CHG":0,"TOT_CUR_TAXES":0,"TOT_PRV_TAXES":0,"TAXES_YR_CHG":0,"TAXES_PCT_CHG":0,"GREENBELT":"GB","EXEMPT_RES":"Y","COMMON_AREA":null,"PUBLIC_ROAD":null,"PRIVATE_ROAD":null,"PART_CENTRAL_ASSD":null,"PART_TAXABLE":null,"IMP_NO_RES":74084,"COST_GROUP_RES":"MFG","STYLE_DESCR_RES":"One-Section 16' Wide","QUALITY_RES":3,"QUALITY_DESCR_RES":"Average","CONDITION_RES":3,"CONDITION_DESCR_RES":"Average","YEARBLT_RES":1995,"GLA_RES":1782,"BASEMENT_RES":0,"BSMT_FINISH_RES":0,"ATT_GARAGE_SQFT_RES":null,"BATHROOMS_RES":2,"GLA_BEDROOMS_RES":4,"EXTERIOR_RES":"Lap Siding","ALLOCATION_PCT_RES":null,"IMP_NO_1":304595,"USE_CODE_1":476,"USE_CODE_DESCR_1":"Shed - Farm Implement (Equip Shop)","COST_CLASS_DESCR_1":"S - Metal","EXTERIOR_WALL_1":null,"ABOVE_GRADE_AREA_1":1015,"MEZZANINE_1":0,"BASEMENT_1":0,"BSMT_FINISH_1":0,"BSMT_UNFINISH_1":0,"QUALITY_DESCR_1":"Fair","CONDITION_1":3,"CONDITION_DESCR_1":"Average","YEAR_BUILT_1":2011,"UNIT_COUNT_1":null,"PCT_COMPLETE_1":1,"ALLOCATION_PCT_1":null,"IMP_NO_2":null,"USE_CODE_2":null,"USE_CODE_DESCR_2":null,"COST_CLASS_DESCR_2":null,"EXTERIOR_WALL_2":null,"ABOVE_GRADE_AREA_2":null,"MEZZANINE_2":null,"BASEMENT_2":null,"BSMT_FINISH_2":null,"BSMT_UNFINISH_2":null,"QUALITY_DESCR_2":null,"CONDITION_2":null,"CONDITION_DESCR_2":null,"YEAR_BUILT_2":null,"UNIT_COUNT_2":null,"PCT_COMPLETE_2":null,"ALLOCATION_PCT_2":null,"TRAV_COUNT":1,"LASTUPDATE":null,"CREATED_DATE":1712330344000,"LAST_EDITED_DATE":1712330533000,"GLOBALID":"{099BFB0F-504D-4A0A-BC77-198C24DB0F7B}","SHAPE_Length":0.0072608081448364802,"SHAPE_Area":2.651104098884746e-06}},{"type":"Feature","id":63,"geometry":{"type":"Polygon","coordinates":[[[-111.65283394199997,40.083377829000028],[-111.65283395899996,40.083377833000043],[-111.65401534599994,40.08051451800003],[-111.65396243399999,40.080452166000043],[-111.65395311399999,40.080271173000028],[-111.65395455299995,40.08024996000006],[-111.65346145199999,40.080281354000078],[-111.65224317999997,40.083234005000065],[-111.65283394199997,40.083377829000028]]]},"properties":{"OBJECTID":63,"PARCEL_NO":270450057,"PARCELID":"270450057","PARCELID_LABEL":"27:045:0057","OWNER_NAME":"HALVORSEN, GAIL SEYMOUR (ET AL)","CARE_NAME":"%HALVORSEN, BOB","ACREAGE":4.5657420000000002,"SITE_FULL_ADDRESS":null,"SITE_HOUSE_NUM":null,"SITE_PRE_DIR":null,"SITE_STREET_NAME":null,"SITE_STREET_TYPE":null,"SITE_POST_DIR":null,"SITE_STREET_UNIT":null,"SITE_CITY":null,"SITE_STATE":null,"SITE_ZIP5":"84660","OWN_FULL_ADDRESS":"%HALVORSEN, BOB  904 S COLDWATER WAY  MIDWAY, UT 84049","OWN_STREET_ADDRESS":"904 S COLDWATER WAY","OWN_CITY":"MIDWAY","OWN_STATE":"UT","OWN_ZIP5":"84049","VESTING_DOC":"57038-2016","PARCEL_CREATE_DATE":1546214400000,"MAP_FILING_NO":null,"SUB_NAME":null,"LEGAL_DESCR":"COM N 1798.29 FT & E 449.51 FT FR E 1/4 COR. SEC. 36, T8S, R2E, SLB&M.; S 72 DEG 19' 0\" E 173.45 FT; S 17 DEG 41' 0\" W 1128.6 FT; S 85 DEG 21' 38\" W 138.49 FT; N 3 DEG 4' 59\" E 7.74 FT; N 2 DEG 10' 0\" W 66 FT; N 33 DEG 0' 1\" W 27.12 FT; N 17 DEG 41' 0\" E 1094.45 FT TO BEG. AREA 4.566 AC.","BOOK_PAGE":27045,"LOT":null,"BUILDING":null,"UNIT":null,"TAX_DISTRICT":"150","TAX_DISTRICT_DESCR":"SPANISH FORK CITY","SCHOOL_DISTRICT":"NEBO","TAXABLE_CODE":100,"ACCOUNT_TYPE":"RESIDENTIAL","PROP_TYPE":900,"PROP_TYPE_DESCR":"VACANT","SPECIFIC_PROP_TYPE":901,"SPC_PROP_TYP_DESCR":"Vac Res","NEIGHBORHOOD":"116","NBHD_DISTRICT":"726","LAND_DISTRICT":7242,"ECONOMIC_UNIT":null,"GLA_WEIGHTED_YRBLT":null,"TOTAL_ABOVE_GRADE_AREA":null,"TOTAL_MEZZANINE":null,"TOTAL_BASEMENT":null,"TOTAL_BSMT_FINISH":null,"TOTAL_UNIT_COUNT":null,"TOTAL_IMP_COUNT":null,"ASMT_YEAR":2026,"ASMT_CODE":"V","ASMT_CODE_DESCR":"VACANT","MKT_LAND_VALUE":776000,"MKT_LAND_RES":0,"MKT_LAND_AGR":776000,"MKT_LAND_COM":0,"MKT_IMP_VALUE":0,"MKT_IMP_RES":0,"MKT_IMP_AGR":0,"MKT_IMP_COM":0,"MKT_CUR_VALUE":776000,"MKT_PRV_VAL":776000,"MKT_VAL_YR_CHG":0,"MKT_PCT_CHG":0,"TXBL_CUR_VALUE":2276,"TXBL_PRV_VAL":2276,"TXBL_VAL_YR_CHG":0,"TXBL_PCT_CHG":0,"TOT_CUR_TAXES":0,"TOT_PRV_TAXES":0,"TAXES_YR_CHG":0,"TAXES_PCT_CHG":0,"GREENBELT":"GB","EXEMPT_RES":"N","COMMON_AREA":null,"PUBLIC_ROAD":null,"PRIVATE_ROAD":null,"PART_CENTRAL_ASSD":null,"PART_TAXABLE":null,"IMP_NO_RES":null,"COST_GROUP_RES":null,"STYLE_DESCR_RES":null,"QUALITY_RES":null,"QUALITY_DESCR_RES":null,"CONDITION_RES":null,"CONDITION_DESCR_RES":null,"YEARBLT_RES":null,"GLA_RES":null,"BASEMENT_RES":null,"BSMT_FINISH_RES":null,"ATT_GARAGE_SQFT_RES":null,"BATHROOMS_RES":null,"GLA_BEDROOMS_RES":null,"EXTERIOR_RES":null,"ALLOCATION_PCT_RES":null,"IMP_NO_1":null,"USE_CODE_1":null,"USE_CODE_DESCR_1":null,"COST_CLASS_DESCR_1":null,"EXTERIOR_WALL_1":null,"ABOVE_GRADE_AREA_1":null,"MEZZANINE_1":null,"BASEMENT_1":null,"BSMT_FINISH_1":null,"BSMT_UNFINISH_1":null,"QUALITY_DESCR_1":null,"CONDITION_1":null,"CONDITION_DESCR_1":null,"YEAR_BUILT_1":null,"UNIT_COUNT_1":null,"PCT_COMPLETE_1":null,"ALLOCATION_PCT_1":null,"IMP_NO_2":null,"USE_CODE_2":null,"USE_CODE_DESCR_2":null,"COST_CLASS_DESCR_2":null,"EXTERIOR_WALL_2":null,"ABOVE_GRADE_AREA_2":null,"MEZZANINE_2":null,"BASEMENT_2":null,"BSMT_FINISH_2":null,"BSMT_UNFINISH_2":null,"QUALITY_DESCR_2":null,"CONDITION_2":null,"CONDITION_DESCR_2":null,"YEAR_BUILT_2":null,"UNIT_COUNT_2":null,"PCT_COMPLETE_2":null,"ALLOCATION_PCT_2":null,"TRAV_COUNT":1,"LASTUPDATE":null,"CREATED_DATE":1712330344000,"LAST_EDITED_DATE":1712330533000,"GLOBALID":"{2967D975-CA9D-473A-918C-65718AE4CF11}","SHAPE_Length":0.0076779732350979561,"SHAPE_Area":1.951356148533974e-06}},{"type":"Feature","id":64,"geometry":{"type":"Polygon","coordinates":[[[-111.65401530999998,40.080514478000055],[-111.65401529699994,40.080514546000074],[-111.65283388699999,40.083377913000049],[-111.65224312599997,40.083234090000076],[-111.65334799399994,40.080556298000033],[-111.65331131499994,40.080542383000079],[-111.65217516599995,40.083217551000075],[-111.65207820399996,40.083445849000043],[-111.65149173699996,40.084900601000072],[-111.65036945399999,40.084621446000028],[-111.64954316399997,40.086217121000061],[-111.65040782999995,40.086431685000036],[-111.65085648099995,40.086120348000065],[-111.65148548799999,40.086060197000052],[-111.65286080599998,40.086590016000059],[-111.65286265699996,40.086587510000072],[-111.65486138099999,40.083880745000044],[-111.65491238999999,40.082727117000047],[-111.65501806099996,40.081707233000031],[-111.65504600899999,40.081642066000029],[-111.65499739399996,40.081558383000072],[-111.65472525699994,40.081364123000071],[-111.65456726199994,40.081164899000044],[-111.65401530999998,40.080514478000055]]]},"properties":{"OBJECTID":64,"PARCEL_NO":270450058,"PARCELID":"270450058","PARCELID_LABEL":"27:045:0058","OWNER_NAME":"HALVORSEN, GAIL SEYMOUR (ET AL)","CARE_NAME":"%HALVORSEN, BOB","ACREAGE":32.038074999999999,"SITE_FULL_ADDRESS":null,"SITE_HOUSE_NUM":null,"SITE_PRE_DIR":null,"SITE_STREET_NAME":null,"SITE_STREET_TYPE":null,"SITE_POST_DIR":null,"SITE_STREET_UNIT":null,"SITE_CITY":null,"SITE_STATE":null,"SITE_ZIP5":"84660","OWN_FULL_ADDRESS":"%HALVORSEN, BOB  904 S COLDWATER WAY  MIDWAY, UT 84049","OWN_STREET_ADDRESS":"904 S COLDWATER WAY","OWN_CITY":"MIDWAY","OWN_STATE":"UT","OWN_ZIP5":"84049","VESTING_DOC":"57039-2016","PARCEL_CREATE_DATE":1546214400000,"MAP_FILING_NO":null,"SUB_NAME":null,"LEGAL_DESCR":"COM N 755.54 FT & E 117.07 FT FR W 1/4 COR. SEC. 31, T8S, R3E, SLB&M.; N 33 DEG 0' 0\" W 282.9 FT; N 31 DEG 15' 0\" W 85 FT; N 47 DEG 0' 0\" W 103.98 FT; N 23 DEG 56' 57\" W 33.39 FT; N 18 DEG 19' 59\" E 25 FT; N 4 DEG 38' 59\" E 372.79 FT; N 2 DEG 2' 40\" E 420.59 FT; N 29 DEG 39' 35\" E 1133.86 FT; N 29 DEG 39' 30\" E 1.05 FT; S 63 DEG 16' 0\" E 430.61 FT; N 83 DEG 0' 0\" E 177.4 FT; N 48 DEG 0' 0\" E 169.22 FT; S 72 DEG 0' 0\" E 254.31 FT; S 21 DEG 47' 10\" W 625.72 FT; N 71 DEG 57' 35\" W 330.16 FT; S 17 DEG 18' 10\" W 554.9 FT; S 18 DEG 9' 57\" W 87.5 FT; S 18 DEG 9' 57\" W 1025.31 FT; N 63 DEG 37' 4\" W 11.45 FT; N 17 DEG 41' 0\" E 1023.54 FT; N 72 DEG 19' 0\" W 173.45 FT; S 17 DEG 41' 0\" W 1094.47 FT TO BEG. AREA 32.038 AC.","BOOK_PAGE":27045,"LOT":null,"BUILDING":null,"UNIT":null,"TAX_DISTRICT":"150","TAX_DISTRICT_DESCR":"SPANISH FORK CITY","SCHOOL_DISTRICT":"NEBO","TAXABLE_CODE":100,"ACCOUNT_TYPE":"RESIDENTIAL","PROP_TYPE":900,"PROP_TYPE_DESCR":"VACANT","SPECIFIC_PROP_TYPE":901,"SPC_PROP_TYP_DESCR":"Vac Res","NEIGHBORHOOD":"116","NBHD_DISTRICT":"726","LAND_DISTRICT":7242,"ECONOMIC_UNIT":null,"GLA_WEIGHTED_YRBLT":null,"TOTAL_ABOVE_GRADE_AREA":null,"TOTAL_MEZZANINE":null,"TOTAL_BASEMENT":null,"TOTAL_BSMT_FINISH":null,"TOTAL_UNIT_COUNT":null,"TOTAL_IMP_COUNT":null,"ASMT_YEAR":2026,"ASMT_CODE":"V","ASMT_CODE_DESCR":"VACANT","MKT_LAND_VALUE":5442600,"MKT_LAND_RES":0,"MKT_LAND_AGR":5442600,"MKT_LAND_COM":0,"MKT_IMP_VALUE":0,"MKT_IMP_RES":0,"MKT_IMP_AGR":0,"MKT_IMP_COM":0,"MKT_CUR_VALUE":5442600,"MKT_PRV_VAL":5442600,"MKT_VAL_YR_CHG":0,"MKT_PCT_CHG":0,"TXBL_CUR_VALUE":20730,"TXBL_PRV_VAL":20730,"TXBL_VAL_YR_CHG":0,"TXBL_PCT_CHG":0,"TOT_CUR_TAXES":0,"TOT_PRV_TAXES":0,"TAXES_YR_CHG":0,"TAXES_PCT_CHG":0,"GREENBELT":"GB","EXEMPT_RES":"N","COMMON_AREA":null,"PUBLIC_ROAD":null,"PRIVATE_ROAD":null,"PART_CENTRAL_ASSD":null,"PART_TAXABLE":null,"IMP_NO_RES":null,"COST_GROUP_RES":null,"STYLE_DESCR_RES":null,"QUALITY_RES":null,"QUALITY_DESCR_RES":null,"CONDITION_RES":null,"CONDITION_DESCR_RES":null,"YEARBLT_RES":null,"GLA_RES":null,"BASEMENT_RES":null,"BSMT_FINISH_RES":null,"ATT_GARAGE_SQFT_RES":null,"BATHROOMS_RES":null,"GLA_BEDROOMS_RES":null,"EXTERIOR_RES":null,"ALLOCATION_PCT_RES":null,"IMP_NO_1":null,"USE_CODE_1":null,"USE_CODE_DESCR_1":null,"COST_CLASS_DESCR_1":null,"EXTERIOR_WALL_1":null,"ABOVE_GRADE_AREA_1":null,"MEZZANINE_1":null,"BASEMENT_1":null,"BSMT_FINISH_1":null,"BSMT_UNFINISH_1":null,"QUALITY_DESCR_1":null,"CONDITION_1":null,"CONDITION_DESCR_1":null,"YEAR_BUILT_1":null,"UNIT_COUNT_1":null,"PCT_COMPLETE_1":null,"ALLOCATION_PCT_1":null,"IMP_NO_2":null,"USE_CODE_2":null,"USE_CODE_DESCR_2":null,"COST_CLASS_DESCR_2":null,"EXTERIOR_WALL_2":null,"ABOVE_GRADE_AREA_2":null,"MEZZANINE_2":null,"BASEMENT_2":null,"BSMT_FINISH_2":null,"BSMT_UNFINISH_2":null,"QUALITY_DESCR_2":null,"CONDITION_2":null,"CONDITION_DESCR_2":null,"YEAR_BUILT_2":null,"UNIT_COUNT_2":null,"PCT_COMPLETE_2":null,"ALLOCATION_PCT_2":null,"TRAV_COUNT":1,"LASTUPDATE":null,"CREATED_DATE":1712330344000,"LAST_EDITED_DATE":1712330533000,"GLOBALID":"{CB0D6341-14A9-47D5-B0F0-FC25C83E4E1C}","SHAPE_Length":0.025018017516185365,"SHAPE_Area":1.3692666909867282e-05}},{"type":"Feature","id":65,"geometry":{"type":"Polygon","coordinates":[[[-111.65395455099997,40.080249937000076],[-111.65395461599996,40.080249943000069],[-111.65398015199997,40.079873748000068],[-111.65402896199998,40.079825586000027],[-111.65402088399998,40.078309172000047],[-111.65364103099995,40.078059206000034],[-111.65330060399998,40.077971527000045],[-111.65307938899997,40.077931662000026],[-111.65298571599999,40.077942222000047],[-111.65283707799995,40.077921260000039],[-111.65253133999994,40.077857659000074],[-111.65248971099999,40.078014013000029],[-111.65232394399999,40.078417568000077],[-111.65218336499998,40.078433423000035],[-111.65210625399999,40.078428775000077],[-111.65149930799998,40.078328114000044],[-111.65093853799999,40.079641931000026],[-111.65331136799995,40.080542272000059],[-111.65334804799994,40.08055618700007],[-111.65346144899996,40.080281328000069],[-111.65395455099997,40.080249937000076]]]},"properties":{"OBJECTID":65,"PARCEL_NO":270450059,"PARCELID":"270450059","PARCELID_LABEL":"27:045:0059","OWNER_NAME":"HALVORSEN, GAIL SEYMOUR (ET AL)","CARE_NAME":"%HALVORSEN, BOB","ACREAGE":13.245789,"SITE_FULL_ADDRESS":null,"SITE_HOUSE_NUM":null,"SITE_PRE_DIR":null,"SITE_STREET_NAME":null,"SITE_STREET_TYPE":null,"SITE_POST_DIR":null,"SITE_STREET_UNIT":null,"SITE_CITY":null,"SITE_STATE":null,"SITE_ZIP5":"84660","OWN_FULL_ADDRESS":"%HALVORSEN, BOB  904 S COLDWATER WAY  MIDWAY, UT 84049","OWN_STREET_ADDRESS":"904 S COLDWATER WAY","OWN_CITY":"MIDWAY","OWN_STATE":"UT","OWN_ZIP5":"84049","VESTING_DOC":"57044-2016","PARCEL_CREATE_DATE":1546214400000,"MAP_FILING_NO":null,"SUB_NAME":null,"LEGAL_DESCR":"COM N 659.12 FT & E 133.91 FT FR W 1/4 COR. SEC. 31, T8S, R3E, SLB&M.; N 85 DEG 21' 40\" E 138.49 FT; N 17 DEG 40' 59\" E 105.06 FT; S 63 DEG 37' 7\" E 11.45 FT; S 63 DEG 36' 55\" E 740.75 FT; S 18 DEG 15' 0\" W 503.79 FT; N 77 DEG 43' 11\" W 173.8 FT; N 85 DEG 24' 58\" W 21.65 FT; S 81 DEG 44' 42\" W 39.77 FT; S 17 DEG 36' 38\" W 154.19 FT; S 11 DEG 39' 24\" W 58.15 FT; N 74 DEG 45' 0\" W 88.66 FT; N 79 DEG 29' 58\" W 42.3 FT; S 81 DEG 44' 59\" W 26.5 FT; N 76 DEG 41' 59\" W 63.6 FT; N 71 DEG 22' 0\" W 100.5 FT; N 49 DEG 19' 0\" W 140 FT; N 0 DEG 8' 9\" W 552.54 FT; N 38 DEG 0' 1\" E 22.24 FT; N 3 DEG 5' 0\" E 137.26 FT TO BEG. AREA 13.246 AC.","BOOK_PAGE":27045,"LOT":null,"BUILDING":null,"UNIT":null,"TAX_DISTRICT":"150","TAX_DISTRICT_DESCR":"SPANISH FORK CITY","SCHOOL_DISTRICT":"NEBO","TAXABLE_CODE":100,"ACCOUNT_TYPE":"RESIDENTIAL","PROP_TYPE":900,"PROP_TYPE_DESCR":"VACANT","SPECIFIC_PROP_TYPE":901,"SPC_PROP_TYP_DESCR":"Vac Res","NEIGHBORHOOD":"116","NBHD_DISTRICT":"726","LAND_DISTRICT":7242,"ECONOMIC_UNIT":null,"GLA_WEIGHTED_YRBLT":null,"TOTAL_ABOVE_GRADE_AREA":null,"TOTAL_MEZZANINE":null,"TOTAL_BASEMENT":null,"TOTAL_BSMT_FINISH":null,"TOTAL_UNIT_COUNT":null,"TOTAL_IMP_COUNT":null,"ASMT_YEAR":2026,"ASMT_CODE":"V","ASMT_CODE_DESCR":"VACANT","MKT_LAND_VALUE":1996500,"MKT_LAND_RES":0,"MKT_LAND_AGR":1996500,"MKT_LAND_COM":0,"MKT_IMP_VALUE":0,"MKT_IMP_RES":0,"MKT_IMP_AGR":0,"MKT_IMP_COM":0,"MKT_CUR_VALUE":1996500,"MKT_PRV_VAL":1996500,"MKT_VAL_YR_CHG":0,"MKT_PCT_CHG":0,"TXBL_CUR_VALUE":8573,"TXBL_PRV_VAL":8573,"TXBL_VAL_YR_CHG":0,"TXBL_PCT_CHG":0,"TOT_CUR_TAXES":0,"TOT_PRV_TAXES":0,"TAXES_YR_CHG":0,"TAXES_PCT_CHG":0,"GREENBELT":"GB","EXEMPT_RES":"N","COMMON_AREA":null,"PUBLIC_ROAD":null,"PRIVATE_ROAD":null,"PART_CENTRAL_ASSD":null,"PART_TAXABLE":null,"IMP_NO_RES":null,"COST_GROUP_RES":null,"STYLE_DESCR_RES":null,"QUALITY_RES":null,"QUALITY_DESCR_RES":null,"CONDITION_RES":null,"CONDITION_DESCR_RES":null,"YEARBLT_RES":null,"GLA_RES":null,"BASEMENT_RES":null,"BSMT_FINISH_RES":null,"ATT_GARAGE_SQFT_RES":null,"BATHROOMS_RES":null,"GLA_BEDROOMS_RES":null,"EXTERIOR_RES":null,"ALLOCATION_PCT_RES":null,"IMP_NO_1":null,"USE_CODE_1":null,"USE_CODE_DESCR_1":null,"COST_CLASS_DESCR_1":null,"EXTERIOR_WALL_1":null,"ABOVE_GRADE_AREA_1":null,"MEZZANINE_1":null,"BASEMENT_1":null,"BSMT_FINISH_1":null,"BSMT_UNFINISH_1":null,"QUALITY_DESCR_1":null,"CONDITION_1":null,"CONDITION_DESCR_1":null,"YEAR_BUILT_1":null,"UNIT_COUNT_1":null,"PCT_COMPLETE_1":null,"ALLOCATION_PCT_1":null,"IMP_NO_2":null,"USE_CODE_2":null,"USE_CODE_DESCR_2":null,"COST_CLASS_DESCR_2":null,"EXTERIOR_WALL_2":null,"ABOVE_GRADE_AREA_2":null,"MEZZANINE_2":null,"BASEMENT_2":null,"BSMT_FINISH_2":null,"BSMT_UNFINISH_2":null,"QUALITY_DESCR_2":null,"CONDITION_2":null,"CONDITION_DESCR_2":null,"YEAR_BUILT_2":null,"UNIT_COUNT_2":null,"PCT_COMPLETE_2":null,"ALLOCATION_PCT_2":null,"TRAV_COUNT":1,"LASTUPDATE":null,"CREATED_DATE":1712330344000,"LAST_EDITED_DATE":1712330533000,"GLOBALID":"{DCB0CDDC-15DD-4E94-A8B9-7B26E10A5836}","SHAPE_Length":0.0097789128866078382,"SHAPE_Area":5.660778609332855e-06}},{"type":"Feature","id":66,"geometry":{"type":"Polygon","coordinates":[[[-111.65093843999995,40.07964197900003],[-111.65149923799999,40.078328095000074],[-111.65147095099996,40.078323404000059],[-111.65155154299998,40.078093426000066],[-111.65080317799999,40.07791693300004],[-111.65057555099997,40.07764174700003],[-111.65006195999996,40.077285663000055],[-111.64939439599999,40.079056071000025],[-111.65093843999995,40.07964197900003]]]},"properties":{"OBJECTID":66,"PARCEL_NO":270440059,"PARCELID":"270440059","PARCELID_LABEL":"27:044:0059","OWNER_NAME":"HALVORSEN, GAIL SEYMOUR (ET AL)","CARE_NAME":"%HALVORSEN, BOB","ACREAGE":6.6705969999999999,"SITE_FULL_ADDRESS":null,"SITE_HOUSE_NUM":null,"SITE_PRE_DIR":null,"SITE_STREET_NAME":null,"SITE_STREET_TYPE":null,"SITE_POST_DIR":null,"SITE_STREET_UNIT":null,"SITE_CITY":null,"SITE_STATE":null,"SITE_ZIP5":"84660","OWN_FULL_ADDRESS":"%HALVORSEN, BOB  904 S COLDWATER WAY  MIDWAY, UT 84049","OWN_STREET_ADDRESS":"904 S COLDWATER WAY","OWN_CITY":"MIDWAY","OWN_STATE":"UT","OWN_ZIP5":"84049","VESTING_DOC":"57037-2016","PARCEL_CREATE_DATE":1474416000000,"MAP_FILING_NO":null,"SUB_NAME":null,"LEGAL_DESCR":"COM N 436.16 FT & E 977.73 FT FR W 1/4 COR. SEC. 31, T8S, R3E, SLB&M.; S 63 DEG 36' 55\" E 482.03 FT; S 16 DEG 15' 0\" W 671.6 FT; N 47 DEG 50' 11\" W 193.65 FT; N 32 DEG 20' 11\" W 118.8 FT; N 72 DEG 50' 11\" W 219.12 FT; N 15 DEG 9' 50\" E 86.78 FT; N 77 DEG 43' 6\" W 8.1 FT; N 18 DEG 15' 0\" E 503.82 FT TO BEG. AREA 6.671 AC.","BOOK_PAGE":27044,"LOT":null,"BUILDING":null,"UNIT":null,"TAX_DISTRICT":"150","TAX_DISTRICT_DESCR":"SPANISH FORK CITY","SCHOOL_DISTRICT":"NEBO","TAXABLE_CODE":100,"ACCOUNT_TYPE":"RESIDENTIAL","PROP_TYPE":900,"PROP_TYPE_DESCR":"VACANT","SPECIFIC_PROP_TYPE":901,"SPC_PROP_TYP_DESCR":"Vac Res","NEIGHBORHOOD":"116","NBHD_DISTRICT":"726","LAND_DISTRICT":7242,"ECONOMIC_UNIT":null,"GLA_WEIGHTED_YRBLT":null,"TOTAL_ABOVE_GRADE_AREA":null,"TOTAL_MEZZANINE":null,"TOTAL_BASEMENT":null,"TOTAL_BSMT_FINISH":null,"TOTAL_UNIT_COUNT":null,"TOTAL_IMP_COUNT":null,"ASMT_YEAR":2026,"ASMT_CODE":"V","ASMT_CODE_DESCR":"VACANT","MKT_LAND_VALUE":906900,"MKT_LAND_RES":0,"MKT_LAND_AGR":906900,"MKT_LAND_COM":0,"MKT_IMP_VALUE":0,"MKT_IMP_RES":0,"MKT_IMP_AGR":0,"MKT_IMP_COM":0,"MKT_CUR_VALUE":906900,"MKT_PRV_VAL":906900,"MKT_VAL_YR_CHG":0,"MKT_PCT_CHG":0,"TXBL_CUR_VALUE":4315,"TXBL_PRV_VAL":4315,"TXBL_VAL_YR_CHG":0,"TXBL_PCT_CHG":0,"TOT_CUR_TAXES":0,"TOT_PRV_TAXES":0,"TAXES_YR_CHG":0,"TAXES_PCT_CHG":0,"GREENBELT":"GB","EXEMPT_RES":"N","COMMON_AREA":null,"PUBLIC_ROAD":null,"PRIVATE_ROAD":null,"PART_CENTRAL_ASSD":null,"PART_TAXABLE":null,"IMP_NO_RES":null,"COST_GROUP_RES":null,"STYLE_DESCR_RES":null,"QUALITY_RES":null,"QUALITY_DESCR_RES":null,"CONDITION_RES":null,"CONDITION_DESCR_RES":null,"YEARBLT_RES":null,"GLA_RES":null,"BASEMENT_RES":null,"BSMT_FINISH_RES":null,"ATT_GARAGE_SQFT_RES":null,"BATHROOMS_RES":null,"GLA_BEDROOMS_RES":null,"EXTERIOR_RES":null,"ALLOCATION_PCT_RES":null,"IMP_NO_1":null,"USE_CODE_1":null,"USE_CODE_DESCR_1":null,"COST_CLASS_DESCR_1":null,"EXTERIOR_WALL_1":null,"ABOVE_GRADE_AREA_1":null,"MEZZANINE_1":null,"BASEMENT_1":null,"BSMT_FINISH_1":null,"BSMT_UNFINISH_1":null,"QUALITY_DESCR_1":null,"CONDITION_1":null,"CONDITION_DESCR_1":null,"YEAR_BUILT_1":null,"UNIT_COUNT_1":null,"PCT_COMPLETE_1":null,"ALLOCATION_PCT_1":null,"IMP_NO_2":null,"USE_CODE_2":null,"USE_CODE_DESCR_2":null,"COST_CLASS_DESCR_2":null,"EXTERIOR_WALL_2":null,"ABOVE_GRADE_AREA_2":null,"MEZZANINE_2":null,"BASEMENT_2":null,"BSMT_FINISH_2":null,"BSMT_UNFINISH_2":null,"QUALITY_DESCR_2":null,"CONDITION_2":null,"CONDITION_DESCR_2":null,"YEAR_BUILT_2":null,"UNIT_COUNT_2":null,"PCT_COMPLETE_2":null,"ALLOCATION_PCT_2":null,"TRAV_COUNT":1,"LASTUPDATE":null,"CREATED_DATE":1712330344000,"LAST_EDITED_DATE":1712330533000,"GLOBALID":"{98BC8DCA-90E7-4057-8D73-66494D6355BB}","SHAPE_Length":0.0069954633683904669,"SHAPE_Area":2.8506664868302378e-06}},{"type":"Feature","id":67,"geometry":{"type":"Polygon","coordinates":[[[-111.66311269099998,40.054917511000042],[-111.66311912299994,40.054651211000078],[-111.66233068099996,40.054639093000048],[-111.66232646699996,40.054912394000041],[-111.66311269099998,40.054917511000042]]]},"properties":{"OBJECTID":67,"PARCEL_NO":300390138,"PARCELID":"300390138","PARCELID_LABEL":"30:039:0138","OWNER_NAME":"NELSON, WAYNE S JR","CARE_NAME":null,"ACREAGE":0.497639,"SITE_FULL_ADDRESS":"20 N 500 EAST, SALEM, UT","SITE_HOUSE_NUM":"20","SITE_PRE_DIR":"N","SITE_STREET_NAME":"500 EAST","SITE_STREET_TYPE":null,"SITE_POST_DIR":null,"SITE_STREET_UNIT":null,"SITE_CITY":"SALEM","SITE_STATE":"UT","SITE_ZIP5":"84653","OWN_FULL_ADDRESS":"20 N 500 E  SALEM, UT 84653-9214","OWN_STREET_ADDRESS":"20 N 500 E","OWN_CITY":"SALEM","OWN_STATE":"UT","OWN_ZIP5":"84653","VESTING_DOC":"156774-2021","PARCEL_CREATE_DATE":906508800000,"MAP_FILING_NO":null,"SUB_NAME":null,"LEGAL_DESCR":"COM S 577.41 FT & E 151.26 FT FR N 1/4 COR. SEC. 12, T9S, R2E, SLB&M.; S 1 DEG 10' 0\" W 97.05 FT; S 88 DEG 45' 0\" E 220.81 FT; N 0 DEG 46' 58\" E 99.59 FT; N 89 DEG 24' 38\" W 220.15 FT TO BEG. AREA 0.498 AC.","BOOK_PAGE":30039,"LOT":null,"BUILDING":null,"UNIT":null,"TAX_DISTRICT":"180","TAX_DISTRICT_DESCR":"SALEM CITY","SCHOOL_DISTRICT":"NEBO","TAXABLE_CODE":100,"ACCOUNT_TYPE":"RESIDENTIAL","PROP_TYPE":111,"PROP_TYPE_DESCR":"SINGLE FAMILY RES","SPECIFIC_PROP_TYPE":111,"SPC_PROP_TYP_DESCR":"Single Family Res","NEIGHBORHOOD":"117","NBHD_DISTRICT":"781","LAND_DISTRICT":7801,"ECONOMIC_UNIT":null,"GLA_WEIGHTED_YRBLT":1921,"TOTAL_ABOVE_GRADE_AREA":810,"TOTAL_MEZZANINE":0,"TOTAL_BASEMENT":0,"TOTAL_BSMT_FINISH":0,"TOTAL_UNIT_COUNT":1,"TOTAL_IMP_COUNT":1,"ASMT_YEAR":2026,"ASMT_CODE":"RP","ASMT_CODE_DESCR":"RES PRIMARY","MKT_LAND_VALUE":187100,"MKT_LAND_RES":187100,"MKT_LAND_AGR":0,"MKT_LAND_COM":0,"MKT_IMP_VALUE":134700,"MKT_IMP_RES":134700,"MKT_IMP_AGR":0,"MKT_IMP_COM":0,"MKT_CUR_VALUE":321800,"MKT_PRV_VAL":321800,"MKT_VAL_YR_CHG":0,"MKT_PCT_CHG":0,"TXBL_CUR_VALUE":176990,"TXBL_PRV_VAL":176990,"TXBL_VAL_YR_CHG":0,"TXBL_PCT_CHG":0,"TOT_CUR_TAXES":0,"TOT_PRV_TAXES":0,"TAXES_YR_CHG":0,"TAXES_PCT_CHG":0,"GREENBELT":null,"EXEMPT_RES":"Y","COMMON_AREA":null,"PUBLIC_ROAD":null,"PRIVATE_ROAD":null,"PART_CENTRAL_ASSD":null,"PART_TAXABLE":null,"IMP_NO_RES":80747,"COST_GROUP_RES":"SFR","STYLE_DESCR_RES":"One Story","QUALITY_RES":2,"QUALITY_DESCR_RES":"Fair","CONDITION_RES":3,"CONDITION_DESCR_RES":"Average","YEARBLT_RES":1921,"GLA_RES":810,"BASEMENT_RES":0,"BSMT_FINISH_RES":0,"ATT_GARAGE_SQFT_RES":null,"BATHROOMS_RES":1,"GLA_BEDROOMS_RES":1,"EXTERIOR_RES":"Metal Vinyl Siding","ALLOCATION_PCT_RES":null,"IMP_NO_1":null,"USE_CODE_1":null,"USE_CODE_DESCR_1":null,"COST_CLASS_DESCR_1":null,"EXTERIOR_WALL_1":null,"ABOVE_GRADE_AREA_1":null,"MEZZANINE_1":null,"BASEMENT_1":null,"BSMT_FINISH_1":null,"BSMT_UNFINISH_1":null,"QUALITY_DESCR_1":null,"CONDITION_1":null,"CONDITION_DESCR_1":null,"YEAR_BUILT_1":null,"UNIT_COUNT_1":null,"PCT_COMPLETE_1":null,"ALLOCATION_PCT_1":null,"IMP_NO_2":null,"USE_CODE_2":null,"USE_CODE_DESCR_2":null,"COST_CLASS_DESCR_2":null,"EXTERIOR_WALL_2":null,"ABOVE_GRADE_AREA_2":null,"MEZZANINE_2":null,"BASEMENT_2":null,"BSMT_FINISH_2":null,"BSMT_UNFINISH_2":null,"QUALITY_DESCR_2":null,"CONDITION_2":null,"CONDITION_DESCR_2":null,"YEAR_BUILT_2":null,"UNIT_COUNT_2":null,"PCT_COMPLETE_2":null,"ALLOCATION_PCT_2":null,"TRAV_COUNT":1,"LASTUPDATE":null,"CREATED_DATE":1712330344000,"LAST_EDITED_DATE":1712330533000,"GLOBALID":"{C4D9363B-4390-408A-BA6C-F411FE451A72}","SHAPE_Length":0.0021144869210360118,"SHAPE_Area":2.1246870800348516e-07}},{"type":"Feature","id":68,"geometry":{"type":"Polygon","coordinates":[[[-111.66308935299998,40.054651032000038],[-111.66309987799997,40.054214740000077],[-111.66233757999998,40.05420302400006],[-111.66233065899996,40.054639359000078],[-111.66308931999998,40.054651019000062],[-111.66308935299998,40.054651032000038]]]},"properties":{"OBJECTID":68,"PARCEL_NO":300390139,"PARCELID":"300390139","PARCELID_LABEL":"30:039:0139","OWNER_NAME":"KELLER, DARREN D & MARCY H","CARE_NAME":null,"ACREAGE":0.77739799999999992,"SITE_FULL_ADDRESS":"500 E CENTER, SALEM, UT","SITE_HOUSE_NUM":"500","SITE_PRE_DIR":"E","SITE_STREET_NAME":"CENTER","SITE_STREET_TYPE":null,"SITE_POST_DIR":null,"SITE_STREET_UNIT":null,"SITE_CITY":"SALEM","SITE_STATE":"UT","SITE_ZIP5":"84653","OWN_FULL_ADDRESS":"500 E CENTER ST  SALEM, UT 84653-9476","OWN_STREET_ADDRESS":"500 E CENTER ST","OWN_CITY":"SALEM","OWN_STATE":"UT","OWN_ZIP5":"84653","VESTING_DOC":"46622-2016","PARCEL_CREATE_DATE":906508800000,"MAP_FILING_NO":null,"SUB_NAME":null,"LEGAL_DESCR":"COM S 674.52 FT & E 157.62 FT FR N 1/4 COR. SEC. 12, T9S, R2E, SLB&M.; S 1 DEG 10' 0\" W 159 FT; S 88 DEG 45' 0\" E 213.49 FT; N 0 DEG 48' 8\" E 159 FT; N 88 DEG 45' 0\" W 212.47 FT TO BEG. AREA 0.777 AC.","BOOK_PAGE":30039,"LOT":null,"BUILDING":null,"UNIT":null,"TAX_DISTRICT":"180","TAX_DISTRICT_DESCR":"SALEM CITY","SCHOOL_DISTRICT":"NEBO","TAXABLE_CODE":100,"ACCOUNT_TYPE":"RESIDENTIAL","PROP_TYPE":111,"PROP_TYPE_DESCR":"SINGLE FAMILY RES","SPECIFIC_PROP_TYPE":111,"SPC_PROP_TYP_DESCR":"Single Family Res","NEIGHBORHOOD":"117","NBHD_DISTRICT":"781","LAND_DISTRICT":7801,"ECONOMIC_UNIT":null,"GLA_WEIGHTED_YRBLT":1956,"TOTAL_ABOVE_GRADE_AREA":2526,"TOTAL_MEZZANINE":0,"TOTAL_BASEMENT":994,"TOTAL_BSMT_FINISH":845,"TOTAL_UNIT_COUNT":1,"TOTAL_IMP_COUNT":4,"ASMT_YEAR":2026,"ASMT_CODE":"RP","ASMT_CODE_DESCR":"RES PRIMARY","MKT_LAND_VALUE":206300,"MKT_LAND_RES":206300,"MKT_LAND_AGR":0,"MKT_LAND_COM":0,"MKT_IMP_VALUE":267700,"MKT_IMP_RES":267700,"MKT_IMP_AGR":0,"MKT_IMP_COM":0,"MKT_CUR_VALUE":474000,"MKT_PRV_VAL":474000,"MKT_VAL_YR_CHG":0,"MKT_PCT_CHG":0,"TXBL_CUR_VALUE":260700,"TXBL_PRV_VAL":260700,"TXBL_VAL_YR_CHG":0,"TXBL_PCT_CHG":0,"TOT_CUR_TAXES":0,"TOT_PRV_TAXES":0,"TAXES_YR_CHG":0,"TAXES_PCT_CHG":0,"GREENBELT":null,"EXEMPT_RES":"Y","COMMON_AREA":null,"PUBLIC_ROAD":null,"PRIVATE_ROAD":null,"PART_CENTRAL_ASSD":null,"PART_TAXABLE":null,"IMP_NO_RES":80748,"COST_GROUP_RES":"SFR","STYLE_DESCR_RES":"One Story","QUALITY_RES":3,"QUALITY_DESCR_RES":"Average","CONDITION_RES":4,"CONDITION_DESCR_RES":"Good","YEARBLT_RES":1947,"GLA_RES":994,"BASEMENT_RES":994,"BSMT_FINISH_RES":845,"ATT_GARAGE_SQFT_RES":null,"BATHROOMS_RES":2,"GLA_BEDROOMS_RES":3,"EXTERIOR_RES":"Masonry Veneer","ALLOCATION_PCT_RES":null,"IMP_NO_1":306872,"USE_CODE_1":102,"USE_CODE_DESCR_1":"Barn (General)","COST_CLASS_DESCR_1":"D - Wood/Steel Studs","EXTERIOR_WALL_1":null,"ABOVE_GRADE_AREA_1":810,"MEZZANINE_1":0,"BASEMENT_1":0,"BSMT_FINISH_1":0,"BSMT_UNFINISH_1":0,"QUALITY_DESCR_1":"Average","CONDITION_1":3,"CONDITION_DESCR_1":"Average","YEAR_BUILT_1":1965,"UNIT_COUNT_1":null,"PCT_COMPLETE_1":1,"ALLOCATION_PCT_1":null,"IMP_NO_2":306873,"USE_CODE_2":472,"USE_CODE_DESCR_2":"Shed - Equipment","COST_CLASS_DESCR_2":"D - Wood/Steel Studs","EXTERIOR_WALL_2":null,"ABOVE_GRADE_AREA_2":414,"MEZZANINE_2":0,"BASEMENT_2":0,"BSMT_FINISH_2":0,"BSMT_UNFINISH_2":0,"QUALITY_DESCR_2":"Average","CONDITION_2":3,"CONDITION_DESCR_2":"Average","YEAR_BUILT_2":1965,"UNIT_COUNT_2":null,"PCT_COMPLETE_2":1,"ALLOCATION_PCT_2":null,"TRAV_COUNT":1,"LASTUPDATE":null,"CREATED_DATE":1712330344000,"LAST_EDITED_DATE":1712330533000,"GLOBALID":"{D2C5EEA1-A645-4C9B-94DF-73E643DF4AB2}","SHAPE_Length":0.0023939829120793164,"SHAPE_Area":3.3191194371289651e-07}},{"type":"Feature","id":69,"geometry":{"type":"Polygon","coordinates":[[[-111.65864190999997,40.031786471000032],[-111.65864187699998,40.031786486000044],[-111.65868327699997,40.034591685000066],[-111.66114317099999,40.034562349000055],[-111.66109923499994,40.031755252000039],[-111.65864190999997,40.031786471000032]]]},"properties":{"OBJECTID":69,"PARCEL_NO":300440021,"PARCELID":"300440021","PARCELID_LABEL":"30:044:0021","OWNER_NAME":"MARITAL TRUST OF THE B L & M F PARK FAMILY REVOCABLE TRUST 05-13-1987 (ET AL)","CARE_NAME":null,"ACREAGE":16.167750999999999,"SITE_FULL_ADDRESS":null,"SITE_HOUSE_NUM":null,"SITE_PRE_DIR":null,"SITE_STREET_NAME":null,"SITE_STREET_TYPE":null,"SITE_POST_DIR":null,"SITE_STREET_UNIT":null,"SITE_CITY":null,"SITE_STATE":null,"SITE_ZIP5":"84653","OWN_FULL_ADDRESS":"1572 E 350 S  SPRINGVILLE, UT 84663-2728","OWN_STREET_ADDRESS":"1572 E 350 S","OWN_CITY":"SPRINGVILLE","OWN_STATE":"UT","OWN_ZIP5":"84663","VESTING_DOC":"65310-2022","PARCEL_CREATE_DATE":1147910400000,"MAP_FILING_NO":null,"SUB_NAME":null,"LEGAL_DESCR":"COM N 0 DEG 37' 25\" W 1601.79 FT & E 1326.7 FT FR S 1/4 COR. SEC. 13, T9S, R2E, SLB&M.; S 89 DEG 9' 20\" W 688.39 FT; N 0 DEG 35' 10\" W 1022.91 FT; N 89 DEG 12' 49\" E 689.07 FT; S 0 DEG 32' 54\" E 1022.21 FT TO BEG. AREA 16.168 AC.","BOOK_PAGE":30044,"LOT":null,"BUILDING":null,"UNIT":null,"TAX_DISTRICT":"180","TAX_DISTRICT_DESCR":"SALEM CITY","SCHOOL_DISTRICT":"NEBO","TAXABLE_CODE":100,"ACCOUNT_TYPE":"RESIDENTIAL","PROP_TYPE":900,"PROP_TYPE_DESCR":"VACANT","SPECIFIC_PROP_TYPE":901,"SPC_PROP_TYP_DESCR":"Vac Res","NEIGHBORHOOD":"117","NBHD_DISTRICT":"784","LAND_DISTRICT":7804,"ECONOMIC_UNIT":null,"GLA_WEIGHTED_YRBLT":null,"TOTAL_ABOVE_GRADE_AREA":null,"TOTAL_MEZZANINE":null,"TOTAL_BASEMENT":null,"TOTAL_BSMT_FINISH":null,"TOTAL_UNIT_COUNT":null,"TOTAL_IMP_COUNT":null,"ASMT_YEAR":2026,"ASMT_CODE":"V","ASMT_CODE_DESCR":"VACANT","MKT_LAND_VALUE":1430100,"MKT_LAND_RES":0,"MKT_LAND_AGR":1430100,"MKT_LAND_COM":0,"MKT_IMP_VALUE":0,"MKT_IMP_RES":0,"MKT_IMP_AGR":0,"MKT_IMP_COM":0,"MKT_CUR_VALUE":1430100,"MKT_PRV_VAL":1430100,"MKT_VAL_YR_CHG":0,"MKT_PCT_CHG":0,"TXBL_CUR_VALUE":308,"TXBL_PRV_VAL":308,"TXBL_VAL_YR_CHG":0,"TXBL_PCT_CHG":0,"TOT_CUR_TAXES":0,"TOT_PRV_TAXES":0,"TAXES_YR_CHG":0,"TAXES_PCT_CHG":0,"GREENBELT":"GB","EXEMPT_RES":"N","COMMON_AREA":null,"PUBLIC_ROAD":null,"PRIVATE_ROAD":null,"PART_CENTRAL_ASSD":null,"PART_TAXABLE":null,"IMP_NO_RES":null,"COST_GROUP_RES":null,"STYLE_DESCR_RES":null,"QUALITY_RES":null,"QUALITY_DESCR_RES":null,"CONDITION_RES":null,"CONDITION_DESCR_RES":null,"YEARBLT_RES":null,"GLA_RES":null,"BASEMENT_RES":null,"BSMT_FINISH_RES":null,"ATT_GARAGE_SQFT_RES":null,"BATHROOMS_RES":null,"GLA_BEDROOMS_RES":null,"EXTERIOR_RES":null,"ALLOCATION_PCT_RES":null,"IMP_NO_1":null,"USE_CODE_1":null,"USE_CODE_DESCR_1":null,"COST_CLASS_DESCR_1":null,"EXTERIOR_WALL_1":null,"ABOVE_GRADE_AREA_1":null,"MEZZANINE_1":null,"BASEMENT_1":null,"BSMT_FINISH_1":null,"BSMT_UNFINISH_1":null,"QUALITY_DESCR_1":null,"CONDITION_1":null,"CONDITION_DESCR_1":null,"YEAR_BUILT_1":null,"UNIT_COUNT_1":null,"PCT_COMPLETE_1":null,"ALLOCATION_PCT_1":null,"IMP_NO_2":null,"USE_CODE_2":null,"USE_CODE_DESCR_2":null,"COST_CLASS_DESCR_2":null,"EXTERIOR_WALL_2":null,"ABOVE_GRADE_AREA_2":null,"MEZZANINE_2":null,"BASEMENT_2":null,"BSMT_FINISH_2":null,"BSMT_UNFINISH_2":null,"QUALITY_DESCR_2":null,"CONDITION_2":null,"CONDITION_DESCR_2":null,"YEAR_BUILT_2":null,"UNIT_COUNT_2":null,"PCT_COMPLETE_2":null,"ALLOCATION_PCT_2":null,"TRAV_COUNT":1,"LASTUPDATE":null,"CREATED_DATE":1712330344000,"LAST_EDITED_DATE":1712330533000,"GLOBALID":"{785051DE-603F-4E6F-A277-A89A12363B2F}","SHAPE_Length":0.010530573768865991,"SHAPE_Area":6.9005785478923406e-06}},{"type":"Feature","id":70,"geometry":{"type":"Polygon","coordinates":[[[-111.77287455799996,40.431078820000039],[-111.77286627699999,40.430694673000062],[-111.77251169699997,40.430696694000062],[-111.77251544499995,40.431080875000077],[-111.77287455799996,40.431078820000039]]]},"properties":{"OBJECTID":70,"PARCEL_NO":340880014,"PARCELID":"340880014","PARCELID_LABEL":"34:088:0014","OWNER_NAME":"HARRIS, DALEN J & SUSAN (ET AL)","CARE_NAME":null,"ACREAGE":0.32000000000000001,"SITE_FULL_ADDRESS":"4765 W WASATCH DR, HIGHLAND, UT","SITE_HOUSE_NUM":"4765","SITE_PRE_DIR":"W","SITE_STREET_NAME":"WASATCH","SITE_STREET_TYPE":"DR","SITE_POST_DIR":null,"SITE_STREET_UNIT":null,"SITE_CITY":"HIGHLAND","SITE_STATE":"UT","SITE_ZIP5":"84003","OWN_FULL_ADDRESS":"4765 W WASATCH DR  HIGHLAND, UT 84003","OWN_STREET_ADDRESS":"4765 W WASATCH DR","OWN_CITY":"HIGHLAND","OWN_STATE":"UT","OWN_ZIP5":"84003","VESTING_DOC":"179823-2021","PARCEL_CREATE_DATE":476928000000,"MAP_FILING_NO":"3120 ","SUB_NAME":"ALPINE COUNTRY CLUB, PLAT O","LEGAL_DESCR":"LOT 14, PLAT O, ALPINE COUNTRY CLUB SUB.","BOOK_PAGE":34088,"LOT":null,"BUILDING":null,"UNIT":null,"TAX_DISTRICT":"045","TAX_DISTRICT_DESCR":"HIGHLAND CITY","SCHOOL_DISTRICT":"ALPINE","TAXABLE_CODE":100,"ACCOUNT_TYPE":"RESIDENTIAL","PROP_TYPE":111,"PROP_TYPE_DESCR":"SINGLE FAMILY RES","SPECIFIC_PROP_TYPE":111,"SPC_PROP_TYP_DESCR":"Single Family Res","NEIGHBORHOOD":"105","NBHD_DISTRICT":"182","LAND_DISTRICT":1861,"ECONOMIC_UNIT":null,"GLA_WEIGHTED_YRBLT":1990,"TOTAL_ABOVE_GRADE_AREA":2135,"TOTAL_MEZZANINE":0,"TOTAL_BASEMENT":960,"TOTAL_BSMT_FINISH":912,"TOTAL_UNIT_COUNT":1,"TOTAL_IMP_COUNT":1,"ASMT_YEAR":2026,"ASMT_CODE":"RP","ASMT_CODE_DESCR":"RES PRIMARY","MKT_LAND_VALUE":295000,"MKT_LAND_RES":295000,"MKT_LAND_AGR":0,"MKT_LAND_COM":0,"MKT_IMP_VALUE":285000,"MKT_IMP_RES":285000,"MKT_IMP_AGR":0,"MKT_IMP_COM":0,"MKT_CUR_VALUE":580000,"MKT_PRV_VAL":580000,"MKT_VAL_YR_CHG":0,"MKT_PCT_CHG":0,"TXBL_CUR_VALUE":319000,"TXBL_PRV_VAL":319000,"TXBL_VAL_YR_CHG":0,"TXBL_PCT_CHG":0,"TOT_CUR_TAXES":0,"TOT_PRV_TAXES":0,"TAXES_YR_CHG":0,"TAXES_PCT_CHG":0,"GREENBELT":null,"EXEMPT_RES":"Y","COMMON_AREA":null,"PUBLIC_ROAD":null,"PRIVATE_ROAD":null,"PART_CENTRAL_ASSD":null,"PART_TAXABLE":null,"IMP_NO_RES":85902,"COST_GROUP_RES":"SFR","STYLE_DESCR_RES":"Two Story","QUALITY_RES":3,"QUALITY_DESCR_RES":"Average","CONDITION_RES":3,"CONDITION_DESCR_RES":"Average","YEARBLT_RES":1990,"GLA_RES":1695,"BASEMENT_RES":960,"BSMT_FINISH_RES":912,"ATT_GARAGE_SQFT_RES":440,"BATHROOMS_RES":2.5,"GLA_BEDROOMS_RES":3,"EXTERIOR_RES":"Metal Vinyl Siding","ALLOCATION_PCT_RES":null,"IMP_NO_1":null,"USE_CODE_1":null,"USE_CODE_DESCR_1":null,"COST_CLASS_DESCR_1":null,"EXTERIOR_WALL_1":null,"ABOVE_GRADE_AREA_1":null,"MEZZANINE_1":null,"BASEMENT_1":null,"BSMT_FINISH_1":null,"BSMT_UNFINISH_1":null,"QUALITY_DESCR_1":null,"CONDITION_1":null,"CONDITION_DESCR_1":null,"YEAR_BUILT_1":null,"UNIT_COUNT_1":null,"PCT_COMPLETE_1":null,"ALLOCATION_PCT_1":null,"IMP_NO_2":null,"USE_CODE_2":null,"USE_CODE_DESCR_2":null,"COST_CLASS_DESCR_2":null,"EXTERIOR_WALL_2":null,"ABOVE_GRADE_AREA_2":null,"MEZZANINE_2":null,"BASEMENT_2":null,"BSMT_FINISH_2":null,"BSMT_UNFINISH_2":null,"QUALITY_DESCR_2":null,"CONDITION_2":null,"CONDITION_DESCR_2":null,"YEAR_BUILT_2":null,"UNIT_COUNT_2":null,"PCT_COMPLETE_2":null,"ALLOCATION_PCT_2":null,"TRAV_COUNT":1,"LASTUPDATE":null,"CREATED_DATE":1712330344000,"LAST_EDITED_DATE":1712330533000,"GLOBALID":"{8B987CE2-08F3-4462-AC0F-BDED6D8B7E8E}","SHAPE_Length":0.0014821401670141432,"SHAPE_Area":1.370998363800993e-07}},{"type":"Feature","id":71,"geometry":{"type":"Polygon","coordinates":[[[-111.77301822899994,40.431077888000061],[-111.77301171799996,40.430776061000074],[-111.77286807499996,40.430776881000043],[-111.77287458499995,40.43107870800003],[-111.77301822899994,40.431077888000061]]]},"properties":{"OBJECTID":71,"PARCEL_NO":340080047,"PARCELID":"340080047","PARCELID_LABEL":"34:008:0047","OWNER_NAME":"HARRIS, DALEN J & SUSAN (ET AL)","CARE_NAME":null,"ACREAGE":0.12848099999999998,"SITE_FULL_ADDRESS":"HIGHLAND, UT","SITE_HOUSE_NUM":" ","SITE_PRE_DIR":null,"SITE_STREET_NAME":null,"SITE_STREET_TYPE":null,"SITE_POST_DIR":null,"SITE_STREET_UNIT":null,"SITE_CITY":"HIGHLAND","SITE_STATE":"UT","SITE_ZIP5":"84003","OWN_FULL_ADDRESS":"4765 W WASATCH DR  HIGHLAND, UT 84003","OWN_STREET_ADDRESS":"4765 W WASATCH DR","OWN_CITY":"HIGHLAND","OWN_STATE":"UT","OWN_ZIP5":"84003","VESTING_DOC":"179823-2021","PARCEL_CREATE_DATE":1278374400000,"MAP_FILING_NO":"519 ","SUB_NAME":"ALPINE COUNTRY CLUB, PLAT A","LEGAL_DESCR":"PART LOT 1, BLK 3, PLAT A, ALPINE COUNRY CLUB SUB DESCRIBED AS FOLLOWS:; COM N 0 DEG 4' 50\" W 1018.78 FT & N 89 DEG 55' 10\" E 122.63 FT FR E 1/4 COR. SEC. 36, T4S, R1E, SLB&M.; N 89 DEG 40' 0\" E 40 FT; S 0 DEG 51' 0\" E 110 FT; S 89 DEG 40' 0\" W 40 FT; N 0 DEG 51' 0\" W 110 FT TO BEG. AREA 0.101 AC. ALSO PART LOT 2, BLK 3, PLAT A, ALPINE COUNTRY CLUB SUB DESCRIBED AS FOLLOWS: AREA 0.028 AC. TOTAL AREA .128 AC.","BOOK_PAGE":34008,"LOT":"1","BUILDING":null,"UNIT":null,"TAX_DISTRICT":"045","TAX_DISTRICT_DESCR":"HIGHLAND CITY","SCHOOL_DISTRICT":"ALPINE","TAXABLE_CODE":100,"ACCOUNT_TYPE":"RESIDENTIAL","PROP_TYPE":900,"PROP_TYPE_DESCR":"VACANT","SPECIFIC_PROP_TYPE":901,"SPC_PROP_TYP_DESCR":"Vac Res","NEIGHBORHOOD":"105","NBHD_DISTRICT":"182","LAND_DISTRICT":1861,"ECONOMIC_UNIT":null,"GLA_WEIGHTED_YRBLT":1990,"TOTAL_ABOVE_GRADE_AREA":420,"TOTAL_MEZZANINE":0,"TOTAL_BASEMENT":0,"TOTAL_BSMT_FINISH":0,"TOTAL_UNIT_COUNT":null,"TOTAL_IMP_COUNT":1,"ASMT_YEAR":2026,"ASMT_CODE":"V","ASMT_CODE_DESCR":"VACANT","MKT_LAND_VALUE":33200,"MKT_LAND_RES":33200,"MKT_LAND_AGR":0,"MKT_LAND_COM":0,"MKT_IMP_VALUE":0,"MKT_IMP_RES":0,"MKT_IMP_AGR":0,"MKT_IMP_COM":0,"MKT_CUR_VALUE":33200,"MKT_PRV_VAL":33200,"MKT_VAL_YR_CHG":0,"MKT_PCT_CHG":0,"TXBL_CUR_VALUE":33200,"TXBL_PRV_VAL":33200,"TXBL_VAL_YR_CHG":0,"TXBL_PCT_CHG":0,"TOT_CUR_TAXES":0,"TOT_PRV_TAXES":0,"TAXES_YR_CHG":0,"TAXES_PCT_CHG":0,"GREENBELT":null,"EXEMPT_RES":"N","COMMON_AREA":null,"PUBLIC_ROAD":null,"PRIVATE_ROAD":null,"PART_CENTRAL_ASSD":null,"PART_TAXABLE":null,"IMP_NO_RES":null,"COST_GROUP_RES":null,"STYLE_DESCR_RES":null,"QUALITY_RES":null,"QUALITY_DESCR_RES":null,"CONDITION_RES":null,"CONDITION_DESCR_RES":null,"YEARBLT_RES":null,"GLA_RES":null,"BASEMENT_RES":null,"BSMT_FINISH_RES":null,"ATT_GARAGE_SQFT_RES":null,"BATHROOMS_RES":null,"GLA_BEDROOMS_RES":null,"EXTERIOR_RES":null,"ALLOCATION_PCT_RES":null,"IMP_NO_1":10023843,"USE_CODE_1":472,"USE_CODE_DESCR_1":"Shed - Equipment","COST_CLASS_DESCR_1":"D - Wood/Steel Studs","EXTERIOR_WALL_1":null,"ABOVE_GRADE_AREA_1":420,"MEZZANINE_1":0,"BASEMENT_1":0,"BSMT_FINISH_1":0,"BSMT_UNFINISH_1":0,"QUALITY_DESCR_1":"Average","CONDITION_1":3,"CONDITION_DESCR_1":"Average","YEAR_BUILT_1":1990,"UNIT_COUNT_1":null,"PCT_COMPLETE_1":1,"ALLOCATION_PCT_1":null,"IMP_NO_2":null,"USE_CODE_2":null,"USE_CODE_DESCR_2":null,"COST_CLASS_DESCR_2":null,"EXTERIOR_WALL_2":null,"ABOVE_GRADE_AREA_2":null,"MEZZANINE_2":null,"BASEMENT_2":null,"BSMT_FINISH_2":null,"BSMT_UNFINISH_2":null,"QUALITY_DESCR_2":null,"CONDITION_2":null,"CONDITION_DESCR_2":null,"YEAR_BUILT_2":null,"UNIT_COUNT_2":null,"PCT_COMPLETE_2":null,"ALLOCATION_PCT_2":null,"TRAV_COUNT":2,"LASTUPDATE":null,"CREATED_DATE":1712330344000,"LAST_EDITED_DATE":1712330533000,"GLOBALID":"{DA083D0A-D098-47E7-9793-DD80B20F5B79}","SHAPE_Length":0.00089108609809070648,"SHAPE_Area":4.3360825281202221e-08}},{"type":"Feature","id":72,"geometry":{"type":"Polygon","coordinates":[[[-111.77286806299998,40.43077689100005],[-111.77301170699997,40.430776071000025],[-111.77300993199998,40.43069375500005],[-111.77286628799999,40.430694575000075],[-111.77286806299998,40.43077689100005]]]},"properties":{"OBJECTID":72,"PARCEL_NO":340080047,"PARCELID":"340080047","PARCELID_LABEL":"34:008:0047","OWNER_NAME":"HARRIS, DALEN J & SUSAN (ET AL)","CARE_NAME":null,"ACREAGE":0.12848099999999998,"SITE_FULL_ADDRESS":"HIGHLAND, UT","SITE_HOUSE_NUM":" ","SITE_PRE_DIR":null,"SITE_STREET_NAME":null,"SITE_STREET_TYPE":null,"SITE_POST_DIR":null,"SITE_STREET_UNIT":null,"SITE_CITY":"HIGHLAND","SITE_STATE":"UT","SITE_ZIP5":"84003","OWN_FULL_ADDRESS":"4765 W WASATCH DR  HIGHLAND, UT 84003","OWN_STREET_ADDRESS":"4765 W WASATCH DR","OWN_CITY":"HIGHLAND","OWN_STATE":"UT","OWN_ZIP5":"84003","VESTING_DOC":"179823-2021","PARCEL_CREATE_DATE":1278374400000,"MAP_FILING_NO":"519 ","SUB_NAME":"ALPINE COUNTRY CLUB, PLAT A","LEGAL_DESCR":"PART LOT 1, BLK 3, PLAT A, ALPINE COUNRY CLUB SUB DESCRIBED AS FOLLOWS:; COM N 0 DEG 4' 50\" W 1018.78 FT & N 89 DEG 55' 10\" E 122.63 FT FR E 1/4 COR. SEC. 36, T4S, R1E, SLB&M.; N 89 DEG 40' 0\" E 40 FT; S 0 DEG 51' 0\" E 110 FT; S 89 DEG 40' 0\" W 40 FT; N 0 DEG 51' 0\" W 110 FT TO BEG. AREA 0.101 AC. ALSO PART LOT 2, BLK 3, PLAT A, ALPINE COUNTRY CLUB SUB DESCRIBED AS FOLLOWS: AREA 0.028 AC. TOTAL AREA .128 AC.","BOOK_PAGE":34008,"LOT":"1","BUILDING":null,"UNIT":null,"TAX_DISTRICT":"045","TAX_DISTRICT_DESCR":"HIGHLAND CITY","SCHOOL_DISTRICT":"ALPINE","TAXABLE_CODE":100,"ACCOUNT_TYPE":"RESIDENTIAL","PROP_TYPE":900,"PROP_TYPE_DESCR":"VACANT","SPECIFIC_PROP_TYPE":901,"SPC_PROP_TYP_DESCR":"Vac Res","NEIGHBORHOOD":"105","NBHD_DISTRICT":"182","LAND_DISTRICT":1861,"ECONOMIC_UNIT":null,"GLA_WEIGHTED_YRBLT":1990,"TOTAL_ABOVE_GRADE_AREA":420,"TOTAL_MEZZANINE":0,"TOTAL_BASEMENT":0,"TOTAL_BSMT_FINISH":0,"TOTAL_UNIT_COUNT":null,"TOTAL_IMP_COUNT":1,"ASMT_YEAR":2026,"ASMT_CODE":"V","ASMT_CODE_DESCR":"VACANT","MKT_LAND_VALUE":33200,"MKT_LAND_RES":33200,"MKT_LAND_AGR":0,"MKT_LAND_COM":0,"MKT_IMP_VALUE":0,"MKT_IMP_RES":0,"MKT_IMP_AGR":0,"MKT_IMP_COM":0,"MKT_CUR_VALUE":33200,"MKT_PRV_VAL":33200,"MKT_VAL_YR_CHG":0,"MKT_PCT_CHG":0,"TXBL_CUR_VALUE":33200,"TXBL_PRV_VAL":33200,"TXBL_VAL_YR_CHG":0,"TXBL_PCT_CHG":0,"TOT_CUR_TAXES":0,"TOT_PRV_TAXES":0,"TAXES_YR_CHG":0,"TAXES_PCT_CHG":0,"GREENBELT":null,"EXEMPT_RES":"N","COMMON_AREA":null,"PUBLIC_ROAD":null,"PRIVATE_ROAD":null,"PART_CENTRAL_ASSD":null,"PART_TAXABLE":null,"IMP_NO_RES":null,"COST_GROUP_RES":null,"STYLE_DESCR_RES":null,"QUALITY_RES":null,"QUALITY_DESCR_RES":null,"CONDITION_RES":null,"CONDITION_DESCR_RES":null,"YEARBLT_RES":null,"GLA_RES":null,"BASEMENT_RES":null,"BSMT_FINISH_RES":null,"ATT_GARAGE_SQFT_RES":null,"BATHROOMS_RES":null,"GLA_BEDROOMS_RES":null,"EXTERIOR_RES":null,"ALLOCATION_PCT_RES":null,"IMP_NO_1":10023843,"USE_CODE_1":472,"USE_CODE_DESCR_1":"Shed - Equipment","COST_CLASS_DESCR_1":"D - Wood/Steel Studs","EXTERIOR_WALL_1":null,"ABOVE_GRADE_AREA_1":420,"MEZZANINE_1":0,"BASEMENT_1":0,"BSMT_FINISH_1":0,"BSMT_UNFINISH_1":0,"QUALITY_DESCR_1":"Average","CONDITION_1":3,"CONDITION_DESCR_1":"Average","YEAR_BUILT_1":1990,"UNIT_COUNT_1":null,"PCT_COMPLETE_1":1,"ALLOCATION_PCT_1":null,"IMP_NO_2":null,"USE_CODE_2":null,"USE_CODE_DESCR_2":null,"COST_CLASS_DESCR_2":null,"EXTERIOR_WALL_2":null,"ABOVE_GRADE_AREA_2":null,"MEZZANINE_2":null,"BASEMENT_2":null,"BSMT_FINISH_2":null,"BSMT_UNFINISH_2":null,"QUALITY_DESCR_2":null,"CONDITION_2":null,"CONDITION_DESCR_2":null,"YEAR_BUILT_2":null,"UNIT_COUNT_2":null,"PCT_COMPLETE_2":null,"ALLOCATION_PCT_2":null,"TRAV_COUNT":2,"LASTUPDATE":null,"CREATED_DATE":1712330344000,"LAST_EDITED_DATE":1712330533000,"GLOBALID":"{96D20137-81B9-4E2E-8260-D4F4EC17778F}","SHAPE_Length":0.00045196295122087332,"SHAPE_Area":1.1825654999737706e-08}},{"type":"Feature","id":73,"geometry":{"type":"MultiPolygon","coordinates":[[[[-111.71328653799998,40.362464813000031],[-111.71328512299999,40.362178178000079],[-111.71290681299996,40.362178867000068],[-111.71289850852082,40.362178633807318],[-111.71289028529452,40.362179815882548],[-111.71288238275274,40.362182378807852],[-111.71287503098995,40.362186247959777],[-111.71286844406386,40.362191310682107],[-111.7128628137628,40.362197419566023],[-111.71285830402151,40.362204396742108],[-111.71285504614792,40.362212039059322],[-111.71285313499999,40.362220124000032],[-111.71285389799999,40.362465602000043],[-111.71328653799998,40.362464813000031]]],[[[-111.71328656299994,40.362464813000031],[-111.71328653799998,40.362464813000031],[-111.71328653799998,40.362464820000071],[-111.71328656299994,40.362464813000031]]]]},"properties":{"OBJECTID":73,"PARCEL_NO":358470121,"PARCELID":"358470121","PARCELID_LABEL":"35:847:0121","OWNER_NAME":"BLOSSOM HILL LLC","CARE_NAME":null,"ACREAGE":0.28772199999999998,"SITE_FULL_ADDRESS":"1169 E 110 SOUTH, PLEASANT GROVE, UT","SITE_HOUSE_NUM":"1169","SITE_PRE_DIR":"E","SITE_STREET_NAME":"110 SOUTH","SITE_STREET_TYPE":null,"SITE_POST_DIR":null,"SITE_STREET_UNIT":null,"SITE_CITY":"PLEASANT GROVE","SITE_STATE":"UT","SITE_ZIP5":"84062","OWN_FULL_ADDRESS":"111 S FRONTAGE RD  CENTERVILLE, UT 84014","OWN_STREET_ADDRESS":"111 S FRONTAGE RD","OWN_CITY":"CENTERVILLE","OWN_STATE":"UT","OWN_ZIP5":"84014","VESTING_DOC":"72178-2023","PARCEL_CREATE_DATE":1711584000000,"MAP_FILING_NO":"19159 ","SUB_NAME":"BLOSSOM HILL, PLAT A","LEGAL_DESCR":"LOT 121, PLAT A, BLOSSOM HILL SUB AREA 0.288 AC.","BOOK_PAGE":35847,"LOT":"121","BUILDING":null,"UNIT":null,"TAX_DISTRICT":"070","TAX_DISTRICT_DESCR":"PLEASANT GROVE CITY","SCHOOL_DISTRICT":"ALPINE","TAXABLE_CODE":100,"ACCOUNT_TYPE":"RESIDENTIAL","PROP_TYPE":900,"PROP_TYPE_DESCR":"VACANT","SPECIFIC_PROP_TYPE":911,"SPC_PROP_TYP_DESCR":"Vac Sub Lot","NEIGHBORHOOD":"102","NBHD_DISTRICT":"303","LAND_DISTRICT":3020,"ECONOMIC_UNIT":null,"GLA_WEIGHTED_YRBLT":null,"TOTAL_ABOVE_GRADE_AREA":null,"TOTAL_MEZZANINE":null,"TOTAL_BASEMENT":null,"TOTAL_BSMT_FINISH":null,"TOTAL_UNIT_COUNT":null,"TOTAL_IMP_COUNT":null,"ASMT_YEAR":2026,"ASMT_CODE":"V","ASMT_CODE_DESCR":"VACANT","MKT_LAND_VALUE":223800,"MKT_LAND_RES":223800,"MKT_LAND_AGR":0,"MKT_LAND_COM":0,"MKT_IMP_VALUE":0,"MKT_IMP_RES":0,"MKT_IMP_AGR":0,"MKT_IMP_COM":0,"MKT_CUR_VALUE":223800,"MKT_PRV_VAL":223800,"MKT_VAL_YR_CHG":0,"MKT_PCT_CHG":0,"TXBL_CUR_VALUE":223800,"TXBL_PRV_VAL":223800,"TXBL_VAL_YR_CHG":0,"TXBL_PCT_CHG":0,"TOT_CUR_TAXES":0,"TOT_PRV_TAXES":0,"TAXES_YR_CHG":0,"TAXES_PCT_CHG":0,"GREENBELT":null,"EXEMPT_RES":"N","COMMON_AREA":null,"PUBLIC_ROAD":null,"PRIVATE_ROAD":null,"PART_CENTRAL_ASSD":null,"PART_TAXABLE":null,"IMP_NO_RES":null,"COST_GROUP_RES":null,"STYLE_DESCR_RES":null,"QUALITY_RES":null,"QUALITY_DESCR_RES":null,"CONDITION_RES":null,"CONDITION_DESCR_RES":null,"YEARBLT_RES":null,"GLA_RES":null,"BASEMENT_RES":null,"BSMT_FINISH_RES":null,"ATT_GARAGE_SQFT_RES":null,"BATHROOMS_RES":null,"GLA_BEDROOMS_RES":null,"EXTERIOR_RES":null,"ALLOCATION_PCT_RES":null,"IMP_NO_1":null,"USE_CODE_1":null,"USE_CODE_DESCR_1":null,"COST_CLASS_DESCR_1":null,"EXTERIOR_WALL_1":null,"ABOVE_GRADE_AREA_1":null,"MEZZANINE_1":null,"BASEMENT_1":null,"BSMT_FINISH_1":null,"BSMT_UNFINISH_1":null,"QUALITY_DESCR_1":null,"CONDITION_1":null,"CONDITION_DESCR_1":null,"YEAR_BUILT_1":null,"UNIT_COUNT_1":null,"PCT_COMPLETE_1":null,"ALLOCATION_PCT_1":null,"IMP_NO_2":null,"USE_CODE_2":null,"USE_CODE_DESCR_2":null,"COST_CLASS_DESCR_2":null,"EXTERIOR_WALL_2":null,"ABOVE_GRADE_AREA_2":null,"MEZZANINE_2":null,"BASEMENT_2":null,"BSMT_FINISH_2":null,"BSMT_UNFINISH_2":null,"QUALITY_DESCR_2":null,"CONDITION_2":null,"CONDITION_DESCR_2":null,"YEAR_BUILT_2":null,"UNIT_COUNT_2":null,"PCT_COMPLETE_2":null,"ALLOCATION_PCT_2":null,"TRAV_COUNT":1,"LASTUPDATE":null,"CREATED_DATE":1712330344000,"LAST_EDITED_DATE":1712330533000,"GLOBALID":"{7E5AC2D2-6D8A-4DA4-9946-B34A0101AB58}","SHAPE_Length":0.001417987768046137,"SHAPE_Area":1.2346650855240881e-07}},{"type":"Feature","id":74,"geometry":{"type":"Polygon","coordinates":[[[-111.71364077399994,40.362995221000062],[-111.71364077399994,40.362995199000068],[-111.71363673199994,40.362177510000038],[-111.71328514999999,40.36217815100008],[-111.71328656499998,40.362464793000072],[-111.71328918999995,40.362996528000053],[-111.71364077399994,40.362995221000062]]]},"properties":{"OBJECTID":74,"PARCEL_NO":358470122,"PARCELID":"358470122","PARCELID_LABEL":"35:847:0122","OWNER_NAME":"BLOSSOM HILL LLC","CARE_NAME":null,"ACREAGE":0.67024799999999995,"SITE_FULL_ADDRESS":"1151 E 110 SOUTH, PLEASANT GROVE, UT","SITE_HOUSE_NUM":"1151","SITE_PRE_DIR":"E","SITE_STREET_NAME":"110 SOUTH","SITE_STREET_TYPE":null,"SITE_POST_DIR":null,"SITE_STREET_UNIT":null,"SITE_CITY":"PLEASANT GROVE","SITE_STATE":"UT","SITE_ZIP5":"84062","OWN_FULL_ADDRESS":"111 S FRONTAGE RD  CENTERVILLE, UT 84014","OWN_STREET_ADDRESS":"111 S FRONTAGE RD","OWN_CITY":"CENTERVILLE","OWN_STATE":"UT","OWN_ZIP5":"84014","VESTING_DOC":"72178-2023","PARCEL_CREATE_DATE":1711584000000,"MAP_FILING_NO":"19159 ","SUB_NAME":"BLOSSOM HILL, PLAT A","LEGAL_DESCR":"LOT 122, PLAT A, BLOSSOM HILL SUB AREA 0.670 AC.","BOOK_PAGE":35847,"LOT":"122","BUILDING":null,"UNIT":null,"TAX_DISTRICT":"070","TAX_DISTRICT_DESCR":"PLEASANT GROVE CITY","SCHOOL_DISTRICT":"ALPINE","TAXABLE_CODE":100,"ACCOUNT_TYPE":"RESIDENTIAL","PROP_TYPE":900,"PROP_TYPE_DESCR":"VACANT","SPECIFIC_PROP_TYPE":911,"SPC_PROP_TYP_DESCR":"Vac Sub Lot","NEIGHBORHOOD":"102","NBHD_DISTRICT":"303","LAND_DISTRICT":3020,"ECONOMIC_UNIT":null,"GLA_WEIGHTED_YRBLT":null,"TOTAL_ABOVE_GRADE_AREA":null,"TOTAL_MEZZANINE":null,"TOTAL_BASEMENT":null,"TOTAL_BSMT_FINISH":null,"TOTAL_UNIT_COUNT":null,"TOTAL_IMP_COUNT":null,"ASMT_YEAR":2026,"ASMT_CODE":"V","ASMT_CODE_DESCR":"VACANT","MKT_LAND_VALUE":269500,"MKT_LAND_RES":269500,"MKT_LAND_AGR":0,"MKT_LAND_COM":0,"MKT_IMP_VALUE":0,"MKT_IMP_RES":0,"MKT_IMP_AGR":0,"MKT_IMP_COM":0,"MKT_CUR_VALUE":269500,"MKT_PRV_VAL":269500,"MKT_VAL_YR_CHG":0,"MKT_PCT_CHG":0,"TXBL_CUR_VALUE":269500,"TXBL_PRV_VAL":269500,"TXBL_VAL_YR_CHG":0,"TXBL_PCT_CHG":0,"TOT_CUR_TAXES":0,"TOT_PRV_TAXES":0,"TAXES_YR_CHG":0,"TAXES_PCT_CHG":0,"GREENBELT":null,"EXEMPT_RES":"N","COMMON_AREA":null,"PUBLIC_ROAD":null,"PRIVATE_ROAD":null,"PART_CENTRAL_ASSD":null,"PART_TAXABLE":null,"IMP_NO_RES":null,"COST_GROUP_RES":null,"STYLE_DESCR_RES":null,"QUALITY_RES":null,"QUALITY_DESCR_RES":null,"CONDITION_RES":null,"CONDITION_DESCR_RES":null,"YEARBLT_RES":null,"GLA_RES":null,"BASEMENT_RES":null,"BSMT_FINISH_RES":null,"ATT_GARAGE_SQFT_RES":null,"BATHROOMS_RES":null,"GLA_BEDROOMS_RES":null,"EXTERIOR_RES":null,"ALLOCATION_PCT_RES":null,"IMP_NO_1":null,"USE_CODE_1":null,"USE_CODE_DESCR_1":null,"COST_CLASS_DESCR_1":null,"EXTERIOR_WALL_1":null,"ABOVE_GRADE_AREA_1":null,"MEZZANINE_1":null,"BASEMENT_1":null,"BSMT_FINISH_1":null,"BSMT_UNFINISH_1":null,"QUALITY_DESCR_1":null,"CONDITION_1":null,"CONDITION_DESCR_1":null,"YEAR_BUILT_1":null,"UNIT_COUNT_1":null,"PCT_COMPLETE_1":null,"ALLOCATION_PCT_1":null,"IMP_NO_2":null,"USE_CODE_2":null,"USE_CODE_DESCR_2":null,"COST_CLASS_DESCR_2":null,"EXTERIOR_WALL_2":null,"ABOVE_GRADE_AREA_2":null,"MEZZANINE_2":null,"BASEMENT_2":null,"BSMT_FINISH_2":null,"BSMT_UNFINISH_2":null,"QUALITY_DESCR_2":null,"CONDITION_2":null,"CONDITION_DESCR_2":null,"YEAR_BUILT_2":null,"UNIT_COUNT_2":null,"PCT_COMPLETE_2":null,"ALLOCATION_PCT_2":null,"TRAV_COUNT":1,"LASTUPDATE":null,"CREATED_DATE":1712330344000,"LAST_EDITED_DATE":1712330533000,"GLOBALID":"{5A3EA8B8-6CBB-4DBF-99C3-CFBEEF991939}","SHAPE_Length":0.0023392769756357648,"SHAPE_Area":2.8761435913525512e-07}},{"type":"Feature","id":75,"geometry":{"type":"Polygon","coordinates":[[[-111.71399953299999,40.362993907000032],[-111.71399549199998,40.362176894000072],[-111.71363673399998,40.362177550000069],[-111.71364077499999,40.362995241000078],[-111.71399953299999,40.362993907000032]]]},"properties":{"OBJECTID":75,"PARCEL_NO":358470123,"PARCELID":"358470123","PARCELID_LABEL":"35:847:0123","OWNER_NAME":"BLOSSOM HILL LLC","CARE_NAME":null,"ACREAGE":0.683365,"SITE_FULL_ADDRESS":"1135 E 110 SOUTH, PLEASANT GROVE, UT","SITE_HOUSE_NUM":"1135","SITE_PRE_DIR":"E","SITE_STREET_NAME":"110 SOUTH","SITE_STREET_TYPE":null,"SITE_POST_DIR":null,"SITE_STREET_UNIT":null,"SITE_CITY":"PLEASANT GROVE","SITE_STATE":"UT","SITE_ZIP5":"84062","OWN_FULL_ADDRESS":"111 S FRONTAGE RD  CENTERVILLE, UT 84014","OWN_STREET_ADDRESS":"111 S FRONTAGE RD","OWN_CITY":"CENTERVILLE","OWN_STATE":"UT","OWN_ZIP5":"84014","VESTING_DOC":"72178-2023","PARCEL_CREATE_DATE":1711584000000,"MAP_FILING_NO":"19159 ","SUB_NAME":"BLOSSOM HILL, PLAT A","LEGAL_DESCR":"LOT 123, PLAT A, BLOSSOM HILL SUB AREA 0.683 AC.","BOOK_PAGE":35847,"LOT":"123","BUILDING":null,"UNIT":null,"TAX_DISTRICT":"070","TAX_DISTRICT_DESCR":"PLEASANT GROVE CITY","SCHOOL_DISTRICT":"ALPINE","TAXABLE_CODE":100,"ACCOUNT_TYPE":"RESIDENTIAL","PROP_TYPE":900,"PROP_TYPE_DESCR":"VACANT","SPECIFIC_PROP_TYPE":911,"SPC_PROP_TYP_DESCR":"Vac Sub Lot","NEIGHBORHOOD":"102","NBHD_DISTRICT":"303","LAND_DISTRICT":3020,"ECONOMIC_UNIT":null,"GLA_WEIGHTED_YRBLT":null,"TOTAL_ABOVE_GRADE_AREA":null,"TOTAL_MEZZANINE":null,"TOTAL_BASEMENT":null,"TOTAL_BSMT_FINISH":null,"TOTAL_UNIT_COUNT":null,"TOTAL_IMP_COUNT":null,"ASMT_YEAR":2026,"ASMT_CODE":"V","ASMT_CODE_DESCR":"VACANT","MKT_LAND_VALUE":270700,"MKT_LAND_RES":270700,"MKT_LAND_AGR":0,"MKT_LAND_COM":0,"MKT_IMP_VALUE":0,"MKT_IMP_RES":0,"MKT_IMP_AGR":0,"MKT_IMP_COM":0,"MKT_CUR_VALUE":270700,"MKT_PRV_VAL":270700,"MKT_VAL_YR_CHG":0,"MKT_PCT_CHG":0,"TXBL_CUR_VALUE":270700,"TXBL_PRV_VAL":270700,"TXBL_VAL_YR_CHG":0,"TXBL_PCT_CHG":0,"TOT_CUR_TAXES":0,"TOT_PRV_TAXES":0,"TAXES_YR_CHG":0,"TAXES_PCT_CHG":0,"GREENBELT":null,"EXEMPT_RES":"N","COMMON_AREA":null,"PUBLIC_ROAD":null,"PRIVATE_ROAD":null,"PART_CENTRAL_ASSD":null,"PART_TAXABLE":null,"IMP_NO_RES":null,"COST_GROUP_RES":null,"STYLE_DESCR_RES":null,"QUALITY_RES":null,"QUALITY_DESCR_RES":null,"CONDITION_RES":null,"CONDITION_DESCR_RES":null,"YEARBLT_RES":null,"GLA_RES":null,"BASEMENT_RES":null,"BSMT_FINISH_RES":null,"ATT_GARAGE_SQFT_RES":null,"BATHROOMS_RES":null,"GLA_BEDROOMS_RES":null,"EXTERIOR_RES":null,"ALLOCATION_PCT_RES":null,"IMP_NO_1":null,"USE_CODE_1":null,"USE_CODE_DESCR_1":null,"COST_CLASS_DESCR_1":null,"EXTERIOR_WALL_1":null,"ABOVE_GRADE_AREA_1":null,"MEZZANINE_1":null,"BASEMENT_1":null,"BSMT_FINISH_1":null,"BSMT_UNFINISH_1":null,"QUALITY_DESCR_1":null,"CONDITION_1":null,"CONDITION_DESCR_1":null,"YEAR_BUILT_1":null,"UNIT_COUNT_1":null,"PCT_COMPLETE_1":null,"ALLOCATION_PCT_1":null,"IMP_NO_2":null,"USE_CODE_2":null,"USE_CODE_DESCR_2":null,"COST_CLASS_DESCR_2":null,"EXTERIOR_WALL_2":null,"ABOVE_GRADE_AREA_2":null,"MEZZANINE_2":null,"BASEMENT_2":null,"BSMT_FINISH_2":null,"BSMT_UNFINISH_2":null,"QUALITY_DESCR_2":null,"CONDITION_2":null,"CONDITION_DESCR_2":null,"YEAR_BUILT_2":null,"UNIT_COUNT_2":null,"PCT_COMPLETE_2":null,"ALLOCATION_PCT_2":null,"TRAV_COUNT":1,"LASTUPDATE":null,"CREATED_DATE":1712330344000,"LAST_EDITED_DATE":1712330533000,"GLOBALID":"{7E38F5C6-5C1A-4C07-AAED-BFC9AE581075}","SHAPE_Length":0.0023522430585321066,"SHAPE_Area":2.932355896090775e-07}},{"type":"Feature","id":76,"geometry":{"type":"Polygon","coordinates":[[[-111.71435111799997,40.362992576000067],[-111.71435112299997,40.362992567000049],[-111.71434592599996,40.362176033000026],[-111.71431618699995,40.362176266000063],[-111.71399549299997,40.36217685400004],[-111.71399953499997,40.362993885000037],[-111.71435111799997,40.362992576000067]]]},"properties":{"OBJECTID":76,"PARCEL_NO":358470124,"PARCELID":"358470124","PARCELID_LABEL":"35:847:0124","OWNER_NAME":"BLOSSOM HILL LLC","CARE_NAME":null,"ACREAGE":0.66807299999999992,"SITE_FULL_ADDRESS":"1117 E 110 SOUTH, PLEASANT GROVE, UT","SITE_HOUSE_NUM":"1117","SITE_PRE_DIR":"E","SITE_STREET_NAME":"110 SOUTH","SITE_STREET_TYPE":null,"SITE_POST_DIR":null,"SITE_STREET_UNIT":null,"SITE_CITY":"PLEASANT GROVE","SITE_STATE":"UT","SITE_ZIP5":"84062","OWN_FULL_ADDRESS":"111 S FRONTAGE RD  CENTERVILLE, UT 84014","OWN_STREET_ADDRESS":"111 S FRONTAGE RD","OWN_CITY":"CENTERVILLE","OWN_STATE":"UT","OWN_ZIP5":"84014","VESTING_DOC":"72178-2023","PARCEL_CREATE_DATE":1711584000000,"MAP_FILING_NO":"19159 ","SUB_NAME":"BLOSSOM HILL, PLAT A","LEGAL_DESCR":"LOT 124, PLAT A, BLOSSOM HILL SUB AREA 0.668 AC.","BOOK_PAGE":35847,"LOT":"124","BUILDING":null,"UNIT":null,"TAX_DISTRICT":"070","TAX_DISTRICT_DESCR":"PLEASANT GROVE CITY","SCHOOL_DISTRICT":"ALPINE","TAXABLE_CODE":100,"ACCOUNT_TYPE":"RESIDENTIAL","PROP_TYPE":900,"PROP_TYPE_DESCR":"VACANT","SPECIFIC_PROP_TYPE":911,"SPC_PROP_TYP_DESCR":"Vac Sub Lot","NEIGHBORHOOD":"102","NBHD_DISTRICT":"303","LAND_DISTRICT":3020,"ECONOMIC_UNIT":null,"GLA_WEIGHTED_YRBLT":null,"TOTAL_ABOVE_GRADE_AREA":null,"TOTAL_MEZZANINE":null,"TOTAL_BASEMENT":null,"TOTAL_BSMT_FINISH":null,"TOTAL_UNIT_COUNT":null,"TOTAL_IMP_COUNT":null,"ASMT_YEAR":2026,"ASMT_CODE":"V","ASMT_CODE_DESCR":"VACANT","MKT_LAND_VALUE":269300,"MKT_LAND_RES":269300,"MKT_LAND_AGR":0,"MKT_LAND_COM":0,"MKT_IMP_VALUE":0,"MKT_IMP_RES":0,"MKT_IMP_AGR":0,"MKT_IMP_COM":0,"MKT_CUR_VALUE":269300,"MKT_PRV_VAL":269300,"MKT_VAL_YR_CHG":0,"MKT_PCT_CHG":0,"TXBL_CUR_VALUE":269300,"TXBL_PRV_VAL":269300,"TXBL_VAL_YR_CHG":0,"TXBL_PCT_CHG":0,"TOT_CUR_TAXES":0,"TOT_PRV_TAXES":0,"TAXES_YR_CHG":0,"TAXES_PCT_CHG":0,"GREENBELT":null,"EXEMPT_RES":"N","COMMON_AREA":null,"PUBLIC_ROAD":null,"PRIVATE_ROAD":null,"PART_CENTRAL_ASSD":null,"PART_TAXABLE":null,"IMP_NO_RES":null,"COST_GROUP_RES":null,"STYLE_DESCR_RES":null,"QUALITY_RES":null,"QUALITY_DESCR_RES":null,"CONDITION_RES":null,"CONDITION_DESCR_RES":null,"YEARBLT_RES":null,"GLA_RES":null,"BASEMENT_RES":null,"BSMT_FINISH_RES":null,"ATT_GARAGE_SQFT_RES":null,"BATHROOMS_RES":null,"GLA_BEDROOMS_RES":null,"EXTERIOR_RES":null,"ALLOCATION_PCT_RES":null,"IMP_NO_1":null,"USE_CODE_1":null,"USE_CODE_DESCR_1":null,"COST_CLASS_DESCR_1":null,"EXTERIOR_WALL_1":null,"ABOVE_GRADE_AREA_1":null,"MEZZANINE_1":null,"BASEMENT_1":null,"BSMT_FINISH_1":null,"BSMT_UNFINISH_1":null,"QUALITY_DESCR_1":null,"CONDITION_1":null,"CONDITION_DESCR_1":null,"YEAR_BUILT_1":null,"UNIT_COUNT_1":null,"PCT_COMPLETE_1":null,"ALLOCATION_PCT_1":null,"IMP_NO_2":null,"USE_CODE_2":null,"USE_CODE_DESCR_2":null,"COST_CLASS_DESCR_2":null,"EXTERIOR_WALL_2":null,"ABOVE_GRADE_AREA_2":null,"MEZZANINE_2":null,"BASEMENT_2":null,"BSMT_FINISH_2":null,"BSMT_UNFINISH_2":null,"QUALITY_DESCR_2":null,"CONDITION_2":null,"CONDITION_DESCR_2":null,"YEAR_BUILT_2":null,"UNIT_COUNT_2":null,"PCT_COMPLETE_2":null,"ALLOCATION_PCT_2":null,"TRAV_COUNT":1,"LASTUPDATE":null,"CREATED_DATE":1712330344000,"LAST_EDITED_DATE":1712330533000,"GLOBALID":"{1E46FA88-46FE-461B-891C-C45AFC493389}","SHAPE_Length":0.0023356217209747048,"SHAPE_Area":2.8667713553600367e-07}},{"type":"Feature","id":77,"geometry":{"type":"MultiPolygon","coordinates":[[[[-111.71470983099999,40.362991260000058],[-111.71470837799995,40.362758007000025],[-111.71470689099999,40.362524742000062],[-111.71470575399997,40.362162384000044],[-111.71462045799996,40.362164676000077],[-111.71442579199999,40.362173666000047],[-111.71434592199995,40.36217606200006],[-111.71435111899996,40.362992596000026],[-111.71470983099999,40.362991260000058]]],[[[-111.71470987799995,40.362991259000069],[-111.71470983099999,40.362991260000058],[-111.71470983099999,40.362991271000055],[-111.71470987799995,40.362991259000069]]]]},"properties":{"OBJECTID":77,"PARCEL_NO":358470125,"PARCELID":"358470125","PARCELID_LABEL":"35:847:0125","OWNER_NAME":"BLOSSOM HILL LLC","CARE_NAME":null,"ACREAGE":0.68844099999999997,"SITE_FULL_ADDRESS":"1099 E 110 SOUTH, PLEASANT GROVE, UT","SITE_HOUSE_NUM":"1099","SITE_PRE_DIR":"E","SITE_STREET_NAME":"110 SOUTH","SITE_STREET_TYPE":null,"SITE_POST_DIR":null,"SITE_STREET_UNIT":null,"SITE_CITY":"PLEASANT GROVE","SITE_STATE":"UT","SITE_ZIP5":"84062","OWN_FULL_ADDRESS":"111 S FRONTAGE RD  CENTERVILLE, UT 84014","OWN_STREET_ADDRESS":"111 S FRONTAGE RD","OWN_CITY":"CENTERVILLE","OWN_STATE":"UT","OWN_ZIP5":"84014","VESTING_DOC":"72178-2023 (MORE)","PARCEL_CREATE_DATE":1711584000000,"MAP_FILING_NO":"19159 ","SUB_NAME":"BLOSSOM HILL, PLAT A","LEGAL_DESCR":"LOT 125, PLAT A, BLOSSOM HILL SUB AREA 0.688 AC.","BOOK_PAGE":35847,"LOT":"125","BUILDING":null,"UNIT":null,"TAX_DISTRICT":"070","TAX_DISTRICT_DESCR":"PLEASANT GROVE CITY","SCHOOL_DISTRICT":"ALPINE","TAXABLE_CODE":100,"ACCOUNT_TYPE":"RESIDENTIAL","PROP_TYPE":900,"PROP_TYPE_DESCR":"VACANT","SPECIFIC_PROP_TYPE":911,"SPC_PROP_TYP_DESCR":"Vac Sub Lot","NEIGHBORHOOD":"102","NBHD_DISTRICT":"303","LAND_DISTRICT":3020,"ECONOMIC_UNIT":null,"GLA_WEIGHTED_YRBLT":null,"TOTAL_ABOVE_GRADE_AREA":null,"TOTAL_MEZZANINE":null,"TOTAL_BASEMENT":null,"TOTAL_BSMT_FINISH":null,"TOTAL_UNIT_COUNT":null,"TOTAL_IMP_COUNT":null,"ASMT_YEAR":2026,"ASMT_CODE":"V","ASMT_CODE_DESCR":"VACANT","MKT_LAND_VALUE":271100,"MKT_LAND_RES":271100,"MKT_LAND_AGR":0,"MKT_LAND_COM":0,"MKT_IMP_VALUE":0,"MKT_IMP_RES":0,"MKT_IMP_AGR":0,"MKT_IMP_COM":0,"MKT_CUR_VALUE":271100,"MKT_PRV_VAL":271100,"MKT_VAL_YR_CHG":0,"MKT_PCT_CHG":0,"TXBL_CUR_VALUE":271100,"TXBL_PRV_VAL":271100,"TXBL_VAL_YR_CHG":0,"TXBL_PCT_CHG":0,"TOT_CUR_TAXES":0,"TOT_PRV_TAXES":0,"TAXES_YR_CHG":0,"TAXES_PCT_CHG":0,"GREENBELT":null,"EXEMPT_RES":"N","COMMON_AREA":null,"PUBLIC_ROAD":null,"PRIVATE_ROAD":null,"PART_CENTRAL_ASSD":null,"PART_TAXABLE":null,"IMP_NO_RES":null,"COST_GROUP_RES":null,"STYLE_DESCR_RES":null,"QUALITY_RES":null,"QUALITY_DESCR_RES":null,"CONDITION_RES":null,"CONDITION_DESCR_RES":null,"YEARBLT_RES":null,"GLA_RES":null,"BASEMENT_RES":null,"BSMT_FINISH_RES":null,"ATT_GARAGE_SQFT_RES":null,"BATHROOMS_RES":null,"GLA_BEDROOMS_RES":null,"EXTERIOR_RES":null,"ALLOCATION_PCT_RES":null,"IMP_NO_1":null,"USE_CODE_1":null,"USE_CODE_DESCR_1":null,"COST_CLASS_DESCR_1":null,"EXTERIOR_WALL_1":null,"ABOVE_GRADE_AREA_1":null,"MEZZANINE_1":null,"BASEMENT_1":null,"BSMT_FINISH_1":null,"BSMT_UNFINISH_1":null,"QUALITY_DESCR_1":null,"CONDITION_1":null,"CONDITION_DESCR_1":null,"YEAR_BUILT_1":null,"UNIT_COUNT_1":null,"PCT_COMPLETE_1":null,"ALLOCATION_PCT_1":null,"IMP_NO_2":null,"USE_CODE_2":null,"USE_CODE_DESCR_2":null,"COST_CLASS_DESCR_2":null,"EXTERIOR_WALL_2":null,"ABOVE_GRADE_AREA_2":null,"MEZZANINE_2":null,"BASEMENT_2":null,"BSMT_FINISH_2":null,"BSMT_UNFINISH_2":null,"QUALITY_DESCR_2":null,"CONDITION_2":null,"CONDITION_DESCR_2":null,"YEAR_BUILT_2":null,"UNIT_COUNT_2":null,"PCT_COMPLETE_2":null,"ALLOCATION_PCT_2":null,"TRAV_COUNT":1,"LASTUPDATE":null,"CREATED_DATE":1712330344000,"LAST_EDITED_DATE":1712330533000,"GLOBALID":"{D327850D-9C93-40CE-8886-0E404565E16F}","SHAPE_Length":0.0023643647888642785,"SHAPE_Area":2.9539135288538086e-07}},{"type":"Feature","id":78,"geometry":{"type":"Polygon","coordinates":[[[-111.71328918899997,40.362996521000071],[-111.71328922099997,40.36299654000004],[-111.71328659599999,40.362464805000059],[-111.71285393299996,40.362465593000024],[-111.71265302699999,40.362465959000076],[-111.71265295499995,40.36244276900004],[-111.71222244399996,40.362443551000069],[-111.71222162699996,40.362180098000067],[-111.71218758099997,40.362180160000037],[-111.71218710499994,40.362026478000075],[-111.71218571999998,40.361579979000055],[-111.71168722999994,40.361580883000045],[-111.71168780399995,40.361634834000029],[-111.71113407399997,40.361637370000039],[-111.71113429599995,40.361580590000074],[-111.71079075199998,40.361580657000047],[-111.71079056699995,40.361568802000079],[-111.71050481799995,40.361569317000033],[-111.71050082699998,40.362008287000037],[-111.71053847799999,40.362996865000071],[-111.71194199099995,40.36299432900006],[-111.71194201299994,40.363001519000079],[-111.71328918899997,40.362996521000071]]]},"properties":{"OBJECTID":78,"PARCEL_NO":358470128,"PARCELID":"358470128","PARCELID_LABEL":"35:847:0128","OWNER_NAME":"BLOSSOM HILL LLC","CARE_NAME":null,"ACREAGE":6.8674589999999993,"SITE_FULL_ADDRESS":"PLEASANT GROVE, UT","SITE_HOUSE_NUM":" ","SITE_PRE_DIR":null,"SITE_STREET_NAME":null,"SITE_STREET_TYPE":null,"SITE_POST_DIR":null,"SITE_STREET_UNIT":null,"SITE_CITY":"PLEASANT GROVE","SITE_STATE":"UT","SITE_ZIP5":"84062","OWN_FULL_ADDRESS":"111 S FRONTAGE RD  CENTERVILLE, UT 84014","OWN_STREET_ADDRESS":"111 S FRONTAGE RD","OWN_CITY":"CENTERVILLE","OWN_STATE":"UT","OWN_ZIP5":"84014","VESTING_DOC":"72178-2023 (MORE)","PARCEL_CREATE_DATE":1711584000000,"MAP_FILING_NO":"19159 ","SUB_NAME":"BLOSSOM HILL, PLAT A","LEGAL_DESCR":"PARCEL A, PLAT A, BLOSSOM HILL SUB AREA 6.867 AC.","BOOK_PAGE":35847,"LOT":null,"BUILDING":null,"UNIT":null,"TAX_DISTRICT":"070","TAX_DISTRICT_DESCR":"PLEASANT GROVE CITY","SCHOOL_DISTRICT":"ALPINE","TAXABLE_CODE":100,"ACCOUNT_TYPE":"RESIDENTIAL","PROP_TYPE":900,"PROP_TYPE_DESCR":"VACANT","SPECIFIC_PROP_TYPE":901,"SPC_PROP_TYP_DESCR":"Vac Res","NEIGHBORHOOD":"102","NBHD_DISTRICT":"303","LAND_DISTRICT":3020,"ECONOMIC_UNIT":null,"GLA_WEIGHTED_YRBLT":null,"TOTAL_ABOVE_GRADE_AREA":null,"TOTAL_MEZZANINE":null,"TOTAL_BASEMENT":null,"TOTAL_BSMT_FINISH":null,"TOTAL_UNIT_COUNT":null,"TOTAL_IMP_COUNT":null,"ASMT_YEAR":2026,"ASMT_CODE":"V","ASMT_CODE_DESCR":"VACANT","MKT_LAND_VALUE":2857300,"MKT_LAND_RES":2857300,"MKT_LAND_AGR":0,"MKT_LAND_COM":0,"MKT_IMP_VALUE":0,"MKT_IMP_RES":0,"MKT_IMP_AGR":0,"MKT_IMP_COM":0,"MKT_CUR_VALUE":2857300,"MKT_PRV_VAL":2857300,"MKT_VAL_YR_CHG":0,"MKT_PCT_CHG":0,"TXBL_CUR_VALUE":2857300,"TXBL_PRV_VAL":2857300,"TXBL_VAL_YR_CHG":0,"TXBL_PCT_CHG":0,"TOT_CUR_TAXES":0,"TOT_PRV_TAXES":0,"TAXES_YR_CHG":0,"TAXES_PCT_CHG":0,"GREENBELT":null,"EXEMPT_RES":"N","COMMON_AREA":null,"PUBLIC_ROAD":null,"PRIVATE_ROAD":null,"PART_CENTRAL_ASSD":null,"PART_TAXABLE":null,"IMP_NO_RES":null,"COST_GROUP_RES":null,"STYLE_DESCR_RES":null,"QUALITY_RES":null,"QUALITY_DESCR_RES":null,"CONDITION_RES":null,"CONDITION_DESCR_RES":null,"YEARBLT_RES":null,"GLA_RES":null,"BASEMENT_RES":null,"BSMT_FINISH_RES":null,"ATT_GARAGE_SQFT_RES":null,"BATHROOMS_RES":null,"GLA_BEDROOMS_RES":null,"EXTERIOR_RES":null,"ALLOCATION_PCT_RES":null,"IMP_NO_1":null,"USE_CODE_1":null,"USE_CODE_DESCR_1":null,"COST_CLASS_DESCR_1":null,"EXTERIOR_WALL_1":null,"ABOVE_GRADE_AREA_1":null,"MEZZANINE_1":null,"BASEMENT_1":null,"BSMT_FINISH_1":null,"BSMT_UNFINISH_1":null,"QUALITY_DESCR_1":null,"CONDITION_1":null,"CONDITION_DESCR_1":null,"YEAR_BUILT_1":null,"UNIT_COUNT_1":null,"PCT_COMPLETE_1":null,"ALLOCATION_PCT_1":null,"IMP_NO_2":null,"USE_CODE_2":null,"USE_CODE_DESCR_2":null,"COST_CLASS_DESCR_2":null,"EXTERIOR_WALL_2":null,"ABOVE_GRADE_AREA_2":null,"MEZZANINE_2":null,"BASEMENT_2":null,"BSMT_FINISH_2":null,"BSMT_UNFINISH_2":null,"QUALITY_DESCR_2":null,"CONDITION_2":null,"CONDITION_DESCR_2":null,"YEAR_BUILT_2":null,"UNIT_COUNT_2":null,"PCT_COMPLETE_2":null,"ALLOCATION_PCT_2":null,"TRAV_COUNT":1,"LASTUPDATE":null,"CREATED_DATE":1712330344000,"LAST_EDITED_DATE":1712330533000,"GLOBALID":"{EC235748-F817-4BFB-AA84-8E14E6DC9F79}","SHAPE_Length":0.008507019271330343,"SHAPE_Area":2.9468907341685627e-06}},{"type":"Feature","id":79,"geometry":{"type":"Polygon","coordinates":[[[-111.87666815799997,40.381702205000067],[-111.87666736499995,40.381155713000055],[-111.87666540006539,40.381147614757722],[-111.87666208870691,40.381139967705899],[-111.87665752707777,40.381132993895157],[-111.87665184763587,40.38112689582691],[-111.8766452152975,40.381121850573258],[-111.87663782264859,40.381118004635319],[-111.87662988435251,40.381115469689156],[-111.87662163091683,40.381114319343048],[-111.87661330199995,40.38111458700007],[-111.87618996499998,40.381115949000048],[-111.87619436999995,40.381703020000032],[-111.87666815799997,40.381702205000067]]]},"properties":{"OBJECTID":79,"PARCEL_NO":353880001,"PARCELID":"353880001","PARCELID_LABEL":"35:388:0001","OWNER_NAME":"JDH FELT LLC","CARE_NAME":null,"ACREAGE":0.65000000000000002,"SITE_FULL_ADDRESS":"567 S 1700 WEST, LEHI, UT","SITE_HOUSE_NUM":"567","SITE_PRE_DIR":"S","SITE_STREET_NAME":"1700 WEST","SITE_STREET_TYPE":null,"SITE_POST_DIR":null,"SITE_STREET_UNIT":null,"SITE_CITY":"LEHI","SITE_STATE":"UT","SITE_ZIP5":"84043","OWN_FULL_ADDRESS":"PO BOX 437  LEHI, UT 84043-0437","OWN_STREET_ADDRESS":"PO BOX 437","OWN_CITY":"LEHI","OWN_STATE":"UT","OWN_ZIP5":"84043","VESTING_DOC":"74538-2021","PARCEL_CREATE_DATE":998524800000,"MAP_FILING_NO":"9207 ","SUB_NAME":"BUSHMAN FELT, PLAT A","LEGAL_DESCR":"LOT 1, PLAT A, BUSHMAN-FELT SUBDV. AREA 0.650 AC.","BOOK_PAGE":35388,"LOT":"1","BUILDING":null,"UNIT":null,"TAX_DISTRICT":"010","TAX_DISTRICT_DESCR":"LEHI CITY","SCHOOL_DISTRICT":"ALPINE","TAXABLE_CODE":100,"ACCOUNT_TYPE":"RESIDENTIAL","PROP_TYPE":111,"PROP_TYPE_DESCR":"SINGLE FAMILY RES","SPECIFIC_PROP_TYPE":111,"SPC_PROP_TYP_DESCR":"Single Family Res","NEIGHBORHOOD":"101","NBHD_DISTRICT":"115","LAND_DISTRICT":1041,"ECONOMIC_UNIT":null,"GLA_WEIGHTED_YRBLT":1977.2,"TOTAL_ABOVE_GRADE_AREA":3010,"TOTAL_MEZZANINE":0,"TOTAL_BASEMENT":756,"TOTAL_BSMT_FINISH":756,"TOTAL_UNIT_COUNT":1,"TOTAL_IMP_COUNT":3,"ASMT_YEAR":2026,"ASMT_CODE":"RP","ASMT_CODE_DESCR":"RES PRIMARY","MKT_LAND_VALUE":275400,"MKT_LAND_RES":275400,"MKT_LAND_AGR":0,"MKT_LAND_COM":0,"MKT_IMP_VALUE":266100,"MKT_IMP_RES":266100,"MKT_IMP_AGR":0,"MKT_IMP_COM":0,"MKT_CUR_VALUE":541500,"MKT_PRV_VAL":541500,"MKT_VAL_YR_CHG":0,"MKT_PCT_CHG":0,"TXBL_CUR_VALUE":297825,"TXBL_PRV_VAL":297825,"TXBL_VAL_YR_CHG":0,"TXBL_PCT_CHG":0,"TOT_CUR_TAXES":0,"TOT_PRV_TAXES":0,"TAXES_YR_CHG":0,"TAXES_PCT_CHG":0,"GREENBELT":null,"EXEMPT_RES":"Y","COMMON_AREA":null,"PUBLIC_ROAD":null,"PRIVATE_ROAD":null,"PART_CENTRAL_ASSD":null,"PART_TAXABLE":null,"IMP_NO_RES":94985,"COST_GROUP_RES":"SFR","STYLE_DESCR_RES":"Split Level","QUALITY_RES":3,"QUALITY_DESCR_RES":"Average","CONDITION_RES":3,"CONDITION_DESCR_RES":"Average","YEARBLT_RES":1975,"GLA_RES":1640,"BASEMENT_RES":756,"BSMT_FINISH_RES":756,"ATT_GARAGE_SQFT_RES":650,"BATHROOMS_RES":2,"GLA_BEDROOMS_RES":3,"EXTERIOR_RES":"Masonry Veneer","ALLOCATION_PCT_RES":null,"IMP_NO_1":308923,"USE_CODE_1":476,"USE_CODE_DESCR_1":"Shed - Farm Implement (Equip Shop)","COST_CLASS_DESCR_1":"D - Wood/Steel Studs","EXTERIOR_WALL_1":null,"ABOVE_GRADE_AREA_1":450,"MEZZANINE_1":0,"BASEMENT_1":0,"BSMT_FINISH_1":0,"BSMT_UNFINISH_1":0,"QUALITY_DESCR_1":"Average","CONDITION_1":3,"CONDITION_DESCR_1":"Average","YEAR_BUILT_1":1985,"UNIT_COUNT_1":null,"PCT_COMPLETE_1":1,"ALLOCATION_PCT_1":null,"IMP_NO_2":308924,"USE_CODE_2":566,"USE_CODE_DESCR_2":"Shed - Farm Sun Shelter","COST_CLASS_DESCR_2":"D - Wood/Steel Studs","EXTERIOR_WALL_2":null,"ABOVE_GRADE_AREA_2":270,"MEZZANINE_2":0,"BASEMENT_2":0,"BSMT_FINISH_2":0,"BSMT_UNFINISH_2":0,"QUALITY_DESCR_2":"Fair","CONDITION_2":3,"CONDITION_DESCR_2":"Average","YEAR_BUILT_2":1985,"UNIT_COUNT_2":null,"PCT_COMPLETE_2":1,"ALLOCATION_PCT_2":null,"TRAV_COUNT":1,"LASTUPDATE":null,"CREATED_DATE":1712330344000,"LAST_EDITED_DATE":1712330533000,"GLOBALID":"{693D02CE-DFD3-4B97-92BA-BB9EFF0F28A6}","SHAPE_Length":0.0021057979797115579,"SHAPE_Area":2.7889022048385384e-07}},{"type":"Feature","id":80,"geometry":{"type":"Polygon","coordinates":[[[-111.87500363499998,40.380400053000074],[-111.87550312899998,40.380398956000079],[-111.87550119799994,40.379877322000027],[-111.87500182999997,40.379878425000072],[-111.87500363499998,40.380400053000074]]]},"properties":{"OBJECTID":80,"PARCEL_NO":353880007,"PARCELID":"353880007","PARCELID_LABEL":"35:388:0007","OWNER_NAME":"JDH KENT LLC","CARE_NAME":null,"ACREAGE":0.60733199999999998,"SITE_FULL_ADDRESS":"1610 W 700 SOUTH, LEHI, UT","SITE_HOUSE_NUM":"1610","SITE_PRE_DIR":"W","SITE_STREET_NAME":"700 SOUTH","SITE_STREET_TYPE":null,"SITE_POST_DIR":null,"SITE_STREET_UNIT":null,"SITE_CITY":"LEHI","SITE_STATE":"UT","SITE_ZIP5":"84043","OWN_FULL_ADDRESS":"PO BOX 437  LEHI, UT 84043-0437","OWN_STREET_ADDRESS":"PO BOX 437","OWN_CITY":"LEHI","OWN_STATE":"UT","OWN_ZIP5":"84043","VESTING_DOC":"39044-2021","PARCEL_CREATE_DATE":1024272000000,"MAP_FILING_NO":"9207 ","SUB_NAME":"BUSHMAN FELT, PLAT A","LEGAL_DESCR":"LOT 3, PLAT A, BUSHMAN-FELT SUBDV. AREA 0.607 AC.","BOOK_PAGE":35388,"LOT":"3","BUILDING":null,"UNIT":null,"TAX_DISTRICT":"010","TAX_DISTRICT_DESCR":"LEHI CITY","SCHOOL_DISTRICT":"ALPINE","TAXABLE_CODE":100,"ACCOUNT_TYPE":"RESIDENTIAL","PROP_TYPE":111,"PROP_TYPE_DESCR":"SINGLE FAMILY RES","SPECIFIC_PROP_TYPE":111,"SPC_PROP_TYP_DESCR":"Single Family Res","NEIGHBORHOOD":"101","NBHD_DISTRICT":"115","LAND_DISTRICT":1041,"ECONOMIC_UNIT":null,"GLA_WEIGHTED_YRBLT":1993,"TOTAL_ABOVE_GRADE_AREA":2278,"TOTAL_MEZZANINE":0,"TOTAL_BASEMENT":0,"TOTAL_BSMT_FINISH":0,"TOTAL_UNIT_COUNT":1,"TOTAL_IMP_COUNT":1,"ASMT_YEAR":2026,"ASMT_CODE":"RP","ASMT_CODE_DESCR":"RES PRIMARY","MKT_LAND_VALUE":270700,"MKT_LAND_RES":270700,"MKT_LAND_AGR":0,"MKT_LAND_COM":0,"MKT_IMP_VALUE":268500,"MKT_IMP_RES":268500,"MKT_IMP_AGR":0,"MKT_IMP_COM":0,"MKT_CUR_VALUE":539200,"MKT_PRV_VAL":539200,"MKT_VAL_YR_CHG":0,"MKT_PCT_CHG":0,"TXBL_CUR_VALUE":296560,"TXBL_PRV_VAL":296560,"TXBL_VAL_YR_CHG":0,"TXBL_PCT_CHG":0,"TOT_CUR_TAXES":0,"TOT_PRV_TAXES":0,"TAXES_YR_CHG":0,"TAXES_PCT_CHG":0,"GREENBELT":null,"EXEMPT_RES":"Y","COMMON_AREA":null,"PUBLIC_ROAD":null,"PRIVATE_ROAD":null,"PART_CENTRAL_ASSD":null,"PART_TAXABLE":null,"IMP_NO_RES":94990,"COST_GROUP_RES":"SFR","STYLE_DESCR_RES":"Two Story","QUALITY_RES":3,"QUALITY_DESCR_RES":"Average","CONDITION_RES":3,"CONDITION_DESCR_RES":"Average","YEARBLT_RES":1993,"GLA_RES":1816,"BASEMENT_RES":0,"BSMT_FINISH_RES":0,"ATT_GARAGE_SQFT_RES":462,"BATHROOMS_RES":2.5,"GLA_BEDROOMS_RES":4,"EXTERIOR_RES":"Metal Vinyl Siding","ALLOCATION_PCT_RES":null,"IMP_NO_1":null,"USE_CODE_1":null,"USE_CODE_DESCR_1":null,"COST_CLASS_DESCR_1":null,"EXTERIOR_WALL_1":null,"ABOVE_GRADE_AREA_1":null,"MEZZANINE_1":null,"BASEMENT_1":null,"BSMT_FINISH_1":null,"BSMT_UNFINISH_1":null,"QUALITY_DESCR_1":null,"CONDITION_1":null,"CONDITION_DESCR_1":null,"YEAR_BUILT_1":null,"UNIT_COUNT_1":null,"PCT_COMPLETE_1":null,"ALLOCATION_PCT_1":null,"IMP_NO_2":null,"USE_CODE_2":null,"USE_CODE_DESCR_2":null,"COST_CLASS_DESCR_2":null,"EXTERIOR_WALL_2":null,"ABOVE_GRADE_AREA_2":null,"MEZZANINE_2":null,"BASEMENT_2":null,"BSMT_FINISH_2":null,"BSMT_UNFINISH_2":null,"QUALITY_DESCR_2":null,"CONDITION_2":null,"CONDITION_DESCR_2":null,"YEAR_BUILT_2":null,"UNIT_COUNT_2":null,"PCT_COMPLETE_2":null,"ALLOCATION_PCT_2":null,"TRAV_COUNT":1,"LASTUPDATE":null,"CREATED_DATE":1712330344000,"LAST_EDITED_DATE":1712330533000,"GLOBALID":"{E31F1D78-F45B-485B-8D89-CC2653ADAB96}","SHAPE_Length":0.0020421331198211081,"SHAPE_Area":2.6052074676393421e-07}},{"type":"Feature","id":81,"geometry":{"type":"Polygon","coordinates":[[[-111.87550791299998,40.381692474000033],[-111.87550520199994,40.380964461000076],[-111.87550309699998,40.380398953000054],[-111.87500361499997,40.380400043000066],[-111.87500181199999,40.379878415000064],[-111.87430137999996,40.379879575000075],[-111.87430126499999,40.38169973600003],[-111.87550791299998,40.381692474000033]]]},"properties":{"OBJECTID":81,"PARCEL_NO":353880008,"PARCELID":"353880008","PARCELID_LABEL":"35:388:0008","OWNER_NAME":"JDH KENT LLC","CARE_NAME":null,"ACREAGE":4.4908079999999995,"SITE_FULL_ADDRESS":"LEHI, UT","SITE_HOUSE_NUM":" ","SITE_PRE_DIR":null,"SITE_STREET_NAME":null,"SITE_STREET_TYPE":null,"SITE_POST_DIR":null,"SITE_STREET_UNIT":null,"SITE_CITY":"LEHI","SITE_STATE":"UT","SITE_ZIP5":"84043","OWN_FULL_ADDRESS":"PO BOX 437  LEHI, UT 84043-0437","OWN_STREET_ADDRESS":"PO BOX 437","OWN_CITY":"LEHI","OWN_STATE":"UT","OWN_ZIP5":"84043","VESTING_DOC":"39036-2021","PARCEL_CREATE_DATE":1024272000000,"MAP_FILING_NO":"9207 ","SUB_NAME":"BUSHMAN FELT, PLAT A","LEGAL_DESCR":"PART LOT 4, PLAT A, BUSHMAN-FELT SUB DESCRIBED AS FOLLOWS:; COM N 1735.47 FT & E 682.7 FT FR S 1/4 COR. SEC. 18, T5S, R1E, SLB&M.; N 89 DEG 47' 20\" E 336.26 FT; S 0 DEG 14' 33\" W 663.26 FT; N 89 DEG 53' 3\" W 195.19 FT; N 0 DEG 5' 19\" E 190.08 FT; N 89 DEG 55' 23\" W 139.19 FT; N 0 DEG 4' 39\" E 206.07 FT; N 0 DEG 4' 39\" E 265.29 FT TO BEG. AREA 4.491 AC.","BOOK_PAGE":35388,"LOT":"4","BUILDING":null,"UNIT":null,"TAX_DISTRICT":"010","TAX_DISTRICT_DESCR":"LEHI CITY","SCHOOL_DISTRICT":"ALPINE","TAXABLE_CODE":100,"ACCOUNT_TYPE":"RESIDENTIAL","PROP_TYPE":900,"PROP_TYPE_DESCR":"VACANT","SPECIFIC_PROP_TYPE":902,"SPC_PROP_TYP_DESCR":"Vac Res w/Det","NEIGHBORHOOD":"101","NBHD_DISTRICT":"115","LAND_DISTRICT":1041,"ECONOMIC_UNIT":null,"GLA_WEIGHTED_YRBLT":1997.4000000000001,"TOTAL_ABOVE_GRADE_AREA":2388,"TOTAL_MEZZANINE":0,"TOTAL_BASEMENT":0,"TOTAL_BSMT_FINISH":0,"TOTAL_UNIT_COUNT":null,"TOTAL_IMP_COUNT":4,"ASMT_YEAR":2026,"ASMT_CODE":"A","ASMT_CODE_DESCR":"AGRICULTURAL","MKT_LAND_VALUE":550100,"MKT_LAND_RES":0,"MKT_LAND_AGR":550100,"MKT_LAND_COM":0,"MKT_IMP_VALUE":37800,"MKT_IMP_RES":0,"MKT_IMP_AGR":37800,"MKT_IMP_COM":0,"MKT_CUR_VALUE":587900,"MKT_PRV_VAL":587900,"MKT_VAL_YR_CHG":0,"MKT_PCT_CHG":0,"TXBL_CUR_VALUE":587900,"TXBL_PRV_VAL":587900,"TXBL_VAL_YR_CHG":0,"TXBL_PCT_CHG":0,"TOT_CUR_TAXES":0,"TOT_PRV_TAXES":0,"TAXES_YR_CHG":0,"TAXES_PCT_CHG":0,"GREENBELT":null,"EXEMPT_RES":"N","COMMON_AREA":null,"PUBLIC_ROAD":null,"PRIVATE_ROAD":null,"PART_CENTRAL_ASSD":null,"PART_TAXABLE":null,"IMP_NO_RES":null,"COST_GROUP_RES":null,"STYLE_DESCR_RES":null,"QUALITY_RES":null,"QUALITY_DESCR_RES":null,"CONDITION_RES":null,"CONDITION_DESCR_RES":null,"YEARBLT_RES":null,"GLA_RES":null,"BASEMENT_RES":null,"BSMT_FINISH_RES":null,"ATT_GARAGE_SQFT_RES":null,"BATHROOMS_RES":null,"GLA_BEDROOMS_RES":null,"EXTERIOR_RES":null,"ALLOCATION_PCT_RES":null,"IMP_NO_1":308925,"USE_CODE_1":1152,"USE_CODE_DESCR_1":"Garage - Detached","COST_CLASS_DESCR_1":"D - Wood/Steel Studs","EXTERIOR_WALL_1":null,"ABOVE_GRADE_AREA_1":1380,"MEZZANINE_1":0,"BASEMENT_1":0,"BSMT_FINISH_1":0,"BSMT_UNFINISH_1":0,"QUALITY_DESCR_1":"Fair","CONDITION_1":3,"CONDITION_DESCR_1":"Average","YEAR_BUILT_1":1996,"UNIT_COUNT_1":null,"PCT_COMPLETE_1":1,"ALLOCATION_PCT_1":null,"IMP_NO_2":308926,"USE_CODE_2":479,"USE_CODE_DESCR_2":"Shed - Farm Utility Storage - Loafing","COST_CLASS_DESCR_2":"D - Wood/Steel Studs","EXTERIOR_WALL_2":null,"ABOVE_GRADE_AREA_2":720,"MEZZANINE_2":0,"BASEMENT_2":0,"BSMT_FINISH_2":0,"BSMT_UNFINISH_2":0,"QUALITY_DESCR_2":"Low","CONDITION_2":3,"CONDITION_DESCR_2":"Average","YEAR_BUILT_2":2000,"UNIT_COUNT_2":null,"PCT_COMPLETE_2":1,"ALLOCATION_PCT_2":null,"TRAV_COUNT":1,"LASTUPDATE":null,"CREATED_DATE":1712330344000,"LAST_EDITED_DATE":1712330533000,"GLOBALID":"{D3F6B2BA-8D40-4D6B-9515-F8A118D80102}","SHAPE_Length":0.0060419080872009152,"SHAPE_Area":1.9264371112119128e-06}},{"type":"Feature","id":82,"geometry":{"type":"Polygon","coordinates":[[[-111.87429311399995,40.381706220000069],[-111.87619433899994,40.381702992000044],[-111.87618993299998,40.381115916000056],[-111.87661326899996,40.381114554000078],[-111.87662159805673,40.381114285990499],[-111.87662985168662,40.381115436038094],[-111.87663779021703,40.381117970747269],[-111.87664518312539,40.381121816514003],[-111.87665181573311,40.381126861663219],[-111.87665749543957,40.381132959691612],[-111.87666205731492,40.381139933521915],[-111.87666536888939,40.381147580644928],[-111.87666733399999,40.381155679000074],[-111.87666699299996,40.380919735000077],[-111.87666506719162,40.380927795716602],[-111.87666180239023,40.38093541312827],[-111.87665729316041,40.380942366597544],[-111.8766516701115,40.380948454717917],[-111.87664509611454,40.380953501147623],[-111.87663776158469,40.38095735971735],[-111.8766298789658,40.380959918664026],[-111.87662167657712,40.380961103868039],[-111.87661339199997,40.380960881000078],[-111.87550522699996,40.380964444000028],[-111.87550793699995,40.38169246700005],[-111.87430128299997,40.381699735000041],[-111.87430139499997,40.379879574000029],[-111.87429734199998,40.379879581000068],[-111.87429718899995,40.380308207000041],[-111.87429360099998,40.380308209000077],[-111.87429311399995,40.381706220000069]]]},"properties":{"OBJECTID":82,"PARCEL_NO":353880009,"PARCELID":"353880009","PARCELID_LABEL":"35:388:0009","OWNER_NAME":"JDH KENT LLC","CARE_NAME":null,"ACREAGE":1.410979,"SITE_FULL_ADDRESS":"LEHI, UT","SITE_HOUSE_NUM":" ","SITE_PRE_DIR":null,"SITE_STREET_NAME":null,"SITE_STREET_TYPE":null,"SITE_POST_DIR":null,"SITE_STREET_UNIT":null,"SITE_CITY":"LEHI","SITE_STATE":"UT","SITE_ZIP5":"84043","OWN_FULL_ADDRESS":"PO BOX 437  LEHI, UT 84043-0437","OWN_STREET_ADDRESS":"PO BOX 437","OWN_CITY":"LEHI","OWN_STATE":"UT","OWN_ZIP5":"84043","VESTING_DOC":"39036-2021","PARCEL_CREATE_DATE":1024272000000,"MAP_FILING_NO":"9207 ","SUB_NAME":"BUSHMAN FELT, PLAT A","LEGAL_DESCR":"PART LOT 4, PLAT A, BUSHMAN-FELT SUB DESCRIBED AS FOLLOWS:; COM N 1740.11 FT & E 491.43 FT FR S 1/4 COR. SEC. 18, T5S, R1E, SLB&M.; S 89 DEG 53' 12\" E 529.81 FT; S 0 DEG 15' 18\" W 509.43 FT; N 89 DEG 47' 38\" W 1 FT; S 0 DEG 15' 19\" W 156.19 FT; N 89 DEG 53' 3\" W 1.13 FT; N 0 DEG 14' 33\" E 663.26 FT; S 89 DEG 47' 20\" W 336.26 FT; S 0 DEG 4' 39\" W 265.29 FT; W 308.81 FT; ALONG A CURVE TO L (CHORD BEARS: S 45 DEG 5' 20\" W 21.18 FT, RADIUS = 15 FT); N 0 DEG 10' 40\" E 86 FT; ALONG A CURVE TO L (CHORD BEARS: S 44 DEG 54' 40\" E 21.25 FT, RADIUS = 15 FT); E 117.97 FT; N 0 DEG 5' 16\" W 213.93 FT TO BEG. AREA 1.411 AC.","BOOK_PAGE":35388,"LOT":"4","BUILDING":null,"UNIT":null,"TAX_DISTRICT":"010","TAX_DISTRICT_DESCR":"LEHI CITY","SCHOOL_DISTRICT":"ALPINE","TAXABLE_CODE":100,"ACCOUNT_TYPE":"RESIDENTIAL","PROP_TYPE":900,"PROP_TYPE_DESCR":"VACANT","SPECIFIC_PROP_TYPE":901,"SPC_PROP_TYP_DESCR":"Vac Res","NEIGHBORHOOD":"101","NBHD_DISTRICT":"115","LAND_DISTRICT":1041,"ECONOMIC_UNIT":null,"GLA_WEIGHTED_YRBLT":null,"TOTAL_ABOVE_GRADE_AREA":null,"TOTAL_MEZZANINE":null,"TOTAL_BASEMENT":null,"TOTAL_BSMT_FINISH":null,"TOTAL_UNIT_COUNT":null,"TOTAL_IMP_COUNT":null,"ASMT_YEAR":2026,"ASMT_CODE":"V","ASMT_CODE_DESCR":"VACANT","MKT_LAND_VALUE":172900,"MKT_LAND_RES":0,"MKT_LAND_AGR":172900,"MKT_LAND_COM":0,"MKT_IMP_VALUE":0,"MKT_IMP_RES":0,"MKT_IMP_AGR":0,"MKT_IMP_COM":0,"MKT_CUR_VALUE":172900,"MKT_PRV_VAL":172900,"MKT_VAL_YR_CHG":0,"MKT_PCT_CHG":0,"TXBL_CUR_VALUE":172900,"TXBL_PRV_VAL":172900,"TXBL_VAL_YR_CHG":0,"TXBL_PCT_CHG":0,"TOT_CUR_TAXES":0,"TOT_PRV_TAXES":0,"TAXES_YR_CHG":0,"TAXES_PCT_CHG":0,"GREENBELT":null,"EXEMPT_RES":"N","COMMON_AREA":null,"PUBLIC_ROAD":null,"PRIVATE_ROAD":null,"PART_CENTRAL_ASSD":null,"PART_TAXABLE":null,"IMP_NO_RES":null,"COST_GROUP_RES":null,"STYLE_DESCR_RES":null,"QUALITY_RES":null,"QUALITY_DESCR_RES":null,"CONDITION_RES":null,"CONDITION_DESCR_RES":null,"YEARBLT_RES":null,"GLA_RES":null,"BASEMENT_RES":null,"BSMT_FINISH_RES":null,"ATT_GARAGE_SQFT_RES":null,"BATHROOMS_RES":null,"GLA_BEDROOMS_RES":null,"EXTERIOR_RES":null,"ALLOCATION_PCT_RES":null,"IMP_NO_1":null,"USE_CODE_1":null,"USE_CODE_DESCR_1":null,"COST_CLASS_DESCR_1":null,"EXTERIOR_WALL_1":null,"ABOVE_GRADE_AREA_1":null,"MEZZANINE_1":null,"BASEMENT_1":null,"BSMT_FINISH_1":null,"BSMT_UNFINISH_1":null,"QUALITY_DESCR_1":null,"CONDITION_1":null,"CONDITION_DESCR_1":null,"YEAR_BUILT_1":null,"UNIT_COUNT_1":null,"PCT_COMPLETE_1":null,"ALLOCATION_PCT_1":null,"IMP_NO_2":null,"USE_CODE_2":null,"USE_CODE_DESCR_2":null,"COST_CLASS_DESCR_2":null,"EXTERIOR_WALL_2":null,"ABOVE_GRADE_AREA_2":null,"MEZZANINE_2":null,"BASEMENT_2":null,"BSMT_FINISH_2":null,"BSMT_UNFINISH_2":null,"QUALITY_DESCR_2":null,"CONDITION_2":null,"CONDITION_DESCR_2":null,"YEAR_BUILT_2":null,"UNIT_COUNT_2":null,"PCT_COMPLETE_2":null,"ALLOCATION_PCT_2":null,"TRAV_COUNT":1,"LASTUPDATE":null,"CREATED_DATE":1712330344000,"LAST_EDITED_DATE":1712330533000,"GLOBALID":"{24DC1D01-00B6-4727-84A6-85BE019EEEA1}","SHAPE_Length":0.0099946863270047211,"SHAPE_Area":6.0525879597911744e-07}},{"type":"Feature","id":83,"geometry":{"type":"Polygon","coordinates":[[[-111.71485916799998,40.371948932000066],[-111.71494305754538,40.37185373203922],[-111.71503070799997,40.371761983000056],[-111.71468890699998,40.371501340000066],[-111.71445194699999,40.371638394000058],[-111.71485916799998,40.371948932000066]]]},"properties":{"OBJECTID":83,"PARCEL_NO":400620008,"PARCELID":"400620008","PARCELID_LABEL":"40:062:0008","OWNER_NAME":"1602 REGENT LLC","CARE_NAME":null,"ACREAGE":0.28000000000000003,"SITE_FULL_ADDRESS":"1104 E GROVE CREEK DR, PLEASANT GROVE, UT","SITE_HOUSE_NUM":"1104","SITE_PRE_DIR":"E","SITE_STREET_NAME":"GROVE CREEK","SITE_STREET_TYPE":"DR","SITE_POST_DIR":null,"SITE_STREET_UNIT":null,"SITE_CITY":"PLEASANT GROVE","SITE_STATE":"UT","SITE_ZIP5":"84062","OWN_FULL_ADDRESS":"6440 S MILLROCK DR STE 500  SALT LAKE CITY, UT 84121","OWN_STREET_ADDRESS":"6440 S MILLROCK DR STE 500","OWN_CITY":"SALT LAKE CITY","OWN_STATE":"UT","OWN_ZIP5":"84121","VESTING_DOC":"29014-2025","PARCEL_CREATE_DATE":283910400000,"MAP_FILING_NO":"1700 ","SUB_NAME":"GROVE CREEK ESTATES, PLAT A","LEGAL_DESCR":"LOT 8, PLAT A, GROVE CREEK ESTATES SUBD","BOOK_PAGE":40062,"LOT":null,"BUILDING":null,"UNIT":null,"TAX_DISTRICT":"070","TAX_DISTRICT_DESCR":"PLEASANT GROVE CITY","SCHOOL_DISTRICT":"ALPINE","TAXABLE_CODE":100,"ACCOUNT_TYPE":"RESIDENTIAL","PROP_TYPE":111,"PROP_TYPE_DESCR":"SINGLE FAMILY RES","SPECIFIC_PROP_TYPE":111,"SPC_PROP_TYP_DESCR":"Single Family Res","NEIGHBORHOOD":"102","NBHD_DISTRICT":"304","LAND_DISTRICT":3017,"ECONOMIC_UNIT":null,"GLA_WEIGHTED_YRBLT":1978.8,"TOTAL_ABOVE_GRADE_AREA":1280,"TOTAL_MEZZANINE":0,"TOTAL_BASEMENT":1134,"TOTAL_BSMT_FINISH":851,"TOTAL_UNIT_COUNT":1,"TOTAL_IMP_COUNT":2,"ASMT_YEAR":2026,"ASMT_CODE":"RP","ASMT_CODE_DESCR":"RES PRIMARY","MKT_LAND_VALUE":235900,"MKT_LAND_RES":235900,"MKT_LAND_AGR":0,"MKT_LAND_COM":0,"MKT_IMP_VALUE":240300,"MKT_IMP_RES":240300,"MKT_IMP_AGR":0,"MKT_IMP_COM":0,"MKT_CUR_VALUE":476200,"MKT_PRV_VAL":476200,"MKT_VAL_YR_CHG":0,"MKT_PCT_CHG":0,"TXBL_CUR_VALUE":261910,"TXBL_PRV_VAL":261910,"TXBL_VAL_YR_CHG":0,"TXBL_PCT_CHG":0,"TOT_CUR_TAXES":0,"TOT_PRV_TAXES":0,"TAXES_YR_CHG":0,"TAXES_PCT_CHG":0,"GREENBELT":null,"EXEMPT_RES":"Y","COMMON_AREA":null,"PUBLIC_ROAD":null,"PRIVATE_ROAD":null,"PART_CENTRAL_ASSD":null,"PART_TAXABLE":null,"IMP_NO_RES":127665,"COST_GROUP_RES":"SFR","STYLE_DESCR_RES":"Split Level","QUALITY_RES":3,"QUALITY_DESCR_RES":"Average","CONDITION_RES":3,"CONDITION_DESCR_RES":"Average","YEARBLT_RES":1977,"GLA_RES":1200,"BASEMENT_RES":1134,"BSMT_FINISH_RES":851,"ATT_GARAGE_SQFT_RES":null,"BATHROOMS_RES":2,"GLA_BEDROOMS_RES":2,"EXTERIOR_RES":"Metal Vinyl Siding","ALLOCATION_PCT_RES":null,"IMP_NO_1":10064617,"USE_CODE_1":456,"USE_CODE_DESCR_1":"Shed Tool","COST_CLASS_DESCR_1":"D - Wood/Steel Studs","EXTERIOR_WALL_1":null,"ABOVE_GRADE_AREA_1":80,"MEZZANINE_1":0,"BASEMENT_1":0,"BSMT_FINISH_1":0,"BSMT_UNFINISH_1":0,"QUALITY_DESCR_1":"Average","CONDITION_1":3,"CONDITION_DESCR_1":"Average","YEAR_BUILT_1":2006,"UNIT_COUNT_1":null,"PCT_COMPLETE_1":1,"ALLOCATION_PCT_1":null,"IMP_NO_2":null,"USE_CODE_2":null,"USE_CODE_DESCR_2":null,"COST_CLASS_DESCR_2":null,"EXTERIOR_WALL_2":null,"ABOVE_GRADE_AREA_2":null,"MEZZANINE_2":null,"BASEMENT_2":null,"BSMT_FINISH_2":null,"BSMT_UNFINISH_2":null,"QUALITY_DESCR_2":null,"CONDITION_2":null,"CONDITION_DESCR_2":null,"YEAR_BUILT_2":null,"UNIT_COUNT_2":null,"PCT_COMPLETE_2":null,"ALLOCATION_PCT_2":null,"TRAV_COUNT":1,"LASTUPDATE":null,"CREATED_DATE":1712330344000,"LAST_EDITED_DATE":1712330533000,"GLOBALID":"{0C45FF71-C03D-4447-BDCA-4D0176451FD4}","SHAPE_Length":0.0014694892859498554,"SHAPE_Area":1.1857147867827692e-07}},{"type":"Feature","id":84,"geometry":{"type":"MultiPolygon","coordinates":[[[[-111.64976386399996,40.15383530400004],[-111.64977086999994,40.152385368000068],[-111.64890554299996,40.152386476000061],[-111.64890659399998,40.152870604000043],[-111.64869475699999,40.153033695000033],[-111.64866206579916,40.153026290532139],[-111.64862862862279,40.15302394617882],[-111.64859522404339,40.153026716527492],[-111.64856262987449,40.153034537071591],[-111.64853160505949,40.153047225712577],[-111.64850287199994,40.153064487000051],[-111.64849426087478,40.153069772544917],[-111.64848491318598,40.153073607799129],[-111.64847507120145,40.153075893362811],[-111.64846498999998,40.153076570000053],[-111.64748180399994,40.153077818000042],[-111.64746983230502,40.153077352537593],[-111.6474580783526,40.153075032464926],[-111.647446827683,40.153070914143875],[-111.64743635361023,40.153065097621351],[-111.64742691058231,40.153057724198909],[-111.64741872799999,40.153048973000068],[-111.64741578899998,40.153798984000048],[-111.64976386399996,40.15383530400004]]],[[[-111.64976412799996,40.153835308000055],[-111.64976386399996,40.15383530400004],[-111.64976386299998,40.153835492000042],[-111.64976412799996,40.153835308000055]]]]},"properties":{"OBJECTID":84,"PARCEL_NO":405540001,"PARCELID":"405540001","PARCELID_LABEL":"40:554:0001","OWNER_NAME":"SPRINGVILLE GREEN HOLDINGS LLC","CARE_NAME":null,"ACREAGE":5.5404809999999998,"SITE_FULL_ADDRESS":"940 S FRONTAGE RD, SPRINGVILLE, UT","SITE_HOUSE_NUM":"940","SITE_PRE_DIR":"S","SITE_STREET_NAME":"FRONTAGE","SITE_STREET_TYPE":"RD","SITE_POST_DIR":null,"SITE_STREET_UNIT":null,"SITE_CITY":"SPRINGVILLE","SITE_STATE":"UT","SITE_ZIP5":"84663","OWN_FULL_ADDRESS":"506 N 200 W  CEDAR CITY, UT 84721","OWN_STREET_ADDRESS":"506 N 200 W","OWN_CITY":"CEDAR CITY","OWN_STATE":"UT","OWN_ZIP5":"84721","VESTING_DOC":"19635-2023","PARCEL_CREATE_DATE":1637107200000,"MAP_FILING_NO":"17831 ","SUB_NAME":"GARTH GREEN, PLAT A","LEGAL_DESCR":"LOT 1, PLAT A, GARTH GREEN SUB AREA 5.540 AC.","BOOK_PAGE":40554,"LOT":"1","BUILDING":null,"UNIT":null,"TAX_DISTRICT":"131","TAX_DISTRICT_DESCR":"SPRINGVILLE W/SPRV DRAIN DIST","SCHOOL_DISTRICT":"NEBO","TAXABLE_CODE":100,"ACCOUNT_TYPE":"COMMERCIAL","PROP_TYPE":500,"PROP_TYPE_DESCR":"COMMERCIAL","SPECIFIC_PROP_TYPE":5344,"SPC_PROP_TYP_DESCR":"Offices","NEIGHBORHOOD":"505","NBHD_DISTRICT":"0","LAND_DISTRICT":55,"ECONOMIC_UNIT":"1022036652EU","GLA_WEIGHTED_YRBLT":2001,"TOTAL_ABOVE_GRADE_AREA":79188,"TOTAL_MEZZANINE":290,"TOTAL_BASEMENT":0,"TOTAL_BSMT_FINISH":0,"TOTAL_UNIT_COUNT":null,"TOTAL_IMP_COUNT":1,"ASMT_YEAR":2026,"ASMT_CODE":"C","ASMT_CODE_DESCR":"COMMERCIAL","MKT_LAND_VALUE":1697300,"MKT_LAND_RES":0,"MKT_LAND_AGR":0,"MKT_LAND_COM":1697300,"MKT_IMP_VALUE":7103700,"MKT_IMP_RES":0,"MKT_IMP_AGR":0,"MKT_IMP_COM":7103700,"MKT_CUR_VALUE":8801000,"MKT_PRV_VAL":8801000,"MKT_VAL_YR_CHG":0,"MKT_PCT_CHG":0,"TXBL_CUR_VALUE":8801000,"TXBL_PRV_VAL":8801000,"TXBL_VAL_YR_CHG":0,"TXBL_PCT_CHG":0,"TOT_CUR_TAXES":0,"TOT_PRV_TAXES":0,"TAXES_YR_CHG":0,"TAXES_PCT_CHG":0,"GREENBELT":null,"EXEMPT_RES":"N","COMMON_AREA":null,"PUBLIC_ROAD":null,"PRIVATE_ROAD":null,"PART_CENTRAL_ASSD":null,"PART_TAXABLE":null,"IMP_NO_RES":null,"COST_GROUP_RES":null,"STYLE_DESCR_RES":null,"QUALITY_RES":null,"QUALITY_DESCR_RES":null,"CONDITION_RES":null,"CONDITION_DESCR_RES":null,"YEARBLT_RES":null,"GLA_RES":null,"BASEMENT_RES":null,"BSMT_FINISH_RES":null,"ATT_GARAGE_SQFT_RES":null,"BATHROOMS_RES":null,"GLA_BEDROOMS_RES":null,"EXTERIOR_RES":null,"ALLOCATION_PCT_RES":null,"IMP_NO_1":69548,"USE_CODE_1":344,"USE_CODE_DESCR_1":"Office Building","COST_CLASS_DESCR_1":"C - Masonry or Concrete","EXTERIOR_WALL_1":"812 Concrete Block","ABOVE_GRADE_AREA_1":79188,"MEZZANINE_1":290,"BASEMENT_1":0,"BSMT_FINISH_1":0,"BSMT_UNFINISH_1":0,"QUALITY_DESCR_1":"Average","CONDITION_1":3,"CONDITION_DESCR_1":"Average","YEAR_BUILT_1":2001,"UNIT_COUNT_1":null,"PCT_COMPLETE_1":1,"ALLOCATION_PCT_1":1,"IMP_NO_2":null,"USE_CODE_2":null,"USE_CODE_DESCR_2":null,"COST_CLASS_DESCR_2":null,"EXTERIOR_WALL_2":null,"ABOVE_GRADE_AREA_2":null,"MEZZANINE_2":null,"BASEMENT_2":null,"BSMT_FINISH_2":null,"BSMT_UNFINISH_2":null,"QUALITY_DESCR_2":null,"CONDITION_2":null,"CONDITION_DESCR_2":null,"YEAR_BUILT_2":null,"UNIT_COUNT_2":null,"PCT_COMPLETE_2":null,"ALLOCATION_PCT_2":null,"TRAV_COUNT":1,"LASTUPDATE":null,"CREATED_DATE":1712330344000,"LAST_EDITED_DATE":1712330533000,"GLOBALID":"{E9F17C6E-9004-47F7-93CF-F86271B2B7C2}","SHAPE_Length":0.0074628172056469839,"SHAPE_Area":2.3698752467389094e-06}},{"type":"Feature","id":85,"geometry":{"type":"Polygon","coordinates":[[[-111.71542167199999,40.327659744000073],[-111.71581065999999,40.327655528000037],[-111.71613334099999,40.327652033000049],[-111.71645602099994,40.327648536000027],[-111.71660263699999,40.327527699000029],[-111.71698626799997,40.327523540000072],[-111.71698220599995,40.327304019000053],[-111.71659857599997,40.327308178000067],[-111.71658446499998,40.326545451000072],[-111.71552680299999,40.326556774000039],[-111.71551298616366,40.326556489471557],[-111.71549932423196,40.326558572148841],[-111.71548621977217,40.326562960662997],[-111.71547405892495,40.326569525700513],[-111.71546320002612,40.326578073813678],[-111.71545396304782,40.326588353120776],[-111.7154466201701,40.326600060728104],[-111.71544138776081,40.326612851655184],[-111.71543841999994,40.326626349000037],[-111.71544222499995,40.32683215000003],[-111.71540890599999,40.326969739000049],[-111.71542167199999,40.327659744000073]]]},"properties":{"OBJECTID":85,"PARCEL_NO":441650220,"PARCELID":"441650220","PARCELID_LABEL":"44:165:0220","OWNER_NAME":"CORP OF PRES BISHOP CHURCH OF JESUS CHRIST OF LDS","CARE_NAME":"%FILE #574-9875","ACREAGE":3.1850000000000001,"SITE_FULL_ADDRESS":"828 W 1600 NORTH, OREM, UT","SITE_HOUSE_NUM":"828","SITE_PRE_DIR":"W","SITE_STREET_NAME":"1600 NORTH","SITE_STREET_TYPE":null,"SITE_POST_DIR":null,"SITE_STREET_UNIT":null,"SITE_CITY":"OREM","SITE_STATE":"UT","SITE_ZIP5":"84057","OWN_FULL_ADDRESS":"%FILE #574-9875  50 E NORTH TEMPLE # 22  SALT LAKE CITY, UT 84150","OWN_STREET_ADDRESS":"50 E NORTH TEMPLE # 22","OWN_CITY":"SALT LAKE CITY","OWN_STATE":"UT","OWN_ZIP5":"84150","VESTING_DOC":"171070-2003","PARCEL_CREATE_DATE":1066089600000,"MAP_FILING_NO":"10201 ","SUB_NAME":"KIRKS FRUIT RANCH, PLAT B","LEGAL_DESCR":"LOT 220, PLAT B, KIRKS FRUIT RANCH SUBDV. AREA 3.185 AC.","BOOK_PAGE":44165,"LOT":"220","BUILDING":null,"UNIT":null,"TAX_DISTRICT":"090","TAX_DISTRICT_DESCR":"OREM CITY","SCHOOL_DISTRICT":"ALPINE","TAXABLE_CODE":971,"ACCOUNT_TYPE":"EXEMPT","PROP_TYPE":951,"PROP_TYPE_DESCR":"EXEMPT","SPECIFIC_PROP_TYPE":951,"SPC_PROP_TYP_DESCR":"Exempt","NEIGHBORHOOD":"1000","NBHD_DISTRICT":"8999","LAND_DISTRICT":8999,"ECONOMIC_UNIT":null,"GLA_WEIGHTED_YRBLT":null,"TOTAL_ABOVE_GRADE_AREA":null,"TOTAL_MEZZANINE":null,"TOTAL_BASEMENT":null,"TOTAL_BSMT_FINISH":null,"TOTAL_UNIT_COUNT":null,"TOTAL_IMP_COUNT":null,"ASMT_YEAR":2026,"ASMT_CODE":"UNK","ASMT_CODE_DESCR":"UNK","MKT_LAND_VALUE":0,"MKT_LAND_RES":0,"MKT_LAND_AGR":0,"MKT_LAND_COM":0,"MKT_IMP_VALUE":0,"MKT_IMP_RES":0,"MKT_IMP_AGR":0,"MKT_IMP_COM":0,"MKT_CUR_VALUE":0,"MKT_PRV_VAL":0,"MKT_VAL_YR_CHG":0,"MKT_PCT_CHG":0,"TXBL_CUR_VALUE":0,"TXBL_PRV_VAL":0,"TXBL_VAL_YR_CHG":0,"TXBL_PCT_CHG":0,"TOT_CUR_TAXES":0,"TOT_PRV_TAXES":0,"TAXES_YR_CHG":0,"TAXES_PCT_CHG":0,"GREENBELT":null,"EXEMPT_RES":"UNK","COMMON_AREA":null,"PUBLIC_ROAD":null,"PRIVATE_ROAD":null,"PART_CENTRAL_ASSD":null,"PART_TAXABLE":null,"IMP_NO_RES":null,"COST_GROUP_RES":null,"STYLE_DESCR_RES":null,"QUALITY_RES":null,"QUALITY_DESCR_RES":null,"CONDITION_RES":null,"CONDITION_DESCR_RES":null,"YEARBLT_RES":null,"GLA_RES":null,"BASEMENT_RES":null,"BSMT_FINISH_RES":null,"ATT_GARAGE_SQFT_RES":null,"BATHROOMS_RES":null,"GLA_BEDROOMS_RES":null,"EXTERIOR_RES":null,"ALLOCATION_PCT_RES":null,"IMP_NO_1":null,"USE_CODE_1":null,"USE_CODE_DESCR_1":null,"COST_CLASS_DESCR_1":null,"EXTERIOR_WALL_1":null,"ABOVE_GRADE_AREA_1":null,"MEZZANINE_1":null,"BASEMENT_1":null,"BSMT_FINISH_1":null,"BSMT_UNFINISH_1":null,"QUALITY_DESCR_1":null,"CONDITION_1":null,"CONDITION_DESCR_1":null,"YEAR_BUILT_1":null,"UNIT_COUNT_1":null,"PCT_COMPLETE_1":null,"ALLOCATION_PCT_1":null,"IMP_NO_2":null,"USE_CODE_2":null,"USE_CODE_DESCR_2":null,"COST_CLASS_DESCR_2":null,"EXTERIOR_WALL_2":null,"ABOVE_GRADE_AREA_2":null,"MEZZANINE_2":null,"BASEMENT_2":null,"BSMT_FINISH_2":null,"BSMT_UNFINISH_2":null,"QUALITY_DESCR_2":null,"CONDITION_2":null,"CONDITION_DESCR_2":null,"YEAR_BUILT_2":null,"UNIT_COUNT_2":null,"PCT_COMPLETE_2":null,"ALLOCATION_PCT_2":null,"TRAV_COUNT":1,"LASTUPDATE":null,"CREATED_DATE":1712330344000,"LAST_EDITED_DATE":1712330533000,"GLOBALID":"{664510CD-DD76-4F41-A7D2-081E289C4E53}","SHAPE_Length":0.0051939050186932782,"SHAPE_Area":1.3653351389806177e-06}},{"type":"Feature","id":86,"geometry":{"type":"Polygon","coordinates":[[[-111.72817630799995,40.326471592000075],[-111.72817976999994,40.326548007000042],[-111.72818840499997,40.326548225000067],[-111.72819908076774,40.326548218433807],[-111.72820961320312,40.326549961954825],[-111.72821971736627,40.326553408394673],[-111.72822911990363,40.326558464514903],[-111.72823756644313,40.326564993529473],[-111.72824482847581,40.326572818805317],[-111.72825070953785,40.326581728640882],[-111.72825505052563,40.326591481993425],[-111.72825773399995,40.32660181500006],[-111.72825828799995,40.326620198000057],[-111.72841601799996,40.326617407000072],[-111.72845748099996,40.326572995000049],[-111.72846725155389,40.32656478571073],[-111.72847820139826,40.326558231546876],[-111.72849005283598,40.326553498727492],[-111.72850250530483,40.326550707280759],[-111.72851524299995,40.326549928000077],[-111.72921387599996,40.326543847000039],[-111.72933286199998,40.32662722200007],[-111.72932929299998,40.326579219000052],[-111.72932569699998,40.326499872000056],[-111.72931021221385,40.326492445059429],[-111.7292938890657,40.32648710718685],[-111.72927700798839,40.326483950087322],[-111.72925985899997,40.326483028000041],[-111.72917702999996,40.326483408000058],[-111.72908593340213,40.326480841520805],[-111.72899519199996,40.326472405000061],[-111.72896037999999,40.32646800100008],[-111.72817630799995,40.326471592000075]]]},"properties":{"OBJECTID":86,"PARCEL_NO":453650009,"PARCELID":"453650009","PARCELID_LABEL":"45:365:0009","OWNER_NAME":"CITY OF LINDON","CARE_NAME":null,"ACREAGE":0.24168699999999999,"SITE_FULL_ADDRESS":"LINDON, UT","SITE_HOUSE_NUM":" ","SITE_PRE_DIR":null,"SITE_STREET_NAME":null,"SITE_STREET_TYPE":null,"SITE_POST_DIR":null,"SITE_STREET_UNIT":null,"SITE_CITY":"LINDON","SITE_STATE":"UT","SITE_ZIP5":"84042","OWN_FULL_ADDRESS":"100 N STATE ST  LINDON, UT 84042-1808","OWN_STREET_ADDRESS":"100 N STATE ST","OWN_CITY":"LINDON","OWN_STATE":"UT","OWN_ZIP5":"84042","VESTING_DOC":"87878-2010","PARCEL_CREATE_DATE":1293753600000,"MAP_FILING_NO":"10095 ","SUB_NAME":"LINDON PARK STATION, PLAT D","LEGAL_DESCR":"PART LOT 8, PLAT D, LINDON PARK STATION SUBV. DESCRIBED AS FOLLOWS; COM S 2610.54 FT & E 1758.81 FT FR NW COR. SEC. 4, T6S, R2E, SLB&M.; S 89 DEG 48' 14\" W 218.67 FT; N 80 DEG 28' 6\" W 9.84 FT; ALONG A CURVE TO L (CHORD BEARS: N 85 DEG 19' 57\" W 50.87 FT, RADIUS = 300 FT); S 89 DEG 48' 13\" W 23.1 FT; ALONG A CURVE TO R (CHORD BEARS: N 71 DEG 22' 11\" W 19.36 FT, RADIUS = 30 FT); N 1 DEG 50' 22\" W 28.93 FT; ALONG A CURVE TO L (CHORD BEARS: N 3 DEG 6' 38\" W 17.52 FT, RADIUS = 395 FT); S 47 DEG 22' 41\" E 44.99 FT; N 89 DEG 29' 42\" E 194.85 FT; ALONG A CURVE TO L (CHORD BEARS: N 62 DEG 35' 36\" E 18.17 FT, RADIUS = 20.08 FT); N 35 DEG 41' 33\" E 19.89 FT; N 88 DEG 49' 20\" E 44 FT; S 1 DEG 10' 27\" E 6.7 FT; ALONG A CURVE TO L (CHORD BEARS: S 44 DEG 34' 9\" E 27.48 FT, RADIUS = 20 FT); S 87 DEG 57' 59\" E 2.41 FT; S 1 DEG 50' 19\" E 27.86 FT TO BEG. AREA 0.242 AC.","BOOK_PAGE":45365,"LOT":"8","BUILDING":null,"UNIT":null,"TAX_DISTRICT":"080","TAX_DISTRICT_DESCR":"LINDON CITY","SCHOOL_DISTRICT":"ALPINE","TAXABLE_CODE":957,"ACCOUNT_TYPE":"EXEMPT","PROP_TYPE":951,"PROP_TYPE_DESCR":"EXEMPT","SPECIFIC_PROP_TYPE":951,"SPC_PROP_TYP_DESCR":"Exempt","NEIGHBORHOOD":"1000","NBHD_DISTRICT":"8999","LAND_DISTRICT":8999,"ECONOMIC_UNIT":null,"GLA_WEIGHTED_YRBLT":null,"TOTAL_ABOVE_GRADE_AREA":null,"TOTAL_MEZZANINE":null,"TOTAL_BASEMENT":null,"TOTAL_BSMT_FINISH":null,"TOTAL_UNIT_COUNT":null,"TOTAL_IMP_COUNT":null,"ASMT_YEAR":2026,"ASMT_CODE":"UNK","ASMT_CODE_DESCR":"UNK","MKT_LAND_VALUE":0,"MKT_LAND_RES":0,"MKT_LAND_AGR":0,"MKT_LAND_COM":0,"MKT_IMP_VALUE":0,"MKT_IMP_RES":0,"MKT_IMP_AGR":0,"MKT_IMP_COM":0,"MKT_CUR_VALUE":0,"MKT_PRV_VAL":0,"MKT_VAL_YR_CHG":0,"MKT_PCT_CHG":0,"TXBL_CUR_VALUE":0,"TXBL_PRV_VAL":0,"TXBL_VAL_YR_CHG":0,"TXBL_PCT_CHG":0,"TOT_CUR_TAXES":0,"TOT_PRV_TAXES":0,"TAXES_YR_CHG":0,"TAXES_PCT_CHG":0,"GREENBELT":null,"EXEMPT_RES":"UNK","COMMON_AREA":null,"PUBLIC_ROAD":null,"PRIVATE_ROAD":null,"PART_CENTRAL_ASSD":null,"PART_TAXABLE":null,"IMP_NO_RES":null,"COST_GROUP_RES":null,"STYLE_DESCR_RES":null,"QUALITY_RES":null,"QUALITY_DESCR_RES":null,"CONDITION_RES":null,"CONDITION_DESCR_RES":null,"YEARBLT_RES":null,"GLA_RES":null,"BASEMENT_RES":null,"BSMT_FINISH_RES":null,"ATT_GARAGE_SQFT_RES":null,"BATHROOMS_RES":null,"GLA_BEDROOMS_RES":null,"EXTERIOR_RES":null,"ALLOCATION_PCT_RES":null,"IMP_NO_1":null,"USE_CODE_1":null,"USE_CODE_DESCR_1":null,"COST_CLASS_DESCR_1":null,"EXTERIOR_WALL_1":null,"ABOVE_GRADE_AREA_1":null,"MEZZANINE_1":null,"BASEMENT_1":null,"BSMT_FINISH_1":null,"BSMT_UNFINISH_1":null,"QUALITY_DESCR_1":null,"CONDITION_1":null,"CONDITION_DESCR_1":null,"YEAR_BUILT_1":null,"UNIT_COUNT_1":null,"PCT_COMPLETE_1":null,"ALLOCATION_PCT_1":null,"IMP_NO_2":null,"USE_CODE_2":null,"USE_CODE_DESCR_2":null,"COST_CLASS_DESCR_2":null,"EXTERIOR_WALL_2":null,"ABOVE_GRADE_AREA_2":null,"MEZZANINE_2":null,"BASEMENT_2":null,"BSMT_FINISH_2":null,"BSMT_UNFINISH_2":null,"QUALITY_DESCR_2":null,"CONDITION_2":null,"CONDITION_DESCR_2":null,"YEAR_BUILT_2":null,"UNIT_COUNT_2":null,"PCT_COMPLETE_2":null,"ALLOCATION_PCT_2":null,"TRAV_COUNT":1,"LASTUPDATE":null,"CREATED_DATE":1712330344000,"LAST_EDITED_DATE":1712330533000,"GLOBALID":"{43B98C05-784E-4A85-9859-7F066713C157}","SHAPE_Length":0.0026066554662287278,"SHAPE_Area":1.0362201938367917e-07}},{"type":"Feature","id":87,"geometry":{"type":"Polygon","coordinates":[[[-111.78726657399994,40.393486096000061],[-111.78764024699996,40.39348953800004],[-111.78764295899998,40.393242554000039],[-111.78727681199996,40.393239178000044],[-111.78726657399994,40.393486096000061]]]},"properties":{"OBJECTID":87,"PARCEL_NO":460260004,"PARCELID":"460260004","PARCELID_LABEL":"46:026:0004","OWNER_NAME":"FRISBY, SUZANNE","CARE_NAME":null,"ACREAGE":0.20999999999999999,"SITE_FULL_ADDRESS":"826 N 400 EAST, AMERICAN FORK, UT","SITE_HOUSE_NUM":"826","SITE_PRE_DIR":"N","SITE_STREET_NAME":"400 EAST","SITE_STREET_TYPE":null,"SITE_POST_DIR":null,"SITE_STREET_UNIT":null,"SITE_CITY":"AMERICAN FORK","SITE_STATE":"UT","SITE_ZIP5":"84003","OWN_FULL_ADDRESS":"826 N 400 E  AMERICAN FORK, UT 84003-1367","OWN_STREET_ADDRESS":"826 N 400 E","OWN_CITY":"AMERICAN FORK","OWN_STATE":"UT","OWN_ZIP5":"84003","VESTING_DOC":"19176-2025","PARCEL_CREATE_DATE":347068800000,"MAP_FILING_NO":"1530 ","SUB_NAME":"MARTIN MEADOWS, PLAT B","LEGAL_DESCR":"LOT 8, PLAT B, MARTIN MEADOWS SUBD.","BOOK_PAGE":46026,"LOT":null,"BUILDING":null,"UNIT":null,"TAX_DISTRICT":"060","TAX_DISTRICT_DESCR":"AMERICAN FORK CITY","SCHOOL_DISTRICT":"ALPINE","TAXABLE_CODE":100,"ACCOUNT_TYPE":"RESIDENTIAL","PROP_TYPE":111,"PROP_TYPE_DESCR":"SINGLE FAMILY RES","SPECIFIC_PROP_TYPE":111,"SPC_PROP_TYP_DESCR":"Single Family Res","NEIGHBORHOOD":"102","NBHD_DISTRICT":"302","LAND_DISTRICT":2027,"ECONOMIC_UNIT":null,"GLA_WEIGHTED_YRBLT":1977,"TOTAL_ABOVE_GRADE_AREA":1853,"TOTAL_MEZZANINE":0,"TOTAL_BASEMENT":594,"TOTAL_BSMT_FINISH":594,"TOTAL_UNIT_COUNT":1,"TOTAL_IMP_COUNT":1,"ASMT_YEAR":2026,"ASMT_CODE":"RP","ASMT_CODE_DESCR":"RES PRIMARY","MKT_LAND_VALUE":234000,"MKT_LAND_RES":234000,"MKT_LAND_AGR":0,"MKT_LAND_COM":0,"MKT_IMP_VALUE":266200,"MKT_IMP_RES":266200,"MKT_IMP_AGR":0,"MKT_IMP_COM":0,"MKT_CUR_VALUE":500200,"MKT_PRV_VAL":500200,"MKT_VAL_YR_CHG":0,"MKT_PCT_CHG":0,"TXBL_CUR_VALUE":275110,"TXBL_PRV_VAL":275110,"TXBL_VAL_YR_CHG":0,"TXBL_PCT_CHG":0,"TOT_CUR_TAXES":0,"TOT_PRV_TAXES":0,"TAXES_YR_CHG":0,"TAXES_PCT_CHG":0,"GREENBELT":null,"EXEMPT_RES":"Y","COMMON_AREA":null,"PUBLIC_ROAD":null,"PRIVATE_ROAD":null,"PART_CENTRAL_ASSD":null,"PART_TAXABLE":null,"IMP_NO_RES":160710,"COST_GROUP_RES":"SFR","STYLE_DESCR_RES":"Split Level","QUALITY_RES":3,"QUALITY_DESCR_RES":"Average","CONDITION_RES":3,"CONDITION_DESCR_RES":"Average","YEARBLT_RES":1977,"GLA_RES":1286,"BASEMENT_RES":594,"BSMT_FINISH_RES":594,"ATT_GARAGE_SQFT_RES":567,"BATHROOMS_RES":3.5,"GLA_BEDROOMS_RES":3,"EXTERIOR_RES":"Masonry Veneer","ALLOCATION_PCT_RES":null,"IMP_NO_1":null,"USE_CODE_1":null,"USE_CODE_DESCR_1":null,"COST_CLASS_DESCR_1":null,"EXTERIOR_WALL_1":null,"ABOVE_GRADE_AREA_1":null,"MEZZANINE_1":null,"BASEMENT_1":null,"BSMT_FINISH_1":null,"BSMT_UNFINISH_1":null,"QUALITY_DESCR_1":null,"CONDITION_1":null,"CONDITION_DESCR_1":null,"YEAR_BUILT_1":null,"UNIT_COUNT_1":null,"PCT_COMPLETE_1":null,"ALLOCATION_PCT_1":null,"IMP_NO_2":null,"USE_CODE_2":null,"USE_CODE_DESCR_2":null,"COST_CLASS_DESCR_2":null,"EXTERIOR_WALL_2":null,"ABOVE_GRADE_AREA_2":null,"MEZZANINE_2":null,"BASEMENT_2":null,"BSMT_FINISH_2":null,"BSMT_UNFINISH_2":null,"QUALITY_DESCR_2":null,"CONDITION_2":null,"CONDITION_DESCR_2":null,"YEAR_BUILT_2":null,"UNIT_COUNT_2":null,"PCT_COMPLETE_2":null,"ALLOCATION_PCT_2":null,"TRAV_COUNT":1,"LASTUPDATE":null,"CREATED_DATE":1712330344000,"LAST_EDITED_DATE":1712330533000,"GLOBALID":"{406874DF-A94F-4F7C-B63A-0C498A5B7FB7}","SHAPE_Length":0.001233980463727307,"SHAPE_Area":9.1371717692397817e-08}},{"type":"Feature","id":88,"geometry":{"type":"Polygon","coordinates":[[[-111.75073290899996,40.359486804000028],[-111.75131011099995,40.35946722500006],[-111.75130399599999,40.35892509200005],[-111.75058256199998,40.35890657200008],[-111.75021664899998,40.35891188800008],[-111.75009251399996,40.358913691000055],[-111.75009387699998,40.358968566000044],[-111.75058205999994,40.358961473000079],[-111.75069833099997,40.358964459000049],[-111.75070421999999,40.359486998000079],[-111.75073290899996,40.359486804000028]]]},"properties":{"OBJECTID":88,"PARCEL_NO":496350011,"PARCELID":"496350011","PARCELID_LABEL":"49:635:0011","OWNER_NAME":"D & S DEVELOPMENT 1 LLC","CARE_NAME":null,"ACREAGE":0.86899999999999999,"SITE_FULL_ADDRESS":"PLEASANT GROVE, UT","SITE_HOUSE_NUM":" ","SITE_PRE_DIR":null,"SITE_STREET_NAME":null,"SITE_STREET_TYPE":null,"SITE_POST_DIR":null,"SITE_STREET_UNIT":null,"SITE_CITY":"PLEASANT GROVE","SITE_STATE":"UT","SITE_ZIP5":"84062","OWN_FULL_ADDRESS":"10568 N 5900 W  HIGHLAND, UT 84003-9427","OWN_STREET_ADDRESS":"10568 N 5900 W","OWN_CITY":"HIGHLAND","OWN_STATE":"UT","OWN_ZIP5":"84003","VESTING_DOC":"93161-2006","PARCEL_CREATE_DATE":1147651200000,"MAP_FILING_NO":"11648 ","SUB_NAME":"P. G. BUSINESS PARK III","LEGAL_DESCR":"PARCEL A, P.G. BUSINESS PARK III SUBDV. AREA 0.869 AC.","BOOK_PAGE":49635,"LOT":null,"BUILDING":null,"UNIT":null,"TAX_DISTRICT":"070","TAX_DISTRICT_DESCR":"PLEASANT GROVE CITY","SCHOOL_DISTRICT":"ALPINE","TAXABLE_CODE":100,"ACCOUNT_TYPE":"COMMERCIAL","PROP_TYPE":903,"PROP_TYPE_DESCR":"VACANT COMMERCIAL","SPECIFIC_PROP_TYPE":906,"SPC_PROP_TYP_DESCR":"Vac Com w/Detached Only","NEIGHBORHOOD":"505","NBHD_DISTRICT":"0","LAND_DISTRICT":160,"ECONOMIC_UNIT":null,"GLA_WEIGHTED_YRBLT":null,"TOTAL_ABOVE_GRADE_AREA":null,"TOTAL_MEZZANINE":null,"TOTAL_BASEMENT":null,"TOTAL_BSMT_FINISH":null,"TOTAL_UNIT_COUNT":null,"TOTAL_IMP_COUNT":null,"ASMT_YEAR":2026,"ASMT_CODE":"C","ASMT_CODE_DESCR":"COMMERCIAL","MKT_LAND_VALUE":188800,"MKT_LAND_RES":0,"MKT_LAND_AGR":0,"MKT_LAND_COM":188800,"MKT_IMP_VALUE":3800,"MKT_IMP_RES":0,"MKT_IMP_AGR":0,"MKT_IMP_COM":3800,"MKT_CUR_VALUE":192600,"MKT_PRV_VAL":192600,"MKT_VAL_YR_CHG":0,"MKT_PCT_CHG":0,"TXBL_CUR_VALUE":192600,"TXBL_PRV_VAL":192600,"TXBL_VAL_YR_CHG":0,"TXBL_PCT_CHG":0,"TOT_CUR_TAXES":0,"TOT_PRV_TAXES":0,"TAXES_YR_CHG":0,"TAXES_PCT_CHG":0,"GREENBELT":null,"EXEMPT_RES":"N","COMMON_AREA":null,"PUBLIC_ROAD":null,"PRIVATE_ROAD":null,"PART_CENTRAL_ASSD":null,"PART_TAXABLE":null,"IMP_NO_RES":null,"COST_GROUP_RES":null,"STYLE_DESCR_RES":null,"QUALITY_RES":null,"QUALITY_DESCR_RES":null,"CONDITION_RES":null,"CONDITION_DESCR_RES":null,"YEARBLT_RES":null,"GLA_RES":null,"BASEMENT_RES":null,"BSMT_FINISH_RES":null,"ATT_GARAGE_SQFT_RES":null,"BATHROOMS_RES":null,"GLA_BEDROOMS_RES":null,"EXTERIOR_RES":null,"ALLOCATION_PCT_RES":null,"IMP_NO_1":null,"USE_CODE_1":null,"USE_CODE_DESCR_1":null,"COST_CLASS_DESCR_1":null,"EXTERIOR_WALL_1":null,"ABOVE_GRADE_AREA_1":null,"MEZZANINE_1":null,"BASEMENT_1":null,"BSMT_FINISH_1":null,"BSMT_UNFINISH_1":null,"QUALITY_DESCR_1":null,"CONDITION_1":null,"CONDITION_DESCR_1":null,"YEAR_BUILT_1":null,"UNIT_COUNT_1":null,"PCT_COMPLETE_1":null,"ALLOCATION_PCT_1":null,"IMP_NO_2":null,"USE_CODE_2":null,"USE_CODE_DESCR_2":null,"COST_CLASS_DESCR_2":null,"EXTERIOR_WALL_2":null,"ABOVE_GRADE_AREA_2":null,"MEZZANINE_2":null,"BASEMENT_2":null,"BSMT_FINISH_2":null,"BSMT_UNFINISH_2":null,"QUALITY_DESCR_2":null,"CONDITION_2":null,"CONDITION_DESCR_2":null,"YEAR_BUILT_2":null,"UNIT_COUNT_2":null,"PCT_COMPLETE_2":null,"ALLOCATION_PCT_2":null,"TRAV_COUNT":1,"LASTUPDATE":null,"CREATED_DATE":1712330344000,"LAST_EDITED_DATE":1712330533000,"GLOBALID":"{909B7CC4-6501-4BBD-9AC1-FFDAF15C5955}","SHAPE_Length":0.0035421704631905934,"SHAPE_Area":3.7273057994301026e-07}},{"type":"Feature","id":89,"geometry":{"type":"Polygon","coordinates":[[[-111.64453510099997,40.262941088000048],[-111.64453508399998,40.262941101000081],[-111.64484869399996,40.262850114000059],[-111.64493700681345,40.262821557557722],[-111.64502318499996,40.262787091000064],[-111.64545575299996,40.262597743000072],[-111.64547860799996,40.262628387000063],[-111.64547935569242,40.262617229808193],[-111.64547842888729,40.262606086065254],[-111.64547584836859,40.262595205674749],[-111.64547167200563,40.26258483263436],[-111.64546599345523,40.262575199564246],[-111.64545894006149,40.262566522490367],[-111.64545066999995,40.262558996000053],[-111.64536279260177,40.262479524602774],[-111.64527931567936,40.262395442835896],[-111.64520048077519,40.262306993992041],[-111.64512651599995,40.262214434000043],[-111.64500158699997,40.262047865000056],[-111.64441512599996,40.26223839000005],[-111.64442122399998,40.26258135300003],[-111.64452868499995,40.262580232000062],[-111.64453510099997,40.262941088000048]]]},"properties":{"OBJECTID":89,"PARCEL_NO":510300012,"PARCELID":"510300012","PARCELID_LABEL":"51:030:0012","OWNER_NAME":"CHURCH OF JESUS CHRIST OF LATTER-DAY SAINTS THE","CARE_NAME":"%TAX DIVISION","ACREAGE":1.310576,"SITE_FULL_ADDRESS":null,"SITE_HOUSE_NUM":null,"SITE_PRE_DIR":null,"SITE_STREET_NAME":null,"SITE_STREET_TYPE":null,"SITE_POST_DIR":null,"SITE_STREET_UNIT":null,"SITE_CITY":null,"SITE_STATE":null,"SITE_ZIP5":"84602","OWN_FULL_ADDRESS":"%TAX DIVISION  50 E NORTH TEMPLE 22ND FLOOR  SALT LAKE CITY, UT 84150","OWN_STREET_ADDRESS":"50 E NORTH TEMPLE 22ND FLOOR","OWN_CITY":"SALT LAKE CITY","OWN_STATE":"UT","OWN_ZIP5":"84150","VESTING_DOC":"71712-2023","PARCEL_CREATE_DATE":1699315200000,"MAP_FILING_NO":"716 ","SUB_NAME":"ROCK CANYON ESTATES REVISION","LEGAL_DESCR":"PART LOT 1, BLK 3, ROCK CANYON ESTATES REVISION SUB DESCRIBED AS FOLLOWS; COM N 633.66 FT & W 1849.03 FT FR SE COR. SEC. 30, T6S, R3E, SLB&M.; S 0 DEG 41' 16\" E 131.5 FT; N 89 DEG 18' 44\" E 30 FT; S 0 DEG 41' 16\" E 124.98 FT; S 67 DEG 6' 45\" W 177.82 FT; N 29 DEG 47' 16\" W 70 FT; ALONG A CURVE TO L (CHORD BEARS: N 35 DEG 41' 16\" W 154.76 FT, RADIUS = 752.76 FT); ALONG A CURVE TO R (CHORD BEARS: N 17 DEG 2' 56\" W 26.46 FT, RADIUS = 31.85 FT); S 29 DEG 39' 0\" E 12.86 FT; N 60 DEG 21' 0\" E 139.07 FT; ALONG A CURVE TO R (CHORD BEARS: N 64 DEG 51' 2\" E 53.85 FT, RADIUS = 343.19 FT); N 69 DEG 21' 1\" E 93.61 FT TO BEG. AREA 1.311 AC.","BOOK_PAGE":51030,"LOT":"1","BUILDING":null,"UNIT":null,"TAX_DISTRICT":"110","TAX_DISTRICT_DESCR":"PROVO CITY","SCHOOL_DISTRICT":"PROVO","TAXABLE_CODE":991,"ACCOUNT_TYPE":"EXEMPT","PROP_TYPE":900,"PROP_TYPE_DESCR":"VACANT","SPECIFIC_PROP_TYPE":901,"SPC_PROP_TYP_DESCR":"Vac Res","NEIGHBORHOOD":"112","NBHD_DISTRICT":"602","LAND_DISTRICT":6046,"ECONOMIC_UNIT":null,"GLA_WEIGHTED_YRBLT":null,"TOTAL_ABOVE_GRADE_AREA":null,"TOTAL_MEZZANINE":null,"TOTAL_BASEMENT":null,"TOTAL_BSMT_FINISH":null,"TOTAL_UNIT_COUNT":null,"TOTAL_IMP_COUNT":null,"ASMT_YEAR":2025,"ASMT_CODE":"V","ASMT_CODE_DESCR":"VACANT","MKT_LAND_VALUE":226200,"MKT_LAND_RES":0,"MKT_LAND_AGR":226200,"MKT_LAND_COM":0,"MKT_IMP_VALUE":0,"MKT_IMP_RES":0,"MKT_IMP_AGR":0,"MKT_IMP_COM":0,"MKT_CUR_VALUE":226200,"MKT_PRV_VAL":226200,"MKT_VAL_YR_CHG":0,"MKT_PCT_CHG":0,"TXBL_CUR_VALUE":226200,"TXBL_PRV_VAL":226200,"TXBL_VAL_YR_CHG":0,"TXBL_PCT_CHG":0,"TOT_CUR_TAXES":0,"TOT_PRV_TAXES":2297.9700000000003,"TAXES_YR_CHG":0,"TAXES_PCT_CHG":0,"GREENBELT":null,"EXEMPT_RES":"N","COMMON_AREA":null,"PUBLIC_ROAD":null,"PRIVATE_ROAD":null,"PART_CENTRAL_ASSD":null,"PART_TAXABLE":null,"IMP_NO_RES":null,"COST_GROUP_RES":null,"STYLE_DESCR_RES":null,"QUALITY_RES":null,"QUALITY_DESCR_RES":null,"CONDITION_RES":null,"CONDITION_DESCR_RES":null,"YEARBLT_RES":null,"GLA_RES":null,"BASEMENT_RES":null,"BSMT_FINISH_RES":null,"ATT_GARAGE_SQFT_RES":null,"BATHROOMS_RES":null,"GLA_BEDROOMS_RES":null,"EXTERIOR_RES":null,"ALLOCATION_PCT_RES":null,"IMP_NO_1":null,"USE_CODE_1":null,"USE_CODE_DESCR_1":null,"COST_CLASS_DESCR_1":null,"EXTERIOR_WALL_1":null,"ABOVE_GRADE_AREA_1":null,"MEZZANINE_1":null,"BASEMENT_1":null,"BSMT_FINISH_1":null,"BSMT_UNFINISH_1":null,"QUALITY_DESCR_1":null,"CONDITION_1":null,"CONDITION_DESCR_1":null,"YEAR_BUILT_1":null,"UNIT_COUNT_1":null,"PCT_COMPLETE_1":null,"ALLOCATION_PCT_1":null,"IMP_NO_2":null,"USE_CODE_2":null,"USE_CODE_DESCR_2":null,"COST_CLASS_DESCR_2":null,"EXTERIOR_WALL_2":null,"ABOVE_GRADE_AREA_2":null,"MEZZANINE_2":null,"BASEMENT_2":null,"BSMT_FINISH_2":null,"BSMT_UNFINISH_2":null,"QUALITY_DESCR_2":null,"CONDITION_2":null,"CONDITION_DESCR_2":null,"YEAR_BUILT_2":null,"UNIT_COUNT_2":null,"PCT_COMPLETE_2":null,"ALLOCATION_PCT_2":null,"TRAV_COUNT":1,"LASTUPDATE":null,"CREATED_DATE":1712330344000,"LAST_EDITED_DATE":1712330533000,"GLOBALID":"{85CE4C36-CAD1-43A7-B894-61D187CF27E3}","SHAPE_Length":0.0032112314257275597,"SHAPE_Area":5.6162789623292032e-07}},{"type":"Feature","id":90,"geometry":{"type":"MultiPolygon","coordinates":[[[[-112.10121034499997,40.31484613300006],[-112.09964566399998,40.314844081000047],[-112.09965177099997,40.316402321000055],[-112.10119944499996,40.316398750000076],[-112.10121034499997,40.31484613300006]]],[[[-112.10119945399998,40.316398750000076],[-112.10119944499996,40.316398750000076],[-112.10119944499996,40.316398758000048],[-112.10119945399998,40.316398750000076]]]]},"properties":{"OBJECTID":90,"PARCEL_NO":517710001,"PARCELID":"517710001","PARCELID_LABEL":"51:771:0001","OWNER_NAME":"JALT LLC","CARE_NAME":null,"ACREAGE":5.6445929999999995,"SITE_FULL_ADDRESS":"292 E JALT WAY, CEDAR FORT, UT","SITE_HOUSE_NUM":"292","SITE_PRE_DIR":"E","SITE_STREET_NAME":"JALT","SITE_STREET_TYPE":"WAY","SITE_POST_DIR":null,"SITE_STREET_UNIT":null,"SITE_CITY":"CEDAR FORT","SITE_STATE":"UT","SITE_ZIP5":"84013","OWN_FULL_ADDRESS":"423 W FOX HOLLOW DR  SARATOGA SPRINGS, UT 84045","OWN_STREET_ADDRESS":"423 W FOX HOLLOW DR","OWN_CITY":"SARATOGA SPRINGS","OWN_STATE":"UT","OWN_ZIP5":"84045","VESTING_DOC":"192316-2020","PARCEL_CREATE_DATE":1708387200000,"MAP_FILING_NO":"19099 ","SUB_NAME":"RANCHES AT CEDAR MEADOWS THE","LEGAL_DESCR":"LOT 1, THE RANCHES AT CEDAR MEADOWS SUB AREA 5.645 AC.","BOOK_PAGE":51771,"LOT":"1","BUILDING":null,"UNIT":null,"TAX_DISTRICT":"050","TAX_DISTRICT_DESCR":"CEDAR FORT CITY","SCHOOL_DISTRICT":"ALPINE","TAXABLE_CODE":100,"ACCOUNT_TYPE":"RESIDENTIAL","PROP_TYPE":900,"PROP_TYPE_DESCR":"VACANT","SPECIFIC_PROP_TYPE":911,"SPC_PROP_TYP_DESCR":"Vac Sub Lot","NEIGHBORHOOD":"103","NBHD_DISTRICT":"825","LAND_DISTRICT":8037,"ECONOMIC_UNIT":null,"GLA_WEIGHTED_YRBLT":null,"TOTAL_ABOVE_GRADE_AREA":null,"TOTAL_MEZZANINE":null,"TOTAL_BASEMENT":null,"TOTAL_BSMT_FINISH":null,"TOTAL_UNIT_COUNT":null,"TOTAL_IMP_COUNT":null,"ASMT_YEAR":2026,"ASMT_CODE":"V","ASMT_CODE_DESCR":"VACANT","MKT_LAND_VALUE":247100,"MKT_LAND_RES":247100,"MKT_LAND_AGR":0,"MKT_LAND_COM":0,"MKT_IMP_VALUE":0,"MKT_IMP_RES":0,"MKT_IMP_AGR":0,"MKT_IMP_COM":0,"MKT_CUR_VALUE":247100,"MKT_PRV_VAL":247100,"MKT_VAL_YR_CHG":0,"MKT_PCT_CHG":0,"TXBL_CUR_VALUE":79,"TXBL_PRV_VAL":79,"TXBL_VAL_YR_CHG":0,"TXBL_PCT_CHG":0,"TOT_CUR_TAXES":0,"TOT_PRV_TAXES":0,"TAXES_YR_CHG":0,"TAXES_PCT_CHG":0,"GREENBELT":"GB","EXEMPT_RES":"N","COMMON_AREA":null,"PUBLIC_ROAD":null,"PRIVATE_ROAD":null,"PART_CENTRAL_ASSD":null,"PART_TAXABLE":null,"IMP_NO_RES":null,"COST_GROUP_RES":null,"STYLE_DESCR_RES":null,"QUALITY_RES":null,"QUALITY_DESCR_RES":null,"CONDITION_RES":null,"CONDITION_DESCR_RES":null,"YEARBLT_RES":null,"GLA_RES":null,"BASEMENT_RES":null,"BSMT_FINISH_RES":null,"ATT_GARAGE_SQFT_RES":null,"BATHROOMS_RES":null,"GLA_BEDROOMS_RES":null,"EXTERIOR_RES":null,"ALLOCATION_PCT_RES":null,"IMP_NO_1":null,"USE_CODE_1":null,"USE_CODE_DESCR_1":null,"COST_CLASS_DESCR_1":null,"EXTERIOR_WALL_1":null,"ABOVE_GRADE_AREA_1":null,"MEZZANINE_1":null,"BASEMENT_1":null,"BSMT_FINISH_1":null,"BSMT_UNFINISH_1":null,"QUALITY_DESCR_1":null,"CONDITION_1":null,"CONDITION_DESCR_1":null,"YEAR_BUILT_1":null,"UNIT_COUNT_1":null,"PCT_COMPLETE_1":null,"ALLOCATION_PCT_1":null,"IMP_NO_2":null,"USE_CODE_2":null,"USE_CODE_DESCR_2":null,"COST_CLASS_DESCR_2":null,"EXTERIOR_WALL_2":null,"ABOVE_GRADE_AREA_2":null,"MEZZANINE_2":null,"BASEMENT_2":null,"BSMT_FINISH_2":null,"BSMT_UNFINISH_2":null,"QUALITY_DESCR_2":null,"CONDITION_2":null,"CONDITION_DESCR_2":null,"YEAR_BUILT_2":null,"UNIT_COUNT_2":null,"PCT_COMPLETE_2":null,"ALLOCATION_PCT_2":null,"TRAV_COUNT":1,"LASTUPDATE":null,"CREATED_DATE":1712330344000,"LAST_EDITED_DATE":1712330533000,"GLOBALID":"{C7B93A40-A55B-477A-95AF-B104CCCA7B82}","SHAPE_Length":0.0062232967347349228,"SHAPE_Area":2.4205210144600204e-06}},{"type":"Feature","id":91,"geometry":{"type":"Polygon","coordinates":[[[-112.10121034199994,40.314846148000072],[-112.10121656799998,40.313959307000061],[-112.09883974799999,40.313955538000073],[-112.09835910799995,40.314575880000064],[-112.09832415128584,40.314624268614985],[-112.09829333286133,40.314675392529409],[-112.09826686554342,40.314728898706598],[-112.09824493210243,40.314784417659055],[-112.09822768399999,40.314841566000041],[-112.09964566099995,40.314844096000058],[-112.10121034199994,40.314846148000072]]]},"properties":{"OBJECTID":91,"PARCEL_NO":517710003,"PARCELID":"517710003","PARCELID_LABEL":"51:771:0003","OWNER_NAME":"JALT LLC","CARE_NAME":null,"ACREAGE":5.6047500000000001,"SITE_FULL_ADDRESS":"774 S CEDAR MEADOWS LN, CEDAR FORT, UT","SITE_HOUSE_NUM":"774","SITE_PRE_DIR":"S","SITE_STREET_NAME":"CEDAR MEADOWS","SITE_STREET_TYPE":"LN","SITE_POST_DIR":null,"SITE_STREET_UNIT":null,"SITE_CITY":"CEDAR FORT","SITE_STATE":"UT","SITE_ZIP5":"84013","OWN_FULL_ADDRESS":"423 W FOX HOLLOW DR  SARATOGA SPRINGS, UT 84045","OWN_STREET_ADDRESS":"423 W FOX HOLLOW DR","OWN_CITY":"SARATOGA SPRINGS","OWN_STATE":"UT","OWN_ZIP5":"84045","VESTING_DOC":"192316-2020","PARCEL_CREATE_DATE":1708387200000,"MAP_FILING_NO":"19099 ","SUB_NAME":"RANCHES AT CEDAR MEADOWS THE","LEGAL_DESCR":"LOT 3, THE RANCHES AT CEDAR MEADOWS SUB AREA 5.605 AC.","BOOK_PAGE":51771,"LOT":"3","BUILDING":null,"UNIT":null,"TAX_DISTRICT":"050","TAX_DISTRICT_DESCR":"CEDAR FORT CITY","SCHOOL_DISTRICT":"ALPINE","TAXABLE_CODE":100,"ACCOUNT_TYPE":"RESIDENTIAL","PROP_TYPE":900,"PROP_TYPE_DESCR":"VACANT","SPECIFIC_PROP_TYPE":911,"SPC_PROP_TYP_DESCR":"Vac Sub Lot","NEIGHBORHOOD":"103","NBHD_DISTRICT":"825","LAND_DISTRICT":8037,"ECONOMIC_UNIT":null,"GLA_WEIGHTED_YRBLT":null,"TOTAL_ABOVE_GRADE_AREA":null,"TOTAL_MEZZANINE":null,"TOTAL_BASEMENT":null,"TOTAL_BSMT_FINISH":null,"TOTAL_UNIT_COUNT":null,"TOTAL_IMP_COUNT":null,"ASMT_YEAR":2026,"ASMT_CODE":"V","ASMT_CODE_DESCR":"VACANT","MKT_LAND_VALUE":246600,"MKT_LAND_RES":246600,"MKT_LAND_AGR":0,"MKT_LAND_COM":0,"MKT_IMP_VALUE":0,"MKT_IMP_RES":0,"MKT_IMP_AGR":0,"MKT_IMP_COM":0,"MKT_CUR_VALUE":246600,"MKT_PRV_VAL":246600,"MKT_VAL_YR_CHG":0,"MKT_PCT_CHG":0,"TXBL_CUR_VALUE":78,"TXBL_PRV_VAL":78,"TXBL_VAL_YR_CHG":0,"TXBL_PCT_CHG":0,"TOT_CUR_TAXES":0,"TOT_PRV_TAXES":0,"TAXES_YR_CHG":0,"TAXES_PCT_CHG":0,"GREENBELT":"GB","EXEMPT_RES":"N","COMMON_AREA":null,"PUBLIC_ROAD":null,"PRIVATE_ROAD":null,"PART_CENTRAL_ASSD":null,"PART_TAXABLE":null,"IMP_NO_RES":null,"COST_GROUP_RES":null,"STYLE_DESCR_RES":null,"QUALITY_RES":null,"QUALITY_DESCR_RES":null,"CONDITION_RES":null,"CONDITION_DESCR_RES":null,"YEARBLT_RES":null,"GLA_RES":null,"BASEMENT_RES":null,"BSMT_FINISH_RES":null,"ATT_GARAGE_SQFT_RES":null,"BATHROOMS_RES":null,"GLA_BEDROOMS_RES":null,"EXTERIOR_RES":null,"ALLOCATION_PCT_RES":null,"IMP_NO_1":null,"USE_CODE_1":null,"USE_CODE_DESCR_1":null,"COST_CLASS_DESCR_1":null,"EXTERIOR_WALL_1":null,"ABOVE_GRADE_AREA_1":null,"MEZZANINE_1":null,"BASEMENT_1":null,"BSMT_FINISH_1":null,"BSMT_UNFINISH_1":null,"QUALITY_DESCR_1":null,"CONDITION_1":null,"CONDITION_DESCR_1":null,"YEAR_BUILT_1":null,"UNIT_COUNT_1":null,"PCT_COMPLETE_1":null,"ALLOCATION_PCT_1":null,"IMP_NO_2":null,"USE_CODE_2":null,"USE_CODE_DESCR_2":null,"COST_CLASS_DESCR_2":null,"EXTERIOR_WALL_2":null,"ABOVE_GRADE_AREA_2":null,"MEZZANINE_2":null,"BASEMENT_2":null,"BSMT_FINISH_2":null,"BSMT_UNFINISH_2":null,"QUALITY_DESCR_2":null,"CONDITION_2":null,"CONDITION_DESCR_2":null,"YEAR_BUILT_2":null,"UNIT_COUNT_2":null,"PCT_COMPLETE_2":null,"ALLOCATION_PCT_2":null,"TRAV_COUNT":1,"LASTUPDATE":null,"CREATED_DATE":1712330344000,"LAST_EDITED_DATE":1712330533000,"GLOBALID":"{4CF4F790-D6A8-477A-8F00-ECEF29BD2C6B}","SHAPE_Length":0.0073296598540923356,"SHAPE_Area":2.4033748412580167e-06}},{"type":"Feature","id":92,"geometry":{"type":"Polygon","coordinates":[[[-111.56436581099996,40.130113709000057],[-111.56442254699999,40.13011300800008],[-111.56441591299995,40.129318632000036],[-111.56386944199994,40.129321312000059],[-111.56347624299997,40.129480284000067],[-111.56351174499997,40.130124477000038],[-111.56436581099996,40.130113709000057]]]},"properties":{"OBJECTID":92,"PARCEL_NO":533300001,"PARCELID":"533300001","PARCELID_LABEL":"53:330:0001","OWNER_NAME":"PEAY, BEN & KELLI (ET AL)","CARE_NAME":null,"ACREAGE":1.6620000000000001,"SITE_FULL_ADDRESS":"35 S 1200 EAST, MAPLETON, UT","SITE_HOUSE_NUM":"35","SITE_PRE_DIR":"S","SITE_STREET_NAME":"1200 EAST","SITE_STREET_TYPE":null,"SITE_POST_DIR":null,"SITE_STREET_UNIT":null,"SITE_CITY":"MAPLETON","SITE_STATE":"UT","SITE_ZIP5":"84664","OWN_FULL_ADDRESS":"35 S 1200 E  MAPLETON, UT 84664-4717","OWN_STREET_ADDRESS":"35 S 1200 E","OWN_CITY":"MAPLETON","OWN_STATE":"UT","OWN_ZIP5":"84664","VESTING_DOC":"24752-2025","PARCEL_CREATE_DATE":1114560000000,"MAP_FILING_NO":"11055 ","SUB_NAME":"T BARNES, PLAT A","LEGAL_DESCR":"LOT 1, PLAT A, T BARNES SUBDV. AREA 1.662 AC.","BOOK_PAGE":53330,"LOT":"1","BUILDING":null,"UNIT":null,"TAX_DISTRICT":"140","TAX_DISTRICT_DESCR":"MAPLETON CITY","SCHOOL_DISTRICT":"NEBO","TAXABLE_CODE":100,"ACCOUNT_TYPE":"RESIDENTIAL","PROP_TYPE":111,"PROP_TYPE_DESCR":"SINGLE FAMILY RES","SPECIFIC_PROP_TYPE":111,"SPC_PROP_TYP_DESCR":"Single Family Res","NEIGHBORHOOD":"115","NBHD_DISTRICT":"712","LAND_DISTRICT":7103,"ECONOMIC_UNIT":null,"GLA_WEIGHTED_YRBLT":1982.8,"TOTAL_ABOVE_GRADE_AREA":3990,"TOTAL_MEZZANINE":0,"TOTAL_BASEMENT":1774,"TOTAL_BSMT_FINISH":1774,"TOTAL_UNIT_COUNT":1,"TOTAL_IMP_COUNT":2,"ASMT_YEAR":2026,"ASMT_CODE":"RPO","ASMT_CODE_DESCR":"RP PLUS ACREAGE","MKT_LAND_VALUE":388500,"MKT_LAND_RES":313300,"MKT_LAND_AGR":75200,"MKT_LAND_COM":0,"MKT_IMP_VALUE":513300,"MKT_IMP_RES":513300,"MKT_IMP_AGR":0,"MKT_IMP_COM":0,"MKT_CUR_VALUE":901800,"MKT_PRV_VAL":901800,"MKT_VAL_YR_CHG":0,"MKT_PCT_CHG":0,"TXBL_CUR_VALUE":529830,"TXBL_PRV_VAL":529830,"TXBL_VAL_YR_CHG":0,"TXBL_PCT_CHG":0,"TOT_CUR_TAXES":0,"TOT_PRV_TAXES":0,"TAXES_YR_CHG":0,"TAXES_PCT_CHG":0,"GREENBELT":null,"EXEMPT_RES":"Y","COMMON_AREA":null,"PUBLIC_ROAD":null,"PRIVATE_ROAD":null,"PART_CENTRAL_ASSD":null,"PART_TAXABLE":null,"IMP_NO_RES":215473,"COST_GROUP_RES":"SFR","STYLE_DESCR_RES":"One Story","QUALITY_RES":3,"QUALITY_DESCR_RES":"Average","CONDITION_RES":3,"CONDITION_DESCR_RES":"Average","YEARBLT_RES":1976,"GLA_RES":2142,"BASEMENT_RES":1774,"BSMT_FINISH_RES":1774,"ATT_GARAGE_SQFT_RES":648,"BATHROOMS_RES":3,"GLA_BEDROOMS_RES":3,"EXTERIOR_RES":"Masonry Veneer","ALLOCATION_PCT_RES":null,"IMP_NO_1":318003,"USE_CODE_1":1152,"USE_CODE_DESCR_1":"Garage - Detached","COST_CLASS_DESCR_1":"D - Wood/Steel Studs","EXTERIOR_WALL_1":null,"ABOVE_GRADE_AREA_1":1200,"MEZZANINE_1":0,"BASEMENT_1":0,"BSMT_FINISH_1":0,"BSMT_UNFINISH_1":0,"QUALITY_DESCR_1":"Average","CONDITION_1":3,"CONDITION_DESCR_1":"Average","YEAR_BUILT_1":1995,"UNIT_COUNT_1":null,"PCT_COMPLETE_1":1,"ALLOCATION_PCT_1":null,"IMP_NO_2":null,"USE_CODE_2":null,"USE_CODE_DESCR_2":null,"COST_CLASS_DESCR_2":null,"EXTERIOR_WALL_2":null,"ABOVE_GRADE_AREA_2":null,"MEZZANINE_2":null,"BASEMENT_2":null,"BSMT_FINISH_2":null,"BSMT_UNFINISH_2":null,"QUALITY_DESCR_2":null,"CONDITION_2":null,"CONDITION_DESCR_2":null,"YEAR_BUILT_2":null,"UNIT_COUNT_2":null,"PCT_COMPLETE_2":null,"ALLOCATION_PCT_2":null,"TRAV_COUNT":1,"LASTUPDATE":null,"CREATED_DATE":1712330344000,"LAST_EDITED_DATE":1712330533000,"GLOBALID":"{91D92CB3-CC3B-4900-801A-D7FF9A9F8FCE}","SHAPE_Length":0.0033210457471497604,"SHAPE_Area":7.1023536100901015e-07}},{"type":"Feature","id":93,"geometry":{"type":"Polygon","coordinates":[[[-111.56431050299994,40.13037451200006],[-111.56431875642306,40.130374671376757],[-111.56432691642419,40.130373422867464],[-111.56433474460506,40.130370802947958],[-111.56434201226168,40.130366888160438],[-111.56434850706601,40.130361792877252],[-111.56435403926929,40.13035566595952],[-111.56435844724557,40.130348686408027],[-111.56436160221376,40.130341058133666],[-111.56436341199998,40.130333004000079],[-111.56436211499994,40.130215905000057],[-111.56436604599998,40.130113665000067],[-111.56351198099998,40.130124439000042],[-111.56347647999996,40.12948024700006],[-111.56331828199995,40.129544207000038],[-111.56331531599994,40.129476815000032],[-111.56312902599996,40.129517469000064],[-111.56317688999997,40.130386062000071],[-111.56431050299994,40.13037451200006]]]},"properties":{"OBJECTID":93,"PARCEL_NO":533300004,"PARCELID":"533300004","PARCELID_LABEL":"53:330:0004","OWNER_NAME":"ORDAKOWSKI, MARK E & CORELI","CARE_NAME":null,"ACREAGE":1.2310000000000001,"SITE_FULL_ADDRESS":"1262 E MAPLE ST, MAPLETON, UT","SITE_HOUSE_NUM":"1262","SITE_PRE_DIR":"E","SITE_STREET_NAME":"MAPLE","SITE_STREET_TYPE":"ST","SITE_POST_DIR":null,"SITE_STREET_UNIT":null,"SITE_CITY":"MAPLETON","SITE_STATE":"UT","SITE_ZIP5":"84664","OWN_FULL_ADDRESS":"1262 E MAPLE ST  MAPLETON, UT 84664-5568","OWN_STREET_ADDRESS":"1262 E MAPLE ST","OWN_CITY":"MAPLETON","OWN_STATE":"UT","OWN_ZIP5":"84664","VESTING_DOC":"101001-2019","PARCEL_CREATE_DATE":1162857600000,"MAP_FILING_NO":"11055 ","SUB_NAME":"T BARNES, PLAT A","LEGAL_DESCR":"LOT 2, PLAT A, T BARNES SUBDV. AREA 1.231 AC.","BOOK_PAGE":53330,"LOT":"2","BUILDING":null,"UNIT":null,"TAX_DISTRICT":"140","TAX_DISTRICT_DESCR":"MAPLETON CITY","SCHOOL_DISTRICT":"NEBO","TAXABLE_CODE":100,"ACCOUNT_TYPE":"RESIDENTIAL","PROP_TYPE":111,"PROP_TYPE_DESCR":"SINGLE FAMILY RES","SPECIFIC_PROP_TYPE":111,"SPC_PROP_TYP_DESCR":"Single Family Res","NEIGHBORHOOD":"115","NBHD_DISTRICT":"712","LAND_DISTRICT":7103,"ECONOMIC_UNIT":null,"GLA_WEIGHTED_YRBLT":2009,"TOTAL_ABOVE_GRADE_AREA":3544,"TOTAL_MEZZANINE":0,"TOTAL_BASEMENT":2651,"TOTAL_BSMT_FINISH":2651,"TOTAL_UNIT_COUNT":1,"TOTAL_IMP_COUNT":1,"ASMT_YEAR":2026,"ASMT_CODE":"RPO","ASMT_CODE_DESCR":"RP PLUS ACREAGE","MKT_LAND_VALUE":339400,"MKT_LAND_RES":313300,"MKT_LAND_AGR":26100,"MKT_LAND_COM":0,"MKT_IMP_VALUE":664400,"MKT_IMP_RES":664400,"MKT_IMP_AGR":0,"MKT_IMP_COM":0,"MKT_CUR_VALUE":1003800,"MKT_PRV_VAL":1003800,"MKT_VAL_YR_CHG":0,"MKT_PCT_CHG":0,"TXBL_CUR_VALUE":563835,"TXBL_PRV_VAL":563835,"TXBL_VAL_YR_CHG":0,"TXBL_PCT_CHG":0,"TOT_CUR_TAXES":0,"TOT_PRV_TAXES":0,"TAXES_YR_CHG":0,"TAXES_PCT_CHG":0,"GREENBELT":null,"EXEMPT_RES":"Y","COMMON_AREA":null,"PUBLIC_ROAD":null,"PRIVATE_ROAD":null,"PART_CENTRAL_ASSD":null,"PART_TAXABLE":null,"IMP_NO_RES":215476,"COST_GROUP_RES":"SFR","STYLE_DESCR_RES":"One Story","QUALITY_RES":3,"QUALITY_DESCR_RES":"Average","CONDITION_RES":3,"CONDITION_DESCR_RES":"Average","YEARBLT_RES":2009,"GLA_RES":2676,"BASEMENT_RES":2651,"BSMT_FINISH_RES":2651,"ATT_GARAGE_SQFT_RES":868,"BATHROOMS_RES":5,"GLA_BEDROOMS_RES":3,"EXTERIOR_RES":"Stucco or Cement Fiber Siding","ALLOCATION_PCT_RES":null,"IMP_NO_1":null,"USE_CODE_1":null,"USE_CODE_DESCR_1":null,"COST_CLASS_DESCR_1":null,"EXTERIOR_WALL_1":null,"ABOVE_GRADE_AREA_1":null,"MEZZANINE_1":null,"BASEMENT_1":null,"BSMT_FINISH_1":null,"BSMT_UNFINISH_1":null,"QUALITY_DESCR_1":null,"CONDITION_1":null,"CONDITION_DESCR_1":null,"YEAR_BUILT_1":null,"UNIT_COUNT_1":null,"PCT_COMPLETE_1":null,"ALLOCATION_PCT_1":null,"IMP_NO_2":null,"USE_CODE_2":null,"USE_CODE_DESCR_2":null,"COST_CLASS_DESCR_2":null,"EXTERIOR_WALL_2":null,"ABOVE_GRADE_AREA_2":null,"MEZZANINE_2":null,"BASEMENT_2":null,"BSMT_FINISH_2":null,"BSMT_UNFINISH_2":null,"QUALITY_DESCR_2":null,"CONDITION_2":null,"CONDITION_DESCR_2":null,"YEAR_BUILT_2":null,"UNIT_COUNT_2":null,"PCT_COMPLETE_2":null,"ALLOCATION_PCT_2":null,"TRAV_COUNT":1,"LASTUPDATE":null,"CREATED_DATE":1712330344000,"LAST_EDITED_DATE":1712330533000,"GLOBALID":"{D308C157-458E-41F9-97E4-8C9489F036B8}","SHAPE_Length":0.0042254622388752973,"SHAPE_Area":5.2606175967196343e-07}},{"type":"Feature","id":94,"geometry":{"type":"Polygon","coordinates":[[[-111.56188514799999,40.154661702000055],[-111.56182791799995,40.155841552000027],[-111.56256414799998,40.155840314000045],[-111.56240208499997,40.154957053000032],[-111.56261840799999,40.154550384000061],[-111.56250697010219,40.154530450752411],[-111.56239663956595,40.154505095039049],[-111.56228768007922,40.154474377459685],[-111.56218035205322,40.154438371428768],[-111.56207491199996,40.154397163000056],[-111.56188514799999,40.154661702000055]]]},"properties":{"OBJECTID":94,"PARCEL_NO":527170017,"PARCELID":"527170017","PARCELID_LABEL":"52:717:0017","OWNER_NAME":"RICCARDELLI, BARBIE DAWN & CHRISTOPHER SEAN","CARE_NAME":null,"ACREAGE":2.0009999999999999,"SITE_FULL_ADDRESS":"2563 E 700 SOUTH, SPRINGVILLE, UT","SITE_HOUSE_NUM":"2563","SITE_PRE_DIR":"E","SITE_STREET_NAME":"700 SOUTH","SITE_STREET_TYPE":null,"SITE_POST_DIR":null,"SITE_STREET_UNIT":null,"SITE_CITY":"SPRINGVILLE","SITE_STATE":"UT","SITE_ZIP5":"84663","OWN_FULL_ADDRESS":"2563 E 700 S  SPRINGVILLE, UT 84663","OWN_STREET_ADDRESS":"2563 E 700 S","OWN_CITY":"SPRINGVILLE","OWN_STATE":"UT","OWN_ZIP5":"84663","VESTING_DOC":"36206-2025","PARCEL_CREATE_DATE":895536000000,"MAP_FILING_NO":"7543 ","SUB_NAME":"STONEBURY ESTATES PUD, PLAT B","LEGAL_DESCR":"LOT 17, PLAT B, STONEBURY ESTATES PUD. AREA 2.001 AC.","BOOK_PAGE":52717,"LOT":"17","BUILDING":null,"UNIT":null,"TAX_DISTRICT":"130","TAX_DISTRICT_DESCR":"SPRINGVILLE CITY","SCHOOL_DISTRICT":"NEBO","TAXABLE_CODE":100,"ACCOUNT_TYPE":"RESIDENTIAL","PROP_TYPE":900,"PROP_TYPE_DESCR":"VACANT","SPECIFIC_PROP_TYPE":911,"SPC_PROP_TYP_DESCR":"Vac Sub Lot","NEIGHBORHOOD":"114","NBHD_DISTRICT":"707","LAND_DISTRICT":7023,"ECONOMIC_UNIT":null,"GLA_WEIGHTED_YRBLT":null,"TOTAL_ABOVE_GRADE_AREA":null,"TOTAL_MEZZANINE":null,"TOTAL_BASEMENT":null,"TOTAL_BSMT_FINISH":null,"TOTAL_UNIT_COUNT":null,"TOTAL_IMP_COUNT":null,"ASMT_YEAR":2026,"ASMT_CODE":"V","ASMT_CODE_DESCR":"VACANT","MKT_LAND_VALUE":168500,"MKT_LAND_RES":167800,"MKT_LAND_AGR":700,"MKT_LAND_COM":0,"MKT_IMP_VALUE":0,"MKT_IMP_RES":0,"MKT_IMP_AGR":0,"MKT_IMP_COM":0,"MKT_CUR_VALUE":168500,"MKT_PRV_VAL":168500,"MKT_VAL_YR_CHG":0,"MKT_PCT_CHG":0,"TXBL_CUR_VALUE":168500,"TXBL_PRV_VAL":168500,"TXBL_VAL_YR_CHG":0,"TXBL_PCT_CHG":0,"TOT_CUR_TAXES":0,"TOT_PRV_TAXES":0,"TAXES_YR_CHG":0,"TAXES_PCT_CHG":0,"GREENBELT":null,"EXEMPT_RES":"N","COMMON_AREA":null,"PUBLIC_ROAD":null,"PRIVATE_ROAD":null,"PART_CENTRAL_ASSD":null,"PART_TAXABLE":null,"IMP_NO_RES":null,"COST_GROUP_RES":null,"STYLE_DESCR_RES":null,"QUALITY_RES":null,"QUALITY_DESCR_RES":null,"CONDITION_RES":null,"CONDITION_DESCR_RES":null,"YEARBLT_RES":null,"GLA_RES":null,"BASEMENT_RES":null,"BSMT_FINISH_RES":null,"ATT_GARAGE_SQFT_RES":null,"BATHROOMS_RES":null,"GLA_BEDROOMS_RES":null,"EXTERIOR_RES":null,"ALLOCATION_PCT_RES":null,"IMP_NO_1":null,"USE_CODE_1":null,"USE_CODE_DESCR_1":null,"COST_CLASS_DESCR_1":null,"EXTERIOR_WALL_1":null,"ABOVE_GRADE_AREA_1":null,"MEZZANINE_1":null,"BASEMENT_1":null,"BSMT_FINISH_1":null,"BSMT_UNFINISH_1":null,"QUALITY_DESCR_1":null,"CONDITION_1":null,"CONDITION_DESCR_1":null,"YEAR_BUILT_1":null,"UNIT_COUNT_1":null,"PCT_COMPLETE_1":null,"ALLOCATION_PCT_1":null,"IMP_NO_2":null,"USE_CODE_2":null,"USE_CODE_DESCR_2":null,"COST_CLASS_DESCR_2":null,"EXTERIOR_WALL_2":null,"ABOVE_GRADE_AREA_2":null,"MEZZANINE_2":null,"BASEMENT_2":null,"BSMT_FINISH_2":null,"BSMT_UNFINISH_2":null,"QUALITY_DESCR_2":null,"CONDITION_2":null,"CONDITION_DESCR_2":null,"YEAR_BUILT_2":null,"UNIT_COUNT_2":null,"PCT_COMPLETE_2":null,"ALLOCATION_PCT_2":null,"TRAV_COUNT":1,"LASTUPDATE":null,"CREATED_DATE":1712330344000,"LAST_EDITED_DATE":1712330533000,"GLOBALID":"{24812B89-2023-44C9-8C24-10B460B883A3}","SHAPE_Length":0.0041677514268076855,"SHAPE_Area":8.5562124958165489e-07}},{"type":"Feature","id":95,"geometry":{"type":"Polygon","coordinates":[[[-111.56354268199999,40.155838621000044],[-111.56338032399998,40.155645426000035],[-111.56297062299996,40.15515791200005],[-111.56314229199995,40.154582588000039],[-111.56308078161435,40.154580315550355],[-111.56301922999995,40.154580015000079],[-111.56291866104026,40.154578728234661],[-111.56281822789717,40.154573347232237],[-111.56271809718091,40.154563880919433],[-111.56261843499999,40.154550345000075],[-111.56240211199997,40.154957015000036],[-111.56256417799995,40.155840287000046],[-111.56354268199999,40.155838621000044]]]},"properties":{"OBJECTID":95,"PARCEL_NO":527170018,"PARCELID":"527170018","PARCELID_LABEL":"52:717:0018","OWNER_NAME":"RICCARDELLI, BARBIE DAWN & CHRISTOPHER SEAN","CARE_NAME":null,"ACREAGE":2.0009999999999999,"SITE_FULL_ADDRESS":"2553 E 700 SOUTH, SPRINGVILLE, UT","SITE_HOUSE_NUM":"2553","SITE_PRE_DIR":"E","SITE_STREET_NAME":"700 SOUTH","SITE_STREET_TYPE":null,"SITE_POST_DIR":null,"SITE_STREET_UNIT":null,"SITE_CITY":"SPRINGVILLE","SITE_STATE":"UT","SITE_ZIP5":"84663","OWN_FULL_ADDRESS":"1796 S RANGE RD  SARATOGA SPRINGS, UT 84045","OWN_STREET_ADDRESS":"1796 S RANGE RD","OWN_CITY":"SARATOGA SPRINGS","OWN_STATE":"UT","OWN_ZIP5":"84045","VESTING_DOC":"53817-2022","PARCEL_CREATE_DATE":895536000000,"MAP_FILING_NO":"7543 ","SUB_NAME":"STONEBURY ESTATES PUD, PLAT B","LEGAL_DESCR":"LOT 18, PLAT B, STONEBURY ESTATES PUD. AREA 2.001 AC.","BOOK_PAGE":52717,"LOT":"18","BUILDING":null,"UNIT":null,"TAX_DISTRICT":"130","TAX_DISTRICT_DESCR":"SPRINGVILLE CITY","SCHOOL_DISTRICT":"NEBO","TAXABLE_CODE":100,"ACCOUNT_TYPE":"RESIDENTIAL","PROP_TYPE":900,"PROP_TYPE_DESCR":"VACANT","SPECIFIC_PROP_TYPE":911,"SPC_PROP_TYP_DESCR":"Vac Sub Lot","NEIGHBORHOOD":"114","NBHD_DISTRICT":"707","LAND_DISTRICT":7023,"ECONOMIC_UNIT":null,"GLA_WEIGHTED_YRBLT":null,"TOTAL_ABOVE_GRADE_AREA":null,"TOTAL_MEZZANINE":null,"TOTAL_BASEMENT":null,"TOTAL_BSMT_FINISH":null,"TOTAL_UNIT_COUNT":null,"TOTAL_IMP_COUNT":null,"ASMT_YEAR":2026,"ASMT_CODE":"V","ASMT_CODE_DESCR":"VACANT","MKT_LAND_VALUE":160700,"MKT_LAND_RES":159100,"MKT_LAND_AGR":1600,"MKT_LAND_COM":0,"MKT_IMP_VALUE":0,"MKT_IMP_RES":0,"MKT_IMP_AGR":0,"MKT_IMP_COM":0,"MKT_CUR_VALUE":160700,"MKT_PRV_VAL":160700,"MKT_VAL_YR_CHG":0,"MKT_PCT_CHG":0,"TXBL_CUR_VALUE":160700,"TXBL_PRV_VAL":160700,"TXBL_VAL_YR_CHG":0,"TXBL_PCT_CHG":0,"TOT_CUR_TAXES":0,"TOT_PRV_TAXES":0,"TAXES_YR_CHG":0,"TAXES_PCT_CHG":0,"GREENBELT":null,"EXEMPT_RES":"N","COMMON_AREA":null,"PUBLIC_ROAD":null,"PRIVATE_ROAD":null,"PART_CENTRAL_ASSD":null,"PART_TAXABLE":null,"IMP_NO_RES":null,"COST_GROUP_RES":null,"STYLE_DESCR_RES":null,"QUALITY_RES":null,"QUALITY_DESCR_RES":null,"CONDITION_RES":null,"CONDITION_DESCR_RES":null,"YEARBLT_RES":null,"GLA_RES":null,"BASEMENT_RES":null,"BSMT_FINISH_RES":null,"ATT_GARAGE_SQFT_RES":null,"BATHROOMS_RES":null,"GLA_BEDROOMS_RES":null,"EXTERIOR_RES":null,"ALLOCATION_PCT_RES":null,"IMP_NO_1":null,"USE_CODE_1":null,"USE_CODE_DESCR_1":null,"COST_CLASS_DESCR_1":null,"EXTERIOR_WALL_1":null,"ABOVE_GRADE_AREA_1":null,"MEZZANINE_1":null,"BASEMENT_1":null,"BSMT_FINISH_1":null,"BSMT_UNFINISH_1":null,"QUALITY_DESCR_1":null,"CONDITION_1":null,"CONDITION_DESCR_1":null,"YEAR_BUILT_1":null,"UNIT_COUNT_1":null,"PCT_COMPLETE_1":null,"ALLOCATION_PCT_1":null,"IMP_NO_2":null,"USE_CODE_2":null,"USE_CODE_DESCR_2":null,"COST_CLASS_DESCR_2":null,"EXTERIOR_WALL_2":null,"ABOVE_GRADE_AREA_2":null,"MEZZANINE_2":null,"BASEMENT_2":null,"BSMT_FINISH_2":null,"BSMT_UNFINISH_2":null,"QUALITY_DESCR_2":null,"CONDITION_2":null,"CONDITION_DESCR_2":null,"YEAR_BUILT_2":null,"UNIT_COUNT_2":null,"PCT_COMPLETE_2":null,"ALLOCATION_PCT_2":null,"TRAV_COUNT":1,"LASTUPDATE":null,"CREATED_DATE":1712330344000,"LAST_EDITED_DATE":1712330533000,"GLOBALID":"{A927C24E-9598-4BFD-B7BA-C9CA6CC20BBD}","SHAPE_Length":0.0043521507890265211,"SHAPE_Area":8.5567539585298581e-07}},{"type":"Feature","id":96,"geometry":{"type":"Polygon","coordinates":[[[-111.66087618699999,40.003661960000045],[-111.66120842299995,40.004184561000045],[-111.66168443999999,40.003994312000032],[-111.66172626799994,40.003978258000075],[-111.66132559699997,40.003540888000032],[-111.66087618699999,40.003661960000045]]]},"properties":{"OBJECTID":96,"PARCEL_NO":533670134,"PARCELID":"533670134","PARCELID_LABEL":"53:367:0134","OWNER_NAME":"OLSON, JAROM DAROLD & CYNTHIA","CARE_NAME":null,"ACREAGE":0.68400000000000005,"SITE_FULL_ADDRESS":"1040 BEAR HOLLOW DR, WOODLAND HILLS, UT","SITE_HOUSE_NUM":"1040","SITE_PRE_DIR":null,"SITE_STREET_NAME":"BEAR HOLLOW","SITE_STREET_TYPE":"DR","SITE_POST_DIR":null,"SITE_STREET_UNIT":null,"SITE_CITY":"WOODLAND HILLS","SITE_STATE":"UT","SITE_ZIP5":"84653","OWN_FULL_ADDRESS":"10691 KESTREL RISE RD  SOUTH JORDAN, UT 84009","OWN_STREET_ADDRESS":"10691 KESTREL RISE RD","OWN_CITY":"SOUTH JORDAN","OWN_STATE":"UT","OWN_ZIP5":"84009","VESTING_DOC":"81800-2023","PARCEL_CREATE_DATE":1152144000000,"MAP_FILING_NO":"11739 ","SUB_NAME":"THOUSAND OAKS AT WOODLAND HILLS, PLAT D","LEGAL_DESCR":"LOT 134, PLAT D, THOUSAND OAKS AT WOODLAND HILLS SUBDV. AREA 0.684 AC.","BOOK_PAGE":53367,"LOT":"134","BUILDING":null,"UNIT":null,"TAX_DISTRICT":"182","TAX_DISTRICT_DESCR":"WOODLAND HILLS","SCHOOL_DISTRICT":"NEBO","TAXABLE_CODE":100,"ACCOUNT_TYPE":"RESIDENTIAL","PROP_TYPE":900,"PROP_TYPE_DESCR":"VACANT","SPECIFIC_PROP_TYPE":913,"SPC_PROP_TYP_DESCR":"Vac Sub Lot - Not Developed","NEIGHBORHOOD":"117","NBHD_DISTRICT":"731","LAND_DISTRICT":7301,"ECONOMIC_UNIT":null,"GLA_WEIGHTED_YRBLT":null,"TOTAL_ABOVE_GRADE_AREA":null,"TOTAL_MEZZANINE":null,"TOTAL_BASEMENT":null,"TOTAL_BSMT_FINISH":null,"TOTAL_UNIT_COUNT":null,"TOTAL_IMP_COUNT":null,"ASMT_YEAR":2026,"ASMT_CODE":"V","ASMT_CODE_DESCR":"VACANT","MKT_LAND_VALUE":45200,"MKT_LAND_RES":45200,"MKT_LAND_AGR":0,"MKT_LAND_COM":0,"MKT_IMP_VALUE":0,"MKT_IMP_RES":0,"MKT_IMP_AGR":0,"MKT_IMP_COM":0,"MKT_CUR_VALUE":45200,"MKT_PRV_VAL":45200,"MKT_VAL_YR_CHG":0,"MKT_PCT_CHG":0,"TXBL_CUR_VALUE":45200,"TXBL_PRV_VAL":45200,"TXBL_VAL_YR_CHG":0,"TXBL_PCT_CHG":0,"TOT_CUR_TAXES":0,"TOT_PRV_TAXES":0,"TAXES_YR_CHG":0,"TAXES_PCT_CHG":0,"GREENBELT":null,"EXEMPT_RES":"N","COMMON_AREA":null,"PUBLIC_ROAD":null,"PRIVATE_ROAD":null,"PART_CENTRAL_ASSD":null,"PART_TAXABLE":null,"IMP_NO_RES":null,"COST_GROUP_RES":null,"STYLE_DESCR_RES":null,"QUALITY_RES":null,"QUALITY_DESCR_RES":null,"CONDITION_RES":null,"CONDITION_DESCR_RES":null,"YEARBLT_RES":null,"GLA_RES":null,"BASEMENT_RES":null,"BSMT_FINISH_RES":null,"ATT_GARAGE_SQFT_RES":null,"BATHROOMS_RES":null,"GLA_BEDROOMS_RES":null,"EXTERIOR_RES":null,"ALLOCATION_PCT_RES":null,"IMP_NO_1":null,"USE_CODE_1":null,"USE_CODE_DESCR_1":null,"COST_CLASS_DESCR_1":null,"EXTERIOR_WALL_1":null,"ABOVE_GRADE_AREA_1":null,"MEZZANINE_1":null,"BASEMENT_1":null,"BSMT_FINISH_1":null,"BSMT_UNFINISH_1":null,"QUALITY_DESCR_1":null,"CONDITION_1":null,"CONDITION_DESCR_1":null,"YEAR_BUILT_1":null,"UNIT_COUNT_1":null,"PCT_COMPLETE_1":null,"ALLOCATION_PCT_1":null,"IMP_NO_2":null,"USE_CODE_2":null,"USE_CODE_DESCR_2":null,"COST_CLASS_DESCR_2":null,"EXTERIOR_WALL_2":null,"ABOVE_GRADE_AREA_2":null,"MEZZANINE_2":null,"BASEMENT_2":null,"BSMT_FINISH_2":null,"BSMT_UNFINISH_2":null,"QUALITY_DESCR_2":null,"CONDITION_2":null,"CONDITION_DESCR_2":null,"YEAR_BUILT_2":null,"UNIT_COUNT_2":null,"PCT_COMPLETE_2":null,"ALLOCATION_PCT_2":null,"TRAV_COUNT":1,"LASTUPDATE":null,"CREATED_DATE":1712330344000,"LAST_EDITED_DATE":1712330533000,"GLOBALID":"{2DF91A86-BFE8-496B-855E-2A7C1AB80A2B}","SHAPE_Length":0.00223528351120242,"SHAPE_Area":2.9196016554615937e-07}},{"type":"Feature","id":97,"geometry":{"type":"Polygon","coordinates":[[[-111.66040353299996,40.00378930200003],[-111.66070941899994,40.004372095000065],[-111.66081154834765,40.004340180563261],[-111.66091190899999,40.004303077000031],[-111.66120842099997,40.004184575000068],[-111.66087618399996,40.003661970000053],[-111.66040353299996,40.00378930200003]]]},"properties":{"OBJECTID":97,"PARCEL_NO":533670135,"PARCELID":"533670135","PARCELID_LABEL":"53:367:0135","OWNER_NAME":"OLSON, JAROM DAROLD & CYNTHIA","CARE_NAME":null,"ACREAGE":0.752,"SITE_FULL_ADDRESS":"1030 BEAR HOLLOW DR, WOODLAND HILLS, UT","SITE_HOUSE_NUM":"1030","SITE_PRE_DIR":null,"SITE_STREET_NAME":"BEAR HOLLOW","SITE_STREET_TYPE":"DR","SITE_POST_DIR":null,"SITE_STREET_UNIT":null,"SITE_CITY":"WOODLAND HILLS","SITE_STATE":"UT","SITE_ZIP5":"84653","OWN_FULL_ADDRESS":"10691 KESTREL RISE RD  SOUTH JORDAN, UT 84009","OWN_STREET_ADDRESS":"10691 KESTREL RISE RD","OWN_CITY":"SOUTH JORDAN","OWN_STATE":"UT","OWN_ZIP5":"84009","VESTING_DOC":"81800-2023","PARCEL_CREATE_DATE":1152144000000,"MAP_FILING_NO":"11739 ","SUB_NAME":"THOUSAND OAKS AT WOODLAND HILLS, PLAT D","LEGAL_DESCR":"LOT 135, PLAT D, THOUSAND OAKS AT WOODLAND HILLS SUBDV. AREA 0.752 AC.","BOOK_PAGE":53367,"LOT":"135","BUILDING":null,"UNIT":null,"TAX_DISTRICT":"182","TAX_DISTRICT_DESCR":"WOODLAND HILLS","SCHOOL_DISTRICT":"NEBO","TAXABLE_CODE":100,"ACCOUNT_TYPE":"RESIDENTIAL","PROP_TYPE":900,"PROP_TYPE_DESCR":"VACANT","SPECIFIC_PROP_TYPE":913,"SPC_PROP_TYP_DESCR":"Vac Sub Lot - Not Developed","NEIGHBORHOOD":"117","NBHD_DISTRICT":"731","LAND_DISTRICT":7301,"ECONOMIC_UNIT":null,"GLA_WEIGHTED_YRBLT":null,"TOTAL_ABOVE_GRADE_AREA":null,"TOTAL_MEZZANINE":null,"TOTAL_BASEMENT":null,"TOTAL_BSMT_FINISH":null,"TOTAL_UNIT_COUNT":null,"TOTAL_IMP_COUNT":null,"ASMT_YEAR":2026,"ASMT_CODE":"V","ASMT_CODE_DESCR":"VACANT","MKT_LAND_VALUE":49700,"MKT_LAND_RES":49700,"MKT_LAND_AGR":0,"MKT_LAND_COM":0,"MKT_IMP_VALUE":0,"MKT_IMP_RES":0,"MKT_IMP_AGR":0,"MKT_IMP_COM":0,"MKT_CUR_VALUE":49700,"MKT_PRV_VAL":49700,"MKT_VAL_YR_CHG":0,"MKT_PCT_CHG":0,"TXBL_CUR_VALUE":49700,"TXBL_PRV_VAL":49700,"TXBL_VAL_YR_CHG":0,"TXBL_PCT_CHG":0,"TOT_CUR_TAXES":0,"TOT_PRV_TAXES":0,"TAXES_YR_CHG":0,"TAXES_PCT_CHG":0,"GREENBELT":null,"EXEMPT_RES":"N","COMMON_AREA":null,"PUBLIC_ROAD":null,"PRIVATE_ROAD":null,"PART_CENTRAL_ASSD":null,"PART_TAXABLE":null,"IMP_NO_RES":null,"COST_GROUP_RES":null,"STYLE_DESCR_RES":null,"QUALITY_RES":null,"QUALITY_DESCR_RES":null,"CONDITION_RES":null,"CONDITION_DESCR_RES":null,"YEARBLT_RES":null,"GLA_RES":null,"BASEMENT_RES":null,"BSMT_FINISH_RES":null,"ATT_GARAGE_SQFT_RES":null,"BATHROOMS_RES":null,"GLA_BEDROOMS_RES":null,"EXTERIOR_RES":null,"ALLOCATION_PCT_RES":null,"IMP_NO_1":null,"USE_CODE_1":null,"USE_CODE_DESCR_1":null,"COST_CLASS_DESCR_1":null,"EXTERIOR_WALL_1":null,"ABOVE_GRADE_AREA_1":null,"MEZZANINE_1":null,"BASEMENT_1":null,"BSMT_FINISH_1":null,"BSMT_UNFINISH_1":null,"QUALITY_DESCR_1":null,"CONDITION_1":null,"CONDITION_DESCR_1":null,"YEAR_BUILT_1":null,"UNIT_COUNT_1":null,"PCT_COMPLETE_1":null,"ALLOCATION_PCT_1":null,"IMP_NO_2":null,"USE_CODE_2":null,"USE_CODE_DESCR_2":null,"COST_CLASS_DESCR_2":null,"EXTERIOR_WALL_2":null,"ABOVE_GRADE_AREA_2":null,"MEZZANINE_2":null,"BASEMENT_2":null,"BSMT_FINISH_2":null,"BSMT_UNFINISH_2":null,"QUALITY_DESCR_2":null,"CONDITION_2":null,"CONDITION_DESCR_2":null,"YEAR_BUILT_2":null,"UNIT_COUNT_2":null,"PCT_COMPLETE_2":null,"ALLOCATION_PCT_2":null,"TRAV_COUNT":1,"LASTUPDATE":null,"CREATED_DATE":1712330344000,"LAST_EDITED_DATE":1712330533000,"GLOBALID":"{5018100E-1A2A-4578-B8BE-F6BFCA1AE416}","SHAPE_Length":0.0023003016046131658,"SHAPE_Area":3.2090078949808769e-07}},{"type":"Feature","id":98,"geometry":{"type":"Polygon","coordinates":[[[-111.76323454299995,40.351546561000077],[-111.76226143299999,40.350945630000069],[-111.76127133199998,40.351884079000058],[-111.76175361599996,40.352197585000056],[-111.76195816899997,40.352183676000038],[-111.76197319599999,40.352170145000059],[-111.76206028999707,40.352098246397183],[-111.76215135023809,40.352031442161312],[-111.76224607913053,40.351969950614276],[-111.76234416709251,40.3519139727156],[-111.76244529356433,40.351863691405732],[-111.76254912805622,40.351819271008196],[-111.76265533122839,40.351780856692571],[-111.76276355599998,40.351748574000055],[-111.76286186181704,40.351718515959647],[-111.76295839407899,40.351683174173303],[-111.76305286902702,40.351642652529023],[-111.76314500894982,40.351597070141118],[-111.76323454299995,40.351546561000077]]]},"properties":{"OBJECTID":98,"PARCEL_NO":543680023,"PARCELID":"543680023","PARCELID_LABEL":"54:368:0023","OWNER_NAME":"VALLEY GROVE II LLC","CARE_NAME":null,"ACREAGE":2.683627,"SITE_FULL_ADDRESS":"PLEASANT GROVE, UT","SITE_HOUSE_NUM":" ","SITE_PRE_DIR":null,"SITE_STREET_NAME":null,"SITE_STREET_TYPE":null,"SITE_POST_DIR":null,"SITE_STREET_UNIT":null,"SITE_CITY":"PLEASANT GROVE","SITE_STATE":"UT","SITE_ZIP5":"84062","OWN_FULL_ADDRESS":"2560 LORD BALTIMORE DR  BALTIMORE, MD 21244","OWN_STREET_ADDRESS":"2560 LORD BALTIMORE DR","OWN_CITY":"BALTIMORE","OWN_STATE":"MD","OWN_ZIP5":"21244","VESTING_DOC":"735-2018","PARCEL_CREATE_DATE":1551225600000,"MAP_FILING_NO":"16109 ","SUB_NAME":"VALLEY GROVE BUSINESS PARK, PLAT D","LEGAL_DESCR":"PART PARCEL F, PLAT D, VALLEY GROVE BUSINESS PARK SUB DESCRIBED AS FOLLOWS; COM S 1357.92 FT & E 2672.54 FT FR W 1/4 COR. SEC. 30, T5S, R2E, SLB&M.; ALONG A CURVE TO R (CHORD BEARS: N 60 DEG 53' 33\" E 150.53 FT, RADIUS = 473 FT); ALONG A CURVE TO L (CHORD BEARS: N 55 DEG 17' 4\" E 268.6 FT, RADIUS = 527 FT); N 40 DEG 31' 18\" E 6.47 FT; N 85 DEG 5' 19\" E 57.25 FT; S 49 DEG 28' 45\" E 176.43 FT; S 39 DEG 4' 39\" W 439.46 FT; N 50 DEG 55' 21\" W 348.64 FT TO BEG. AREA 2.684 AC.","BOOK_PAGE":54368,"LOT":null,"BUILDING":null,"UNIT":null,"TAX_DISTRICT":"070","TAX_DISTRICT_DESCR":"PLEASANT GROVE CITY","SCHOOL_DISTRICT":"ALPINE","TAXABLE_CODE":100,"ACCOUNT_TYPE":"COMMERCIAL","PROP_TYPE":903,"PROP_TYPE_DESCR":"VACANT COMMERCIAL","SPECIFIC_PROP_TYPE":906,"SPC_PROP_TYP_DESCR":"Vac Com w/Detached Only","NEIGHBORHOOD":"502","NBHD_DISTRICT":"0","LAND_DISTRICT":165,"ECONOMIC_UNIT":null,"GLA_WEIGHTED_YRBLT":null,"TOTAL_ABOVE_GRADE_AREA":null,"TOTAL_MEZZANINE":null,"TOTAL_BASEMENT":null,"TOTAL_BSMT_FINISH":null,"TOTAL_UNIT_COUNT":null,"TOTAL_IMP_COUNT":null,"ASMT_YEAR":2026,"ASMT_CODE":"C","ASMT_CODE_DESCR":"COMMERCIAL","MKT_LAND_VALUE":2250400,"MKT_LAND_RES":0,"MKT_LAND_AGR":0,"MKT_LAND_COM":2250400,"MKT_IMP_VALUE":18100,"MKT_IMP_RES":0,"MKT_IMP_AGR":0,"MKT_IMP_COM":18100,"MKT_CUR_VALUE":2268500,"MKT_PRV_VAL":2268500,"MKT_VAL_YR_CHG":0,"MKT_PCT_CHG":0,"TXBL_CUR_VALUE":2268500,"TXBL_PRV_VAL":2268500,"TXBL_VAL_YR_CHG":0,"TXBL_PCT_CHG":0,"TOT_CUR_TAXES":0,"TOT_PRV_TAXES":0,"TAXES_YR_CHG":0,"TAXES_PCT_CHG":0,"GREENBELT":null,"EXEMPT_RES":"N","COMMON_AREA":null,"PUBLIC_ROAD":null,"PRIVATE_ROAD":null,"PART_CENTRAL_ASSD":null,"PART_TAXABLE":null,"IMP_NO_RES":null,"COST_GROUP_RES":null,"STYLE_DESCR_RES":null,"QUALITY_RES":null,"QUALITY_DESCR_RES":null,"CONDITION_RES":null,"CONDITION_DESCR_RES":null,"YEARBLT_RES":null,"GLA_RES":null,"BASEMENT_RES":null,"BSMT_FINISH_RES":null,"ATT_GARAGE_SQFT_RES":null,"BATHROOMS_RES":null,"GLA_BEDROOMS_RES":null,"EXTERIOR_RES":null,"ALLOCATION_PCT_RES":null,"IMP_NO_1":null,"USE_CODE_1":null,"USE_CODE_DESCR_1":null,"COST_CLASS_DESCR_1":null,"EXTERIOR_WALL_1":null,"ABOVE_GRADE_AREA_1":null,"MEZZANINE_1":null,"BASEMENT_1":null,"BSMT_FINISH_1":null,"BSMT_UNFINISH_1":null,"QUALITY_DESCR_1":null,"CONDITION_1":null,"CONDITION_DESCR_1":null,"YEAR_BUILT_1":null,"UNIT_COUNT_1":null,"PCT_COMPLETE_1":null,"ALLOCATION_PCT_1":null,"IMP_NO_2":null,"USE_CODE_2":null,"USE_CODE_DESCR_2":null,"COST_CLASS_DESCR_2":null,"EXTERIOR_WALL_2":null,"ABOVE_GRADE_AREA_2":null,"MEZZANINE_2":null,"BASEMENT_2":null,"BSMT_FINISH_2":null,"BSMT_UNFINISH_2":null,"QUALITY_DESCR_2":null,"CONDITION_2":null,"CONDITION_DESCR_2":null,"YEAR_BUILT_2":null,"UNIT_COUNT_2":null,"PCT_COMPLETE_2":null,"ALLOCATION_PCT_2":null,"TRAV_COUNT":1,"LASTUPDATE":null,"CREATED_DATE":1712330344000,"LAST_EDITED_DATE":1712330533000,"GLOBALID":"{3A3B197E-0B10-43B9-9828-1868DA3F6B5B}","SHAPE_Length":0.004726030961834618,"SHAPE_Area":1.1513676071946846e-06}},{"type":"Feature","id":99,"geometry":{"type":"Polygon","coordinates":[[[-111.76344990199999,40.351391118000038],[-111.76344992599996,40.351391123000042],[-111.76354286299994,40.351310941000065],[-111.76355925199677,40.35129593496886],[-111.76357304626626,40.351278513765749],[-111.76358389477336,40.351259120723618],[-111.76359152144641,40.351238249354537],[-111.76359573220266,40.351216430790856],[-111.76359641988722,40.351194220269043],[-111.76359356699999,40.351172183000074],[-111.76358944544391,40.351146015763121],[-111.76358937757746,40.35111952601212],[-111.76359336499996,40.351093338000055],[-111.76359610691168,40.351071459398426],[-111.7635953605589,40.351049422287758],[-111.76359114465929,40.351027779333258],[-111.76358356494272,40.351007073315152],[-111.76357281149971,40.350987823516384],[-111.76355915401416,40.350970512699604],[-111.76354293499998,40.350955575000057],[-111.76345506608178,40.350876733624141],[-111.7633709154296,40.350793935211847],[-111.76329066106479,40.350707354923848],[-111.76321447276608,40.350617175921421],[-111.76314251171038,40.35052358897893],[-111.76307493013189,40.350426792080277],[-111.76301187099995,40.350326990000042],[-111.76213381499997,40.350553427000079],[-111.76193372699998,40.350743080000029],[-111.76323508199994,40.351546720000044],[-111.76330946102168,40.351498753680318],[-111.76338113759505,40.351446835711016],[-111.76344990199999,40.351391118000038]]]},"properties":{"OBJECTID":99,"PARCEL_NO":543620025,"PARCELID":"543620025","PARCELID_LABEL":"54:362:0025","OWNER_NAME":"LC RESERVE ONE LLC (ET AL)","CARE_NAME":"%ST JOHN PROPERTIES INC","ACREAGE":2.4986509999999997,"SITE_FULL_ADDRESS":"1135 S VALLEY GROVE WAY, PLEASANT GROVE, UT","SITE_HOUSE_NUM":"1135","SITE_PRE_DIR":"S","SITE_STREET_NAME":"VALLEY GROVE WAY","SITE_STREET_TYPE":null,"SITE_POST_DIR":null,"SITE_STREET_UNIT":null,"SITE_CITY":"PLEASANT GROVE","SITE_STATE":"UT","SITE_ZIP5":"84062","OWN_FULL_ADDRESS":"%ST JOHN PROPERTIES INC  2560 LORD BALTIMORE DR  BALTIMORE, MD 21244","OWN_STREET_ADDRESS":"2560 LORD BALTIMORE DR","OWN_CITY":"BALTIMORE","OWN_STATE":"MD","OWN_ZIP5":"21244","VESTING_DOC":"56305-2024","PARCEL_CREATE_DATE":1522972800000,"MAP_FILING_NO":"15978 ","SUB_NAME":"VALLEY GROVE BUSINESS PARK, PLAT F","LEGAL_DESCR":"LOT 25, PLAT F, VALLEY GROVE BUSINESS PARK SUB AREA 2.499 AC.","BOOK_PAGE":54362,"LOT":"25","BUILDING":null,"UNIT":null,"TAX_DISTRICT":"070","TAX_DISTRICT_DESCR":"PLEASANT GROVE CITY","SCHOOL_DISTRICT":"ALPINE","TAXABLE_CODE":100,"ACCOUNT_TYPE":"COMMERCIAL","PROP_TYPE":903,"PROP_TYPE_DESCR":"VACANT COMMERCIAL","SPECIFIC_PROP_TYPE":905,"SPC_PROP_TYP_DESCR":"Vac Com Lot","NEIGHBORHOOD":"502","NBHD_DISTRICT":"0","LAND_DISTRICT":165,"ECONOMIC_UNIT":null,"GLA_WEIGHTED_YRBLT":null,"TOTAL_ABOVE_GRADE_AREA":null,"TOTAL_MEZZANINE":null,"TOTAL_BASEMENT":null,"TOTAL_BSMT_FINISH":null,"TOTAL_UNIT_COUNT":null,"TOTAL_IMP_COUNT":null,"ASMT_YEAR":2026,"ASMT_CODE":"V","ASMT_CODE_DESCR":"VACANT","MKT_LAND_VALUE":1922600,"MKT_LAND_RES":0,"MKT_LAND_AGR":0,"MKT_LAND_COM":1922600,"MKT_IMP_VALUE":0,"MKT_IMP_RES":0,"MKT_IMP_AGR":0,"MKT_IMP_COM":0,"MKT_CUR_VALUE":1922600,"MKT_PRV_VAL":1922600,"MKT_VAL_YR_CHG":0,"MKT_PCT_CHG":0,"TXBL_CUR_VALUE":1922600,"TXBL_PRV_VAL":1922600,"TXBL_VAL_YR_CHG":0,"TXBL_PCT_CHG":0,"TOT_CUR_TAXES":0,"TOT_PRV_TAXES":0,"TAXES_YR_CHG":0,"TAXES_PCT_CHG":0,"GREENBELT":null,"EXEMPT_RES":"N","COMMON_AREA":null,"PUBLIC_ROAD":null,"PRIVATE_ROAD":null,"PART_CENTRAL_ASSD":null,"PART_TAXABLE":null,"IMP_NO_RES":null,"COST_GROUP_RES":null,"STYLE_DESCR_RES":null,"QUALITY_RES":null,"QUALITY_DESCR_RES":null,"CONDITION_RES":null,"CONDITION_DESCR_RES":null,"YEARBLT_RES":null,"GLA_RES":null,"BASEMENT_RES":null,"BSMT_FINISH_RES":null,"ATT_GARAGE_SQFT_RES":null,"BATHROOMS_RES":null,"GLA_BEDROOMS_RES":null,"EXTERIOR_RES":null,"ALLOCATION_PCT_RES":null,"IMP_NO_1":null,"USE_CODE_1":null,"USE_CODE_DESCR_1":null,"COST_CLASS_DESCR_1":null,"EXTERIOR_WALL_1":null,"ABOVE_GRADE_AREA_1":null,"MEZZANINE_1":null,"BASEMENT_1":null,"BSMT_FINISH_1":null,"BSMT_UNFINISH_1":null,"QUALITY_DESCR_1":null,"CONDITION_1":null,"CONDITION_DESCR_1":null,"YEAR_BUILT_1":null,"UNIT_COUNT_1":null,"PCT_COMPLETE_1":null,"ALLOCATION_PCT_1":null,"IMP_NO_2":null,"USE_CODE_2":null,"USE_CODE_DESCR_2":null,"COST_CLASS_DESCR_2":null,"EXTERIOR_WALL_2":null,"ABOVE_GRADE_AREA_2":null,"MEZZANINE_2":null,"BASEMENT_2":null,"BSMT_FINISH_2":null,"BSMT_UNFINISH_2":null,"QUALITY_DESCR_2":null,"CONDITION_2":null,"CONDITION_DESCR_2":null,"YEAR_BUILT_2":null,"UNIT_COUNT_2":null,"PCT_COMPLETE_2":null,"ALLOCATION_PCT_2":null,"TRAV_COUNT":1,"LASTUPDATE":null,"CREATED_DATE":1712330344000,"LAST_EDITED_DATE":1712330533000,"GLOBALID":"{EBA7DE09-66ED-4991-A786-E8B8BE99674D}","SHAPE_Length":0.0043165100521378244,"SHAPE_Area":1.0720078795122874e-06}},{"type":"Feature","id":100,"geometry":{"type":"Polygon","coordinates":[[[-111.63385711799998,40.212194578000037],[-111.63377997599997,40.212089296000045],[-111.63365513399998,40.212143061000063],[-111.63373227599999,40.212248343000056],[-111.63385711799998,40.212194578000037]]]},"properties":{"OBJECTID":100,"PARCEL_NO":558940001,"PARCELID":"558940001","PARCELID_LABEL":"55:894:0001","OWNER_NAME":"BCP DEVELOPMENT LLC","CARE_NAME":null,"ACREAGE":0.040382000000000001,"SITE_FULL_ADDRESS":"1225 E 1600 SOUTH Unit# 1, PROVO, UT","SITE_HOUSE_NUM":"1225","SITE_PRE_DIR":"E","SITE_STREET_NAME":"1600 SOUTH","SITE_STREET_TYPE":null,"SITE_POST_DIR":null,"SITE_STREET_UNIT":"1","SITE_CITY":"PROVO","SITE_STATE":"UT","SITE_ZIP5":"84606","OWN_FULL_ADDRESS":"300 S 1350 EAST 2ND FLOOR  LEHI, UT 84043","OWN_STREET_ADDRESS":"300 S 1350 EAST 2ND FLOOR","OWN_CITY":"LEHI","OWN_STATE":"UT","OWN_ZIP5":"84043","VESTING_DOC":"34691-2024","PARCEL_CREATE_DATE":1572912000000,"MAP_FILING_NO":"16754 ","SUB_NAME":"WILLOW CREEK TOWNHOMES","LEGAL_DESCR":"LOT 1, WILLOW CREEK TOWNHOMES SUB AREA 0.040 AC.","BOOK_PAGE":55894,"LOT":"1","BUILDING":null,"UNIT":null,"TAX_DISTRICT":"110","TAX_DISTRICT_DESCR":"PROVO CITY","SCHOOL_DISTRICT":"PROVO","TAXABLE_CODE":100,"ACCOUNT_TYPE":"HGHDENRES","PROP_TYPE":900,"PROP_TYPE_DESCR":"VACANT","SPECIFIC_PROP_TYPE":915,"SPC_PROP_TYP_DESCR":"Vac Townhome Lot","NEIGHBORHOOD":"900","NBHD_DISTRICT":"9110","LAND_DISTRICT":6424,"ECONOMIC_UNIT":null,"GLA_WEIGHTED_YRBLT":null,"TOTAL_ABOVE_GRADE_AREA":null,"TOTAL_MEZZANINE":null,"TOTAL_BASEMENT":null,"TOTAL_BSMT_FINISH":null,"TOTAL_UNIT_COUNT":null,"TOTAL_IMP_COUNT":null,"ASMT_YEAR":2026,"ASMT_CODE":"V","ASMT_CODE_DESCR":"VACANT","MKT_LAND_VALUE":93600,"MKT_LAND_RES":93600,"MKT_LAND_AGR":0,"MKT_LAND_COM":0,"MKT_IMP_VALUE":0,"MKT_IMP_RES":0,"MKT_IMP_AGR":0,"MKT_IMP_COM":0,"MKT_CUR_VALUE":93600,"MKT_PRV_VAL":93600,"MKT_VAL_YR_CHG":0,"MKT_PCT_CHG":0,"TXBL_CUR_VALUE":93600,"TXBL_PRV_VAL":93600,"TXBL_VAL_YR_CHG":0,"TXBL_PCT_CHG":0,"TOT_CUR_TAXES":0,"TOT_PRV_TAXES":0,"TAXES_YR_CHG":0,"TAXES_PCT_CHG":0,"GREENBELT":null,"EXEMPT_RES":"N","COMMON_AREA":null,"PUBLIC_ROAD":null,"PRIVATE_ROAD":null,"PART_CENTRAL_ASSD":null,"PART_TAXABLE":null,"IMP_NO_RES":null,"COST_GROUP_RES":null,"STYLE_DESCR_RES":null,"QUALITY_RES":null,"QUALITY_DESCR_RES":null,"CONDITION_RES":null,"CONDITION_DESCR_RES":null,"YEARBLT_RES":null,"GLA_RES":null,"BASEMENT_RES":null,"BSMT_FINISH_RES":null,"ATT_GARAGE_SQFT_RES":null,"BATHROOMS_RES":null,"GLA_BEDROOMS_RES":null,"EXTERIOR_RES":null,"ALLOCATION_PCT_RES":null,"IMP_NO_1":null,"USE_CODE_1":null,"USE_CODE_DESCR_1":null,"COST_CLASS_DESCR_1":null,"EXTERIOR_WALL_1":null,"ABOVE_GRADE_AREA_1":null,"MEZZANINE_1":null,"BASEMENT_1":null,"BSMT_FINISH_1":null,"BSMT_UNFINISH_1":null,"QUALITY_DESCR_1":null,"CONDITION_1":null,"CONDITION_DESCR_1":null,"YEAR_BUILT_1":null,"UNIT_COUNT_1":null,"PCT_COMPLETE_1":null,"ALLOCATION_PCT_1":null,"IMP_NO_2":null,"USE_CODE_2":null,"USE_CODE_DESCR_2":null,"COST_CLASS_DESCR_2":null,"EXTERIOR_WALL_2":null,"ABOVE_GRADE_AREA_2":null,"MEZZANINE_2":null,"BASEMENT_2":null,"BSMT_FINISH_2":null,"BSMT_UNFINISH_2":null,"QUALITY_DESCR_2":null,"CONDITION_2":null,"CONDITION_DESCR_2":null,"YEAR_BUILT_2":null,"UNIT_COUNT_2":null,"PCT_COMPLETE_2":null,"ALLOCATION_PCT_2":null,"TRAV_COUNT":1,"LASTUPDATE":null,"CREATED_DATE":1712330344000,"LAST_EDITED_DATE":1712330533000,"GLOBALID":"{57AAF367-ABD2-40A3-9712-0951B0C09AAC}","SHAPE_Length":0.00053289220811586057,"SHAPE_Area":1.7291155074056649e-08}},{"type":"Feature","id":101,"geometry":{"type":"Polygon","coordinates":[[[-111.63393424799995,40.212299876000031],[-111.63385710699998,40.212194594000039],[-111.63373226699997,40.212248360000046],[-111.63380940999997,40.21235364000006],[-111.63393424799995,40.212299876000031]]]},"properties":{"OBJECTID":101,"PARCEL_NO":558940002,"PARCELID":"558940002","PARCELID_LABEL":"55:894:0002","OWNER_NAME":"BCP DEVELOPMENT LLC","CARE_NAME":null,"ACREAGE":0.040381,"SITE_FULL_ADDRESS":"1225 E 1600 SOUTH Unit# 2, PROVO, UT","SITE_HOUSE_NUM":"1225","SITE_PRE_DIR":"E","SITE_STREET_NAME":"1600 SOUTH","SITE_STREET_TYPE":null,"SITE_POST_DIR":null,"SITE_STREET_UNIT":"2","SITE_CITY":"PROVO","SITE_STATE":"UT","SITE_ZIP5":"84606","OWN_FULL_ADDRESS":"300 S 1350 EAST 2ND FLOOR  LEHI, UT 84043","OWN_STREET_ADDRESS":"300 S 1350 EAST 2ND FLOOR","OWN_CITY":"LEHI","OWN_STATE":"UT","OWN_ZIP5":"84043","VESTING_DOC":"34691-2024","PARCEL_CREATE_DATE":1572912000000,"MAP_FILING_NO":"16754 ","SUB_NAME":"WILLOW CREEK TOWNHOMES","LEGAL_DESCR":"LOT 2, WILLOW CREEK TOWNHOMES SUB AREA 0.040 AC.","BOOK_PAGE":55894,"LOT":"2","BUILDING":null,"UNIT":null,"TAX_DISTRICT":"110","TAX_DISTRICT_DESCR":"PROVO CITY","SCHOOL_DISTRICT":"PROVO","TAXABLE_CODE":100,"ACCOUNT_TYPE":"HGHDENRES","PROP_TYPE":900,"PROP_TYPE_DESCR":"VACANT","SPECIFIC_PROP_TYPE":915,"SPC_PROP_TYP_DESCR":"Vac Townhome Lot","NEIGHBORHOOD":"900","NBHD_DISTRICT":"9110","LAND_DISTRICT":6424,"ECONOMIC_UNIT":null,"GLA_WEIGHTED_YRBLT":null,"TOTAL_ABOVE_GRADE_AREA":null,"TOTAL_MEZZANINE":null,"TOTAL_BASEMENT":null,"TOTAL_BSMT_FINISH":null,"TOTAL_UNIT_COUNT":null,"TOTAL_IMP_COUNT":null,"ASMT_YEAR":2026,"ASMT_CODE":"V","ASMT_CODE_DESCR":"VACANT","MKT_LAND_VALUE":93600,"MKT_LAND_RES":93600,"MKT_LAND_AGR":0,"MKT_LAND_COM":0,"MKT_IMP_VALUE":0,"MKT_IMP_RES":0,"MKT_IMP_AGR":0,"MKT_IMP_COM":0,"MKT_CUR_VALUE":93600,"MKT_PRV_VAL":93600,"MKT_VAL_YR_CHG":0,"MKT_PCT_CHG":0,"TXBL_CUR_VALUE":93600,"TXBL_PRV_VAL":93600,"TXBL_VAL_YR_CHG":0,"TXBL_PCT_CHG":0,"TOT_CUR_TAXES":0,"TOT_PRV_TAXES":0,"TAXES_YR_CHG":0,"TAXES_PCT_CHG":0,"GREENBELT":null,"EXEMPT_RES":"N","COMMON_AREA":null,"PUBLIC_ROAD":null,"PRIVATE_ROAD":null,"PART_CENTRAL_ASSD":null,"PART_TAXABLE":null,"IMP_NO_RES":null,"COST_GROUP_RES":null,"STYLE_DESCR_RES":null,"QUALITY_RES":null,"QUALITY_DESCR_RES":null,"CONDITION_RES":null,"CONDITION_DESCR_RES":null,"YEARBLT_RES":null,"GLA_RES":null,"BASEMENT_RES":null,"BSMT_FINISH_RES":null,"ATT_GARAGE_SQFT_RES":null,"BATHROOMS_RES":null,"GLA_BEDROOMS_RES":null,"EXTERIOR_RES":null,"ALLOCATION_PCT_RES":null,"IMP_NO_1":null,"USE_CODE_1":null,"USE_CODE_DESCR_1":null,"COST_CLASS_DESCR_1":null,"EXTERIOR_WALL_1":null,"ABOVE_GRADE_AREA_1":null,"MEZZANINE_1":null,"BASEMENT_1":null,"BSMT_FINISH_1":null,"BSMT_UNFINISH_1":null,"QUALITY_DESCR_1":null,"CONDITION_1":null,"CONDITION_DESCR_1":null,"YEAR_BUILT_1":null,"UNIT_COUNT_1":null,"PCT_COMPLETE_1":null,"ALLOCATION_PCT_1":null,"IMP_NO_2":null,"USE_CODE_2":null,"USE_CODE_DESCR_2":null,"COST_CLASS_DESCR_2":null,"EXTERIOR_WALL_2":null,"ABOVE_GRADE_AREA_2":null,"MEZZANINE_2":null,"BASEMENT_2":null,"BSMT_FINISH_2":null,"BSMT_UNFINISH_2":null,"QUALITY_DESCR_2":null,"CONDITION_2":null,"CONDITION_DESCR_2":null,"YEAR_BUILT_2":null,"UNIT_COUNT_2":null,"PCT_COMPLETE_2":null,"ALLOCATION_PCT_2":null,"TRAV_COUNT":1,"LASTUPDATE":null,"CREATED_DATE":1712330344000,"LAST_EDITED_DATE":1712330533000,"GLOBALID":"{27113225-9E84-4A7D-B054-49D20569CAE7}","SHAPE_Length":0.00053288508416637122,"SHAPE_Area":1.7290714389196711e-08}},{"type":"Feature","id":102,"geometry":{"type":"Polygon","coordinates":[[[-111.63401138699999,40.212405147000027],[-111.63393424399999,40.21229986600008],[-111.63380940299999,40.212353631000042],[-111.63388654499994,40.212458912000045],[-111.63401138699999,40.212405147000027]]]},"properties":{"OBJECTID":102,"PARCEL_NO":558940003,"PARCELID":"558940003","PARCELID_LABEL":"55:894:0003","OWNER_NAME":"BCP DEVELOPMENT LLC","CARE_NAME":null,"ACREAGE":0.040381,"SITE_FULL_ADDRESS":"1225 E 1600 SOUTH Unit# 3, PROVO, UT","SITE_HOUSE_NUM":"1225","SITE_PRE_DIR":"E","SITE_STREET_NAME":"1600 SOUTH","SITE_STREET_TYPE":null,"SITE_POST_DIR":null,"SITE_STREET_UNIT":"3","SITE_CITY":"PROVO","SITE_STATE":"UT","SITE_ZIP5":"84606","OWN_FULL_ADDRESS":"300 S 1350 EAST 2ND FLOOR  LEHI, UT 84043","OWN_STREET_ADDRESS":"300 S 1350 EAST 2ND FLOOR","OWN_CITY":"LEHI","OWN_STATE":"UT","OWN_ZIP5":"84043","VESTING_DOC":"34691-2024","PARCEL_CREATE_DATE":1572912000000,"MAP_FILING_NO":"16754 ","SUB_NAME":"WILLOW CREEK TOWNHOMES","LEGAL_DESCR":"LOT 3, WILLOW CREEK TOWNHOMES SUB AREA 0.040 AC.","BOOK_PAGE":55894,"LOT":"3","BUILDING":null,"UNIT":null,"TAX_DISTRICT":"110","TAX_DISTRICT_DESCR":"PROVO CITY","SCHOOL_DISTRICT":"PROVO","TAXABLE_CODE":100,"ACCOUNT_TYPE":"HGHDENRES","PROP_TYPE":900,"PROP_TYPE_DESCR":"VACANT","SPECIFIC_PROP_TYPE":915,"SPC_PROP_TYP_DESCR":"Vac Townhome Lot","NEIGHBORHOOD":"900","NBHD_DISTRICT":"9110","LAND_DISTRICT":6424,"ECONOMIC_UNIT":null,"GLA_WEIGHTED_YRBLT":null,"TOTAL_ABOVE_GRADE_AREA":null,"TOTAL_MEZZANINE":null,"TOTAL_BASEMENT":null,"TOTAL_BSMT_FINISH":null,"TOTAL_UNIT_COUNT":null,"TOTAL_IMP_COUNT":null,"ASMT_YEAR":2026,"ASMT_CODE":"V","ASMT_CODE_DESCR":"VACANT","MKT_LAND_VALUE":93600,"MKT_LAND_RES":93600,"MKT_LAND_AGR":0,"MKT_LAND_COM":0,"MKT_IMP_VALUE":0,"MKT_IMP_RES":0,"MKT_IMP_AGR":0,"MKT_IMP_COM":0,"MKT_CUR_VALUE":93600,"MKT_PRV_VAL":93600,"MKT_VAL_YR_CHG":0,"MKT_PCT_CHG":0,"TXBL_CUR_VALUE":93600,"TXBL_PRV_VAL":93600,"TXBL_VAL_YR_CHG":0,"TXBL_PCT_CHG":0,"TOT_CUR_TAXES":0,"TOT_PRV_TAXES":0,"TAXES_YR_CHG":0,"TAXES_PCT_CHG":0,"GREENBELT":null,"EXEMPT_RES":"N","COMMON_AREA":null,"PUBLIC_ROAD":null,"PRIVATE_ROAD":null,"PART_CENTRAL_ASSD":null,"PART_TAXABLE":null,"IMP_NO_RES":null,"COST_GROUP_RES":null,"STYLE_DESCR_RES":null,"QUALITY_RES":null,"QUALITY_DESCR_RES":null,"CONDITION_RES":null,"CONDITION_DESCR_RES":null,"YEARBLT_RES":null,"GLA_RES":null,"BASEMENT_RES":null,"BSMT_FINISH_RES":null,"ATT_GARAGE_SQFT_RES":null,"BATHROOMS_RES":null,"GLA_BEDROOMS_RES":null,"EXTERIOR_RES":null,"ALLOCATION_PCT_RES":null,"IMP_NO_1":null,"USE_CODE_1":null,"USE_CODE_DESCR_1":null,"COST_CLASS_DESCR_1":null,"EXTERIOR_WALL_1":null,"ABOVE_GRADE_AREA_1":null,"MEZZANINE_1":null,"BASEMENT_1":null,"BSMT_FINISH_1":null,"BSMT_UNFINISH_1":null,"QUALITY_DESCR_1":null,"CONDITION_1":null,"CONDITION_DESCR_1":null,"YEAR_BUILT_1":null,"UNIT_COUNT_1":null,"PCT_COMPLETE_1":null,"ALLOCATION_PCT_1":null,"IMP_NO_2":null,"USE_CODE_2":null,"USE_CODE_DESCR_2":null,"COST_CLASS_DESCR_2":null,"EXTERIOR_WALL_2":null,"ABOVE_GRADE_AREA_2":null,"MEZZANINE_2":null,"BASEMENT_2":null,"BSMT_FINISH_2":null,"BSMT_UNFINISH_2":null,"QUALITY_DESCR_2":null,"CONDITION_2":null,"CONDITION_DESCR_2":null,"YEAR_BUILT_2":null,"UNIT_COUNT_2":null,"PCT_COMPLETE_2":null,"ALLOCATION_PCT_2":null,"TRAV_COUNT":1,"LASTUPDATE":null,"CREATED_DATE":1712330344000,"LAST_EDITED_DATE":1712330533000,"GLOBALID":"{90B222E9-E03D-4870-9F8E-A76C7FB628F1}","SHAPE_Length":0.00053289026740582432,"SHAPE_Area":1.7291004471372764e-08}},{"type":"Feature","id":103,"geometry":{"type":"Polygon","coordinates":[[[-111.63422508499997,40.21232512000006],[-111.63414794199997,40.212219840000046],[-111.63402310099997,40.212273605000064],[-111.63410024299998,40.212378886000067],[-111.63422508499997,40.21232512000006]]]},"properties":{"OBJECTID":103,"PARCEL_NO":558940004,"PARCELID":"558940004","PARCELID_LABEL":"55:894:0004","OWNER_NAME":"BCP DEVELOPMENT LLC","CARE_NAME":null,"ACREAGE":0.040381,"SITE_FULL_ADDRESS":"1225 E 1600 SOUTH Unit# 4, PROVO, UT","SITE_HOUSE_NUM":"1225","SITE_PRE_DIR":"E","SITE_STREET_NAME":"1600 SOUTH","SITE_STREET_TYPE":null,"SITE_POST_DIR":null,"SITE_STREET_UNIT":"4","SITE_CITY":"PROVO","SITE_STATE":"UT","SITE_ZIP5":"84606","OWN_FULL_ADDRESS":"300 S 1350 EAST 2ND FLOOR  LEHI, UT 84043","OWN_STREET_ADDRESS":"300 S 1350 EAST 2ND FLOOR","OWN_CITY":"LEHI","OWN_STATE":"UT","OWN_ZIP5":"84043","VESTING_DOC":"34691-2024","PARCEL_CREATE_DATE":1572912000000,"MAP_FILING_NO":"16754 ","SUB_NAME":"WILLOW CREEK TOWNHOMES","LEGAL_DESCR":"LOT 4, WILLOW CREEK TOWNHOMES SUB AREA 0.040 AC.","BOOK_PAGE":55894,"LOT":"4","BUILDING":null,"UNIT":null,"TAX_DISTRICT":"110","TAX_DISTRICT_DESCR":"PROVO CITY","SCHOOL_DISTRICT":"PROVO","TAXABLE_CODE":100,"ACCOUNT_TYPE":"HGHDENRES","PROP_TYPE":900,"PROP_TYPE_DESCR":"VACANT","SPECIFIC_PROP_TYPE":915,"SPC_PROP_TYP_DESCR":"Vac Townhome Lot","NEIGHBORHOOD":"900","NBHD_DISTRICT":"9110","LAND_DISTRICT":6424,"ECONOMIC_UNIT":null,"GLA_WEIGHTED_YRBLT":null,"TOTAL_ABOVE_GRADE_AREA":null,"TOTAL_MEZZANINE":null,"TOTAL_BASEMENT":null,"TOTAL_BSMT_FINISH":null,"TOTAL_UNIT_COUNT":null,"TOTAL_IMP_COUNT":null,"ASMT_YEAR":2026,"ASMT_CODE":"V","ASMT_CODE_DESCR":"VACANT","MKT_LAND_VALUE":93600,"MKT_LAND_RES":93600,"MKT_LAND_AGR":0,"MKT_LAND_COM":0,"MKT_IMP_VALUE":0,"MKT_IMP_RES":0,"MKT_IMP_AGR":0,"MKT_IMP_COM":0,"MKT_CUR_VALUE":93600,"MKT_PRV_VAL":93600,"MKT_VAL_YR_CHG":0,"MKT_PCT_CHG":0,"TXBL_CUR_VALUE":93600,"TXBL_PRV_VAL":93600,"TXBL_VAL_YR_CHG":0,"TXBL_PCT_CHG":0,"TOT_CUR_TAXES":0,"TOT_PRV_TAXES":0,"TAXES_YR_CHG":0,"TAXES_PCT_CHG":0,"GREENBELT":null,"EXEMPT_RES":"N","COMMON_AREA":null,"PUBLIC_ROAD":null,"PRIVATE_ROAD":null,"PART_CENTRAL_ASSD":null,"PART_TAXABLE":null,"IMP_NO_RES":null,"COST_GROUP_RES":null,"STYLE_DESCR_RES":null,"QUALITY_RES":null,"QUALITY_DESCR_RES":null,"CONDITION_RES":null,"CONDITION_DESCR_RES":null,"YEARBLT_RES":null,"GLA_RES":null,"BASEMENT_RES":null,"BSMT_FINISH_RES":null,"ATT_GARAGE_SQFT_RES":null,"BATHROOMS_RES":null,"GLA_BEDROOMS_RES":null,"EXTERIOR_RES":null,"ALLOCATION_PCT_RES":null,"IMP_NO_1":null,"USE_CODE_1":null,"USE_CODE_DESCR_1":null,"COST_CLASS_DESCR_1":null,"EXTERIOR_WALL_1":null,"ABOVE_GRADE_AREA_1":null,"MEZZANINE_1":null,"BASEMENT_1":null,"BSMT_FINISH_1":null,"BSMT_UNFINISH_1":null,"QUALITY_DESCR_1":null,"CONDITION_1":null,"CONDITION_DESCR_1":null,"YEAR_BUILT_1":null,"UNIT_COUNT_1":null,"PCT_COMPLETE_1":null,"ALLOCATION_PCT_1":null,"IMP_NO_2":null,"USE_CODE_2":null,"USE_CODE_DESCR_2":null,"COST_CLASS_DESCR_2":null,"EXTERIOR_WALL_2":null,"ABOVE_GRADE_AREA_2":null,"MEZZANINE_2":null,"BASEMENT_2":null,"BSMT_FINISH_2":null,"BSMT_UNFINISH_2":null,"QUALITY_DESCR_2":null,"CONDITION_2":null,"CONDITION_DESCR_2":null,"YEAR_BUILT_2":null,"UNIT_COUNT_2":null,"PCT_COMPLETE_2":null,"ALLOCATION_PCT_2":null,"TRAV_COUNT":1,"LASTUPDATE":null,"CREATED_DATE":1712330344000,"LAST_EDITED_DATE":1712330533000,"GLOBALID":"{ED202389-E559-4641-9E8A-4226A8BDDBC3}","SHAPE_Length":0.00053288985637162741,"SHAPE_Area":1.7290980626401543e-08}},{"type":"Feature","id":104,"geometry":{"type":"Polygon","coordinates":[[[-111.63414794599998,40.212219850000054],[-111.63407080499996,40.212114568000061],[-111.63394596499995,40.212168333000079],[-111.63402310799995,40.212273614000026],[-111.63414794599998,40.212219850000054]]]},"properties":{"OBJECTID":104,"PARCEL_NO":558940005,"PARCELID":"558940005","PARCELID_LABEL":"55:894:0005","OWNER_NAME":"BCP DEVELOPMENT LLC","CARE_NAME":null,"ACREAGE":0.040381,"SITE_FULL_ADDRESS":"1225 E 1600 SOUTH Unit# 5, PROVO, UT","SITE_HOUSE_NUM":"1225","SITE_PRE_DIR":"E","SITE_STREET_NAME":"1600 SOUTH","SITE_STREET_TYPE":null,"SITE_POST_DIR":null,"SITE_STREET_UNIT":"5","SITE_CITY":"PROVO","SITE_STATE":"UT","SITE_ZIP5":"84606","OWN_FULL_ADDRESS":"300 S 1350 EAST 2ND FLOOR  LEHI, UT 84043","OWN_STREET_ADDRESS":"300 S 1350 EAST 2ND FLOOR","OWN_CITY":"LEHI","OWN_STATE":"UT","OWN_ZIP5":"84043","VESTING_DOC":"34691-2024","PARCEL_CREATE_DATE":1572912000000,"MAP_FILING_NO":"16754 ","SUB_NAME":"WILLOW CREEK TOWNHOMES","LEGAL_DESCR":"LOT 5, WILLOW CREEK TOWNHOMES SUB AREA 0.040 AC.","BOOK_PAGE":55894,"LOT":"5","BUILDING":null,"UNIT":null,"TAX_DISTRICT":"110","TAX_DISTRICT_DESCR":"PROVO CITY","SCHOOL_DISTRICT":"PROVO","TAXABLE_CODE":100,"ACCOUNT_TYPE":"HGHDENRES","PROP_TYPE":900,"PROP_TYPE_DESCR":"VACANT","SPECIFIC_PROP_TYPE":915,"SPC_PROP_TYP_DESCR":"Vac Townhome Lot","NEIGHBORHOOD":"900","NBHD_DISTRICT":"9110","LAND_DISTRICT":6424,"ECONOMIC_UNIT":null,"GLA_WEIGHTED_YRBLT":null,"TOTAL_ABOVE_GRADE_AREA":null,"TOTAL_MEZZANINE":null,"TOTAL_BASEMENT":null,"TOTAL_BSMT_FINISH":null,"TOTAL_UNIT_COUNT":null,"TOTAL_IMP_COUNT":null,"ASMT_YEAR":2026,"ASMT_CODE":"V","ASMT_CODE_DESCR":"VACANT","MKT_LAND_VALUE":93600,"MKT_LAND_RES":93600,"MKT_LAND_AGR":0,"MKT_LAND_COM":0,"MKT_IMP_VALUE":0,"MKT_IMP_RES":0,"MKT_IMP_AGR":0,"MKT_IMP_COM":0,"MKT_CUR_VALUE":93600,"MKT_PRV_VAL":93600,"MKT_VAL_YR_CHG":0,"MKT_PCT_CHG":0,"TXBL_CUR_VALUE":93600,"TXBL_PRV_VAL":93600,"TXBL_VAL_YR_CHG":0,"TXBL_PCT_CHG":0,"TOT_CUR_TAXES":0,"TOT_PRV_TAXES":0,"TAXES_YR_CHG":0,"TAXES_PCT_CHG":0,"GREENBELT":null,"EXEMPT_RES":"N","COMMON_AREA":null,"PUBLIC_ROAD":null,"PRIVATE_ROAD":null,"PART_CENTRAL_ASSD":null,"PART_TAXABLE":null,"IMP_NO_RES":null,"COST_GROUP_RES":null,"STYLE_DESCR_RES":null,"QUALITY_RES":null,"QUALITY_DESCR_RES":null,"CONDITION_RES":null,"CONDITION_DESCR_RES":null,"YEARBLT_RES":null,"GLA_RES":null,"BASEMENT_RES":null,"BSMT_FINISH_RES":null,"ATT_GARAGE_SQFT_RES":null,"BATHROOMS_RES":null,"GLA_BEDROOMS_RES":null,"EXTERIOR_RES":null,"ALLOCATION_PCT_RES":null,"IMP_NO_1":null,"USE_CODE_1":null,"USE_CODE_DESCR_1":null,"COST_CLASS_DESCR_1":null,"EXTERIOR_WALL_1":null,"ABOVE_GRADE_AREA_1":null,"MEZZANINE_1":null,"BASEMENT_1":null,"BSMT_FINISH_1":null,"BSMT_UNFINISH_1":null,"QUALITY_DESCR_1":null,"CONDITION_1":null,"CONDITION_DESCR_1":null,"YEAR_BUILT_1":null,"UNIT_COUNT_1":null,"PCT_COMPLETE_1":null,"ALLOCATION_PCT_1":null,"IMP_NO_2":null,"USE_CODE_2":null,"USE_CODE_DESCR_2":null,"COST_CLASS_DESCR_2":null,"EXTERIOR_WALL_2":null,"ABOVE_GRADE_AREA_2":null,"MEZZANINE_2":null,"BASEMENT_2":null,"BSMT_FINISH_2":null,"BSMT_UNFINISH_2":null,"QUALITY_DESCR_2":null,"CONDITION_2":null,"CONDITION_DESCR_2":null,"YEAR_BUILT_2":null,"UNIT_COUNT_2":null,"PCT_COMPLETE_2":null,"ALLOCATION_PCT_2":null,"TRAV_COUNT":1,"LASTUPDATE":null,"CREATED_DATE":1712330344000,"LAST_EDITED_DATE":1712330533000,"GLOBALID":"{DFFA8DD2-36F7-4708-9D65-200F9D1A5715}","SHAPE_Length":0.00053288549526241602,"SHAPE_Area":1.7290738236224223e-08}},{"type":"Feature","id":105,"geometry":{"type":"Polygon","coordinates":[[[-111.63407081499997,40.21211455100007],[-111.63399367299996,40.212009271000056],[-111.63386883199996,40.212063035000028],[-111.63394597399997,40.212168316000032],[-111.63407081499997,40.21211455100007]]]},"properties":{"OBJECTID":105,"PARCEL_NO":558940006,"PARCELID":"558940006","PARCELID_LABEL":"55:894:0006","OWNER_NAME":"BCP DEVELOPMENT LLC","CARE_NAME":null,"ACREAGE":0.040382000000000001,"SITE_FULL_ADDRESS":"1225 E 1600 SOUTH Unit# 6, PROVO, UT","SITE_HOUSE_NUM":"1225","SITE_PRE_DIR":"E","SITE_STREET_NAME":"1600 SOUTH","SITE_STREET_TYPE":null,"SITE_POST_DIR":null,"SITE_STREET_UNIT":"6","SITE_CITY":"PROVO","SITE_STATE":"UT","SITE_ZIP5":"84606","OWN_FULL_ADDRESS":"300 S 1350 EAST 2ND FLOOR  LEHI, UT 84043","OWN_STREET_ADDRESS":"300 S 1350 EAST 2ND FLOOR","OWN_CITY":"LEHI","OWN_STATE":"UT","OWN_ZIP5":"84043","VESTING_DOC":"34691-2024","PARCEL_CREATE_DATE":1572912000000,"MAP_FILING_NO":"16754 ","SUB_NAME":"WILLOW CREEK TOWNHOMES","LEGAL_DESCR":"LOT 6, WILLOW CREEK TOWNHOMES SUB AREA 0.040 AC.","BOOK_PAGE":55894,"LOT":"6","BUILDING":null,"UNIT":null,"TAX_DISTRICT":"110","TAX_DISTRICT_DESCR":"PROVO CITY","SCHOOL_DISTRICT":"PROVO","TAXABLE_CODE":100,"ACCOUNT_TYPE":"HGHDENRES","PROP_TYPE":900,"PROP_TYPE_DESCR":"VACANT","SPECIFIC_PROP_TYPE":915,"SPC_PROP_TYP_DESCR":"Vac Townhome Lot","NEIGHBORHOOD":"900","NBHD_DISTRICT":"9110","LAND_DISTRICT":6424,"ECONOMIC_UNIT":null,"GLA_WEIGHTED_YRBLT":null,"TOTAL_ABOVE_GRADE_AREA":null,"TOTAL_MEZZANINE":null,"TOTAL_BASEMENT":null,"TOTAL_BSMT_FINISH":null,"TOTAL_UNIT_COUNT":null,"TOTAL_IMP_COUNT":null,"ASMT_YEAR":2026,"ASMT_CODE":"V","ASMT_CODE_DESCR":"VACANT","MKT_LAND_VALUE":93600,"MKT_LAND_RES":93600,"MKT_LAND_AGR":0,"MKT_LAND_COM":0,"MKT_IMP_VALUE":0,"MKT_IMP_RES":0,"MKT_IMP_AGR":0,"MKT_IMP_COM":0,"MKT_CUR_VALUE":93600,"MKT_PRV_VAL":93600,"MKT_VAL_YR_CHG":0,"MKT_PCT_CHG":0,"TXBL_CUR_VALUE":93600,"TXBL_PRV_VAL":93600,"TXBL_VAL_YR_CHG":0,"TXBL_PCT_CHG":0,"TOT_CUR_TAXES":0,"TOT_PRV_TAXES":0,"TAXES_YR_CHG":0,"TAXES_PCT_CHG":0,"GREENBELT":null,"EXEMPT_RES":"N","COMMON_AREA":null,"PUBLIC_ROAD":null,"PRIVATE_ROAD":null,"PART_CENTRAL_ASSD":null,"PART_TAXABLE":null,"IMP_NO_RES":null,"COST_GROUP_RES":null,"STYLE_DESCR_RES":null,"QUALITY_RES":null,"QUALITY_DESCR_RES":null,"CONDITION_RES":null,"CONDITION_DESCR_RES":null,"YEARBLT_RES":null,"GLA_RES":null,"BASEMENT_RES":null,"BSMT_FINISH_RES":null,"ATT_GARAGE_SQFT_RES":null,"BATHROOMS_RES":null,"GLA_BEDROOMS_RES":null,"EXTERIOR_RES":null,"ALLOCATION_PCT_RES":null,"IMP_NO_1":null,"USE_CODE_1":null,"USE_CODE_DESCR_1":null,"COST_CLASS_DESCR_1":null,"EXTERIOR_WALL_1":null,"ABOVE_GRADE_AREA_1":null,"MEZZANINE_1":null,"BASEMENT_1":null,"BSMT_FINISH_1":null,"BSMT_UNFINISH_1":null,"QUALITY_DESCR_1":null,"CONDITION_1":null,"CONDITION_DESCR_1":null,"YEAR_BUILT_1":null,"UNIT_COUNT_1":null,"PCT_COMPLETE_1":null,"ALLOCATION_PCT_1":null,"IMP_NO_2":null,"USE_CODE_2":null,"USE_CODE_DESCR_2":null,"COST_CLASS_DESCR_2":null,"EXTERIOR_WALL_2":null,"ABOVE_GRADE_AREA_2":null,"MEZZANINE_2":null,"BASEMENT_2":null,"BSMT_FINISH_2":null,"BSMT_UNFINISH_2":null,"QUALITY_DESCR_2":null,"CONDITION_2":null,"CONDITION_DESCR_2":null,"YEAR_BUILT_2":null,"UNIT_COUNT_2":null,"PCT_COMPLETE_2":null,"ALLOCATION_PCT_2":null,"TRAV_COUNT":1,"LASTUPDATE":null,"CREATED_DATE":1712330344000,"LAST_EDITED_DATE":1712330533000,"GLOBALID":"{339995EB-0B2C-45EA-916C-F6EA9CE2002B}","SHAPE_Length":0.00053288755576542035,"SHAPE_Area":1.7290823958673305e-08}},{"type":"Feature","id":106,"geometry":{"type":"Polygon","coordinates":[[[-111.63686354299995,40.212380402000065],[-111.63678639699998,40.21227512300004],[-111.63666155799996,40.212328891000027],[-111.63673870399998,40.212434170000051],[-111.63686354299995,40.212380402000065]]]},"properties":{"OBJECTID":106,"PARCEL_NO":558940031,"PARCELID":"558940031","PARCELID_LABEL":"55:894:0031","OWNER_NAME":"VILLA TWO LLC","CARE_NAME":null,"ACREAGE":0.040381,"SITE_FULL_ADDRESS":"1225 E 1600 SOUTH Unit# 31, PROVO, UT","SITE_HOUSE_NUM":"1225","SITE_PRE_DIR":"E","SITE_STREET_NAME":"1600 SOUTH","SITE_STREET_TYPE":null,"SITE_POST_DIR":null,"SITE_STREET_UNIT":"31","SITE_CITY":"PROVO","SITE_STATE":"UT","SITE_ZIP5":"84606","OWN_FULL_ADDRESS":"746 S 850 E  OREM, UT 84097-6534","OWN_STREET_ADDRESS":"746 S 850 E","OWN_CITY":"OREM","OWN_STATE":"UT","OWN_ZIP5":"84097","VESTING_DOC":"253-2021","PARCEL_CREATE_DATE":1572912000000,"MAP_FILING_NO":"16754 ","SUB_NAME":"WILLOW CREEK TOWNHOMES","LEGAL_DESCR":"LOT 31, WILLOW CREEK TOWNHOMES SUB AREA 0.040 AC.","BOOK_PAGE":55894,"LOT":"31","BUILDING":null,"UNIT":null,"TAX_DISTRICT":"110","TAX_DISTRICT_DESCR":"PROVO CITY","SCHOOL_DISTRICT":"PROVO","TAXABLE_CODE":100,"ACCOUNT_TYPE":"HGHDENRES","PROP_TYPE":900,"PROP_TYPE_DESCR":"VACANT","SPECIFIC_PROP_TYPE":915,"SPC_PROP_TYP_DESCR":"Vac Townhome Lot","NEIGHBORHOOD":"900","NBHD_DISTRICT":"9110","LAND_DISTRICT":6424,"ECONOMIC_UNIT":null,"GLA_WEIGHTED_YRBLT":null,"TOTAL_ABOVE_GRADE_AREA":null,"TOTAL_MEZZANINE":null,"TOTAL_BASEMENT":null,"TOTAL_BSMT_FINISH":null,"TOTAL_UNIT_COUNT":null,"TOTAL_IMP_COUNT":null,"ASMT_YEAR":2026,"ASMT_CODE":"V","ASMT_CODE_DESCR":"VACANT","MKT_LAND_VALUE":93600,"MKT_LAND_RES":93600,"MKT_LAND_AGR":0,"MKT_LAND_COM":0,"MKT_IMP_VALUE":0,"MKT_IMP_RES":0,"MKT_IMP_AGR":0,"MKT_IMP_COM":0,"MKT_CUR_VALUE":93600,"MKT_PRV_VAL":93600,"MKT_VAL_YR_CHG":0,"MKT_PCT_CHG":0,"TXBL_CUR_VALUE":93600,"TXBL_PRV_VAL":93600,"TXBL_VAL_YR_CHG":0,"TXBL_PCT_CHG":0,"TOT_CUR_TAXES":0,"TOT_PRV_TAXES":0,"TAXES_YR_CHG":0,"TAXES_PCT_CHG":0,"GREENBELT":null,"EXEMPT_RES":"N","COMMON_AREA":null,"PUBLIC_ROAD":null,"PRIVATE_ROAD":null,"PART_CENTRAL_ASSD":null,"PART_TAXABLE":null,"IMP_NO_RES":null,"COST_GROUP_RES":null,"STYLE_DESCR_RES":null,"QUALITY_RES":null,"QUALITY_DESCR_RES":null,"CONDITION_RES":null,"CONDITION_DESCR_RES":null,"YEARBLT_RES":null,"GLA_RES":null,"BASEMENT_RES":null,"BSMT_FINISH_RES":null,"ATT_GARAGE_SQFT_RES":null,"BATHROOMS_RES":null,"GLA_BEDROOMS_RES":null,"EXTERIOR_RES":null,"ALLOCATION_PCT_RES":null,"IMP_NO_1":null,"USE_CODE_1":null,"USE_CODE_DESCR_1":null,"COST_CLASS_DESCR_1":null,"EXTERIOR_WALL_1":null,"ABOVE_GRADE_AREA_1":null,"MEZZANINE_1":null,"BASEMENT_1":null,"BSMT_FINISH_1":null,"BSMT_UNFINISH_1":null,"QUALITY_DESCR_1":null,"CONDITION_1":null,"CONDITION_DESCR_1":null,"YEAR_BUILT_1":null,"UNIT_COUNT_1":null,"PCT_COMPLETE_1":null,"ALLOCATION_PCT_1":null,"IMP_NO_2":null,"USE_CODE_2":null,"USE_CODE_DESCR_2":null,"COST_CLASS_DESCR_2":null,"EXTERIOR_WALL_2":null,"ABOVE_GRADE_AREA_2":null,"MEZZANINE_2":null,"BASEMENT_2":null,"BSMT_FINISH_2":null,"BSMT_UNFINISH_2":null,"QUALITY_DESCR_2":null,"CONDITION_2":null,"CONDITION_DESCR_2":null,"YEAR_BUILT_2":null,"UNIT_COUNT_2":null,"PCT_COMPLETE_2":null,"ALLOCATION_PCT_2":null,"TRAV_COUNT":1,"LASTUPDATE":null,"CREATED_DATE":1712330344000,"LAST_EDITED_DATE":1712330533000,"GLOBALID":"{06731D04-2014-4A8C-9DF4-BBD9B431468F}","SHAPE_Length":0.00053288895948363753,"SHAPE_Area":1.7290911210171516e-08}},{"type":"Feature","id":107,"geometry":{"type":"Polygon","coordinates":[[[-111.63388655999995,40.212458909000077],[-111.63388629499997,40.212484048000078],[-111.63409914099998,40.212485368000046],[-111.63462649199994,40.212488638000025],[-111.63490269799996,40.212490347000028],[-111.63490336499996,40.212427005000052],[-111.63482622099997,40.212321724000049],[-111.63474907599999,40.212216444000035],[-111.63487391599995,40.212162677000038],[-111.63485638099996,40.212138752000044],[-111.63473154099995,40.212192519000041],[-111.63465439799995,40.212087238000038],[-111.63457725399996,40.211981958000081],[-111.63442589999994,40.211926702000028],[-111.63450304099996,40.212031983000031],[-111.63458018399996,40.212137264000035],[-111.63445534599998,40.212191030000042],[-111.63437820299998,40.212085749000039],[-111.63430105899994,40.211980469000025],[-111.63399366499999,40.212009280000075],[-111.63407080699994,40.212114561000078],[-111.63414794899995,40.212219842000025],[-111.63422509199995,40.212325124000074],[-111.63410025199994,40.212378890000025],[-111.63402310999999,40.212273608000032],[-111.63394596599994,40.212168328000075],[-111.63386882499998,40.212063047000072],[-111.63377997399999,40.212089300000059],[-111.63385711599994,40.212194581000062],[-111.63393425699996,40.212299862000066],[-111.63401140099995,40.212405143000069],[-111.63388655999995,40.212458909000077]],[[-111.63475200299996,40.21237175300007],[-111.63462716299995,40.212425520000068],[-111.63447287799994,40.212214958000061],[-111.63459771699996,40.212161191000064],[-111.63475200299996,40.21237175300007]]]},"properties":{"OBJECTID":107,"PARCEL_NO":558940034,"PARCELID":"558940034","PARCELID_LABEL":"55:894:0034","OWNER_NAME":"COMMON AREA","CARE_NAME":null,"ACREAGE":3.2186909999999997,"SITE_FULL_ADDRESS":"PROVO, UT","SITE_HOUSE_NUM":" ","SITE_PRE_DIR":null,"SITE_STREET_NAME":null,"SITE_STREET_TYPE":null,"SITE_POST_DIR":null,"SITE_STREET_UNIT":null,"SITE_CITY":"PROVO","SITE_STATE":"UT","SITE_ZIP5":"84606","OWN_FULL_ADDRESS":"100 E CENTER ST  PROVO, UT 84606-3106","OWN_STREET_ADDRESS":"100 E CENTER ST","OWN_CITY":"PROVO","OWN_STATE":"UT","OWN_ZIP5":"84606","VESTING_DOC":"103874-2019","PARCEL_CREATE_DATE":1572912000000,"MAP_FILING_NO":"16754 ","SUB_NAME":"WILLOW CREEK TOWNHOMES","LEGAL_DESCR":"OPEN SPACE A, WILLOW CREEK TOWNHOMES SUB AREA 0.742 AC. ALSO OPEN SPACE A, WILLOW CREEK TOWNHOMES SUB AREA 0.455 AC. ALSO OPEN SPACE A, WILLOW CREEK TOWNHOMES SUB AREA 0.545 AC. ALSO OPEN SPACE A, WILLOW CREEK TOWNHOMES SUB AREA 0.503 AC. ALSO OPEN SPACE A, WILLOW CREEK TOWNHOMES SUB AREA 0.973 AC. TOTAL AREA 3.219 AC.","BOOK_PAGE":55894,"LOT":null,"BUILDING":null,"UNIT":null,"TAX_DISTRICT":"110","TAX_DISTRICT_DESCR":"PROVO CITY","SCHOOL_DISTRICT":"PROVO","TAXABLE_CODE":600,"ACCOUNT_TYPE":"EXEMPT","PROP_TYPE":951,"PROP_TYPE_DESCR":"EXEMPT","SPECIFIC_PROP_TYPE":951,"SPC_PROP_TYP_DESCR":"Exempt","NEIGHBORHOOD":"1000","NBHD_DISTRICT":"8999","LAND_DISTRICT":8999,"ECONOMIC_UNIT":null,"GLA_WEIGHTED_YRBLT":null,"TOTAL_ABOVE_GRADE_AREA":null,"TOTAL_MEZZANINE":null,"TOTAL_BASEMENT":null,"TOTAL_BSMT_FINISH":null,"TOTAL_UNIT_COUNT":null,"TOTAL_IMP_COUNT":null,"ASMT_YEAR":2026,"ASMT_CODE":"UNK","ASMT_CODE_DESCR":"UNK","MKT_LAND_VALUE":0,"MKT_LAND_RES":0,"MKT_LAND_AGR":0,"MKT_LAND_COM":0,"MKT_IMP_VALUE":0,"MKT_IMP_RES":0,"MKT_IMP_AGR":0,"MKT_IMP_COM":0,"MKT_CUR_VALUE":0,"MKT_PRV_VAL":0,"MKT_VAL_YR_CHG":0,"MKT_PCT_CHG":0,"TXBL_CUR_VALUE":0,"TXBL_PRV_VAL":0,"TXBL_VAL_YR_CHG":0,"TXBL_PCT_CHG":0,"TOT_CUR_TAXES":0,"TOT_PRV_TAXES":0,"TAXES_YR_CHG":0,"TAXES_PCT_CHG":0,"GREENBELT":null,"EXEMPT_RES":"UNK","COMMON_AREA":null,"PUBLIC_ROAD":null,"PRIVATE_ROAD":null,"PART_CENTRAL_ASSD":null,"PART_TAXABLE":null,"IMP_NO_RES":null,"COST_GROUP_RES":null,"STYLE_DESCR_RES":null,"QUALITY_RES":null,"QUALITY_DESCR_RES":null,"CONDITION_RES":null,"CONDITION_DESCR_RES":null,"YEARBLT_RES":null,"GLA_RES":null,"BASEMENT_RES":null,"BSMT_FINISH_RES":null,"ATT_GARAGE_SQFT_RES":null,"BATHROOMS_RES":null,"GLA_BEDROOMS_RES":null,"EXTERIOR_RES":null,"ALLOCATION_PCT_RES":null,"IMP_NO_1":null,"USE_CODE_1":null,"USE_CODE_DESCR_1":null,"COST_CLASS_DESCR_1":null,"EXTERIOR_WALL_1":null,"ABOVE_GRADE_AREA_1":null,"MEZZANINE_1":null,"BASEMENT_1":null,"BSMT_FINISH_1":null,"BSMT_UNFINISH_1":null,"QUALITY_DESCR_1":null,"CONDITION_1":null,"CONDITION_DESCR_1":null,"YEAR_BUILT_1":null,"UNIT_COUNT_1":null,"PCT_COMPLETE_1":null,"ALLOCATION_PCT_1":null,"IMP_NO_2":null,"USE_CODE_2":null,"USE_CODE_DESCR_2":null,"COST_CLASS_DESCR_2":null,"EXTERIOR_WALL_2":null,"ABOVE_GRADE_AREA_2":null,"MEZZANINE_2":null,"BASEMENT_2":null,"BSMT_FINISH_2":null,"BSMT_UNFINISH_2":null,"QUALITY_DESCR_2":null,"CONDITION_2":null,"CONDITION_DESCR_2":null,"YEAR_BUILT_2":null,"UNIT_COUNT_2":null,"PCT_COMPLETE_2":null,"ALLOCATION_PCT_2":null,"TRAV_COUNT":5,"LASTUPDATE":null,"CREATED_DATE":1712330344000,"LAST_EDITED_DATE":1712330533000,"GLOBALID":"{E3E12C4D-ED4E-4BBA-B980-5C037638996E}","SHAPE_Length":0.005389454520369842,"SHAPE_Area":3.1785984606973912e-07}},{"type":"Feature","id":108,"geometry":{"type":"Polygon","coordinates":[[[-111.63539753399999,40.212493426000037],[-111.63539755399995,40.212493429000062],[-111.63539822299998,40.212429924000048],[-111.63532107899999,40.212324644000034],[-111.63524393299997,40.212219364000077],[-111.63536877199999,40.21216559700008],[-111.63535123899999,40.21214167100004],[-111.63522639999996,40.212195438000037],[-111.63514925599998,40.212090157000034],[-111.63507211099994,40.211984878000067],[-111.63470208399997,40.21192820400006],[-111.63477922599998,40.212033485000063],[-111.63485636899998,40.212138765000077],[-111.63487390499995,40.212162692000049],[-111.63495104799995,40.212267972000063],[-111.63502819199999,40.212373253000067],[-111.63490335299997,40.212427020000064],[-111.63490268499999,40.212490360000061],[-111.63539753399999,40.212493426000037]]]},"properties":{"OBJECTID":108,"PARCEL_NO":558940034,"PARCELID":"558940034","PARCELID_LABEL":"55:894:0034","OWNER_NAME":"COMMON AREA","CARE_NAME":null,"ACREAGE":3.2186909999999997,"SITE_FULL_ADDRESS":"PROVO, UT","SITE_HOUSE_NUM":" ","SITE_PRE_DIR":null,"SITE_STREET_NAME":null,"SITE_STREET_TYPE":null,"SITE_POST_DIR":null,"SITE_STREET_UNIT":null,"SITE_CITY":"PROVO","SITE_STATE":"UT","SITE_ZIP5":"84606","OWN_FULL_ADDRESS":"100 E CENTER ST  PROVO, UT 84606-3106","OWN_STREET_ADDRESS":"100 E CENTER ST","OWN_CITY":"PROVO","OWN_STATE":"UT","OWN_ZIP5":"84606","VESTING_DOC":"103874-2019","PARCEL_CREATE_DATE":1572912000000,"MAP_FILING_NO":"16754 ","SUB_NAME":"WILLOW CREEK TOWNHOMES","LEGAL_DESCR":"OPEN SPACE A, WILLOW CREEK TOWNHOMES SUB AREA 0.742 AC. ALSO OPEN SPACE A, WILLOW CREEK TOWNHOMES SUB AREA 0.455 AC. ALSO OPEN SPACE A, WILLOW CREEK TOWNHOMES SUB AREA 0.545 AC. ALSO OPEN SPACE A, WILLOW CREEK TOWNHOMES SUB AREA 0.503 AC. ALSO OPEN SPACE A, WILLOW CREEK TOWNHOMES SUB AREA 0.973 AC. TOTAL AREA 3.219 AC.","BOOK_PAGE":55894,"LOT":null,"BUILDING":null,"UNIT":null,"TAX_DISTRICT":"110","TAX_DISTRICT_DESCR":"PROVO CITY","SCHOOL_DISTRICT":"PROVO","TAXABLE_CODE":600,"ACCOUNT_TYPE":"EXEMPT","PROP_TYPE":951,"PROP_TYPE_DESCR":"EXEMPT","SPECIFIC_PROP_TYPE":951,"SPC_PROP_TYP_DESCR":"Exempt","NEIGHBORHOOD":"1000","NBHD_DISTRICT":"8999","LAND_DISTRICT":8999,"ECONOMIC_UNIT":null,"GLA_WEIGHTED_YRBLT":null,"TOTAL_ABOVE_GRADE_AREA":null,"TOTAL_MEZZANINE":null,"TOTAL_BASEMENT":null,"TOTAL_BSMT_FINISH":null,"TOTAL_UNIT_COUNT":null,"TOTAL_IMP_COUNT":null,"ASMT_YEAR":2026,"ASMT_CODE":"UNK","ASMT_CODE_DESCR":"UNK","MKT_LAND_VALUE":0,"MKT_LAND_RES":0,"MKT_LAND_AGR":0,"MKT_LAND_COM":0,"MKT_IMP_VALUE":0,"MKT_IMP_RES":0,"MKT_IMP_AGR":0,"MKT_IMP_COM":0,"MKT_CUR_VALUE":0,"MKT_PRV_VAL":0,"MKT_VAL_YR_CHG":0,"MKT_PCT_CHG":0,"TXBL_CUR_VALUE":0,"TXBL_PRV_VAL":0,"TXBL_VAL_YR_CHG":0,"TXBL_PCT_CHG":0,"TOT_CUR_TAXES":0,"TOT_PRV_TAXES":0,"TAXES_YR_CHG":0,"TAXES_PCT_CHG":0,"GREENBELT":null,"EXEMPT_RES":"UNK","COMMON_AREA":null,"PUBLIC_ROAD":null,"PRIVATE_ROAD":null,"PART_CENTRAL_ASSD":null,"PART_TAXABLE":null,"IMP_NO_RES":null,"COST_GROUP_RES":null,"STYLE_DESCR_RES":null,"QUALITY_RES":null,"QUALITY_DESCR_RES":null,"CONDITION_RES":null,"CONDITION_DESCR_RES":null,"YEARBLT_RES":null,"GLA_RES":null,"BASEMENT_RES":null,"BSMT_FINISH_RES":null,"ATT_GARAGE_SQFT_RES":null,"BATHROOMS_RES":null,"GLA_BEDROOMS_RES":null,"EXTERIOR_RES":null,"ALLOCATION_PCT_RES":null,"IMP_NO_1":null,"USE_CODE_1":null,"USE_CODE_DESCR_1":null,"COST_CLASS_DESCR_1":null,"EXTERIOR_WALL_1":null,"ABOVE_GRADE_AREA_1":null,"MEZZANINE_1":null,"BASEMENT_1":null,"BSMT_FINISH_1":null,"BSMT_UNFINISH_1":null,"QUALITY_DESCR_1":null,"CONDITION_1":null,"CONDITION_DESCR_1":null,"YEAR_BUILT_1":null,"UNIT_COUNT_1":null,"PCT_COMPLETE_1":null,"ALLOCATION_PCT_1":null,"IMP_NO_2":null,"USE_CODE_2":null,"USE_CODE_DESCR_2":null,"COST_CLASS_DESCR_2":null,"EXTERIOR_WALL_2":null,"ABOVE_GRADE_AREA_2":null,"MEZZANINE_2":null,"BASEMENT_2":null,"BSMT_FINISH_2":null,"BSMT_UNFINISH_2":null,"QUALITY_DESCR_2":null,"CONDITION_2":null,"CONDITION_DESCR_2":null,"YEAR_BUILT_2":null,"UNIT_COUNT_2":null,"PCT_COMPLETE_2":null,"ALLOCATION_PCT_2":null,"TRAV_COUNT":5,"LASTUPDATE":null,"CREATED_DATE":1712330344000,"LAST_EDITED_DATE":1712330533000,"GLOBALID":"{EF2B29C8-AA6E-4F66-9B7A-8574A047C81F}","SHAPE_Length":0.0025073247654922443,"SHAPE_Area":1.9500131432045521e-07}},{"type":"Feature","id":109,"geometry":{"type":"Polygon","coordinates":[[[-111.63624125799998,40.212498647000075],[-111.63624124599994,40.212498637000067],[-111.63624192099996,40.212434501000075],[-111.63616477499994,40.212329221000061],[-111.63608762799998,40.212223942000037],[-111.63621246699995,40.21217017400005],[-111.63619493399995,40.212146247000078],[-111.63607009499998,40.212200016000054],[-111.63599294999995,40.212094735000051],[-111.63591580299999,40.211989456000026],[-111.63593213399997,40.212168616000042],[-111.63600927999994,40.212273896000056],[-111.63608642499997,40.21237917600007],[-111.63596158599995,40.212432944000057],[-111.63588444099997,40.212327664000043],[-111.63580729399996,40.212222384000029],[-111.63562748199996,40.212143241000035],[-111.63550264299994,40.212197009000079],[-111.63542549899995,40.212091728000075],[-111.63534835299998,40.211986449000051],[-111.63519693399996,40.211931105000076],[-111.63527407799995,40.212036386000079],[-111.63535122299999,40.212141665000047],[-111.63536875599999,40.212165592000076],[-111.63544589999998,40.21227087300008],[-111.63552304499996,40.212376153000037],[-111.63539820599999,40.21242992100008],[-111.63539753599997,40.212493425000048],[-111.63562931799999,40.212494861000039],[-111.63580829999995,40.212495969000031],[-111.63608518599995,40.212497681000059],[-111.63624125799998,40.212498647000075]]]},"properties":{"OBJECTID":109,"PARCEL_NO":558940034,"PARCELID":"558940034","PARCELID_LABEL":"55:894:0034","OWNER_NAME":"COMMON AREA","CARE_NAME":null,"ACREAGE":3.2186909999999997,"SITE_FULL_ADDRESS":"PROVO, UT","SITE_HOUSE_NUM":" ","SITE_PRE_DIR":null,"SITE_STREET_NAME":null,"SITE_STREET_TYPE":null,"SITE_POST_DIR":null,"SITE_STREET_UNIT":null,"SITE_CITY":"PROVO","SITE_STATE":"UT","SITE_ZIP5":"84606","OWN_FULL_ADDRESS":"100 E CENTER ST  PROVO, UT 84606-3106","OWN_STREET_ADDRESS":"100 E CENTER ST","OWN_CITY":"PROVO","OWN_STATE":"UT","OWN_ZIP5":"84606","VESTING_DOC":"103874-2019","PARCEL_CREATE_DATE":1572912000000,"MAP_FILING_NO":"16754 ","SUB_NAME":"WILLOW CREEK TOWNHOMES","LEGAL_DESCR":"OPEN SPACE A, WILLOW CREEK TOWNHOMES SUB AREA 0.742 AC. ALSO OPEN SPACE A, WILLOW CREEK TOWNHOMES SUB AREA 0.455 AC. ALSO OPEN SPACE A, WILLOW CREEK TOWNHOMES SUB AREA 0.545 AC. ALSO OPEN SPACE A, WILLOW CREEK TOWNHOMES SUB AREA 0.503 AC. ALSO OPEN SPACE A, WILLOW CREEK TOWNHOMES SUB AREA 0.973 AC. TOTAL AREA 3.219 AC.","BOOK_PAGE":55894,"LOT":null,"BUILDING":null,"UNIT":null,"TAX_DISTRICT":"110","TAX_DISTRICT_DESCR":"PROVO CITY","SCHOOL_DISTRICT":"PROVO","TAXABLE_CODE":600,"ACCOUNT_TYPE":"EXEMPT","PROP_TYPE":951,"PROP_TYPE_DESCR":"EXEMPT","SPECIFIC_PROP_TYPE":951,"SPC_PROP_TYP_DESCR":"Exempt","NEIGHBORHOOD":"1000","NBHD_DISTRICT":"8999","LAND_DISTRICT":8999,"ECONOMIC_UNIT":null,"GLA_WEIGHTED_YRBLT":null,"TOTAL_ABOVE_GRADE_AREA":null,"TOTAL_MEZZANINE":null,"TOTAL_BASEMENT":null,"TOTAL_BSMT_FINISH":null,"TOTAL_UNIT_COUNT":null,"TOTAL_IMP_COUNT":null,"ASMT_YEAR":2026,"ASMT_CODE":"UNK","ASMT_CODE_DESCR":"UNK","MKT_LAND_VALUE":0,"MKT_LAND_RES":0,"MKT_LAND_AGR":0,"MKT_LAND_COM":0,"MKT_IMP_VALUE":0,"MKT_IMP_RES":0,"MKT_IMP_AGR":0,"MKT_IMP_COM":0,"MKT_CUR_VALUE":0,"MKT_PRV_VAL":0,"MKT_VAL_YR_CHG":0,"MKT_PCT_CHG":0,"TXBL_CUR_VALUE":0,"TXBL_PRV_VAL":0,"TXBL_VAL_YR_CHG":0,"TXBL_PCT_CHG":0,"TOT_CUR_TAXES":0,"TOT_PRV_TAXES":0,"TAXES_YR_CHG":0,"TAXES_PCT_CHG":0,"GREENBELT":null,"EXEMPT_RES":"UNK","COMMON_AREA":null,"PUBLIC_ROAD":null,"PRIVATE_ROAD":null,"PART_CENTRAL_ASSD":null,"PART_TAXABLE":null,"IMP_NO_RES":null,"COST_GROUP_RES":null,"STYLE_DESCR_RES":null,"QUALITY_RES":null,"QUALITY_DESCR_RES":null,"CONDITION_RES":null,"CONDITION_DESCR_RES":null,"YEARBLT_RES":null,"GLA_RES":null,"BASEMENT_RES":null,"BSMT_FINISH_RES":null,"ATT_GARAGE_SQFT_RES":null,"BATHROOMS_RES":null,"GLA_BEDROOMS_RES":null,"EXTERIOR_RES":null,"ALLOCATION_PCT_RES":null,"IMP_NO_1":null,"USE_CODE_1":null,"USE_CODE_DESCR_1":null,"COST_CLASS_DESCR_1":null,"EXTERIOR_WALL_1":null,"ABOVE_GRADE_AREA_1":null,"MEZZANINE_1":null,"BASEMENT_1":null,"BSMT_FINISH_1":null,"BSMT_UNFINISH_1":null,"QUALITY_DESCR_1":null,"CONDITION_1":null,"CONDITION_DESCR_1":null,"YEAR_BUILT_1":null,"UNIT_COUNT_1":null,"PCT_COMPLETE_1":null,"ALLOCATION_PCT_1":null,"IMP_NO_2":null,"USE_CODE_2":null,"USE_CODE_DESCR_2":null,"COST_CLASS_DESCR_2":null,"EXTERIOR_WALL_2":null,"ABOVE_GRADE_AREA_2":null,"MEZZANINE_2":null,"BASEMENT_2":null,"BSMT_FINISH_2":null,"BSMT_UNFINISH_2":null,"QUALITY_DESCR_2":null,"CONDITION_2":null,"CONDITION_DESCR_2":null,"YEAR_BUILT_2":null,"UNIT_COUNT_2":null,"PCT_COMPLETE_2":null,"ALLOCATION_PCT_2":null,"TRAV_COUNT":5,"LASTUPDATE":null,"CREATED_DATE":1712330344000,"LAST_EDITED_DATE":1712330533000,"GLOBALID":"{679D92F9-F58D-46BA-9619-F064EF14F56A}","SHAPE_Length":0.0040752040125806299,"SHAPE_Area":2.3338360727960465e-07}},{"type":"Feature","id":110,"geometry":{"type":"Polygon","coordinates":[[[-111.63673802699998,40.212501167000028],[-111.63673801699997,40.212501162000081],[-111.63673872099997,40.212434173000076],[-111.63666157599994,40.212328893000063],[-111.63658442699995,40.212223615000028],[-111.63650728199997,40.212118335000071],[-111.63663211999994,40.212064567000027],[-111.63661455299996,40.212040623000064],[-111.63648971599997,40.21209439200004],[-111.63641256999995,40.211989112000026],[-111.63633542299999,40.211883833000059],[-111.63604067199998,40.211935701000073],[-111.63611781699996,40.21204098100003],[-111.63619496299998,40.212146261000044],[-111.63621249599998,40.212170188000073],[-111.63628964199995,40.21227546800003],[-111.63636678799998,40.212380748000044],[-111.63624194899995,40.21243451600003],[-111.63624127399999,40.212498651000033],[-111.63673802699998,40.212501167000028]]]},"properties":{"OBJECTID":110,"PARCEL_NO":558940034,"PARCELID":"558940034","PARCELID_LABEL":"55:894:0034","OWNER_NAME":"COMMON AREA","CARE_NAME":null,"ACREAGE":3.2186909999999997,"SITE_FULL_ADDRESS":"PROVO, UT","SITE_HOUSE_NUM":" ","SITE_PRE_DIR":null,"SITE_STREET_NAME":null,"SITE_STREET_TYPE":null,"SITE_POST_DIR":null,"SITE_STREET_UNIT":null,"SITE_CITY":"PROVO","SITE_STATE":"UT","SITE_ZIP5":"84606","OWN_FULL_ADDRESS":"100 E CENTER ST  PROVO, UT 84606-3106","OWN_STREET_ADDRESS":"100 E CENTER ST","OWN_CITY":"PROVO","OWN_STATE":"UT","OWN_ZIP5":"84606","VESTING_DOC":"103874-2019","PARCEL_CREATE_DATE":1572912000000,"MAP_FILING_NO":"16754 ","SUB_NAME":"WILLOW CREEK TOWNHOMES","LEGAL_DESCR":"OPEN SPACE A, WILLOW CREEK TOWNHOMES SUB AREA 0.742 AC. ALSO OPEN SPACE A, WILLOW CREEK TOWNHOMES SUB AREA 0.455 AC. ALSO OPEN SPACE A, WILLOW CREEK TOWNHOMES SUB AREA 0.545 AC. ALSO OPEN SPACE A, WILLOW CREEK TOWNHOMES SUB AREA 0.503 AC. ALSO OPEN SPACE A, WILLOW CREEK TOWNHOMES SUB AREA 0.973 AC. TOTAL AREA 3.219 AC.","BOOK_PAGE":55894,"LOT":null,"BUILDING":null,"UNIT":null,"TAX_DISTRICT":"110","TAX_DISTRICT_DESCR":"PROVO CITY","SCHOOL_DISTRICT":"PROVO","TAXABLE_CODE":600,"ACCOUNT_TYPE":"EXEMPT","PROP_TYPE":951,"PROP_TYPE_DESCR":"EXEMPT","SPECIFIC_PROP_TYPE":951,"SPC_PROP_TYP_DESCR":"Exempt","NEIGHBORHOOD":"1000","NBHD_DISTRICT":"8999","LAND_DISTRICT":8999,"ECONOMIC_UNIT":null,"GLA_WEIGHTED_YRBLT":null,"TOTAL_ABOVE_GRADE_AREA":null,"TOTAL_MEZZANINE":null,"TOTAL_BASEMENT":null,"TOTAL_BSMT_FINISH":null,"TOTAL_UNIT_COUNT":null,"TOTAL_IMP_COUNT":null,"ASMT_YEAR":2026,"ASMT_CODE":"UNK","ASMT_CODE_DESCR":"UNK","MKT_LAND_VALUE":0,"MKT_LAND_RES":0,"MKT_LAND_AGR":0,"MKT_LAND_COM":0,"MKT_IMP_VALUE":0,"MKT_IMP_RES":0,"MKT_IMP_AGR":0,"MKT_IMP_COM":0,"MKT_CUR_VALUE":0,"MKT_PRV_VAL":0,"MKT_VAL_YR_CHG":0,"MKT_PCT_CHG":0,"TXBL_CUR_VALUE":0,"TXBL_PRV_VAL":0,"TXBL_VAL_YR_CHG":0,"TXBL_PCT_CHG":0,"TOT_CUR_TAXES":0,"TOT_PRV_TAXES":0,"TAXES_YR_CHG":0,"TAXES_PCT_CHG":0,"GREENBELT":null,"EXEMPT_RES":"UNK","COMMON_AREA":null,"PUBLIC_ROAD":null,"PRIVATE_ROAD":null,"PART_CENTRAL_ASSD":null,"PART_TAXABLE":null,"IMP_NO_RES":null,"COST_GROUP_RES":null,"STYLE_DESCR_RES":null,"QUALITY_RES":null,"QUALITY_DESCR_RES":null,"CONDITION_RES":null,"CONDITION_DESCR_RES":null,"YEARBLT_RES":null,"GLA_RES":null,"BASEMENT_RES":null,"BSMT_FINISH_RES":null,"ATT_GARAGE_SQFT_RES":null,"BATHROOMS_RES":null,"GLA_BEDROOMS_RES":null,"EXTERIOR_RES":null,"ALLOCATION_PCT_RES":null,"IMP_NO_1":null,"USE_CODE_1":null,"USE_CODE_DESCR_1":null,"COST_CLASS_DESCR_1":null,"EXTERIOR_WALL_1":null,"ABOVE_GRADE_AREA_1":null,"MEZZANINE_1":null,"BASEMENT_1":null,"BSMT_FINISH_1":null,"BSMT_UNFINISH_1":null,"QUALITY_DESCR_1":null,"CONDITION_1":null,"CONDITION_DESCR_1":null,"YEAR_BUILT_1":null,"UNIT_COUNT_1":null,"PCT_COMPLETE_1":null,"ALLOCATION_PCT_1":null,"IMP_NO_2":null,"USE_CODE_2":null,"USE_CODE_DESCR_2":null,"COST_CLASS_DESCR_2":null,"EXTERIOR_WALL_2":null,"ABOVE_GRADE_AREA_2":null,"MEZZANINE_2":null,"BASEMENT_2":null,"BSMT_FINISH_2":null,"BSMT_UNFINISH_2":null,"QUALITY_DESCR_2":null,"CONDITION_2":null,"CONDITION_DESCR_2":null,"YEAR_BUILT_2":null,"UNIT_COUNT_2":null,"PCT_COMPLETE_2":null,"ALLOCATION_PCT_2":null,"TRAV_COUNT":5,"LASTUPDATE":null,"CREATED_DATE":1712330344000,"LAST_EDITED_DATE":1712330533000,"GLOBALID":"{27485688-7E45-4ED1-9BBF-BA10CAF017A0}","SHAPE_Length":0.002568991633372107,"SHAPE_Area":2.1545738106874165e-07}},{"type":"Feature","id":111,"geometry":{"type":"Polygon","coordinates":[[[-111.63724148699998,40.212502908000033],[-111.63724149899997,40.212502907000044],[-111.63647295999999,40.211774794000064],[-111.63643464399996,40.211798568000063],[-111.63637328304509,40.211831542449239],[-111.63630914057416,40.211858712736436],[-111.63624276416482,40.211879846911714],[-111.63617472046558,40.211894764554813],[-111.63610559035844,40.211903338315359],[-111.63603596399997,40.211905495000053],[-111.63423415699998,40.211895372000072],[-111.63418458259633,40.211897155461386],[-111.63413535572619,40.211903280613456],[-111.63408685589418,40.211913700235669],[-111.63403945699997,40.211928334000049],[-111.63358933799998,40.212091642000075],[-111.63358138210064,40.212094772478942],[-111.6335740187461,40.212099117273752],[-111.63356743184562,40.212104567867669],[-111.6335617859155,40.212110988125083],[-111.63355722197015,40.212118217691796],[-111.63355385399996,40.212126076000061],[-111.63381583799998,40.212483625000061],[-111.63388628599995,40.212484062000044],[-111.63388655099999,40.212458925000078],[-111.63380940899998,40.212353643000029],[-111.63373226499999,40.212248362000025],[-111.63365512399997,40.212143080000033],[-111.63377996499997,40.212089316000061],[-111.63386881499997,40.212063063000073],[-111.63399365699996,40.212009299000044],[-111.63430105099997,40.211980487000062],[-111.63442588999999,40.211926721000054],[-111.63457724399996,40.211981976000061],[-111.63470208399997,40.211928210000053],[-111.63507211199999,40.211984883000071],[-111.63519695099995,40.211931117000063],[-111.63534836899998,40.211986460000048],[-111.63547320799995,40.211932693000051],[-111.63555035199994,40.212037973000065],[-111.63562749699997,40.212143254000068],[-111.63580730999996,40.212222397000062],[-111.63593214899998,40.212168629000075],[-111.63591581799994,40.211989470000049],[-111.63604065599998,40.211935702000062],[-111.63633540599994,40.211883834000048],[-111.63646024299999,40.211830066000061],[-111.63653738899995,40.211935346000075],[-111.63661453499998,40.212040625000043],[-111.63663210299995,40.212064569000063],[-111.63670924899998,40.212169849000077],[-111.63678639499994,40.212275128000044],[-111.63686354199996,40.212380408000058],[-111.63673870399998,40.212434177000034],[-111.63673799999998,40.212501166000038],[-111.63724148699998,40.212502908000033]]]},"properties":{"OBJECTID":111,"PARCEL_NO":558940034,"PARCELID":"558940034","PARCELID_LABEL":"55:894:0034","OWNER_NAME":"COMMON AREA","CARE_NAME":null,"ACREAGE":3.2186909999999997,"SITE_FULL_ADDRESS":"PROVO, UT","SITE_HOUSE_NUM":" ","SITE_PRE_DIR":null,"SITE_STREET_NAME":null,"SITE_STREET_TYPE":null,"SITE_POST_DIR":null,"SITE_STREET_UNIT":null,"SITE_CITY":"PROVO","SITE_STATE":"UT","SITE_ZIP5":"84606","OWN_FULL_ADDRESS":"100 E CENTER ST  PROVO, UT 84606-3106","OWN_STREET_ADDRESS":"100 E CENTER ST","OWN_CITY":"PROVO","OWN_STATE":"UT","OWN_ZIP5":"84606","VESTING_DOC":"103874-2019","PARCEL_CREATE_DATE":1572912000000,"MAP_FILING_NO":"16754 ","SUB_NAME":"WILLOW CREEK TOWNHOMES","LEGAL_DESCR":"OPEN SPACE A, WILLOW CREEK TOWNHOMES SUB AREA 0.742 AC. ALSO OPEN SPACE A, WILLOW CREEK TOWNHOMES SUB AREA 0.455 AC. ALSO OPEN SPACE A, WILLOW CREEK TOWNHOMES SUB AREA 0.545 AC. ALSO OPEN SPACE A, WILLOW CREEK TOWNHOMES SUB AREA 0.503 AC. ALSO OPEN SPACE A, WILLOW CREEK TOWNHOMES SUB AREA 0.973 AC. TOTAL AREA 3.219 AC.","BOOK_PAGE":55894,"LOT":null,"BUILDING":null,"UNIT":null,"TAX_DISTRICT":"110","TAX_DISTRICT_DESCR":"PROVO CITY","SCHOOL_DISTRICT":"PROVO","TAXABLE_CODE":600,"ACCOUNT_TYPE":"EXEMPT","PROP_TYPE":951,"PROP_TYPE_DESCR":"EXEMPT","SPECIFIC_PROP_TYPE":951,"SPC_PROP_TYP_DESCR":"Exempt","NEIGHBORHOOD":"1000","NBHD_DISTRICT":"8999","LAND_DISTRICT":8999,"ECONOMIC_UNIT":null,"GLA_WEIGHTED_YRBLT":null,"TOTAL_ABOVE_GRADE_AREA":null,"TOTAL_MEZZANINE":null,"TOTAL_BASEMENT":null,"TOTAL_BSMT_FINISH":null,"TOTAL_UNIT_COUNT":null,"TOTAL_IMP_COUNT":null,"ASMT_YEAR":2026,"ASMT_CODE":"UNK","ASMT_CODE_DESCR":"UNK","MKT_LAND_VALUE":0,"MKT_LAND_RES":0,"MKT_LAND_AGR":0,"MKT_LAND_COM":0,"MKT_IMP_VALUE":0,"MKT_IMP_RES":0,"MKT_IMP_AGR":0,"MKT_IMP_COM":0,"MKT_CUR_VALUE":0,"MKT_PRV_VAL":0,"MKT_VAL_YR_CHG":0,"MKT_PCT_CHG":0,"TXBL_CUR_VALUE":0,"TXBL_PRV_VAL":0,"TXBL_VAL_YR_CHG":0,"TXBL_PCT_CHG":0,"TOT_CUR_TAXES":0,"TOT_PRV_TAXES":0,"TAXES_YR_CHG":0,"TAXES_PCT_CHG":0,"GREENBELT":null,"EXEMPT_RES":"UNK","COMMON_AREA":null,"PUBLIC_ROAD":null,"PRIVATE_ROAD":null,"PART_CENTRAL_ASSD":null,"PART_TAXABLE":null,"IMP_NO_RES":null,"COST_GROUP_RES":null,"STYLE_DESCR_RES":null,"QUALITY_RES":null,"QUALITY_DESCR_RES":null,"CONDITION_RES":null,"CONDITION_DESCR_RES":null,"YEARBLT_RES":null,"GLA_RES":null,"BASEMENT_RES":null,"BSMT_FINISH_RES":null,"ATT_GARAGE_SQFT_RES":null,"BATHROOMS_RES":null,"GLA_BEDROOMS_RES":null,"EXTERIOR_RES":null,"ALLOCATION_PCT_RES":null,"IMP_NO_1":null,"USE_CODE_1":null,"USE_CODE_DESCR_1":null,"COST_CLASS_DESCR_1":null,"EXTERIOR_WALL_1":null,"ABOVE_GRADE_AREA_1":null,"MEZZANINE_1":null,"BASEMENT_1":null,"BSMT_FINISH_1":null,"BSMT_UNFINISH_1":null,"QUALITY_DESCR_1":null,"CONDITION_1":null,"CONDITION_DESCR_1":null,"YEAR_BUILT_1":null,"UNIT_COUNT_1":null,"PCT_COMPLETE_1":null,"ALLOCATION_PCT_1":null,"IMP_NO_2":null,"USE_CODE_2":null,"USE_CODE_DESCR_2":null,"COST_CLASS_DESCR_2":null,"EXTERIOR_WALL_2":null,"ABOVE_GRADE_AREA_2":null,"MEZZANINE_2":null,"BASEMENT_2":null,"BSMT_FINISH_2":null,"BSMT_UNFINISH_2":null,"QUALITY_DESCR_2":null,"CONDITION_2":null,"CONDITION_DESCR_2":null,"YEAR_BUILT_2":null,"UNIT_COUNT_2":null,"PCT_COMPLETE_2":null,"ALLOCATION_PCT_2":null,"TRAV_COUNT":5,"LASTUPDATE":null,"CREATED_DATE":1712330344000,"LAST_EDITED_DATE":1712330533000,"GLOBALID":"{0D2864BA-7FE1-4645-897E-D393CAA2E6AB}","SHAPE_Length":0.0096295765582111881,"SHAPE_Area":4.1653657701099689e-07}},{"type":"Feature","id":112,"geometry":{"type":"Polygon","coordinates":[[[-111.63562748599998,40.212143243000071],[-111.63555034199999,40.212037963000057],[-111.63542550199998,40.212091730000054],[-111.63550264599996,40.212197011000058],[-111.63562748599998,40.212143243000071]]]},"properties":{"OBJECTID":112,"PARCEL_NO":558940019,"PARCELID":"558940019","PARCELID_LABEL":"55:894:0019","OWNER_NAME":"WILLOWCREEK LLC","CARE_NAME":null,"ACREAGE":0.040381,"SITE_FULL_ADDRESS":"1225 E 1600 SOUTH Unit# 19, PROVO, UT","SITE_HOUSE_NUM":"1225","SITE_PRE_DIR":"E","SITE_STREET_NAME":"1600 SOUTH","SITE_STREET_TYPE":null,"SITE_POST_DIR":null,"SITE_STREET_UNIT":"19","SITE_CITY":"PROVO","SITE_STATE":"UT","SITE_ZIP5":"84606","OWN_FULL_ADDRESS":"153 W SWEETBRIAR LN  SARATOGA SPRINGS, UT 84045","OWN_STREET_ADDRESS":"153 W SWEETBRIAR LN","OWN_CITY":"SARATOGA SPRINGS","OWN_STATE":"UT","OWN_ZIP5":"84045","VESTING_DOC":"10620-2024","PARCEL_CREATE_DATE":1572912000000,"MAP_FILING_NO":"16754 ","SUB_NAME":"WILLOW CREEK TOWNHOMES","LEGAL_DESCR":"LOT 19, WILLOW CREEK TOWNHOMES SUB AREA 0.040 AC.","BOOK_PAGE":55894,"LOT":"19","BUILDING":null,"UNIT":null,"TAX_DISTRICT":"110","TAX_DISTRICT_DESCR":"PROVO CITY","SCHOOL_DISTRICT":"PROVO","TAXABLE_CODE":100,"ACCOUNT_TYPE":"HGHDENRES","PROP_TYPE":900,"PROP_TYPE_DESCR":"VACANT","SPECIFIC_PROP_TYPE":915,"SPC_PROP_TYP_DESCR":"Vac Townhome Lot","NEIGHBORHOOD":"900","NBHD_DISTRICT":"9110","LAND_DISTRICT":6424,"ECONOMIC_UNIT":null,"GLA_WEIGHTED_YRBLT":null,"TOTAL_ABOVE_GRADE_AREA":null,"TOTAL_MEZZANINE":null,"TOTAL_BASEMENT":null,"TOTAL_BSMT_FINISH":null,"TOTAL_UNIT_COUNT":null,"TOTAL_IMP_COUNT":null,"ASMT_YEAR":2026,"ASMT_CODE":"V","ASMT_CODE_DESCR":"VACANT","MKT_LAND_VALUE":93600,"MKT_LAND_RES":93600,"MKT_LAND_AGR":0,"MKT_LAND_COM":0,"MKT_IMP_VALUE":0,"MKT_IMP_RES":0,"MKT_IMP_AGR":0,"MKT_IMP_COM":0,"MKT_CUR_VALUE":93600,"MKT_PRV_VAL":93600,"MKT_VAL_YR_CHG":0,"MKT_PCT_CHG":0,"TXBL_CUR_VALUE":93600,"TXBL_PRV_VAL":93600,"TXBL_VAL_YR_CHG":0,"TXBL_PCT_CHG":0,"TOT_CUR_TAXES":0,"TOT_PRV_TAXES":0,"TAXES_YR_CHG":0,"TAXES_PCT_CHG":0,"GREENBELT":null,"EXEMPT_RES":"N","COMMON_AREA":null,"PUBLIC_ROAD":null,"PRIVATE_ROAD":null,"PART_CENTRAL_ASSD":null,"PART_TAXABLE":null,"IMP_NO_RES":null,"COST_GROUP_RES":null,"STYLE_DESCR_RES":null,"QUALITY_RES":null,"QUALITY_DESCR_RES":null,"CONDITION_RES":null,"CONDITION_DESCR_RES":null,"YEARBLT_RES":null,"GLA_RES":null,"BASEMENT_RES":null,"BSMT_FINISH_RES":null,"ATT_GARAGE_SQFT_RES":null,"BATHROOMS_RES":null,"GLA_BEDROOMS_RES":null,"EXTERIOR_RES":null,"ALLOCATION_PCT_RES":null,"IMP_NO_1":null,"USE_CODE_1":null,"USE_CODE_DESCR_1":null,"COST_CLASS_DESCR_1":null,"EXTERIOR_WALL_1":null,"ABOVE_GRADE_AREA_1":null,"MEZZANINE_1":null,"BASEMENT_1":null,"BSMT_FINISH_1":null,"BSMT_UNFINISH_1":null,"QUALITY_DESCR_1":null,"CONDITION_1":null,"CONDITION_DESCR_1":null,"YEAR_BUILT_1":null,"UNIT_COUNT_1":null,"PCT_COMPLETE_1":null,"ALLOCATION_PCT_1":null,"IMP_NO_2":null,"USE_CODE_2":null,"USE_CODE_DESCR_2":null,"COST_CLASS_DESCR_2":null,"EXTERIOR_WALL_2":null,"ABOVE_GRADE_AREA_2":null,"MEZZANINE_2":null,"BASEMENT_2":null,"BSMT_FINISH_2":null,"BSMT_UNFINISH_2":null,"QUALITY_DESCR_2":null,"CONDITION_2":null,"CONDITION_DESCR_2":null,"YEAR_BUILT_2":null,"UNIT_COUNT_2":null,"PCT_COMPLETE_2":null,"ALLOCATION_PCT_2":null,"TRAV_COUNT":1,"LASTUPDATE":null,"CREATED_DATE":1712330344000,"LAST_EDITED_DATE":1712330533000,"GLOBALID":"{CC2C0068-C1A5-43B9-B5A2-AB82DD87BB23}","SHAPE_Length":0.00053289045641539317,"SHAPE_Area":1.7291057641087055e-08}},{"type":"Feature","id":113,"geometry":{"type":"Polygon","coordinates":[[[-111.63555034699999,40.212037973000065],[-111.63547320199996,40.211932693000051],[-111.63534836299999,40.211986460000048],[-111.63542550899996,40.212091739000073],[-111.63555034699999,40.212037973000065]]]},"properties":{"OBJECTID":113,"PARCEL_NO":558940020,"PARCELID":"558940020","PARCELID_LABEL":"55:894:0020","OWNER_NAME":"WILLOWCREEK LLC","CARE_NAME":null,"ACREAGE":0.040381,"SITE_FULL_ADDRESS":"1225 E 1600 SOUTH Unit# 20, PROVO, UT","SITE_HOUSE_NUM":"1225","SITE_PRE_DIR":"E","SITE_STREET_NAME":"1600 SOUTH","SITE_STREET_TYPE":null,"SITE_POST_DIR":null,"SITE_STREET_UNIT":"20","SITE_CITY":"PROVO","SITE_STATE":"UT","SITE_ZIP5":"84606","OWN_FULL_ADDRESS":"153 W SWEETBRIAR LN  SARATOGA SPRINGS, UT 84045","OWN_STREET_ADDRESS":"153 W SWEETBRIAR LN","OWN_CITY":"SARATOGA SPRINGS","OWN_STATE":"UT","OWN_ZIP5":"84045","VESTING_DOC":"10620-2024","PARCEL_CREATE_DATE":1572912000000,"MAP_FILING_NO":"16754 ","SUB_NAME":"WILLOW CREEK TOWNHOMES","LEGAL_DESCR":"LOT 20, WILLOW CREEK TOWNHOMES SUB AREA 0.040 AC.","BOOK_PAGE":55894,"LOT":"20","BUILDING":null,"UNIT":null,"TAX_DISTRICT":"110","TAX_DISTRICT_DESCR":"PROVO CITY","SCHOOL_DISTRICT":"PROVO","TAXABLE_CODE":100,"ACCOUNT_TYPE":"HGHDENRES","PROP_TYPE":900,"PROP_TYPE_DESCR":"VACANT","SPECIFIC_PROP_TYPE":915,"SPC_PROP_TYP_DESCR":"Vac Townhome Lot","NEIGHBORHOOD":"900","NBHD_DISTRICT":"9110","LAND_DISTRICT":6424,"ECONOMIC_UNIT":null,"GLA_WEIGHTED_YRBLT":null,"TOTAL_ABOVE_GRADE_AREA":null,"TOTAL_MEZZANINE":null,"TOTAL_BASEMENT":null,"TOTAL_BSMT_FINISH":null,"TOTAL_UNIT_COUNT":null,"TOTAL_IMP_COUNT":null,"ASMT_YEAR":2026,"ASMT_CODE":"V","ASMT_CODE_DESCR":"VACANT","MKT_LAND_VALUE":93600,"MKT_LAND_RES":93600,"MKT_LAND_AGR":0,"MKT_LAND_COM":0,"MKT_IMP_VALUE":0,"MKT_IMP_RES":0,"MKT_IMP_AGR":0,"MKT_IMP_COM":0,"MKT_CUR_VALUE":93600,"MKT_PRV_VAL":93600,"MKT_VAL_YR_CHG":0,"MKT_PCT_CHG":0,"TXBL_CUR_VALUE":93600,"TXBL_PRV_VAL":93600,"TXBL_VAL_YR_CHG":0,"TXBL_PCT_CHG":0,"TOT_CUR_TAXES":0,"TOT_PRV_TAXES":0,"TAXES_YR_CHG":0,"TAXES_PCT_CHG":0,"GREENBELT":null,"EXEMPT_RES":"N","COMMON_AREA":null,"PUBLIC_ROAD":null,"PRIVATE_ROAD":null,"PART_CENTRAL_ASSD":null,"PART_TAXABLE":null,"IMP_NO_RES":null,"COST_GROUP_RES":null,"STYLE_DESCR_RES":null,"QUALITY_RES":null,"QUALITY_DESCR_RES":null,"CONDITION_RES":null,"CONDITION_DESCR_RES":null,"YEARBLT_RES":null,"GLA_RES":null,"BASEMENT_RES":null,"BSMT_FINISH_RES":null,"ATT_GARAGE_SQFT_RES":null,"BATHROOMS_RES":null,"GLA_BEDROOMS_RES":null,"EXTERIOR_RES":null,"ALLOCATION_PCT_RES":null,"IMP_NO_1":null,"USE_CODE_1":null,"USE_CODE_DESCR_1":null,"COST_CLASS_DESCR_1":null,"EXTERIOR_WALL_1":null,"ABOVE_GRADE_AREA_1":null,"MEZZANINE_1":null,"BASEMENT_1":null,"BSMT_FINISH_1":null,"BSMT_UNFINISH_1":null,"QUALITY_DESCR_1":null,"CONDITION_1":null,"CONDITION_DESCR_1":null,"YEAR_BUILT_1":null,"UNIT_COUNT_1":null,"PCT_COMPLETE_1":null,"ALLOCATION_PCT_1":null,"IMP_NO_2":null,"USE_CODE_2":null,"USE_CODE_DESCR_2":null,"COST_CLASS_DESCR_2":null,"EXTERIOR_WALL_2":null,"ABOVE_GRADE_AREA_2":null,"MEZZANINE_2":null,"BASEMENT_2":null,"BSMT_FINISH_2":null,"BSMT_UNFINISH_2":null,"QUALITY_DESCR_2":null,"CONDITION_2":null,"CONDITION_DESCR_2":null,"YEAR_BUILT_2":null,"UNIT_COUNT_2":null,"PCT_COMPLETE_2":null,"ALLOCATION_PCT_2":null,"TRAV_COUNT":1,"LASTUPDATE":null,"CREATED_DATE":1712330344000,"LAST_EDITED_DATE":1712330533000,"GLOBALID":"{4362CCE4-4CF0-4FD5-8C0D-97120CDFD0D5}","SHAPE_Length":0.00053288706992524019,"SHAPE_Area":1.7290778389076161e-08}},{"type":"Feature","id":114,"geometry":{"type":"Polygon","coordinates":[[[-111.63600926999999,40.212273900000071],[-111.63593212599994,40.212168620000057],[-111.63580728699998,40.212222388000043],[-111.63588443399999,40.212327667000068],[-111.63600926999999,40.212273900000071]]]},"properties":{"OBJECTID":114,"PARCEL_NO":558940021,"PARCELID":"558940021","PARCELID_LABEL":"55:894:0021","OWNER_NAME":"WILLOWCREEK LLC","CARE_NAME":null,"ACREAGE":0.040381,"SITE_FULL_ADDRESS":"1225 E 1600 SOUTH Unit# 21, PROVO, UT","SITE_HOUSE_NUM":"1225","SITE_PRE_DIR":"E","SITE_STREET_NAME":"1600 SOUTH","SITE_STREET_TYPE":null,"SITE_POST_DIR":null,"SITE_STREET_UNIT":"21","SITE_CITY":"PROVO","SITE_STATE":"UT","SITE_ZIP5":"84606","OWN_FULL_ADDRESS":"153 W SWEETBRIAR LN  SARATOGA SPRINGS, UT 84045","OWN_STREET_ADDRESS":"153 W SWEETBRIAR LN","OWN_CITY":"SARATOGA SPRINGS","OWN_STATE":"UT","OWN_ZIP5":"84045","VESTING_DOC":"10620-2024","PARCEL_CREATE_DATE":1572912000000,"MAP_FILING_NO":"16754 ","SUB_NAME":"WILLOW CREEK TOWNHOMES","LEGAL_DESCR":"LOT 21, WILLOW CREEK TOWNHOMES SUB AREA 0.040 AC.","BOOK_PAGE":55894,"LOT":"21","BUILDING":null,"UNIT":null,"TAX_DISTRICT":"110","TAX_DISTRICT_DESCR":"PROVO CITY","SCHOOL_DISTRICT":"PROVO","TAXABLE_CODE":100,"ACCOUNT_TYPE":"HGHDENRES","PROP_TYPE":900,"PROP_TYPE_DESCR":"VACANT","SPECIFIC_PROP_TYPE":915,"SPC_PROP_TYP_DESCR":"Vac Townhome Lot","NEIGHBORHOOD":"900","NBHD_DISTRICT":"9110","LAND_DISTRICT":6424,"ECONOMIC_UNIT":null,"GLA_WEIGHTED_YRBLT":null,"TOTAL_ABOVE_GRADE_AREA":null,"TOTAL_MEZZANINE":null,"TOTAL_BASEMENT":null,"TOTAL_BSMT_FINISH":null,"TOTAL_UNIT_COUNT":null,"TOTAL_IMP_COUNT":null,"ASMT_YEAR":2026,"ASMT_CODE":"V","ASMT_CODE_DESCR":"VACANT","MKT_LAND_VALUE":93600,"MKT_LAND_RES":93600,"MKT_LAND_AGR":0,"MKT_LAND_COM":0,"MKT_IMP_VALUE":0,"MKT_IMP_RES":0,"MKT_IMP_AGR":0,"MKT_IMP_COM":0,"MKT_CUR_VALUE":93600,"MKT_PRV_VAL":93600,"MKT_VAL_YR_CHG":0,"MKT_PCT_CHG":0,"TXBL_CUR_VALUE":93600,"TXBL_PRV_VAL":93600,"TXBL_VAL_YR_CHG":0,"TXBL_PCT_CHG":0,"TOT_CUR_TAXES":0,"TOT_PRV_TAXES":0,"TAXES_YR_CHG":0,"TAXES_PCT_CHG":0,"GREENBELT":null,"EXEMPT_RES":"N","COMMON_AREA":null,"PUBLIC_ROAD":null,"PRIVATE_ROAD":null,"PART_CENTRAL_ASSD":null,"PART_TAXABLE":null,"IMP_NO_RES":null,"COST_GROUP_RES":null,"STYLE_DESCR_RES":null,"QUALITY_RES":null,"QUALITY_DESCR_RES":null,"CONDITION_RES":null,"CONDITION_DESCR_RES":null,"YEARBLT_RES":null,"GLA_RES":null,"BASEMENT_RES":null,"BSMT_FINISH_RES":null,"ATT_GARAGE_SQFT_RES":null,"BATHROOMS_RES":null,"GLA_BEDROOMS_RES":null,"EXTERIOR_RES":null,"ALLOCATION_PCT_RES":null,"IMP_NO_1":null,"USE_CODE_1":null,"USE_CODE_DESCR_1":null,"COST_CLASS_DESCR_1":null,"EXTERIOR_WALL_1":null,"ABOVE_GRADE_AREA_1":null,"MEZZANINE_1":null,"BASEMENT_1":null,"BSMT_FINISH_1":null,"BSMT_UNFINISH_1":null,"QUALITY_DESCR_1":null,"CONDITION_1":null,"CONDITION_DESCR_1":null,"YEAR_BUILT_1":null,"UNIT_COUNT_1":null,"PCT_COMPLETE_1":null,"ALLOCATION_PCT_1":null,"IMP_NO_2":null,"USE_CODE_2":null,"USE_CODE_DESCR_2":null,"COST_CLASS_DESCR_2":null,"EXTERIOR_WALL_2":null,"ABOVE_GRADE_AREA_2":null,"MEZZANINE_2":null,"BASEMENT_2":null,"BSMT_FINISH_2":null,"BSMT_UNFINISH_2":null,"QUALITY_DESCR_2":null,"CONDITION_2":null,"CONDITION_DESCR_2":null,"YEAR_BUILT_2":null,"UNIT_COUNT_2":null,"PCT_COMPLETE_2":null,"ALLOCATION_PCT_2":null,"TRAV_COUNT":1,"LASTUPDATE":null,"CREATED_DATE":1712330344000,"LAST_EDITED_DATE":1712330533000,"GLOBALID":"{0EFEBB0D-BB74-43DC-85CF-E9804C40638A}","SHAPE_Length":0.00053288602418713276,"SHAPE_Area":1.7290750253909613e-08}},{"type":"Feature","id":115,"geometry":{"type":"Polygon","coordinates":[[[-111.63608644799996,40.212379170000077],[-111.63600930199999,40.212273890000063],[-111.63588446299997,40.21232765700006],[-111.63596160699996,40.212432938000063],[-111.63608644799996,40.212379170000077]]]},"properties":{"OBJECTID":115,"PARCEL_NO":558940022,"PARCELID":"558940022","PARCELID_LABEL":"55:894:0022","OWNER_NAME":"WILLOWCREEK LLC","CARE_NAME":null,"ACREAGE":0.040381,"SITE_FULL_ADDRESS":"1225 E 1600 SOUTH Unit# 22, PROVO, UT","SITE_HOUSE_NUM":"1225","SITE_PRE_DIR":"E","SITE_STREET_NAME":"1600 SOUTH","SITE_STREET_TYPE":null,"SITE_POST_DIR":null,"SITE_STREET_UNIT":"22","SITE_CITY":"PROVO","SITE_STATE":"UT","SITE_ZIP5":"84606","OWN_FULL_ADDRESS":"153 W SWEETBRIAR LN  SARATOGA SPRINGS, UT 84045","OWN_STREET_ADDRESS":"153 W SWEETBRIAR LN","OWN_CITY":"SARATOGA SPRINGS","OWN_STATE":"UT","OWN_ZIP5":"84045","VESTING_DOC":"10620-2024","PARCEL_CREATE_DATE":1572912000000,"MAP_FILING_NO":"16754 ","SUB_NAME":"WILLOW CREEK TOWNHOMES","LEGAL_DESCR":"LOT 22, WILLOW CREEK TOWNHOMES SUB AREA 0.040 AC.","BOOK_PAGE":55894,"LOT":"22","BUILDING":null,"UNIT":null,"TAX_DISTRICT":"110","TAX_DISTRICT_DESCR":"PROVO CITY","SCHOOL_DISTRICT":"PROVO","TAXABLE_CODE":100,"ACCOUNT_TYPE":"HGHDENRES","PROP_TYPE":900,"PROP_TYPE_DESCR":"VACANT","SPECIFIC_PROP_TYPE":915,"SPC_PROP_TYP_DESCR":"Vac Townhome Lot","NEIGHBORHOOD":"900","NBHD_DISTRICT":"9110","LAND_DISTRICT":6424,"ECONOMIC_UNIT":null,"GLA_WEIGHTED_YRBLT":null,"TOTAL_ABOVE_GRADE_AREA":null,"TOTAL_MEZZANINE":null,"TOTAL_BASEMENT":null,"TOTAL_BSMT_FINISH":null,"TOTAL_UNIT_COUNT":null,"TOTAL_IMP_COUNT":null,"ASMT_YEAR":2026,"ASMT_CODE":"V","ASMT_CODE_DESCR":"VACANT","MKT_LAND_VALUE":93600,"MKT_LAND_RES":93600,"MKT_LAND_AGR":0,"MKT_LAND_COM":0,"MKT_IMP_VALUE":0,"MKT_IMP_RES":0,"MKT_IMP_AGR":0,"MKT_IMP_COM":0,"MKT_CUR_VALUE":93600,"MKT_PRV_VAL":93600,"MKT_VAL_YR_CHG":0,"MKT_PCT_CHG":0,"TXBL_CUR_VALUE":93600,"TXBL_PRV_VAL":93600,"TXBL_VAL_YR_CHG":0,"TXBL_PCT_CHG":0,"TOT_CUR_TAXES":0,"TOT_PRV_TAXES":0,"TAXES_YR_CHG":0,"TAXES_PCT_CHG":0,"GREENBELT":null,"EXEMPT_RES":"N","COMMON_AREA":null,"PUBLIC_ROAD":null,"PRIVATE_ROAD":null,"PART_CENTRAL_ASSD":null,"PART_TAXABLE":null,"IMP_NO_RES":null,"COST_GROUP_RES":null,"STYLE_DESCR_RES":null,"QUALITY_RES":null,"QUALITY_DESCR_RES":null,"CONDITION_RES":null,"CONDITION_DESCR_RES":null,"YEARBLT_RES":null,"GLA_RES":null,"BASEMENT_RES":null,"BSMT_FINISH_RES":null,"ATT_GARAGE_SQFT_RES":null,"BATHROOMS_RES":null,"GLA_BEDROOMS_RES":null,"EXTERIOR_RES":null,"ALLOCATION_PCT_RES":null,"IMP_NO_1":null,"USE_CODE_1":null,"USE_CODE_DESCR_1":null,"COST_CLASS_DESCR_1":null,"EXTERIOR_WALL_1":null,"ABOVE_GRADE_AREA_1":null,"MEZZANINE_1":null,"BASEMENT_1":null,"BSMT_FINISH_1":null,"BSMT_UNFINISH_1":null,"QUALITY_DESCR_1":null,"CONDITION_1":null,"CONDITION_DESCR_1":null,"YEAR_BUILT_1":null,"UNIT_COUNT_1":null,"PCT_COMPLETE_1":null,"ALLOCATION_PCT_1":null,"IMP_NO_2":null,"USE_CODE_2":null,"USE_CODE_DESCR_2":null,"COST_CLASS_DESCR_2":null,"EXTERIOR_WALL_2":null,"ABOVE_GRADE_AREA_2":null,"MEZZANINE_2":null,"BASEMENT_2":null,"BSMT_FINISH_2":null,"BSMT_UNFINISH_2":null,"QUALITY_DESCR_2":null,"CONDITION_2":null,"CONDITION_DESCR_2":null,"YEAR_BUILT_2":null,"UNIT_COUNT_2":null,"PCT_COMPLETE_2":null,"ALLOCATION_PCT_2":null,"TRAV_COUNT":1,"LASTUPDATE":null,"CREATED_DATE":1712330344000,"LAST_EDITED_DATE":1712330533000,"GLOBALID":"{4C46D0EC-F3C5-4299-9E49-05B235AAF525}","SHAPE_Length":0.00053289163852741374,"SHAPE_Area":1.7291111408018436e-08}},{"type":"Feature","id":116,"geometry":{"type":"Polygon","coordinates":[[[-111.63636678199998,40.212380736000057],[-111.63628963599996,40.212275457000032],[-111.63616479599995,40.212329225000076],[-111.63624194199997,40.212434505000033],[-111.63636678199998,40.212380736000057]]]},"properties":{"OBJECTID":116,"PARCEL_NO":558940023,"PARCELID":"558940023","PARCELID_LABEL":"55:894:0023","OWNER_NAME":"WILLOWCREEK LLC","CARE_NAME":null,"ACREAGE":0.040381,"SITE_FULL_ADDRESS":"1225 E 1600 SOUTH Unit# 23, PROVO, UT","SITE_HOUSE_NUM":"1225","SITE_PRE_DIR":"E","SITE_STREET_NAME":"1600 SOUTH","SITE_STREET_TYPE":null,"SITE_POST_DIR":null,"SITE_STREET_UNIT":"23","SITE_CITY":"PROVO","SITE_STATE":"UT","SITE_ZIP5":"84606","OWN_FULL_ADDRESS":"153 W SWEETBRIAR LN  SARATOGA SPRINGS, UT 84045","OWN_STREET_ADDRESS":"153 W SWEETBRIAR LN","OWN_CITY":"SARATOGA SPRINGS","OWN_STATE":"UT","OWN_ZIP5":"84045","VESTING_DOC":"35575-2024","PARCEL_CREATE_DATE":1572912000000,"MAP_FILING_NO":"16754 ","SUB_NAME":"WILLOW CREEK TOWNHOMES","LEGAL_DESCR":"LOT 23, WILLOW CREEK TOWNHOMES SUB AREA 0.040 AC.","BOOK_PAGE":55894,"LOT":"23","BUILDING":null,"UNIT":null,"TAX_DISTRICT":"110","TAX_DISTRICT_DESCR":"PROVO CITY","SCHOOL_DISTRICT":"PROVO","TAXABLE_CODE":100,"ACCOUNT_TYPE":"HGHDENRES","PROP_TYPE":900,"PROP_TYPE_DESCR":"VACANT","SPECIFIC_PROP_TYPE":915,"SPC_PROP_TYP_DESCR":"Vac Townhome Lot","NEIGHBORHOOD":"900","NBHD_DISTRICT":"9110","LAND_DISTRICT":6424,"ECONOMIC_UNIT":null,"GLA_WEIGHTED_YRBLT":null,"TOTAL_ABOVE_GRADE_AREA":null,"TOTAL_MEZZANINE":null,"TOTAL_BASEMENT":null,"TOTAL_BSMT_FINISH":null,"TOTAL_UNIT_COUNT":null,"TOTAL_IMP_COUNT":null,"ASMT_YEAR":2026,"ASMT_CODE":"V","ASMT_CODE_DESCR":"VACANT","MKT_LAND_VALUE":93600,"MKT_LAND_RES":93600,"MKT_LAND_AGR":0,"MKT_LAND_COM":0,"MKT_IMP_VALUE":0,"MKT_IMP_RES":0,"MKT_IMP_AGR":0,"MKT_IMP_COM":0,"MKT_CUR_VALUE":93600,"MKT_PRV_VAL":93600,"MKT_VAL_YR_CHG":0,"MKT_PCT_CHG":0,"TXBL_CUR_VALUE":93600,"TXBL_PRV_VAL":93600,"TXBL_VAL_YR_CHG":0,"TXBL_PCT_CHG":0,"TOT_CUR_TAXES":0,"TOT_PRV_TAXES":0,"TAXES_YR_CHG":0,"TAXES_PCT_CHG":0,"GREENBELT":null,"EXEMPT_RES":"N","COMMON_AREA":null,"PUBLIC_ROAD":null,"PRIVATE_ROAD":null,"PART_CENTRAL_ASSD":null,"PART_TAXABLE":null,"IMP_NO_RES":null,"COST_GROUP_RES":null,"STYLE_DESCR_RES":null,"QUALITY_RES":null,"QUALITY_DESCR_RES":null,"CONDITION_RES":null,"CONDITION_DESCR_RES":null,"YEARBLT_RES":null,"GLA_RES":null,"BASEMENT_RES":null,"BSMT_FINISH_RES":null,"ATT_GARAGE_SQFT_RES":null,"BATHROOMS_RES":null,"GLA_BEDROOMS_RES":null,"EXTERIOR_RES":null,"ALLOCATION_PCT_RES":null,"IMP_NO_1":null,"USE_CODE_1":null,"USE_CODE_DESCR_1":null,"COST_CLASS_DESCR_1":null,"EXTERIOR_WALL_1":null,"ABOVE_GRADE_AREA_1":null,"MEZZANINE_1":null,"BASEMENT_1":null,"BSMT_FINISH_1":null,"BSMT_UNFINISH_1":null,"QUALITY_DESCR_1":null,"CONDITION_1":null,"CONDITION_DESCR_1":null,"YEAR_BUILT_1":null,"UNIT_COUNT_1":null,"PCT_COMPLETE_1":null,"ALLOCATION_PCT_1":null,"IMP_NO_2":null,"USE_CODE_2":null,"USE_CODE_DESCR_2":null,"COST_CLASS_DESCR_2":null,"EXTERIOR_WALL_2":null,"ABOVE_GRADE_AREA_2":null,"MEZZANINE_2":null,"BASEMENT_2":null,"BSMT_FINISH_2":null,"BSMT_UNFINISH_2":null,"QUALITY_DESCR_2":null,"CONDITION_2":null,"CONDITION_DESCR_2":null,"YEAR_BUILT_2":null,"UNIT_COUNT_2":null,"PCT_COMPLETE_2":null,"ALLOCATION_PCT_2":null,"TRAV_COUNT":1,"LASTUPDATE":null,"CREATED_DATE":1712330344000,"LAST_EDITED_DATE":1712330533000,"GLOBALID":"{62CF217C-CF1B-4A7A-9184-FA3B4C0C603E}","SHAPE_Length":0.00053289199857747089,"SHAPE_Area":1.7291117483154991e-08}},{"type":"Feature","id":117,"geometry":{"type":"Polygon","coordinates":[[[-111.63628963899998,40.21227546700004],[-111.63621249499994,40.212170187000027],[-111.63608765599997,40.21222395500007],[-111.63616480299999,40.212329235000027],[-111.63628963899998,40.21227546700004]]]},"properties":{"OBJECTID":117,"PARCEL_NO":558940024,"PARCELID":"558940024","PARCELID_LABEL":"55:894:0024","OWNER_NAME":"WILLOWCREEK LLC","CARE_NAME":null,"ACREAGE":0.040381,"SITE_FULL_ADDRESS":"1225 E 1600 SOUTH Unit# 24, PROVO, UT","SITE_HOUSE_NUM":"1225","SITE_PRE_DIR":"E","SITE_STREET_NAME":"1600 SOUTH","SITE_STREET_TYPE":null,"SITE_POST_DIR":null,"SITE_STREET_UNIT":"24","SITE_CITY":"PROVO","SITE_STATE":"UT","SITE_ZIP5":"84606","OWN_FULL_ADDRESS":"153 W SWEETBRIAR LN  SARATOGA SPRINGS, UT 84045","OWN_STREET_ADDRESS":"153 W SWEETBRIAR LN","OWN_CITY":"SARATOGA SPRINGS","OWN_STATE":"UT","OWN_ZIP5":"84045","VESTING_DOC":"28536-2025","PARCEL_CREATE_DATE":1572912000000,"MAP_FILING_NO":"16754 ","SUB_NAME":"WILLOW CREEK TOWNHOMES","LEGAL_DESCR":"LOT 24, WILLOW CREEK TOWNHOMES SUB AREA 0.040 AC.","BOOK_PAGE":55894,"LOT":"24","BUILDING":null,"UNIT":null,"TAX_DISTRICT":"110","TAX_DISTRICT_DESCR":"PROVO CITY","SCHOOL_DISTRICT":"PROVO","TAXABLE_CODE":100,"ACCOUNT_TYPE":"HGHDENRES","PROP_TYPE":900,"PROP_TYPE_DESCR":"VACANT","SPECIFIC_PROP_TYPE":915,"SPC_PROP_TYP_DESCR":"Vac Townhome Lot","NEIGHBORHOOD":"900","NBHD_DISTRICT":"9110","LAND_DISTRICT":6424,"ECONOMIC_UNIT":null,"GLA_WEIGHTED_YRBLT":null,"TOTAL_ABOVE_GRADE_AREA":null,"TOTAL_MEZZANINE":null,"TOTAL_BASEMENT":null,"TOTAL_BSMT_FINISH":null,"TOTAL_UNIT_COUNT":null,"TOTAL_IMP_COUNT":null,"ASMT_YEAR":2026,"ASMT_CODE":"V","ASMT_CODE_DESCR":"VACANT","MKT_LAND_VALUE":93600,"MKT_LAND_RES":93600,"MKT_LAND_AGR":0,"MKT_LAND_COM":0,"MKT_IMP_VALUE":0,"MKT_IMP_RES":0,"MKT_IMP_AGR":0,"MKT_IMP_COM":0,"MKT_CUR_VALUE":93600,"MKT_PRV_VAL":93600,"MKT_VAL_YR_CHG":0,"MKT_PCT_CHG":0,"TXBL_CUR_VALUE":93600,"TXBL_PRV_VAL":93600,"TXBL_VAL_YR_CHG":0,"TXBL_PCT_CHG":0,"TOT_CUR_TAXES":0,"TOT_PRV_TAXES":0,"TAXES_YR_CHG":0,"TAXES_PCT_CHG":0,"GREENBELT":null,"EXEMPT_RES":"N","COMMON_AREA":null,"PUBLIC_ROAD":null,"PRIVATE_ROAD":null,"PART_CENTRAL_ASSD":null,"PART_TAXABLE":null,"IMP_NO_RES":null,"COST_GROUP_RES":null,"STYLE_DESCR_RES":null,"QUALITY_RES":null,"QUALITY_DESCR_RES":null,"CONDITION_RES":null,"CONDITION_DESCR_RES":null,"YEARBLT_RES":null,"GLA_RES":null,"BASEMENT_RES":null,"BSMT_FINISH_RES":null,"ATT_GARAGE_SQFT_RES":null,"BATHROOMS_RES":null,"GLA_BEDROOMS_RES":null,"EXTERIOR_RES":null,"ALLOCATION_PCT_RES":null,"IMP_NO_1":null,"USE_CODE_1":null,"USE_CODE_DESCR_1":null,"COST_CLASS_DESCR_1":null,"EXTERIOR_WALL_1":null,"ABOVE_GRADE_AREA_1":null,"MEZZANINE_1":null,"BASEMENT_1":null,"BSMT_FINISH_1":null,"BSMT_UNFINISH_1":null,"QUALITY_DESCR_1":null,"CONDITION_1":null,"CONDITION_DESCR_1":null,"YEAR_BUILT_1":null,"UNIT_COUNT_1":null,"PCT_COMPLETE_1":null,"ALLOCATION_PCT_1":null,"IMP_NO_2":null,"USE_CODE_2":null,"USE_CODE_DESCR_2":null,"COST_CLASS_DESCR_2":null,"EXTERIOR_WALL_2":null,"ABOVE_GRADE_AREA_2":null,"MEZZANINE_2":null,"BASEMENT_2":null,"BSMT_FINISH_2":null,"BSMT_UNFINISH_2":null,"QUALITY_DESCR_2":null,"CONDITION_2":null,"CONDITION_DESCR_2":null,"YEAR_BUILT_2":null,"UNIT_COUNT_2":null,"PCT_COMPLETE_2":null,"ALLOCATION_PCT_2":null,"TRAV_COUNT":1,"LASTUPDATE":null,"CREATED_DATE":1712330344000,"LAST_EDITED_DATE":1712330533000,"GLOBALID":"{900B0349-1EDC-46BE-B61F-349B2C8ADAF8}","SHAPE_Length":0.00053288722634199268,"SHAPE_Area":1.7290851242986103e-08}},{"type":"Feature","id":118,"geometry":{"type":"Polygon","coordinates":[[[-111.63619495399996,40.212146232000066],[-111.63611780799994,40.212040952000052],[-111.63599296799998,40.212094720000039],[-111.63607011399995,40.212200000000053],[-111.63619495399996,40.212146232000066]]]},"properties":{"OBJECTID":118,"PARCEL_NO":558940025,"PARCELID":"558940025","PARCELID_LABEL":"55:894:0025","OWNER_NAME":"VILLA TWO LLC","CARE_NAME":null,"ACREAGE":0.040381,"SITE_FULL_ADDRESS":"1225 E 1600 SOUTH Unit# 25, PROVO, UT","SITE_HOUSE_NUM":"1225","SITE_PRE_DIR":"E","SITE_STREET_NAME":"1600 SOUTH","SITE_STREET_TYPE":null,"SITE_POST_DIR":null,"SITE_STREET_UNIT":"25","SITE_CITY":"PROVO","SITE_STATE":"UT","SITE_ZIP5":"84606","OWN_FULL_ADDRESS":"746 S 850 E  OREM, UT 84097-6534","OWN_STREET_ADDRESS":"746 S 850 E","OWN_CITY":"OREM","OWN_STATE":"UT","OWN_ZIP5":"84097","VESTING_DOC":"253-2021","PARCEL_CREATE_DATE":1572912000000,"MAP_FILING_NO":"16754 ","SUB_NAME":"WILLOW CREEK TOWNHOMES","LEGAL_DESCR":"LOT 25, WILLOW CREEK TOWNHOMES SUB AREA 0.040 AC.","BOOK_PAGE":55894,"LOT":"25","BUILDING":null,"UNIT":null,"TAX_DISTRICT":"110","TAX_DISTRICT_DESCR":"PROVO CITY","SCHOOL_DISTRICT":"PROVO","TAXABLE_CODE":100,"ACCOUNT_TYPE":"HGHDENRES","PROP_TYPE":900,"PROP_TYPE_DESCR":"VACANT","SPECIFIC_PROP_TYPE":915,"SPC_PROP_TYP_DESCR":"Vac Townhome Lot","NEIGHBORHOOD":"900","NBHD_DISTRICT":"9110","LAND_DISTRICT":6424,"ECONOMIC_UNIT":null,"GLA_WEIGHTED_YRBLT":null,"TOTAL_ABOVE_GRADE_AREA":null,"TOTAL_MEZZANINE":null,"TOTAL_BASEMENT":null,"TOTAL_BSMT_FINISH":null,"TOTAL_UNIT_COUNT":null,"TOTAL_IMP_COUNT":null,"ASMT_YEAR":2026,"ASMT_CODE":"V","ASMT_CODE_DESCR":"VACANT","MKT_LAND_VALUE":93600,"MKT_LAND_RES":93600,"MKT_LAND_AGR":0,"MKT_LAND_COM":0,"MKT_IMP_VALUE":0,"MKT_IMP_RES":0,"MKT_IMP_AGR":0,"MKT_IMP_COM":0,"MKT_CUR_VALUE":93600,"MKT_PRV_VAL":93600,"MKT_VAL_YR_CHG":0,"MKT_PCT_CHG":0,"TXBL_CUR_VALUE":93600,"TXBL_PRV_VAL":93600,"TXBL_VAL_YR_CHG":0,"TXBL_PCT_CHG":0,"TOT_CUR_TAXES":0,"TOT_PRV_TAXES":0,"TAXES_YR_CHG":0,"TAXES_PCT_CHG":0,"GREENBELT":null,"EXEMPT_RES":"N","COMMON_AREA":null,"PUBLIC_ROAD":null,"PRIVATE_ROAD":null,"PART_CENTRAL_ASSD":null,"PART_TAXABLE":null,"IMP_NO_RES":null,"COST_GROUP_RES":null,"STYLE_DESCR_RES":null,"QUALITY_RES":null,"QUALITY_DESCR_RES":null,"CONDITION_RES":null,"CONDITION_DESCR_RES":null,"YEARBLT_RES":null,"GLA_RES":null,"BASEMENT_RES":null,"BSMT_FINISH_RES":null,"ATT_GARAGE_SQFT_RES":null,"BATHROOMS_RES":null,"GLA_BEDROOMS_RES":null,"EXTERIOR_RES":null,"ALLOCATION_PCT_RES":null,"IMP_NO_1":null,"USE_CODE_1":null,"USE_CODE_DESCR_1":null,"COST_CLASS_DESCR_1":null,"EXTERIOR_WALL_1":null,"ABOVE_GRADE_AREA_1":null,"MEZZANINE_1":null,"BASEMENT_1":null,"BSMT_FINISH_1":null,"BSMT_UNFINISH_1":null,"QUALITY_DESCR_1":null,"CONDITION_1":null,"CONDITION_DESCR_1":null,"YEAR_BUILT_1":null,"UNIT_COUNT_1":null,"PCT_COMPLETE_1":null,"ALLOCATION_PCT_1":null,"IMP_NO_2":null,"USE_CODE_2":null,"USE_CODE_DESCR_2":null,"COST_CLASS_DESCR_2":null,"EXTERIOR_WALL_2":null,"ABOVE_GRADE_AREA_2":null,"MEZZANINE_2":null,"BASEMENT_2":null,"BSMT_FINISH_2":null,"BSMT_UNFINISH_2":null,"QUALITY_DESCR_2":null,"CONDITION_2":null,"CONDITION_DESCR_2":null,"YEAR_BUILT_2":null,"UNIT_COUNT_2":null,"PCT_COMPLETE_2":null,"ALLOCATION_PCT_2":null,"TRAV_COUNT":1,"LASTUPDATE":null,"CREATED_DATE":1712330344000,"LAST_EDITED_DATE":1712330533000,"GLOBALID":"{5293AFDC-D5FE-4992-B9DA-002931557ECB}","SHAPE_Length":0.00053289240956135605,"SHAPE_Area":1.7291141326737925e-08}},{"type":"Feature","id":119,"geometry":{"type":"Polygon","coordinates":[[[-111.63611781199995,40.21204096200006],[-111.63604066699997,40.211935682000046],[-111.63591582899994,40.211989450000033],[-111.63599297599995,40.212094729000057],[-111.63611781199995,40.21204096200006]]]},"properties":{"OBJECTID":119,"PARCEL_NO":558940026,"PARCELID":"558940026","PARCELID_LABEL":"55:894:0026","OWNER_NAME":"VILLA TWO LLC","CARE_NAME":null,"ACREAGE":0.040381,"SITE_FULL_ADDRESS":"1225 E 1600 SOUTH Unit# 26, PROVO, UT","SITE_HOUSE_NUM":"1225","SITE_PRE_DIR":"E","SITE_STREET_NAME":"1600 SOUTH","SITE_STREET_TYPE":null,"SITE_POST_DIR":null,"SITE_STREET_UNIT":"26","SITE_CITY":"PROVO","SITE_STATE":"UT","SITE_ZIP5":"84606","OWN_FULL_ADDRESS":"746 S 850 E  OREM, UT 84097-6534","OWN_STREET_ADDRESS":"746 S 850 E","OWN_CITY":"OREM","OWN_STATE":"UT","OWN_ZIP5":"84097","VESTING_DOC":"253-2021","PARCEL_CREATE_DATE":1572912000000,"MAP_FILING_NO":"16754 ","SUB_NAME":"WILLOW CREEK TOWNHOMES","LEGAL_DESCR":"LOT 26, WILLOW CREEK TOWNHOMES SUB AREA 0.040 AC.","BOOK_PAGE":55894,"LOT":"26","BUILDING":null,"UNIT":null,"TAX_DISTRICT":"110","TAX_DISTRICT_DESCR":"PROVO CITY","SCHOOL_DISTRICT":"PROVO","TAXABLE_CODE":100,"ACCOUNT_TYPE":"HGHDENRES","PROP_TYPE":900,"PROP_TYPE_DESCR":"VACANT","SPECIFIC_PROP_TYPE":915,"SPC_PROP_TYP_DESCR":"Vac Townhome Lot","NEIGHBORHOOD":"900","NBHD_DISTRICT":"9110","LAND_DISTRICT":6424,"ECONOMIC_UNIT":null,"GLA_WEIGHTED_YRBLT":null,"TOTAL_ABOVE_GRADE_AREA":null,"TOTAL_MEZZANINE":null,"TOTAL_BASEMENT":null,"TOTAL_BSMT_FINISH":null,"TOTAL_UNIT_COUNT":null,"TOTAL_IMP_COUNT":null,"ASMT_YEAR":2026,"ASMT_CODE":"V","ASMT_CODE_DESCR":"VACANT","MKT_LAND_VALUE":93600,"MKT_LAND_RES":93600,"MKT_LAND_AGR":0,"MKT_LAND_COM":0,"MKT_IMP_VALUE":0,"MKT_IMP_RES":0,"MKT_IMP_AGR":0,"MKT_IMP_COM":0,"MKT_CUR_VALUE":93600,"MKT_PRV_VAL":93600,"MKT_VAL_YR_CHG":0,"MKT_PCT_CHG":0,"TXBL_CUR_VALUE":93600,"TXBL_PRV_VAL":93600,"TXBL_VAL_YR_CHG":0,"TXBL_PCT_CHG":0,"TOT_CUR_TAXES":0,"TOT_PRV_TAXES":0,"TAXES_YR_CHG":0,"TAXES_PCT_CHG":0,"GREENBELT":null,"EXEMPT_RES":"N","COMMON_AREA":null,"PUBLIC_ROAD":null,"PRIVATE_ROAD":null,"PART_CENTRAL_ASSD":null,"PART_TAXABLE":null,"IMP_NO_RES":null,"COST_GROUP_RES":null,"STYLE_DESCR_RES":null,"QUALITY_RES":null,"QUALITY_DESCR_RES":null,"CONDITION_RES":null,"CONDITION_DESCR_RES":null,"YEARBLT_RES":null,"GLA_RES":null,"BASEMENT_RES":null,"BSMT_FINISH_RES":null,"ATT_GARAGE_SQFT_RES":null,"BATHROOMS_RES":null,"GLA_BEDROOMS_RES":null,"EXTERIOR_RES":null,"ALLOCATION_PCT_RES":null,"IMP_NO_1":null,"USE_CODE_1":null,"USE_CODE_DESCR_1":null,"COST_CLASS_DESCR_1":null,"EXTERIOR_WALL_1":null,"ABOVE_GRADE_AREA_1":null,"MEZZANINE_1":null,"BASEMENT_1":null,"BSMT_FINISH_1":null,"BSMT_UNFINISH_1":null,"QUALITY_DESCR_1":null,"CONDITION_1":null,"CONDITION_DESCR_1":null,"YEAR_BUILT_1":null,"UNIT_COUNT_1":null,"PCT_COMPLETE_1":null,"ALLOCATION_PCT_1":null,"IMP_NO_2":null,"USE_CODE_2":null,"USE_CODE_DESCR_2":null,"COST_CLASS_DESCR_2":null,"EXTERIOR_WALL_2":null,"ABOVE_GRADE_AREA_2":null,"MEZZANINE_2":null,"BASEMENT_2":null,"BSMT_FINISH_2":null,"BSMT_UNFINISH_2":null,"QUALITY_DESCR_2":null,"CONDITION_2":null,"CONDITION_DESCR_2":null,"YEAR_BUILT_2":null,"UNIT_COUNT_2":null,"PCT_COMPLETE_2":null,"ALLOCATION_PCT_2":null,"TRAV_COUNT":1,"LASTUPDATE":null,"CREATED_DATE":1712330344000,"LAST_EDITED_DATE":1712330533000,"GLOBALID":"{A3675B54-D07B-4574-B482-92DC9C631DBC}","SHAPE_Length":0.00053288569683417129,"SHAPE_Area":1.7290724499646038e-08}},{"type":"Feature","id":120,"geometry":{"type":"Polygon","coordinates":[[[-111.63653739699998,40.211935332000053],[-111.63646025199995,40.211830053000028],[-111.63633541399997,40.211883821000072],[-111.63641256099999,40.211989100000039],[-111.63653739699998,40.211935332000053]]]},"properties":{"OBJECTID":120,"PARCEL_NO":558940027,"PARCELID":"558940027","PARCELID_LABEL":"55:894:0027","OWNER_NAME":"VILLA TWO LLC","CARE_NAME":null,"ACREAGE":0.040381,"SITE_FULL_ADDRESS":"1225 E 1600 SOUTH Unit# 27, PROVO, UT","SITE_HOUSE_NUM":"1225","SITE_PRE_DIR":"E","SITE_STREET_NAME":"1600 SOUTH","SITE_STREET_TYPE":null,"SITE_POST_DIR":null,"SITE_STREET_UNIT":"27","SITE_CITY":"PROVO","SITE_STATE":"UT","SITE_ZIP5":"84606","OWN_FULL_ADDRESS":"746 S 850 E  OREM, UT 84097-6534","OWN_STREET_ADDRESS":"746 S 850 E","OWN_CITY":"OREM","OWN_STATE":"UT","OWN_ZIP5":"84097","VESTING_DOC":"253-2021","PARCEL_CREATE_DATE":1572912000000,"MAP_FILING_NO":"16754 ","SUB_NAME":"WILLOW CREEK TOWNHOMES","LEGAL_DESCR":"LOT 27, WILLOW CREEK TOWNHOMES SUB AREA 0.040 AC.","BOOK_PAGE":55894,"LOT":"27","BUILDING":null,"UNIT":null,"TAX_DISTRICT":"110","TAX_DISTRICT_DESCR":"PROVO CITY","SCHOOL_DISTRICT":"PROVO","TAXABLE_CODE":100,"ACCOUNT_TYPE":"HGHDENRES","PROP_TYPE":900,"PROP_TYPE_DESCR":"VACANT","SPECIFIC_PROP_TYPE":915,"SPC_PROP_TYP_DESCR":"Vac Townhome Lot","NEIGHBORHOOD":"900","NBHD_DISTRICT":"9110","LAND_DISTRICT":6424,"ECONOMIC_UNIT":null,"GLA_WEIGHTED_YRBLT":null,"TOTAL_ABOVE_GRADE_AREA":null,"TOTAL_MEZZANINE":null,"TOTAL_BASEMENT":null,"TOTAL_BSMT_FINISH":null,"TOTAL_UNIT_COUNT":null,"TOTAL_IMP_COUNT":null,"ASMT_YEAR":2026,"ASMT_CODE":"V","ASMT_CODE_DESCR":"VACANT","MKT_LAND_VALUE":93600,"MKT_LAND_RES":93600,"MKT_LAND_AGR":0,"MKT_LAND_COM":0,"MKT_IMP_VALUE":0,"MKT_IMP_RES":0,"MKT_IMP_AGR":0,"MKT_IMP_COM":0,"MKT_CUR_VALUE":93600,"MKT_PRV_VAL":93600,"MKT_VAL_YR_CHG":0,"MKT_PCT_CHG":0,"TXBL_CUR_VALUE":93600,"TXBL_PRV_VAL":93600,"TXBL_VAL_YR_CHG":0,"TXBL_PCT_CHG":0,"TOT_CUR_TAXES":0,"TOT_PRV_TAXES":0,"TAXES_YR_CHG":0,"TAXES_PCT_CHG":0,"GREENBELT":null,"EXEMPT_RES":"N","COMMON_AREA":null,"PUBLIC_ROAD":null,"PRIVATE_ROAD":null,"PART_CENTRAL_ASSD":null,"PART_TAXABLE":null,"IMP_NO_RES":null,"COST_GROUP_RES":null,"STYLE_DESCR_RES":null,"QUALITY_RES":null,"QUALITY_DESCR_RES":null,"CONDITION_RES":null,"CONDITION_DESCR_RES":null,"YEARBLT_RES":null,"GLA_RES":null,"BASEMENT_RES":null,"BSMT_FINISH_RES":null,"ATT_GARAGE_SQFT_RES":null,"BATHROOMS_RES":null,"GLA_BEDROOMS_RES":null,"EXTERIOR_RES":null,"ALLOCATION_PCT_RES":null,"IMP_NO_1":null,"USE_CODE_1":null,"USE_CODE_DESCR_1":null,"COST_CLASS_DESCR_1":null,"EXTERIOR_WALL_1":null,"ABOVE_GRADE_AREA_1":null,"MEZZANINE_1":null,"BASEMENT_1":null,"BSMT_FINISH_1":null,"BSMT_UNFINISH_1":null,"QUALITY_DESCR_1":null,"CONDITION_1":null,"CONDITION_DESCR_1":null,"YEAR_BUILT_1":null,"UNIT_COUNT_1":null,"PCT_COMPLETE_1":null,"ALLOCATION_PCT_1":null,"IMP_NO_2":null,"USE_CODE_2":null,"USE_CODE_DESCR_2":null,"COST_CLASS_DESCR_2":null,"EXTERIOR_WALL_2":null,"ABOVE_GRADE_AREA_2":null,"MEZZANINE_2":null,"BASEMENT_2":null,"BSMT_FINISH_2":null,"BSMT_UNFINISH_2":null,"QUALITY_DESCR_2":null,"CONDITION_2":null,"CONDITION_DESCR_2":null,"YEAR_BUILT_2":null,"UNIT_COUNT_2":null,"PCT_COMPLETE_2":null,"ALLOCATION_PCT_2":null,"TRAV_COUNT":1,"LASTUPDATE":null,"CREATED_DATE":1712330344000,"LAST_EDITED_DATE":1712330533000,"GLOBALID":"{14E2FF3E-7B13-4DFB-8E00-24C8C08A07A0}","SHAPE_Length":0.00053288528574670535,"SHAPE_Area":1.7290700651578711e-08}},{"type":"Feature","id":121,"geometry":{"type":"Polygon","coordinates":[[[-111.63661453899999,40.212040602000059],[-111.63653739299997,40.211935323000034],[-111.63641255499999,40.211989090000031],[-111.63648969999997,40.212094370000045],[-111.63661453899999,40.212040602000059]]]},"properties":{"OBJECTID":121,"PARCEL_NO":558940028,"PARCELID":"558940028","PARCELID_LABEL":"55:894:0028","OWNER_NAME":"VILLA TWO LLC","CARE_NAME":null,"ACREAGE":0.040381,"SITE_FULL_ADDRESS":"1225 E 1600 SOUTH Unit# 28, PROVO, UT","SITE_HOUSE_NUM":"1225","SITE_PRE_DIR":"E","SITE_STREET_NAME":"1600 SOUTH","SITE_STREET_TYPE":null,"SITE_POST_DIR":null,"SITE_STREET_UNIT":"28","SITE_CITY":"PROVO","SITE_STATE":"UT","SITE_ZIP5":"84606","OWN_FULL_ADDRESS":"746 S 850 E  OREM, UT 84097-6534","OWN_STREET_ADDRESS":"746 S 850 E","OWN_CITY":"OREM","OWN_STATE":"UT","OWN_ZIP5":"84097","VESTING_DOC":"253-2021","PARCEL_CREATE_DATE":1572912000000,"MAP_FILING_NO":"16754 ","SUB_NAME":"WILLOW CREEK TOWNHOMES","LEGAL_DESCR":"LOT 28, WILLOW CREEK TOWNHOMES SUB AREA 0.040 AC.","BOOK_PAGE":55894,"LOT":"28","BUILDING":null,"UNIT":null,"TAX_DISTRICT":"110","TAX_DISTRICT_DESCR":"PROVO CITY","SCHOOL_DISTRICT":"PROVO","TAXABLE_CODE":100,"ACCOUNT_TYPE":"HGHDENRES","PROP_TYPE":900,"PROP_TYPE_DESCR":"VACANT","SPECIFIC_PROP_TYPE":915,"SPC_PROP_TYP_DESCR":"Vac Townhome Lot","NEIGHBORHOOD":"900","NBHD_DISTRICT":"9110","LAND_DISTRICT":6424,"ECONOMIC_UNIT":null,"GLA_WEIGHTED_YRBLT":null,"TOTAL_ABOVE_GRADE_AREA":null,"TOTAL_MEZZANINE":null,"TOTAL_BASEMENT":null,"TOTAL_BSMT_FINISH":null,"TOTAL_UNIT_COUNT":null,"TOTAL_IMP_COUNT":null,"ASMT_YEAR":2026,"ASMT_CODE":"V","ASMT_CODE_DESCR":"VACANT","MKT_LAND_VALUE":93600,"MKT_LAND_RES":93600,"MKT_LAND_AGR":0,"MKT_LAND_COM":0,"MKT_IMP_VALUE":0,"MKT_IMP_RES":0,"MKT_IMP_AGR":0,"MKT_IMP_COM":0,"MKT_CUR_VALUE":93600,"MKT_PRV_VAL":93600,"MKT_VAL_YR_CHG":0,"MKT_PCT_CHG":0,"TXBL_CUR_VALUE":93600,"TXBL_PRV_VAL":93600,"TXBL_VAL_YR_CHG":0,"TXBL_PCT_CHG":0,"TOT_CUR_TAXES":0,"TOT_PRV_TAXES":0,"TAXES_YR_CHG":0,"TAXES_PCT_CHG":0,"GREENBELT":null,"EXEMPT_RES":"N","COMMON_AREA":null,"PUBLIC_ROAD":null,"PRIVATE_ROAD":null,"PART_CENTRAL_ASSD":null,"PART_TAXABLE":null,"IMP_NO_RES":null,"COST_GROUP_RES":null,"STYLE_DESCR_RES":null,"QUALITY_RES":null,"QUALITY_DESCR_RES":null,"CONDITION_RES":null,"CONDITION_DESCR_RES":null,"YEARBLT_RES":null,"GLA_RES":null,"BASEMENT_RES":null,"BSMT_FINISH_RES":null,"ATT_GARAGE_SQFT_RES":null,"BATHROOMS_RES":null,"GLA_BEDROOMS_RES":null,"EXTERIOR_RES":null,"ALLOCATION_PCT_RES":null,"IMP_NO_1":null,"USE_CODE_1":null,"USE_CODE_DESCR_1":null,"COST_CLASS_DESCR_1":null,"EXTERIOR_WALL_1":null,"ABOVE_GRADE_AREA_1":null,"MEZZANINE_1":null,"BASEMENT_1":null,"BSMT_FINISH_1":null,"BSMT_UNFINISH_1":null,"QUALITY_DESCR_1":null,"CONDITION_1":null,"CONDITION_DESCR_1":null,"YEAR_BUILT_1":null,"UNIT_COUNT_1":null,"PCT_COMPLETE_1":null,"ALLOCATION_PCT_1":null,"IMP_NO_2":null,"USE_CODE_2":null,"USE_CODE_DESCR_2":null,"COST_CLASS_DESCR_2":null,"EXTERIOR_WALL_2":null,"ABOVE_GRADE_AREA_2":null,"MEZZANINE_2":null,"BASEMENT_2":null,"BSMT_FINISH_2":null,"BSMT_UNFINISH_2":null,"QUALITY_DESCR_2":null,"CONDITION_2":null,"CONDITION_DESCR_2":null,"YEAR_BUILT_2":null,"UNIT_COUNT_2":null,"PCT_COMPLETE_2":null,"ALLOCATION_PCT_2":null,"TRAV_COUNT":1,"LASTUPDATE":null,"CREATED_DATE":1712330344000,"LAST_EDITED_DATE":1712330533000,"GLOBALID":"{2911E9BE-DE9E-4AFF-A1DB-DE22FA8E4F07}","SHAPE_Length":0.00053288786104570968,"SHAPE_Area":1.7290855533760316e-08}},{"type":"Feature","id":122,"geometry":{"type":"Polygon","coordinates":[[[-111.63670926599997,40.212169837000033],[-111.63663211899996,40.212064557000076],[-111.63650728099998,40.212118325000063],[-111.63658442599996,40.212223605000077],[-111.63670926599997,40.212169837000033]]]},"properties":{"OBJECTID":122,"PARCEL_NO":558940029,"PARCELID":"558940029","PARCELID_LABEL":"55:894:0029","OWNER_NAME":"VILLA TWO LLC","CARE_NAME":null,"ACREAGE":0.040382000000000001,"SITE_FULL_ADDRESS":"1225 E 1600 SOUTH Unit# 29, PROVO, UT","SITE_HOUSE_NUM":"1225","SITE_PRE_DIR":"E","SITE_STREET_NAME":"1600 SOUTH","SITE_STREET_TYPE":null,"SITE_POST_DIR":null,"SITE_STREET_UNIT":"29","SITE_CITY":"PROVO","SITE_STATE":"UT","SITE_ZIP5":"84606","OWN_FULL_ADDRESS":"746 S 850 E  OREM, UT 84097-6534","OWN_STREET_ADDRESS":"746 S 850 E","OWN_CITY":"OREM","OWN_STATE":"UT","OWN_ZIP5":"84097","VESTING_DOC":"253-2021","PARCEL_CREATE_DATE":1572912000000,"MAP_FILING_NO":"16754 ","SUB_NAME":"WILLOW CREEK TOWNHOMES","LEGAL_DESCR":"LOT 29, WILLOW CREEK TOWNHOMES SUB AREA 0.040 AC.","BOOK_PAGE":55894,"LOT":"29","BUILDING":null,"UNIT":null,"TAX_DISTRICT":"110","TAX_DISTRICT_DESCR":"PROVO CITY","SCHOOL_DISTRICT":"PROVO","TAXABLE_CODE":100,"ACCOUNT_TYPE":"HGHDENRES","PROP_TYPE":900,"PROP_TYPE_DESCR":"VACANT","SPECIFIC_PROP_TYPE":915,"SPC_PROP_TYP_DESCR":"Vac Townhome Lot","NEIGHBORHOOD":"900","NBHD_DISTRICT":"9110","LAND_DISTRICT":6424,"ECONOMIC_UNIT":null,"GLA_WEIGHTED_YRBLT":null,"TOTAL_ABOVE_GRADE_AREA":null,"TOTAL_MEZZANINE":null,"TOTAL_BASEMENT":null,"TOTAL_BSMT_FINISH":null,"TOTAL_UNIT_COUNT":null,"TOTAL_IMP_COUNT":null,"ASMT_YEAR":2026,"ASMT_CODE":"V","ASMT_CODE_DESCR":"VACANT","MKT_LAND_VALUE":93600,"MKT_LAND_RES":93600,"MKT_LAND_AGR":0,"MKT_LAND_COM":0,"MKT_IMP_VALUE":0,"MKT_IMP_RES":0,"MKT_IMP_AGR":0,"MKT_IMP_COM":0,"MKT_CUR_VALUE":93600,"MKT_PRV_VAL":93600,"MKT_VAL_YR_CHG":0,"MKT_PCT_CHG":0,"TXBL_CUR_VALUE":93600,"TXBL_PRV_VAL":93600,"TXBL_VAL_YR_CHG":0,"TXBL_PCT_CHG":0,"TOT_CUR_TAXES":0,"TOT_PRV_TAXES":0,"TAXES_YR_CHG":0,"TAXES_PCT_CHG":0,"GREENBELT":null,"EXEMPT_RES":"N","COMMON_AREA":null,"PUBLIC_ROAD":null,"PRIVATE_ROAD":null,"PART_CENTRAL_ASSD":null,"PART_TAXABLE":null,"IMP_NO_RES":null,"COST_GROUP_RES":null,"STYLE_DESCR_RES":null,"QUALITY_RES":null,"QUALITY_DESCR_RES":null,"CONDITION_RES":null,"CONDITION_DESCR_RES":null,"YEARBLT_RES":null,"GLA_RES":null,"BASEMENT_RES":null,"BSMT_FINISH_RES":null,"ATT_GARAGE_SQFT_RES":null,"BATHROOMS_RES":null,"GLA_BEDROOMS_RES":null,"EXTERIOR_RES":null,"ALLOCATION_PCT_RES":null,"IMP_NO_1":null,"USE_CODE_1":null,"USE_CODE_DESCR_1":null,"COST_CLASS_DESCR_1":null,"EXTERIOR_WALL_1":null,"ABOVE_GRADE_AREA_1":null,"MEZZANINE_1":null,"BASEMENT_1":null,"BSMT_FINISH_1":null,"BSMT_UNFINISH_1":null,"QUALITY_DESCR_1":null,"CONDITION_1":null,"CONDITION_DESCR_1":null,"YEAR_BUILT_1":null,"UNIT_COUNT_1":null,"PCT_COMPLETE_1":null,"ALLOCATION_PCT_1":null,"IMP_NO_2":null,"USE_CODE_2":null,"USE_CODE_DESCR_2":null,"COST_CLASS_DESCR_2":null,"EXTERIOR_WALL_2":null,"ABOVE_GRADE_AREA_2":null,"MEZZANINE_2":null,"BASEMENT_2":null,"BSMT_FINISH_2":null,"BSMT_UNFINISH_2":null,"QUALITY_DESCR_2":null,"CONDITION_2":null,"CONDITION_DESCR_2":null,"YEAR_BUILT_2":null,"UNIT_COUNT_2":null,"PCT_COMPLETE_2":null,"ALLOCATION_PCT_2":null,"TRAV_COUNT":1,"LASTUPDATE":null,"CREATED_DATE":1712330344000,"LAST_EDITED_DATE":1712330533000,"GLOBALID":"{B52C7DCA-6CD1-4909-943E-7ED7511386DF}","SHAPE_Length":0.00053289057269012596,"SHAPE_Area":1.729103604649577e-08}},{"type":"Feature","id":123,"geometry":{"type":"Polygon","coordinates":[[[-111.63678640099994,40.21227510600005],[-111.63670925499997,40.212169826000036],[-111.63658441699994,40.212223594000079],[-111.63666156399995,40.212328873000047],[-111.63678640099994,40.21227510600005]]]},"properties":{"OBJECTID":123,"PARCEL_NO":558940030,"PARCELID":"558940030","PARCELID_LABEL":"55:894:0030","OWNER_NAME":"VILLA TWO LLC","CARE_NAME":null,"ACREAGE":0.040381,"SITE_FULL_ADDRESS":"1225 E 1600 SOUTH Unit# 30, PROVO, UT","SITE_HOUSE_NUM":"1225","SITE_PRE_DIR":"E","SITE_STREET_NAME":"1600 SOUTH","SITE_STREET_TYPE":null,"SITE_POST_DIR":null,"SITE_STREET_UNIT":"30","SITE_CITY":"PROVO","SITE_STATE":"UT","SITE_ZIP5":"84606","OWN_FULL_ADDRESS":"746 S 850 E  OREM, UT 84097-6534","OWN_STREET_ADDRESS":"746 S 850 E","OWN_CITY":"OREM","OWN_STATE":"UT","OWN_ZIP5":"84097","VESTING_DOC":"253-2021","PARCEL_CREATE_DATE":1572912000000,"MAP_FILING_NO":"16754 ","SUB_NAME":"WILLOW CREEK TOWNHOMES","LEGAL_DESCR":"LOT 30, WILLOW CREEK TOWNHOMES SUB AREA 0.040 AC.","BOOK_PAGE":55894,"LOT":"30","BUILDING":null,"UNIT":null,"TAX_DISTRICT":"110","TAX_DISTRICT_DESCR":"PROVO CITY","SCHOOL_DISTRICT":"PROVO","TAXABLE_CODE":100,"ACCOUNT_TYPE":"HGHDENRES","PROP_TYPE":900,"PROP_TYPE_DESCR":"VACANT","SPECIFIC_PROP_TYPE":915,"SPC_PROP_TYP_DESCR":"Vac Townhome Lot","NEIGHBORHOOD":"900","NBHD_DISTRICT":"9110","LAND_DISTRICT":6424,"ECONOMIC_UNIT":null,"GLA_WEIGHTED_YRBLT":null,"TOTAL_ABOVE_GRADE_AREA":null,"TOTAL_MEZZANINE":null,"TOTAL_BASEMENT":null,"TOTAL_BSMT_FINISH":null,"TOTAL_UNIT_COUNT":null,"TOTAL_IMP_COUNT":null,"ASMT_YEAR":2026,"ASMT_CODE":"V","ASMT_CODE_DESCR":"VACANT","MKT_LAND_VALUE":93600,"MKT_LAND_RES":93600,"MKT_LAND_AGR":0,"MKT_LAND_COM":0,"MKT_IMP_VALUE":0,"MKT_IMP_RES":0,"MKT_IMP_AGR":0,"MKT_IMP_COM":0,"MKT_CUR_VALUE":93600,"MKT_PRV_VAL":93600,"MKT_VAL_YR_CHG":0,"MKT_PCT_CHG":0,"TXBL_CUR_VALUE":93600,"TXBL_PRV_VAL":93600,"TXBL_VAL_YR_CHG":0,"TXBL_PCT_CHG":0,"TOT_CUR_TAXES":0,"TOT_PRV_TAXES":0,"TAXES_YR_CHG":0,"TAXES_PCT_CHG":0,"GREENBELT":null,"EXEMPT_RES":"N","COMMON_AREA":null,"PUBLIC_ROAD":null,"PRIVATE_ROAD":null,"PART_CENTRAL_ASSD":null,"PART_TAXABLE":null,"IMP_NO_RES":null,"COST_GROUP_RES":null,"STYLE_DESCR_RES":null,"QUALITY_RES":null,"QUALITY_DESCR_RES":null,"CONDITION_RES":null,"CONDITION_DESCR_RES":null,"YEARBLT_RES":null,"GLA_RES":null,"BASEMENT_RES":null,"BSMT_FINISH_RES":null,"ATT_GARAGE_SQFT_RES":null,"BATHROOMS_RES":null,"GLA_BEDROOMS_RES":null,"EXTERIOR_RES":null,"ALLOCATION_PCT_RES":null,"IMP_NO_1":null,"USE_CODE_1":null,"USE_CODE_DESCR_1":null,"COST_CLASS_DESCR_1":null,"EXTERIOR_WALL_1":null,"ABOVE_GRADE_AREA_1":null,"MEZZANINE_1":null,"BASEMENT_1":null,"BSMT_FINISH_1":null,"BSMT_UNFINISH_1":null,"QUALITY_DESCR_1":null,"CONDITION_1":null,"CONDITION_DESCR_1":null,"YEAR_BUILT_1":null,"UNIT_COUNT_1":null,"PCT_COMPLETE_1":null,"ALLOCATION_PCT_1":null,"IMP_NO_2":null,"USE_CODE_2":null,"USE_CODE_DESCR_2":null,"COST_CLASS_DESCR_2":null,"EXTERIOR_WALL_2":null,"ABOVE_GRADE_AREA_2":null,"MEZZANINE_2":null,"BASEMENT_2":null,"BSMT_FINISH_2":null,"BSMT_UNFINISH_2":null,"QUALITY_DESCR_2":null,"CONDITION_2":null,"CONDITION_DESCR_2":null,"YEAR_BUILT_2":null,"UNIT_COUNT_2":null,"PCT_COMPLETE_2":null,"ALLOCATION_PCT_2":null,"TRAV_COUNT":1,"LASTUPDATE":null,"CREATED_DATE":1712330344000,"LAST_EDITED_DATE":1712330533000,"GLOBALID":"{F2C01DBE-B71E-4533-82E1-F0D56B633656}","SHAPE_Length":0.00053288720629628952,"SHAPE_Area":1.7290804020949589e-08}},{"type":"Feature","id":124,"geometry":{"type":"Polygon","coordinates":[[[-111.63450301099999,40.212031995000075],[-111.63442586899998,40.211926714000072],[-111.63430102799998,40.211980480000079],[-111.63437817299996,40.212085760000036],[-111.63450301099999,40.212031995000075]]]},"properties":{"OBJECTID":124,"PARCEL_NO":558940007,"PARCELID":"558940007","PARCELID_LABEL":"55:894:0007","OWNER_NAME":"BCP DEVELOPMENT LLC","CARE_NAME":null,"ACREAGE":0.040381,"SITE_FULL_ADDRESS":"1225 E 1600 SOUTH Unit# 7, PROVO, UT","SITE_HOUSE_NUM":"1225","SITE_PRE_DIR":"E","SITE_STREET_NAME":"1600 SOUTH","SITE_STREET_TYPE":null,"SITE_POST_DIR":null,"SITE_STREET_UNIT":"7","SITE_CITY":"PROVO","SITE_STATE":"UT","SITE_ZIP5":"84606","OWN_FULL_ADDRESS":"300 S 1350 EAST 2ND FLOOR  LEHI, UT 84043","OWN_STREET_ADDRESS":"300 S 1350 EAST 2ND FLOOR","OWN_CITY":"LEHI","OWN_STATE":"UT","OWN_ZIP5":"84043","VESTING_DOC":"26739-2025","PARCEL_CREATE_DATE":1572912000000,"MAP_FILING_NO":"16754 ","SUB_NAME":"WILLOW CREEK TOWNHOMES","LEGAL_DESCR":"LOT 7, WILLOW CREEK TOWNHOMES SUB AREA 0.040 AC.","BOOK_PAGE":55894,"LOT":"7","BUILDING":null,"UNIT":null,"TAX_DISTRICT":"110","TAX_DISTRICT_DESCR":"PROVO CITY","SCHOOL_DISTRICT":"PROVO","TAXABLE_CODE":100,"ACCOUNT_TYPE":"HGHDENRES","PROP_TYPE":900,"PROP_TYPE_DESCR":"VACANT","SPECIFIC_PROP_TYPE":915,"SPC_PROP_TYP_DESCR":"Vac Townhome Lot","NEIGHBORHOOD":"900","NBHD_DISTRICT":"9110","LAND_DISTRICT":6424,"ECONOMIC_UNIT":null,"GLA_WEIGHTED_YRBLT":null,"TOTAL_ABOVE_GRADE_AREA":null,"TOTAL_MEZZANINE":null,"TOTAL_BASEMENT":null,"TOTAL_BSMT_FINISH":null,"TOTAL_UNIT_COUNT":null,"TOTAL_IMP_COUNT":null,"ASMT_YEAR":2026,"ASMT_CODE":"V","ASMT_CODE_DESCR":"VACANT","MKT_LAND_VALUE":93600,"MKT_LAND_RES":93600,"MKT_LAND_AGR":0,"MKT_LAND_COM":0,"MKT_IMP_VALUE":0,"MKT_IMP_RES":0,"MKT_IMP_AGR":0,"MKT_IMP_COM":0,"MKT_CUR_VALUE":93600,"MKT_PRV_VAL":93600,"MKT_VAL_YR_CHG":0,"MKT_PCT_CHG":0,"TXBL_CUR_VALUE":93600,"TXBL_PRV_VAL":93600,"TXBL_VAL_YR_CHG":0,"TXBL_PCT_CHG":0,"TOT_CUR_TAXES":0,"TOT_PRV_TAXES":0,"TAXES_YR_CHG":0,"TAXES_PCT_CHG":0,"GREENBELT":null,"EXEMPT_RES":"N","COMMON_AREA":null,"PUBLIC_ROAD":null,"PRIVATE_ROAD":null,"PART_CENTRAL_ASSD":null,"PART_TAXABLE":null,"IMP_NO_RES":null,"COST_GROUP_RES":null,"STYLE_DESCR_RES":null,"QUALITY_RES":null,"QUALITY_DESCR_RES":null,"CONDITION_RES":null,"CONDITION_DESCR_RES":null,"YEARBLT_RES":null,"GLA_RES":null,"BASEMENT_RES":null,"BSMT_FINISH_RES":null,"ATT_GARAGE_SQFT_RES":null,"BATHROOMS_RES":null,"GLA_BEDROOMS_RES":null,"EXTERIOR_RES":null,"ALLOCATION_PCT_RES":null,"IMP_NO_1":null,"USE_CODE_1":null,"USE_CODE_DESCR_1":null,"COST_CLASS_DESCR_1":null,"EXTERIOR_WALL_1":null,"ABOVE_GRADE_AREA_1":null,"MEZZANINE_1":null,"BASEMENT_1":null,"BSMT_FINISH_1":null,"BSMT_UNFINISH_1":null,"QUALITY_DESCR_1":null,"CONDITION_1":null,"CONDITION_DESCR_1":null,"YEAR_BUILT_1":null,"UNIT_COUNT_1":null,"PCT_COMPLETE_1":null,"ALLOCATION_PCT_1":null,"IMP_NO_2":null,"USE_CODE_2":null,"USE_CODE_DESCR_2":null,"COST_CLASS_DESCR_2":null,"EXTERIOR_WALL_2":null,"ABOVE_GRADE_AREA_2":null,"MEZZANINE_2":null,"BASEMENT_2":null,"BSMT_FINISH_2":null,"BSMT_UNFINISH_2":null,"QUALITY_DESCR_2":null,"CONDITION_2":null,"CONDITION_DESCR_2":null,"YEAR_BUILT_2":null,"UNIT_COUNT_2":null,"PCT_COMPLETE_2":null,"ALLOCATION_PCT_2":null,"TRAV_COUNT":1,"LASTUPDATE":null,"CREATED_DATE":1712330344000,"LAST_EDITED_DATE":1712330533000,"GLOBALID":"{A358070A-B34C-441A-8A10-FD2449F70993}","SHAPE_Length":0.00053288736466715987,"SHAPE_Area":1.7290823826819011e-08}},{"type":"Feature","id":125,"geometry":{"type":"Polygon","coordinates":[[[-111.63458018499995,40.21213726600007],[-111.63450304199995,40.212031985000067],[-111.63437820199999,40.212085750000028],[-111.63445534399995,40.212191031000032],[-111.63458018499995,40.21213726600007]]]},"properties":{"OBJECTID":125,"PARCEL_NO":558940008,"PARCELID":"558940008","PARCELID_LABEL":"55:894:0008","OWNER_NAME":"BCP DEVELOPMENT LLC","CARE_NAME":null,"ACREAGE":0.040381,"SITE_FULL_ADDRESS":"1225 E 1600 SOUTH Unit# 8, PROVO, UT","SITE_HOUSE_NUM":"1225","SITE_PRE_DIR":"E","SITE_STREET_NAME":"1600 SOUTH","SITE_STREET_TYPE":null,"SITE_POST_DIR":null,"SITE_STREET_UNIT":"8","SITE_CITY":"PROVO","SITE_STATE":"UT","SITE_ZIP5":"84606","OWN_FULL_ADDRESS":"300 S 1350 EAST 2ND FLOOR  LEHI, UT 84043","OWN_STREET_ADDRESS":"300 S 1350 EAST 2ND FLOOR","OWN_CITY":"LEHI","OWN_STATE":"UT","OWN_ZIP5":"84043","VESTING_DOC":"26739-2025","PARCEL_CREATE_DATE":1572912000000,"MAP_FILING_NO":"16754 ","SUB_NAME":"WILLOW CREEK TOWNHOMES","LEGAL_DESCR":"LOT 8, WILLOW CREEK TOWNHOMES SUB AREA 0.040 AC.","BOOK_PAGE":55894,"LOT":"8","BUILDING":null,"UNIT":null,"TAX_DISTRICT":"110","TAX_DISTRICT_DESCR":"PROVO CITY","SCHOOL_DISTRICT":"PROVO","TAXABLE_CODE":100,"ACCOUNT_TYPE":"HGHDENRES","PROP_TYPE":900,"PROP_TYPE_DESCR":"VACANT","SPECIFIC_PROP_TYPE":915,"SPC_PROP_TYP_DESCR":"Vac Townhome Lot","NEIGHBORHOOD":"900","NBHD_DISTRICT":"9110","LAND_DISTRICT":6424,"ECONOMIC_UNIT":null,"GLA_WEIGHTED_YRBLT":null,"TOTAL_ABOVE_GRADE_AREA":null,"TOTAL_MEZZANINE":null,"TOTAL_BASEMENT":null,"TOTAL_BSMT_FINISH":null,"TOTAL_UNIT_COUNT":null,"TOTAL_IMP_COUNT":null,"ASMT_YEAR":2026,"ASMT_CODE":"V","ASMT_CODE_DESCR":"VACANT","MKT_LAND_VALUE":93600,"MKT_LAND_RES":93600,"MKT_LAND_AGR":0,"MKT_LAND_COM":0,"MKT_IMP_VALUE":0,"MKT_IMP_RES":0,"MKT_IMP_AGR":0,"MKT_IMP_COM":0,"MKT_CUR_VALUE":93600,"MKT_PRV_VAL":93600,"MKT_VAL_YR_CHG":0,"MKT_PCT_CHG":0,"TXBL_CUR_VALUE":93600,"TXBL_PRV_VAL":93600,"TXBL_VAL_YR_CHG":0,"TXBL_PCT_CHG":0,"TOT_CUR_TAXES":0,"TOT_PRV_TAXES":0,"TAXES_YR_CHG":0,"TAXES_PCT_CHG":0,"GREENBELT":null,"EXEMPT_RES":"N","COMMON_AREA":null,"PUBLIC_ROAD":null,"PRIVATE_ROAD":null,"PART_CENTRAL_ASSD":null,"PART_TAXABLE":null,"IMP_NO_RES":null,"COST_GROUP_RES":null,"STYLE_DESCR_RES":null,"QUALITY_RES":null,"QUALITY_DESCR_RES":null,"CONDITION_RES":null,"CONDITION_DESCR_RES":null,"YEARBLT_RES":null,"GLA_RES":null,"BASEMENT_RES":null,"BSMT_FINISH_RES":null,"ATT_GARAGE_SQFT_RES":null,"BATHROOMS_RES":null,"GLA_BEDROOMS_RES":null,"EXTERIOR_RES":null,"ALLOCATION_PCT_RES":null,"IMP_NO_1":null,"USE_CODE_1":null,"USE_CODE_DESCR_1":null,"COST_CLASS_DESCR_1":null,"EXTERIOR_WALL_1":null,"ABOVE_GRADE_AREA_1":null,"MEZZANINE_1":null,"BASEMENT_1":null,"BSMT_FINISH_1":null,"BSMT_UNFINISH_1":null,"QUALITY_DESCR_1":null,"CONDITION_1":null,"CONDITION_DESCR_1":null,"YEAR_BUILT_1":null,"UNIT_COUNT_1":null,"PCT_COMPLETE_1":null,"ALLOCATION_PCT_1":null,"IMP_NO_2":null,"USE_CODE_2":null,"USE_CODE_DESCR_2":null,"COST_CLASS_DESCR_2":null,"EXTERIOR_WALL_2":null,"ABOVE_GRADE_AREA_2":null,"MEZZANINE_2":null,"BASEMENT_2":null,"BSMT_FINISH_2":null,"BSMT_UNFINISH_2":null,"QUALITY_DESCR_2":null,"CONDITION_2":null,"CONDITION_DESCR_2":null,"YEAR_BUILT_2":null,"UNIT_COUNT_2":null,"PCT_COMPLETE_2":null,"ALLOCATION_PCT_2":null,"TRAV_COUNT":1,"LASTUPDATE":null,"CREATED_DATE":1712330344000,"LAST_EDITED_DATE":1712330533000,"GLOBALID":"{137BF1BD-5F32-4093-BCD6-2B986DDB3128}","SHAPE_Length":0.00053288843045128629,"SHAPE_Area":1.7290899186857305e-08}},{"type":"Feature","id":126,"geometry":{"type":"Polygon","coordinates":[[[-111.63467483299996,40.212266474000046],[-111.63459769099995,40.212161193000043],[-111.63447285099994,40.21221496000004],[-111.63454999499999,40.212320240000054],[-111.63467483299996,40.212266474000046]]]},"properties":{"OBJECTID":126,"PARCEL_NO":558940009,"PARCELID":"558940009","PARCELID_LABEL":"55:894:0009","OWNER_NAME":"BCP DEVELOPMENT LLC","CARE_NAME":null,"ACREAGE":0.040381,"SITE_FULL_ADDRESS":"1225 E 1600 SOUTH Unit# 9, PROVO, UT","SITE_HOUSE_NUM":"1225","SITE_PRE_DIR":"E","SITE_STREET_NAME":"1600 SOUTH","SITE_STREET_TYPE":null,"SITE_POST_DIR":null,"SITE_STREET_UNIT":"9","SITE_CITY":"PROVO","SITE_STATE":"UT","SITE_ZIP5":"84606","OWN_FULL_ADDRESS":"300 S 1350 EAST 2ND FLOOR  LEHI, UT 84043","OWN_STREET_ADDRESS":"300 S 1350 EAST 2ND FLOOR","OWN_CITY":"LEHI","OWN_STATE":"UT","OWN_ZIP5":"84043","VESTING_DOC":"26739-2025","PARCEL_CREATE_DATE":1572912000000,"MAP_FILING_NO":"16754 ","SUB_NAME":"WILLOW CREEK TOWNHOMES","LEGAL_DESCR":"LOT 9, WILLOW CREEK TOWNHOMES SUB AREA 0.040 AC.","BOOK_PAGE":55894,"LOT":"9","BUILDING":null,"UNIT":null,"TAX_DISTRICT":"110","TAX_DISTRICT_DESCR":"PROVO CITY","SCHOOL_DISTRICT":"PROVO","TAXABLE_CODE":100,"ACCOUNT_TYPE":"HGHDENRES","PROP_TYPE":900,"PROP_TYPE_DESCR":"VACANT","SPECIFIC_PROP_TYPE":915,"SPC_PROP_TYP_DESCR":"Vac Townhome Lot","NEIGHBORHOOD":"900","NBHD_DISTRICT":"9110","LAND_DISTRICT":6424,"ECONOMIC_UNIT":null,"GLA_WEIGHTED_YRBLT":null,"TOTAL_ABOVE_GRADE_AREA":null,"TOTAL_MEZZANINE":null,"TOTAL_BASEMENT":null,"TOTAL_BSMT_FINISH":null,"TOTAL_UNIT_COUNT":null,"TOTAL_IMP_COUNT":null,"ASMT_YEAR":2026,"ASMT_CODE":"V","ASMT_CODE_DESCR":"VACANT","MKT_LAND_VALUE":93600,"MKT_LAND_RES":93600,"MKT_LAND_AGR":0,"MKT_LAND_COM":0,"MKT_IMP_VALUE":0,"MKT_IMP_RES":0,"MKT_IMP_AGR":0,"MKT_IMP_COM":0,"MKT_CUR_VALUE":93600,"MKT_PRV_VAL":93600,"MKT_VAL_YR_CHG":0,"MKT_PCT_CHG":0,"TXBL_CUR_VALUE":93600,"TXBL_PRV_VAL":93600,"TXBL_VAL_YR_CHG":0,"TXBL_PCT_CHG":0,"TOT_CUR_TAXES":0,"TOT_PRV_TAXES":0,"TAXES_YR_CHG":0,"TAXES_PCT_CHG":0,"GREENBELT":null,"EXEMPT_RES":"N","COMMON_AREA":null,"PUBLIC_ROAD":null,"PRIVATE_ROAD":null,"PART_CENTRAL_ASSD":null,"PART_TAXABLE":null,"IMP_NO_RES":null,"COST_GROUP_RES":null,"STYLE_DESCR_RES":null,"QUALITY_RES":null,"QUALITY_DESCR_RES":null,"CONDITION_RES":null,"CONDITION_DESCR_RES":null,"YEARBLT_RES":null,"GLA_RES":null,"BASEMENT_RES":null,"BSMT_FINISH_RES":null,"ATT_GARAGE_SQFT_RES":null,"BATHROOMS_RES":null,"GLA_BEDROOMS_RES":null,"EXTERIOR_RES":null,"ALLOCATION_PCT_RES":null,"IMP_NO_1":null,"USE_CODE_1":null,"USE_CODE_DESCR_1":null,"COST_CLASS_DESCR_1":null,"EXTERIOR_WALL_1":null,"ABOVE_GRADE_AREA_1":null,"MEZZANINE_1":null,"BASEMENT_1":null,"BSMT_FINISH_1":null,"BSMT_UNFINISH_1":null,"QUALITY_DESCR_1":null,"CONDITION_1":null,"CONDITION_DESCR_1":null,"YEAR_BUILT_1":null,"UNIT_COUNT_1":null,"PCT_COMPLETE_1":null,"ALLOCATION_PCT_1":null,"IMP_NO_2":null,"USE_CODE_2":null,"USE_CODE_DESCR_2":null,"COST_CLASS_DESCR_2":null,"EXTERIOR_WALL_2":null,"ABOVE_GRADE_AREA_2":null,"MEZZANINE_2":null,"BASEMENT_2":null,"BSMT_FINISH_2":null,"BSMT_UNFINISH_2":null,"QUALITY_DESCR_2":null,"CONDITION_2":null,"CONDITION_DESCR_2":null,"YEAR_BUILT_2":null,"UNIT_COUNT_2":null,"PCT_COMPLETE_2":null,"ALLOCATION_PCT_2":null,"TRAV_COUNT":1,"LASTUPDATE":null,"CREATED_DATE":1712330344000,"LAST_EDITED_DATE":1712330533000,"GLOBALID":"{3B19C87A-1CC4-4067-A642-089515E701A8}","SHAPE_Length":0.00053288664633449547,"SHAPE_Area":1.7290821451120753e-08}},{"type":"Feature","id":127,"geometry":{"type":"Polygon","coordinates":[[[-111.63475197299999,40.212371745000041],[-111.63467482899995,40.212266464000038],[-111.63454998799995,40.212320230000046],[-111.63462713199999,40.212425511000049],[-111.63475197299999,40.212371745000041]]]},"properties":{"OBJECTID":127,"PARCEL_NO":558940010,"PARCELID":"558940010","PARCELID_LABEL":"55:894:0010","OWNER_NAME":"BCP DEVELOPMENT LLC","CARE_NAME":null,"ACREAGE":0.040381,"SITE_FULL_ADDRESS":"1225 E 1600 SOUTH Unit# 10, PROVO, UT","SITE_HOUSE_NUM":"1225","SITE_PRE_DIR":"E","SITE_STREET_NAME":"1600 SOUTH","SITE_STREET_TYPE":null,"SITE_POST_DIR":null,"SITE_STREET_UNIT":"10","SITE_CITY":"PROVO","SITE_STATE":"UT","SITE_ZIP5":"84606","OWN_FULL_ADDRESS":"300 S 1350 EAST 2ND FLOOR  LEHI, UT 84043","OWN_STREET_ADDRESS":"300 S 1350 EAST 2ND FLOOR","OWN_CITY":"LEHI","OWN_STATE":"UT","OWN_ZIP5":"84043","VESTING_DOC":"26739-2025","PARCEL_CREATE_DATE":1572912000000,"MAP_FILING_NO":"16754 ","SUB_NAME":"WILLOW CREEK TOWNHOMES","LEGAL_DESCR":"LOT 10, WILLOW CREEK TOWNHOMES SUB AREA 0.040 AC.","BOOK_PAGE":55894,"LOT":"10","BUILDING":null,"UNIT":null,"TAX_DISTRICT":"110","TAX_DISTRICT_DESCR":"PROVO CITY","SCHOOL_DISTRICT":"PROVO","TAXABLE_CODE":100,"ACCOUNT_TYPE":"HGHDENRES","PROP_TYPE":900,"PROP_TYPE_DESCR":"VACANT","SPECIFIC_PROP_TYPE":915,"SPC_PROP_TYP_DESCR":"Vac Townhome Lot","NEIGHBORHOOD":"900","NBHD_DISTRICT":"9110","LAND_DISTRICT":6424,"ECONOMIC_UNIT":null,"GLA_WEIGHTED_YRBLT":null,"TOTAL_ABOVE_GRADE_AREA":null,"TOTAL_MEZZANINE":null,"TOTAL_BASEMENT":null,"TOTAL_BSMT_FINISH":null,"TOTAL_UNIT_COUNT":null,"TOTAL_IMP_COUNT":null,"ASMT_YEAR":2026,"ASMT_CODE":"V","ASMT_CODE_DESCR":"VACANT","MKT_LAND_VALUE":93600,"MKT_LAND_RES":93600,"MKT_LAND_AGR":0,"MKT_LAND_COM":0,"MKT_IMP_VALUE":0,"MKT_IMP_RES":0,"MKT_IMP_AGR":0,"MKT_IMP_COM":0,"MKT_CUR_VALUE":93600,"MKT_PRV_VAL":93600,"MKT_VAL_YR_CHG":0,"MKT_PCT_CHG":0,"TXBL_CUR_VALUE":93600,"TXBL_PRV_VAL":93600,"TXBL_VAL_YR_CHG":0,"TXBL_PCT_CHG":0,"TOT_CUR_TAXES":0,"TOT_PRV_TAXES":0,"TAXES_YR_CHG":0,"TAXES_PCT_CHG":0,"GREENBELT":null,"EXEMPT_RES":"N","COMMON_AREA":null,"PUBLIC_ROAD":null,"PRIVATE_ROAD":null,"PART_CENTRAL_ASSD":null,"PART_TAXABLE":null,"IMP_NO_RES":null,"COST_GROUP_RES":null,"STYLE_DESCR_RES":null,"QUALITY_RES":null,"QUALITY_DESCR_RES":null,"CONDITION_RES":null,"CONDITION_DESCR_RES":null,"YEARBLT_RES":null,"GLA_RES":null,"BASEMENT_RES":null,"BSMT_FINISH_RES":null,"ATT_GARAGE_SQFT_RES":null,"BATHROOMS_RES":null,"GLA_BEDROOMS_RES":null,"EXTERIOR_RES":null,"ALLOCATION_PCT_RES":null,"IMP_NO_1":null,"USE_CODE_1":null,"USE_CODE_DESCR_1":null,"COST_CLASS_DESCR_1":null,"EXTERIOR_WALL_1":null,"ABOVE_GRADE_AREA_1":null,"MEZZANINE_1":null,"BASEMENT_1":null,"BSMT_FINISH_1":null,"BSMT_UNFINISH_1":null,"QUALITY_DESCR_1":null,"CONDITION_1":null,"CONDITION_DESCR_1":null,"YEAR_BUILT_1":null,"UNIT_COUNT_1":null,"PCT_COMPLETE_1":null,"ALLOCATION_PCT_1":null,"IMP_NO_2":null,"USE_CODE_2":null,"USE_CODE_DESCR_2":null,"COST_CLASS_DESCR_2":null,"EXTERIOR_WALL_2":null,"ABOVE_GRADE_AREA_2":null,"MEZZANINE_2":null,"BASEMENT_2":null,"BSMT_FINISH_2":null,"BSMT_UNFINISH_2":null,"QUALITY_DESCR_2":null,"CONDITION_2":null,"CONDITION_DESCR_2":null,"YEAR_BUILT_2":null,"UNIT_COUNT_2":null,"PCT_COMPLETE_2":null,"ALLOCATION_PCT_2":null,"TRAV_COUNT":1,"LASTUPDATE":null,"CREATED_DATE":1712330344000,"LAST_EDITED_DATE":1712330533000,"GLOBALID":"{1E02901A-A51E-4338-9E86-B433008D749B}","SHAPE_Length":0.00053289191330584997,"SHAPE_Area":1.7291109628593563e-08}},{"type":"Feature","id":128,"geometry":{"type":"Polygon","coordinates":[[[-111.63502818899997,40.212373237000065],[-111.63495104499998,40.212267956000062],[-111.63482620599996,40.21232172200007],[-111.63490334799997,40.212427003000073],[-111.63502818899997,40.212373237000065]]]},"properties":{"OBJECTID":128,"PARCEL_NO":558940011,"PARCELID":"558940011","PARCELID_LABEL":"55:894:0011","OWNER_NAME":"WILLOWCREEK LLC","CARE_NAME":null,"ACREAGE":0.040381,"SITE_FULL_ADDRESS":"1225 E 1600 SOUTH Unit# 11, PROVO, UT","SITE_HOUSE_NUM":"1225","SITE_PRE_DIR":"E","SITE_STREET_NAME":"1600 SOUTH","SITE_STREET_TYPE":null,"SITE_POST_DIR":null,"SITE_STREET_UNIT":"11","SITE_CITY":"PROVO","SITE_STATE":"UT","SITE_ZIP5":"84606","OWN_FULL_ADDRESS":"153 W SWEETBRIAR LN  SARATOGA SPRINGS, UT 84045","OWN_STREET_ADDRESS":"153 W SWEETBRIAR LN","OWN_CITY":"SARATOGA SPRINGS","OWN_STATE":"UT","OWN_ZIP5":"84045","VESTING_DOC":"10620-2024","PARCEL_CREATE_DATE":1572912000000,"MAP_FILING_NO":"16754 ","SUB_NAME":"WILLOW CREEK TOWNHOMES","LEGAL_DESCR":"LOT 11, WILLOW CREEK TOWNHOMES SUB AREA 0.040 AC.","BOOK_PAGE":55894,"LOT":"11","BUILDING":null,"UNIT":null,"TAX_DISTRICT":"110","TAX_DISTRICT_DESCR":"PROVO CITY","SCHOOL_DISTRICT":"PROVO","TAXABLE_CODE":100,"ACCOUNT_TYPE":"HGHDENRES","PROP_TYPE":900,"PROP_TYPE_DESCR":"VACANT","SPECIFIC_PROP_TYPE":915,"SPC_PROP_TYP_DESCR":"Vac Townhome Lot","NEIGHBORHOOD":"900","NBHD_DISTRICT":"9110","LAND_DISTRICT":6424,"ECONOMIC_UNIT":null,"GLA_WEIGHTED_YRBLT":null,"TOTAL_ABOVE_GRADE_AREA":null,"TOTAL_MEZZANINE":null,"TOTAL_BASEMENT":null,"TOTAL_BSMT_FINISH":null,"TOTAL_UNIT_COUNT":null,"TOTAL_IMP_COUNT":null,"ASMT_YEAR":2026,"ASMT_CODE":"V","ASMT_CODE_DESCR":"VACANT","MKT_LAND_VALUE":93600,"MKT_LAND_RES":93600,"MKT_LAND_AGR":0,"MKT_LAND_COM":0,"MKT_IMP_VALUE":0,"MKT_IMP_RES":0,"MKT_IMP_AGR":0,"MKT_IMP_COM":0,"MKT_CUR_VALUE":93600,"MKT_PRV_VAL":93600,"MKT_VAL_YR_CHG":0,"MKT_PCT_CHG":0,"TXBL_CUR_VALUE":93600,"TXBL_PRV_VAL":93600,"TXBL_VAL_YR_CHG":0,"TXBL_PCT_CHG":0,"TOT_CUR_TAXES":0,"TOT_PRV_TAXES":0,"TAXES_YR_CHG":0,"TAXES_PCT_CHG":0,"GREENBELT":null,"EXEMPT_RES":"N","COMMON_AREA":null,"PUBLIC_ROAD":null,"PRIVATE_ROAD":null,"PART_CENTRAL_ASSD":null,"PART_TAXABLE":null,"IMP_NO_RES":null,"COST_GROUP_RES":null,"STYLE_DESCR_RES":null,"QUALITY_RES":null,"QUALITY_DESCR_RES":null,"CONDITION_RES":null,"CONDITION_DESCR_RES":null,"YEARBLT_RES":null,"GLA_RES":null,"BASEMENT_RES":null,"BSMT_FINISH_RES":null,"ATT_GARAGE_SQFT_RES":null,"BATHROOMS_RES":null,"GLA_BEDROOMS_RES":null,"EXTERIOR_RES":null,"ALLOCATION_PCT_RES":null,"IMP_NO_1":null,"USE_CODE_1":null,"USE_CODE_DESCR_1":null,"COST_CLASS_DESCR_1":null,"EXTERIOR_WALL_1":null,"ABOVE_GRADE_AREA_1":null,"MEZZANINE_1":null,"BASEMENT_1":null,"BSMT_FINISH_1":null,"BSMT_UNFINISH_1":null,"QUALITY_DESCR_1":null,"CONDITION_1":null,"CONDITION_DESCR_1":null,"YEAR_BUILT_1":null,"UNIT_COUNT_1":null,"PCT_COMPLETE_1":null,"ALLOCATION_PCT_1":null,"IMP_NO_2":null,"USE_CODE_2":null,"USE_CODE_DESCR_2":null,"COST_CLASS_DESCR_2":null,"EXTERIOR_WALL_2":null,"ABOVE_GRADE_AREA_2":null,"MEZZANINE_2":null,"BASEMENT_2":null,"BSMT_FINISH_2":null,"BSMT_UNFINISH_2":null,"QUALITY_DESCR_2":null,"CONDITION_2":null,"CONDITION_DESCR_2":null,"YEAR_BUILT_2":null,"UNIT_COUNT_2":null,"PCT_COMPLETE_2":null,"ALLOCATION_PCT_2":null,"TRAV_COUNT":1,"LASTUPDATE":null,"CREATED_DATE":1712330344000,"LAST_EDITED_DATE":1712330533000,"GLOBALID":"{A93EC0C6-8E88-4541-93BE-EE2378742405}","SHAPE_Length":0.00053288889428651531,"SHAPE_Area":1.7290950580219296e-08}},{"type":"Feature","id":129,"geometry":{"type":"Polygon","coordinates":[[[-111.63495104999998,40.21226796600007],[-111.63487390599994,40.212162685000067],[-111.63474906699997,40.212216452000064],[-111.63482621199995,40.212321732000078],[-111.63495104999998,40.21226796600007]]]},"properties":{"OBJECTID":129,"PARCEL_NO":558940012,"PARCELID":"558940012","PARCELID_LABEL":"55:894:0012","OWNER_NAME":"WILLOWCREEK LLC","CARE_NAME":null,"ACREAGE":0.040381,"SITE_FULL_ADDRESS":"1225 E 1600 SOUTH Unit# 12, PROVO, UT","SITE_HOUSE_NUM":"1225","SITE_PRE_DIR":"E","SITE_STREET_NAME":"1600 SOUTH","SITE_STREET_TYPE":null,"SITE_POST_DIR":null,"SITE_STREET_UNIT":"12","SITE_CITY":"PROVO","SITE_STATE":"UT","SITE_ZIP5":"84606","OWN_FULL_ADDRESS":"153 W SWEETBRIAR LN  SARATOGA SPRINGS, UT 84045","OWN_STREET_ADDRESS":"153 W SWEETBRIAR LN","OWN_CITY":"SARATOGA SPRINGS","OWN_STATE":"UT","OWN_ZIP5":"84045","VESTING_DOC":"10620-2024","PARCEL_CREATE_DATE":1572912000000,"MAP_FILING_NO":"16754 ","SUB_NAME":"WILLOW CREEK TOWNHOMES","LEGAL_DESCR":"LOT 12, WILLOW CREEK TOWNHOMES SUB AREA 0.040 AC.","BOOK_PAGE":55894,"LOT":"12","BUILDING":null,"UNIT":null,"TAX_DISTRICT":"110","TAX_DISTRICT_DESCR":"PROVO CITY","SCHOOL_DISTRICT":"PROVO","TAXABLE_CODE":100,"ACCOUNT_TYPE":"HGHDENRES","PROP_TYPE":900,"PROP_TYPE_DESCR":"VACANT","SPECIFIC_PROP_TYPE":915,"SPC_PROP_TYP_DESCR":"Vac Townhome Lot","NEIGHBORHOOD":"900","NBHD_DISTRICT":"9110","LAND_DISTRICT":6424,"ECONOMIC_UNIT":null,"GLA_WEIGHTED_YRBLT":null,"TOTAL_ABOVE_GRADE_AREA":null,"TOTAL_MEZZANINE":null,"TOTAL_BASEMENT":null,"TOTAL_BSMT_FINISH":null,"TOTAL_UNIT_COUNT":null,"TOTAL_IMP_COUNT":null,"ASMT_YEAR":2026,"ASMT_CODE":"V","ASMT_CODE_DESCR":"VACANT","MKT_LAND_VALUE":93600,"MKT_LAND_RES":93600,"MKT_LAND_AGR":0,"MKT_LAND_COM":0,"MKT_IMP_VALUE":0,"MKT_IMP_RES":0,"MKT_IMP_AGR":0,"MKT_IMP_COM":0,"MKT_CUR_VALUE":93600,"MKT_PRV_VAL":93600,"MKT_VAL_YR_CHG":0,"MKT_PCT_CHG":0,"TXBL_CUR_VALUE":93600,"TXBL_PRV_VAL":93600,"TXBL_VAL_YR_CHG":0,"TXBL_PCT_CHG":0,"TOT_CUR_TAXES":0,"TOT_PRV_TAXES":0,"TAXES_YR_CHG":0,"TAXES_PCT_CHG":0,"GREENBELT":null,"EXEMPT_RES":"N","COMMON_AREA":null,"PUBLIC_ROAD":null,"PRIVATE_ROAD":null,"PART_CENTRAL_ASSD":null,"PART_TAXABLE":null,"IMP_NO_RES":null,"COST_GROUP_RES":null,"STYLE_DESCR_RES":null,"QUALITY_RES":null,"QUALITY_DESCR_RES":null,"CONDITION_RES":null,"CONDITION_DESCR_RES":null,"YEARBLT_RES":null,"GLA_RES":null,"BASEMENT_RES":null,"BSMT_FINISH_RES":null,"ATT_GARAGE_SQFT_RES":null,"BATHROOMS_RES":null,"GLA_BEDROOMS_RES":null,"EXTERIOR_RES":null,"ALLOCATION_PCT_RES":null,"IMP_NO_1":null,"USE_CODE_1":null,"USE_CODE_DESCR_1":null,"COST_CLASS_DESCR_1":null,"EXTERIOR_WALL_1":null,"ABOVE_GRADE_AREA_1":null,"MEZZANINE_1":null,"BASEMENT_1":null,"BSMT_FINISH_1":null,"BSMT_UNFINISH_1":null,"QUALITY_DESCR_1":null,"CONDITION_1":null,"CONDITION_DESCR_1":null,"YEAR_BUILT_1":null,"UNIT_COUNT_1":null,"PCT_COMPLETE_1":null,"ALLOCATION_PCT_1":null,"IMP_NO_2":null,"USE_CODE_2":null,"USE_CODE_DESCR_2":null,"COST_CLASS_DESCR_2":null,"EXTERIOR_WALL_2":null,"ABOVE_GRADE_AREA_2":null,"MEZZANINE_2":null,"BASEMENT_2":null,"BSMT_FINISH_2":null,"BSMT_UNFINISH_2":null,"QUALITY_DESCR_2":null,"CONDITION_2":null,"CONDITION_DESCR_2":null,"YEAR_BUILT_2":null,"UNIT_COUNT_2":null,"PCT_COMPLETE_2":null,"ALLOCATION_PCT_2":null,"TRAV_COUNT":1,"LASTUPDATE":null,"CREATED_DATE":1712330344000,"LAST_EDITED_DATE":1712330533000,"GLOBALID":"{2D933BEA-8A12-498E-9B4B-724D76C78BE8}","SHAPE_Length":0.00053288750104539735,"SHAPE_Area":1.7290849460324542e-08}},{"type":"Feature","id":130,"geometry":{"type":"Polygon","coordinates":[[[-111.63485636599995,40.212138758000037],[-111.63477922199996,40.212033477000034],[-111.63465438199995,40.212087243000042],[-111.63473152499995,40.212192524000045],[-111.63485636599995,40.212138758000037]]]},"properties":{"OBJECTID":130,"PARCEL_NO":558940013,"PARCELID":"558940013","PARCELID_LABEL":"55:894:0013","OWNER_NAME":"WILLOWCREEK LLC","CARE_NAME":null,"ACREAGE":0.040381,"SITE_FULL_ADDRESS":"1225 E 1600 SOUTH Unit# 13, PROVO, UT","SITE_HOUSE_NUM":"1225","SITE_PRE_DIR":"E","SITE_STREET_NAME":"1600 SOUTH","SITE_STREET_TYPE":null,"SITE_POST_DIR":null,"SITE_STREET_UNIT":"13","SITE_CITY":"PROVO","SITE_STATE":"UT","SITE_ZIP5":"84606","OWN_FULL_ADDRESS":"153 W SWEETBRIAR LN  SARATOGA SPRINGS, UT 84045","OWN_STREET_ADDRESS":"153 W SWEETBRIAR LN","OWN_CITY":"SARATOGA SPRINGS","OWN_STATE":"UT","OWN_ZIP5":"84045","VESTING_DOC":"10620-2024","PARCEL_CREATE_DATE":1572912000000,"MAP_FILING_NO":"16754 ","SUB_NAME":"WILLOW CREEK TOWNHOMES","LEGAL_DESCR":"LOT 13, WILLOW CREEK TOWNHOMES SUB AREA 0.040 AC.","BOOK_PAGE":55894,"LOT":"13","BUILDING":null,"UNIT":null,"TAX_DISTRICT":"110","TAX_DISTRICT_DESCR":"PROVO CITY","SCHOOL_DISTRICT":"PROVO","TAXABLE_CODE":100,"ACCOUNT_TYPE":"HGHDENRES","PROP_TYPE":900,"PROP_TYPE_DESCR":"VACANT","SPECIFIC_PROP_TYPE":915,"SPC_PROP_TYP_DESCR":"Vac Townhome Lot","NEIGHBORHOOD":"900","NBHD_DISTRICT":"9110","LAND_DISTRICT":6424,"ECONOMIC_UNIT":null,"GLA_WEIGHTED_YRBLT":null,"TOTAL_ABOVE_GRADE_AREA":null,"TOTAL_MEZZANINE":null,"TOTAL_BASEMENT":null,"TOTAL_BSMT_FINISH":null,"TOTAL_UNIT_COUNT":null,"TOTAL_IMP_COUNT":null,"ASMT_YEAR":2026,"ASMT_CODE":"V","ASMT_CODE_DESCR":"VACANT","MKT_LAND_VALUE":93600,"MKT_LAND_RES":93600,"MKT_LAND_AGR":0,"MKT_LAND_COM":0,"MKT_IMP_VALUE":0,"MKT_IMP_RES":0,"MKT_IMP_AGR":0,"MKT_IMP_COM":0,"MKT_CUR_VALUE":93600,"MKT_PRV_VAL":93600,"MKT_VAL_YR_CHG":0,"MKT_PCT_CHG":0,"TXBL_CUR_VALUE":93600,"TXBL_PRV_VAL":93600,"TXBL_VAL_YR_CHG":0,"TXBL_PCT_CHG":0,"TOT_CUR_TAXES":0,"TOT_PRV_TAXES":0,"TAXES_YR_CHG":0,"TAXES_PCT_CHG":0,"GREENBELT":null,"EXEMPT_RES":"N","COMMON_AREA":null,"PUBLIC_ROAD":null,"PRIVATE_ROAD":null,"PART_CENTRAL_ASSD":null,"PART_TAXABLE":null,"IMP_NO_RES":null,"COST_GROUP_RES":null,"STYLE_DESCR_RES":null,"QUALITY_RES":null,"QUALITY_DESCR_RES":null,"CONDITION_RES":null,"CONDITION_DESCR_RES":null,"YEARBLT_RES":null,"GLA_RES":null,"BASEMENT_RES":null,"BSMT_FINISH_RES":null,"ATT_GARAGE_SQFT_RES":null,"BATHROOMS_RES":null,"GLA_BEDROOMS_RES":null,"EXTERIOR_RES":null,"ALLOCATION_PCT_RES":null,"IMP_NO_1":null,"USE_CODE_1":null,"USE_CODE_DESCR_1":null,"COST_CLASS_DESCR_1":null,"EXTERIOR_WALL_1":null,"ABOVE_GRADE_AREA_1":null,"MEZZANINE_1":null,"BASEMENT_1":null,"BSMT_FINISH_1":null,"BSMT_UNFINISH_1":null,"QUALITY_DESCR_1":null,"CONDITION_1":null,"CONDITION_DESCR_1":null,"YEAR_BUILT_1":null,"UNIT_COUNT_1":null,"PCT_COMPLETE_1":null,"ALLOCATION_PCT_1":null,"IMP_NO_2":null,"USE_CODE_2":null,"USE_CODE_DESCR_2":null,"COST_CLASS_DESCR_2":null,"EXTERIOR_WALL_2":null,"ABOVE_GRADE_AREA_2":null,"MEZZANINE_2":null,"BASEMENT_2":null,"BSMT_FINISH_2":null,"BSMT_UNFINISH_2":null,"QUALITY_DESCR_2":null,"CONDITION_2":null,"CONDITION_DESCR_2":null,"YEAR_BUILT_2":null,"UNIT_COUNT_2":null,"PCT_COMPLETE_2":null,"ALLOCATION_PCT_2":null,"TRAV_COUNT":1,"LASTUPDATE":null,"CREATED_DATE":1712330344000,"LAST_EDITED_DATE":1712330533000,"GLOBALID":"{5778503F-DB9D-451A-9FA6-4ECF1B07E912}","SHAPE_Length":0.00053289040375951698,"SHAPE_Area":1.7291030102878308e-08}},{"type":"Feature","id":131,"geometry":{"type":"Polygon","coordinates":[[[-111.63477922599998,40.212033487000042],[-111.63470208399997,40.211928206000039],[-111.63457724399996,40.211981973000036],[-111.63465438899999,40.21208725300005],[-111.63477922599998,40.212033487000042]]]},"properties":{"OBJECTID":131,"PARCEL_NO":558940014,"PARCELID":"558940014","PARCELID_LABEL":"55:894:0014","OWNER_NAME":"WILLOWCREEK LLC","CARE_NAME":null,"ACREAGE":0.040381,"SITE_FULL_ADDRESS":"1225 E 1600 SOUTH Unit# 14, PROVO, UT","SITE_HOUSE_NUM":"1225","SITE_PRE_DIR":"E","SITE_STREET_NAME":"1600 SOUTH","SITE_STREET_TYPE":null,"SITE_POST_DIR":null,"SITE_STREET_UNIT":"14","SITE_CITY":"PROVO","SITE_STATE":"UT","SITE_ZIP5":"84606","OWN_FULL_ADDRESS":"153 W SWEETBRIAR LN  SARATOGA SPRINGS, UT 84045","OWN_STREET_ADDRESS":"153 W SWEETBRIAR LN","OWN_CITY":"SARATOGA SPRINGS","OWN_STATE":"UT","OWN_ZIP5":"84045","VESTING_DOC":"10620-2024","PARCEL_CREATE_DATE":1572912000000,"MAP_FILING_NO":"16754 ","SUB_NAME":"WILLOW CREEK TOWNHOMES","LEGAL_DESCR":"LOT 14, WILLOW CREEK TOWNHOMES SUB AREA 0.040 AC.","BOOK_PAGE":55894,"LOT":"14","BUILDING":null,"UNIT":null,"TAX_DISTRICT":"110","TAX_DISTRICT_DESCR":"PROVO CITY","SCHOOL_DISTRICT":"PROVO","TAXABLE_CODE":100,"ACCOUNT_TYPE":"HGHDENRES","PROP_TYPE":900,"PROP_TYPE_DESCR":"VACANT","SPECIFIC_PROP_TYPE":915,"SPC_PROP_TYP_DESCR":"Vac Townhome Lot","NEIGHBORHOOD":"900","NBHD_DISTRICT":"9110","LAND_DISTRICT":6424,"ECONOMIC_UNIT":null,"GLA_WEIGHTED_YRBLT":null,"TOTAL_ABOVE_GRADE_AREA":null,"TOTAL_MEZZANINE":null,"TOTAL_BASEMENT":null,"TOTAL_BSMT_FINISH":null,"TOTAL_UNIT_COUNT":null,"TOTAL_IMP_COUNT":null,"ASMT_YEAR":2026,"ASMT_CODE":"V","ASMT_CODE_DESCR":"VACANT","MKT_LAND_VALUE":93600,"MKT_LAND_RES":93600,"MKT_LAND_AGR":0,"MKT_LAND_COM":0,"MKT_IMP_VALUE":0,"MKT_IMP_RES":0,"MKT_IMP_AGR":0,"MKT_IMP_COM":0,"MKT_CUR_VALUE":93600,"MKT_PRV_VAL":93600,"MKT_VAL_YR_CHG":0,"MKT_PCT_CHG":0,"TXBL_CUR_VALUE":93600,"TXBL_PRV_VAL":93600,"TXBL_VAL_YR_CHG":0,"TXBL_PCT_CHG":0,"TOT_CUR_TAXES":0,"TOT_PRV_TAXES":0,"TAXES_YR_CHG":0,"TAXES_PCT_CHG":0,"GREENBELT":null,"EXEMPT_RES":"N","COMMON_AREA":null,"PUBLIC_ROAD":null,"PRIVATE_ROAD":null,"PART_CENTRAL_ASSD":null,"PART_TAXABLE":null,"IMP_NO_RES":null,"COST_GROUP_RES":null,"STYLE_DESCR_RES":null,"QUALITY_RES":null,"QUALITY_DESCR_RES":null,"CONDITION_RES":null,"CONDITION_DESCR_RES":null,"YEARBLT_RES":null,"GLA_RES":null,"BASEMENT_RES":null,"BSMT_FINISH_RES":null,"ATT_GARAGE_SQFT_RES":null,"BATHROOMS_RES":null,"GLA_BEDROOMS_RES":null,"EXTERIOR_RES":null,"ALLOCATION_PCT_RES":null,"IMP_NO_1":null,"USE_CODE_1":null,"USE_CODE_DESCR_1":null,"COST_CLASS_DESCR_1":null,"EXTERIOR_WALL_1":null,"ABOVE_GRADE_AREA_1":null,"MEZZANINE_1":null,"BASEMENT_1":null,"BSMT_FINISH_1":null,"BSMT_UNFINISH_1":null,"QUALITY_DESCR_1":null,"CONDITION_1":null,"CONDITION_DESCR_1":null,"YEAR_BUILT_1":null,"UNIT_COUNT_1":null,"PCT_COMPLETE_1":null,"ALLOCATION_PCT_1":null,"IMP_NO_2":null,"USE_CODE_2":null,"USE_CODE_DESCR_2":null,"COST_CLASS_DESCR_2":null,"EXTERIOR_WALL_2":null,"ABOVE_GRADE_AREA_2":null,"MEZZANINE_2":null,"BASEMENT_2":null,"BSMT_FINISH_2":null,"BSMT_UNFINISH_2":null,"QUALITY_DESCR_2":null,"CONDITION_2":null,"CONDITION_DESCR_2":null,"YEAR_BUILT_2":null,"UNIT_COUNT_2":null,"PCT_COMPLETE_2":null,"ALLOCATION_PCT_2":null,"TRAV_COUNT":1,"LASTUPDATE":null,"CREATED_DATE":1712330344000,"LAST_EDITED_DATE":1712330533000,"GLOBALID":"{4CF434F4-05A8-4D9F-94F3-6A7055F46A02}","SHAPE_Length":0.00053288631895873073,"SHAPE_Area":1.7290795694393143e-08}},{"type":"Feature","id":132,"geometry":{"type":"Polygon","coordinates":[[[-111.63527405799999,40.212036373000046],[-111.63519691599998,40.211931092000043],[-111.63507207699996,40.21198485900004],[-111.63514922199994,40.212090138000065],[-111.63527405799999,40.212036373000046]]]},"properties":{"OBJECTID":132,"PARCEL_NO":558940015,"PARCELID":"558940015","PARCELID_LABEL":"55:894:0015","OWNER_NAME":"WILLOWCREEK LLC","CARE_NAME":null,"ACREAGE":0.040381,"SITE_FULL_ADDRESS":"1225 E 1600 SOUTH Unit# 15, PROVO, UT","SITE_HOUSE_NUM":"1225","SITE_PRE_DIR":"E","SITE_STREET_NAME":"1600 SOUTH","SITE_STREET_TYPE":null,"SITE_POST_DIR":null,"SITE_STREET_UNIT":"15","SITE_CITY":"PROVO","SITE_STATE":"UT","SITE_ZIP5":"84606","OWN_FULL_ADDRESS":"153 W SWEETBRIAR LN  SARATOGA SPRINGS, UT 84045","OWN_STREET_ADDRESS":"153 W SWEETBRIAR LN","OWN_CITY":"SARATOGA SPRINGS","OWN_STATE":"UT","OWN_ZIP5":"84045","VESTING_DOC":"10620-2024","PARCEL_CREATE_DATE":1572912000000,"MAP_FILING_NO":"16754 ","SUB_NAME":"WILLOW CREEK TOWNHOMES","LEGAL_DESCR":"LOT 15, WILLOW CREEK TOWNHOMES SUB AREA 0.040 AC.","BOOK_PAGE":55894,"LOT":"15","BUILDING":null,"UNIT":null,"TAX_DISTRICT":"110","TAX_DISTRICT_DESCR":"PROVO CITY","SCHOOL_DISTRICT":"PROVO","TAXABLE_CODE":100,"ACCOUNT_TYPE":"HGHDENRES","PROP_TYPE":900,"PROP_TYPE_DESCR":"VACANT","SPECIFIC_PROP_TYPE":915,"SPC_PROP_TYP_DESCR":"Vac Townhome Lot","NEIGHBORHOOD":"900","NBHD_DISTRICT":"9110","LAND_DISTRICT":6424,"ECONOMIC_UNIT":null,"GLA_WEIGHTED_YRBLT":null,"TOTAL_ABOVE_GRADE_AREA":null,"TOTAL_MEZZANINE":null,"TOTAL_BASEMENT":null,"TOTAL_BSMT_FINISH":null,"TOTAL_UNIT_COUNT":null,"TOTAL_IMP_COUNT":null,"ASMT_YEAR":2026,"ASMT_CODE":"V","ASMT_CODE_DESCR":"VACANT","MKT_LAND_VALUE":93600,"MKT_LAND_RES":93600,"MKT_LAND_AGR":0,"MKT_LAND_COM":0,"MKT_IMP_VALUE":0,"MKT_IMP_RES":0,"MKT_IMP_AGR":0,"MKT_IMP_COM":0,"MKT_CUR_VALUE":93600,"MKT_PRV_VAL":93600,"MKT_VAL_YR_CHG":0,"MKT_PCT_CHG":0,"TXBL_CUR_VALUE":93600,"TXBL_PRV_VAL":93600,"TXBL_VAL_YR_CHG":0,"TXBL_PCT_CHG":0,"TOT_CUR_TAXES":0,"TOT_PRV_TAXES":0,"TAXES_YR_CHG":0,"TAXES_PCT_CHG":0,"GREENBELT":null,"EXEMPT_RES":"N","COMMON_AREA":null,"PUBLIC_ROAD":null,"PRIVATE_ROAD":null,"PART_CENTRAL_ASSD":null,"PART_TAXABLE":null,"IMP_NO_RES":null,"COST_GROUP_RES":null,"STYLE_DESCR_RES":null,"QUALITY_RES":null,"QUALITY_DESCR_RES":null,"CONDITION_RES":null,"CONDITION_DESCR_RES":null,"YEARBLT_RES":null,"GLA_RES":null,"BASEMENT_RES":null,"BSMT_FINISH_RES":null,"ATT_GARAGE_SQFT_RES":null,"BATHROOMS_RES":null,"GLA_BEDROOMS_RES":null,"EXTERIOR_RES":null,"ALLOCATION_PCT_RES":null,"IMP_NO_1":null,"USE_CODE_1":null,"USE_CODE_DESCR_1":null,"COST_CLASS_DESCR_1":null,"EXTERIOR_WALL_1":null,"ABOVE_GRADE_AREA_1":null,"MEZZANINE_1":null,"BASEMENT_1":null,"BSMT_FINISH_1":null,"BSMT_UNFINISH_1":null,"QUALITY_DESCR_1":null,"CONDITION_1":null,"CONDITION_DESCR_1":null,"YEAR_BUILT_1":null,"UNIT_COUNT_1":null,"PCT_COMPLETE_1":null,"ALLOCATION_PCT_1":null,"IMP_NO_2":null,"USE_CODE_2":null,"USE_CODE_DESCR_2":null,"COST_CLASS_DESCR_2":null,"EXTERIOR_WALL_2":null,"ABOVE_GRADE_AREA_2":null,"MEZZANINE_2":null,"BASEMENT_2":null,"BSMT_FINISH_2":null,"BSMT_UNFINISH_2":null,"QUALITY_DESCR_2":null,"CONDITION_2":null,"CONDITION_DESCR_2":null,"YEAR_BUILT_2":null,"UNIT_COUNT_2":null,"PCT_COMPLETE_2":null,"ALLOCATION_PCT_2":null,"TRAV_COUNT":1,"LASTUPDATE":null,"CREATED_DATE":1712330344000,"LAST_EDITED_DATE":1712330533000,"GLOBALID":"{D2EC3D7D-A7A4-45C8-B18E-CCF090D301D9}","SHAPE_Length":0.00053288327994565471,"SHAPE_Area":1.7290589427038632e-08}},{"type":"Feature","id":133,"geometry":{"type":"Polygon","coordinates":[[[-111.63535123399998,40.21214167100004],[-111.63527408999994,40.212036390000037],[-111.63514925099997,40.212090156000045],[-111.63522639399997,40.212195437000048],[-111.63535123399998,40.21214167100004]]]},"properties":{"OBJECTID":133,"PARCEL_NO":558940016,"PARCELID":"558940016","PARCELID_LABEL":"55:894:0016","OWNER_NAME":"WILLOWCREEK LLC","CARE_NAME":null,"ACREAGE":0.040381,"SITE_FULL_ADDRESS":"1225 E 1600 SOUTH Unit# 16, PROVO, UT","SITE_HOUSE_NUM":"1225","SITE_PRE_DIR":"E","SITE_STREET_NAME":"1600 SOUTH","SITE_STREET_TYPE":null,"SITE_POST_DIR":null,"SITE_STREET_UNIT":"16","SITE_CITY":"PROVO","SITE_STATE":"UT","SITE_ZIP5":"84606","OWN_FULL_ADDRESS":"153 W SWEETBRIAR LN  SARATOGA SPRINGS, UT 84045","OWN_STREET_ADDRESS":"153 W SWEETBRIAR LN","OWN_CITY":"SARATOGA SPRINGS","OWN_STATE":"UT","OWN_ZIP5":"84045","VESTING_DOC":"10620-2024","PARCEL_CREATE_DATE":1572912000000,"MAP_FILING_NO":"16754 ","SUB_NAME":"WILLOW CREEK TOWNHOMES","LEGAL_DESCR":"LOT 16, WILLOW CREEK TOWNHOMES SUB AREA 0.040 AC.","BOOK_PAGE":55894,"LOT":"16","BUILDING":null,"UNIT":null,"TAX_DISTRICT":"110","TAX_DISTRICT_DESCR":"PROVO CITY","SCHOOL_DISTRICT":"PROVO","TAXABLE_CODE":100,"ACCOUNT_TYPE":"HGHDENRES","PROP_TYPE":900,"PROP_TYPE_DESCR":"VACANT","SPECIFIC_PROP_TYPE":915,"SPC_PROP_TYP_DESCR":"Vac Townhome Lot","NEIGHBORHOOD":"900","NBHD_DISTRICT":"9110","LAND_DISTRICT":6424,"ECONOMIC_UNIT":null,"GLA_WEIGHTED_YRBLT":null,"TOTAL_ABOVE_GRADE_AREA":null,"TOTAL_MEZZANINE":null,"TOTAL_BASEMENT":null,"TOTAL_BSMT_FINISH":null,"TOTAL_UNIT_COUNT":null,"TOTAL_IMP_COUNT":null,"ASMT_YEAR":2026,"ASMT_CODE":"V","ASMT_CODE_DESCR":"VACANT","MKT_LAND_VALUE":93600,"MKT_LAND_RES":93600,"MKT_LAND_AGR":0,"MKT_LAND_COM":0,"MKT_IMP_VALUE":0,"MKT_IMP_RES":0,"MKT_IMP_AGR":0,"MKT_IMP_COM":0,"MKT_CUR_VALUE":93600,"MKT_PRV_VAL":93600,"MKT_VAL_YR_CHG":0,"MKT_PCT_CHG":0,"TXBL_CUR_VALUE":93600,"TXBL_PRV_VAL":93600,"TXBL_VAL_YR_CHG":0,"TXBL_PCT_CHG":0,"TOT_CUR_TAXES":0,"TOT_PRV_TAXES":0,"TAXES_YR_CHG":0,"TAXES_PCT_CHG":0,"GREENBELT":null,"EXEMPT_RES":"N","COMMON_AREA":null,"PUBLIC_ROAD":null,"PRIVATE_ROAD":null,"PART_CENTRAL_ASSD":null,"PART_TAXABLE":null,"IMP_NO_RES":null,"COST_GROUP_RES":null,"STYLE_DESCR_RES":null,"QUALITY_RES":null,"QUALITY_DESCR_RES":null,"CONDITION_RES":null,"CONDITION_DESCR_RES":null,"YEARBLT_RES":null,"GLA_RES":null,"BASEMENT_RES":null,"BSMT_FINISH_RES":null,"ATT_GARAGE_SQFT_RES":null,"BATHROOMS_RES":null,"GLA_BEDROOMS_RES":null,"EXTERIOR_RES":null,"ALLOCATION_PCT_RES":null,"IMP_NO_1":null,"USE_CODE_1":null,"USE_CODE_DESCR_1":null,"COST_CLASS_DESCR_1":null,"EXTERIOR_WALL_1":null,"ABOVE_GRADE_AREA_1":null,"MEZZANINE_1":null,"BASEMENT_1":null,"BSMT_FINISH_1":null,"BSMT_UNFINISH_1":null,"QUALITY_DESCR_1":null,"CONDITION_1":null,"CONDITION_DESCR_1":null,"YEAR_BUILT_1":null,"UNIT_COUNT_1":null,"PCT_COMPLETE_1":null,"ALLOCATION_PCT_1":null,"IMP_NO_2":null,"USE_CODE_2":null,"USE_CODE_DESCR_2":null,"COST_CLASS_DESCR_2":null,"EXTERIOR_WALL_2":null,"ABOVE_GRADE_AREA_2":null,"MEZZANINE_2":null,"BASEMENT_2":null,"BSMT_FINISH_2":null,"BSMT_UNFINISH_2":null,"QUALITY_DESCR_2":null,"CONDITION_2":null,"CONDITION_DESCR_2":null,"YEAR_BUILT_2":null,"UNIT_COUNT_2":null,"PCT_COMPLETE_2":null,"ALLOCATION_PCT_2":null,"TRAV_COUNT":1,"LASTUPDATE":null,"CREATED_DATE":1712330344000,"LAST_EDITED_DATE":1712330533000,"GLOBALID":"{70D99B38-E2DE-4AB3-B61E-6BB337248C7F}","SHAPE_Length":0.00053288856687506428,"SHAPE_Area":1.7290924821527549e-08}},{"type":"Feature","id":134,"geometry":{"type":"Polygon","coordinates":[[[-111.63544588499997,40.212270878000027],[-111.63536873999999,40.21216559800007],[-111.63524390099997,40.212219365000067],[-111.63532104599994,40.212324645000081],[-111.63544588499997,40.212270878000027]]]},"properties":{"OBJECTID":134,"PARCEL_NO":558940017,"PARCELID":"558940017","PARCELID_LABEL":"55:894:0017","OWNER_NAME":"WILLOWCREEK LLC","CARE_NAME":null,"ACREAGE":0.040381,"SITE_FULL_ADDRESS":"1225 E 1600 SOUTH Unit# 17, PROVO, UT","SITE_HOUSE_NUM":"1225","SITE_PRE_DIR":"E","SITE_STREET_NAME":"1600 SOUTH","SITE_STREET_TYPE":null,"SITE_POST_DIR":null,"SITE_STREET_UNIT":"17","SITE_CITY":"PROVO","SITE_STATE":"UT","SITE_ZIP5":"84606","OWN_FULL_ADDRESS":"153 W SWEETBRIAR LN  SARATOGA SPRINGS, UT 84045","OWN_STREET_ADDRESS":"153 W SWEETBRIAR LN","OWN_CITY":"SARATOGA SPRINGS","OWN_STATE":"UT","OWN_ZIP5":"84045","VESTING_DOC":"10620-2024","PARCEL_CREATE_DATE":1572912000000,"MAP_FILING_NO":"16754 ","SUB_NAME":"WILLOW CREEK TOWNHOMES","LEGAL_DESCR":"LOT 17, WILLOW CREEK TOWNHOMES SUB AREA 0.040 AC.","BOOK_PAGE":55894,"LOT":"17","BUILDING":null,"UNIT":null,"TAX_DISTRICT":"110","TAX_DISTRICT_DESCR":"PROVO CITY","SCHOOL_DISTRICT":"PROVO","TAXABLE_CODE":100,"ACCOUNT_TYPE":"HGHDENRES","PROP_TYPE":900,"PROP_TYPE_DESCR":"VACANT","SPECIFIC_PROP_TYPE":915,"SPC_PROP_TYP_DESCR":"Vac Townhome Lot","NEIGHBORHOOD":"900","NBHD_DISTRICT":"9110","LAND_DISTRICT":6424,"ECONOMIC_UNIT":null,"GLA_WEIGHTED_YRBLT":null,"TOTAL_ABOVE_GRADE_AREA":null,"TOTAL_MEZZANINE":null,"TOTAL_BASEMENT":null,"TOTAL_BSMT_FINISH":null,"TOTAL_UNIT_COUNT":null,"TOTAL_IMP_COUNT":null,"ASMT_YEAR":2026,"ASMT_CODE":"V","ASMT_CODE_DESCR":"VACANT","MKT_LAND_VALUE":93600,"MKT_LAND_RES":93600,"MKT_LAND_AGR":0,"MKT_LAND_COM":0,"MKT_IMP_VALUE":0,"MKT_IMP_RES":0,"MKT_IMP_AGR":0,"MKT_IMP_COM":0,"MKT_CUR_VALUE":93600,"MKT_PRV_VAL":93600,"MKT_VAL_YR_CHG":0,"MKT_PCT_CHG":0,"TXBL_CUR_VALUE":93600,"TXBL_PRV_VAL":93600,"TXBL_VAL_YR_CHG":0,"TXBL_PCT_CHG":0,"TOT_CUR_TAXES":0,"TOT_PRV_TAXES":0,"TAXES_YR_CHG":0,"TAXES_PCT_CHG":0,"GREENBELT":null,"EXEMPT_RES":"N","COMMON_AREA":null,"PUBLIC_ROAD":null,"PRIVATE_ROAD":null,"PART_CENTRAL_ASSD":null,"PART_TAXABLE":null,"IMP_NO_RES":null,"COST_GROUP_RES":null,"STYLE_DESCR_RES":null,"QUALITY_RES":null,"QUALITY_DESCR_RES":null,"CONDITION_RES":null,"CONDITION_DESCR_RES":null,"YEARBLT_RES":null,"GLA_RES":null,"BASEMENT_RES":null,"BSMT_FINISH_RES":null,"ATT_GARAGE_SQFT_RES":null,"BATHROOMS_RES":null,"GLA_BEDROOMS_RES":null,"EXTERIOR_RES":null,"ALLOCATION_PCT_RES":null,"IMP_NO_1":null,"USE_CODE_1":null,"USE_CODE_DESCR_1":null,"COST_CLASS_DESCR_1":null,"EXTERIOR_WALL_1":null,"ABOVE_GRADE_AREA_1":null,"MEZZANINE_1":null,"BASEMENT_1":null,"BSMT_FINISH_1":null,"BSMT_UNFINISH_1":null,"QUALITY_DESCR_1":null,"CONDITION_1":null,"CONDITION_DESCR_1":null,"YEAR_BUILT_1":null,"UNIT_COUNT_1":null,"PCT_COMPLETE_1":null,"ALLOCATION_PCT_1":null,"IMP_NO_2":null,"USE_CODE_2":null,"USE_CODE_DESCR_2":null,"COST_CLASS_DESCR_2":null,"EXTERIOR_WALL_2":null,"ABOVE_GRADE_AREA_2":null,"MEZZANINE_2":null,"BASEMENT_2":null,"BSMT_FINISH_2":null,"BSMT_UNFINISH_2":null,"QUALITY_DESCR_2":null,"CONDITION_2":null,"CONDITION_DESCR_2":null,"YEAR_BUILT_2":null,"UNIT_COUNT_2":null,"PCT_COMPLETE_2":null,"ALLOCATION_PCT_2":null,"TRAV_COUNT":1,"LASTUPDATE":null,"CREATED_DATE":1712330344000,"LAST_EDITED_DATE":1712330533000,"GLOBALID":"{7A6F1D42-2EE4-4614-9E7B-75B1D0DE6A7A}","SHAPE_Length":0.00053288859946006852,"SHAPE_Area":1.7290905136344295e-08}},{"type":"Feature","id":135,"geometry":{"type":"Polygon","coordinates":[[[-111.63552306099996,40.212376149000079],[-111.63544591499999,40.212270868000076],[-111.63532107599997,40.212324635000073],[-111.63539821999996,40.21242991500003],[-111.63552306099996,40.212376149000079]]]},"properties":{"OBJECTID":135,"PARCEL_NO":558940018,"PARCELID":"558940018","PARCELID_LABEL":"55:894:0018","OWNER_NAME":"WILLOWCREEK LLC","CARE_NAME":null,"ACREAGE":0.040381,"SITE_FULL_ADDRESS":"1225 E 1600 SOUTH Unit# 18, PROVO, UT","SITE_HOUSE_NUM":"1225","SITE_PRE_DIR":"E","SITE_STREET_NAME":"1600 SOUTH","SITE_STREET_TYPE":null,"SITE_POST_DIR":null,"SITE_STREET_UNIT":"18","SITE_CITY":"PROVO","SITE_STATE":"UT","SITE_ZIP5":"84606","OWN_FULL_ADDRESS":"153 W SWEETBRIAR LN  SARATOGA SPRINGS, UT 84045","OWN_STREET_ADDRESS":"153 W SWEETBRIAR LN","OWN_CITY":"SARATOGA SPRINGS","OWN_STATE":"UT","OWN_ZIP5":"84045","VESTING_DOC":"10620-2024","PARCEL_CREATE_DATE":1572912000000,"MAP_FILING_NO":"16754 ","SUB_NAME":"WILLOW CREEK TOWNHOMES","LEGAL_DESCR":"LOT 18, WILLOW CREEK TOWNHOMES SUB AREA 0.040 AC.","BOOK_PAGE":55894,"LOT":"18","BUILDING":null,"UNIT":null,"TAX_DISTRICT":"110","TAX_DISTRICT_DESCR":"PROVO CITY","SCHOOL_DISTRICT":"PROVO","TAXABLE_CODE":100,"ACCOUNT_TYPE":"HGHDENRES","PROP_TYPE":900,"PROP_TYPE_DESCR":"VACANT","SPECIFIC_PROP_TYPE":915,"SPC_PROP_TYP_DESCR":"Vac Townhome Lot","NEIGHBORHOOD":"900","NBHD_DISTRICT":"9110","LAND_DISTRICT":6424,"ECONOMIC_UNIT":null,"GLA_WEIGHTED_YRBLT":null,"TOTAL_ABOVE_GRADE_AREA":null,"TOTAL_MEZZANINE":null,"TOTAL_BASEMENT":null,"TOTAL_BSMT_FINISH":null,"TOTAL_UNIT_COUNT":null,"TOTAL_IMP_COUNT":null,"ASMT_YEAR":2026,"ASMT_CODE":"V","ASMT_CODE_DESCR":"VACANT","MKT_LAND_VALUE":93600,"MKT_LAND_RES":93600,"MKT_LAND_AGR":0,"MKT_LAND_COM":0,"MKT_IMP_VALUE":0,"MKT_IMP_RES":0,"MKT_IMP_AGR":0,"MKT_IMP_COM":0,"MKT_CUR_VALUE":93600,"MKT_PRV_VAL":93600,"MKT_VAL_YR_CHG":0,"MKT_PCT_CHG":0,"TXBL_CUR_VALUE":93600,"TXBL_PRV_VAL":93600,"TXBL_VAL_YR_CHG":0,"TXBL_PCT_CHG":0,"TOT_CUR_TAXES":0,"TOT_PRV_TAXES":0,"TAXES_YR_CHG":0,"TAXES_PCT_CHG":0,"GREENBELT":null,"EXEMPT_RES":"N","COMMON_AREA":null,"PUBLIC_ROAD":null,"PRIVATE_ROAD":null,"PART_CENTRAL_ASSD":null,"PART_TAXABLE":null,"IMP_NO_RES":null,"COST_GROUP_RES":null,"STYLE_DESCR_RES":null,"QUALITY_RES":null,"QUALITY_DESCR_RES":null,"CONDITION_RES":null,"CONDITION_DESCR_RES":null,"YEARBLT_RES":null,"GLA_RES":null,"BASEMENT_RES":null,"BSMT_FINISH_RES":null,"ATT_GARAGE_SQFT_RES":null,"BATHROOMS_RES":null,"GLA_BEDROOMS_RES":null,"EXTERIOR_RES":null,"ALLOCATION_PCT_RES":null,"IMP_NO_1":null,"USE_CODE_1":null,"USE_CODE_DESCR_1":null,"COST_CLASS_DESCR_1":null,"EXTERIOR_WALL_1":null,"ABOVE_GRADE_AREA_1":null,"MEZZANINE_1":null,"BASEMENT_1":null,"BSMT_FINISH_1":null,"BSMT_UNFINISH_1":null,"QUALITY_DESCR_1":null,"CONDITION_1":null,"CONDITION_DESCR_1":null,"YEAR_BUILT_1":null,"UNIT_COUNT_1":null,"PCT_COMPLETE_1":null,"ALLOCATION_PCT_1":null,"IMP_NO_2":null,"USE_CODE_2":null,"USE_CODE_DESCR_2":null,"COST_CLASS_DESCR_2":null,"EXTERIOR_WALL_2":null,"ABOVE_GRADE_AREA_2":null,"MEZZANINE_2":null,"BASEMENT_2":null,"BSMT_FINISH_2":null,"BSMT_UNFINISH_2":null,"QUALITY_DESCR_2":null,"CONDITION_2":null,"CONDITION_DESCR_2":null,"YEAR_BUILT_2":null,"UNIT_COUNT_2":null,"PCT_COMPLETE_2":null,"ALLOCATION_PCT_2":null,"TRAV_COUNT":1,"LASTUPDATE":null,"CREATED_DATE":1712330344000,"LAST_EDITED_DATE":1712330533000,"GLOBALID":"{15B67272-290D-4E3E-8032-4DF7914E9512}","SHAPE_Length":0.00053289084734466682,"SHAPE_Area":1.7291034258093536e-08}},{"type":"Feature","id":136,"geometry":{"type":"Polygon","coordinates":[[[-112.08165984499999,40.290849931000025],[-112.08165995399997,40.290849770000079],[-112.08046213599994,40.289455593000071],[-112.08045364252517,40.289448490037728],[-112.0804440564127,40.289442949493036],[-112.08043366190465,40.289439135651179],[-112.08042276721318,40.28943716159808],[-112.0804116953817,40.28943708586727],[-112.08040077470601,40.289438910704277],[-112.08039032899995,40.289442582000049],[-112.08036603299996,40.289410542000041],[-112.08029622899994,40.289340037000045],[-112.08027189599994,40.289307951000069],[-112.08020647299998,40.289337043000046],[-112.08001623018278,40.289425261254905],[-112.07982897535618,40.289519656275466],[-112.07964490899997,40.289620127000035],[-112.07869449199995,40.290160026000081],[-112.07855825999997,40.290237413000057],[-112.07841060608789,40.290324278063345],[-112.07826576183101,40.290415751328418],[-112.07812387099995,40.290511742000035],[-112.07871086099999,40.290513683000029],[-112.07870896499998,40.290840288000027],[-112.08165984499999,40.290849931000025]]]},"properties":{"OBJECTID":136,"PARCEL_NO":590530050,"PARCELID":"590530050","PARCELID_LABEL":"59:053:0050","OWNER_NAME":"OQUIRRH WOOD RANCH LLC","CARE_NAME":null,"ACREAGE":6.9490599999999993,"SITE_FULL_ADDRESS":"EAGLE MOUNTAIN, UT","SITE_HOUSE_NUM":" ","SITE_PRE_DIR":null,"SITE_STREET_NAME":null,"SITE_STREET_TYPE":null,"SITE_POST_DIR":null,"SITE_STREET_UNIT":null,"SITE_CITY":"EAGLE MOUNTAIN","SITE_STATE":"UT","SITE_ZIP5":"84013","OWN_FULL_ADDRESS":"14034 S 145 E STE 204  DRAPER, UT 84020","OWN_STREET_ADDRESS":"14034 S 145 E STE 204","OWN_CITY":"DRAPER","OWN_STATE":"UT","OWN_ZIP5":"84020","VESTING_DOC":"98519-2008","PARCEL_CREATE_DATE":1712707200000,"MAP_FILING_NO":null,"SUB_NAME":null,"LEGAL_DESCR":"COM S 0 DEG 1' 19\" W 1.59 FT & S 89 DEG 58' 41\" E 144.79 FT FR SE COR. SEC. 17, T6S, R2W, SLB&M.; S 89 DEG 21' 43\" E 823.39 FT; S 0 DEG 38' 51\" W 119.01 FT; S 89 DEG 21' 37\" E 163.79 FT; ALONG A CURVE TO R (CHORD BEARS: S 50 DEG 52' 48\" W 157.11 FT, RADIUS = 1529.5 FT); S 53 DEG 49' 27\" W 47.33 FT; S 53 DEG 49' 27\" W 330.2 FT; ALONG A CURVE TO R (CHORD BEARS: S 57 DEG 2' 14\" W 187.6 FT, RADIUS = 1673.5 FT); S 60 DEG 15' 0\" W 21.11 FT; N 29 DEG 45' 5\" W 13.52 FT; N 36 DEG 46' 29\" W 32.24 FT; N 29 DEG 44' 58\" W 13.5 FT; ALONG A CURVE TO R (CHORD BEARS: N 76 DEG 17' 40\" W 20.59 FT, RADIUS = 15.01 FT); N 32 DEG 56' 51\" W 608.1 FT TO BEG. AREA 6.949 AC.","BOOK_PAGE":59053,"LOT":null,"BUILDING":null,"UNIT":null,"TAX_DISTRICT":"053","TAX_DISTRICT_DESCR":"EAGLE MOUNTAIN W/POLE CANYON DIST","SCHOOL_DISTRICT":"ALPINE","TAXABLE_CODE":100,"ACCOUNT_TYPE":"RESIDENTIAL","PROP_TYPE":900,"PROP_TYPE_DESCR":"VACANT","SPECIFIC_PROP_TYPE":901,"SPC_PROP_TYP_DESCR":"Vac Res","NEIGHBORHOOD":"103","NBHD_DISTRICT":"152","LAND_DISTRICT":1509,"ECONOMIC_UNIT":null,"GLA_WEIGHTED_YRBLT":null,"TOTAL_ABOVE_GRADE_AREA":null,"TOTAL_MEZZANINE":null,"TOTAL_BASEMENT":null,"TOTAL_BSMT_FINISH":null,"TOTAL_UNIT_COUNT":null,"TOTAL_IMP_COUNT":null,"ASMT_YEAR":2026,"ASMT_CODE":"V","ASMT_CODE_DESCR":"VACANT","MKT_LAND_VALUE":328300,"MKT_LAND_RES":0,"MKT_LAND_AGR":328300,"MKT_LAND_COM":0,"MKT_IMP_VALUE":0,"MKT_IMP_RES":0,"MKT_IMP_AGR":0,"MKT_IMP_COM":0,"MKT_CUR_VALUE":328300,"MKT_PRV_VAL":328300,"MKT_VAL_YR_CHG":0,"MKT_PCT_CHG":0,"TXBL_CUR_VALUE":104,"TXBL_PRV_VAL":104,"TXBL_VAL_YR_CHG":0,"TXBL_PCT_CHG":0,"TOT_CUR_TAXES":0,"TOT_PRV_TAXES":0,"TAXES_YR_CHG":0,"TAXES_PCT_CHG":0,"GREENBELT":"GB","EXEMPT_RES":"N","COMMON_AREA":null,"PUBLIC_ROAD":null,"PRIVATE_ROAD":null,"PART_CENTRAL_ASSD":null,"PART_TAXABLE":null,"IMP_NO_RES":null,"COST_GROUP_RES":null,"STYLE_DESCR_RES":null,"QUALITY_RES":null,"QUALITY_DESCR_RES":null,"CONDITION_RES":null,"CONDITION_DESCR_RES":null,"YEARBLT_RES":null,"GLA_RES":null,"BASEMENT_RES":null,"BSMT_FINISH_RES":null,"ATT_GARAGE_SQFT_RES":null,"BATHROOMS_RES":null,"GLA_BEDROOMS_RES":null,"EXTERIOR_RES":null,"ALLOCATION_PCT_RES":null,"IMP_NO_1":null,"USE_CODE_1":null,"USE_CODE_DESCR_1":null,"COST_CLASS_DESCR_1":null,"EXTERIOR_WALL_1":null,"ABOVE_GRADE_AREA_1":null,"MEZZANINE_1":null,"BASEMENT_1":null,"BSMT_FINISH_1":null,"BSMT_UNFINISH_1":null,"QUALITY_DESCR_1":null,"CONDITION_1":null,"CONDITION_DESCR_1":null,"YEAR_BUILT_1":null,"UNIT_COUNT_1":null,"PCT_COMPLETE_1":null,"ALLOCATION_PCT_1":null,"IMP_NO_2":null,"USE_CODE_2":null,"USE_CODE_DESCR_2":null,"COST_CLASS_DESCR_2":null,"EXTERIOR_WALL_2":null,"ABOVE_GRADE_AREA_2":null,"MEZZANINE_2":null,"BASEMENT_2":null,"BSMT_FINISH_2":null,"BSMT_UNFINISH_2":null,"QUALITY_DESCR_2":null,"CONDITION_2":null,"CONDITION_DESCR_2":null,"YEAR_BUILT_2":null,"UNIT_COUNT_2":null,"PCT_COMPLETE_2":null,"ALLOCATION_PCT_2":null,"TRAV_COUNT":1,"LASTUPDATE":null,"CREATED_DATE":1712751909000,"LAST_EDITED_DATE":1712751909000,"GLOBALID":"{33A1F9A9-CD65-4DFB-9D7D-DF26BA4EC59E}","SHAPE_Length":0.0084244816599708897,"SHAPE_Area":2.9819464861479606e-06}},{"type":"Feature","id":137,"geometry":{"type":"Polygon","coordinates":[[[-112.07770741699994,40.290836995000063],[-112.07770769699999,40.290837162000059],[-112.07784861374931,40.290719047884025],[-112.07799381699999,40.290606245000049],[-112.07799436799996,40.290511466000055],[-112.07812413699997,40.290511897000044],[-112.07826602848895,40.290415905977056],[-112.07841087341265,40.290324432378583],[-112.07855852799997,40.290237567000077],[-112.07869475799998,40.290160180000044],[-112.07857503799994,40.287574430000063],[-112.07785830899996,40.287572062000038],[-112.07786150099997,40.28702319100006],[-112.07857822399995,40.287025559000028],[-112.07857503799994,40.287574430000063],[-112.07869475799998,40.290160180000044],[-112.07964517499994,40.289620282000044],[-112.07982924169072,40.289519811267063],[-112.0800164968507,40.28942541624653],[-112.08020673999994,40.289337198000055],[-112.08080213699998,40.289072201000067],[-112.08095505093942,40.289002372088547],[-112.08110541260167,40.288927204806548],[-112.0812530356901,40.288846792285618],[-112.0813977373011,40.288761234156084],[-112.0815393381508,40.288670636423653],[-112.08167766279712,40.288575111338027],[-112.08181253985713,40.288474777253874],[-112.08194380221946,40.288369758484151],[-112.08207128725131,40.288260185146108],[-112.08219483699997,40.288146193000046],[-112.08222138199994,40.283526013000028],[-112.08222223899998,40.278220041000054],[-112.07424502999999,40.278102558000057],[-112.07423798099995,40.278376944000058],[-112.07268413199995,40.278353887000037],[-112.07271855699997,40.279845092000073],[-112.06941275899999,40.279738554000062],[-112.06933399599995,40.279690953000056],[-112.06906059199997,40.279956311000035],[-112.06913935399996,40.28000391300003],[-112.07272434199996,40.280119452000065],[-112.07280357699995,40.283532738000076],[-112.06793124299998,40.283536033000075],[-112.06801589199995,40.29082386400006],[-112.07297246199994,40.290821115000028],[-112.07296827799996,40.290640041000074],[-112.07312253102771,40.290658476029122],[-112.07327611154633,40.290681861305693],[-112.07342886073563,40.290710172646683],[-112.0735806206351,40.290743380774849],[-112.07373123430726,40.290781451349105],[-112.07388054599994,40.290824345000033],[-112.07770741699994,40.290836995000063]]]},"properties":{"OBJECTID":137,"PARCEL_NO":590530052,"PARCELID":"590530052","PARCELID_LABEL":"59:053:0052","OWNER_NAME":"OQUIRRH WOOD RANCH LLC","CARE_NAME":null,"ACREAGE":347.34519599999999,"SITE_FULL_ADDRESS":"EAGLE MOUNTAIN, UT","SITE_HOUSE_NUM":" ","SITE_PRE_DIR":null,"SITE_STREET_NAME":null,"SITE_STREET_TYPE":null,"SITE_POST_DIR":null,"SITE_STREET_UNIT":null,"SITE_CITY":"EAGLE MOUNTAIN","SITE_STATE":"UT","SITE_ZIP5":"84013","OWN_FULL_ADDRESS":"14034 S 145 E STE 204  DRAPER, UT 84020","OWN_STREET_ADDRESS":"14034 S 145 E STE 204","OWN_CITY":"DRAPER","OWN_STATE":"UT","OWN_ZIP5":"84020","VESTING_DOC":"98519-2008","PARCEL_CREATE_DATE":1712707200000,"MAP_FILING_NO":null,"SUB_NAME":null,"LEGAL_DESCR":"COM S 0 DEG 1' 19\" W 13.45 FT & S 89 DEG 58' 41\" E 1247.58 FT FR SE COR. SEC. 17, T6S, R2W, SLB&M.; S 89 DEG 21' 43\" E 1067.82 FT; ALONG A CURVE TO L (CHORD BEARS: S 74 DEG 49' 53\" E 263.26 FT, RADIUS = 1076.88 FT); N 0 DEG 37' 30\" W 65.99 FT; S 89 DEG 39' 15\" E 1383.03 FT; S 0 DEG 7' 26\" E 2655.65 FT; N 89 DEG 39' 48\" W 1359.67 FT; S 0 DEG 37' 47\" E 1243.93 FT; S 87 DEG 12' 10\" E 1001.36 FT; S 51 DEG 20' 8\" E 28 FT; S 38 DEG 39' 50\" W 123.17 FT; N 51 DEG 20' 10\" W 28 FT; N 87 DEG 12' 10\" W 923.38 FT; S 0 DEG 37' 27\" E 543.45 FT; N 88 DEG 30' 3\" W 433.73 FT; S 1 DEG 31' 1\" W 100 FT; N 88 DEG 30' 22\" W 2226.7 FT; N 0 DEG 24' 7\" E 1933.39 FT; N 0 DEG 38' 49\" E 1683.52 FT; ALONG A CURVE TO R (CHORD BEARS: N 49 DEG 25' 41\" E 514.66 FT, RADIUS = 1371.18 FT); N 60 DEG 13' 42\" E 192.16 FT; ALONG A CURVE TO L (CHORD BEARS: N 57 DEG 2' 14\" E 187.6 FT, RADIUS = 1673.5 FT); N 53 DEG 49' 27\" E 330.2 FT; S 1 DEG 38' 17\" E 942.79 FT; S 0 DEG 38' 50\" W 200 FT; S 89 DEG 21' 38\" E 200 FT; N 0 DEG 38' 50\" E 200 FT; N 89 DEG 21' 38\" W 200 FT; N 1 DEG 38' 17\" W 942.79 FT; N 53 DEG 49' 27\" E 47.33 FT; ALONG A CURVE TO L (CHORD BEARS: N 50 DEG 52' 48\" E 157.11 FT, RADIUS = 1529.5 FT); S 89 DEG 21' 35\" E 36.21 FT; N 0 DEG 38' 49\" E 34.536 FT; ALONG A CURVE TO L (CHORD BEARS: N 43 DEG 53' 17\" E 115.99 FT, RADIUS = 1529.5 FT) TO BEG. AREA 347.345 AC.","BOOK_PAGE":59053,"LOT":null,"BUILDING":null,"UNIT":null,"TAX_DISTRICT":"053","TAX_DISTRICT_DESCR":"EAGLE MOUNTAIN W/POLE CANYON DIST","SCHOOL_DISTRICT":"ALPINE","TAXABLE_CODE":100,"ACCOUNT_TYPE":"RESIDENTIAL","PROP_TYPE":900,"PROP_TYPE_DESCR":"VACANT","SPECIFIC_PROP_TYPE":901,"SPC_PROP_TYP_DESCR":"Vac Res","NEIGHBORHOOD":"103","NBHD_DISTRICT":"152","LAND_DISTRICT":1509,"ECONOMIC_UNIT":null,"GLA_WEIGHTED_YRBLT":null,"TOTAL_ABOVE_GRADE_AREA":null,"TOTAL_MEZZANINE":null,"TOTAL_BASEMENT":null,"TOTAL_BSMT_FINISH":null,"TOTAL_UNIT_COUNT":null,"TOTAL_IMP_COUNT":null,"ASMT_YEAR":2026,"ASMT_CODE":"V","ASMT_CODE_DESCR":"VACANT","MKT_LAND_VALUE":16412000,"MKT_LAND_RES":0,"MKT_LAND_AGR":16412000,"MKT_LAND_COM":0,"MKT_IMP_VALUE":0,"MKT_IMP_RES":0,"MKT_IMP_AGR":0,"MKT_IMP_COM":0,"MKT_CUR_VALUE":16412000,"MKT_PRV_VAL":16412000,"MKT_VAL_YR_CHG":0,"MKT_PCT_CHG":0,"TXBL_CUR_VALUE":5210,"TXBL_PRV_VAL":5210,"TXBL_VAL_YR_CHG":0,"TXBL_PCT_CHG":0,"TOT_CUR_TAXES":0,"TOT_PRV_TAXES":0,"TAXES_YR_CHG":0,"TAXES_PCT_CHG":0,"GREENBELT":"GB","EXEMPT_RES":"N","COMMON_AREA":null,"PUBLIC_ROAD":null,"PRIVATE_ROAD":null,"PART_CENTRAL_ASSD":null,"PART_TAXABLE":null,"IMP_NO_RES":null,"COST_GROUP_RES":null,"STYLE_DESCR_RES":null,"QUALITY_RES":null,"QUALITY_DESCR_RES":null,"CONDITION_RES":null,"CONDITION_DESCR_RES":null,"YEARBLT_RES":null,"GLA_RES":null,"BASEMENT_RES":null,"BSMT_FINISH_RES":null,"ATT_GARAGE_SQFT_RES":null,"BATHROOMS_RES":null,"GLA_BEDROOMS_RES":null,"EXTERIOR_RES":null,"ALLOCATION_PCT_RES":null,"IMP_NO_1":null,"USE_CODE_1":null,"USE_CODE_DESCR_1":null,"COST_CLASS_DESCR_1":null,"EXTERIOR_WALL_1":null,"ABOVE_GRADE_AREA_1":null,"MEZZANINE_1":null,"BASEMENT_1":null,"BSMT_FINISH_1":null,"BSMT_UNFINISH_1":null,"QUALITY_DESCR_1":null,"CONDITION_1":null,"CONDITION_DESCR_1":null,"YEAR_BUILT_1":null,"UNIT_COUNT_1":null,"PCT_COMPLETE_1":null,"ALLOCATION_PCT_1":null,"IMP_NO_2":null,"USE_CODE_2":null,"USE_CODE_DESCR_2":null,"COST_CLASS_DESCR_2":null,"EXTERIOR_WALL_2":null,"ABOVE_GRADE_AREA_2":null,"MEZZANINE_2":null,"BASEMENT_2":null,"BSMT_FINISH_2":null,"BSMT_UNFINISH_2":null,"QUALITY_DESCR_2":null,"CONDITION_2":null,"CONDITION_DESCR_2":null,"YEAR_BUILT_2":null,"UNIT_COUNT_2":null,"PCT_COMPLETE_2":null,"ALLOCATION_PCT_2":null,"TRAV_COUNT":1,"LASTUPDATE":null,"CREATED_DATE":1712751909000,"LAST_EDITED_DATE":1712751909000,"GLOBALID":"{23FC81BB-9DB5-462D-BBB1-CFDD4C873844}","SHAPE_Length":0.067181973152548174,"SHAPE_Area":0.00014888948252140828}},{"type":"Feature","id":138,"geometry":{"type":"Polygon","coordinates":[[[-111.92451125099996,40.37664443400007],[-111.92597715899996,40.376635293000049],[-111.93549790399999,40.37659263900008],[-111.93549131799995,40.372951270000044],[-111.93100705999996,40.372973071000047],[-111.93101274199995,40.373874876000059],[-111.93103542899996,40.37413500200006],[-111.93081131064751,40.37414910826049],[-111.93058761857102,40.374168853573835],[-111.93036449463234,40.374194225417938],[-111.93014208033304,40.374225207702395],[-111.92992051672462,40.374261780778745],[-111.92969994431913,40.374303921452935],[-111.92948050299998,40.374351603000036],[-111.92947723669089,40.37435214977706],[-111.92947410546249,40.37435322827092],[-111.92947119523994,40.374354808886295],[-111.92946858588367,40.374356848248958],[-111.92946634899792,40.374359290396058],[-111.92946454596587,40.374362068311768],[-111.92946322626516,40.374365105766337],[-111.92946242611013,40.374368319407914],[-111.92946216745815,40.374371621049839],[-111.92946245740696,40.374374920090602],[-111.92946328799997,40.374378126000067],[-111.92926154899999,40.374427209000032],[-111.92925873124268,40.374423240365687],[-111.92925529528257,40.374419793048922],[-111.92925133596778,40.374416962211384],[-111.92924696259344,40.374414825997064],[-111.92924229588458,40.374413443375218],[-111.9292374646636,40.374412852512492],[-111.92923260229423,40.374413069719395],[-111.92922784299998,40.374414089000027],[-111.92915105899999,40.374434706000045],[-111.92903608499995,40.374189279000063],[-111.92910062099998,40.374171885000067],[-111.92910738854307,40.374170488593784],[-111.92911381598229,40.37416795134817],[-111.92911971255428,40.374164348567454],[-111.92912490325162,40.37415978718046],[-111.92912923401688,40.374154402566965],[-111.92913257631501,40.374148354539741],[-111.92913483094821,40.374141822601338],[-111.92913593100005,40.374135000616569],[-111.92913584382148,40.374128091058694],[-111.92913457199995,40.37412129900008],[-111.92911383783483,40.374060400084709],[-111.92909872790325,40.373997867905288],[-111.92908936743254,40.373934220713018],[-111.92908583399998,40.373869986000045],[-111.92907851699999,40.372982403000037],[-111.92596268599999,40.372997398000052],[-111.92025484299995,40.373014472000079],[-111.92045345334651,40.373080156700169],[-111.92064971358052,40.373152561604243],[-111.92084339639023,40.373231602851781],[-111.92103427744908,40.373317188895953],[-111.92122213567559,40.373409220609616],[-111.92140675348934,40.37350759140017],[-111.92158791706301,40.373612187332988],[-111.92176541657004,40.373722887263376],[-111.92193904642767,40.373839562976897],[-111.922108605535,40.373962079337879],[-111.92227389750596,40.374090294445899],[-111.92243473089673,40.374224059800163],[-111.92259091942749,40.374363220471487],[-111.92274228219819,40.374507615281757],[-111.92288864389803,40.374657076990587],[-111.92302983500855,40.374811432489018],[-111.92316569199994,40.374970503000043],[-111.92404397099995,40.376088912000057],[-111.92431476199994,40.376140590000034],[-111.92456971799999,40.376465241000062],[-111.92451125099996,40.37664443400007]]]},"properties":{"OBJECTID":138,"PARCEL_NO":580340667,"PARCELID":"580340667","PARCELID_LABEL":"58:034:0667","OWNER_NAME":"CORP OF PRES BISHOP CHURCH OF JESUS CHRIST OF LDS","CARE_NAME":"%PROPERTY RESERVE INC","ACREAGE":101.272481,"SITE_FULL_ADDRESS":null,"SITE_HOUSE_NUM":null,"SITE_PRE_DIR":null,"SITE_STREET_NAME":null,"SITE_STREET_TYPE":null,"SITE_POST_DIR":null,"SITE_STREET_UNIT":null,"SITE_CITY":null,"SITE_STATE":null,"SITE_ZIP5":"84045","OWN_FULL_ADDRESS":"%PROPERTY RESERVE INC  PO BOX 511196  SALT LAKE CITY, UT 84151-1196","OWN_STREET_ADDRESS":"PO BOX 511196","OWN_CITY":"SALT LAKE CITY","OWN_STATE":"UT","OWN_ZIP5":"84151","VESTING_DOC":"28995-1977 (MORE)","PARCEL_CREATE_DATE":1546214400000,"MAP_FILING_NO":null,"SUB_NAME":null,"LEGAL_DESCR":"COM AT NE COR. SEC. 22, T5S, R1W, SLB&M.; N 89 DEG 48' 28\" E 408.64 FT; S 14 DEG 16' 58\" W 67.3 FT; S 30 DEG 43' 2\" E 138 FT; S 75 DEG 43' 2\" E 77.78 FT; S 30 DEG 43' 2\" E 475.4 FT; ALONG A CURVE TO L (CHORD BEARS: S 48 DEG 25' 36\" E 1079.89 FT, RADIUS = 1775 FT); N 89 DEG 57' 11\" W 1590.79 FT; S 89 DEG 54' 48\" W 866.79 FT; N 0 DEG 5' 11\" W 323.42 FT; ALONG A CURVE TO L (CHORD BEARS: N 8 DEG 9' 43\" W 92.58 FT, RADIUS = 329.5 FT); ALONG A CURVE TO R (CHORD BEARS: N 27 DEG 26' 47\" E 20.72 FT, RADIUS = 15 FT); ALONG A CURVE TO L (CHORD BEARS: N 70 DEG 51' 44\" E 19.07 FT, RADIUS = 2038.5 FT); N 19 DEG 26' 13\" W 95 FT; ALONG A CURVE TO R (CHORD BEARS: S 70 DEG 55' 49\" W 22.68 FT, RADIUS = 1943.5 FT); ALONG A CURVE TO R (CHORD BEARS: N 62 DEG 45' 6\" W 10.54 FT, RADIUS = 7.5 FT); S 72 DEG 37' 43\" W 59 FT; ALONG A CURVE TO R (CHORD BEARS: S 26 DEG 40' 28\" W 10.79 FT, RADIUS = 7.5 FT); ALONG A CURVE TO R (CHORD BEARS: S 79 DEG 57' 11\" W 440.48 FT, RADIUS = 1943.5 FT); S 3 DEG 32' 24\" E 95 FT; S 328.6 FT; S 89 DEG 54' 48\" W 1251.35 FT; N 0 DEG 11' 59\" E 1326.91 FT; N 89 DEG 56' 25\" E 2653.34 FT TO BEG. AREA 101.272 AC.","BOOK_PAGE":58034,"LOT":null,"BUILDING":null,"UNIT":null,"TAX_DISTRICT":"039","TAX_DISTRICT_DESCR":"SARATOGA SPRINGS","SCHOOL_DISTRICT":"ALPINE","TAXABLE_CODE":978,"ACCOUNT_TYPE":"EXEMPT","PROP_TYPE":951,"PROP_TYPE_DESCR":"EXEMPT","SPECIFIC_PROP_TYPE":951,"SPC_PROP_TYP_DESCR":"Exempt","NEIGHBORHOOD":"1000","NBHD_DISTRICT":"8999","LAND_DISTRICT":8999,"ECONOMIC_UNIT":null,"GLA_WEIGHTED_YRBLT":null,"TOTAL_ABOVE_GRADE_AREA":null,"TOTAL_MEZZANINE":null,"TOTAL_BASEMENT":null,"TOTAL_BSMT_FINISH":null,"TOTAL_UNIT_COUNT":null,"TOTAL_IMP_COUNT":null,"ASMT_YEAR":2026,"ASMT_CODE":"UNK","ASMT_CODE_DESCR":"UNK","MKT_LAND_VALUE":0,"MKT_LAND_RES":0,"MKT_LAND_AGR":0,"MKT_LAND_COM":0,"MKT_IMP_VALUE":0,"MKT_IMP_RES":0,"MKT_IMP_AGR":0,"MKT_IMP_COM":0,"MKT_CUR_VALUE":0,"MKT_PRV_VAL":0,"MKT_VAL_YR_CHG":0,"MKT_PCT_CHG":0,"TXBL_CUR_VALUE":0,"TXBL_PRV_VAL":0,"TXBL_VAL_YR_CHG":0,"TXBL_PCT_CHG":0,"TOT_CUR_TAXES":0,"TOT_PRV_TAXES":0,"TAXES_YR_CHG":0,"TAXES_PCT_CHG":0,"GREENBELT":null,"EXEMPT_RES":"UNK","COMMON_AREA":null,"PUBLIC_ROAD":null,"PRIVATE_ROAD":null,"PART_CENTRAL_ASSD":null,"PART_TAXABLE":null,"IMP_NO_RES":null,"COST_GROUP_RES":null,"STYLE_DESCR_RES":null,"QUALITY_RES":null,"QUALITY_DESCR_RES":null,"CONDITION_RES":null,"CONDITION_DESCR_RES":null,"YEARBLT_RES":null,"GLA_RES":null,"BASEMENT_RES":null,"BSMT_FINISH_RES":null,"ATT_GARAGE_SQFT_RES":null,"BATHROOMS_RES":null,"GLA_BEDROOMS_RES":null,"EXTERIOR_RES":null,"ALLOCATION_PCT_RES":null,"IMP_NO_1":null,"USE_CODE_1":null,"USE_CODE_DESCR_1":null,"COST_CLASS_DESCR_1":null,"EXTERIOR_WALL_1":null,"ABOVE_GRADE_AREA_1":null,"MEZZANINE_1":null,"BASEMENT_1":null,"BSMT_FINISH_1":null,"BSMT_UNFINISH_1":null,"QUALITY_DESCR_1":null,"CONDITION_1":null,"CONDITION_DESCR_1":null,"YEAR_BUILT_1":null,"UNIT_COUNT_1":null,"PCT_COMPLETE_1":null,"ALLOCATION_PCT_1":null,"IMP_NO_2":null,"USE_CODE_2":null,"USE_CODE_DESCR_2":null,"COST_CLASS_DESCR_2":null,"EXTERIOR_WALL_2":null,"ABOVE_GRADE_AREA_2":null,"MEZZANINE_2":null,"BASEMENT_2":null,"BSMT_FINISH_2":null,"BSMT_UNFINISH_2":null,"QUALITY_DESCR_2":null,"CONDITION_2":null,"CONDITION_DESCR_2":null,"YEAR_BUILT_2":null,"UNIT_COUNT_2":null,"PCT_COMPLETE_2":null,"ALLOCATION_PCT_2":null,"TRAV_COUNT":1,"LASTUPDATE":null,"CREATED_DATE":1712330344000,"LAST_EDITED_DATE":1712330533000,"GLOBALID":"{8CEC2395-EA87-4227-B1D3-8FFD416A4BE9}","SHAPE_Length":0.038441184359179106,"SHAPE_Area":4.3463722000658763e-05}},{"type":"Feature","id":139,"geometry":{"type":"Polygon","coordinates":[[[-112.03435488299999,40.325787992000073],[-112.03435484899995,40.325787998000067],[-112.03417012508525,40.325692527707545],[-112.03398876150088,40.325590818555177],[-112.03381096887894,40.325482988666003],[-112.03363695370435,40.325369163271539],[-112.03346691807491,40.325249474566391],[-112.03330105946672,40.325124061554689],[-112.03313957050473,40.324993069888656],[-112.03298263873907,40.32485665169947],[-112.03283044642723,40.324714965420554],[-112.0326831703224,40.324568175603595],[-112.0325409814682,40.324416452727426],[-112.03240404499996,40.324259973000039],[-112.03208772899995,40.324261414000034],[-112.03200826161539,40.324264079692178],[-112.03192914112093,40.3242719612198],[-112.03185070948594,40.324285024517891],[-112.0317733057025,40.32430321312512],[-112.03169726432016,40.324326448427875],[-112.03162291399997,40.324354630000073],[-112.03133904399999,40.324475186000029],[-112.03147932077295,40.324649170957251],[-112.03162494358031,40.324818706606429],[-112.03177577138214,40.32498362874734],[-112.03193165809732,40.325143777648059],[-112.03209245274499,40.325298998199692],[-112.03225799959083,40.325449140066603],[-112.03242813829789,40.325594057831999],[-112.03260270408185,40.325733611138794],[-112.03278152787065,40.32586766482553],[-112.03296443646823,40.325996089057284],[-112.03315125272225,40.32611875945144],[-112.03334179569572,40.326235557198132],[-112.03353588084218,40.326346369175326],[-112.03373332018451,40.326451088058384],[-112.03393392249693,40.32654961242401],[-112.03413749349022,40.326641846848467],[-112.03434383599995,40.326727702000028],[-112.03435488299999,40.325787992000073]]]},"properties":{"OBJECTID":139,"PARCEL_NO":590340177,"PARCELID":"590340177","PARCELID_LABEL":"59:034:0177","OWNER_NAME":"UTAH COUNTY","CARE_NAME":"%NIELSON, RICHARD J","ACREAGE":6.8086120000000001,"SITE_FULL_ADDRESS":null,"SITE_HOUSE_NUM":null,"SITE_PRE_DIR":null,"SITE_STREET_NAME":null,"SITE_STREET_TYPE":null,"SITE_POST_DIR":null,"SITE_STREET_UNIT":null,"SITE_CITY":null,"SITE_STATE":null,"SITE_ZIP5":"84005","OWN_FULL_ADDRESS":"%NIELSON, RICHARD J  2855 S STATE ST  PROVO, UT 84606","OWN_STREET_ADDRESS":"2855 S STATE ST","OWN_CITY":"PROVO","OWN_STATE":"UT","OWN_ZIP5":"84606","VESTING_DOC":"80249-2023","PARCEL_CREATE_DATE":1703548800000,"MAP_FILING_NO":null,"SUB_NAME":null,"LEGAL_DESCR":"COM N 0 DEG 51' 28\" E 2101.88 FT FR S 1/4 COR. SEC. 2, T6S, R2W, SLB&M.; N 0 DEG 51' 28\" E 342.43 FT; ALONG A CURVE TO R (CHORD BEARS: S 45 DEG 15' 12\" E 1173 FT, RADIUS = 2159.5 FT); S 61 DEG 18' 57\" W 90.54 FT; ALONG A CURVE TO R (CHORD BEARS: S 75 DEG 39' 29\" W 134.01 FT, RADIUS = 270.5 FT); W 88.22 FT; ALONG A CURVE TO L (CHORD BEARS: N 43 DEG 59' 45\" W 778.47 FT, RADIUS = 1864.45 FT) TO BEG. AREA 6.809 AC.","BOOK_PAGE":59034,"LOT":null,"BUILDING":null,"UNIT":null,"TAX_DISTRICT":"038","TAX_DISTRICT_DESCR":"EAGLE MOUNTAIN","SCHOOL_DISTRICT":"ALPINE","TAXABLE_CODE":940,"ACCOUNT_TYPE":"EXEMPT","PROP_TYPE":951,"PROP_TYPE_DESCR":"EXEMPT","SPECIFIC_PROP_TYPE":951,"SPC_PROP_TYP_DESCR":"Exempt","NEIGHBORHOOD":"1000","NBHD_DISTRICT":"8999","LAND_DISTRICT":8999,"ECONOMIC_UNIT":null,"GLA_WEIGHTED_YRBLT":null,"TOTAL_ABOVE_GRADE_AREA":null,"TOTAL_MEZZANINE":null,"TOTAL_BASEMENT":null,"TOTAL_BSMT_FINISH":null,"TOTAL_UNIT_COUNT":null,"TOTAL_IMP_COUNT":null,"ASMT_YEAR":2026,"ASMT_CODE":"UNK","ASMT_CODE_DESCR":"UNK","MKT_LAND_VALUE":0,"MKT_LAND_RES":0,"MKT_LAND_AGR":0,"MKT_LAND_COM":0,"MKT_IMP_VALUE":0,"MKT_IMP_RES":0,"MKT_IMP_AGR":0,"MKT_IMP_COM":0,"MKT_CUR_VALUE":0,"MKT_PRV_VAL":0,"MKT_VAL_YR_CHG":0,"MKT_PCT_CHG":0,"TXBL_CUR_VALUE":0,"TXBL_PRV_VAL":0,"TXBL_VAL_YR_CHG":0,"TXBL_PCT_CHG":0,"TOT_CUR_TAXES":0,"TOT_PRV_TAXES":0,"TAXES_YR_CHG":0,"TAXES_PCT_CHG":0,"GREENBELT":null,"EXEMPT_RES":"UNK","COMMON_AREA":null,"PUBLIC_ROAD":null,"PRIVATE_ROAD":null,"PART_CENTRAL_ASSD":null,"PART_TAXABLE":null,"IMP_NO_RES":null,"COST_GROUP_RES":null,"STYLE_DESCR_RES":null,"QUALITY_RES":null,"QUALITY_DESCR_RES":null,"CONDITION_RES":null,"CONDITION_DESCR_RES":null,"YEARBLT_RES":null,"GLA_RES":null,"BASEMENT_RES":null,"BSMT_FINISH_RES":null,"ATT_GARAGE_SQFT_RES":null,"BATHROOMS_RES":null,"GLA_BEDROOMS_RES":null,"EXTERIOR_RES":null,"ALLOCATION_PCT_RES":null,"IMP_NO_1":null,"USE_CODE_1":null,"USE_CODE_DESCR_1":null,"COST_CLASS_DESCR_1":null,"EXTERIOR_WALL_1":null,"ABOVE_GRADE_AREA_1":null,"MEZZANINE_1":null,"BASEMENT_1":null,"BSMT_FINISH_1":null,"BSMT_UNFINISH_1":null,"QUALITY_DESCR_1":null,"CONDITION_1":null,"CONDITION_DESCR_1":null,"YEAR_BUILT_1":null,"UNIT_COUNT_1":null,"PCT_COMPLETE_1":null,"ALLOCATION_PCT_1":null,"IMP_NO_2":null,"USE_CODE_2":null,"USE_CODE_DESCR_2":null,"COST_CLASS_DESCR_2":null,"EXTERIOR_WALL_2":null,"ABOVE_GRADE_AREA_2":null,"MEZZANINE_2":null,"BASEMENT_2":null,"BSMT_FINISH_2":null,"BSMT_UNFINISH_2":null,"QUALITY_DESCR_2":null,"CONDITION_2":null,"CONDITION_DESCR_2":null,"YEAR_BUILT_2":null,"UNIT_COUNT_2":null,"PCT_COMPLETE_2":null,"ALLOCATION_PCT_2":null,"TRAV_COUNT":1,"LASTUPDATE":null,"CREATED_DATE":1712330344000,"LAST_EDITED_DATE":1712330533000,"GLOBALID":"{35EDCA00-A2BC-43BE-9A7A-CA8E2ED17B0E}","SHAPE_Length":0.0083365567215018463,"SHAPE_Area":2.9205057524273501e-06}},{"type":"Feature","id":140,"geometry":{"type":"Polygon","coordinates":[[[-112.03208649799996,40.32409950300007],[-112.03208648599997,40.324099498000066],[-112.02999855999997,40.324108986000056],[-112.03010183965469,40.324290328568779],[-112.03021124882221,40.324468040268947],[-112.03032665999996,40.32464191400004],[-112.03033855153008,40.324653885330996],[-112.03035221048079,40.324663792617159],[-112.03036728261627,40.324671378919646],[-112.03038337705071,40.324676447492756],[-112.03040007638567,40.324678866886408],[-112.03041694753497,40.324678574355232],[-112.03043355295661,40.324675577485849],[-112.03044946199998,40.324669954000058],[-112.03152540499997,40.324213021000048],[-112.03161516985638,40.324178978344165],[-112.03170696045854,40.3241508515381],[-112.03180038739116,40.324128759907886],[-112.03189505429692,40.324112797175736],[-112.03199055955803,40.324103031062442],[-112.03208649799996,40.32409950300007]]]},"properties":{"OBJECTID":140,"PARCEL_NO":590340179,"PARCELID":"590340179","PARCELID_LABEL":"59:034:0179","OWNER_NAME":"EMPYRE MULE INC","CARE_NAME":null,"ACREAGE":1.266448,"SITE_FULL_ADDRESS":null,"SITE_HOUSE_NUM":null,"SITE_PRE_DIR":null,"SITE_STREET_NAME":null,"SITE_STREET_TYPE":null,"SITE_POST_DIR":null,"SITE_STREET_UNIT":null,"SITE_CITY":null,"SITE_STATE":null,"SITE_ZIP5":"84005","OWN_FULL_ADDRESS":"333 E MAIN ST # 1057  LEHI, UT 84043","OWN_STREET_ADDRESS":"333 E MAIN ST # 1057","OWN_CITY":"LEHI","OWN_STATE":"UT","OWN_ZIP5":"84043","VESTING_DOC":"36666-2024","PARCEL_CREATE_DATE":1703808000000,"MAP_FILING_NO":null,"SUB_NAME":null,"LEGAL_DESCR":"COM N 0 DEG 51' 28\" E 1482.79 FT & E 638.22 FT FR S 1/4 COR. SEC. 2, T6S, R2W, SLB&M.; ALONG A CURVE TO L (CHORD BEARS: N 75 DEG 32' 3\" E 161.86 FT, RADIUS = 329.5 FT); N 61 DEG 18' 57\" E 343.17 FT; ALONG A CURVE TO R (CHORD BEARS: S 73 DEG 2' 57\" E 35.74 FT, RADIUS = 25 FT); ALONG A CURVE TO R (CHORD BEARS: S 24 DEG 53' 26\" E 214.67 FT, RADIUS = 2437.5 FT); W 582.32 FT TO BEG. AREA 1.266 AC.","BOOK_PAGE":59034,"LOT":null,"BUILDING":null,"UNIT":null,"TAX_DISTRICT":"038","TAX_DISTRICT_DESCR":"EAGLE MOUNTAIN","SCHOOL_DISTRICT":"ALPINE","TAXABLE_CODE":100,"ACCOUNT_TYPE":"RESIDENTIAL","PROP_TYPE":900,"PROP_TYPE_DESCR":"VACANT","SPECIFIC_PROP_TYPE":901,"SPC_PROP_TYP_DESCR":"Vac Res","NEIGHBORHOOD":"103","NBHD_DISTRICT":"152","LAND_DISTRICT":1515,"ECONOMIC_UNIT":null,"GLA_WEIGHTED_YRBLT":null,"TOTAL_ABOVE_GRADE_AREA":null,"TOTAL_MEZZANINE":null,"TOTAL_BASEMENT":null,"TOTAL_BSMT_FINISH":null,"TOTAL_UNIT_COUNT":null,"TOTAL_IMP_COUNT":null,"ASMT_YEAR":2026,"ASMT_CODE":"V","ASMT_CODE_DESCR":"VACANT","MKT_LAND_VALUE":69900,"MKT_LAND_RES":0,"MKT_LAND_AGR":69900,"MKT_LAND_COM":0,"MKT_IMP_VALUE":0,"MKT_IMP_RES":0,"MKT_IMP_AGR":0,"MKT_IMP_COM":0,"MKT_CUR_VALUE":69900,"MKT_PRV_VAL":69900,"MKT_VAL_YR_CHG":0,"MKT_PCT_CHG":0,"TXBL_CUR_VALUE":69900,"TXBL_PRV_VAL":69900,"TXBL_VAL_YR_CHG":0,"TXBL_PCT_CHG":0,"TOT_CUR_TAXES":0,"TOT_PRV_TAXES":0,"TAXES_YR_CHG":0,"TAXES_PCT_CHG":0,"GREENBELT":null,"EXEMPT_RES":"N","COMMON_AREA":null,"PUBLIC_ROAD":null,"PRIVATE_ROAD":null,"PART_CENTRAL_ASSD":null,"PART_TAXABLE":null,"IMP_NO_RES":null,"COST_GROUP_RES":null,"STYLE_DESCR_RES":null,"QUALITY_RES":null,"QUALITY_DESCR_RES":null,"CONDITION_RES":null,"CONDITION_DESCR_RES":null,"YEARBLT_RES":null,"GLA_RES":null,"BASEMENT_RES":null,"BSMT_FINISH_RES":null,"ATT_GARAGE_SQFT_RES":null,"BATHROOMS_RES":null,"GLA_BEDROOMS_RES":null,"EXTERIOR_RES":null,"ALLOCATION_PCT_RES":null,"IMP_NO_1":null,"USE_CODE_1":null,"USE_CODE_DESCR_1":null,"COST_CLASS_DESCR_1":null,"EXTERIOR_WALL_1":null,"ABOVE_GRADE_AREA_1":null,"MEZZANINE_1":null,"BASEMENT_1":null,"BSMT_FINISH_1":null,"BSMT_UNFINISH_1":null,"QUALITY_DESCR_1":null,"CONDITION_1":null,"CONDITION_DESCR_1":null,"YEAR_BUILT_1":null,"UNIT_COUNT_1":null,"PCT_COMPLETE_1":null,"ALLOCATION_PCT_1":null,"IMP_NO_2":null,"USE_CODE_2":null,"USE_CODE_DESCR_2":null,"COST_CLASS_DESCR_2":null,"EXTERIOR_WALL_2":null,"ABOVE_GRADE_AREA_2":null,"MEZZANINE_2":null,"BASEMENT_2":null,"BSMT_FINISH_2":null,"BSMT_UNFINISH_2":null,"QUALITY_DESCR_2":null,"CONDITION_2":null,"CONDITION_DESCR_2":null,"YEAR_BUILT_2":null,"UNIT_COUNT_2":null,"PCT_COMPLETE_2":null,"ALLOCATION_PCT_2":null,"TRAV_COUNT":1,"LASTUPDATE":null,"CREATED_DATE":1712330344000,"LAST_EDITED_DATE":1712330533000,"GLOBALID":"{CF8D9BBD-9EBE-44EA-B83F-4116CF070B48}","SHAPE_Length":0.0045942692179378282,"SHAPE_Area":5.4319787231187356e-07}},{"type":"Feature","id":141,"geometry":{"type":"MultiPolygon","coordinates":[[[[-112.03434380899995,40.326727686000027],[-112.03434380799996,40.32672776000004],[-112.03434415199996,40.326727904000052],[-112.03434380899995,40.326727686000027]]],[[[-112.03434380799996,40.32672776000004],[-112.03413748952046,40.32664190419456],[-112.03393394233845,40.326549670366639],[-112.03373336356405,40.326451147833268],[-112.03353594743288,40.326346432001273],[-112.03334188511791,40.326235624274908],[-112.03315136454434,40.326118831957679],[-112.03296457020765,40.325996168148421],[-112.03278168299495,40.325867751631776],[-112.03260288000975,40.325733706763167],[-112.03242833440049,40.325594163348391],[-112.03225821519291,40.325449256517878],[-112.03209268712628,40.32529912659588],[-112.03193191049398,40.325143918964557],[-112.03177604098815,40.324983783923194],[-112.03162522954905,40.324818876542672],[-112.03147962221878,40.324649356515266],[-112.03133935999995,40.324475388000053],[-112.03162322999998,40.324354833000029],[-112.03169758045684,40.324326651230336],[-112.03177362198907,40.324303415741319],[-112.03185102593477,40.324285226959944],[-112.03192945774342,40.32427216350063],[-112.03200857842197,40.324264281825442],[-112.03208804599996,40.324261616000058],[-112.03240436099998,40.324260175000063],[-112.03240309999995,40.324098070000048],[-112.03207868199996,40.32409954700006],[-112.03198319130895,40.324103198592908],[-112.03188813861937,40.324113036906013],[-112.03179392433671,40.324129020495882],[-112.03170094533472,40.324151082032316],[-112.03160959328356,40.324179128582017],[-112.03152025299994,40.324213042000054],[-112.03044430899996,40.324669976000052],[-112.03042861429745,40.324675505595778],[-112.0304122448903,40.324678496018024],[-112.03039560883876,40.324678872720881],[-112.03037912085007,40.324676626313824],[-112.03036319194051,40.324671812795778],[-112.03034821918951,40.324664552159213],[-112.03033457584118,40.324655025398904],[-112.03032260199996,40.324643470000069],[-112.03045669973763,40.324825119014974],[-112.03059598892622,40.325002818451686],[-112.03074035330506,40.325176419989653],[-112.03088967237743,40.325345778728703],[-112.03104382151101,40.325510753310027],[-112.031202672042,40.325671206034116],[-112.03136609138248,40.32582700297575],[-112.03153394313107,40.325978014095746],[-112.03170608718678,40.326124113349501],[-112.03188237986598,40.326265178792212],[-112.03206267402227,40.326401092680655],[-112.03224681916937,40.326531741571443],[-112.03243466160667,40.326657016415751],[-112.03262604454753,40.326776812650294],[-112.03282080825018,40.326891030284649],[-112.033018790151,40.326999573984658],[-112.03321982500026,40.32710235315205],[-112.03342374499999,40.327199282000038],[-112.03369944799999,40.327331160000028],[-112.03433677699996,40.327325765000069],[-112.03434380799996,40.32672776000004]]]]},"properties":{"OBJECTID":141,"PARCEL_NO":590340180,"PARCELID":"590340180","PARCELID_LABEL":"59:034:0180","OWNER_NAME":"FIELDSTONE CONSTRUCTION AND MANAGEMENT SERVICES INC","CARE_NAME":null,"ACREAGE":9.1817419999999998,"SITE_FULL_ADDRESS":null,"SITE_HOUSE_NUM":null,"SITE_PRE_DIR":null,"SITE_STREET_NAME":null,"SITE_STREET_TYPE":null,"SITE_POST_DIR":null,"SITE_STREET_UNIT":null,"SITE_CITY":null,"SITE_STATE":null,"SITE_ZIP5":"84005","OWN_FULL_ADDRESS":"12896 S PONY EXPRESS RD # 400  DRAPER, UT 84020","OWN_STREET_ADDRESS":"12896 S PONY EXPRESS RD # 400","OWN_CITY":"DRAPER","OWN_STATE":"UT","OWN_ZIP5":"84020","VESTING_DOC":"54882-2024","PARCEL_CREATE_DATE":1703808000000,"MAP_FILING_NO":null,"SUB_NAME":null,"LEGAL_DESCR":"COM N 2444.03 FT & E 36.6 FT FR S 1/4 COR. SEC. 2, T6S, R2W, SLB&M.; N 0 DEG 51' 28\" E 217.94 FT; N 89 DEG 42' 30\" E 177.75 FT; S 57 DEG 39' 12\" E 90.67 FT; ALONG A CURVE TO R (CHORD BEARS: S 42 DEG 32' 28\" E 1270.95 FT, RADIUS = 2437.6 FT); ALONG A CURVE TO L (CHORD BEARS: N 73 DEG 46' 37\" W 35.29 FT, RADIUS = 25 FT); S 61 DEG 18' 57\" W 343.17 FT; ALONG A CURVE TO R (CHORD BEARS: S 75 DEG 28' 10\" W 161.14 FT, RADIUS = 329.5 FT); W 90.48 FT; N 59.07 FT; E 88.22 FT; ALONG A CURVE TO L (CHORD BEARS: N 75 DEG 39' 29\" E 134.01 FT, RADIUS = 270.5 FT); N 61 DEG 18' 57\" E 90.54 FT; ALONG A CURVE TO L (CHORD BEARS: N 45 DEG 15' 12\" W 1173 FT, RADIUS = 2159.5 FT) TO BEG. AREA 9.182 AC.","BOOK_PAGE":59034,"LOT":null,"BUILDING":null,"UNIT":null,"TAX_DISTRICT":"038","TAX_DISTRICT_DESCR":"EAGLE MOUNTAIN","SCHOOL_DISTRICT":"ALPINE","TAXABLE_CODE":100,"ACCOUNT_TYPE":"RESIDENTIAL","PROP_TYPE":900,"PROP_TYPE_DESCR":"VACANT","SPECIFIC_PROP_TYPE":901,"SPC_PROP_TYP_DESCR":"Vac Res","NEIGHBORHOOD":"103","NBHD_DISTRICT":"152","LAND_DISTRICT":1515,"ECONOMIC_UNIT":null,"GLA_WEIGHTED_YRBLT":null,"TOTAL_ABOVE_GRADE_AREA":null,"TOTAL_MEZZANINE":null,"TOTAL_BASEMENT":null,"TOTAL_BSMT_FINISH":null,"TOTAL_UNIT_COUNT":null,"TOTAL_IMP_COUNT":null,"ASMT_YEAR":2026,"ASMT_CODE":"V","ASMT_CODE_DESCR":"VACANT","MKT_LAND_VALUE":507200,"MKT_LAND_RES":0,"MKT_LAND_AGR":507200,"MKT_LAND_COM":0,"MKT_IMP_VALUE":0,"MKT_IMP_RES":0,"MKT_IMP_AGR":0,"MKT_IMP_COM":0,"MKT_CUR_VALUE":507200,"MKT_PRV_VAL":507200,"MKT_VAL_YR_CHG":0,"MKT_PCT_CHG":0,"TXBL_CUR_VALUE":507200,"TXBL_PRV_VAL":507200,"TXBL_VAL_YR_CHG":0,"TXBL_PCT_CHG":0,"TOT_CUR_TAXES":0,"TOT_PRV_TAXES":0,"TAXES_YR_CHG":0,"TAXES_PCT_CHG":0,"GREENBELT":null,"EXEMPT_RES":"N","COMMON_AREA":null,"PUBLIC_ROAD":null,"PRIVATE_ROAD":null,"PART_CENTRAL_ASSD":null,"PART_TAXABLE":null,"IMP_NO_RES":null,"COST_GROUP_RES":null,"STYLE_DESCR_RES":null,"QUALITY_RES":null,"QUALITY_DESCR_RES":null,"CONDITION_RES":null,"CONDITION_DESCR_RES":null,"YEARBLT_RES":null,"GLA_RES":null,"BASEMENT_RES":null,"BSMT_FINISH_RES":null,"ATT_GARAGE_SQFT_RES":null,"BATHROOMS_RES":null,"GLA_BEDROOMS_RES":null,"EXTERIOR_RES":null,"ALLOCATION_PCT_RES":null,"IMP_NO_1":null,"USE_CODE_1":null,"USE_CODE_DESCR_1":null,"COST_CLASS_DESCR_1":null,"EXTERIOR_WALL_1":null,"ABOVE_GRADE_AREA_1":null,"MEZZANINE_1":null,"BASEMENT_1":null,"BSMT_FINISH_1":null,"BSMT_UNFINISH_1":null,"QUALITY_DESCR_1":null,"CONDITION_1":null,"CONDITION_DESCR_1":null,"YEAR_BUILT_1":null,"UNIT_COUNT_1":null,"PCT_COMPLETE_1":null,"ALLOCATION_PCT_1":null,"IMP_NO_2":null,"USE_CODE_2":null,"USE_CODE_DESCR_2":null,"COST_CLASS_DESCR_2":null,"EXTERIOR_WALL_2":null,"ABOVE_GRADE_AREA_2":null,"MEZZANINE_2":null,"BASEMENT_2":null,"BSMT_FINISH_2":null,"BSMT_UNFINISH_2":null,"QUALITY_DESCR_2":null,"CONDITION_2":null,"CONDITION_DESCR_2":null,"YEAR_BUILT_2":null,"UNIT_COUNT_2":null,"PCT_COMPLETE_2":null,"ALLOCATION_PCT_2":null,"TRAV_COUNT":1,"LASTUPDATE":null,"CREATED_DATE":1712330344000,"LAST_EDITED_DATE":1712330533000,"GLOBALID":"{46BF5472-11A9-401A-ABB4-0A799041F2C9}","SHAPE_Length":0.012869355513791054,"SHAPE_Area":3.9387607282004437e-06}},{"type":"Feature","id":142,"geometry":{"type":"Polygon","coordinates":[[[-112.07984584199994,40.325033176000034],[-112.07866262899995,40.325039040000036],[-112.07869324999996,40.328661431000057],[-112.07987652599996,40.328655566000066],[-112.07984584199994,40.325033176000034]]]},"properties":{"OBJECTID":142,"PARCEL_NO":590360007,"PARCELID":"590360007","PARCELID_LABEL":"59:036:0007","OWNER_NAME":"COOK, CALVIN J & JEANINE (ET AL)","CARE_NAME":null,"ACREAGE":10,"SITE_FULL_ADDRESS":"CEDAR FORT, UT","SITE_HOUSE_NUM":" ","SITE_PRE_DIR":null,"SITE_STREET_NAME":null,"SITE_STREET_TYPE":null,"SITE_POST_DIR":null,"SITE_STREET_UNIT":null,"SITE_CITY":"CEDAR FORT","SITE_STATE":"UT","SITE_ZIP5":"84013","OWN_FULL_ADDRESS":"210 N 200 E  CEDAR FORT, UT 84013","OWN_STREET_ADDRESS":"210 N 200 E","OWN_CITY":"CEDAR FORT","OWN_STATE":"UT","OWN_ZIP5":"84013","VESTING_DOC":"89474-2024 (MORE)","PARCEL_CREATE_DATE":347068800000,"MAP_FILING_NO":null,"SUB_NAME":null,"LEGAL_DESCR":"N 2/3 LOT 11 IN SW 1/4 & S 1/3 LOT 6 IN NW 1/4 SEC. 4, T6S, R2W, SLB&M. AREA 10.000 AC.","BOOK_PAGE":59036,"LOT":"11","BUILDING":null,"UNIT":null,"TAX_DISTRICT":"050","TAX_DISTRICT_DESCR":"CEDAR FORT CITY","SCHOOL_DISTRICT":"ALPINE","TAXABLE_CODE":100,"ACCOUNT_TYPE":"RESIDENTIAL","PROP_TYPE":900,"PROP_TYPE_DESCR":"VACANT","SPECIFIC_PROP_TYPE":901,"SPC_PROP_TYP_DESCR":"Vac Res","NEIGHBORHOOD":"103","NBHD_DISTRICT":"825","LAND_DISTRICT":8002,"ECONOMIC_UNIT":null,"GLA_WEIGHTED_YRBLT":null,"TOTAL_ABOVE_GRADE_AREA":null,"TOTAL_MEZZANINE":null,"TOTAL_BASEMENT":null,"TOTAL_BSMT_FINISH":null,"TOTAL_UNIT_COUNT":null,"TOTAL_IMP_COUNT":null,"ASMT_YEAR":2026,"ASMT_CODE":"V","ASMT_CODE_DESCR":"VACANT","MKT_LAND_VALUE":74600,"MKT_LAND_RES":0,"MKT_LAND_AGR":74600,"MKT_LAND_COM":0,"MKT_IMP_VALUE":0,"MKT_IMP_RES":0,"MKT_IMP_AGR":0,"MKT_IMP_COM":0,"MKT_CUR_VALUE":74600,"MKT_PRV_VAL":74600,"MKT_VAL_YR_CHG":0,"MKT_PCT_CHG":0,"TXBL_CUR_VALUE":4980,"TXBL_PRV_VAL":4980,"TXBL_VAL_YR_CHG":0,"TXBL_PCT_CHG":0,"TOT_CUR_TAXES":0,"TOT_PRV_TAXES":0,"TAXES_YR_CHG":0,"TAXES_PCT_CHG":0,"GREENBELT":"GB","EXEMPT_RES":"N","COMMON_AREA":null,"PUBLIC_ROAD":null,"PRIVATE_ROAD":null,"PART_CENTRAL_ASSD":null,"PART_TAXABLE":null,"IMP_NO_RES":null,"COST_GROUP_RES":null,"STYLE_DESCR_RES":null,"QUALITY_RES":null,"QUALITY_DESCR_RES":null,"CONDITION_RES":null,"CONDITION_DESCR_RES":null,"YEARBLT_RES":null,"GLA_RES":null,"BASEMENT_RES":null,"BSMT_FINISH_RES":null,"ATT_GARAGE_SQFT_RES":null,"BATHROOMS_RES":null,"GLA_BEDROOMS_RES":null,"EXTERIOR_RES":null,"ALLOCATION_PCT_RES":null,"IMP_NO_1":null,"USE_CODE_1":null,"USE_CODE_DESCR_1":null,"COST_CLASS_DESCR_1":null,"EXTERIOR_WALL_1":null,"ABOVE_GRADE_AREA_1":null,"MEZZANINE_1":null,"BASEMENT_1":null,"BSMT_FINISH_1":null,"BSMT_UNFINISH_1":null,"QUALITY_DESCR_1":null,"CONDITION_1":null,"CONDITION_DESCR_1":null,"YEAR_BUILT_1":null,"UNIT_COUNT_1":null,"PCT_COMPLETE_1":null,"ALLOCATION_PCT_1":null,"IMP_NO_2":null,"USE_CODE_2":null,"USE_CODE_DESCR_2":null,"COST_CLASS_DESCR_2":null,"EXTERIOR_WALL_2":null,"ABOVE_GRADE_AREA_2":null,"MEZZANINE_2":null,"BASEMENT_2":null,"BSMT_FINISH_2":null,"BSMT_UNFINISH_2":null,"QUALITY_DESCR_2":null,"CONDITION_2":null,"CONDITION_DESCR_2":null,"YEAR_BUILT_2":null,"UNIT_COUNT_2":null,"PCT_COMPLETE_2":null,"ALLOCATION_PCT_2":null,"TRAV_COUNT":1,"LASTUPDATE":null,"CREATED_DATE":1712330344000,"LAST_EDITED_DATE":1712330533000,"GLOBALID":"{1F1AB35A-8D1F-49AC-9F7D-FE0965ACADDF}","SHAPE_Length":0.0096115584416814406,"SHAPE_Area":4.2863533975888467e-06}},{"type":"Feature","id":143,"geometry":{"type":"Polygon","coordinates":[[[-111.93917178199996,40.34744039800006],[-111.94507187599999,40.347431447000076],[-111.94510205099999,40.340122602000065],[-111.94245694499995,40.340125578000027],[-111.94246064099997,40.340696305000051],[-111.93921815699997,40.340708594000034],[-111.93912902799997,40.340777470000035],[-111.93916164399997,40.345860576000064],[-111.93917178199996,40.34744039800006]]]},"properties":{"OBJECTID":143,"PARCEL_NO":580410279,"PARCELID":"580410279","PARCELID_LABEL":"58:041:0279","OWNER_NAME":"CORP OF PRESIDING BISHOP OF CHURCH OF JESUS CHRIST OF LDS","CARE_NAME":null,"ACREAGE":96.72546899999999,"SITE_FULL_ADDRESS":null,"SITE_HOUSE_NUM":null,"SITE_PRE_DIR":null,"SITE_STREET_NAME":null,"SITE_STREET_TYPE":null,"SITE_POST_DIR":null,"SITE_STREET_UNIT":null,"SITE_CITY":null,"SITE_STATE":null,"SITE_ZIP5":"84045","OWN_FULL_ADDRESS":"50 E NORTH TEMPLE # 22  SALT LAKE CITY, UT 84150","OWN_STREET_ADDRESS":"50 E NORTH TEMPLE # 22","OWN_CITY":"SALT LAKE CITY","OWN_STATE":"UT","OWN_ZIP5":"84150","VESTING_DOC":"16675-1982","PARCEL_CREATE_DATE":1660521600000,"MAP_FILING_NO":null,"SUB_NAME":null,"LEGAL_DESCR":"COM AT NW COR. OF SEC. 34, T5S, R1W, SLB&M.; S 89 DEG 50' 1\" E 1645.09 FT; S 575.68 FT; S 1852.26 FT; S 44 DEG 59' 58\" W 35.32 FT; S 89 DEG 59' 55\" W 904.11 FT; S 0 DEG 0' 2\" E 207.97 FT; N 89 DEG 48' 0\" W 737.54 FT; N 0 DEG 27' 58\" E 2663.29 FT TO BEG. AREA 96.725 AC.","BOOK_PAGE":58041,"LOT":null,"BUILDING":null,"UNIT":null,"TAX_DISTRICT":"039","TAX_DISTRICT_DESCR":"SARATOGA SPRINGS","SCHOOL_DISTRICT":"ALPINE","TAXABLE_CODE":978,"ACCOUNT_TYPE":"EXEMPT","PROP_TYPE":951,"PROP_TYPE_DESCR":"EXEMPT","SPECIFIC_PROP_TYPE":951,"SPC_PROP_TYP_DESCR":"Exempt","NEIGHBORHOOD":"1000","NBHD_DISTRICT":"8999","LAND_DISTRICT":8999,"ECONOMIC_UNIT":null,"GLA_WEIGHTED_YRBLT":null,"TOTAL_ABOVE_GRADE_AREA":null,"TOTAL_MEZZANINE":null,"TOTAL_BASEMENT":null,"TOTAL_BSMT_FINISH":null,"TOTAL_UNIT_COUNT":null,"TOTAL_IMP_COUNT":null,"ASMT_YEAR":2026,"ASMT_CODE":"UNK","ASMT_CODE_DESCR":"UNK","MKT_LAND_VALUE":0,"MKT_LAND_RES":0,"MKT_LAND_AGR":0,"MKT_LAND_COM":0,"MKT_IMP_VALUE":0,"MKT_IMP_RES":0,"MKT_IMP_AGR":0,"MKT_IMP_COM":0,"MKT_CUR_VALUE":0,"MKT_PRV_VAL":0,"MKT_VAL_YR_CHG":0,"MKT_PCT_CHG":0,"TXBL_CUR_VALUE":0,"TXBL_PRV_VAL":0,"TXBL_VAL_YR_CHG":0,"TXBL_PCT_CHG":0,"TOT_CUR_TAXES":0,"TOT_PRV_TAXES":0,"TAXES_YR_CHG":0,"TAXES_PCT_CHG":0,"GREENBELT":null,"EXEMPT_RES":"UNK","COMMON_AREA":null,"PUBLIC_ROAD":null,"PRIVATE_ROAD":null,"PART_CENTRAL_ASSD":null,"PART_TAXABLE":null,"IMP_NO_RES":null,"COST_GROUP_RES":null,"STYLE_DESCR_RES":null,"QUALITY_RES":null,"QUALITY_DESCR_RES":null,"CONDITION_RES":null,"CONDITION_DESCR_RES":null,"YEARBLT_RES":null,"GLA_RES":null,"BASEMENT_RES":null,"BSMT_FINISH_RES":null,"ATT_GARAGE_SQFT_RES":null,"BATHROOMS_RES":null,"GLA_BEDROOMS_RES":null,"EXTERIOR_RES":null,"ALLOCATION_PCT_RES":null,"IMP_NO_1":null,"USE_CODE_1":null,"USE_CODE_DESCR_1":null,"COST_CLASS_DESCR_1":null,"EXTERIOR_WALL_1":null,"ABOVE_GRADE_AREA_1":null,"MEZZANINE_1":null,"BASEMENT_1":null,"BSMT_FINISH_1":null,"BSMT_UNFINISH_1":null,"QUALITY_DESCR_1":null,"CONDITION_1":null,"CONDITION_DESCR_1":null,"YEAR_BUILT_1":null,"UNIT_COUNT_1":null,"PCT_COMPLETE_1":null,"ALLOCATION_PCT_1":null,"IMP_NO_2":null,"USE_CODE_2":null,"USE_CODE_DESCR_2":null,"COST_CLASS_DESCR_2":null,"EXTERIOR_WALL_2":null,"ABOVE_GRADE_AREA_2":null,"MEZZANINE_2":null,"BASEMENT_2":null,"BSMT_FINISH_2":null,"BSMT_UNFINISH_2":null,"QUALITY_DESCR_2":null,"CONDITION_2":null,"CONDITION_DESCR_2":null,"YEAR_BUILT_2":null,"UNIT_COUNT_2":null,"PCT_COMPLETE_2":null,"ALLOCATION_PCT_2":null,"TRAV_COUNT":1,"LASTUPDATE":null,"CREATED_DATE":1712330344000,"LAST_EDITED_DATE":1712330533000,"GLOBALID":"{9C85ED9D-F4E5-4E86-9750-56A95CD62D5A}","SHAPE_Length":0.026443067675738161,"SHAPE_Area":4.1491670005248873e-05}},{"type":"Feature","id":144,"geometry":{"type":"MultiPolygon","coordinates":[[[[-111.90577092299998,40.300349721000032],[-111.90576495999994,40.296751269000026],[-111.91059617099995,40.296751568000047],[-111.91057865499994,40.295473745000038],[-111.91043786411846,40.295460254999227],[-111.9102966557474,40.295452239491141],[-111.91015524267549,40.295449710554458],[-111.91001383799994,40.295452672000067],[-111.90999215299996,40.295453598000051],[-111.90960757699997,40.295468503000052],[-111.90937659599996,40.295470072000057],[-111.90925128024207,40.295468476905334],[-111.90912613064529,40.295461831461495],[-111.90900135066086,40.295450146471801],[-111.90887714313916,40.295433440932115],[-111.90875370999998,40.295411742000056],[-111.90868093722835,40.295394448755658],[-111.90860988983756,40.295371056430973],[-111.90854107799998,40.295341733000043],[-111.90848252699999,40.295315058000028],[-111.90845221190631,40.295304321563627],[-111.90842060016527,40.295298407698546],[-111.90838845399998,40.295297459000039],[-111.90819853199997,40.295300105000081],[-111.90801448599996,40.295297595000079],[-111.90787082455184,40.295293809591065],[-111.90772727399997,40.295287014000053],[-111.90765019121996,40.295285119434482],[-111.90757317601502,40.295288861434301],[-111.90749663999998,40.295298220000063],[-111.90739337199994,40.295315063000032],[-111.90736315301864,40.295319151590732],[-111.90733273299998,40.295321279000063],[-111.90723624999998,40.295323256000074],[-111.90696405899996,40.295319204000066],[-111.90657584399997,40.295320768000067],[-111.90629977099996,40.295337847000042],[-111.90605387499994,40.29536240200008],[-111.90601317635723,40.295368987183899],[-111.90597401684394,40.295381882015576],[-111.90593736823622,40.295400766499064],[-111.90590413999996,40.29542517200008],[-111.90585256099996,40.295464657000025],[-111.90581441298778,40.29548354548082],[-111.90577433337948,40.295497886699039],[-111.90573286205642,40.295507487475248],[-111.90569055764662,40.295512218484831],[-111.90564798999998,40.295512016000032],[-111.90536127199999,40.295510919000037],[-111.90527247840538,40.29551915404214],[-111.90518405999995,40.295530743000029],[-111.90509661699997,40.295541311000079],[-111.90505463691262,40.295547352497969],[-111.90501371627541,40.295558502784012],[-111.90497447435158,40.295574593117863],[-111.90493750499996,40.295595380000066],[-111.904911591174,40.295621759398344],[-111.90488951588384,40.295651425550673],[-111.90487169140057,40.295683824421417],[-111.90485845060857,40.29571835093958],[-111.90485004078866,40.295754360298901],[-111.90484661899995,40.295791180000037],[-111.90484267099998,40.295960259000026],[-111.90483867600001,40.295993370171054],[-111.90482916257176,40.296025335845677],[-111.90481440239864,40.296055243151827],[-111.90479481699998,40.296082238000054],[-111.90474877099996,40.29612065300006],[-111.90483041599998,40.296178029000032],[-111.90433076499994,40.296594871000025],[-111.90424106134274,40.296670287477106],[-111.90415583256477,40.296750726562976],[-111.90407535947205,40.296835923232379],[-111.90399990720186,40.296925596785087],[-111.90392972434927,40.297019451770737],[-111.90386504214797,40.297117178962282],[-111.90380607370852,40.297218456374765],[-111.90375301331615,40.297322950326226],[-111.90370603579065,40.297430316537053],[-111.90366529591037,40.297540201264312],[-111.90363092790236,40.297652242467244],[-111.90360304499995,40.297766071000069],[-111.90357689999996,40.297902623000027],[-111.90353735668262,40.297957859585416],[-111.9034931123158,40.298009407527346],[-111.90344450923355,40.298056867981487],[-111.90339192349478,40.298099873729832],[-111.90333576197364,40.298138092021972],[-111.90327645921128,40.298171227149702],[-111.9032144740538,40.298199022735034],[-111.90315028610188,40.29822126371387],[-111.90308439199998,40.298237778000043],[-111.90207321899999,40.298482142000069],[-111.90213638489924,40.298631662033493],[-111.90219555483203,40.298782807957274],[-111.90225068699999,40.298935473000029],[-111.90263693599996,40.300062018000062],[-111.90232540999995,40.300124635000032],[-111.90240268699995,40.300350019000064],[-111.90577092299998,40.300349721000032]]],[[[-111.90577094099996,40.300349721000032],[-111.90577092299998,40.300349721000032],[-111.90577092299998,40.300349782000069],[-111.90577094099996,40.300349721000032]]]]},"properties":{"OBJECTID":144,"PARCEL_NO":590130069,"PARCELID":"590130069","PARCELID_LABEL":"59:013:0069","OWNER_NAME":"CARDINAL LAND HOLDINGS IV LLC","CARE_NAME":"%BAILEY, ED","ACREAGE":42.342931999999998,"SITE_FULL_ADDRESS":null,"SITE_HOUSE_NUM":null,"SITE_PRE_DIR":null,"SITE_STREET_NAME":null,"SITE_STREET_TYPE":null,"SITE_POST_DIR":null,"SITE_STREET_UNIT":null,"SITE_CITY":null,"SITE_STATE":null,"SITE_ZIP5":"84045","OWN_FULL_ADDRESS":"%BAILEY, ED  4492 S ENCLAVE VISTA LN  SALT LAKE CITY, UT 84124","OWN_STREET_ADDRESS":"4492 S ENCLAVE VISTA LN","OWN_CITY":"SALT LAKE CITY","OWN_STATE":"UT","OWN_ZIP5":"84124","VESTING_DOC":"29094-2009","PARCEL_CREATE_DATE":1462406400000,"MAP_FILING_NO":null,"SUB_NAME":null,"LEGAL_DESCR":"COM S 0 DEG 11' 15\" W 1311.26 FT FR NW COR. SEC. 13, T6S, R1W, SLB&M.; S 89 DEG 44' 52\" E 939.73 FT; S 14 DEG 27' 6\" E 84.91 FT; S 75 DEG 32' 54\" W 89.86 FT; S 14 DEG 27' 5\" E 424.41 FT; ALONG A CURVE TO L (CHORD BEARS: S 16 DEG 25' 41\" E 172.45 FT, RADIUS = 2500 FT); S 72 DEG 44' 28\" W 295.84 FT; ALONG A CURVE TO L (CHORD BEARS: S 48 DEG 37' 44\" W 183.84 FT, RADIUS = 225 FT); S 8 DEG 35' 55\" W 50.29 FT; ALONG A CURVE TO R (CHORD BEARS: S 25 DEG 42' 7\" W 472.61 FT, RADIUS = 803.5 FT); S 42 DEG 48' 19\" W 206.17 FT; S 47 DEG 11' 42\" E 30.92 FT; S 42 DEG 48' 19\" W 19 FT; ALONG A CURVE TO L (CHORD BEARS: S 16 DEG 58' 45\" W 46.41 FT, RADIUS = 85.77 FT); S 1 DEG 17' 1\" W 61.62 FT; ALONG A CURVE TO R (CHORD BEARS: S 19 DEG 49' 33\" W 75.72 FT, RADIUS = 113.41 FT); ALONG A CURVE TO R (CHORD BEARS: S 66 DEG 19' 42\" W 48.57 FT, RADIUS = 82.45 FT); ALONG A CURVE TO L (CHORD BEARS: S 81 DEG 17' 25\" W 24.7 FT, RADIUS = 326.25 FT); ALONG A CURVE TO R (CHORD BEARS: S 81 DEG 56' 51\" W 49.97 FT, RADIUS = 506.58 FT); N 89 DEG 27' 15\" W 80 FT; ALONG A CURVE TO L (CHORD BEARS: S 73 DEG 26' 17\" W 59.63 FT, RADIUS = 83.76 FT); S 45 DEG 16' 1\" W 20.35 FT; ALONG A CURVE TO R (CHORD BEARS: S 61 DEG 33' 38\" W 47.63 FT, RADIUS = 65.65 FT); S 82 DEG 49' 48\" W 69.19 FT; S 85 DEG 38' 29\" W 77.28 FT; S 89 DEG 57' 32\" W 108.32 FT; N 88 DEG 37' 31\" W 75.96 FT; S 88 DEG 43' 41\" W 26.93 FT; ALONG A CURVE TO L (CHORD BEARS: S 82 DEG 38' 10\" W 17.07 FT, RADIUS = 111.23 FT); S 78 DEG 14' 10\" W 29.46 FT; ALONG A CURVE TO R (CHORD BEARS: S 86 DEG 37' 49\" W 64.48 FT, RADIUS = 228.27 FT); ALONG A CURVE TO L (CHORD BEARS: N 86 DEG 59' 3\" W 80.23 FT, RADIUS = 1325.53 FT); N 88 DEG 43' 5\" W 51.36 FT; S 89 DEG 13' 8\" W 53 FT; ALONG A CURVE TO R (CHORD BEARS: N 76 DEG 0' 32\" W 27.02 FT, RADIUS = 46.15 FT); N 58 DEG 59' 9\" W 19.01 FT; ALONG A CURVE TO L (CHORD BEARS: N 66 DEG 28' 15\" W 64.58 FT, RADIUS = 210.72 FT); ALONG A CURVE TO L (CHORD BEARS: N 82 DEG 45' 56\" W 175.09 FT, RADIUS = 672.48 FT); S 89 DEG 45' 15\" W 64.45 FT; ALONG A CURVE TO L (CHORD BEARS: S 87 DEG 21' 54\" W 107.44 FT, RADIUS = 5932.34 FT); ALONG A CURVE TO R (CHORD BEARS: S 87 DEG 4' 1\" W 6.06 FT, RADIUS = 785.48 FT); ALONG A CURVE TO R (CHORD BEARS: N 86 DEG 56' 51\" W 157.78 FT, RADIUS = 785.42 FT); N 0 DEG 20' 18\" W 465.65 FT; S 89 DEG 44' 2\" E 1347.96 FT; N 0 DEG 11' 14\" E 1311.26 FT TO BEG. AREA 42.343 AC.","BOOK_PAGE":59013,"LOT":null,"BUILDING":null,"UNIT":null,"TAX_DISTRICT":"039","TAX_DISTRICT_DESCR":"SARATOGA SPRINGS","SCHOOL_DISTRICT":"ALPINE","TAXABLE_CODE":100,"ACCOUNT_TYPE":"RESIDENTIAL","PROP_TYPE":900,"PROP_TYPE_DESCR":"VACANT","SPECIFIC_PROP_TYPE":901,"SPC_PROP_TYP_DESCR":"Vac Res","NEIGHBORHOOD":"104","NBHD_DISTRICT":"160","LAND_DISTRICT":1614,"ECONOMIC_UNIT":null,"GLA_WEIGHTED_YRBLT":null,"TOTAL_ABOVE_GRADE_AREA":null,"TOTAL_MEZZANINE":null,"TOTAL_BASEMENT":null,"TOTAL_BSMT_FINISH":null,"TOTAL_UNIT_COUNT":null,"TOTAL_IMP_COUNT":null,"ASMT_YEAR":2026,"ASMT_CODE":"V","ASMT_CODE_DESCR":"VACANT","MKT_LAND_VALUE":2017600,"MKT_LAND_RES":0,"MKT_LAND_AGR":2017600,"MKT_LAND_COM":0,"MKT_IMP_VALUE":0,"MKT_IMP_RES":0,"MKT_IMP_AGR":0,"MKT_IMP_COM":0,"MKT_CUR_VALUE":2017600,"MKT_PRV_VAL":2017600,"MKT_VAL_YR_CHG":0,"MKT_PCT_CHG":0,"TXBL_CUR_VALUE":2017600,"TXBL_PRV_VAL":2017600,"TXBL_VAL_YR_CHG":0,"TXBL_PCT_CHG":0,"TOT_CUR_TAXES":0,"TOT_PRV_TAXES":0,"TAXES_YR_CHG":0,"TAXES_PCT_CHG":0,"GREENBELT":null,"EXEMPT_RES":"N","COMMON_AREA":null,"PUBLIC_ROAD":null,"PRIVATE_ROAD":null,"PART_CENTRAL_ASSD":null,"PART_TAXABLE":null,"IMP_NO_RES":null,"COST_GROUP_RES":null,"STYLE_DESCR_RES":null,"QUALITY_RES":null,"QUALITY_DESCR_RES":null,"CONDITION_RES":null,"CONDITION_DESCR_RES":null,"YEARBLT_RES":null,"GLA_RES":null,"BASEMENT_RES":null,"BSMT_FINISH_RES":null,"ATT_GARAGE_SQFT_RES":null,"BATHROOMS_RES":null,"GLA_BEDROOMS_RES":null,"EXTERIOR_RES":null,"ALLOCATION_PCT_RES":null,"IMP_NO_1":null,"USE_CODE_1":null,"USE_CODE_DESCR_1":null,"COST_CLASS_DESCR_1":null,"EXTERIOR_WALL_1":null,"ABOVE_GRADE_AREA_1":null,"MEZZANINE_1":null,"BASEMENT_1":null,"BSMT_FINISH_1":null,"BSMT_UNFINISH_1":null,"QUALITY_DESCR_1":null,"CONDITION_1":null,"CONDITION_DESCR_1":null,"YEAR_BUILT_1":null,"UNIT_COUNT_1":null,"PCT_COMPLETE_1":null,"ALLOCATION_PCT_1":null,"IMP_NO_2":null,"USE_CODE_2":null,"USE_CODE_DESCR_2":null,"COST_CLASS_DESCR_2":null,"EXTERIOR_WALL_2":null,"ABOVE_GRADE_AREA_2":null,"MEZZANINE_2":null,"BASEMENT_2":null,"BSMT_FINISH_2":null,"BSMT_UNFINISH_2":null,"QUALITY_DESCR_2":null,"CONDITION_2":null,"CONDITION_DESCR_2":null,"YEAR_BUILT_2":null,"UNIT_COUNT_2":null,"PCT_COMPLETE_2":null,"ALLOCATION_PCT_2":null,"TRAV_COUNT":1,"LASTUPDATE":null,"CREATED_DATE":1712330344000,"LAST_EDITED_DATE":1712330533000,"GLOBALID":"{859E954B-8184-49F3-9581-6D960244B203}","SHAPE_Length":0.025562918222471861,"SHAPE_Area":1.8152694429062537e-05}},{"type":"Feature","id":145,"geometry":{"type":"Polygon","coordinates":[[[-112.09422404799994,40.290869130000033],[-112.09422324499997,40.29086880300008],[-112.09423166399995,40.290873745000056],[-112.09427446999996,40.29089071900006],[-112.09445979099996,40.290955348000068],[-112.09450707399998,40.290976063000073],[-112.09471985799996,40.291019536000078],[-112.09476283748639,40.291074335993059],[-112.09480051616626,40.291132907253655],[-112.0948325652748,40.291194738719163],[-112.09485870516795,40.291259290880006],[-112.09487870776248,40.291326000487238],[-112.094892398526,40.291394285467128],[-112.09489965799997,40.29146355000006],[-112.09471811499998,40.291480715000034],[-112.09464693285493,40.291483892148001],[-112.09457578888137,40.291479951707913],[-112.09450539299996,40.291468933000033],[-112.09450361326302,40.291524964939128],[-112.09449575557868,40.29158047171763],[-112.09448191299978,40.291634796009362],[-112.09446224945384,40.291687294491474],[-112.09443699780186,40.291737345462842],[-112.09440645708068,40.291784356206428],[-112.09437098896173,40.291827770008382],[-112.09433101346798,40.291867072750804],[-112.09428700399997,40.291901799000073],[-112.09391547099995,40.292189446000066],[-112.09387468099999,40.292174673000034],[-112.09205700799998,40.291540757000064],[-112.09194466799994,40.291498090000061],[-112.09194399799998,40.291639534000069],[-112.09193776899997,40.292355608000037],[-112.09193516899995,40.292904453000062],[-112.09121841499996,40.292903317000025],[-112.09122101999998,40.292354473000046],[-112.09193740999996,40.292355608000037],[-112.09194363899996,40.29163953300008],[-112.09122804499998,40.291638399000078],[-112.09122803699995,40.29163982700004],[-112.09125126099997,40.291639863000057],[-112.09124327899997,40.291646434000029],[-112.09109887099999,40.29175177500008],[-112.09119617659375,40.29181725823063],[-112.09129728829431,40.291876696064293],[-112.09140183099998,40.291929868000068],[-112.09105562699995,40.292316604000064],[-112.09114438299997,40.292337132000057],[-112.09107696099994,40.292699824000067],[-112.09109941299994,40.292696363000061],[-112.09114638999995,40.292844481000031],[-112.09112446499995,40.292848723000077],[-112.09097900752418,40.29287370117094],[-112.09083253489709,40.292891799673306],[-112.09068537232022,40.292902978324513],[-112.09053784652694,40.292907212305479],[-112.09039028505708,40.292904492215833],[-112.09024301552965,40.29289482409478],[-112.09009636491548,40.292878229407677],[-112.0899506588113,40.292854744998401],[-112.0898062207168,40.292824423007502],[-112.08966337131642,40.292787330756511],[-112.08952242776732,40.292743550598395],[-112.08938370299531,40.292693179734762],[-112.08924750499995,40.29263633000005],[-112.08916268865826,40.29260065297958],[-112.08907596531101,40.292569900375682],[-112.0889876205979,40.29254417347785],[-112.08889794549896,40.292523557022491],[-112.08880723537601,40.292508118913787],[-112.08871578899999,40.292497910000066],[-112.08860918060699,40.29249079463348],[-112.08850233503449,40.292490833806688],[-112.08839573188763,40.292498027343839],[-112.08828984968336,40.292512342954808],[-112.08818516370251,40.292533716380113],[-112.08808214385628,40.292562051679376],[-112.08798125257707,40.292597221661971],[-112.08788294274255,40.292639068457952],[-112.0877876556429,40.292687404226697],[-112.08769581899998,40.292742012000076],[-112.08763616227814,40.292778795725532],[-112.08757418048292,40.292811510003439],[-112.08751015079757,40.292840008535187],[-112.08744435956355,40.292864163875038],[-112.08737710099996,40.292883868000047],[-112.08737569988679,40.292884180252436],[-112.08737437427689,40.292884731050108],[-112.08737316444422,40.292885503659043],[-112.08737210714521,40.292886474606263],[-112.08737123450216,40.292887614392988],[-112.08737057302721,40.292888888390856],[-112.08737014281694,40.292890257893973],[-112.08736995694174,40.292891681294861],[-112.08737002104877,40.292893115348548],[-112.08737033319036,40.292894516486406],[-112.08737088388322,40.292895842139849],[-112.0873716563965,40.292897052033609],[-112.08737262726012,40.292898109409379],[-112.08737376697785,40.292898982142546],[-112.0873750409234,40.292899643718222],[-112.08737641039251,40.29290007403678],[-112.08737783377869,40.292900260024524],[-112.08737926783743,40.292900196030885],[-112.08738066899997,40.292899884000065],[-112.08738085699997,40.292921838000041],[-112.08688276899994,40.292924342000049],[-112.08688284899995,40.292933645000062],[-112.08688450215567,40.292942107757597],[-112.08688753588189,40.292950179169743],[-112.08689186616081,40.292957635702003],[-112.08689737306709,40.292964270848728],[-112.08690390408918,40.292969900852214],[-112.08691127835309,40.292974369791771],[-112.08691929163152,40.292977553901942],[-112.08692772199998,40.292979365000065],[-112.08695129747163,40.29298232268561],[-112.08697400230638,40.292989325631204],[-112.08699514789419,40.293000161446038],[-112.08701409291515,40.293014501493033],[-112.08703026278985,40.293031910856023],[-112.08704316710566,40.293051861530223],[-112.08705241449037,40.293073748435965],[-112.08705772448209,40.29309690777005],[-112.08705893603523,40.293120637138067],[-112.08705601240484,40.293144216857165],[-112.08704904226109,40.293166931783169],[-112.08703823699994,40.293188093000026],[-112.08700675687483,40.293234188942364],[-112.08698113260043,40.29328377957394],[-112.0869617466192,40.293336124754326],[-112.08694888826697,40.293390443231438],[-112.08694274945474,40.293445924301743],[-112.08694342180431,40.293501739909992],[-112.08695089528084,40.293557057007952],[-112.08696505834267,40.293611049987661],[-112.08698569960602,40.293662913003622],[-112.08701251099995,40.293711872000074],[-112.08702838636857,40.293742460971885],[-112.08703940938598,40.293775113775943],[-112.08704532199994,40.293809066000051],[-112.08704838410326,40.293826444174158],[-112.08705411713744,40.293843132784971],[-112.08706238099995,40.293858724000074],[-112.08706523699999,40.293863306000048],[-112.08708972939857,40.293895766708502],[-112.0871188163911,40.293924183640897],[-112.08715183899994,40.293947913000068],[-112.08716137454471,40.293953635970489],[-112.08716985379107,40.293960831898886],[-112.0871770514989,40.293969309634804],[-112.0871827764705,40.29397884397823],[-112.08718687662945,40.293989181661772],[-112.08718924306035,40.294000048078338],[-112.0871898129021,40.294011154575749],[-112.08718857101755,40.294022206124382],[-112.08718555039576,40.294032909154247],[-112.08718083127563,40.294042979353321],[-112.0871745390144,40.294052149219901],[-112.0871668407578,40.294060175168426],[-112.08715794099999,40.294066844000042],[-112.08715236909005,40.294071248186249],[-112.08714756578655,40.294076479946199],[-112.08714365255838,40.29408240697596],[-112.08714072836561,40.294088879389207],[-112.08713886715701,40.294095733507611],[-112.08713811599995,40.294102796000061],[-112.08713808499999,40.294120607000025],[-112.09022618199998,40.294124590000081],[-112.09039805660291,40.294127049740908],[-112.09056973082508,40.294135703693932],[-112.09074098150504,40.294150540609778],[-112.09091158603192,40.294171541201756],[-112.09108132263482,40.294198678170929],[-112.09124997067102,40.294231916241628],[-112.09141731091286,40.294271212207271],[-112.09158312583273,40.294316514986548],[-112.09174719988575,40.294367765689813],[-112.09190931979003,40.294424897695663],[-112.09206927480393,40.294487836737481],[-112.09222685699996,40.294556501000045],[-112.09381672299997,40.295299421000038],[-112.09396632331298,40.295364259156223],[-112.09411838040042,40.295423105416212],[-112.0942726543812,40.295475866945779],[-112.094428901877,40.295522460509794],[-112.09458687639608,40.295562812603549],[-112.09474632872224,40.29559685956869],[-112.09490700730788,40.295624547693677],[-112.09506865867094,40.295645833298487],[-112.0952310277947,40.295660682803543],[-112.09539385853013,40.295669072782673],[-112.09555689399997,40.295670990000076],[-112.09840479899998,40.295662198000059],[-112.09833914699999,40.295352097000034],[-112.09828208899995,40.295352043000037],[-112.09826264799995,40.295284253000034],[-112.09832483099996,40.295284310000056],[-112.09825909699998,40.294973803000062],[-112.09793715999996,40.294971037000039],[-112.09791831099994,40.294884383000067],[-112.09823986699996,40.294882849000032],[-112.09822203499999,40.294798626000045],[-112.09775121499996,40.294857067000066],[-112.09749567699998,40.293649956000024],[-112.09712982999997,40.293695366000065],[-112.09708017999998,40.293460819000074],[-112.09791690699996,40.293356961000029],[-112.09739027399996,40.290869189000034],[-112.09422404799994,40.290869130000033]]]},"properties":{"OBJECTID":145,"PARCEL_NO":590490051,"PARCELID":"590490051","PARCELID_LABEL":"59:049:0051","OWNER_NAME":"OQUIRRH WOOD RANCH LLC","CARE_NAME":null,"ACREAGE":71.77849599999999,"SITE_FULL_ADDRESS":"EAGLE MOUNTAIN, UT","SITE_HOUSE_NUM":" ","SITE_PRE_DIR":null,"SITE_STREET_NAME":null,"SITE_STREET_TYPE":null,"SITE_POST_DIR":null,"SITE_STREET_UNIT":null,"SITE_CITY":"EAGLE MOUNTAIN","SITE_STATE":"UT","SITE_ZIP5":"84013","OWN_FULL_ADDRESS":"14034 S 145 E STE 204  DRAPER, UT 84020","OWN_STREET_ADDRESS":"14034 S 145 E STE 204","OWN_CITY":"DRAPER","OWN_STATE":"UT","OWN_ZIP5":"84020","VESTING_DOC":"98519-2008","PARCEL_CREATE_DATE":1703980800000,"MAP_FILING_NO":null,"SUB_NAME":null,"LEGAL_DESCR":"COM N 28.45 FT & W 3360.87 FT FR SE COR. SEC. 17, T6S, R2W, SLB&M.; N 89 DEG 37' 1\" W 883.47 FT; N 8 DEG 49' 29\" W 918.33 FT; N 81 DEG 10' 31\" E 236.51 FT; N 8 DEG 49' 29\" W 86.58 FT; S 81 DEG 10' 31\" W 103.41 FT; N 8 DEG 49' 29\" W 445.59 FT; S 81 DEG 10' 31\" W 133.08 FT; N 8 DEG 49' 30\" W 31.09 FT; S 89 DEG 58' 26\" E 89.72 FT; N 9 DEG 4' 24\" W 32.01 FT; N 88 DEG 58' 26\" W 89.83 FT; N 8 DEG 49' 28\" W 114.62 FT; S 89 DEG 32' 53\" E 17.35 FT; N 12 DEG 0' 8\" W 25.29 FT; N 89 DEG 32' 47\" W 15.92 FT; N 8 DEG 49' 29\" W 114.47 FT; S 89 DEG 50' 55\" E 794.6 FT; ALONG A CURVE TO R (CHORD BEARS: S 74 DEG 2' 15\" E 504.05 FT, RADIUS = 924.63 FT); S 58 DEG 13' 34\" E 519.67 FT; ALONG A CURVE TO L (CHORD BEARS: S 73 DEG 52' 35\" E 579.98 FT, RADIUS = 1074.66 FT); S 89 DEG 31' 35\" E 861.63 FT; S 0 DEG 27' 11\" W 6.49 FT; ALONG A CURVE TO R (CHORD BEARS: S 23 DEG 16' 1\" W 14.22 FT, RADIUS = 18 FT); ALONG A CURVE TO L (CHORD BEARS: S 1 DEG 52' 25\" E 43.37 FT, RADIUS = 29 FT); ALONG A CURVE TO R (CHORD BEARS: S 37 DEG 42' 46\" E 39.17 FT, RADIUS = 90 FT); S 25 DEG 8' 36\" E 1.85 FT; ALONG A CURVE TO R (CHORD BEARS: S 14 DEG 21' 42\" E 18.71 FT, RADIUS = 50 FT); ALONG A CURVE TO L (CHORD BEARS: S 14 DEG 7' 3\" E 36.58 FT, RADIUS = 100 FT); ALONG A CURVE TO R (CHORD BEARS: S 2 DEG 31' 48\" W 190.99 FT, RADIUS = 209 FT); ALONG A CURVE TO L (CHORD BEARS: S 21 DEG 41' 36\" E 82.07 FT, RADIUS = 52.5 FT); ALONG A CURVE TO R (CHORD BEARS: S 36 DEG 33' 4\" E 20.84 FT, RADIUS = 17.5 FT); S 3.39 FT; W 138.98 FT; S 8 FT; ALONG A CURVE TO R (CHORD BEARS: S 9 DEG 18' 9\" E 5.92 FT, RADIUS = 3 FT); ALONG A CURVE TO L (CHORD BEARS: S 60 DEG 12' 33\" W 102.86 FT, RADIUS = 265 FT); ALONG A CURVE TO R (CHORD BEARS: S 73 DEG 1' 15\" W 298.17 FT, RADIUS = 366.5 FT); ALONG A CURVE TO R (CHORD BEARS: N 70 DEG 50' 47\" W 156.7 FT, RADIUS = 367.41 FT); ALONG A CURVE TO L (CHORD BEARS: N 81 DEG 12' 57\" W 529.4 FT, RADIUS = 688.96 FT); S 76 DEG 11' 45\" W 6.31 FT; S 13 DEG 16' 20\" E 55.54 FT; N 78 DEG 59' 56\" E 6.39 FT; S 8 DEG 28' 48\" W 133.49 FT; S 72 DEG 48' 53\" E 25.87 FT; S 34 DEG 48' 33\" W 170.85 FT; ALONG A CURVE TO R (CHORD BEARS: S 52 DEG 6' 32\" E 106.57 FT, RADIUS = 528.5 FT); S 46 DEG 46' 8\" W 55.65 FT; S 43 DEG 18' 36\" W 3.27 FT; S 89 DEG 30' 9\" E 6.48 FT; S 0 DEG 35' 54\" W .52 FT; N 89 DEG 30' 9\" W 199.67 FT; N 0 DEG 45' 39\" E 260.93 FT; S 89 DEG 30' 9\" E 199.89 FT; N 0 DEG 35' 13\" E 199.99 FT; N 89 DEG 30' 9\" W 199.99 FT; S 0 DEG 35' 13\" W 199.99 FT; S 0 DEG 45' 39\" W 260.93 FT; S 0 DEG 35' 13\" W 51.54 FT; ALONG A CURVE TO L (CHORD BEARS: N 63 DEG 14' 24\" W 34.99 FT, RADIUS = 529.5 FT); N 65 DEG 8' 2\" W 557.3 FT; ALONG A CURVE TO R (CHORD BEARS: N 64 DEG 18' 22\" W 12.59 FT, RADIUS = 435.51 FT); S 45 DEG 3' 56\" W 147.42 FT; ALONG A CURVE TO L (CHORD BEARS: S 21 DEG 30' 15\" W 169.09 FT, RADIUS = 211.5 FT); ALONG A CURVE TO L (CHORD BEARS: N 85 DEG 28' 56\" W 59.51 FT, RADIUS = 153.5 FT); S 83 DEG 20' 31\" W 51.04 FT; ALONG A CURVE TO L (CHORD BEARS: S 16 DEG 50' 49\" E 169.39 FT, RADIUS = 321.5 FT); S 74 DEG 40' 50\" E 61.45 FT; S 59 DEG 50' 40\" E 15.2 FT; S 65 DEG 8' 2\" E 56.82 FT; S 62 DEG 14' 34\" E 13.45 FT; S 52 DEG 9' 9\" E 2.96 FT TO BEG. AREA 71.778 AC.","BOOK_PAGE":59049,"LOT":null,"BUILDING":null,"UNIT":null,"TAX_DISTRICT":"053","TAX_DISTRICT_DESCR":"EAGLE MOUNTAIN W/POLE CANYON DIST","SCHOOL_DISTRICT":"ALPINE","TAXABLE_CODE":100,"ACCOUNT_TYPE":"RESIDENTIAL","PROP_TYPE":900,"PROP_TYPE_DESCR":"VACANT","SPECIFIC_PROP_TYPE":902,"SPC_PROP_TYP_DESCR":"Vac Res w/Det","NEIGHBORHOOD":"103","NBHD_DISTRICT":"152","LAND_DISTRICT":1509,"ECONOMIC_UNIT":null,"GLA_WEIGHTED_YRBLT":1972.9000000000001,"TOTAL_ABOVE_GRADE_AREA":17279,"TOTAL_MEZZANINE":0,"TOTAL_BASEMENT":0,"TOTAL_BSMT_FINISH":0,"TOTAL_UNIT_COUNT":null,"TOTAL_IMP_COUNT":7,"ASMT_YEAR":2026,"ASMT_CODE":"A","ASMT_CODE_DESCR":"AGRICULTURAL","MKT_LAND_VALUE":4372800,"MKT_LAND_RES":0,"MKT_LAND_AGR":4372800,"MKT_LAND_COM":0,"MKT_IMP_VALUE":128600,"MKT_IMP_RES":0,"MKT_IMP_AGR":128600,"MKT_IMP_COM":0,"MKT_CUR_VALUE":4501400,"MKT_PRV_VAL":4501400,"MKT_VAL_YR_CHG":0,"MKT_PCT_CHG":0,"TXBL_CUR_VALUE":164346,"TXBL_PRV_VAL":164346,"TXBL_VAL_YR_CHG":0,"TXBL_PCT_CHG":0,"TOT_CUR_TAXES":0,"TOT_PRV_TAXES":0,"TAXES_YR_CHG":0,"TAXES_PCT_CHG":0,"GREENBELT":"GB","EXEMPT_RES":"N","COMMON_AREA":null,"PUBLIC_ROAD":null,"PRIVATE_ROAD":null,"PART_CENTRAL_ASSD":null,"PART_TAXABLE":null,"IMP_NO_RES":null,"COST_GROUP_RES":null,"STYLE_DESCR_RES":null,"QUALITY_RES":null,"QUALITY_DESCR_RES":null,"CONDITION_RES":null,"CONDITION_DESCR_RES":null,"YEARBLT_RES":null,"GLA_RES":null,"BASEMENT_RES":null,"BSMT_FINISH_RES":null,"ATT_GARAGE_SQFT_RES":null,"BATHROOMS_RES":null,"GLA_BEDROOMS_RES":null,"EXTERIOR_RES":null,"ALLOCATION_PCT_RES":null,"IMP_NO_1":320271,"USE_CODE_1":566,"USE_CODE_DESCR_1":"Shed - Farm Sun Shelter","COST_CLASS_DESCR_1":"S - Metal","EXTERIOR_WALL_1":null,"ABOVE_GRADE_AREA_1":11979,"MEZZANINE_1":0,"BASEMENT_1":0,"BSMT_FINISH_1":0,"BSMT_UNFINISH_1":0,"QUALITY_DESCR_1":"Average","CONDITION_1":3,"CONDITION_DESCR_1":"Average","YEAR_BUILT_1":2000,"UNIT_COUNT_1":null,"PCT_COMPLETE_1":1,"ALLOCATION_PCT_1":null,"IMP_NO_2":320273,"USE_CODE_2":102,"USE_CODE_DESCR_2":"Barn (General)","COST_CLASS_DESCR_2":"D - Wood/Steel Studs","EXTERIOR_WALL_2":null,"ABOVE_GRADE_AREA_2":2628,"MEZZANINE_2":0,"BASEMENT_2":0,"BSMT_FINISH_2":0,"BSMT_UNFINISH_2":0,"QUALITY_DESCR_2":"Average","CONDITION_2":3,"CONDITION_DESCR_2":"Average","YEAR_BUILT_2":1970,"UNIT_COUNT_2":null,"PCT_COMPLETE_2":1,"ALLOCATION_PCT_2":null,"TRAV_COUNT":1,"LASTUPDATE":null,"CREATED_DATE":1712751909000,"LAST_EDITED_DATE":1712751909000,"GLOBALID":"{F3980BA8-641A-42E8-AAB4-B9BAD0D6AE86}","SHAPE_Length":0.03894193475151559,"SHAPE_Area":3.0772319052812154e-05}},{"type":"Feature","id":146,"geometry":{"type":"Polygon","coordinates":[[[-111.93549826099996,40.376592686000038],[-111.92597749999999,40.37663535300004],[-111.92451123599994,40.376644446000057],[-111.92450213199999,40.376672350000035],[-111.92687075199996,40.379688290000047],[-111.92714155899995,40.379739961000041],[-111.92736512999994,40.380024614000035],[-111.92729756499995,40.380231712000068],[-111.92855353599998,40.381830770000079],[-111.92865478858744,40.381958209003884],[-111.92875927899996,40.382083007000062],[-111.92879267699999,40.382048411000028],[-111.92889657399996,40.382107124000072],[-111.92883478399995,40.382171059000029],[-111.92901709799997,40.382374695000067],[-111.92904257799995,40.382360710000057],[-111.92915347599995,40.382478872000036],[-111.92912799599998,40.382492858000035],[-111.92929692817023,40.382664830260751],[-111.92946990771168,40.382832730870774],[-111.9296468365159,40.382996464602307],[-111.9298276142346,40.383155938590861],[-111.93001213833649,40.383311062387946],[-111.93020030416548,40.383461748012358],[-111.93039200499999,40.38360791000008],[-111.93068015999995,40.383610014000055],[-111.93092121699999,40.38377848600004],[-111.93093628699995,40.38388949800003],[-111.93547349699998,40.383870288000026],[-111.93549826099996,40.376592686000038]]]},"properties":{"OBJECTID":146,"PARCEL_NO":580330352,"PARCELID":"580330352","PARCELID_LABEL":"58:033:0352","OWNER_NAME":"CORP OF PRES BISHOP CHURCH OF JESUS CHRIST OF LDS","CARE_NAME":"%PROPERTY RESERVE INC","ACREAGE":136.990703,"SITE_FULL_ADDRESS":null,"SITE_HOUSE_NUM":null,"SITE_PRE_DIR":null,"SITE_STREET_NAME":null,"SITE_STREET_TYPE":null,"SITE_POST_DIR":null,"SITE_STREET_UNIT":null,"SITE_CITY":null,"SITE_STATE":null,"SITE_ZIP5":"84045","OWN_FULL_ADDRESS":"%PROPERTY RESERVE INC  PO BOX 511196  SALT LAKE CITY, UT 84151-1196","OWN_STREET_ADDRESS":"PO BOX 511196","OWN_CITY":"SALT LAKE CITY","OWN_STATE":"UT","OWN_ZIP5":"84151","VESTING_DOC":"11746-1996 (MORE)","PARCEL_CREATE_DATE":1400544000000,"MAP_FILING_NO":null,"SUB_NAME":null,"LEGAL_DESCR":"COM AT SE COR. SEC. 15, T5S, R1W, SLB&M.; S 89 DEG 56' 25\" W 2653.34 FT; N 0 DEG 25' 41\" E 2651.96 FT; N 89 DEG 57' 37\" E 1264.34 FT; S 5 DEG 39' 3\" E 40.67 FT; S 47 DEG 17' 55\" E 91 FT; S 89 DEG 10' 38\" E 80.3 FT; ALONG A CURVE TO R (CHORD BEARS: S 40 DEG 38' 44\" E 537.74 FT, RADIUS = 3225 FT); S 54 DEG 36' 28\" W 8.74 FT; S 35 DEG 23' 32\" E 53 FT; N 54 DEG 36' 28\" E 8.74 FT; ALONG A CURVE TO R (CHORD BEARS: S 34 DEG 7' 21\" E 89.93 FT, RADIUS = 3225 FT); S 36 DEG 44' 29\" W 28.97 FT; S 53 DEG 15' 42\" E 36 FT; N 36 DEG 42' 37\" E 15.67 FT; ALONG A CURVE TO R (CHORD BEARS: S 31 DEG 40' 47\" E 108.33 FT, RADIUS = 3225 FT); S 30 DEG 43' 2\" E 679.73 FT; S 14 DEG 16' 58\" W 77.78 FT; S 30 DEG 43' 2\" E 121 FT; S 75 DEG 43' 2\" E 77.78 FT; S 30 DEG 43' 2\" E 1282 FT; S 14 DEG 16' 58\" W 10.48 FT; S 89 DEG 48' 28\" W 408.64 FT TO BEG. AREA 136.991 AC.","BOOK_PAGE":58033,"LOT":null,"BUILDING":null,"UNIT":null,"TAX_DISTRICT":"039","TAX_DISTRICT_DESCR":"SARATOGA SPRINGS","SCHOOL_DISTRICT":"ALPINE","TAXABLE_CODE":978,"ACCOUNT_TYPE":"EXEMPT","PROP_TYPE":951,"PROP_TYPE_DESCR":"EXEMPT","SPECIFIC_PROP_TYPE":951,"SPC_PROP_TYP_DESCR":"Exempt","NEIGHBORHOOD":"1000","NBHD_DISTRICT":"8999","LAND_DISTRICT":8999,"ECONOMIC_UNIT":null,"GLA_WEIGHTED_YRBLT":null,"TOTAL_ABOVE_GRADE_AREA":null,"TOTAL_MEZZANINE":null,"TOTAL_BASEMENT":null,"TOTAL_BSMT_FINISH":null,"TOTAL_UNIT_COUNT":null,"TOTAL_IMP_COUNT":null,"ASMT_YEAR":2026,"ASMT_CODE":"UNK","ASMT_CODE_DESCR":"UNK","MKT_LAND_VALUE":0,"MKT_LAND_RES":0,"MKT_LAND_AGR":0,"MKT_LAND_COM":0,"MKT_IMP_VALUE":0,"MKT_IMP_RES":0,"MKT_IMP_AGR":0,"MKT_IMP_COM":0,"MKT_CUR_VALUE":0,"MKT_PRV_VAL":0,"MKT_VAL_YR_CHG":0,"MKT_PCT_CHG":0,"TXBL_CUR_VALUE":0,"TXBL_PRV_VAL":0,"TXBL_VAL_YR_CHG":0,"TXBL_PCT_CHG":0,"TOT_CUR_TAXES":0,"TOT_PRV_TAXES":0,"TAXES_YR_CHG":0,"TAXES_PCT_CHG":0,"GREENBELT":null,"EXEMPT_RES":"UNK","COMMON_AREA":null,"PUBLIC_ROAD":null,"PRIVATE_ROAD":null,"PART_CENTRAL_ASSD":null,"PART_TAXABLE":null,"IMP_NO_RES":null,"COST_GROUP_RES":null,"STYLE_DESCR_RES":null,"QUALITY_RES":null,"QUALITY_DESCR_RES":null,"CONDITION_RES":null,"CONDITION_DESCR_RES":null,"YEARBLT_RES":null,"GLA_RES":null,"BASEMENT_RES":null,"BSMT_FINISH_RES":null,"ATT_GARAGE_SQFT_RES":null,"BATHROOMS_RES":null,"GLA_BEDROOMS_RES":null,"EXTERIOR_RES":null,"ALLOCATION_PCT_RES":null,"IMP_NO_1":null,"USE_CODE_1":null,"USE_CODE_DESCR_1":null,"COST_CLASS_DESCR_1":null,"EXTERIOR_WALL_1":null,"ABOVE_GRADE_AREA_1":null,"MEZZANINE_1":null,"BASEMENT_1":null,"BSMT_FINISH_1":null,"BSMT_UNFINISH_1":null,"QUALITY_DESCR_1":null,"CONDITION_1":null,"CONDITION_DESCR_1":null,"YEAR_BUILT_1":null,"UNIT_COUNT_1":null,"PCT_COMPLETE_1":null,"ALLOCATION_PCT_1":null,"IMP_NO_2":null,"USE_CODE_2":null,"USE_CODE_DESCR_2":null,"COST_CLASS_DESCR_2":null,"EXTERIOR_WALL_2":null,"ABOVE_GRADE_AREA_2":null,"MEZZANINE_2":null,"BASEMENT_2":null,"BSMT_FINISH_2":null,"BSMT_UNFINISH_2":null,"QUALITY_DESCR_2":null,"CONDITION_2":null,"CONDITION_DESCR_2":null,"YEAR_BUILT_2":null,"UNIT_COUNT_2":null,"PCT_COMPLETE_2":null,"ALLOCATION_PCT_2":null,"TRAV_COUNT":1,"LASTUPDATE":null,"CREATED_DATE":1712330344000,"LAST_EDITED_DATE":1712330533000,"GLOBALID":"{5B333BEE-1793-4396-9A8A-9E71FB02625B}","SHAPE_Length":0.033012263663890241,"SHAPE_Area":5.8795572869770795e-05}},{"type":"Feature","id":147,"geometry":{"type":"Polygon","coordinates":[[[-112.07968142299995,40.333273186000042],[-112.07970366599994,40.335899439000059],[-112.08029537199997,40.335896503000072],[-112.08027310699998,40.333270250000055],[-112.07968142299995,40.333273186000042]]]},"properties":{"OBJECTID":147,"PARCEL_NO":580520013,"PARCELID":"580520013","PARCELID_LABEL":"58:052:0013","OWNER_NAME":"COOK, LARRY ERNIL","CARE_NAME":null,"ACREAGE":3.625,"SITE_FULL_ADDRESS":"CEDAR FORT, UT","SITE_HOUSE_NUM":" ","SITE_PRE_DIR":null,"SITE_STREET_NAME":null,"SITE_STREET_TYPE":null,"SITE_POST_DIR":null,"SITE_STREET_UNIT":null,"SITE_CITY":"CEDAR FORT","SITE_STATE":"UT","SITE_ZIP5":"84013","OWN_FULL_ADDRESS":"613 EMIGRANT RD  LYMAN, WY 82937-9061","OWN_STREET_ADDRESS":"613 EMIGRANT RD","OWN_CITY":"LYMAN","OWN_STATE":"WY","OWN_ZIP5":"82937","VESTING_DOC":"111645-2009 (MORE)","PARCEL_CREATE_DATE":347068800000,"MAP_FILING_NO":null,"SUB_NAME":null,"LEGAL_DESCR":"COM W 8 RD FR SE COR. SEC. 32 T5S R2W SLB&M.; N 58 RD; W 10 RD; S 58 RD; E 10 RD TO BEG. AREA 3.625 AC.","BOOK_PAGE":58052,"LOT":null,"BUILDING":null,"UNIT":null,"TAX_DISTRICT":"050","TAX_DISTRICT_DESCR":"CEDAR FORT CITY","SCHOOL_DISTRICT":"ALPINE","TAXABLE_CODE":100,"ACCOUNT_TYPE":"RESIDENTIAL","PROP_TYPE":900,"PROP_TYPE_DESCR":"VACANT","SPECIFIC_PROP_TYPE":901,"SPC_PROP_TYP_DESCR":"Vac Res","NEIGHBORHOOD":"103","NBHD_DISTRICT":"825","LAND_DISTRICT":8002,"ECONOMIC_UNIT":null,"GLA_WEIGHTED_YRBLT":null,"TOTAL_ABOVE_GRADE_AREA":null,"TOTAL_MEZZANINE":null,"TOTAL_BASEMENT":null,"TOTAL_BSMT_FINISH":null,"TOTAL_UNIT_COUNT":null,"TOTAL_IMP_COUNT":null,"ASMT_YEAR":2026,"ASMT_CODE":"V","ASMT_CODE_DESCR":"VACANT","MKT_LAND_VALUE":27000,"MKT_LAND_RES":0,"MKT_LAND_AGR":27000,"MKT_LAND_COM":0,"MKT_IMP_VALUE":0,"MKT_IMP_RES":0,"MKT_IMP_AGR":0,"MKT_IMP_COM":0,"MKT_CUR_VALUE":27000,"MKT_PRV_VAL":27000,"MKT_VAL_YR_CHG":0,"MKT_PCT_CHG":0,"TXBL_CUR_VALUE":1808,"TXBL_PRV_VAL":1808,"TXBL_VAL_YR_CHG":0,"TXBL_PCT_CHG":0,"TOT_CUR_TAXES":0,"TOT_PRV_TAXES":0,"TAXES_YR_CHG":0,"TAXES_PCT_CHG":0,"GREENBELT":"GB","EXEMPT_RES":"N","COMMON_AREA":null,"PUBLIC_ROAD":null,"PRIVATE_ROAD":null,"PART_CENTRAL_ASSD":null,"PART_TAXABLE":null,"IMP_NO_RES":null,"COST_GROUP_RES":null,"STYLE_DESCR_RES":null,"QUALITY_RES":null,"QUALITY_DESCR_RES":null,"CONDITION_RES":null,"CONDITION_DESCR_RES":null,"YEARBLT_RES":null,"GLA_RES":null,"BASEMENT_RES":null,"BSMT_FINISH_RES":null,"ATT_GARAGE_SQFT_RES":null,"BATHROOMS_RES":null,"GLA_BEDROOMS_RES":null,"EXTERIOR_RES":null,"ALLOCATION_PCT_RES":null,"IMP_NO_1":null,"USE_CODE_1":null,"USE_CODE_DESCR_1":null,"COST_CLASS_DESCR_1":null,"EXTERIOR_WALL_1":null,"ABOVE_GRADE_AREA_1":null,"MEZZANINE_1":null,"BASEMENT_1":null,"BSMT_FINISH_1":null,"BSMT_UNFINISH_1":null,"QUALITY_DESCR_1":null,"CONDITION_1":null,"CONDITION_DESCR_1":null,"YEAR_BUILT_1":null,"UNIT_COUNT_1":null,"PCT_COMPLETE_1":null,"ALLOCATION_PCT_1":null,"IMP_NO_2":null,"USE_CODE_2":null,"USE_CODE_DESCR_2":null,"COST_CLASS_DESCR_2":null,"EXTERIOR_WALL_2":null,"ABOVE_GRADE_AREA_2":null,"MEZZANINE_2":null,"BASEMENT_2":null,"BSMT_FINISH_2":null,"BSMT_UNFINISH_2":null,"QUALITY_DESCR_2":null,"CONDITION_2":null,"CONDITION_DESCR_2":null,"YEAR_BUILT_2":null,"UNIT_COUNT_2":null,"PCT_COMPLETE_2":null,"ALLOCATION_PCT_2":null,"TRAV_COUNT":1,"LASTUPDATE":null,"CREATED_DATE":1712330344000,"LAST_EDITED_DATE":1712330533000,"GLOBALID":"{86E4B5F4-3DAD-436E-A36B-992AFC6FCDE7}","SHAPE_Length":0.0064360991381758846,"SHAPE_Area":1.554006106655645e-06}},{"type":"Feature","id":148,"geometry":{"type":"Polygon","coordinates":[[[-112.08086479099995,40.333267311000043],[-112.08088707899998,40.33589356300007],[-112.08218883099994,40.33588708700006],[-112.08216649299999,40.333260834000043],[-112.08086479099995,40.333267311000043]]]},"properties":{"OBJECTID":148,"PARCEL_NO":580520019,"PARCELID":"580520019","PARCELID_LABEL":"58:052:0019","OWNER_NAME":"COOK, LARRY ERNIL","CARE_NAME":null,"ACREAGE":7.9750000000000005,"SITE_FULL_ADDRESS":"CEDAR FORT, UT","SITE_HOUSE_NUM":" ","SITE_PRE_DIR":null,"SITE_STREET_NAME":null,"SITE_STREET_TYPE":null,"SITE_POST_DIR":null,"SITE_STREET_UNIT":null,"SITE_CITY":"CEDAR FORT","SITE_STATE":"UT","SITE_ZIP5":"84013","OWN_FULL_ADDRESS":"613 EMIGRANT RD  LYMAN, WY 82937-9061","OWN_STREET_ADDRESS":"613 EMIGRANT RD","OWN_CITY":"LYMAN","OWN_STATE":"WY","OWN_ZIP5":"82937","VESTING_DOC":"111645-2009 (MORE)","PARCEL_CREATE_DATE":473299200000,"MAP_FILING_NO":null,"SUB_NAME":null,"LEGAL_DESCR":"COM W 28 RD FR SE COR. SEC. 32 T5S R2W SLB&M.; N 58 RD; W 22 RD; S 58 RD; E 22 RD TO BEG. AREA 7.975 AC.","BOOK_PAGE":58052,"LOT":null,"BUILDING":null,"UNIT":null,"TAX_DISTRICT":"050","TAX_DISTRICT_DESCR":"CEDAR FORT CITY","SCHOOL_DISTRICT":"ALPINE","TAXABLE_CODE":100,"ACCOUNT_TYPE":"RESIDENTIAL","PROP_TYPE":900,"PROP_TYPE_DESCR":"VACANT","SPECIFIC_PROP_TYPE":901,"SPC_PROP_TYP_DESCR":"Vac Res","NEIGHBORHOOD":"103","NBHD_DISTRICT":"825","LAND_DISTRICT":8002,"ECONOMIC_UNIT":null,"GLA_WEIGHTED_YRBLT":null,"TOTAL_ABOVE_GRADE_AREA":null,"TOTAL_MEZZANINE":null,"TOTAL_BASEMENT":null,"TOTAL_BSMT_FINISH":null,"TOTAL_UNIT_COUNT":null,"TOTAL_IMP_COUNT":null,"ASMT_YEAR":2026,"ASMT_CODE":"V","ASMT_CODE_DESCR":"VACANT","MKT_LAND_VALUE":59400,"MKT_LAND_RES":0,"MKT_LAND_AGR":59400,"MKT_LAND_COM":0,"MKT_IMP_VALUE":0,"MKT_IMP_RES":0,"MKT_IMP_AGR":0,"MKT_IMP_COM":0,"MKT_CUR_VALUE":59400,"MKT_PRV_VAL":59400,"MKT_VAL_YR_CHG":0,"MKT_PCT_CHG":0,"TXBL_CUR_VALUE":3974,"TXBL_PRV_VAL":3974,"TXBL_VAL_YR_CHG":0,"TXBL_PCT_CHG":0,"TOT_CUR_TAXES":0,"TOT_PRV_TAXES":0,"TAXES_YR_CHG":0,"TAXES_PCT_CHG":0,"GREENBELT":"GB","EXEMPT_RES":"N","COMMON_AREA":null,"PUBLIC_ROAD":null,"PRIVATE_ROAD":null,"PART_CENTRAL_ASSD":null,"PART_TAXABLE":null,"IMP_NO_RES":null,"COST_GROUP_RES":null,"STYLE_DESCR_RES":null,"QUALITY_RES":null,"QUALITY_DESCR_RES":null,"CONDITION_RES":null,"CONDITION_DESCR_RES":null,"YEARBLT_RES":null,"GLA_RES":null,"BASEMENT_RES":null,"BSMT_FINISH_RES":null,"ATT_GARAGE_SQFT_RES":null,"BATHROOMS_RES":null,"GLA_BEDROOMS_RES":null,"EXTERIOR_RES":null,"ALLOCATION_PCT_RES":null,"IMP_NO_1":null,"USE_CODE_1":null,"USE_CODE_DESCR_1":null,"COST_CLASS_DESCR_1":null,"EXTERIOR_WALL_1":null,"ABOVE_GRADE_AREA_1":null,"MEZZANINE_1":null,"BASEMENT_1":null,"BSMT_FINISH_1":null,"BSMT_UNFINISH_1":null,"QUALITY_DESCR_1":null,"CONDITION_1":null,"CONDITION_DESCR_1":null,"YEAR_BUILT_1":null,"UNIT_COUNT_1":null,"PCT_COMPLETE_1":null,"ALLOCATION_PCT_1":null,"IMP_NO_2":null,"USE_CODE_2":null,"USE_CODE_DESCR_2":null,"COST_CLASS_DESCR_2":null,"EXTERIOR_WALL_2":null,"ABOVE_GRADE_AREA_2":null,"MEZZANINE_2":null,"BASEMENT_2":null,"BSMT_FINISH_2":null,"BSMT_UNFINISH_2":null,"QUALITY_DESCR_2":null,"CONDITION_2":null,"CONDITION_DESCR_2":null,"YEAR_BUILT_2":null,"UNIT_COUNT_2":null,"PCT_COMPLETE_2":null,"ALLOCATION_PCT_2":null,"TRAV_COUNT":1,"LASTUPDATE":null,"CREATED_DATE":1712330344000,"LAST_EDITED_DATE":1712330533000,"GLOBALID":"{3E1B9FC4-75B9-4DA7-BB64-F3E6837C02DD}","SHAPE_Length":0.0078561807935715825,"SHAPE_Area":3.4188082982347942e-06}},{"type":"Feature","id":149,"geometry":{"type":"Polygon","coordinates":[[[-111.90692847899999,40.325626744000033],[-111.90701006192316,40.325699183295484],[-111.90709536632933,40.3257672008165],[-111.90718415284663,40.325830605699778],[-111.90727617233208,40.325889220025488],[-111.90737116657066,40.325942879316521],[-111.90746886899996,40.32599143300007],[-111.90753402599995,40.325910596000028],[-111.90765787475134,40.325963079666963],[-111.90778431201689,40.326008978102607],[-111.90791298792924,40.326048164300374],[-111.9080435464264,40.326080529827266],[-111.90817562623707,40.326105985123924],[-111.90830886188026,40.326124459752421],[-111.90844288467666,40.326135902591204],[-111.90857732376881,40.326140281976549],[-111.90871180714731,40.326137585790143],[-111.90884596268022,40.326127821492676],[-111.90897941914277,40.326111016103148],[-111.90911180724463,40.326087216124129],[-111.90924276065172,40.326056487413076],[-111.90937191699999,40.326018915000077],[-111.90937211199997,40.326019269000028],[-111.90933179499996,40.325931007000065],[-111.90932887699995,40.325932354000031],[-111.90921052428622,40.3259688843699],[-111.90909036496525,40.32599894381687],[-111.9089687525536,40.326022443904101],[-111.9088460448429,40.326039315492785],[-111.90872260284726,40.326049508945616],[-111.90859878974108,40.326052994272793],[-111.90847496979059,40.326049761220247],[-111.90835150728216,40.326039819299844],[-111.90822876545056,40.326023197761351],[-111.90810710541024,40.325999945506418],[-111.907986885093,40.325970130944697],[-111.90786845819484,40.325933841792583],[-111.90775217313544,40.32589118481512],[-111.90763837203301,40.325842285511918],[-111.90752738969782,40.325787287747922],[-111.90741955264714,40.325726353330133],[-111.90731517814463,40.325659661531596],[-111.90721457326686,40.325587408563926],[-111.90711803399995,40.32550980700006],[-111.90692847899999,40.325626744000033]]]},"properties":{"OBJECTID":149,"PARCEL_NO":590020203,"PARCELID":"590020203","PARCELID_LABEL":"59:002:0203","OWNER_NAME":"CALVIN K JACOB FAMILY PARTNERSHIP","CARE_NAME":null,"ACREAGE":0.69552499999999995,"SITE_FULL_ADDRESS":null,"SITE_HOUSE_NUM":null,"SITE_PRE_DIR":null,"SITE_STREET_NAME":null,"SITE_STREET_TYPE":null,"SITE_POST_DIR":null,"SITE_STREET_UNIT":null,"SITE_CITY":null,"SITE_STATE":null,"SITE_ZIP5":"84045","OWN_FULL_ADDRESS":"914 E 300 N  OREM, UT 84097-5098","OWN_STREET_ADDRESS":"914 E 300 N","OWN_CITY":"OREM","OWN_STATE":"UT","OWN_ZIP5":"84097","VESTING_DOC":"133051-2008","PARCEL_CREATE_DATE":1731369600000,"MAP_FILING_NO":null,"SUB_NAME":null,"LEGAL_DESCR":"COM N 2.359 FT & W 320.627 FT FR E 1/4 COR. SEC. 2, T6S, R1W, SLB&M.; S 51 DEG 23' 25\" W 67.9 FT; ALONG A CURVE TO L (CHORD BEARS: N 75 DEG 43' 3\" W 635.51 FT, RADIUS = 526.74 FT); S 59 DEG 10' 50\" W .95 FT; N 19 DEG 0' 29\" W 34.07 FT; S 22 DEG 38' 57\" E .14 FT; ALONG A CURVE TO R (CHORD BEARS: S 85 DEG 20' 6\" E 514.08 FT, RADIUS = 560.68 FT); N 31 DEG 55' 56\" E 34.61 FT; ALONG A CURVE TO R (CHORD BEARS: S 48 DEG 20' 4\" E 200.93 FT, RADIUS = 594.15 FT) TO BEG. AREA 0.696 AC.","BOOK_PAGE":59002,"LOT":null,"BUILDING":null,"UNIT":null,"TAX_DISTRICT":"039","TAX_DISTRICT_DESCR":"SARATOGA SPRINGS","SCHOOL_DISTRICT":"ALPINE","TAXABLE_CODE":100,"ACCOUNT_TYPE":"RESIDENTIAL","PROP_TYPE":900,"PROP_TYPE_DESCR":"VACANT","SPECIFIC_PROP_TYPE":901,"SPC_PROP_TYP_DESCR":"Vac Res","NEIGHBORHOOD":"104","NBHD_DISTRICT":"160","LAND_DISTRICT":1614,"ECONOMIC_UNIT":null,"GLA_WEIGHTED_YRBLT":null,"TOTAL_ABOVE_GRADE_AREA":null,"TOTAL_MEZZANINE":null,"TOTAL_BASEMENT":null,"TOTAL_BSMT_FINISH":null,"TOTAL_UNIT_COUNT":null,"TOTAL_IMP_COUNT":null,"ASMT_YEAR":2026,"ASMT_CODE":"V","ASMT_CODE_DESCR":"VACANT","MKT_LAND_VALUE":60400,"MKT_LAND_RES":0,"MKT_LAND_AGR":60400,"MKT_LAND_COM":0,"MKT_IMP_VALUE":0,"MKT_IMP_RES":0,"MKT_IMP_AGR":0,"MKT_IMP_COM":0,"MKT_CUR_VALUE":60400,"MKT_PRV_VAL":60400,"MKT_VAL_YR_CHG":0,"MKT_PCT_CHG":0,"TXBL_CUR_VALUE":10,"TXBL_PRV_VAL":10,"TXBL_VAL_YR_CHG":0,"TXBL_PCT_CHG":0,"TOT_CUR_TAXES":0,"TOT_PRV_TAXES":0,"TAXES_YR_CHG":0,"TAXES_PCT_CHG":0,"GREENBELT":"GB","EXEMPT_RES":"N","COMMON_AREA":null,"PUBLIC_ROAD":null,"PRIVATE_ROAD":null,"PART_CENTRAL_ASSD":null,"PART_TAXABLE":null,"IMP_NO_RES":null,"COST_GROUP_RES":null,"STYLE_DESCR_RES":null,"QUALITY_RES":null,"QUALITY_DESCR_RES":null,"CONDITION_RES":null,"CONDITION_DESCR_RES":null,"YEARBLT_RES":null,"GLA_RES":null,"BASEMENT_RES":null,"BSMT_FINISH_RES":null,"ATT_GARAGE_SQFT_RES":null,"BATHROOMS_RES":null,"GLA_BEDROOMS_RES":null,"EXTERIOR_RES":null,"ALLOCATION_PCT_RES":null,"IMP_NO_1":null,"USE_CODE_1":null,"USE_CODE_DESCR_1":null,"COST_CLASS_DESCR_1":null,"EXTERIOR_WALL_1":null,"ABOVE_GRADE_AREA_1":null,"MEZZANINE_1":null,"BASEMENT_1":null,"BSMT_FINISH_1":null,"BSMT_UNFINISH_1":null,"QUALITY_DESCR_1":null,"CONDITION_1":null,"CONDITION_DESCR_1":null,"YEAR_BUILT_1":null,"UNIT_COUNT_1":null,"PCT_COMPLETE_1":null,"ALLOCATION_PCT_1":null,"IMP_NO_2":null,"USE_CODE_2":null,"USE_CODE_DESCR_2":null,"COST_CLASS_DESCR_2":null,"EXTERIOR_WALL_2":null,"ABOVE_GRADE_AREA_2":null,"MEZZANINE_2":null,"BASEMENT_2":null,"BSMT_FINISH_2":null,"BSMT_UNFINISH_2":null,"QUALITY_DESCR_2":null,"CONDITION_2":null,"CONDITION_DESCR_2":null,"YEAR_BUILT_2":null,"UNIT_COUNT_2":null,"PCT_COMPLETE_2":null,"ALLOCATION_PCT_2":null,"TRAV_COUNT":1,"LASTUPDATE":null,"CREATED_DATE":1731408113000,"LAST_EDITED_DATE":1731408113000,"GLOBALID":"{4BFEE59A-946C-4B8A-A914-BC6934042142}","SHAPE_Length":0.0053189222109664945,"SHAPE_Area":3.0055595070089294e-07}},{"type":"Feature","id":150,"geometry":{"type":"Polygon","coordinates":[[[-111.94508822699999,40.343777414000044],[-111.94984451099998,40.34380176500008],[-111.94985984999994,40.340148040000031],[-111.94510331899994,40.340122948000044],[-111.94508822699999,40.343777414000044]]]},"properties":{"OBJECTID":150,"PARCEL_NO":580410005,"PARCELID":"580410005","PARCELID_LABEL":"58:041:0005","OWNER_NAME":"CHURCH OF JESUS CHRIST OF LATTER-DAY SAINTS THE","CARE_NAME":"%WEIGHT, AARON","ACREAGE":40.540078999999999,"SITE_FULL_ADDRESS":null,"SITE_HOUSE_NUM":null,"SITE_PRE_DIR":null,"SITE_STREET_NAME":null,"SITE_STREET_TYPE":null,"SITE_POST_DIR":null,"SITE_STREET_UNIT":null,"SITE_CITY":null,"SITE_STATE":null,"SITE_ZIP5":"84005","OWN_FULL_ADDRESS":"%WEIGHT, AARON  51 S MAIN ST STE 301  SALT LAKE CITY, UT 84111","OWN_STREET_ADDRESS":"51 S MAIN ST STE 301","OWN_CITY":"SALT LAKE CITY","OWN_STATE":"UT","OWN_ZIP5":"84111","VESTING_DOC":"122108-2022","PARCEL_CREATE_DATE":347068800000,"MAP_FILING_NO":null,"SUB_NAME":null,"LEGAL_DESCR":"SE 1/4 OF NE 1/4 OF SEC. 33, T5S, R1W, SLB&M. AREA 40.540 AC.","BOOK_PAGE":58041,"LOT":null,"BUILDING":null,"UNIT":null,"TAX_DISTRICT":"039","TAX_DISTRICT_DESCR":"SARATOGA SPRINGS","SCHOOL_DISTRICT":"ALPINE","TAXABLE_CODE":978,"ACCOUNT_TYPE":"EXEMPT","PROP_TYPE":951,"PROP_TYPE_DESCR":"EXEMPT","SPECIFIC_PROP_TYPE":951,"SPC_PROP_TYP_DESCR":"Exempt","NEIGHBORHOOD":"104","NBHD_DISTRICT":"160","LAND_DISTRICT":1613,"ECONOMIC_UNIT":null,"GLA_WEIGHTED_YRBLT":null,"TOTAL_ABOVE_GRADE_AREA":null,"TOTAL_MEZZANINE":null,"TOTAL_BASEMENT":null,"TOTAL_BSMT_FINISH":null,"TOTAL_UNIT_COUNT":null,"TOTAL_IMP_COUNT":null,"ASMT_YEAR":2026,"ASMT_CODE":"UNK","ASMT_CODE_DESCR":"UNK","MKT_LAND_VALUE":0,"MKT_LAND_RES":0,"MKT_LAND_AGR":0,"MKT_LAND_COM":0,"MKT_IMP_VALUE":0,"MKT_IMP_RES":0,"MKT_IMP_AGR":0,"MKT_IMP_COM":0,"MKT_CUR_VALUE":0,"MKT_PRV_VAL":0,"MKT_VAL_YR_CHG":0,"MKT_PCT_CHG":0,"TXBL_CUR_VALUE":0,"TXBL_PRV_VAL":0,"TXBL_VAL_YR_CHG":0,"TXBL_PCT_CHG":0,"TOT_CUR_TAXES":0,"TOT_PRV_TAXES":0,"TAXES_YR_CHG":0,"TAXES_PCT_CHG":0,"GREENBELT":null,"EXEMPT_RES":"UNK","COMMON_AREA":null,"PUBLIC_ROAD":null,"PRIVATE_ROAD":null,"PART_CENTRAL_ASSD":null,"PART_TAXABLE":null,"IMP_NO_RES":null,"COST_GROUP_RES":null,"STYLE_DESCR_RES":null,"QUALITY_RES":null,"QUALITY_DESCR_RES":null,"CONDITION_RES":null,"CONDITION_DESCR_RES":null,"YEARBLT_RES":null,"GLA_RES":null,"BASEMENT_RES":null,"BSMT_FINISH_RES":null,"ATT_GARAGE_SQFT_RES":null,"BATHROOMS_RES":null,"GLA_BEDROOMS_RES":null,"EXTERIOR_RES":null,"ALLOCATION_PCT_RES":null,"IMP_NO_1":null,"USE_CODE_1":null,"USE_CODE_DESCR_1":null,"COST_CLASS_DESCR_1":null,"EXTERIOR_WALL_1":null,"ABOVE_GRADE_AREA_1":null,"MEZZANINE_1":null,"BASEMENT_1":null,"BSMT_FINISH_1":null,"BSMT_UNFINISH_1":null,"QUALITY_DESCR_1":null,"CONDITION_1":null,"CONDITION_DESCR_1":null,"YEAR_BUILT_1":null,"UNIT_COUNT_1":null,"PCT_COMPLETE_1":null,"ALLOCATION_PCT_1":null,"IMP_NO_2":null,"USE_CODE_2":null,"USE_CODE_DESCR_2":null,"COST_CLASS_DESCR_2":null,"EXTERIOR_WALL_2":null,"ABOVE_GRADE_AREA_2":null,"MEZZANINE_2":null,"BASEMENT_2":null,"BSMT_FINISH_2":null,"BSMT_UNFINISH_2":null,"QUALITY_DESCR_2":null,"CONDITION_2":null,"CONDITION_DESCR_2":null,"YEAR_BUILT_2":null,"UNIT_COUNT_2":null,"PCT_COMPLETE_2":null,"ALLOCATION_PCT_2":null,"TRAV_COUNT":1,"LASTUPDATE":null,"CREATED_DATE":1712330344000,"LAST_EDITED_DATE":1712330533000,"GLOBALID":"{C66F2DC6-7C57-4962-9517-6C892594B583}","SHAPE_Length":0.016821197879011259,"SHAPE_Area":1.7380743392005129e-05}},{"type":"Feature","id":151,"geometry":{"type":"Polygon","coordinates":[[[-111.95458660499997,40.34747782200003],[-111.96408814199998,40.347533188000057],[-111.96413437499996,40.343877307000071],[-111.95936820199995,40.343851189000077],[-111.94984592599997,40.343800724000062],[-111.94508964199997,40.343776373000026],[-111.94507455299998,40.347430835000068],[-111.95458660499997,40.34747782200003]]]},"properties":{"OBJECTID":151,"PARCEL_NO":580410187,"PARCELID":"580410187","PARCELID_LABEL":"58:041:0187","OWNER_NAME":"CORP OF PRESIDING BISHOP OF CHURCH OF JESUS CHRIST OF LDS","CARE_NAME":null,"ACREAGE":162.07426799999999,"SITE_FULL_ADDRESS":null,"SITE_HOUSE_NUM":null,"SITE_PRE_DIR":null,"SITE_STREET_NAME":null,"SITE_STREET_TYPE":null,"SITE_POST_DIR":null,"SITE_STREET_UNIT":null,"SITE_CITY":null,"SITE_STATE":null,"SITE_ZIP5":"84005","OWN_FULL_ADDRESS":"50 E NORTH TEMPLE # 22  SALT LAKE CITY, UT 84150","OWN_STREET_ADDRESS":"50 E NORTH TEMPLE # 22","OWN_CITY":"SALT LAKE CITY","OWN_STATE":"UT","OWN_ZIP5":"84150","VESTING_DOC":"16675-1982","PARCEL_CREATE_DATE":1298851200000,"MAP_FILING_NO":null,"SUB_NAME":null,"LEGAL_DESCR":"N 1/4 OF SEC. 33, T5S, R1W, SLB&M. AREA 162.074 AC.","BOOK_PAGE":58041,"LOT":null,"BUILDING":null,"UNIT":null,"TAX_DISTRICT":"039","TAX_DISTRICT_DESCR":"SARATOGA SPRINGS","SCHOOL_DISTRICT":"ALPINE","TAXABLE_CODE":978,"ACCOUNT_TYPE":"EXEMPT","PROP_TYPE":951,"PROP_TYPE_DESCR":"EXEMPT","SPECIFIC_PROP_TYPE":951,"SPC_PROP_TYP_DESCR":"Exempt","NEIGHBORHOOD":"1000","NBHD_DISTRICT":"8999","LAND_DISTRICT":8999,"ECONOMIC_UNIT":null,"GLA_WEIGHTED_YRBLT":null,"TOTAL_ABOVE_GRADE_AREA":null,"TOTAL_MEZZANINE":null,"TOTAL_BASEMENT":null,"TOTAL_BSMT_FINISH":null,"TOTAL_UNIT_COUNT":null,"TOTAL_IMP_COUNT":null,"ASMT_YEAR":2026,"ASMT_CODE":"UNK","ASMT_CODE_DESCR":"UNK","MKT_LAND_VALUE":0,"MKT_LAND_RES":0,"MKT_LAND_AGR":0,"MKT_LAND_COM":0,"MKT_IMP_VALUE":0,"MKT_IMP_RES":0,"MKT_IMP_AGR":0,"MKT_IMP_COM":0,"MKT_CUR_VALUE":0,"MKT_PRV_VAL":0,"MKT_VAL_YR_CHG":0,"MKT_PCT_CHG":0,"TXBL_CUR_VALUE":0,"TXBL_PRV_VAL":0,"TXBL_VAL_YR_CHG":0,"TXBL_PCT_CHG":0,"TOT_CUR_TAXES":0,"TOT_PRV_TAXES":0,"TAXES_YR_CHG":0,"TAXES_PCT_CHG":0,"GREENBELT":null,"EXEMPT_RES":"UNK","COMMON_AREA":null,"PUBLIC_ROAD":null,"PRIVATE_ROAD":null,"PART_CENTRAL_ASSD":null,"PART_TAXABLE":null,"IMP_NO_RES":null,"COST_GROUP_RES":null,"STYLE_DESCR_RES":null,"QUALITY_RES":null,"QUALITY_DESCR_RES":null,"CONDITION_RES":null,"CONDITION_DESCR_RES":null,"YEARBLT_RES":null,"GLA_RES":null,"BASEMENT_RES":null,"BSMT_FINISH_RES":null,"ATT_GARAGE_SQFT_RES":null,"BATHROOMS_RES":null,"GLA_BEDROOMS_RES":null,"EXTERIOR_RES":null,"ALLOCATION_PCT_RES":null,"IMP_NO_1":null,"USE_CODE_1":null,"USE_CODE_DESCR_1":null,"COST_CLASS_DESCR_1":null,"EXTERIOR_WALL_1":null,"ABOVE_GRADE_AREA_1":null,"MEZZANINE_1":null,"BASEMENT_1":null,"BSMT_FINISH_1":null,"BSMT_UNFINISH_1":null,"QUALITY_DESCR_1":null,"CONDITION_1":null,"CONDITION_DESCR_1":null,"YEAR_BUILT_1":null,"UNIT_COUNT_1":null,"PCT_COMPLETE_1":null,"ALLOCATION_PCT_1":null,"IMP_NO_2":null,"USE_CODE_2":null,"USE_CODE_DESCR_2":null,"COST_CLASS_DESCR_2":null,"EXTERIOR_WALL_2":null,"ABOVE_GRADE_AREA_2":null,"MEZZANINE_2":null,"BASEMENT_2":null,"BSMT_FINISH_2":null,"BSMT_UNFINISH_2":null,"QUALITY_DESCR_2":null,"CONDITION_2":null,"CONDITION_DESCR_2":null,"YEAR_BUILT_2":null,"UNIT_COUNT_2":null,"PCT_COMPLETE_2":null,"ALLOCATION_PCT_2":null,"TRAV_COUNT":1,"LASTUPDATE":null,"CREATED_DATE":1739349331000,"LAST_EDITED_DATE":1739349331000,"GLOBALID":"{1BA66F22-3466-4D9C-AE68-ED9E5A770F0E}","SHAPE_Length":0.045369533454111467,"SHAPE_Area":6.9530110851141465e-05}},{"type":"Feature","id":152,"geometry":{"type":"Polygon","coordinates":[[[-112.10213182199999,40.329811549000055],[-112.10213182199999,40.329811519000032],[-112.10214387899998,40.328780206000033],[-112.09965615999994,40.328762453000024],[-112.09962855999999,40.329803307000077],[-112.10213182199999,40.329811549000055]]]},"properties":{"OBJECTID":152,"PARCEL_NO":590370040,"PARCELID":"590370040","PARCELID_LABEL":"59:037:0040","OWNER_NAME":"COOK, LARRY ERNIL","CARE_NAME":null,"ACREAGE":6.0300000000000002,"SITE_FULL_ADDRESS":"110 N HIGHWAY 73, CEDAR FORT, UT","SITE_HOUSE_NUM":"110","SITE_PRE_DIR":"N","SITE_STREET_NAME":"HIGHWAY 73","SITE_STREET_TYPE":null,"SITE_POST_DIR":null,"SITE_STREET_UNIT":null,"SITE_CITY":"CEDAR FORT","SITE_STATE":"UT","SITE_ZIP5":"84013","OWN_FULL_ADDRESS":"PO BOX 345  CEDAR FORT, UT 84013-0345","OWN_STREET_ADDRESS":"PO BOX 345","OWN_CITY":"CEDAR FORT","OWN_STATE":"UT","OWN_ZIP5":"84013","VESTING_DOC":"111645-2009 (MORE)","PARCEL_CREATE_DATE":410140800000,"MAP_FILING_NO":null,"SUB_NAME":null,"LEGAL_DESCR":"COM S 1308.96 FT & W 280.61 FT FR NW COR SEC 5, T6S, R2W, SLM; S 89-22'07\"E 698.11 FT; S 1-32'48\"W 379.36 FT; N 89-04'51\"W 693.81 FT; N 53'54\"E 375.82 FT TO BEG.  AREA 6.03 ACRES.","BOOK_PAGE":59037,"LOT":null,"BUILDING":null,"UNIT":null,"TAX_DISTRICT":"050","TAX_DISTRICT_DESCR":"CEDAR FORT CITY","SCHOOL_DISTRICT":"ALPINE","TAXABLE_CODE":100,"ACCOUNT_TYPE":"RESIDENTIAL","PROP_TYPE":111,"PROP_TYPE_DESCR":"SINGLE FAMILY RES","SPECIFIC_PROP_TYPE":111,"SPC_PROP_TYP_DESCR":"Single Family Res","NEIGHBORHOOD":"103","NBHD_DISTRICT":"825","LAND_DISTRICT":8037,"ECONOMIC_UNIT":null,"GLA_WEIGHTED_YRBLT":1950,"TOTAL_ABOVE_GRADE_AREA":5152,"TOTAL_MEZZANINE":0,"TOTAL_BASEMENT":1256,"TOTAL_BSMT_FINISH":603,"TOTAL_UNIT_COUNT":1,"TOTAL_IMP_COUNT":4,"ASMT_YEAR":2026,"ASMT_CODE":"SR","ASMT_CODE_DESCR":"SECONDARY RESIDENTIAL","MKT_LAND_VALUE":335300,"MKT_LAND_RES":168800,"MKT_LAND_AGR":166500,"MKT_LAND_COM":0,"MKT_IMP_VALUE":220500,"MKT_IMP_RES":220500,"MKT_IMP_AGR":0,"MKT_IMP_COM":0,"MKT_CUR_VALUE":555800,"MKT_PRV_VAL":555800,"MKT_VAL_YR_CHG":0,"MKT_PCT_CHG":0,"TXBL_CUR_VALUE":306880,"TXBL_PRV_VAL":306880,"TXBL_VAL_YR_CHG":0,"TXBL_PCT_CHG":0,"TOT_CUR_TAXES":0,"TOT_PRV_TAXES":0,"TAXES_YR_CHG":0,"TAXES_PCT_CHG":0,"GREENBELT":"GB","EXEMPT_RES":"N","COMMON_AREA":null,"PUBLIC_ROAD":null,"PRIVATE_ROAD":null,"PART_CENTRAL_ASSD":null,"PART_TAXABLE":null,"IMP_NO_RES":237235,"COST_GROUP_RES":"SFR","STYLE_DESCR_RES":"One Story","QUALITY_RES":3,"QUALITY_DESCR_RES":"Average","CONDITION_RES":3,"CONDITION_DESCR_RES":"Average","YEARBLT_RES":1949,"GLA_RES":1256,"BASEMENT_RES":1256,"BSMT_FINISH_RES":603,"ATT_GARAGE_SQFT_RES":null,"BATHROOMS_RES":2,"GLA_BEDROOMS_RES":2,"EXTERIOR_RES":"Masonry Veneer","ALLOCATION_PCT_RES":null,"IMP_NO_1":237237,"USE_CODE_1":474,"USE_CODE_DESCR_1":"Poultry Cage (Enclosed)","COST_CLASS_DESCR_1":"C - Masonry or Concrete","EXTERIOR_WALL_1":"800 None","ABOVE_GRADE_AREA_1":1540,"MEZZANINE_1":0,"BASEMENT_1":0,"BSMT_FINISH_1":0,"BSMT_UNFINISH_1":0,"QUALITY_DESCR_1":"Average","CONDITION_1":3,"CONDITION_DESCR_1":"Average","YEAR_BUILT_1":1943,"UNIT_COUNT_1":null,"PCT_COMPLETE_1":1,"ALLOCATION_PCT_1":null,"IMP_NO_2":320202,"USE_CODE_2":476,"USE_CODE_DESCR_2":"Shed - Farm Implement (Equip Shop)","COST_CLASS_DESCR_2":"D - Wood/Steel Studs","EXTERIOR_WALL_2":null,"ABOVE_GRADE_AREA_2":1302,"MEZZANINE_2":0,"BASEMENT_2":0,"BSMT_FINISH_2":0,"BSMT_UNFINISH_2":0,"QUALITY_DESCR_2":"Average","CONDITION_2":2,"CONDITION_DESCR_2":"Fair","YEAR_BUILT_2":1943,"UNIT_COUNT_2":null,"PCT_COMPLETE_2":1,"ALLOCATION_PCT_2":null,"TRAV_COUNT":1,"LASTUPDATE":null,"CREATED_DATE":1712330344000,"LAST_EDITED_DATE":1712330533000,"GLOBALID":"{BAA1486E-6B66-44B6-A49D-4E77C9AD97CF}","SHAPE_Length":0.0070636912549637467,"SHAPE_Area":2.5858315040061128e-06}},{"type":"Feature","id":153,"geometry":{"type":"Polygon","coordinates":[[[-111.95463281299999,40.398863800000072],[-111.95469485499996,40.402031880000038],[-111.95595745799994,40.402051270000072],[-111.95589984099996,40.399112511000055],[-111.95462951399998,40.39868003600003],[-111.95463281299999,40.398863800000072]]]},"properties":{"OBJECTID":153,"PARCEL_NO":580220180,"PARCELID":"580220180","PARCELID_LABEL":"58:022:0180","OWNER_NAME":"SARATOGA SPRINGS CITY","CARE_NAME":null,"ACREAGE":9.2470169999999996,"SITE_FULL_ADDRESS":null,"SITE_HOUSE_NUM":null,"SITE_PRE_DIR":null,"SITE_STREET_NAME":null,"SITE_STREET_TYPE":null,"SITE_POST_DIR":null,"SITE_STREET_UNIT":null,"SITE_CITY":null,"SITE_STATE":null,"SITE_ZIP5":"84005","OWN_FULL_ADDRESS":"1307 COMMERCE DR STE 200  SARATOGA SPRINGS, UT 84045","OWN_STREET_ADDRESS":"1307 COMMERCE DR STE 200","OWN_CITY":"SARATOGA SPRINGS","OWN_STATE":"UT","OWN_ZIP5":"84045","VESTING_DOC":"142601-2021","PARCEL_CREATE_DATE":1640908800000,"MAP_FILING_NO":null,"SUB_NAME":null,"LEGAL_DESCR":"COM AT NE 1/16 COR. OF SE 1/4 OF NW 1/4 SEC. 8, T5S, R1W, SLB&M.; S 0 DEG 34' 0\" E 1154.58 FT; S 0 DEG 29' 43\" E 66.97 FT; N 65 DEG 42' 18\" W 387.41 FT; N 0 DEG 34' 0\" W 1071.01 FT; S 88 DEG 33' 27\" E 351.81 FT TO BEG. AREA 9.247 AC.","BOOK_PAGE":58022,"LOT":null,"BUILDING":null,"UNIT":null,"TAX_DISTRICT":"039","TAX_DISTRICT_DESCR":"SARATOGA SPRINGS","SCHOOL_DISTRICT":"ALPINE","TAXABLE_CODE":947,"ACCOUNT_TYPE":"EXEMPT","PROP_TYPE":951,"PROP_TYPE_DESCR":"EXEMPT","SPECIFIC_PROP_TYPE":951,"SPC_PROP_TYP_DESCR":"Exempt","NEIGHBORHOOD":"1000","NBHD_DISTRICT":"8999","LAND_DISTRICT":8999,"ECONOMIC_UNIT":null,"GLA_WEIGHTED_YRBLT":null,"TOTAL_ABOVE_GRADE_AREA":null,"TOTAL_MEZZANINE":null,"TOTAL_BASEMENT":null,"TOTAL_BSMT_FINISH":null,"TOTAL_UNIT_COUNT":null,"TOTAL_IMP_COUNT":null,"ASMT_YEAR":2026,"ASMT_CODE":"UNK","ASMT_CODE_DESCR":"UNK","MKT_LAND_VALUE":0,"MKT_LAND_RES":0,"MKT_LAND_AGR":0,"MKT_LAND_COM":0,"MKT_IMP_VALUE":0,"MKT_IMP_RES":0,"MKT_IMP_AGR":0,"MKT_IMP_COM":0,"MKT_CUR_VALUE":0,"MKT_PRV_VAL":0,"MKT_VAL_YR_CHG":0,"MKT_PCT_CHG":0,"TXBL_CUR_VALUE":0,"TXBL_PRV_VAL":0,"TXBL_VAL_YR_CHG":0,"TXBL_PCT_CHG":0,"TOT_CUR_TAXES":0,"TOT_PRV_TAXES":0,"TAXES_YR_CHG":0,"TAXES_PCT_CHG":0,"GREENBELT":null,"EXEMPT_RES":"UNK","COMMON_AREA":null,"PUBLIC_ROAD":null,"PRIVATE_ROAD":null,"PART_CENTRAL_ASSD":null,"PART_TAXABLE":null,"IMP_NO_RES":null,"COST_GROUP_RES":null,"STYLE_DESCR_RES":null,"QUALITY_RES":null,"QUALITY_DESCR_RES":null,"CONDITION_RES":null,"CONDITION_DESCR_RES":null,"YEARBLT_RES":null,"GLA_RES":null,"BASEMENT_RES":null,"BSMT_FINISH_RES":null,"ATT_GARAGE_SQFT_RES":null,"BATHROOMS_RES":null,"GLA_BEDROOMS_RES":null,"EXTERIOR_RES":null,"ALLOCATION_PCT_RES":null,"IMP_NO_1":null,"USE_CODE_1":null,"USE_CODE_DESCR_1":null,"COST_CLASS_DESCR_1":null,"EXTERIOR_WALL_1":null,"ABOVE_GRADE_AREA_1":null,"MEZZANINE_1":null,"BASEMENT_1":null,"BSMT_FINISH_1":null,"BSMT_UNFINISH_1":null,"QUALITY_DESCR_1":null,"CONDITION_1":null,"CONDITION_DESCR_1":null,"YEAR_BUILT_1":null,"UNIT_COUNT_1":null,"PCT_COMPLETE_1":null,"ALLOCATION_PCT_1":null,"IMP_NO_2":null,"USE_CODE_2":null,"USE_CODE_DESCR_2":null,"COST_CLASS_DESCR_2":null,"EXTERIOR_WALL_2":null,"ABOVE_GRADE_AREA_2":null,"MEZZANINE_2":null,"BASEMENT_2":null,"BSMT_FINISH_2":null,"BSMT_UNFINISH_2":null,"QUALITY_DESCR_2":null,"CONDITION_2":null,"CONDITION_DESCR_2":null,"YEAR_BUILT_2":null,"UNIT_COUNT_2":null,"PCT_COMPLETE_2":null,"ALLOCATION_PCT_2":null,"TRAV_COUNT":1,"LASTUPDATE":null,"CREATED_DATE":1712330344000,"LAST_EDITED_DATE":1712330533000,"GLOBALID":"{4477BAB8-D1E1-41A8-B0A9-2BCD05449953}","SHAPE_Length":0.0088964826630640835,"SHAPE_Area":3.9699989550658177e-06}},{"type":"Feature","id":154,"geometry":{"type":"Polygon","coordinates":[[[-111.95595755099998,40.40205125600005],[-111.95755549899997,40.40207577700005],[-111.95760292299997,40.400268702000062],[-111.9576082534587,40.400202306507595],[-111.95761937831927,40.400136632976483],[-111.95763621208783,40.400072186103429],[-111.95765862539803,40.400009461158341],[-111.95768644600507,40.39994894017822],[-111.95771946010943,40.399891088262756],[-111.95775741399996,40.399836350000044],[-111.95811638299995,40.39934947100005],[-111.95793166099998,40.399312117000079],[-111.95763150199997,40.399474936000047],[-111.95706484799996,40.399509005000027],[-111.95589993399994,40.399112434000074],[-111.95595755099998,40.40205125600005]]]},"properties":{"OBJECTID":154,"PARCEL_NO":580220225,"PARCELID":"580220225","PARCELID_LABEL":"58:022:0225","OWNER_NAME":"SARATOGA SPRINGS","CARE_NAME":null,"ACREAGE":10.793396999999999,"SITE_FULL_ADDRESS":null,"SITE_HOUSE_NUM":null,"SITE_PRE_DIR":null,"SITE_STREET_NAME":null,"SITE_STREET_TYPE":null,"SITE_POST_DIR":null,"SITE_STREET_UNIT":null,"SITE_CITY":null,"SITE_STATE":null,"SITE_ZIP5":"84005","OWN_FULL_ADDRESS":"1307 COMMERCE DR STE 200  SARATOGA SPRINGS, UT 84045","OWN_STREET_ADDRESS":"1307 COMMERCE DR STE 200","OWN_CITY":"SARATOGA SPRINGS","OWN_STATE":"UT","OWN_ZIP5":"84045","VESTING_DOC":"65238-2023","PARCEL_CREATE_DATE":1696464000000,"MAP_FILING_NO":null,"SUB_NAME":null,"LEGAL_DESCR":"COM S 89 DEG 17' 59\" E 1637.33 FT & N 307.87 FT FR W 1/4 COR. SEC. 9, T5S, R1W, SLB&M.; N 29 DEG 42' 8\" E 203.66 FT; ALONG A CURVE TO L (CHORD BEARS: N 15 DEG 34' 21\" E 163.32 FT, RADIUS = 334.5 FT); N 1 DEG 26' 33\" E 658.62 FT; S 88 DEG 33' 27\" E 445.24 FT; S 0 DEG 34' 0\" E 1071.01 FT; N 65 DEG 42' 18\" W 355.25 FT; S 85 DEG 47' 47\" W 158.35 FT; S 54 DEG 56' 13\" W 102.53 FT; N 74 DEG 53' 27\" W 53.23 FT TO BEG. AREA 10.793 AC.","BOOK_PAGE":58022,"LOT":null,"BUILDING":null,"UNIT":null,"TAX_DISTRICT":"039","TAX_DISTRICT_DESCR":"SARATOGA SPRINGS","SCHOOL_DISTRICT":"ALPINE","TAXABLE_CODE":947,"ACCOUNT_TYPE":"EXEMPT","PROP_TYPE":951,"PROP_TYPE_DESCR":"EXEMPT","SPECIFIC_PROP_TYPE":951,"SPC_PROP_TYP_DESCR":"Exempt","NEIGHBORHOOD":"1000","NBHD_DISTRICT":"8999","LAND_DISTRICT":8999,"ECONOMIC_UNIT":null,"GLA_WEIGHTED_YRBLT":null,"TOTAL_ABOVE_GRADE_AREA":null,"TOTAL_MEZZANINE":null,"TOTAL_BASEMENT":null,"TOTAL_BSMT_FINISH":null,"TOTAL_UNIT_COUNT":null,"TOTAL_IMP_COUNT":null,"ASMT_YEAR":2026,"ASMT_CODE":"UNK","ASMT_CODE_DESCR":"UNK","MKT_LAND_VALUE":0,"MKT_LAND_RES":0,"MKT_LAND_AGR":0,"MKT_LAND_COM":0,"MKT_IMP_VALUE":0,"MKT_IMP_RES":0,"MKT_IMP_AGR":0,"MKT_IMP_COM":0,"MKT_CUR_VALUE":0,"MKT_PRV_VAL":0,"MKT_VAL_YR_CHG":0,"MKT_PCT_CHG":0,"TXBL_CUR_VALUE":0,"TXBL_PRV_VAL":0,"TXBL_VAL_YR_CHG":0,"TXBL_PCT_CHG":0,"TOT_CUR_TAXES":0,"TOT_PRV_TAXES":0,"TAXES_YR_CHG":0,"TAXES_PCT_CHG":0,"GREENBELT":null,"EXEMPT_RES":"UNK","COMMON_AREA":null,"PUBLIC_ROAD":null,"PRIVATE_ROAD":null,"PART_CENTRAL_ASSD":null,"PART_TAXABLE":null,"IMP_NO_RES":null,"COST_GROUP_RES":null,"STYLE_DESCR_RES":null,"QUALITY_RES":null,"QUALITY_DESCR_RES":null,"CONDITION_RES":null,"CONDITION_DESCR_RES":null,"YEARBLT_RES":null,"GLA_RES":null,"BASEMENT_RES":null,"BSMT_FINISH_RES":null,"ATT_GARAGE_SQFT_RES":null,"BATHROOMS_RES":null,"GLA_BEDROOMS_RES":null,"EXTERIOR_RES":null,"ALLOCATION_PCT_RES":null,"IMP_NO_1":null,"USE_CODE_1":null,"USE_CODE_DESCR_1":null,"COST_CLASS_DESCR_1":null,"EXTERIOR_WALL_1":null,"ABOVE_GRADE_AREA_1":null,"MEZZANINE_1":null,"BASEMENT_1":null,"BSMT_FINISH_1":null,"BSMT_UNFINISH_1":null,"QUALITY_DESCR_1":null,"CONDITION_1":null,"CONDITION_DESCR_1":null,"YEAR_BUILT_1":null,"UNIT_COUNT_1":null,"PCT_COMPLETE_1":null,"ALLOCATION_PCT_1":null,"IMP_NO_2":null,"USE_CODE_2":null,"USE_CODE_DESCR_2":null,"COST_CLASS_DESCR_2":null,"EXTERIOR_WALL_2":null,"ABOVE_GRADE_AREA_2":null,"MEZZANINE_2":null,"BASEMENT_2":null,"BSMT_FINISH_2":null,"BSMT_UNFINISH_2":null,"QUALITY_DESCR_2":null,"CONDITION_2":null,"CONDITION_DESCR_2":null,"YEAR_BUILT_2":null,"UNIT_COUNT_2":null,"PCT_COMPLETE_2":null,"ALLOCATION_PCT_2":null,"TRAV_COUNT":1,"LASTUPDATE":null,"CREATED_DATE":1712330344000,"LAST_EDITED_DATE":1712330533000,"GLOBALID":"{366955B8-AE68-435E-B2F6-BB11F9919625}","SHAPE_Length":0.0097447180450544475,"SHAPE_Area":4.6340555640086096e-06}},{"type":"Feature","id":155,"geometry":{"type":"Polygon","coordinates":[[[-111.90419280299994,40.360218004000046],[-111.90419271799999,40.360218020000048],[-111.90305049399996,40.360168615000077],[-111.89971145799996,40.360023892000072],[-111.89963622508382,40.360086607616985],[-111.89956439176962,40.360153190011374],[-111.89949615655624,40.360223455194294],[-111.89943170799995,40.360297209000066],[-111.89942307799998,40.360307679000073],[-111.89921349999997,40.360593420000043],[-111.89905918099998,40.360836535000033],[-111.89960426999994,40.36137457600006],[-111.89989547199997,40.361739818000046],[-111.90042802799996,40.361764172000051],[-111.90088386899998,40.361937791000059],[-111.90208117899999,40.361786853000069],[-111.90294354299999,40.361712444000034],[-111.90424153899994,40.362046225000029],[-111.90446030799995,40.362569271000041],[-111.90431006499995,40.363128288000041],[-111.90383954499998,40.36361899700006],[-111.90394103499995,40.364342719000035],[-111.90392428899997,40.364968951000037],[-111.90399514199999,40.365235177000045],[-111.90423114799995,40.365588196000033],[-111.90415267799995,40.36578636400003],[-111.90418489399997,40.366128022000055],[-111.90440686199997,40.366437228000052],[-111.90463723799996,40.366519016000041],[-111.90530621699997,40.366936831000032],[-111.90557192299997,40.367249740000034],[-111.90657540399997,40.368205491000026],[-111.90678207599996,40.368893736000075],[-111.90655892999996,40.369359453000072],[-111.90617243699995,40.36968237800005],[-111.90605003799999,40.370085069000027],[-111.90689701599996,40.370451252000066],[-111.90782656099998,40.370996577000028],[-111.90829172699995,40.371412961000033],[-111.90835044499994,40.371804890000078],[-111.90823610299998,40.372102897000048],[-111.90841575027996,40.372115181573029],[-111.90859487708747,40.372133556631397],[-111.90877327699997,40.372158001000059],[-111.91068230199994,40.372482348000062],[-111.91089851699996,40.372511855000027],[-111.91102286099999,40.372437139000056],[-111.91102739159435,40.372346792687473],[-111.91102835699996,40.372256338000057],[-111.91102592299995,40.371851228000025],[-111.91106536899997,40.371576666000067],[-111.91105298099995,40.369514916000071],[-111.91104772393612,40.369477027216902],[-111.91103602587987,40.369440608099808],[-111.91101823577739,40.369406745009819],[-111.91099488429707,40.369376448063157],[-111.91096666799996,40.369350621000081],[-111.91094792111906,40.369333688967551],[-111.91093112299995,40.369314822000035],[-111.91091419590441,40.369299331333117],[-111.91089507920162,40.369286641218871],[-111.91087423175708,40.369277056262916],[-111.91085215397987,40.369270806536605],[-111.9108293758113,40.369268042054486],[-111.91080644400438,40.369268829173464],[-111.91078390899997,40.369273149000037],[-111.91075671017636,40.369275815246532],[-111.91072989799994,40.369281106000074],[-111.91071719299998,40.369281799000078],[-111.91070295799994,40.369089182000039],[-111.91076427499996,40.369088966000049],[-111.91081064342697,40.36908658415819],[-111.91085638699258,40.369078632403671],[-111.9109008390906,40.369065226614836],[-111.91094335193505,40.369046562149897],[-111.91098330599999,40.369022911000059],[-111.91100606524247,40.369008210955691],[-111.91103010999996,40.368995724000058],[-111.91104979699998,40.368984289000025],[-111.91102374599996,40.364648130000035],[-111.90801752099998,40.364658658000053],[-111.90592299699995,40.364665948000038],[-111.90607385599998,40.363918998000031],[-111.90563065399999,40.363866623000035],[-111.90566153499998,40.363714017000063],[-111.90610473599997,40.363766393000049],[-111.90632435499998,40.362678960000039],[-111.90666014999999,40.362293951000026],[-111.90683665738968,40.362363337462014],[-111.9070153732505,40.362426819591875],[-111.90719610013939,40.362484327255324],[-111.90737863839149,40.362535796918614],[-111.90756278634082,40.362581171718695],[-111.90774834054297,40.362620401526044],[-111.90793509599996,40.362653443000056],[-111.90794818011081,40.362655352712416],[-111.9079607355273,40.362659500299053],[-111.9079723825443,40.362665760327239],[-111.90798276892882,40.362673943479116],[-111.90799158057233,40.362683802277047],[-111.90799855099014,40.362695038567956],[-111.90800346938056,40.362707312540159],[-111.90800618699996,40.362720253000077],[-111.90801758499998,40.364658379000048],[-111.91102380999996,40.36464785000004],[-111.91101020599996,40.362383430000079],[-111.91099018121582,40.36234995925944],[-111.910966541611,40.362318935856287],[-111.91093958330774,40.362290748406188],[-111.91090964399996,40.362265750000063],[-111.91085229818242,40.362228772627994],[-111.91079167826652,40.362197450197854],[-111.910728340186,40.36217206996168],[-111.91066286480232,40.362152864676808],[-111.91059585257783,40.362140010471251],[-111.91052791806885,40.362133625228488],[-111.9104596842899,40.362133767506357],[-111.91039177699997,40.362140436000061],[-111.91029017571478,40.362151915273834],[-111.91018819189702,40.362159256649235],[-111.91008599399999,40.362162448000049],[-111.90997188699998,40.362163832000078],[-111.90846914199994,40.362027260000048],[-111.90829916693812,40.362009452993902],[-111.90812998876554,40.361985217544031],[-111.90796185051678,40.361954588466112],[-111.90779499373254,40.36191760976066],[-111.90762965811255,40.361874334549796],[-111.90746608117138,40.361824825000959],[-111.9073044978971,40.361769152237578],[-111.90714514041377,40.361707396236923],[-111.90698823764799,40.361639645715186],[-111.90683401499996,40.36156599800006],[-111.90419280299994,40.360218004000046]]]},"properties":{"OBJECTID":155,"PARCEL_NO":580350139,"PARCELID":"580350139","PARCELID_LABEL":"58:035:0139","OWNER_NAME":"SUBURBAN LAND RESERVE INC","CARE_NAME":"%TAX ADMINISTRATION","ACREAGE":146.553281,"SITE_FULL_ADDRESS":"SARATOGA SPRINGS, UT","SITE_HOUSE_NUM":" ","SITE_PRE_DIR":null,"SITE_STREET_NAME":null,"SITE_STREET_TYPE":null,"SITE_POST_DIR":null,"SITE_STREET_UNIT":null,"SITE_CITY":"SARATOGA SPRINGS","SITE_STATE":"UT","SITE_ZIP5":"84045","OWN_FULL_ADDRESS":"%TAX ADMINISTRATION  PO BOX 511196  SALT LAKE CITY, UT 84151-1196","OWN_STREET_ADDRESS":"PO BOX 511196","OWN_CITY":"SALT LAKE CITY","OWN_STATE":"UT","OWN_ZIP5":"84151","VESTING_DOC":"26825-2014","PARCEL_CREATE_DATE":1655769600000,"MAP_FILING_NO":null,"SUB_NAME":null,"LEGAL_DESCR":"COM N 1961.11 FT & E 738.08 FT FR E 1/4 COR. SEC. 26, T5S, R1W, SLB&M.; N 56 DEG 1' 47\" W 885.04 FT; ALONG A CURVE TO L (CHORD BEARS: N 69 DEG 29' 46\" W 485.78 FT, RADIUS = 1043 FT); N 82 DEG 57' 45\" W 421.82 FT; S 89 DEG 21' 17\" W 31.81 FT; ALONG A CURVE TO L (CHORD BEARS: S 84 DEG 53' 12\" W 85.61 FT, RADIUS = 549.5 FT); ALONG A CURVE TO R (CHORD BEARS: N 72 DEG 10' 58\" W 151.4 FT, RADIUS = 164.5 FT); ALONG A CURVE TO R (CHORD BEARS: N 32 DEG 54' 31\" W 51.23 FT, RADIUS = 124.5 FT); N 825.14 FT; E 837.93 FT; S 0 DEG 0' 13\" W 706.24 FT; ALONG A CURVE TO L (CHORD BEARS: S 38 DEG 52' 56\" E 31.39 FT, RADIUS = 25 FT); ALONG A CURVE TO R (CHORD BEARS: S 69 DEG 30' 17\" E 378.75 FT, RADIUS = 1317.67 FT); N 33 DEG 58' 13\" E 168.65 FT; N 9 DEG 2' 32\" E 400.95 FT; S 80 DEG 57' 28\" E 125 FT; N 9 DEG 3' 32\" E 56.27 FT; N 80 DEG 57' 28\" W 125 FT; N 9 DEG 2' 32\" E 275.41 FT; W 583.81 FT; W 837.93 FT; N 1580.07 FT; ALONG A CURVE TO R (CHORD BEARS: N 53 DEG 2' 57\" E 6.89 FT, RADIUS = 36.99 FT); ALONG A CURVE TO L (CHORD BEARS: N 53 DEG 2' 57\" E 16.38 FT, RADIUS = 78.32 FT); ALONG A CURVE TO R (CHORD BEARS: N 68 DEG 44' 40\" E 65.62 FT, RADIUS = 90.5 FT); E 17.09 FT; N 2 DEG 58' 20\" W 70.3 FT; S 86 DEG 10' 59\" W 3.55 FT; ALONG A CURVE TO R (CHORD BEARS: S 79 DEG 21' 38\" W 15.33 FT, RADIUS = 61.48 FT); ALONG A CURVE TO R (CHORD BEARS: N 69 DEG 25' 38\" W 43.75 FT, RADIUS = 35.49 FT); ALONG A CURVE TO L (CHORD BEARS: N 36 DEG 57' 3\" W 16.38 FT, RADIUS = 78.32 FT); ALONG A CURVE TO R (CHORD BEARS: N 21 DEG 37' 41\" W 64.52 FT, RADIUS = 90.53 FT); N 751.29 FT; N 6 DEG 32' 2\" E 100.65 FT; N 147.62 FT; ALONG A CURVE TO R (CHORD BEARS: N 1 DEG 35' 43\" E 65.9 FT, RADIUS = 1092.23 FT); N 52 DEG 6' 31\" E 44.07 FT; S 79 DEG 37' 12\" E 61.21 FT; S 77 DEG 12' 47\" E 545.01 FT; ALONG A CURVE TO L (CHORD BEARS: S 82 DEG 5' 57\" E 151.05 FT, RADIUS = 1143.69 FT); S 16 DEG 36' 59\" W 113.17 FT; S 6 DEG 16' 31\" E 143.75 FT; S 40 DEG 15' 3\" E 199.57 FT; S 52 DEG 15' 0\" E 326.5 FT; S 60 DEG 15' 43\" E 271.16 FT; S 13 DEG 20' 52\" W 150.65 FT; S 42 DEG 43' 56\" W 159.53 FT; S 20 DEG 23' 15\" W 180.74 FT; S 12 DEG 40' 30\" E 257.32 FT; S 38 DEG 30' 26\" E 446.67 FT; S 32 DEG 44' 39\" E 135.96 FT; S 50 DEG 30' 29\" E 240.72 FT; S 64 DEG 50' 35\" E 70.79 FT; S 28 DEG 30' 43\" E 128.54 FT; S 3 DEG 51' 59\" E 124.82 FT; S 17 DEG 6' 35\" W 75.45 FT; S 26 DEG 49' 30\" E 144.48 FT; S 11 DEG 14' 52\" E 99 FT; S 1 DEG 25' 50\" W 228.24 FT; S 5 DEG 51' 50\" E 265.23 FT; S 36 DEG 31' 3\" W 221.75 FT; S 11 DEG 52' 35\" W 207.96 FT; S 17 DEG 28' 58\" E 200.11 FT; S 71 DEG 9' 38\" E 381.7 FT; N 83 DEG 49' 20\" E 241.9 FT; N 80 DEG 53' 56\" E 338.24 FT; S 63 DEG 16' 27\" E 141.94 FT; S 86 DEG 19' 21\" E 148.71 FT; S 31 DEG 7' 21\" E 155.89 FT; S 37 DEG 31' 9\" E 248.04 FT; S 26 DEG 9' 20\" W 98.48 FT; S 29 DEG 33' 4\" W 119.39 FT; S 32 DEG 29' 16\" W 4.51 FT; ALONG A CURVE TO R (CHORD BEARS: S 38 DEG 18' 58\" W 126.49 FT, RADIUS = 615 FT); N 86 DEG 30' 0\" W 932.24 FT; N 86 DEG 30' 19\" W 318.9 FT TO BEG. AREA 146.553 AC.","BOOK_PAGE":58035,"LOT":null,"BUILDING":null,"UNIT":null,"TAX_DISTRICT":"039","TAX_DISTRICT_DESCR":"SARATOGA SPRINGS","SCHOOL_DISTRICT":"ALPINE","TAXABLE_CODE":100,"ACCOUNT_TYPE":"RESIDENTIAL","PROP_TYPE":130,"PROP_TYPE_DESCR":"MULTIPLE RES","SPECIFIC_PROP_TYPE":130,"SPC_PROP_TYP_DESCR":"Multiple Res","NEIGHBORHOOD":"104","NBHD_DISTRICT":"160","LAND_DISTRICT":1613,"ECONOMIC_UNIT":null,"GLA_WEIGHTED_YRBLT":null,"TOTAL_ABOVE_GRADE_AREA":null,"TOTAL_MEZZANINE":null,"TOTAL_BASEMENT":null,"TOTAL_BSMT_FINISH":null,"TOTAL_UNIT_COUNT":null,"TOTAL_IMP_COUNT":null,"ASMT_YEAR":2026,"ASMT_CODE":"RPO","ASMT_CODE_DESCR":"RP PLUS ACREAGE","MKT_LAND_VALUE":23048300,"MKT_LAND_RES":463300,"MKT_LAND_AGR":22585000,"MKT_LAND_COM":0,"MKT_IMP_VALUE":77300,"MKT_IMP_RES":77300,"MKT_IMP_AGR":0,"MKT_IMP_COM":0,"MKT_CUR_VALUE":23125600,"MKT_PRV_VAL":23125600,"MKT_VAL_YR_CHG":0,"MKT_PCT_CHG":0,"TXBL_CUR_VALUE":22882330,"TXBL_PRV_VAL":22882330,"TXBL_VAL_YR_CHG":0,"TXBL_PCT_CHG":0,"TOT_CUR_TAXES":0,"TOT_PRV_TAXES":0,"TAXES_YR_CHG":0,"TAXES_PCT_CHG":0,"GREENBELT":null,"EXEMPT_RES":"Y","COMMON_AREA":null,"PUBLIC_ROAD":null,"PRIVATE_ROAD":null,"PART_CENTRAL_ASSD":null,"PART_TAXABLE":null,"IMP_NO_RES":null,"COST_GROUP_RES":null,"STYLE_DESCR_RES":null,"QUALITY_RES":null,"QUALITY_DESCR_RES":null,"CONDITION_RES":null,"CONDITION_DESCR_RES":null,"YEARBLT_RES":null,"GLA_RES":null,"BASEMENT_RES":null,"BSMT_FINISH_RES":null,"ATT_GARAGE_SQFT_RES":null,"BATHROOMS_RES":null,"GLA_BEDROOMS_RES":null,"EXTERIOR_RES":null,"ALLOCATION_PCT_RES":null,"IMP_NO_1":null,"USE_CODE_1":null,"USE_CODE_DESCR_1":null,"COST_CLASS_DESCR_1":null,"EXTERIOR_WALL_1":null,"ABOVE_GRADE_AREA_1":null,"MEZZANINE_1":null,"BASEMENT_1":null,"BSMT_FINISH_1":null,"BSMT_UNFINISH_1":null,"QUALITY_DESCR_1":null,"CONDITION_1":null,"CONDITION_DESCR_1":null,"YEAR_BUILT_1":null,"UNIT_COUNT_1":null,"PCT_COMPLETE_1":null,"ALLOCATION_PCT_1":null,"IMP_NO_2":null,"USE_CODE_2":null,"USE_CODE_DESCR_2":null,"COST_CLASS_DESCR_2":null,"EXTERIOR_WALL_2":null,"ABOVE_GRADE_AREA_2":null,"MEZZANINE_2":null,"BASEMENT_2":null,"BSMT_FINISH_2":null,"BSMT_UNFINISH_2":null,"QUALITY_DESCR_2":null,"CONDITION_2":null,"CONDITION_DESCR_2":null,"YEAR_BUILT_2":null,"UNIT_COUNT_2":null,"PCT_COMPLETE_2":null,"ALLOCATION_PCT_2":null,"TRAV_COUNT":1,"LASTUPDATE":null,"CREATED_DATE":1712330344000,"LAST_EDITED_DATE":1712330533000,"GLOBALID":"{4271C20B-2A87-4931-AFC8-220EC183DFDC}","SHAPE_Length":0.059964598252054593,"SHAPE_Area":6.2891174950283323e-05}},{"type":"Feature","id":156,"geometry":{"type":"Polygon","coordinates":[[[-111.91454176499997,40.369116831000042],[-111.91454329699997,40.369367049000061],[-111.91610781099996,40.369366256000035],[-111.91610759099996,40.369292599000062],[-111.91592396699997,40.36929387400005],[-111.91580918530107,40.369291762252999],[-111.91569467597814,40.369283582226274],[-111.91558075962401,40.369269356821569],[-111.91546775517141,40.369249125865892],[-111.91535597899997,40.369222946000036],[-111.91526590999996,40.369199136000077],[-111.91513759481742,40.369169032964216],[-111.91500788276679,40.369145671398357],[-111.91487712778189,40.369129115047144],[-111.91474568664235,40.369119409086437],[-111.91461391799999,40.369116580000025],[-111.91454176499997,40.369116831000042]]]},"properties":{"OBJECTID":156,"PARCEL_NO":580350150,"PARCELID":"580350150","PARCELID_LABEL":"58:035:0150","OWNER_NAME":"CLAYTON PROPERTIES GROUP INC (ET AL)","CARE_NAME":null,"ACREAGE":0.57123599999999997,"SITE_FULL_ADDRESS":null,"SITE_HOUSE_NUM":null,"SITE_PRE_DIR":null,"SITE_STREET_NAME":null,"SITE_STREET_TYPE":null,"SITE_POST_DIR":null,"SITE_STREET_UNIT":null,"SITE_CITY":null,"SITE_STATE":null,"SITE_ZIP5":"84045","OWN_FULL_ADDRESS":"206 E WINCHESTER ST  MURRAY, UT 84107","OWN_STREET_ADDRESS":"206 E WINCHESTER ST","OWN_CITY":"MURRAY","OWN_STATE":"UT","OWN_ZIP5":"84107","VESTING_DOC":"53713-2024","PARCEL_CREATE_DATE":1725840000000,"MAP_FILING_NO":null,"SUB_NAME":null,"LEGAL_DESCR":"COM N 5216.921 FT & W 2131.602 FT FR E 1/4 COR. SEC. 26, T5S, R1W, SLB&M.; W 20.11 FT; ALONG A CURVE TO R (CHORD BEARS: N 80 DEG 20' 3\" W 184.19 FT, RADIUS = 548.5 FT); N 70 DEG 40' 6\" W 26.56 FT; ALONG A CURVE TO L (CHORD BEARS: N 80 DEG 27' 40\" W 160.4 FT, RADIUS = 471.5 FT); S 89 DEG 44' 46\" W 51.18 FT; N 0 DEG 8' 9\" E 26.84 FT; S 89 DEG 46' 19\" E 436.04 FT; S 89 DEG 46' 19\" E .01 FT; S 91.18 FT TO BEG. AREA 0.571 AC.","BOOK_PAGE":58035,"LOT":null,"BUILDING":null,"UNIT":null,"TAX_DISTRICT":"039","TAX_DISTRICT_DESCR":"SARATOGA SPRINGS","SCHOOL_DISTRICT":"ALPINE","TAXABLE_CODE":100,"ACCOUNT_TYPE":"RESIDENTIAL","PROP_TYPE":900,"PROP_TYPE_DESCR":"VACANT","SPECIFIC_PROP_TYPE":901,"SPC_PROP_TYP_DESCR":"Vac Res","NEIGHBORHOOD":"104","NBHD_DISTRICT":"160","LAND_DISTRICT":1613,"ECONOMIC_UNIT":null,"GLA_WEIGHTED_YRBLT":null,"TOTAL_ABOVE_GRADE_AREA":null,"TOTAL_MEZZANINE":null,"TOTAL_BASEMENT":null,"TOTAL_BSMT_FINISH":null,"TOTAL_UNIT_COUNT":null,"TOTAL_IMP_COUNT":null,"ASMT_YEAR":2026,"ASMT_CODE":"V","ASMT_CODE_DESCR":"VACANT","MKT_LAND_VALUE":89200,"MKT_LAND_RES":0,"MKT_LAND_AGR":89200,"MKT_LAND_COM":0,"MKT_IMP_VALUE":0,"MKT_IMP_RES":0,"MKT_IMP_AGR":0,"MKT_IMP_COM":0,"MKT_CUR_VALUE":89200,"MKT_PRV_VAL":89200,"MKT_VAL_YR_CHG":0,"MKT_PCT_CHG":0,"TXBL_CUR_VALUE":89200,"TXBL_PRV_VAL":89200,"TXBL_VAL_YR_CHG":0,"TXBL_PCT_CHG":0,"TOT_CUR_TAXES":0,"TOT_PRV_TAXES":0,"TAXES_YR_CHG":0,"TAXES_PCT_CHG":0,"GREENBELT":null,"EXEMPT_RES":"N","COMMON_AREA":null,"PUBLIC_ROAD":null,"PRIVATE_ROAD":null,"PART_CENTRAL_ASSD":null,"PART_TAXABLE":null,"IMP_NO_RES":null,"COST_GROUP_RES":null,"STYLE_DESCR_RES":null,"QUALITY_RES":null,"QUALITY_DESCR_RES":null,"CONDITION_RES":null,"CONDITION_DESCR_RES":null,"YEARBLT_RES":null,"GLA_RES":null,"BASEMENT_RES":null,"BSMT_FINISH_RES":null,"ATT_GARAGE_SQFT_RES":null,"BATHROOMS_RES":null,"GLA_BEDROOMS_RES":null,"EXTERIOR_RES":null,"ALLOCATION_PCT_RES":null,"IMP_NO_1":null,"USE_CODE_1":null,"USE_CODE_DESCR_1":null,"COST_CLASS_DESCR_1":null,"EXTERIOR_WALL_1":null,"ABOVE_GRADE_AREA_1":null,"MEZZANINE_1":null,"BASEMENT_1":null,"BSMT_FINISH_1":null,"BSMT_UNFINISH_1":null,"QUALITY_DESCR_1":null,"CONDITION_1":null,"CONDITION_DESCR_1":null,"YEAR_BUILT_1":null,"UNIT_COUNT_1":null,"PCT_COMPLETE_1":null,"ALLOCATION_PCT_1":null,"IMP_NO_2":null,"USE_CODE_2":null,"USE_CODE_DESCR_2":null,"COST_CLASS_DESCR_2":null,"EXTERIOR_WALL_2":null,"ABOVE_GRADE_AREA_2":null,"MEZZANINE_2":null,"BASEMENT_2":null,"BSMT_FINISH_2":null,"BSMT_UNFINISH_2":null,"QUALITY_DESCR_2":null,"CONDITION_2":null,"CONDITION_DESCR_2":null,"YEAR_BUILT_2":null,"UNIT_COUNT_2":null,"PCT_COMPLETE_2":null,"ALLOCATION_PCT_2":null,"TRAV_COUNT":1,"LASTUPDATE":null,"CREATED_DATE":1725640294000,"LAST_EDITED_DATE":1725640294000,"GLOBALID":"{829C976D-2482-4893-8DEC-AF781BD62B0E}","SHAPE_Length":0.0034704816516097524,"SHAPE_Area":2.4514290015511388e-07}},{"type":"Feature","id":157,"geometry":{"type":"Polygon","coordinates":[[[-111.66307696199999,40.009816304000026],[-111.66307700199997,40.009816275000048],[-111.66309198347109,40.009755530008476],[-111.66311373753408,40.009696868613837],[-111.66314198515296,40.00964104325665],[-111.66317636399998,40.00958877000005],[-111.66322868799995,40.009517035000044],[-111.66323169446333,40.009512135171953],[-111.66323384848549,40.00950680531961],[-111.66323509064958,40.009501192462423],[-111.66323538669157,40.009495451426226],[-111.6632347284454,40.009489740572576],[-111.66323313406821,40.009484217430462],[-111.66323064753954,40.00947903435101],[-111.66322733744815,40.009474334305018],[-111.66322329510004,40.009470246939202],[-111.66321863199994,40.009466885000052],[-111.66315058999999,40.009421035000059],[-111.66292415799995,40.009278646000041],[-111.66243346499999,40.00965152100008],[-111.66259423199995,40.009998560000042],[-111.66291170099998,40.009833743000058],[-111.66307696199999,40.009816304000026]]]},"properties":{"OBJECTID":157,"PARCEL_NO":665140054,"PARCELID":"665140054","PARCELID_LABEL":"66:514:0054","OWNER_NAME":"LEES, ALAN & DONAVEE","CARE_NAME":null,"ACREAGE":0.73562799999999995,"SITE_FULL_ADDRESS":"815 S NEBO CIR, WOODLAND HILLS, UT","SITE_HOUSE_NUM":"815","SITE_PRE_DIR":"S","SITE_STREET_NAME":"NEBO CIR","SITE_STREET_TYPE":null,"SITE_POST_DIR":null,"SITE_STREET_UNIT":null,"SITE_CITY":"WOODLAND HILLS","SITE_STATE":"UT","SITE_ZIP5":"84653","OWN_FULL_ADDRESS":"837 S SUMMIT CREEK DR  WOODLAND HILLS, UT 84653","OWN_STREET_ADDRESS":"837 S SUMMIT CREEK DR","OWN_CITY":"WOODLAND HILLS","OWN_STATE":"UT","OWN_ZIP5":"84653","VESTING_DOC":"88235-2017","PARCEL_CREATE_DATE":1456704000000,"MAP_FILING_NO":"14945 ","SUB_NAME":"SUMMIT CREEK 7, PLAT F","LEGAL_DESCR":"LOT 54, PLAT F, SUMMIT CREEK 7 SUB AREA 0.736 AC.","BOOK_PAGE":66514,"LOT":"54","BUILDING":null,"UNIT":null,"TAX_DISTRICT":"182","TAX_DISTRICT_DESCR":"WOODLAND HILLS","SCHOOL_DISTRICT":"NEBO","TAXABLE_CODE":100,"ACCOUNT_TYPE":"RESIDENTIAL","PROP_TYPE":900,"PROP_TYPE_DESCR":"VACANT","SPECIFIC_PROP_TYPE":911,"SPC_PROP_TYP_DESCR":"Vac Sub Lot","NEIGHBORHOOD":"117","NBHD_DISTRICT":"731","LAND_DISTRICT":7303,"ECONOMIC_UNIT":null,"GLA_WEIGHTED_YRBLT":null,"TOTAL_ABOVE_GRADE_AREA":null,"TOTAL_MEZZANINE":null,"TOTAL_BASEMENT":null,"TOTAL_BSMT_FINISH":null,"TOTAL_UNIT_COUNT":null,"TOTAL_IMP_COUNT":null,"ASMT_YEAR":2026,"ASMT_CODE":"V","ASMT_CODE_DESCR":"VACANT","MKT_LAND_VALUE":390700,"MKT_LAND_RES":390700,"MKT_LAND_AGR":0,"MKT_LAND_COM":0,"MKT_IMP_VALUE":0,"MKT_IMP_RES":0,"MKT_IMP_AGR":0,"MKT_IMP_COM":0,"MKT_CUR_VALUE":390700,"MKT_PRV_VAL":390700,"MKT_VAL_YR_CHG":0,"MKT_PCT_CHG":0,"TXBL_CUR_VALUE":390700,"TXBL_PRV_VAL":390700,"TXBL_VAL_YR_CHG":0,"TXBL_PCT_CHG":0,"TOT_CUR_TAXES":0,"TOT_PRV_TAXES":0,"TAXES_YR_CHG":0,"TAXES_PCT_CHG":0,"GREENBELT":null,"EXEMPT_RES":"N","COMMON_AREA":null,"PUBLIC_ROAD":null,"PRIVATE_ROAD":null,"PART_CENTRAL_ASSD":null,"PART_TAXABLE":null,"IMP_NO_RES":null,"COST_GROUP_RES":null,"STYLE_DESCR_RES":null,"QUALITY_RES":null,"QUALITY_DESCR_RES":null,"CONDITION_RES":null,"CONDITION_DESCR_RES":null,"YEARBLT_RES":null,"GLA_RES":null,"BASEMENT_RES":null,"BSMT_FINISH_RES":null,"ATT_GARAGE_SQFT_RES":null,"BATHROOMS_RES":null,"GLA_BEDROOMS_RES":null,"EXTERIOR_RES":null,"ALLOCATION_PCT_RES":null,"IMP_NO_1":null,"USE_CODE_1":null,"USE_CODE_DESCR_1":null,"COST_CLASS_DESCR_1":null,"EXTERIOR_WALL_1":null,"ABOVE_GRADE_AREA_1":null,"MEZZANINE_1":null,"BASEMENT_1":null,"BSMT_FINISH_1":null,"BSMT_UNFINISH_1":null,"QUALITY_DESCR_1":null,"CONDITION_1":null,"CONDITION_DESCR_1":null,"YEAR_BUILT_1":null,"UNIT_COUNT_1":null,"PCT_COMPLETE_1":null,"ALLOCATION_PCT_1":null,"IMP_NO_2":null,"USE_CODE_2":null,"USE_CODE_DESCR_2":null,"COST_CLASS_DESCR_2":null,"EXTERIOR_WALL_2":null,"ABOVE_GRADE_AREA_2":null,"MEZZANINE_2":null,"BASEMENT_2":null,"BSMT_FINISH_2":null,"BSMT_UNFINISH_2":null,"QUALITY_DESCR_2":null,"CONDITION_2":null,"CONDITION_DESCR_2":null,"YEAR_BUILT_2":null,"UNIT_COUNT_2":null,"PCT_COMPLETE_2":null,"ALLOCATION_PCT_2":null,"TRAV_COUNT":1,"LASTUPDATE":null,"CREATED_DATE":1712330344000,"LAST_EDITED_DATE":1712330533000,"GLOBALID":"{407E6D35-AE9A-417E-83F0-4C617D13A3D0}","SHAPE_Length":0.0022689578306911294,"SHAPE_Area":3.140721173296467e-07}},{"type":"Feature","id":158,"geometry":{"type":"Polygon","coordinates":[[[-111.64336162899997,40.26078629400007],[-111.64309879599995,40.260525689000076],[-111.64278351699994,40.260787669000081],[-111.64300100899999,40.261079568000071],[-111.64300451399998,40.261083043000042],[-111.64336162899997,40.26078629400007]]]},"properties":{"OBJECTID":158,"PARCEL_NO":200710052,"PARCELID":"200710052","PARCELID_LABEL":"20:071:0052","OWNER_NAME":"CHURCH OF JESUS CHRIST OF LATTER-DAY SAINTS THE","CARE_NAME":"%MATSUMORI, DOUG","ACREAGE":0.37612199999999996,"SITE_FULL_ADDRESS":null,"SITE_HOUSE_NUM":null,"SITE_PRE_DIR":null,"SITE_STREET_NAME":null,"SITE_STREET_TYPE":null,"SITE_POST_DIR":null,"SITE_STREET_UNIT":null,"SITE_CITY":null,"SITE_STATE":null,"SITE_ZIP5":"84602","OWN_FULL_ADDRESS":"%MATSUMORI, DOUG  50 E N TEMPLE FLOOR 2WW  SALT LAKE CITY, UT 84150","OWN_STREET_ADDRESS":"50 E N TEMPLE FLOOR 2WW","OWN_CITY":"SALT LAKE CITY","OWN_STATE":"UT","OWN_ZIP5":"84150","VESTING_DOC":"71712-2023","PARCEL_CREATE_DATE":1738713600000,"MAP_FILING_NO":null,"SUB_NAME":null,"LEGAL_DESCR":"COM S 111.662 FT & E 1120.097 FT FR N 1/4 COR. SEC. 31, T6S, R3E, SLB&M.; N 42 DEG 46' 0\" E 147.07 FT; S 37 DEG 36' 0\" E 1.6 FT; S 29 DEG 37' 37\" E 122.47 FT; S 42 DEG 46' 0\" W 129.84 FT; N 37 DEG 36' 0\" W 120 FT TO BEG. AREA 0.376 AC.","BOOK_PAGE":20071,"LOT":null,"BUILDING":null,"UNIT":null,"TAX_DISTRICT":"110","TAX_DISTRICT_DESCR":"PROVO CITY","SCHOOL_DISTRICT":"PROVO","TAXABLE_CODE":100,"ACCOUNT_TYPE":null,"PROP_TYPE":9999,"PROP_TYPE_DESCR":"DEFAULT","SPECIFIC_PROP_TYPE":9999,"SPC_PROP_TYP_DESCR":"DEFAULT","NEIGHBORHOOD":"9999","NBHD_DISTRICT":null,"LAND_DISTRICT":9999,"ECONOMIC_UNIT":null,"GLA_WEIGHTED_YRBLT":null,"TOTAL_ABOVE_GRADE_AREA":null,"TOTAL_MEZZANINE":null,"TOTAL_BASEMENT":null,"TOTAL_BSMT_FINISH":null,"TOTAL_UNIT_COUNT":null,"TOTAL_IMP_COUNT":null,"ASMT_YEAR":2026,"ASMT_CODE":"UNK","ASMT_CODE_DESCR":"UNK","MKT_LAND_VALUE":0,"MKT_LAND_RES":0,"MKT_LAND_AGR":0,"MKT_LAND_COM":0,"MKT_IMP_VALUE":0,"MKT_IMP_RES":0,"MKT_IMP_AGR":0,"MKT_IMP_COM":0,"MKT_CUR_VALUE":0,"MKT_PRV_VAL":0,"MKT_VAL_YR_CHG":0,"MKT_PCT_CHG":0,"TXBL_CUR_VALUE":0,"TXBL_PRV_VAL":0,"TXBL_VAL_YR_CHG":0,"TXBL_PCT_CHG":0,"TOT_CUR_TAXES":0,"TOT_PRV_TAXES":0,"TAXES_YR_CHG":0,"TAXES_PCT_CHG":0,"GREENBELT":null,"EXEMPT_RES":"UNK","COMMON_AREA":null,"PUBLIC_ROAD":null,"PRIVATE_ROAD":null,"PART_CENTRAL_ASSD":null,"PART_TAXABLE":null,"IMP_NO_RES":null,"COST_GROUP_RES":null,"STYLE_DESCR_RES":null,"QUALITY_RES":null,"QUALITY_DESCR_RES":null,"CONDITION_RES":null,"CONDITION_DESCR_RES":null,"YEARBLT_RES":null,"GLA_RES":null,"BASEMENT_RES":null,"BSMT_FINISH_RES":null,"ATT_GARAGE_SQFT_RES":null,"BATHROOMS_RES":null,"GLA_BEDROOMS_RES":null,"EXTERIOR_RES":null,"ALLOCATION_PCT_RES":null,"IMP_NO_1":null,"USE_CODE_1":null,"USE_CODE_DESCR_1":null,"COST_CLASS_DESCR_1":null,"EXTERIOR_WALL_1":null,"ABOVE_GRADE_AREA_1":null,"MEZZANINE_1":null,"BASEMENT_1":null,"BSMT_FINISH_1":null,"BSMT_UNFINISH_1":null,"QUALITY_DESCR_1":null,"CONDITION_1":null,"CONDITION_DESCR_1":null,"YEAR_BUILT_1":null,"UNIT_COUNT_1":null,"PCT_COMPLETE_1":null,"ALLOCATION_PCT_1":null,"IMP_NO_2":null,"USE_CODE_2":null,"USE_CODE_DESCR_2":null,"COST_CLASS_DESCR_2":null,"EXTERIOR_WALL_2":null,"ABOVE_GRADE_AREA_2":null,"MEZZANINE_2":null,"BASEMENT_2":null,"BSMT_FINISH_2":null,"BSMT_UNFINISH_2":null,"QUALITY_DESCR_2":null,"CONDITION_2":null,"CONDITION_DESCR_2":null,"YEAR_BUILT_2":null,"UNIT_COUNT_2":null,"PCT_COMPLETE_2":null,"ALLOCATION_PCT_2":null,"TRAV_COUNT":null,"LASTUPDATE":null,"CREATED_DATE":1738747237000,"LAST_EDITED_DATE":1738747237000,"GLOBALID":"{2708E94D-0748-4E8C-B840-D6BBE11E3944}","SHAPE_Length":0.0016133195982994432,"SHAPE_Area":1.6117535959624787e-07}},{"type":"Feature","id":159,"geometry":{"type":"Polygon","coordinates":[[[-111.56527221399995,40.151515386000028],[-111.56551254999999,40.151562772000034],[-111.56553506699998,40.151567212000032],[-111.56553360799995,40.150793184000065],[-111.56527125699995,40.150780026000064],[-111.56527326099996,40.150806768000052],[-111.56527852299996,40.151074215000051],[-111.56527717999995,40.15116787900007],[-111.56527724699998,40.151167899000029],[-111.56527221399995,40.151515386000028]]]},"properties":{"OBJECTID":159,"PARCEL_NO":260070231,"PARCELID":"260070231","PARCELID_LABEL":"26:007:0231","OWNER_NAME":"ERCANBRACK, KELLY F & JENNIFER WITNEY (ET AL)","CARE_NAME":null,"ACREAGE":0.45674599999999999,"SITE_FULL_ADDRESS":"2470 CANYON RD, SPRINGVILLE, UT","SITE_HOUSE_NUM":"2470","SITE_PRE_DIR":null,"SITE_STREET_NAME":"CANYON","SITE_STREET_TYPE":"RD","SITE_POST_DIR":null,"SITE_STREET_UNIT":null,"SITE_CITY":"SPRINGVILLE","SITE_STATE":"UT","SITE_ZIP5":null,"OWN_FULL_ADDRESS":"2470 CANYON RD  SPRINGVILLE, UT 84663-9530","OWN_STREET_ADDRESS":"2470 CANYON RD","OWN_CITY":"SPRINGVILLE","OWN_STATE":"UT","OWN_ZIP5":"84663","VESTING_DOC":"31583-2025","PARCEL_CREATE_DATE":1746403200000,"MAP_FILING_NO":null,"SUB_NAME":null,"LEGAL_DESCR":"COM S 280.25 FT & W 1488.5 FT FR E 1/4 COR. SEC. 2, T8S, R3E, SLB&M.; S 0 DEG 40' 43\" W 126.62 FT; S 68 DEG 39' 34\" E .02 FT; S 0 DEG 40' 21\" W 34.13 FT; S 0 DEG 49' 24\" E 97.46 FT; S 3 DEG 14' 55\" E 9.76 FT; N 86 DEG 13' 7\" W 73.51 FT; N 0 DEG 2' 27\" W 282.03 FT; S 75 DEG 32' 54\" E 6.5 FT; S 75 DEG 32' 54\" E 69.38 FT TO BEG. AREA 0.457 AC.","BOOK_PAGE":26007,"LOT":null,"BUILDING":null,"UNIT":null,"TAX_DISTRICT":"130","TAX_DISTRICT_DESCR":"SPRINGVILLE CITY","SCHOOL_DISTRICT":"NEBO","TAXABLE_CODE":100,"ACCOUNT_TYPE":null,"PROP_TYPE":9999,"PROP_TYPE_DESCR":"DEFAULT","SPECIFIC_PROP_TYPE":9999,"SPC_PROP_TYP_DESCR":"DEFAULT","NEIGHBORHOOD":"9999","NBHD_DISTRICT":null,"LAND_DISTRICT":9999,"ECONOMIC_UNIT":null,"GLA_WEIGHTED_YRBLT":null,"TOTAL_ABOVE_GRADE_AREA":null,"TOTAL_MEZZANINE":null,"TOTAL_BASEMENT":null,"TOTAL_BSMT_FINISH":null,"TOTAL_UNIT_COUNT":null,"TOTAL_IMP_COUNT":null,"ASMT_YEAR":2026,"ASMT_CODE":"UNK","ASMT_CODE_DESCR":"UNK","MKT_LAND_VALUE":0,"MKT_LAND_RES":0,"MKT_LAND_AGR":0,"MKT_LAND_COM":0,"MKT_IMP_VALUE":0,"MKT_IMP_RES":0,"MKT_IMP_AGR":0,"MKT_IMP_COM":0,"MKT_CUR_VALUE":0,"MKT_PRV_VAL":0,"MKT_VAL_YR_CHG":0,"MKT_PCT_CHG":0,"TXBL_CUR_VALUE":0,"TXBL_PRV_VAL":0,"TXBL_VAL_YR_CHG":0,"TXBL_PCT_CHG":0,"TOT_CUR_TAXES":0,"TOT_PRV_TAXES":0,"TAXES_YR_CHG":0,"TAXES_PCT_CHG":0,"GREENBELT":null,"EXEMPT_RES":"UNK","COMMON_AREA":null,"PUBLIC_ROAD":null,"PRIVATE_ROAD":null,"PART_CENTRAL_ASSD":null,"PART_TAXABLE":null,"IMP_NO_RES":null,"COST_GROUP_RES":null,"STYLE_DESCR_RES":null,"QUALITY_RES":null,"QUALITY_DESCR_RES":null,"CONDITION_RES":null,"CONDITION_DESCR_RES":null,"YEARBLT_RES":null,"GLA_RES":null,"BASEMENT_RES":null,"BSMT_FINISH_RES":null,"ATT_GARAGE_SQFT_RES":null,"BATHROOMS_RES":null,"GLA_BEDROOMS_RES":null,"EXTERIOR_RES":null,"ALLOCATION_PCT_RES":null,"IMP_NO_1":null,"USE_CODE_1":null,"USE_CODE_DESCR_1":null,"COST_CLASS_DESCR_1":null,"EXTERIOR_WALL_1":null,"ABOVE_GRADE_AREA_1":null,"MEZZANINE_1":null,"BASEMENT_1":null,"BSMT_FINISH_1":null,"BSMT_UNFINISH_1":null,"QUALITY_DESCR_1":null,"CONDITION_1":null,"CONDITION_DESCR_1":null,"YEAR_BUILT_1":null,"UNIT_COUNT_1":null,"PCT_COMPLETE_1":null,"ALLOCATION_PCT_1":null,"IMP_NO_2":null,"USE_CODE_2":null,"USE_CODE_DESCR_2":null,"COST_CLASS_DESCR_2":null,"EXTERIOR_WALL_2":null,"ABOVE_GRADE_AREA_2":null,"MEZZANINE_2":null,"BASEMENT_2":null,"BSMT_FINISH_2":null,"BSMT_UNFINISH_2":null,"QUALITY_DESCR_2":null,"CONDITION_2":null,"CONDITION_DESCR_2":null,"YEAR_BUILT_2":null,"UNIT_COUNT_2":null,"PCT_COMPLETE_2":null,"ALLOCATION_PCT_2":null,"TRAV_COUNT":null,"LASTUPDATE":null,"CREATED_DATE":1746455677000,"LAST_EDITED_DATE":1746455677000,"GLOBALID":"{3E8156F5-46F1-49FB-BE33-9706801853E1}","SHAPE_Length":0.0020402063533378756,"SHAPE_Area":1.9540552776776363e-07}},{"type":"Feature","id":160,"geometry":{"type":"Polygon","coordinates":[[[-111.79058120299999,40.396940527000027],[-111.79052704099996,40.396943528000065],[-111.79027675799995,40.396722758000067],[-111.78994577099996,40.396752098000036],[-111.78966213299998,40.396815705000051],[-111.78950022399999,40.397023607000051],[-111.78950190774432,40.397059713227229],[-111.78950155799998,40.397095857000068],[-111.78949102299998,40.397374395000043],[-111.78949109340586,40.397419928017115],[-111.78949531792857,40.3974652646911],[-111.78950366132695,40.397510026821344],[-111.78951605399999,40.397553841000047],[-111.78964312999994,40.397948401000065],[-111.78964751099994,40.397962273000076],[-111.78965202159262,40.39797027918209],[-111.78965779799962,40.397977426035844],[-111.78966468010361,40.397983515456296],[-111.78967247713817,40.397988378649579],[-111.78968097297573,40.397991880811887],[-111.78968993211849,40.397993924866071],[-111.78969910622621,40.397994454152602],[-111.78970824099997,40.397993454000073],[-111.78974271099997,40.39816154600004],[-111.78973498711329,40.398162187217764],[-111.7897274861898,40.398164138046468],[-111.78972042860029,40.398167341172453],[-111.78971402169076,40.398171702490586],[-111.78970845369076,40.398177093869052],[-111.78970388818342,40.398183356913719],[-111.78970045929948,40.39819030762164],[-111.78969826777664,40.398197741786916],[-111.78969737799997,40.398205441000073],[-111.78970287518004,40.398282692620882],[-111.78970347731644,40.398360137241994],[-111.78969918199999,40.398437465000029],[-111.79001796099999,40.398429226000076],[-111.79007116799994,40.398746088000053],[-111.79005647670336,40.398765157243744],[-111.79004477699999,40.398786195000071],[-111.79003991539307,40.398793349525086],[-111.79003398890977,40.39879965025883],[-111.79002714510703,40.398804940326322],[-111.7900195543811,40.39880908801603],[-111.79001140572507,40.398811990059237],[-111.79000290202328,40.398813574201185],[-111.78999425499995,40.398813801000074],[-111.78995879199999,40.398813962000077],[-111.7898819641443,40.398811735137414],[-111.78980546099996,40.398804336000069],[-111.78976783399997,40.398972031000028],[-111.78972019499997,40.398964951000039],[-111.78936175499996,40.398905373000048],[-111.78943874399994,40.398634128000026],[-111.78943966599996,40.398630856000068],[-111.78908497899994,40.398573747000057],[-111.78910765299997,40.398491440000043],[-111.78910626399994,40.398162979000062],[-111.78905985399996,40.398002190000057],[-111.78897255599998,40.397779681000031],[-111.78891024699999,40.397477480000077],[-111.78891015599999,40.397183787000074],[-111.78850365299996,40.397183860000041],[-111.78853290899997,40.397475600000064],[-111.78837535999997,40.39749910200004],[-111.78816341699996,40.399069026000063],[-111.78755915899995,40.399070513000026],[-111.78761249799999,40.401488484000026],[-111.78926685099998,40.401484406000066],[-111.78952407299994,40.401163580000059],[-111.78973312599999,40.399887609000075],[-111.79054169499994,40.399804957000072],[-111.79048373699999,40.398417442000039],[-111.79058120299999,40.396940527000027]]]},"properties":{"OBJECTID":160,"PARCEL_NO":120610275,"PARCELID":"120610275","PARCELID_LABEL":"12:061:0275","OWNER_NAME":"STONEBROOK ENTERPRISES LLC","CARE_NAME":null,"ACREAGE":21.024688999999999,"SITE_FULL_ADDRESS":null,"SITE_HOUSE_NUM":null,"SITE_PRE_DIR":null,"SITE_STREET_NAME":null,"SITE_STREET_TYPE":null,"SITE_POST_DIR":null,"SITE_STREET_UNIT":null,"SITE_CITY":null,"SITE_STATE":null,"SITE_ZIP5":"84003","OWN_FULL_ADDRESS":"418 E 2780 N  PROVO, UT 84604-5921","OWN_STREET_ADDRESS":"418 E 2780 N","OWN_CITY":"PROVO","OWN_STATE":"UT","OWN_ZIP5":"84604","VESTING_DOC":"66460-2023","PARCEL_CREATE_DATE":1738800000000,"MAP_FILING_NO":null,"SUB_NAME":null,"LEGAL_DESCR":"COM S 776.327 FT & E 460.657 FT FR W 1/4 COR. SEC. 12, T5S, R1E, SLB&M.; N 3 DEG 4' 28\" E 538.86 FT; N 1 DEG 38' 35\" W 505.86 FT; N 82 DEG 34' 13\" E 227.26 FT; N 7 DEG 19' 30\" E 468.59 FT; N 31 DEG 41' 28\" E 137.12 FT; E 460.87 FT; S 0 DEG 46' 55\" E 881.22 FT; W 168.34 FT; S 6 DEG 4' 39\" W 575.11 FT; S 79 DEG 8' 39\" W 44.72 FT; S 4 DEG 11' 58\" E 106.62 FT; N 89 DEG 49' 43\" W 113.25 FT; N 0 DEG 10' 17\" E 107.02 FT; N 8 DEG 46' 23\" W 111.48 FT; N 16 DEG 30' 42\" W 84.65 FT; N 12 DEG 15' 33\" W 60 FT; N 119.69 FT; N 12 DEG 4' 41\" E 30.65 FT; N 77 DEG 55' 19\" W 100.98 FT; ALONG A CURVE TO L (CHORD BEARS: N 12 DEG 21' 16\" E 1.22 FT, RADIUS = 521 FT); N 12 DEG 25' 43\" E 101.14 FT; N 77 DEG 32' 55\" W 102.19 FT; ALONG A CURVE TO L (CHORD BEARS: N 78 DEG 48' 50\" W 13.52 FT, RADIUS = 306.01 FT); S 9 DEG 55' 11\" W 62 FT; ALONG A CURVE TO L (CHORD BEARS: N 85 DEG 7' 10\" W 42.86 FT, RADIUS = 244 FT); S 89 DEG 50' 36\" W 9.88 FT; ALONG A CURVE TO L (CHORD BEARS: S 54 DEG 37' 58\" W 17.3 FT, RADIUS = 15 FT); ALONG A CURVE TO R (CHORD BEARS: S 26 DEG 53' 29\" W 16.36 FT, RADIUS = 63 FT); S 7 DEG 7' 47\" E 116.41 FT; N 88 DEG 14' 58\" E 88.86 FT; ALONG A CURVE TO L (CHORD BEARS: S 0 DEG 9' 18\" E 84.55 FT, RADIUS = 583 FT); ALONG A CURVE TO R (CHORD BEARS: S 38 DEG 28' 50\" W 20.38 FT, RADIUS = 15 FT); S 8 DEG 43' 30\" E 62 FT; ALONG A CURVE TO R (CHORD BEARS: S 55 DEG 55' 49\" E 20.38 FT, RADIUS = 15 FT); ALONG A CURVE TO L (CHORD BEARS: S 13 DEG 23' 21\" E 5.2 FT, RADIUS = 582.98 FT); S 13 DEG 38' 51\" E 148.07 FT; ALONG A CURVE TO R (CHORD BEARS: S 5 DEG 54' 8\" E 65.76 FT, RADIUS = 234 FT); S 1 DEG 50' 31\" W 101.54 FT; ALONG A CURVE TO L (CHORD BEARS: S 0 DEG 37' 23\" E 26.33 FT, RADIUS = 306 FT); S 30 DEG 57' 20\" W 88.17 FT; S 73 DEG 50' 19\" W 82.35 FT; S 83 DEG 34' 20\" W 92.83 FT; N 40 DEG 43' 53\" W 106.46 FT; S 86 DEG 1' 47\" W 15.13 FT TO BEG. AREA 21.025 AC.","BOOK_PAGE":12061,"LOT":null,"BUILDING":null,"UNIT":null,"TAX_DISTRICT":"060","TAX_DISTRICT_DESCR":"AMERICAN FORK CITY","SCHOOL_DISTRICT":"ALPINE","TAXABLE_CODE":100,"ACCOUNT_TYPE":null,"PROP_TYPE":9999,"PROP_TYPE_DESCR":"DEFAULT","SPECIFIC_PROP_TYPE":9999,"SPC_PROP_TYP_DESCR":"DEFAULT","NEIGHBORHOOD":"9999","NBHD_DISTRICT":null,"LAND_DISTRICT":9999,"ECONOMIC_UNIT":null,"GLA_WEIGHTED_YRBLT":null,"TOTAL_ABOVE_GRADE_AREA":null,"TOTAL_MEZZANINE":null,"TOTAL_BASEMENT":null,"TOTAL_BSMT_FINISH":null,"TOTAL_UNIT_COUNT":null,"TOTAL_IMP_COUNT":null,"ASMT_YEAR":2026,"ASMT_CODE":"UNK","ASMT_CODE_DESCR":"UNK","MKT_LAND_VALUE":0,"MKT_LAND_RES":0,"MKT_LAND_AGR":0,"MKT_LAND_COM":0,"MKT_IMP_VALUE":0,"MKT_IMP_RES":0,"MKT_IMP_AGR":0,"MKT_IMP_COM":0,"MKT_CUR_VALUE":0,"MKT_PRV_VAL":0,"MKT_VAL_YR_CHG":0,"MKT_PCT_CHG":0,"TXBL_CUR_VALUE":0,"TXBL_PRV_VAL":0,"TXBL_VAL_YR_CHG":0,"TXBL_PCT_CHG":0,"TOT_CUR_TAXES":0,"TOT_PRV_TAXES":0,"TAXES_YR_CHG":0,"TAXES_PCT_CHG":0,"GREENBELT":null,"EXEMPT_RES":"UNK","COMMON_AREA":null,"PUBLIC_ROAD":null,"PRIVATE_ROAD":null,"PART_CENTRAL_ASSD":null,"PART_TAXABLE":null,"IMP_NO_RES":null,"COST_GROUP_RES":null,"STYLE_DESCR_RES":null,"QUALITY_RES":null,"QUALITY_DESCR_RES":null,"CONDITION_RES":null,"CONDITION_DESCR_RES":null,"YEARBLT_RES":null,"GLA_RES":null,"BASEMENT_RES":null,"BSMT_FINISH_RES":null,"ATT_GARAGE_SQFT_RES":null,"BATHROOMS_RES":null,"GLA_BEDROOMS_RES":null,"EXTERIOR_RES":null,"ALLOCATION_PCT_RES":null,"IMP_NO_1":null,"USE_CODE_1":null,"USE_CODE_DESCR_1":null,"COST_CLASS_DESCR_1":null,"EXTERIOR_WALL_1":null,"ABOVE_GRADE_AREA_1":null,"MEZZANINE_1":null,"BASEMENT_1":null,"BSMT_FINISH_1":null,"BSMT_UNFINISH_1":null,"QUALITY_DESCR_1":null,"CONDITION_1":null,"CONDITION_DESCR_1":null,"YEAR_BUILT_1":null,"UNIT_COUNT_1":null,"PCT_COMPLETE_1":null,"ALLOCATION_PCT_1":null,"IMP_NO_2":null,"USE_CODE_2":null,"USE_CODE_DESCR_2":null,"COST_CLASS_DESCR_2":null,"EXTERIOR_WALL_2":null,"ABOVE_GRADE_AREA_2":null,"MEZZANINE_2":null,"BASEMENT_2":null,"BSMT_FINISH_2":null,"BSMT_UNFINISH_2":null,"QUALITY_DESCR_2":null,"CONDITION_2":null,"CONDITION_DESCR_2":null,"YEAR_BUILT_2":null,"UNIT_COUNT_2":null,"PCT_COMPLETE_2":null,"ALLOCATION_PCT_2":null,"TRAV_COUNT":null,"LASTUPDATE":null,"CREATED_DATE":1738846899000,"LAST_EDITED_DATE":1738846899000,"GLOBALID":"{954489F9-CE9D-4E8C-A553-5E3707FD8B69}","SHAPE_Length":0.018878998726834094,"SHAPE_Area":9.0265935678991231e-06}},{"type":"Feature","id":161,"geometry":{"type":"Polygon","coordinates":[[[-112.03150399099997,40.32377032100004],[-112.03149849399995,40.323062297000035],[-112.03122599799997,40.323063538000042],[-112.03122046700601,40.323063398292611],[-112.03121499295838,40.323064202167437],[-112.03120973565224,40.323065926158279],[-112.03120484855579,40.323068519939405],[-112.03120047433026,40.323071907794684],[-112.03119674066551,40.323075990827832],[-112.03119375655244,40.323080649849352],[-112.03119160910155,40.323085748855824],[-112.03119036099997,40.323091139000041],[-112.03126227099995,40.323118024000053],[-112.03128496699998,40.323117921000062],[-112.03133372899998,40.323117699000079],[-112.03133362299997,40.323103977000073],[-112.03139181599994,40.32310371300008],[-112.03139236999999,40.323175064000054],[-112.03139292299994,40.323246416000075],[-112.03139347699994,40.323317768000038],[-112.03139403099999,40.323389120000058],[-112.03133583799996,40.323389385000041],[-112.03133573099996,40.323375663000036],[-112.03128696899995,40.323375885000075],[-112.03126427299998,40.323375988000066],[-112.03126492299998,40.323458537000079],[-112.03128761999994,40.323458434000031],[-112.03133638299994,40.323458212000048],[-112.03133627599999,40.323444490000043],[-112.03139446799997,40.323444226000049],[-112.03139502199997,40.32351557800007],[-112.03139557599997,40.323586930000033],[-112.03139612999996,40.323658281000064],[-112.03139668399996,40.323729633000028],[-112.03133849099999,40.323729898000067],[-112.03133838499997,40.323716176000062],[-112.03128962199997,40.323716398000045],[-112.03126692499995,40.323716501000035],[-112.03123138599994,40.323757834000048],[-112.03123149199996,40.323771556000054],[-112.03150399099997,40.32377032100004]]]},"properties":{"OBJECTID":161,"PARCEL_NO":536220246,"PARCELID":"536220246","PARCELID_LABEL":"53:622:0246","OWNER_NAME":"TOWNS AT BRYLEE FARMS THE PHASE B PLAT 2","CARE_NAME":null,"ACREAGE":0.34351699999999996,"SITE_FULL_ADDRESS":null,"SITE_HOUSE_NUM":null,"SITE_PRE_DIR":null,"SITE_STREET_NAME":null,"SITE_STREET_TYPE":null,"SITE_POST_DIR":null,"SITE_STREET_UNIT":null,"SITE_CITY":null,"SITE_STATE":null,"SITE_ZIP5":null,"OWN_FULL_ADDRESS":"9089 S 1300 W # 100  WEST JORDAN, UT 84088","OWN_STREET_ADDRESS":"9089 S 1300 W # 100","OWN_CITY":"WEST JORDAN","OWN_STATE":"UT","OWN_ZIP5":"84088","VESTING_DOC":"127877-2021","PARCEL_CREATE_DATE":1745798400000,"MAP_FILING_NO":"17812 ","SUB_NAME":"TOWNS AT BRYLEE FARMS THE PHASE B, PLAT 2","LEGAL_DESCR":"PARCEL D, COMMON AREA, PLAT 2, THE TOWNS AT BRYLEE FARMS, PHASE B SUB AREA 0.237 AC. ALSO PARCEL D, COMMON AREA, PLAT 2, THE TOWNS AT BRYLEE FARMS, PHASE B SUB AREA 0.107 AC. TOTAL AREA .344 AC.","BOOK_PAGE":53622,"LOT":null,"BUILDING":null,"UNIT":null,"TAX_DISTRICT":"038","TAX_DISTRICT_DESCR":"EAGLE MOUNTAIN","SCHOOL_DISTRICT":"ALPINE","TAXABLE_CODE":100,"ACCOUNT_TYPE":null,"PROP_TYPE":9999,"PROP_TYPE_DESCR":"DEFAULT","SPECIFIC_PROP_TYPE":9999,"SPC_PROP_TYP_DESCR":"DEFAULT","NEIGHBORHOOD":"9999","NBHD_DISTRICT":null,"LAND_DISTRICT":9999,"ECONOMIC_UNIT":null,"GLA_WEIGHTED_YRBLT":null,"TOTAL_ABOVE_GRADE_AREA":null,"TOTAL_MEZZANINE":null,"TOTAL_BASEMENT":null,"TOTAL_BSMT_FINISH":null,"TOTAL_UNIT_COUNT":null,"TOTAL_IMP_COUNT":null,"ASMT_YEAR":2026,"ASMT_CODE":"UNK","ASMT_CODE_DESCR":"UNK","MKT_LAND_VALUE":0,"MKT_LAND_RES":0,"MKT_LAND_AGR":0,"MKT_LAND_COM":0,"MKT_IMP_VALUE":0,"MKT_IMP_RES":0,"MKT_IMP_AGR":0,"MKT_IMP_COM":0,"MKT_CUR_VALUE":0,"MKT_PRV_VAL":0,"MKT_VAL_YR_CHG":0,"MKT_PCT_CHG":0,"TXBL_CUR_VALUE":0,"TXBL_PRV_VAL":0,"TXBL_VAL_YR_CHG":0,"TXBL_PCT_CHG":0,"TOT_CUR_TAXES":0,"TOT_PRV_TAXES":0,"TAXES_YR_CHG":0,"TAXES_PCT_CHG":0,"GREENBELT":null,"EXEMPT_RES":"UNK","COMMON_AREA":null,"PUBLIC_ROAD":null,"PRIVATE_ROAD":null,"PART_CENTRAL_ASSD":null,"PART_TAXABLE":null,"IMP_NO_RES":null,"COST_GROUP_RES":null,"STYLE_DESCR_RES":null,"QUALITY_RES":null,"QUALITY_DESCR_RES":null,"CONDITION_RES":null,"CONDITION_DESCR_RES":null,"YEARBLT_RES":null,"GLA_RES":null,"BASEMENT_RES":null,"BSMT_FINISH_RES":null,"ATT_GARAGE_SQFT_RES":null,"BATHROOMS_RES":null,"GLA_BEDROOMS_RES":null,"EXTERIOR_RES":null,"ALLOCATION_PCT_RES":null,"IMP_NO_1":null,"USE_CODE_1":null,"USE_CODE_DESCR_1":null,"COST_CLASS_DESCR_1":null,"EXTERIOR_WALL_1":null,"ABOVE_GRADE_AREA_1":null,"MEZZANINE_1":null,"BASEMENT_1":null,"BSMT_FINISH_1":null,"BSMT_UNFINISH_1":null,"QUALITY_DESCR_1":null,"CONDITION_1":null,"CONDITION_DESCR_1":null,"YEAR_BUILT_1":null,"UNIT_COUNT_1":null,"PCT_COMPLETE_1":null,"ALLOCATION_PCT_1":null,"IMP_NO_2":null,"USE_CODE_2":null,"USE_CODE_DESCR_2":null,"COST_CLASS_DESCR_2":null,"EXTERIOR_WALL_2":null,"ABOVE_GRADE_AREA_2":null,"MEZZANINE_2":null,"BASEMENT_2":null,"BSMT_FINISH_2":null,"BSMT_UNFINISH_2":null,"QUALITY_DESCR_2":null,"CONDITION_2":null,"CONDITION_DESCR_2":null,"YEAR_BUILT_2":null,"UNIT_COUNT_2":null,"PCT_COMPLETE_2":null,"ALLOCATION_PCT_2":null,"TRAV_COUNT":null,"LASTUPDATE":null,"CREATED_DATE":1745829279000,"LAST_EDITED_DATE":1745829279000,"GLOBALID":"{8BA1B29D-9454-493F-98AD-C17CBECD062E}","SHAPE_Length":0.0026747910468571793,"SHAPE_Area":1.0143163082353889e-07}},{"type":"Feature","id":162,"geometry":{"type":"Polygon","coordinates":[[[-112.03123138599994,40.323757834000048],[-112.03126692599994,40.323716499000057],[-112.03126647899995,40.323658869000042],[-112.03126637299999,40.323645147000036],[-112.03126592499996,40.323587517000078],[-112.03126547799997,40.323529887000063],[-112.03126537199995,40.323516165000058],[-112.03126492399997,40.323458535000043],[-112.03126427299998,40.323375987000077],[-112.03126382599999,40.323318356000073],[-112.03126371999997,40.323304635000056],[-112.03126327199999,40.323247004000052],[-112.03126282499994,40.323189374000037],[-112.03126271899998,40.323175652000032],[-112.03126227099995,40.323118022000074],[-112.03119036099997,40.323091138000052],[-112.03119057299995,40.32311836100007],[-112.03119521599996,40.323716839000042],[-112.03119532299996,40.323730561000048],[-112.0311966566115,40.323735941573133],[-112.0311988817288,40.323741018771116],[-112.0312019341366,40.323745646069789],[-112.03120572574467,40.323749689928675],[-112.03121014712994,40.323753033644969],[-112.03121507069449,40.32375558072146],[-112.03122035434781,40.32375725765138],[-112.03122584560754,40.323758016039754],[-112.03123138599994,40.323757834000048]]]},"properties":{"OBJECTID":162,"PARCEL_NO":536220246,"PARCELID":"536220246","PARCELID_LABEL":"53:622:0246","OWNER_NAME":"TOWNS AT BRYLEE FARMS THE PHASE B PLAT 2","CARE_NAME":null,"ACREAGE":0.34351699999999996,"SITE_FULL_ADDRESS":null,"SITE_HOUSE_NUM":null,"SITE_PRE_DIR":null,"SITE_STREET_NAME":null,"SITE_STREET_TYPE":null,"SITE_POST_DIR":null,"SITE_STREET_UNIT":null,"SITE_CITY":null,"SITE_STATE":null,"SITE_ZIP5":null,"OWN_FULL_ADDRESS":"9089 S 1300 W # 100  WEST JORDAN, UT 84088","OWN_STREET_ADDRESS":"9089 S 1300 W # 100","OWN_CITY":"WEST JORDAN","OWN_STATE":"UT","OWN_ZIP5":"84088","VESTING_DOC":"127877-2021","PARCEL_CREATE_DATE":1745798400000,"MAP_FILING_NO":"17812 ","SUB_NAME":"TOWNS AT BRYLEE FARMS THE PHASE B, PLAT 2","LEGAL_DESCR":"PARCEL D, COMMON AREA, PLAT 2, THE TOWNS AT BRYLEE FARMS, PHASE B SUB AREA 0.237 AC. ALSO PARCEL D, COMMON AREA, PLAT 2, THE TOWNS AT BRYLEE FARMS, PHASE B SUB AREA 0.107 AC. TOTAL AREA .344 AC.","BOOK_PAGE":53622,"LOT":null,"BUILDING":null,"UNIT":null,"TAX_DISTRICT":"038","TAX_DISTRICT_DESCR":"EAGLE MOUNTAIN","SCHOOL_DISTRICT":"ALPINE","TAXABLE_CODE":100,"ACCOUNT_TYPE":null,"PROP_TYPE":9999,"PROP_TYPE_DESCR":"DEFAULT","SPECIFIC_PROP_TYPE":9999,"SPC_PROP_TYP_DESCR":"DEFAULT","NEIGHBORHOOD":"9999","NBHD_DISTRICT":null,"LAND_DISTRICT":9999,"ECONOMIC_UNIT":null,"GLA_WEIGHTED_YRBLT":null,"TOTAL_ABOVE_GRADE_AREA":null,"TOTAL_MEZZANINE":null,"TOTAL_BASEMENT":null,"TOTAL_BSMT_FINISH":null,"TOTAL_UNIT_COUNT":null,"TOTAL_IMP_COUNT":null,"ASMT_YEAR":2026,"ASMT_CODE":"UNK","ASMT_CODE_DESCR":"UNK","MKT_LAND_VALUE":0,"MKT_LAND_RES":0,"MKT_LAND_AGR":0,"MKT_LAND_COM":0,"MKT_IMP_VALUE":0,"MKT_IMP_RES":0,"MKT_IMP_AGR":0,"MKT_IMP_COM":0,"MKT_CUR_VALUE":0,"MKT_PRV_VAL":0,"MKT_VAL_YR_CHG":0,"MKT_PCT_CHG":0,"TXBL_CUR_VALUE":0,"TXBL_PRV_VAL":0,"TXBL_VAL_YR_CHG":0,"TXBL_PCT_CHG":0,"TOT_CUR_TAXES":0,"TOT_PRV_TAXES":0,"TAXES_YR_CHG":0,"TAXES_PCT_CHG":0,"GREENBELT":null,"EXEMPT_RES":"UNK","COMMON_AREA":null,"PUBLIC_ROAD":null,"PRIVATE_ROAD":null,"PART_CENTRAL_ASSD":null,"PART_TAXABLE":null,"IMP_NO_RES":null,"COST_GROUP_RES":null,"STYLE_DESCR_RES":null,"QUALITY_RES":null,"QUALITY_DESCR_RES":null,"CONDITION_RES":null,"CONDITION_DESCR_RES":null,"YEARBLT_RES":null,"GLA_RES":null,"BASEMENT_RES":null,"BSMT_FINISH_RES":null,"ATT_GARAGE_SQFT_RES":null,"BATHROOMS_RES":null,"GLA_BEDROOMS_RES":null,"EXTERIOR_RES":null,"ALLOCATION_PCT_RES":null,"IMP_NO_1":null,"USE_CODE_1":null,"USE_CODE_DESCR_1":null,"COST_CLASS_DESCR_1":null,"EXTERIOR_WALL_1":null,"ABOVE_GRADE_AREA_1":null,"MEZZANINE_1":null,"BASEMENT_1":null,"BSMT_FINISH_1":null,"BSMT_UNFINISH_1":null,"QUALITY_DESCR_1":null,"CONDITION_1":null,"CONDITION_DESCR_1":null,"YEAR_BUILT_1":null,"UNIT_COUNT_1":null,"PCT_COMPLETE_1":null,"ALLOCATION_PCT_1":null,"IMP_NO_2":null,"USE_CODE_2":null,"USE_CODE_DESCR_2":null,"COST_CLASS_DESCR_2":null,"EXTERIOR_WALL_2":null,"ABOVE_GRADE_AREA_2":null,"MEZZANINE_2":null,"BASEMENT_2":null,"BSMT_FINISH_2":null,"BSMT_UNFINISH_2":null,"QUALITY_DESCR_2":null,"CONDITION_2":null,"CONDITION_DESCR_2":null,"YEAR_BUILT_2":null,"UNIT_COUNT_2":null,"PCT_COMPLETE_2":null,"ALLOCATION_PCT_2":null,"TRAV_COUNT":null,"LASTUPDATE":null,"CREATED_DATE":1745829279000,"LAST_EDITED_DATE":1745829279000,"GLOBALID":"{BD8BFDA4-F3F7-4F36-8571-B88B30E432F7}","SHAPE_Length":0.0014191721171127067,"SHAPE_Area":4.5895901771028113e-08}},{"type":"Feature","id":163,"geometry":{"type":"Polygon","coordinates":[[[-111.56230029899996,40.143589630000065],[-111.56229704099997,40.14332588700006],[-111.56230530899995,40.143191750000028],[-111.56224255299998,40.143193472000064],[-111.56224683199997,40.143460189000052],[-111.56224683599999,40.143460675000028],[-111.56224492267334,40.143468747459806],[-111.56224166564618,40.143476377479452],[-111.56223715962535,40.143483343195633],[-111.56223153563549,40.143489442061416],[-111.56222495720925,40.143494496735876],[-111.56221761563206,40.14349836024077],[-111.56220972438003,40.143500920234288],[-111.56220151291249,40.143502102277751],[-111.56219321999998,40.143501872000058],[-111.56219329999999,40.143589696000049],[-111.56230029899996,40.143589630000065]]]},"properties":{"OBJECTID":163,"PARCEL_NO":260660157,"PARCELID":"260660157","PARCELID_LABEL":"26:066:0157","OWNER_NAME":"EPIC 5 INVESTMENTS LLC","CARE_NAME":null,"ACREAGE":0.062472,"SITE_FULL_ADDRESS":null,"SITE_HOUSE_NUM":null,"SITE_PRE_DIR":null,"SITE_STREET_NAME":null,"SITE_STREET_TYPE":null,"SITE_POST_DIR":null,"SITE_STREET_UNIT":null,"SITE_CITY":null,"SITE_STATE":null,"SITE_ZIP5":null,"OWN_FULL_ADDRESS":"877 S SKYHAWK CIR  SALEM, UT 84653","OWN_STREET_ADDRESS":"877 S SKYHAWK CIR","OWN_CITY":"SALEM","OWN_STATE":"UT","OWN_ZIP5":"84653","VESTING_DOC":"35012-2025","PARCEL_CREATE_DATE":1747267200000,"MAP_FILING_NO":null,"SUB_NAME":null,"LEGAL_DESCR":"COM S 89 DEG 29' 17\" W 659.99 FT & S 531.45 FT FR NE COR. SEC. 11, T8S, R3E, SLB&M.; E 29.92 FT; S 32 FT; ALONG A CURVE TO L (CHORD BEARS: S 44 DEG 40' 2\" W 21.34 FT, RADIUS = 15 FT); S 0 DEG 39' 56\" E 97.19 FT; S 87 DEG 59' 29\" W 17.56 FT; N 2 DEG 44' 54\" E 48.93 FT; N 0 DEG 30' 12\" W 96.1 FT TO BEG. AREA 0.062 AC.","BOOK_PAGE":26066,"LOT":null,"BUILDING":null,"UNIT":null,"TAX_DISTRICT":"140","TAX_DISTRICT_DESCR":"MAPLETON CITY","SCHOOL_DISTRICT":"NEBO","TAXABLE_CODE":100,"ACCOUNT_TYPE":null,"PROP_TYPE":9999,"PROP_TYPE_DESCR":"DEFAULT","SPECIFIC_PROP_TYPE":9999,"SPC_PROP_TYP_DESCR":"DEFAULT","NEIGHBORHOOD":"9999","NBHD_DISTRICT":null,"LAND_DISTRICT":9999,"ECONOMIC_UNIT":null,"GLA_WEIGHTED_YRBLT":null,"TOTAL_ABOVE_GRADE_AREA":null,"TOTAL_MEZZANINE":null,"TOTAL_BASEMENT":null,"TOTAL_BSMT_FINISH":null,"TOTAL_UNIT_COUNT":null,"TOTAL_IMP_COUNT":null,"ASMT_YEAR":2026,"ASMT_CODE":"UNK","ASMT_CODE_DESCR":"UNK","MKT_LAND_VALUE":0,"MKT_LAND_RES":0,"MKT_LAND_AGR":0,"MKT_LAND_COM":0,"MKT_IMP_VALUE":0,"MKT_IMP_RES":0,"MKT_IMP_AGR":0,"MKT_IMP_COM":0,"MKT_CUR_VALUE":0,"MKT_PRV_VAL":0,"MKT_VAL_YR_CHG":0,"MKT_PCT_CHG":0,"TXBL_CUR_VALUE":0,"TXBL_PRV_VAL":0,"TXBL_VAL_YR_CHG":0,"TXBL_PCT_CHG":0,"TOT_CUR_TAXES":0,"TOT_PRV_TAXES":0,"TAXES_YR_CHG":0,"TAXES_PCT_CHG":0,"GREENBELT":null,"EXEMPT_RES":"UNK","COMMON_AREA":null,"PUBLIC_ROAD":null,"PRIVATE_ROAD":null,"PART_CENTRAL_ASSD":null,"PART_TAXABLE":null,"IMP_NO_RES":null,"COST_GROUP_RES":null,"STYLE_DESCR_RES":null,"QUALITY_RES":null,"QUALITY_DESCR_RES":null,"CONDITION_RES":null,"CONDITION_DESCR_RES":null,"YEARBLT_RES":null,"GLA_RES":null,"BASEMENT_RES":null,"BSMT_FINISH_RES":null,"ATT_GARAGE_SQFT_RES":null,"BATHROOMS_RES":null,"GLA_BEDROOMS_RES":null,"EXTERIOR_RES":null,"ALLOCATION_PCT_RES":null,"IMP_NO_1":null,"USE_CODE_1":null,"USE_CODE_DESCR_1":null,"COST_CLASS_DESCR_1":null,"EXTERIOR_WALL_1":null,"ABOVE_GRADE_AREA_1":null,"MEZZANINE_1":null,"BASEMENT_1":null,"BSMT_FINISH_1":null,"BSMT_UNFINISH_1":null,"QUALITY_DESCR_1":null,"CONDITION_1":null,"CONDITION_DESCR_1":null,"YEAR_BUILT_1":null,"UNIT_COUNT_1":null,"PCT_COMPLETE_1":null,"ALLOCATION_PCT_1":null,"IMP_NO_2":null,"USE_CODE_2":null,"USE_CODE_DESCR_2":null,"COST_CLASS_DESCR_2":null,"EXTERIOR_WALL_2":null,"ABOVE_GRADE_AREA_2":null,"MEZZANINE_2":null,"BASEMENT_2":null,"BSMT_FINISH_2":null,"BSMT_UNFINISH_2":null,"QUALITY_DESCR_2":null,"CONDITION_2":null,"CONDITION_DESCR_2":null,"YEAR_BUILT_2":null,"UNIT_COUNT_2":null,"PCT_COMPLETE_2":null,"ALLOCATION_PCT_2":null,"TRAV_COUNT":null,"LASTUPDATE":null,"CREATED_DATE":1747299071000,"LAST_EDITED_DATE":1747299071000,"GLOBALID":"{F5503441-E60F-4B3F-906E-0556D657F152}","SHAPE_Length":0.00099775045127466254,"SHAPE_Area":2.6658740899973136e-08}},{"type":"Feature","id":164,"geometry":{"type":"Polygon","coordinates":[[[-111.64245188799998,40.26053500900008],[-111.64245183899999,40.260535101000073],[-111.64245943899999,40.260542636000025],[-111.64249781499996,40.260520408000048],[-111.64276964099997,40.260786078000081],[-111.64269817399997,40.260786166000059],[-111.64305109499998,40.261161051000045],[-111.64305003399994,40.261161980000054],[-111.64306316199998,40.261174810000057],[-111.64306639899996,40.261167306000061],[-111.64255912199997,40.26048647600004],[-111.64245188799998,40.26053500900008]]]},"properties":{"OBJECTID":164,"PARCEL_NO":200710051,"PARCELID":"200710051","PARCELID_LABEL":"20:071:0051","OWNER_NAME":"PROVO CITY CORPORATION","CARE_NAME":null,"ACREAGE":0.077380999999999991,"SITE_FULL_ADDRESS":null,"SITE_HOUSE_NUM":null,"SITE_PRE_DIR":null,"SITE_STREET_NAME":null,"SITE_STREET_TYPE":null,"SITE_POST_DIR":null,"SITE_STREET_UNIT":null,"SITE_CITY":null,"SITE_STATE":null,"SITE_ZIP5":"84604","OWN_FULL_ADDRESS":"445 W CENTER ST  PROVO, UT 84601-4374","OWN_STREET_ADDRESS":"445 W CENTER ST","OWN_CITY":"PROVO","OWN_STATE":"UT","OWN_ZIP5":"84601","VESTING_DOC":"5927-2025","PARCEL_CREATE_DATE":1738713600000,"MAP_FILING_NO":null,"SUB_NAME":null,"LEGAL_DESCR":"COM S 243.99 FT & W 1268.912 FT FR SE COR. SEC. 30, T6S, R3E, SLB&M.; ALONG A CURVE TO R (CHORD BEARS: S 59 DEG 30' 49\" W 34.77 FT, RADIUS = 999.5 FT); N 29 DEG 37' 37\" W 285.65 FT; N 18 DEG 22' 41\" E 2.88 FT; S 38 DEG 0' 0\" E 5.94 FT; S 41 DEG 14' 0\" W .45 FT; S 35 DEG 42' 30\" E 168.42 FT; W 19.95 FT; S 38 DEG 0' 0\" E 123 FT; N 53 DEG 0' 0\" E 13.43 FT; S 37 DEG 36' 10\" E 3.47 FT; S 20 DEG 37' 29\" W .04 FT TO BEG. AREA 0.077 AC.","BOOK_PAGE":20071,"LOT":null,"BUILDING":null,"UNIT":null,"TAX_DISTRICT":"110","TAX_DISTRICT_DESCR":"PROVO CITY","SCHOOL_DISTRICT":"PROVO","TAXABLE_CODE":100,"ACCOUNT_TYPE":null,"PROP_TYPE":9999,"PROP_TYPE_DESCR":"DEFAULT","SPECIFIC_PROP_TYPE":9999,"SPC_PROP_TYP_DESCR":"DEFAULT","NEIGHBORHOOD":"9999","NBHD_DISTRICT":null,"LAND_DISTRICT":9999,"ECONOMIC_UNIT":null,"GLA_WEIGHTED_YRBLT":null,"TOTAL_ABOVE_GRADE_AREA":null,"TOTAL_MEZZANINE":null,"TOTAL_BASEMENT":null,"TOTAL_BSMT_FINISH":null,"TOTAL_UNIT_COUNT":null,"TOTAL_IMP_COUNT":null,"ASMT_YEAR":2026,"ASMT_CODE":"UNK","ASMT_CODE_DESCR":"UNK","MKT_LAND_VALUE":0,"MKT_LAND_RES":0,"MKT_LAND_AGR":0,"MKT_LAND_COM":0,"MKT_IMP_VALUE":0,"MKT_IMP_RES":0,"MKT_IMP_AGR":0,"MKT_IMP_COM":0,"MKT_CUR_VALUE":0,"MKT_PRV_VAL":0,"MKT_VAL_YR_CHG":0,"MKT_PCT_CHG":0,"TXBL_CUR_VALUE":0,"TXBL_PRV_VAL":0,"TXBL_VAL_YR_CHG":0,"TXBL_PCT_CHG":0,"TOT_CUR_TAXES":0,"TOT_PRV_TAXES":0,"TAXES_YR_CHG":0,"TAXES_PCT_CHG":0,"GREENBELT":null,"EXEMPT_RES":"UNK","COMMON_AREA":null,"PUBLIC_ROAD":null,"PRIVATE_ROAD":null,"PART_CENTRAL_ASSD":null,"PART_TAXABLE":null,"IMP_NO_RES":null,"COST_GROUP_RES":null,"STYLE_DESCR_RES":null,"QUALITY_RES":null,"QUALITY_DESCR_RES":null,"CONDITION_RES":null,"CONDITION_DESCR_RES":null,"YEARBLT_RES":null,"GLA_RES":null,"BASEMENT_RES":null,"BSMT_FINISH_RES":null,"ATT_GARAGE_SQFT_RES":null,"BATHROOMS_RES":null,"GLA_BEDROOMS_RES":null,"EXTERIOR_RES":null,"ALLOCATION_PCT_RES":null,"IMP_NO_1":null,"USE_CODE_1":null,"USE_CODE_DESCR_1":null,"COST_CLASS_DESCR_1":null,"EXTERIOR_WALL_1":null,"ABOVE_GRADE_AREA_1":null,"MEZZANINE_1":null,"BASEMENT_1":null,"BSMT_FINISH_1":null,"BSMT_UNFINISH_1":null,"QUALITY_DESCR_1":null,"CONDITION_1":null,"CONDITION_DESCR_1":null,"YEAR_BUILT_1":null,"UNIT_COUNT_1":null,"PCT_COMPLETE_1":null,"ALLOCATION_PCT_1":null,"IMP_NO_2":null,"USE_CODE_2":null,"USE_CODE_DESCR_2":null,"COST_CLASS_DESCR_2":null,"EXTERIOR_WALL_2":null,"ABOVE_GRADE_AREA_2":null,"MEZZANINE_2":null,"BASEMENT_2":null,"BSMT_FINISH_2":null,"BSMT_UNFINISH_2":null,"QUALITY_DESCR_2":null,"CONDITION_2":null,"CONDITION_DESCR_2":null,"YEAR_BUILT_2":null,"UNIT_COUNT_2":null,"PCT_COMPLETE_2":null,"ALLOCATION_PCT_2":null,"TRAV_COUNT":null,"LASTUPDATE":null,"CREATED_DATE":1738747237000,"LAST_EDITED_DATE":1738747237000,"GLOBALID":"{1673596D-262C-454F-A9E7-BE1C073502A5}","SHAPE_Length":0.0020162681333257631,"SHAPE_Area":3.3160149770570613e-08}},{"type":"Feature","id":165,"geometry":{"type":"Polygon","coordinates":[[[-111.94092853999996,40.414079933000039],[-111.94057076599995,40.41405711200008],[-111.94055687599996,40.414184387000034],[-111.93998799399998,40.414148110000042],[-111.93980671499997,40.415808820000052],[-111.93977394999996,40.415992524000046],[-111.93972942099998,40.416217128000028],[-111.93975437499995,40.416216994000081],[-111.93975889499995,40.416708150000034],[-111.94064219299997,40.416703397000049],[-111.94092853999996,40.414079933000039]]]},"properties":{"OBJECTID":165,"PARCEL_NO":580210763,"PARCELID":"580210763","PARCELID_LABEL":"58:021:0763","OWNER_NAME":"EDGE HOMES UTAH LLC","CARE_NAME":null,"ACREAGE":5.5907140000000002,"SITE_FULL_ADDRESS":null,"SITE_HOUSE_NUM":null,"SITE_PRE_DIR":null,"SITE_STREET_NAME":null,"SITE_STREET_TYPE":null,"SITE_POST_DIR":null,"SITE_STREET_UNIT":null,"SITE_CITY":null,"SITE_STATE":null,"SITE_ZIP5":null,"OWN_FULL_ADDRESS":"13702 S 200 WEST B12  DRAPER, UT 84020","OWN_STREET_ADDRESS":"13702 S 200 WEST B12","OWN_CITY":"DRAPER","OWN_STATE":"UT","OWN_ZIP5":"84020","VESTING_DOC":"118253-2021","PARCEL_CREATE_DATE":1747094400000,"MAP_FILING_NO":null,"SUB_NAME":null,"LEGAL_DESCR":"COM N 3041.03 FT & W 1502.361 FT FR S 1/4 COR. SEC. 3, T5S, R1W, SLB&M.; N 5 DEG 3' 4\" E 959.3 FT; N 89 DEG 52' 43\" E 246.02 FT; S 0 DEG 7' 17\" E 178.98 FT; N 89 DEG 52' 39\" E 6.95 FT; S 8 DEG 53' 54\" W 82.78 FT; S 8 DEG 2' 41\" W 67.56 FT; S 5 DEG 3' 4\" W 607.26 FT; N 84 DEG 56' 56\" W 159 FT; S 5 DEG 3' 2\" W 46.54 FT; N 84 DEG 56' 56\" W 100 FT TO BEG. AREA 5.591 AC.","BOOK_PAGE":58021,"LOT":null,"BUILDING":null,"UNIT":null,"TAX_DISTRICT":"039","TAX_DISTRICT_DESCR":"SARATOGA SPRINGS","SCHOOL_DISTRICT":"ALPINE","TAXABLE_CODE":100,"ACCOUNT_TYPE":null,"PROP_TYPE":9999,"PROP_TYPE_DESCR":"DEFAULT","SPECIFIC_PROP_TYPE":9999,"SPC_PROP_TYP_DESCR":"DEFAULT","NEIGHBORHOOD":"9999","NBHD_DISTRICT":null,"LAND_DISTRICT":9999,"ECONOMIC_UNIT":null,"GLA_WEIGHTED_YRBLT":null,"TOTAL_ABOVE_GRADE_AREA":null,"TOTAL_MEZZANINE":null,"TOTAL_BASEMENT":null,"TOTAL_BSMT_FINISH":null,"TOTAL_UNIT_COUNT":null,"TOTAL_IMP_COUNT":null,"ASMT_YEAR":2026,"ASMT_CODE":"UNK","ASMT_CODE_DESCR":"UNK","MKT_LAND_VALUE":0,"MKT_LAND_RES":0,"MKT_LAND_AGR":0,"MKT_LAND_COM":0,"MKT_IMP_VALUE":0,"MKT_IMP_RES":0,"MKT_IMP_AGR":0,"MKT_IMP_COM":0,"MKT_CUR_VALUE":0,"MKT_PRV_VAL":0,"MKT_VAL_YR_CHG":0,"MKT_PCT_CHG":0,"TXBL_CUR_VALUE":0,"TXBL_PRV_VAL":0,"TXBL_VAL_YR_CHG":0,"TXBL_PCT_CHG":0,"TOT_CUR_TAXES":0,"TOT_PRV_TAXES":0,"TAXES_YR_CHG":0,"TAXES_PCT_CHG":0,"GREENBELT":null,"EXEMPT_RES":"UNK","COMMON_AREA":null,"PUBLIC_ROAD":null,"PRIVATE_ROAD":null,"PART_CENTRAL_ASSD":null,"PART_TAXABLE":null,"IMP_NO_RES":null,"COST_GROUP_RES":null,"STYLE_DESCR_RES":null,"QUALITY_RES":null,"QUALITY_DESCR_RES":null,"CONDITION_RES":null,"CONDITION_DESCR_RES":null,"YEARBLT_RES":null,"GLA_RES":null,"BASEMENT_RES":null,"BSMT_FINISH_RES":null,"ATT_GARAGE_SQFT_RES":null,"BATHROOMS_RES":null,"GLA_BEDROOMS_RES":null,"EXTERIOR_RES":null,"ALLOCATION_PCT_RES":null,"IMP_NO_1":null,"USE_CODE_1":null,"USE_CODE_DESCR_1":null,"COST_CLASS_DESCR_1":null,"EXTERIOR_WALL_1":null,"ABOVE_GRADE_AREA_1":null,"MEZZANINE_1":null,"BASEMENT_1":null,"BSMT_FINISH_1":null,"BSMT_UNFINISH_1":null,"QUALITY_DESCR_1":null,"CONDITION_1":null,"CONDITION_DESCR_1":null,"YEAR_BUILT_1":null,"UNIT_COUNT_1":null,"PCT_COMPLETE_1":null,"ALLOCATION_PCT_1":null,"IMP_NO_2":null,"USE_CODE_2":null,"USE_CODE_DESCR_2":null,"COST_CLASS_DESCR_2":null,"EXTERIOR_WALL_2":null,"ABOVE_GRADE_AREA_2":null,"MEZZANINE_2":null,"BASEMENT_2":null,"BSMT_FINISH_2":null,"BSMT_UNFINISH_2":null,"QUALITY_DESCR_2":null,"CONDITION_2":null,"CONDITION_DESCR_2":null,"YEAR_BUILT_2":null,"UNIT_COUNT_2":null,"PCT_COMPLETE_2":null,"ALLOCATION_PCT_2":null,"TRAV_COUNT":null,"LASTUPDATE":null,"CREATED_DATE":1747133030000,"LAST_EDITED_DATE":1747133030000,"GLOBALID":"{4F6319AC-FA8D-447A-A310-B016D4A49692}","SHAPE_Length":0.0071812093964174345,"SHAPE_Area":2.4008137539616282e-06}},{"type":"Feature","id":166,"geometry":{"type":"Polygon","coordinates":[[[-111.70796689799994,40.319238831000064],[-111.70883805899996,40.319228502000044],[-111.70883655599994,40.319137947000058],[-111.70854616799994,40.319141391000073],[-111.70825578099999,40.319144834000042],[-111.70796539399998,40.319148274000042],[-111.70796689799994,40.319238831000064]]]},"properties":{"OBJECTID":166,"PARCEL_NO":null,"PARCELID":"341510500","PARCELID_LABEL":null,"OWNER_NAME":null,"CARE_NAME":null,"ACREAGE":null,"SITE_FULL_ADDRESS":null,"SITE_HOUSE_NUM":null,"SITE_PRE_DIR":null,"SITE_STREET_NAME":null,"SITE_STREET_TYPE":null,"SITE_POST_DIR":null,"SITE_STREET_UNIT":null,"SITE_CITY":null,"SITE_STATE":null,"SITE_ZIP5":null,"OWN_FULL_ADDRESS":null,"OWN_STREET_ADDRESS":null,"OWN_CITY":null,"OWN_STATE":null,"OWN_ZIP5":null,"VESTING_DOC":null,"PARCEL_CREATE_DATE":null,"MAP_FILING_NO":null,"SUB_NAME":null,"LEGAL_DESCR":null,"BOOK_PAGE":null,"LOT":null,"BUILDING":null,"UNIT":null,"TAX_DISTRICT":null,"TAX_DISTRICT_DESCR":null,"SCHOOL_DISTRICT":null,"TAXABLE_CODE":null,"ACCOUNT_TYPE":null,"PROP_TYPE":null,"PROP_TYPE_DESCR":null,"SPECIFIC_PROP_TYPE":null,"SPC_PROP_TYP_DESCR":null,"NEIGHBORHOOD":null,"NBHD_DISTRICT":null,"LAND_DISTRICT":null,"ECONOMIC_UNIT":null,"GLA_WEIGHTED_YRBLT":null,"TOTAL_ABOVE_GRADE_AREA":null,"TOTAL_MEZZANINE":null,"TOTAL_BASEMENT":null,"TOTAL_BSMT_FINISH":null,"TOTAL_UNIT_COUNT":null,"TOTAL_IMP_COUNT":null,"ASMT_YEAR":null,"ASMT_CODE":null,"ASMT_CODE_DESCR":null,"MKT_LAND_VALUE":null,"MKT_LAND_RES":null,"MKT_LAND_AGR":null,"MKT_LAND_COM":null,"MKT_IMP_VALUE":null,"MKT_IMP_RES":null,"MKT_IMP_AGR":null,"MKT_IMP_COM":null,"MKT_CUR_VALUE":null,"MKT_PRV_VAL":null,"MKT_VAL_YR_CHG":null,"MKT_PCT_CHG":null,"TXBL_CUR_VALUE":null,"TXBL_PRV_VAL":null,"TXBL_VAL_YR_CHG":null,"TXBL_PCT_CHG":null,"TOT_CUR_TAXES":null,"TOT_PRV_TAXES":null,"TAXES_YR_CHG":null,"TAXES_PCT_CHG":null,"GREENBELT":null,"EXEMPT_RES":null,"COMMON_AREA":null,"PUBLIC_ROAD":null,"PRIVATE_ROAD":null,"PART_CENTRAL_ASSD":null,"PART_TAXABLE":null,"IMP_NO_RES":null,"COST_GROUP_RES":null,"STYLE_DESCR_RES":null,"QUALITY_RES":null,"QUALITY_DESCR_RES":null,"CONDITION_RES":null,"CONDITION_DESCR_RES":null,"YEARBLT_RES":null,"GLA_RES":null,"BASEMENT_RES":null,"BSMT_FINISH_RES":null,"ATT_GARAGE_SQFT_RES":null,"BATHROOMS_RES":null,"GLA_BEDROOMS_RES":null,"EXTERIOR_RES":null,"ALLOCATION_PCT_RES":null,"IMP_NO_1":null,"USE_CODE_1":null,"USE_CODE_DESCR_1":null,"COST_CLASS_DESCR_1":null,"EXTERIOR_WALL_1":null,"ABOVE_GRADE_AREA_1":null,"MEZZANINE_1":null,"BASEMENT_1":null,"BSMT_FINISH_1":null,"BSMT_UNFINISH_1":null,"QUALITY_DESCR_1":null,"CONDITION_1":null,"CONDITION_DESCR_1":null,"YEAR_BUILT_1":null,"UNIT_COUNT_1":null,"PCT_COMPLETE_1":null,"ALLOCATION_PCT_1":null,"IMP_NO_2":null,"USE_CODE_2":null,"USE_CODE_DESCR_2":null,"COST_CLASS_DESCR_2":null,"EXTERIOR_WALL_2":null,"ABOVE_GRADE_AREA_2":null,"MEZZANINE_2":null,"BASEMENT_2":null,"BSMT_FINISH_2":null,"BSMT_UNFINISH_2":null,"QUALITY_DESCR_2":null,"CONDITION_2":null,"CONDITION_DESCR_2":null,"YEAR_BUILT_2":null,"UNIT_COUNT_2":null,"PCT_COMPLETE_2":null,"ALLOCATION_PCT_2":null,"TRAV_COUNT":null,"LASTUPDATE":null,"CREATED_DATE":1712330344000,"LAST_EDITED_DATE":1712330533000,"GLOBALID":"{B19F9D7C-448F-49EF-B9E8-1DC51C15825A}","SHAPE_Length":0.0019235823995161563,"SHAPE_Area":7.8903270832982592e-08}},{"type":"Feature","id":167,"geometry":{"type":"Polygon","coordinates":[[[-111.65211524699998,40.161198470000045],[-111.65281032599995,40.16120221400007],[-111.65281036599998,40.16120221400007],[-111.65280934999998,40.160761058000048],[-111.65281267399996,40.160680768000077],[-111.65281222599998,40.160478284000078],[-111.65272644899994,40.160478397000077],[-111.65272635299999,40.160431957000071],[-111.65240326399999,40.160432384000046],[-111.65240338299998,40.160487162000038],[-111.65211907899999,40.160487536000062],[-111.65211902999994,40.160487527000043],[-111.65211524699998,40.161198470000045]],[[-111.65248513399996,40.161153953000053],[-111.65244845599995,40.161154000000067],[-111.65244844399996,40.161148509000043],[-111.65240549899994,40.161148566000065],[-111.65240548099996,40.16114033000008],[-111.65235778499999,40.161140394000029],[-111.65235778999994,40.161145883000074],[-111.65232826799996,40.16114592200006],[-111.65232825499999,40.161140432000025],[-111.65231930899995,40.161140444000068],[-111.65231036899996,40.161140456000055],[-111.65231037799998,40.161145945000044],[-111.65228085399997,40.161145984000029],[-111.65228084099999,40.161140494000051],[-111.65223432199997,40.161140556000078],[-111.65223376699998,40.16107812000007],[-111.65225522199995,40.161078092000025],[-111.65225512499995,40.161038979000068],[-111.65228640899994,40.161038938000047],[-111.65228637799999,40.161024756000074],[-111.65231945599999,40.161024713000074],[-111.65235252799994,40.161024669000028],[-111.65235255999994,40.161038851000058],[-111.65238384899999,40.161038811000026],[-111.65238391599996,40.161077922000061],[-111.65240531399996,40.161077894000073],[-111.65242677299995,40.161077866000028],[-111.65242667599995,40.161038753000071],[-111.65245795799996,40.16103871200005],[-111.65245792599995,40.161024532000056],[-111.65249100599999,40.161024488000066],[-111.65252407699995,40.161024443000031],[-111.65252410799997,40.161038624000071],[-111.65255539899999,40.16103858300005],[-111.65255546799995,40.161077698000042],[-111.65257692399996,40.161077670000054],[-111.65257749199998,40.161148338000032],[-111.65253454799995,40.161148396000044],[-111.65253455999999,40.161153888000058],[-111.65249788099999,40.161153936000062],[-111.65249786899994,40.161148444000048],[-111.65249149399995,40.161148453000067],[-111.65248513499995,40.161148461000039],[-111.65248513399996,40.161153953000053]],[[-111.65219368699996,40.160767607000025],[-111.65219361399994,40.160734667000042],[-111.65218645499999,40.160734666000053],[-111.65218639499994,40.160706528000048],[-111.65219355199997,40.16070651900003],[-111.65219354099997,40.160701630000062],[-111.65219352999998,40.160696748000078],[-111.65218637299995,40.160696757000039],[-111.65218631099998,40.160668616000066],[-111.65219346799995,40.160668601000054],[-111.65219339599997,40.160635661000072],[-111.65220411899998,40.160635638000031],[-111.65220403799998,40.160599045000026],[-111.65219689299994,40.160599054000045],[-111.65219684399995,40.160576406000075],[-111.65220398799994,40.160576397000057],[-111.65220397299998,40.160569525000028],[-111.65220395799997,40.160562664000054],[-111.65219681299999,40.160562674000062],[-111.65219676299995,40.160540023000067],[-111.65220390899998,40.160540013000059],[-111.65220382899997,40.160504323000055],[-111.65228520899996,40.160503898000059],[-111.65228524399998,40.160520363000046],[-111.65233622299996,40.160520278000035],[-111.65233627599997,40.16054428800004],[-111.65235477199997,40.160544255000048],[-111.65235482899999,40.160569636000048],[-111.65235488499997,40.160595015000069],[-111.65233638799998,40.16059503200006],[-111.65233644099999,40.160619039000039],[-111.65228546099996,40.160619091000058],[-111.65228549799997,40.16063551700006],[-111.65228553399999,40.160651979000079],[-111.65233651399996,40.160651897000037],[-111.65233656599997,40.160675904000072],[-111.65235506099998,40.16067587200007],[-111.65235511699996,40.160701252000081],[-111.65235517399998,40.160726632000035],[-111.65233667699999,40.160726649000026],[-111.65233672999994,40.16075065800004],[-111.65228575199995,40.160750706000044],[-111.65228578899996,40.160767171000032],[-111.65219368699996,40.160767607000025]]]},"properties":{"OBJECTID":167,"PARCEL_NO":null,"PARCELID":"391130850","PARCELID_LABEL":null,"OWNER_NAME":null,"CARE_NAME":null,"ACREAGE":null,"SITE_FULL_ADDRESS":null,"SITE_HOUSE_NUM":null,"SITE_PRE_DIR":null,"SITE_STREET_NAME":null,"SITE_STREET_TYPE":null,"SITE_POST_DIR":null,"SITE_STREET_UNIT":null,"SITE_CITY":null,"SITE_STATE":null,"SITE_ZIP5":null,"OWN_FULL_ADDRESS":null,"OWN_STREET_ADDRESS":null,"OWN_CITY":null,"OWN_STATE":null,"OWN_ZIP5":null,"VESTING_DOC":null,"PARCEL_CREATE_DATE":null,"MAP_FILING_NO":null,"SUB_NAME":null,"LEGAL_DESCR":null,"BOOK_PAGE":null,"LOT":null,"BUILDING":null,"UNIT":null,"TAX_DISTRICT":null,"TAX_DISTRICT_DESCR":null,"SCHOOL_DISTRICT":null,"TAXABLE_CODE":null,"ACCOUNT_TYPE":null,"PROP_TYPE":null,"PROP_TYPE_DESCR":null,"SPECIFIC_PROP_TYPE":null,"SPC_PROP_TYP_DESCR":null,"NEIGHBORHOOD":null,"NBHD_DISTRICT":null,"LAND_DISTRICT":null,"ECONOMIC_UNIT":null,"GLA_WEIGHTED_YRBLT":null,"TOTAL_ABOVE_GRADE_AREA":null,"TOTAL_MEZZANINE":null,"TOTAL_BASEMENT":null,"TOTAL_BSMT_FINISH":null,"TOTAL_UNIT_COUNT":null,"TOTAL_IMP_COUNT":null,"ASMT_YEAR":null,"ASMT_CODE":null,"ASMT_CODE_DESCR":null,"MKT_LAND_VALUE":null,"MKT_LAND_RES":null,"MKT_LAND_AGR":null,"MKT_LAND_COM":null,"MKT_IMP_VALUE":null,"MKT_IMP_RES":null,"MKT_IMP_AGR":null,"MKT_IMP_COM":null,"MKT_CUR_VALUE":null,"MKT_PRV_VAL":null,"MKT_VAL_YR_CHG":null,"MKT_PCT_CHG":null,"TXBL_CUR_VALUE":null,"TXBL_PRV_VAL":null,"TXBL_VAL_YR_CHG":null,"TXBL_PCT_CHG":null,"TOT_CUR_TAXES":null,"TOT_PRV_TAXES":null,"TAXES_YR_CHG":null,"TAXES_PCT_CHG":null,"GREENBELT":null,"EXEMPT_RES":null,"COMMON_AREA":null,"PUBLIC_ROAD":null,"PRIVATE_ROAD":null,"PART_CENTRAL_ASSD":null,"PART_TAXABLE":null,"IMP_NO_RES":null,"COST_GROUP_RES":null,"STYLE_DESCR_RES":null,"QUALITY_RES":null,"QUALITY_DESCR_RES":null,"CONDITION_RES":null,"CONDITION_DESCR_RES":null,"YEARBLT_RES":null,"GLA_RES":null,"BASEMENT_RES":null,"BSMT_FINISH_RES":null,"ATT_GARAGE_SQFT_RES":null,"BATHROOMS_RES":null,"GLA_BEDROOMS_RES":null,"EXTERIOR_RES":null,"ALLOCATION_PCT_RES":null,"IMP_NO_1":null,"USE_CODE_1":null,"USE_CODE_DESCR_1":null,"COST_CLASS_DESCR_1":null,"EXTERIOR_WALL_1":null,"ABOVE_GRADE_AREA_1":null,"MEZZANINE_1":null,"BASEMENT_1":null,"BSMT_FINISH_1":null,"BSMT_UNFINISH_1":null,"QUALITY_DESCR_1":null,"CONDITION_1":null,"CONDITION_DESCR_1":null,"YEAR_BUILT_1":null,"UNIT_COUNT_1":null,"PCT_COMPLETE_1":null,"ALLOCATION_PCT_1":null,"IMP_NO_2":null,"USE_CODE_2":null,"USE_CODE_DESCR_2":null,"COST_CLASS_DESCR_2":null,"EXTERIOR_WALL_2":null,"ABOVE_GRADE_AREA_2":null,"MEZZANINE_2":null,"BASEMENT_2":null,"BSMT_FINISH_2":null,"BSMT_UNFINISH_2":null,"QUALITY_DESCR_2":null,"CONDITION_2":null,"CONDITION_DESCR_2":null,"YEAR_BUILT_2":null,"UNIT_COUNT_2":null,"PCT_COMPLETE_2":null,"ALLOCATION_PCT_2":null,"TRAV_COUNT":null,"LASTUPDATE":null,"CREATED_DATE":1712330344000,"LAST_EDITED_DATE":1712330533000,"GLOBALID":"{CF614138-1BD7-4CB1-A14C-CAE94E6BF196}","SHAPE_Length":0.0050552479450557243,"SHAPE_Area":4.4208110343188789e-07}},{"type":"Feature","id":168,"geometry":{"type":"Polygon","coordinates":[[[-111.70794381899998,40.317846727000074],[-111.70823148099998,40.31784357500004],[-111.70851828199994,40.317840431000036],[-111.70880508499994,40.317837286000042],[-111.70880272599999,40.317711060000079],[-111.70851592599996,40.317714205000073],[-111.70822912499995,40.317717349000077],[-111.70794174999997,40.317720498000028],[-111.70794381899998,40.317846727000074]]]},"properties":{"OBJECTID":168,"PARCEL_NO":null,"PARCELID":"341330500","PARCELID_LABEL":null,"OWNER_NAME":null,"CARE_NAME":null,"ACREAGE":null,"SITE_FULL_ADDRESS":null,"SITE_HOUSE_NUM":null,"SITE_PRE_DIR":null,"SITE_STREET_NAME":null,"SITE_STREET_TYPE":null,"SITE_POST_DIR":null,"SITE_STREET_UNIT":null,"SITE_CITY":null,"SITE_STATE":null,"SITE_ZIP5":null,"OWN_FULL_ADDRESS":null,"OWN_STREET_ADDRESS":null,"OWN_CITY":null,"OWN_STATE":null,"OWN_ZIP5":null,"VESTING_DOC":null,"PARCEL_CREATE_DATE":null,"MAP_FILING_NO":null,"SUB_NAME":null,"LEGAL_DESCR":null,"BOOK_PAGE":null,"LOT":null,"BUILDING":null,"UNIT":null,"TAX_DISTRICT":null,"TAX_DISTRICT_DESCR":null,"SCHOOL_DISTRICT":null,"TAXABLE_CODE":null,"ACCOUNT_TYPE":null,"PROP_TYPE":null,"PROP_TYPE_DESCR":null,"SPECIFIC_PROP_TYPE":null,"SPC_PROP_TYP_DESCR":null,"NEIGHBORHOOD":null,"NBHD_DISTRICT":null,"LAND_DISTRICT":null,"ECONOMIC_UNIT":null,"GLA_WEIGHTED_YRBLT":null,"TOTAL_ABOVE_GRADE_AREA":null,"TOTAL_MEZZANINE":null,"TOTAL_BASEMENT":null,"TOTAL_BSMT_FINISH":null,"TOTAL_UNIT_COUNT":null,"TOTAL_IMP_COUNT":null,"ASMT_YEAR":null,"ASMT_CODE":null,"ASMT_CODE_DESCR":null,"MKT_LAND_VALUE":null,"MKT_LAND_RES":null,"MKT_LAND_AGR":null,"MKT_LAND_COM":null,"MKT_IMP_VALUE":null,"MKT_IMP_RES":null,"MKT_IMP_AGR":null,"MKT_IMP_COM":null,"MKT_CUR_VALUE":null,"MKT_PRV_VAL":null,"MKT_VAL_YR_CHG":null,"MKT_PCT_CHG":null,"TXBL_CUR_VALUE":null,"TXBL_PRV_VAL":null,"TXBL_VAL_YR_CHG":null,"TXBL_PCT_CHG":null,"TOT_CUR_TAXES":null,"TOT_PRV_TAXES":null,"TAXES_YR_CHG":null,"TAXES_PCT_CHG":null,"GREENBELT":null,"EXEMPT_RES":null,"COMMON_AREA":null,"PUBLIC_ROAD":null,"PRIVATE_ROAD":null,"PART_CENTRAL_ASSD":null,"PART_TAXABLE":null,"IMP_NO_RES":null,"COST_GROUP_RES":null,"STYLE_DESCR_RES":null,"QUALITY_RES":null,"QUALITY_DESCR_RES":null,"CONDITION_RES":null,"CONDITION_DESCR_RES":null,"YEARBLT_RES":null,"GLA_RES":null,"BASEMENT_RES":null,"BSMT_FINISH_RES":null,"ATT_GARAGE_SQFT_RES":null,"BATHROOMS_RES":null,"GLA_BEDROOMS_RES":null,"EXTERIOR_RES":null,"ALLOCATION_PCT_RES":null,"IMP_NO_1":null,"USE_CODE_1":null,"USE_CODE_DESCR_1":null,"COST_CLASS_DESCR_1":null,"EXTERIOR_WALL_1":null,"ABOVE_GRADE_AREA_1":null,"MEZZANINE_1":null,"BASEMENT_1":null,"BSMT_FINISH_1":null,"BSMT_UNFINISH_1":null,"QUALITY_DESCR_1":null,"CONDITION_1":null,"CONDITION_DESCR_1":null,"YEAR_BUILT_1":null,"UNIT_COUNT_1":null,"PCT_COMPLETE_1":null,"ALLOCATION_PCT_1":null,"IMP_NO_2":null,"USE_CODE_2":null,"USE_CODE_DESCR_2":null,"COST_CLASS_DESCR_2":null,"EXTERIOR_WALL_2":null,"ABOVE_GRADE_AREA_2":null,"MEZZANINE_2":null,"BASEMENT_2":null,"BSMT_FINISH_2":null,"BSMT_UNFINISH_2":null,"QUALITY_DESCR_2":null,"CONDITION_2":null,"CONDITION_DESCR_2":null,"YEAR_BUILT_2":null,"UNIT_COUNT_2":null,"PCT_COMPLETE_2":null,"ALLOCATION_PCT_2":null,"TRAV_COUNT":null,"LASTUPDATE":null,"CREATED_DATE":1712330344000,"LAST_EDITED_DATE":1712330533000,"GLOBALID":"{01A8C174-1B43-4810-B66D-21C020C88B4F}","SHAPE_Length":0.0019748394680805894,"SHAPE_Area":1.0871808268498693e-07}},{"type":"Feature","id":169,"geometry":{"type":"Polygon","coordinates":[[[-111.70844775599994,40.317185857000027],[-111.70844954499995,40.317185962000053],[-111.70845133499995,40.317186053000057],[-111.70845312399996,40.317186131000028],[-111.70845491699998,40.317186193000055],[-111.70845670599999,40.317186243000037],[-111.70845849999995,40.317186280000044],[-111.70846029399996,40.317186302000039],[-111.70846208699999,40.317186311000057],[-111.70846387999995,40.317186307000043],[-111.70846567199999,40.317186287000027],[-111.70846746499996,40.317186255000024],[-111.70846925799998,40.317186208000066],[-111.70847104999996,40.317186150000055],[-111.70847283899997,40.317186075000052],[-111.70847462999996,40.317185988000062],[-111.70847641799998,40.317185886000061],[-111.70847820599994,40.317185772000073],[-111.70847999199998,40.317185643000073],[-111.70848177499994,40.31718550100004],[-111.70848355599998,40.317185345000041],[-111.70848533499998,40.317185176000066],[-111.70848711299999,40.317184993000069],[-111.70848888699999,40.317184797000039],[-111.70849065899995,40.317184587000042],[-111.70849242599996,40.31718436400007],[-111.70849419499996,40.317184126000029],[-111.70849595599998,40.317183876000058],[-111.70849771599995,40.317183610000029],[-111.70849947299996,40.31718333300006],[-111.70850122499996,40.317183042000067],[-111.70850297399994,40.317182737000053],[-111.70850471799997,40.317182419000062],[-111.70850645899998,40.317182089000028],[-111.70850819399999,40.317181744000038],[-111.70850992399994,40.317181386000073],[-111.70851165099998,40.317181015000074],[-111.70851337399995,40.317180630000053],[-111.70851508999999,40.317180234000034],[-111.70851680099997,40.31717982300006],[-111.70851850699995,40.317179399000054],[-111.70852020699999,40.31717896300006],[-111.70852190099998,40.317178514000034],[-111.70852358799999,40.317178051000042],[-111.70852527099998,40.317177575000073],[-111.70852694699994,40.317177086000072],[-111.70852861699996,40.317176585000027],[-111.70853027899994,40.317176073000041],[-111.70853193499994,40.317175544000065],[-111.70853358399995,40.31717500600007],[-111.70853522499999,40.317174454000053],[-111.70853685999998,40.31717388900006],[-111.70853848799999,40.317173313000069],[-111.70854010899996,40.317172724000045],[-111.70854228299999,40.317171908000034],[-111.70854389199997,40.317171302000077],[-111.70854550899998,40.317170707000059],[-111.70854713299997,40.317170126000065],[-111.70854876499999,40.317169559000035],[-111.70855040399999,40.317169002000071],[-111.70855205199996,40.317168458000026],[-111.70855370499999,40.317167927000071],[-111.70855536599998,40.317167409000035],[-111.70855703299998,40.317166902000054],[-111.70855870699995,40.317166409000038],[-111.70856038599999,40.317165930000044],[-111.70856207299994,40.317165462000048],[-111.70856376399996,40.317165009000064],[-111.70856546299996,40.317164567000077],[-111.70856716599997,40.317164139000056],[-111.70856887599996,40.317163724000068],[-111.70857058999997,40.317163322000056],[-111.70857230999997,40.317162933000077],[-111.70857403499997,40.317162558000064],[-111.70857576499998,40.317162195000037],[-111.70857749899994,40.317161845000044],[-111.70857923799997,40.317161509000073],[-111.70858097999997,40.317161188000057],[-111.70858272699996,40.317160880000074],[-111.70858447799998,40.317160582000042],[-111.70858623399994,40.317160300000069],[-111.70858799199999,40.317160032000061],[-111.70858975499999,40.317159777000029],[-111.70859151799999,40.317159534000041],[-111.70859328599994,40.317159306000065],[-111.70859505699997,40.317159091000065],[-111.70859683199996,40.317158889000041],[-111.70859860799999,40.317158702000029],[-111.70860038699999,40.31715852800005],[-111.70860216899996,40.317158368000037],[-111.70860395199998,40.317158220000067],[-111.70860573599998,40.317158087000053],[-111.70860752199997,40.317157967000071],[-111.70860930999999,40.317157863000034],[-111.70861109999998,40.317157771000041],[-111.70861288899994,40.317157691000034],[-111.70861468099997,40.317157626000039],[-111.70861647099997,40.317157575000067],[-111.70861826399994,40.31715753800006],[-111.70862021699998,40.317157513000041],[-111.70872536799999,40.317156607000072],[-111.70878454599995,40.317018880000035],[-111.70855144099994,40.317020890000038],[-111.70854964799997,40.317020882000065],[-111.70854785699999,40.317020830000047],[-111.70854606599994,40.317020730000024],[-111.70854428499996,40.31702058500008],[-111.70854250899998,40.317020397000078],[-111.70854074199997,40.317020162000063],[-111.70853898699994,40.317019880000032],[-111.70853724399996,40.317019557000037],[-111.70853551699997,40.317019188000074],[-111.70853380599999,40.317018775000065],[-111.70853211599996,40.317018319000056],[-111.70853044399996,40.317017820000046],[-111.70852879699999,40.317017280000073],[-111.70852717499997,40.317016696000053],[-111.70852557799998,40.317016073000048],[-111.70852400899997,40.317015408000032],[-111.70852246899994,40.317014703000041],[-111.70852096299996,40.317013961000043],[-111.70851948699999,40.317013179000071],[-111.70851804599994,40.317012361000025],[-111.70851664499997,40.317011506000028],[-111.70851527999997,40.317010616000061],[-111.70851395399995,40.317009692000056],[-111.70851266999995,40.317008734000069],[-111.70851142699996,40.317007745000069],[-111.70851022999994,40.317006723000077],[-111.70850907599998,40.31700567200005],[-111.70850796899998,40.317004593000036],[-111.70850690999998,40.317003485000043],[-111.70850589899999,40.317002351000042],[-111.70850493899997,40.317001192000077],[-111.70850402999997,40.317000009000026],[-111.70850317299994,40.316998804000036],[-111.70850236899997,40.316997576000063],[-111.70850161799996,40.316996330000052],[-111.70850092299997,40.316995065000071],[-111.70850028199999,40.316993784000033],[-111.70849969699998,40.316992485000071],[-111.70849917199996,40.316991173000076],[-111.70849870199999,40.316989849000038],[-111.70849828799999,40.316988514000059],[-111.70849793499997,40.316987169000072],[-111.70849764099995,40.316985814000077],[-111.70849740599999,40.316984454000078],[-111.70849722899999,40.316983088000029],[-111.70849711199998,40.316981719000069],[-111.70849705399996,40.316980246000071],[-111.70849266699997,40.316714644000058],[-111.70848903999996,40.316495115000066],[-111.70848541499998,40.316275584000039],[-111.70830615799997,40.316276970000047],[-111.70830978399999,40.316496499000039],[-111.70831340999996,40.31671602800003],[-111.70831695799995,40.316930866000064],[-111.70831697199998,40.316932238000049],[-111.70831696699997,40.316933611000024],[-111.70831692999997,40.316935559000058],[-111.70831688199996,40.316936930000054],[-111.70831681699997,40.31693830200004],[-111.70831673399999,40.316939673000036],[-111.70831663399997,40.316941043000043],[-111.70831651299994,40.316942413000049],[-111.70831637599997,40.316943782000067],[-111.70831621999997,40.316945149000048],[-111.70831604799997,40.316946515000041],[-111.70831585699995,40.316947879000054],[-111.70831564999997,40.316949242000078],[-111.70831542099995,40.316950604000056],[-111.70831517699997,40.316951964000054],[-111.70831491699994,40.316953321000028],[-111.70831463499997,40.316954678000059],[-111.70831433899997,40.316956032000064],[-111.70831402299996,40.316957382000055],[-111.70831369199999,40.316958732000046],[-111.70831333899997,40.316960078000079],[-111.70831297299998,40.31696142100003],[-111.70831258699997,40.31696276100007],[-111.70831218399996,40.316964098000028],[-111.70831176499996,40.316965433000064],[-111.70831132699999,40.316966764000028],[-111.70831087199997,40.316968092000025],[-111.70831039799998,40.316969417000053],[-111.70830990899998,40.31697073600003],[-111.70830940299999,40.316972054000075],[-111.70830887699998,40.316973365000081],[-111.70830833699995,40.316974673000061],[-111.70830777799995,40.316975979000063],[-111.70830720299995,40.316977278000024],[-111.70830661099995,40.316978574000075],[-111.70830600199997,40.316979865000064],[-111.70830537499995,40.316981152000039],[-111.70830473099994,40.316982433000078],[-111.70830407299997,40.316983709000056],[-111.70830339699995,40.316984980000029],[-111.70830270399995,40.316986246000056],[-111.70830199399995,40.316987507000078],[-111.70830126799996,40.316988762000051],[-111.70830002099996,40.316990845000078],[-111.70829926699997,40.316992090000042],[-111.70829853099997,40.316993341000057],[-111.70829781099997,40.316994597000075],[-111.70829710699996,40.316995861000066],[-111.70829641999995,40.316997129000072],[-111.70829574999999,40.316998401000035],[-111.70829509499998,40.316999680000038],[-111.70829445999999,40.317000963000055],[-111.70829383799997,40.317002249000041],[-111.70829323399994,40.317003542000066],[-111.70829264799994,40.317004840000038],[-111.70829207699995,40.317006142000025],[-111.70829152599998,40.317007446000048],[-111.70829098999997,40.317008757000053],[-111.70829046999995,40.317010071000027],[-111.70828997099994,40.317011388000026],[-111.70828948699994,40.317012711000075],[-111.70828901999994,40.317014036000046],[-111.70828857099997,40.317015365000032],[-111.70828813699995,40.317016697000042],[-111.70828772399994,40.317018031000032],[-111.70828732699999,40.317019370000025],[-111.70828694599999,40.317020712000044],[-111.70828658499994,40.317022056000042],[-111.70828624099994,40.317023403000064],[-111.70828591499998,40.317024752000066],[-111.70828560599995,40.317026105000025],[-111.70828531499996,40.31702745900003],[-111.70828503899997,40.317028816000061],[-111.70828478499999,40.31703017500007],[-111.70828454599996,40.317031535000069],[-111.70828432499997,40.317032896000057],[-111.70828412299994,40.317034260000071],[-111.70828393799997,40.317035626000063],[-111.70828377199996,40.317036993000045],[-111.70828362199995,40.317038360000026],[-111.70828349099997,40.317039729000044],[-111.70828337699999,40.317041098000061],[-111.70828328199997,40.317042469000057],[-111.70828320399994,40.317043841000043],[-111.70828314599999,40.317045214000075],[-111.70828310399997,40.317046585000071],[-111.70828307799997,40.317047957000057],[-111.70828307499994,40.317049331000078],[-111.70828308599994,40.317050703000064],[-111.70828311499997,40.317052076000039],[-111.70828316599994,40.317053446000045],[-111.70828323099994,40.317054819000077],[-111.70828331399997,40.317056190000073],[-111.70828341499998,40.31705756000008],[-111.70828353599995,40.31705893000003],[-111.70828367399997,40.317060298000058],[-111.70828382899998,40.31706166500004],[-111.70828400299996,40.317063031000032],[-111.70828419399999,40.317064396000035],[-111.70828440299999,40.317065759000059],[-111.70828462899999,40.317067120000047],[-111.70828487499995,40.317068480000046],[-111.70828513799995,40.317069838000066],[-111.70828541699996,40.31707119400005],[-111.70828571399994,40.317072548000056],[-111.70828602999995,40.317073899000036],[-111.70828636399995,40.317075248000037],[-111.70828671199996,40.317076593000024],[-111.70828708099998,40.317077937000079],[-111.70828746799998,40.317079278000051],[-111.70828787199997,40.317080615000066],[-111.70828829199996,40.317081949000055],[-111.70828873099998,40.317083280000077],[-111.70828918599994,40.317084607000027],[-111.70828965899995,40.317085931000065],[-111.70829014999998,40.317087252000078],[-111.70829065599997,40.317088568000031],[-111.70829118199998,40.317089882000062],[-111.70829172299995,40.317091188000063],[-111.70829228099996,40.317092493000075],[-111.70829285699995,40.317093794000073],[-111.70829345099997,40.317095088000031],[-111.70829405899997,40.317096379000077],[-111.70829468599999,40.317097665000063],[-111.70829533099999,40.317098946000044],[-111.70829598999995,40.317100221000032],[-111.70829666699996,40.317101494000042],[-111.70829736099995,40.317102759000079],[-111.70829806999996,40.317104020000045],[-111.70829879499996,40.317105276000063],[-111.70829953899994,40.317106524000053],[-111.70830029699999,40.317107769000074],[-111.70830107199998,40.317109005000077],[-111.70830186199998,40.317110237000065],[-111.70830267099996,40.31711146300006],[-111.70830349299996,40.317112682000072],[-111.70830433199995,40.31711389600008],[-111.70830518699995,40.31711510100007],[-111.70830618399998,40.317116473000056],[-111.70830707299996,40.317117665000069],[-111.70830797699995,40.317118850000043],[-111.70830889699994,40.317120030000069],[-111.70830983299999,40.317121200000031],[-111.70831078099997,40.317122365000046],[-111.70831174699998,40.317123520000052],[-111.70831272699996,40.317124670000055],[-111.70831372199996,40.317125813000075],[-111.70831473199996,40.317126947000077],[-111.70831575799997,40.317128073000049],[-111.70831679499997,40.31712919000006],[-111.70831785199999,40.317130301000077],[-111.70831891999995,40.317131403000076],[-111.70832000299998,40.317132498000035],[-111.70832110099997,40.317133583000043],[-111.70832220999995,40.317134661000068],[-111.70832333699997,40.317135729000029],[-111.70832447699996,40.317136788000028],[-111.70832562799995,40.317137839000054],[-111.70832679499995,40.317138882000052],[-111.70832797499997,40.317139915000041],[-111.70832916899997,40.317140939000069],[-111.70833037699998,40.317141954000078],[-111.70833159799997,40.317142961000059],[-111.70833282999996,40.317143957000042],[-111.70833407799995,40.317144943000073],[-111.70833533599995,40.31714592000003],[-111.70833660799997,40.317146888000025],[-111.70833789199997,40.317147846000069],[-111.70833918899996,40.317148793000058],[-111.70834049899997,40.317149732000075],[-111.70834182099998,40.317150659000049],[-111.70834315399998,40.31715157800005],[-111.70834449799997,40.317152485000065],[-111.70834585699998,40.317153381000026],[-111.70834722499995,40.317154267000035],[-111.70834860599996,40.317155144000026],[-111.70834999799996,40.31715600900003],[-111.70835139899998,40.317156864000026],[-111.70835281399997,40.317157707000035],[-111.70835423999995,40.317158542000072],[-111.70835567599994,40.317159364000076],[-111.70835712099995,40.317160175000026],[-111.70835857899999,40.317160975000036],[-111.70836004699999,40.317161763000058],[-111.70836152399994,40.317162541000073],[-111.70836301099996,40.317163307000044],[-111.70836450999997,40.317164062000074],[-111.70836601699995,40.317164805000061],[-111.70836753299994,40.317165536000061],[-111.70836905999994,40.317166258000043],[-111.70837059599995,40.317166966000059],[-111.70837213999994,40.317167662000031],[-111.70837369499998,40.317168346000074],[-111.70837525799999,40.317169020000051],[-111.70837682999996,40.317169681000053],[-111.70837841299999,40.317170329000078],[-111.70837999999998,40.317170966000049],[-111.70838159699997,40.317171589000054],[-111.70838320099995,40.317172202000052],[-111.70838481499999,40.317172802000073],[-111.70838643599996,40.317173389000061],[-111.70838806199998,40.317173963000073],[-111.70838970099999,40.317174526000031],[-111.70839134199997,40.31717507500008],[-111.70839299199997,40.317175613000074],[-111.70839464799997,40.317176136000057],[-111.70839631399997,40.317176650000079],[-111.70839798199995,40.317177149000031],[-111.70839965999994,40.317177636000054],[-111.70840134399998,40.317178108000064],[-111.70840303299997,40.317178569000077],[-111.70840472899994,40.317179018000047],[-111.70840642999997,40.317179451000072],[-111.70840813499996,40.317179873000043],[-111.70840984699998,40.317180280000059],[-111.70841156399996,40.317180677000067],[-111.70841328699998,40.317181058000074],[-111.70841501299998,40.317181428000026],[-111.70841674599995,40.31718178300008],[-111.70841848199996,40.317182125000045],[-111.70842022299996,40.317182455000079],[-111.70842196799998,40.317182771000034],[-111.70842371699996,40.317183073000081],[-111.70842546999995,40.317183363000026],[-111.70842722699996,40.317183637000028],[-111.70842898699999,40.317183899000042],[-111.70843075099998,40.31718414900007],[-111.70843251699995,40.317184384000029],[-111.70843428899997,40.31718460500008],[-111.70843605999994,40.31718481200005],[-111.70843783499998,40.317185007000035],[-111.70843961299994,40.317185187000064],[-111.70844139199994,40.317185355000049],[-111.70844317599995,40.317185509000069],[-111.70844495899996,40.317185649000066],[-111.70844775599994,40.317185857000027]]]},"properties":{"OBJECTID":169,"PARCEL_NO":null,"PARCELID":"341080500","PARCELID_LABEL":null,"OWNER_NAME":null,"CARE_NAME":null,"ACREAGE":null,"SITE_FULL_ADDRESS":null,"SITE_HOUSE_NUM":null,"SITE_PRE_DIR":null,"SITE_STREET_NAME":null,"SITE_STREET_TYPE":null,"SITE_POST_DIR":null,"SITE_STREET_UNIT":null,"SITE_CITY":null,"SITE_STATE":null,"SITE_ZIP5":null,"OWN_FULL_ADDRESS":null,"OWN_STREET_ADDRESS":null,"OWN_CITY":null,"OWN_STATE":null,"OWN_ZIP5":null,"VESTING_DOC":null,"PARCEL_CREATE_DATE":null,"MAP_FILING_NO":null,"SUB_NAME":null,"LEGAL_DESCR":null,"BOOK_PAGE":null,"LOT":null,"BUILDING":null,"UNIT":null,"TAX_DISTRICT":null,"TAX_DISTRICT_DESCR":null,"SCHOOL_DISTRICT":null,"TAXABLE_CODE":null,"ACCOUNT_TYPE":null,"PROP_TYPE":null,"PROP_TYPE_DESCR":null,"SPECIFIC_PROP_TYPE":null,"SPC_PROP_TYP_DESCR":null,"NEIGHBORHOOD":null,"NBHD_DISTRICT":null,"LAND_DISTRICT":null,"ECONOMIC_UNIT":null,"GLA_WEIGHTED_YRBLT":null,"TOTAL_ABOVE_GRADE_AREA":null,"TOTAL_MEZZANINE":null,"TOTAL_BASEMENT":null,"TOTAL_BSMT_FINISH":null,"TOTAL_UNIT_COUNT":null,"TOTAL_IMP_COUNT":null,"ASMT_YEAR":null,"ASMT_CODE":null,"ASMT_CODE_DESCR":null,"MKT_LAND_VALUE":null,"MKT_LAND_RES":null,"MKT_LAND_AGR":null,"MKT_LAND_COM":null,"MKT_IMP_VALUE":null,"MKT_IMP_RES":null,"MKT_IMP_AGR":null,"MKT_IMP_COM":null,"MKT_CUR_VALUE":null,"MKT_PRV_VAL":null,"MKT_VAL_YR_CHG":null,"MKT_PCT_CHG":null,"TXBL_CUR_VALUE":null,"TXBL_PRV_VAL":null,"TXBL_VAL_YR_CHG":null,"TXBL_PCT_CHG":null,"TOT_CUR_TAXES":null,"TOT_PRV_TAXES":null,"TAXES_YR_CHG":null,"TAXES_PCT_CHG":null,"GREENBELT":null,"EXEMPT_RES":null,"COMMON_AREA":null,"PUBLIC_ROAD":null,"PRIVATE_ROAD":null,"PART_CENTRAL_ASSD":null,"PART_TAXABLE":null,"IMP_NO_RES":null,"COST_GROUP_RES":null,"STYLE_DESCR_RES":null,"QUALITY_RES":null,"QUALITY_DESCR_RES":null,"CONDITION_RES":null,"CONDITION_DESCR_RES":null,"YEARBLT_RES":null,"GLA_RES":null,"BASEMENT_RES":null,"BSMT_FINISH_RES":null,"ATT_GARAGE_SQFT_RES":null,"BATHROOMS_RES":null,"GLA_BEDROOMS_RES":null,"EXTERIOR_RES":null,"ALLOCATION_PCT_RES":null,"IMP_NO_1":null,"USE_CODE_1":null,"USE_CODE_DESCR_1":null,"COST_CLASS_DESCR_1":null,"EXTERIOR_WALL_1":null,"ABOVE_GRADE_AREA_1":null,"MEZZANINE_1":null,"BASEMENT_1":null,"BSMT_FINISH_1":null,"BSMT_UNFINISH_1":null,"QUALITY_DESCR_1":null,"CONDITION_1":null,"CONDITION_DESCR_1":null,"YEAR_BUILT_1":null,"UNIT_COUNT_1":null,"PCT_COMPLETE_1":null,"ALLOCATION_PCT_1":null,"IMP_NO_2":null,"USE_CODE_2":null,"USE_CODE_DESCR_2":null,"COST_CLASS_DESCR_2":null,"EXTERIOR_WALL_2":null,"ABOVE_GRADE_AREA_2":null,"MEZZANINE_2":null,"BASEMENT_2":null,"BSMT_FINISH_2":null,"BSMT_UNFINISH_2":null,"QUALITY_DESCR_2":null,"CONDITION_2":null,"CONDITION_DESCR_2":null,"YEAR_BUILT_2":null,"UNIT_COUNT_2":null,"PCT_COMPLETE_2":null,"ALLOCATION_PCT_2":null,"TRAV_COUNT":null,"LASTUPDATE":null,"CREATED_DATE":1712330344000,"LAST_EDITED_DATE":1712330533000,"GLOBALID":"{FDEF6AB8-ECC6-4566-A373-8524350B932D}","SHAPE_Length":0.0026367739462819216,"SHAPE_Area":2.017927406174043e-07}},{"type":"Feature","id":170,"geometry":{"type":"Polygon","coordinates":[[[-111.70955599999996,40.317457496000031],[-111.70955117099999,40.317214627000055],[-111.70955102599999,40.317207219000068],[-111.70955100499998,40.317204826000079],[-111.70955101899995,40.317203453000047],[-111.70955104999996,40.317202080000072],[-111.70955109799996,40.317200709000076],[-111.70955116599998,40.317199337000034],[-111.70955124999995,40.317197965000048],[-111.70955135399998,40.317196595000041],[-111.70955147399997,40.317195226000081],[-111.70955161199998,40.317193858000053],[-111.70955176899997,40.317192489000035],[-111.70955194499999,40.317191124000033],[-111.70955213599996,40.317189760000076],[-111.70955234599995,40.317188396000063],[-111.70955257199995,40.317187035000075],[-111.70955281899995,40.317185676000065],[-111.70955308199996,40.317184318000045],[-111.70955336399999,40.317182962000061],[-111.70955366199996,40.317181608000055],[-111.70955397899996,40.317180258000064],[-111.70955431399994,40.317178910000052],[-111.70955466399994,40.31717756300003],[-111.70955503499999,40.317176220000079],[-111.70955541899997,40.317174881000028],[-111.70955582599998,40.317173543000081],[-111.70955624699997,40.317172209000034],[-111.70955668399995,40.31717087800007],[-111.70955713999996,40.317169549000027],[-111.70955761599998,40.317168226000035],[-111.70955810499999,40.317166906000068],[-111.70955861299996,40.317165590000059],[-111.70955914099994,40.317164278000064],[-111.70956005199997,40.317161966000072],[-111.70956054799996,40.317160647000037],[-111.70956102499997,40.317159323000055],[-111.70956148599998,40.317157996000049],[-111.70956192899996,40.317156668000052],[-111.70956235199998,40.317155334000063],[-111.70956275999998,40.317153997000048],[-111.70956315099994,40.317152657000065],[-111.70956352499996,40.317151316000036],[-111.70956387999996,40.31714997000006],[-111.70956421799997,40.317148621000058],[-111.70956453699995,40.317147272000057],[-111.70956484099997,40.317145918000051],[-111.70956512599997,40.317144562000067],[-111.70956539399998,40.317143207000072],[-111.70956564099998,40.317141848000063],[-111.70956587399996,40.317140486000028],[-111.70956608699998,40.317139123000061],[-111.70956628299996,40.317137759000047],[-111.70956646099995,40.317136392000066],[-111.70956662199995,40.317135026000074],[-111.70956676499998,40.317133658000046],[-111.70956688899997,40.317132288000039],[-111.70956699499999,40.317130918000032],[-111.70956708299997,40.317129547000036],[-111.70956715399996,40.31712817600004],[-111.70956720599997,40.317126804000054],[-111.70956724099995,40.317125431000079],[-111.70956725899998,40.317124058000047],[-111.70956725799999,40.317122687000051],[-111.70956723999996,40.317121314000076],[-111.70956720099997,40.317119942000033],[-111.70956714899995,40.317118569000058],[-111.70956707499994,40.317117198000062],[-111.70956698399999,40.317115827000066],[-111.70956687499995,40.317114457000059],[-111.70956674999996,40.317113089000031],[-111.70956660399997,40.317111720000071],[-111.70956644299997,40.317110353000032],[-111.70956626199995,40.31710898700004],[-111.70956606499999,40.317107624000073],[-111.70956584899994,40.317106261000049],[-111.70956561499997,40.317104900000061],[-111.70956536499995,40.317103540000062],[-111.70956509599995,40.317102184000078],[-111.70956480699999,40.317100828000036],[-111.70956450399996,40.317099476000067],[-111.70956418099996,40.31709812500003],[-111.70956384199997,40.317096778000064],[-111.70956348599998,40.317095433000077],[-111.70956310999998,40.317094091000058],[-111.70956271799997,40.317092752000065],[-111.70956230799999,40.317091416000039],[-111.70956187999997,40.317090083000039],[-111.70956143499996,40.317088751000028],[-111.70956097299995,40.317087427000047],[-111.70956049399996,40.317086103000065],[-111.70955999799997,40.317084785000077],[-111.70955948399995,40.317083471000046],[-111.70955895199995,40.317082160000041],[-111.70955840599999,40.317080852000061],[-111.70955783999995,40.317079550000074],[-111.70955725599998,40.317078251000055],[-111.70955665699995,40.31707695800003],[-111.70955604099998,40.317075669000076],[-111.70955540899996,40.317074385000069],[-111.70955475999995,40.317073105000077],[-111.70955409399994,40.317071831000078],[-111.70955340999996,40.317070561000037],[-111.70955271199995,40.317069297000046],[-111.70955199499997,40.317068039000048],[-111.70955126299998,40.317066786000055],[-111.70955051399994,40.317065539000055],[-111.70954975099994,40.317064299000037],[-111.70954896899997,40.317063063000035],[-111.70954817199998,40.317061832000036],[-111.70954735899994,40.317060609000066],[-111.70954652799998,40.317059391000043],[-111.70954568399998,40.317058182000039],[-111.70954482299999,40.31705697700005],[-111.70954394599994,40.317055781000079],[-111.70954305399999,40.317054590000055],[-111.70954214799997,40.31705340600007],[-111.70954122499995,40.317052230000058],[-111.70954028699998,40.31705105900005],[-111.70953933299995,40.317049897000061],[-111.70953836399997,40.317048744000033],[-111.70953738099996,40.317047595000076],[-111.70953638199995,40.317046454000035],[-111.70953468099998,40.317044568000028],[-111.70953364399998,40.317043450000028],[-111.70953258999998,40.317042339000068],[-111.70953152199996,40.31704123600008],[-111.70953044199996,40.317040141000064],[-111.70952934399998,40.317039054000077],[-111.70952823499999,40.317037977000041],[-111.70952710999995,40.317036908000034],[-111.70952597299998,40.317035846000067],[-111.70952481999996,40.317034794000051],[-111.70952365599999,40.317033752000043],[-111.70952247599996,40.317032717000075],[-111.70952128299996,40.317031693000047],[-111.70952007799997,40.317030677000048],[-111.70951885799997,40.317029669000078],[-111.70951762699997,40.317028673000038],[-111.70951638099996,40.317027685000028],[-111.70951512399995,40.317026707000025],[-111.70951385299998,40.317025738000041],[-111.70951256999996,40.317024780000054],[-111.70951127499995,40.317023832000075],[-111.70950996599998,40.317022893000058],[-111.70950864599996,40.317021964000048],[-111.70950731399995,40.317021045000047],[-111.70950596799997,40.317020137000043],[-111.70950461199999,40.317019239000047],[-111.70950324499995,40.317018352000048],[-111.70950186599998,40.317017475000057],[-111.70950047399998,40.317016608000074],[-111.70949907199997,40.317015752000032],[-111.70949765899996,40.317014907000043],[-111.70949623599995,40.317014073000053],[-111.70949480099995,40.317013250000059],[-111.70949335599994,40.317012438000063],[-111.70949189899994,40.317011636000075],[-111.70949043299998,40.317010847000063],[-111.70948895499998,40.317010068000059],[-111.70948746799996,40.317009301000041],[-111.70948597099999,40.317008545000078],[-111.70948446599999,40.317007800000056],[-111.70948294899995,40.317007068000066],[-111.70948142199995,40.317006347000074],[-111.70947988799998,40.317005637000079],[-111.70947834399999,40.31700494100005],[-111.70947678999994,40.31700425400004],[-111.70947522899996,40.317003581000051],[-111.70947365699999,40.317002919000061],[-111.70947207699999,40.317002268000067],[-111.70947048899995,40.317001632000029],[-111.70946889399994,40.317001006000055],[-111.70946728899997,40.317000394000047],[-111.70946567799996,40.316999791000057],[-111.70946405599994,40.31699920300008],[-111.70946242899998,40.316998627000032],[-111.70946079299995,40.316998063000028],[-111.70945915399994,40.316997513000047],[-111.70945750299995,40.316996974000062],[-111.70945584699996,40.316996449000044],[-111.70945418299999,40.316995935000079],[-111.70945251299997,40.316995435000081],[-111.70945083799995,40.316994946000079],[-111.70944915399997,40.316994473000079],[-111.70944746599997,40.31699401000003],[-111.70944577199998,40.31699356200005],[-111.70944407199994,40.316993127000046],[-111.70944236499997,40.316992704000029],[-111.70944065499998,40.316992294000045],[-111.70943893799995,40.316991897000037],[-111.70943721499998,40.316991515000041],[-111.70943548899999,40.316991143000052],[-111.70943375699994,40.316990787000066],[-111.70943202099994,40.316990444000055],[-111.70943027999999,40.316990112000042],[-111.70942853599996,40.31698979600003],[-111.70942678599994,40.316989493000051],[-111.70942503299995,40.316989201000069],[-111.70942327799997,40.316988925000032],[-111.70942151899999,40.316988662000028],[-111.70941975499994,40.316988412000057],[-111.70941798899997,40.316988176000052],[-111.70941621899999,40.316987954000069],[-111.70941444699997,40.316987744000073],[-111.70941267299997,40.316987548000043],[-111.70941089599995,40.316987367000024],[-111.70940911499997,40.316987198000049],[-111.70940733199996,40.31698704300004],[-111.70940554899994,40.316986902000053],[-111.70940376399994,40.316986775000032],[-111.70940197499999,40.316986660000055],[-111.70940018899995,40.316986560000032],[-111.70939839899995,40.316986475000078],[-111.70939660899995,40.316986402000055],[-111.70939481699997,40.316986342000064],[-111.70939302399995,40.316986297000028],[-111.70939123299996,40.316986266000072],[-111.70938943899995,40.316986248000035],[-111.70938764599998,40.316986243000031],[-111.70938585199997,40.316986253000039],[-111.70938405899994,40.31698627600008],[-111.70938226599998,40.316986313000029],[-111.70938047599998,40.316986365000048],[-111.70937868399994,40.316986429000053],[-111.70937689499999,40.316986507000024],[-111.70937510399995,40.316986600000064],[-111.70937331699997,40.316986704000044],[-111.70937152899995,40.316986824000026],[-111.70936974499995,40.31698695700004],[-111.70936796299998,40.316987104000077],[-111.70936618199994,40.316987264000034],[-111.70936440299994,40.316987438000069],[-111.70936262599997,40.316987625000024],[-111.70936085099999,40.316987826000059],[-111.70935908099995,40.316988042000048],[-111.70935731399999,40.316988269000035],[-111.70935554699997,40.316988511000034],[-111.70935378499996,40.316988766000065],[-111.70935202699997,40.316989035000063],[-111.70935027299998,40.316989317000036],[-111.70934851999999,40.316989611000054],[-111.70934677399998,40.316989922000062],[-111.70934502999995,40.316990245000056],[-111.70934329199997,40.316990580000038],[-111.70934155899994,40.316990929000042],[-111.70933982899999,40.316991291000079],[-111.70933810299999,40.316991666000035],[-111.70933638399998,40.316992055000071],[-111.70933466999998,40.316992458000072],[-111.70933296099997,40.316992872000071],[-111.70933125599998,40.316993301000025],[-111.70932955799998,40.316993741000033],[-111.70932786599997,40.316994195000063],[-111.70932617999995,40.31699466300006],[-111.70932449999998,40.316995142000053],[-111.70932282699999,40.316995634000079],[-111.70932115899996,40.316996141000061],[-111.70931949899995,40.316996658000051],[-111.70931784399994,40.316997188000073],[-111.70931619899994,40.316997733000051],[-111.70931455799996,40.316998289000026],[-111.70931292599994,40.316998858000034],[-111.70931130099996,40.316999438000039],[-111.70930968399995,40.317000032000067],[-111.70930807499997,40.317000637000035],[-111.70930632499994,40.317001295000068],[-111.70930470699994,40.317001889000039],[-111.70930308399994,40.317002469000045],[-111.70930144899995,40.317003036000074],[-111.70929980899996,40.317003593000038],[-111.70929816099999,40.317004134000058],[-111.70929650799997,40.31700466500007],[-111.70929484599998,40.31700518100007],[-111.70929317899999,40.317005686000073],[-111.70929150599994,40.317006178000042],[-111.70928982599997,40.317006657000036],[-111.70928813699999,40.317007123000053],[-111.70928644599996,40.317007576000037],[-111.70928474599998,40.317008016000045],[-111.70928304099999,40.317008443000077],[-111.70928133299998,40.317008856000029],[-111.70927961599995,40.317009258000041],[-111.70927789699999,40.317009646000031],[-111.70927617099994,40.317010021000044],[-111.70927444099999,40.317010380000056],[-111.70927270699997,40.317010728000071],[-111.70927096699995,40.317011064000042],[-111.70926922499996,40.317011386000047],[-111.70926747699997,40.31701169300004],[-111.70926572699994,40.317011988000047],[-111.70926397199997,40.317012270000077],[-111.70926221199994,40.31701253600005],[-111.70926044999999,40.317012789000046],[-111.70925868399996,40.317013031000045],[-111.70925691599996,40.317013258000031],[-111.70925514399994,40.317013473000031],[-111.70925336899995,40.317013673000076],[-111.70925159299998,40.317013858000053],[-111.70924981399997,40.317014031000042],[-111.70924803499997,40.317014190000066],[-111.70924625199996,40.317014337000046],[-111.70924446799995,40.317014469000071],[-111.70924267899994,40.317014586000028],[-111.70924089299996,40.317014691000054],[-111.70923910199997,40.317014782000058],[-111.70923731199997,40.317014859000039],[-111.70923551999999,40.317014923000045],[-111.70923372899995,40.317014974000074],[-111.70923193599998,40.317015008000055],[-111.70923014299996,40.31701503000005],[-111.70907246899998,40.317016391000038],[-111.70878451199997,40.317018872000062],[-111.70872533299996,40.317156600000033],[-111.70904799499999,40.317153819000055],[-111.70931705999999,40.317151499000033],[-111.70931888299998,40.317151505000027],[-111.70932067399997,40.317151559000081],[-111.70932246299998,40.317151657000068],[-111.70932424699998,40.317151802000069],[-111.70932602199997,40.31715199100006],[-111.70932778799994,40.317152227000065],[-111.70932954399996,40.317152505000024],[-111.70933128599995,40.317152831000044],[-111.70933301299999,40.317153199000074],[-111.70933472399997,40.317153612000027],[-111.70933641499994,40.317154068000036],[-111.70933808499996,40.317154567000046],[-111.70933973499996,40.317155108000065],[-111.70934135699997,40.317155691000039],[-111.70934295299998,40.31715631600008],[-111.70934452199998,40.317156981000039],[-111.70934605999997,40.317157685000041],[-111.70934756799994,40.317158429000074],[-111.70934904399996,40.317159209000067],[-111.70935048299998,40.317160028000046],[-111.70935188399994,40.317160883000042],[-111.70935325099998,40.317161772000077],[-111.70935457599995,40.317162697000072],[-111.70935585999996,40.317163655000058],[-111.70935710199996,40.317164645000048],[-111.70935829999996,40.317165666000051],[-111.70935945299999,40.317166716000031],[-111.70936055999999,40.317167796000035],[-111.70936161899999,40.317168904000027],[-111.70936262999999,40.317170038000029],[-111.70936358899996,40.317171196000061],[-111.70936449999999,40.317172380000045],[-111.70936535499999,40.317173585000035],[-111.70936616099999,40.317174811000029],[-111.70936691199995,40.317176059000076],[-111.70936760699999,40.317177324000056],[-111.70936824799998,40.317178606000027],[-111.70936883099995,40.317179903000067],[-111.70936935899999,40.317181214000072],[-111.70936982799998,40.317182539000044],[-111.70937023999994,40.317183875000069],[-111.70937059399995,40.317185221000045],[-111.70937088699998,40.317186574000061],[-111.70937112299998,40.317187935000049],[-111.70937129899994,40.317189301000042],[-111.70937141599995,40.317190672000038],[-111.70937147199999,40.317192043000034],[-111.70937609099997,40.317425449000041],[-111.70955599999996,40.317457496000031]]]},"properties":{"OBJECTID":170,"PARCEL_NO":null,"PARCELID":"341190500","PARCELID_LABEL":null,"OWNER_NAME":null,"CARE_NAME":null,"ACREAGE":null,"SITE_FULL_ADDRESS":null,"SITE_HOUSE_NUM":null,"SITE_PRE_DIR":null,"SITE_STREET_NAME":null,"SITE_STREET_TYPE":null,"SITE_POST_DIR":null,"SITE_STREET_UNIT":null,"SITE_CITY":null,"SITE_STATE":null,"SITE_ZIP5":null,"OWN_FULL_ADDRESS":null,"OWN_STREET_ADDRESS":null,"OWN_CITY":null,"OWN_STATE":null,"OWN_ZIP5":null,"VESTING_DOC":null,"PARCEL_CREATE_DATE":null,"MAP_FILING_NO":null,"SUB_NAME":null,"LEGAL_DESCR":null,"BOOK_PAGE":null,"LOT":null,"BUILDING":null,"UNIT":null,"TAX_DISTRICT":null,"TAX_DISTRICT_DESCR":null,"SCHOOL_DISTRICT":null,"TAXABLE_CODE":null,"ACCOUNT_TYPE":null,"PROP_TYPE":null,"PROP_TYPE_DESCR":null,"SPECIFIC_PROP_TYPE":null,"SPC_PROP_TYP_DESCR":null,"NEIGHBORHOOD":null,"NBHD_DISTRICT":null,"LAND_DISTRICT":null,"ECONOMIC_UNIT":null,"GLA_WEIGHTED_YRBLT":null,"TOTAL_ABOVE_GRADE_AREA":null,"TOTAL_MEZZANINE":null,"TOTAL_BASEMENT":null,"TOTAL_BSMT_FINISH":null,"TOTAL_UNIT_COUNT":null,"TOTAL_IMP_COUNT":null,"ASMT_YEAR":null,"ASMT_CODE":null,"ASMT_CODE_DESCR":null,"MKT_LAND_VALUE":null,"MKT_LAND_RES":null,"MKT_LAND_AGR":null,"MKT_LAND_COM":null,"MKT_IMP_VALUE":null,"MKT_IMP_RES":null,"MKT_IMP_AGR":null,"MKT_IMP_COM":null,"MKT_CUR_VALUE":null,"MKT_PRV_VAL":null,"MKT_VAL_YR_CHG":null,"MKT_PCT_CHG":null,"TXBL_CUR_VALUE":null,"TXBL_PRV_VAL":null,"TXBL_VAL_YR_CHG":null,"TXBL_PCT_CHG":null,"TOT_CUR_TAXES":null,"TOT_PRV_TAXES":null,"TAXES_YR_CHG":null,"TAXES_PCT_CHG":null,"GREENBELT":null,"EXEMPT_RES":null,"COMMON_AREA":null,"PUBLIC_ROAD":null,"PRIVATE_ROAD":null,"PART_CENTRAL_ASSD":null,"PART_TAXABLE":null,"IMP_NO_RES":null,"COST_GROUP_RES":null,"STYLE_DESCR_RES":null,"QUALITY_RES":null,"QUALITY_DESCR_RES":null,"CONDITION_RES":null,"CONDITION_DESCR_RES":null,"YEARBLT_RES":null,"GLA_RES":null,"BASEMENT_RES":null,"BSMT_FINISH_RES":null,"ATT_GARAGE_SQFT_RES":null,"BATHROOMS_RES":null,"GLA_BEDROOMS_RES":null,"EXTERIOR_RES":null,"ALLOCATION_PCT_RES":null,"IMP_NO_1":null,"USE_CODE_1":null,"USE_CODE_DESCR_1":null,"COST_CLASS_DESCR_1":null,"EXTERIOR_WALL_1":null,"ABOVE_GRADE_AREA_1":null,"MEZZANINE_1":null,"BASEMENT_1":null,"BSMT_FINISH_1":null,"BSMT_UNFINISH_1":null,"QUALITY_DESCR_1":null,"CONDITION_1":null,"CONDITION_DESCR_1":null,"YEAR_BUILT_1":null,"UNIT_COUNT_1":null,"PCT_COMPLETE_1":null,"ALLOCATION_PCT_1":null,"IMP_NO_2":null,"USE_CODE_2":null,"USE_CODE_DESCR_2":null,"COST_CLASS_DESCR_2":null,"EXTERIOR_WALL_2":null,"ABOVE_GRADE_AREA_2":null,"MEZZANINE_2":null,"BASEMENT_2":null,"BSMT_FINISH_2":null,"BSMT_UNFINISH_2":null,"QUALITY_DESCR_2":null,"CONDITION_2":null,"CONDITION_DESCR_2":null,"YEAR_BUILT_2":null,"UNIT_COUNT_2":null,"PCT_COMPLETE_2":null,"ALLOCATION_PCT_2":null,"TRAV_COUNT":null,"LASTUPDATE":null,"CREATED_DATE":1712330344000,"LAST_EDITED_DATE":1712330533000,"GLOBALID":"{3F043F65-9B7B-42B4-A497-4D07BBB28770}","SHAPE_Length":0.0024256082373071311,"SHAPE_Area":1.661069419770296e-07}},{"type":"Feature","id":171,"geometry":{"type":"Polygon","coordinates":[[[-111.76623802499995,40.484014026000068],[-111.76641054599997,40.483416305000048],[-111.76627900899996,40.483362039000042],[-111.76608349699995,40.484039408000058],[-111.76623802499995,40.484014026000068]]]},"properties":{"OBJECTID":171,"PARCEL_NO":null,"PARCELID":"536030078","PARCELID_LABEL":null,"OWNER_NAME":null,"CARE_NAME":null,"ACREAGE":null,"SITE_FULL_ADDRESS":null,"SITE_HOUSE_NUM":null,"SITE_PRE_DIR":null,"SITE_STREET_NAME":null,"SITE_STREET_TYPE":null,"SITE_POST_DIR":null,"SITE_STREET_UNIT":null,"SITE_CITY":null,"SITE_STATE":null,"SITE_ZIP5":null,"OWN_FULL_ADDRESS":null,"OWN_STREET_ADDRESS":null,"OWN_CITY":null,"OWN_STATE":null,"OWN_ZIP5":null,"VESTING_DOC":null,"PARCEL_CREATE_DATE":null,"MAP_FILING_NO":null,"SUB_NAME":null,"LEGAL_DESCR":null,"BOOK_PAGE":null,"LOT":"PART_LOT","BUILDING":null,"UNIT":null,"TAX_DISTRICT":null,"TAX_DISTRICT_DESCR":null,"SCHOOL_DISTRICT":null,"TAXABLE_CODE":null,"ACCOUNT_TYPE":null,"PROP_TYPE":null,"PROP_TYPE_DESCR":null,"SPECIFIC_PROP_TYPE":null,"SPC_PROP_TYP_DESCR":null,"NEIGHBORHOOD":null,"NBHD_DISTRICT":null,"LAND_DISTRICT":null,"ECONOMIC_UNIT":null,"GLA_WEIGHTED_YRBLT":null,"TOTAL_ABOVE_GRADE_AREA":null,"TOTAL_MEZZANINE":null,"TOTAL_BASEMENT":null,"TOTAL_BSMT_FINISH":null,"TOTAL_UNIT_COUNT":null,"TOTAL_IMP_COUNT":null,"ASMT_YEAR":null,"ASMT_CODE":null,"ASMT_CODE_DESCR":null,"MKT_LAND_VALUE":null,"MKT_LAND_RES":null,"MKT_LAND_AGR":null,"MKT_LAND_COM":null,"MKT_IMP_VALUE":null,"MKT_IMP_RES":null,"MKT_IMP_AGR":null,"MKT_IMP_COM":null,"MKT_CUR_VALUE":null,"MKT_PRV_VAL":null,"MKT_VAL_YR_CHG":null,"MKT_PCT_CHG":null,"TXBL_CUR_VALUE":null,"TXBL_PRV_VAL":null,"TXBL_VAL_YR_CHG":null,"TXBL_PCT_CHG":null,"TOT_CUR_TAXES":null,"TOT_PRV_TAXES":null,"TAXES_YR_CHG":null,"TAXES_PCT_CHG":null,"GREENBELT":null,"EXEMPT_RES":null,"COMMON_AREA":null,"PUBLIC_ROAD":null,"PRIVATE_ROAD":null,"PART_CENTRAL_ASSD":null,"PART_TAXABLE":null,"IMP_NO_RES":null,"COST_GROUP_RES":null,"STYLE_DESCR_RES":null,"QUALITY_RES":null,"QUALITY_DESCR_RES":null,"CONDITION_RES":null,"CONDITION_DESCR_RES":null,"YEARBLT_RES":null,"GLA_RES":null,"BASEMENT_RES":null,"BSMT_FINISH_RES":null,"ATT_GARAGE_SQFT_RES":null,"BATHROOMS_RES":null,"GLA_BEDROOMS_RES":null,"EXTERIOR_RES":null,"ALLOCATION_PCT_RES":null,"IMP_NO_1":null,"USE_CODE_1":null,"USE_CODE_DESCR_1":null,"COST_CLASS_DESCR_1":null,"EXTERIOR_WALL_1":null,"ABOVE_GRADE_AREA_1":null,"MEZZANINE_1":null,"BASEMENT_1":null,"BSMT_FINISH_1":null,"BSMT_UNFINISH_1":null,"QUALITY_DESCR_1":null,"CONDITION_1":null,"CONDITION_DESCR_1":null,"YEAR_BUILT_1":null,"UNIT_COUNT_1":null,"PCT_COMPLETE_1":null,"ALLOCATION_PCT_1":null,"IMP_NO_2":null,"USE_CODE_2":null,"USE_CODE_DESCR_2":null,"COST_CLASS_DESCR_2":null,"EXTERIOR_WALL_2":null,"ABOVE_GRADE_AREA_2":null,"MEZZANINE_2":null,"BASEMENT_2":null,"BSMT_FINISH_2":null,"BSMT_UNFINISH_2":null,"QUALITY_DESCR_2":null,"CONDITION_2":null,"CONDITION_DESCR_2":null,"YEAR_BUILT_2":null,"UNIT_COUNT_2":null,"PCT_COMPLETE_2":null,"ALLOCATION_PCT_2":null,"TRAV_COUNT":null,"LASTUPDATE":null,"CREATED_DATE":1746099886000,"LAST_EDITED_DATE":1746099886000,"GLOBALID":"{B3B77F61-9CF4-439F-AF8E-D855DB17ECC0}","SHAPE_Length":0.0016260307066171685,"SHAPE_Area":9.3847221513486647e-08}},{"type":"Feature","id":172,"geometry":{"type":"Polygon","coordinates":[[[-111.71022748699994,40.319211999000061],[-111.71022729099997,40.319121443000029],[-111.70993866099997,40.319124871000042],[-111.70965006699998,40.319128294000052],[-111.70964804099998,40.319128291000027],[-111.70964624999999,40.31912823600004],[-111.70964446099998,40.319128138000053],[-111.70964267799997,40.319127993000052],[-111.70964090199999,40.319127804000061],[-111.70963913699995,40.319127568000056],[-111.70963737999995,40.31912728900005],[-111.70963563699996,40.319126964000077],[-111.70963391099997,40.319126594000068],[-111.70963220199997,40.319126182000048],[-111.70963051099994,40.319125726000038],[-111.70962883899995,40.31912522600004],[-111.70962719199997,40.319124685000077],[-111.70962556899997,40.319124103000036],[-111.70962396999994,40.319123478000051],[-111.70962240099999,40.319122812000046],[-111.70962086299994,40.319122109000034],[-111.70961935599996,40.319121365000058],[-111.70961788199997,40.319120583000029],[-111.70961644099998,40.31911976400005],[-111.70961503999996,40.319118911000032],[-111.70961367599995,40.319118020000076],[-111.70961234899994,40.31911709600007],[-111.70961106499999,40.319116139000073],[-111.70960982199995,40.319115149000027],[-111.70960862399994,40.319114127000034],[-111.70960746999998,40.319113075000075],[-111.70960636599995,40.319111996000061],[-111.70960530699995,40.319110888000068],[-111.70960429599995,40.319109755000056],[-111.70960333499994,40.319108595000046],[-111.70960242599995,40.319107412000051],[-111.70960156799998,40.319106207000061],[-111.70960076499995,40.319104980000077],[-111.70960001499998,40.319103733000077],[-111.70959931999994,40.319102469000029],[-111.70959868099999,40.319101187000058],[-111.70959809599998,40.319099890000075],[-111.70959756899998,40.319098576000044],[-111.70959709999994,40.319097251000073],[-111.70959668799998,40.319095917000027],[-111.70959633299998,40.319094571000051],[-111.70959604099994,40.319093217000045],[-111.70959580399995,40.319091857000046],[-111.70959562899998,40.319090491000054],[-111.70959551299995,40.319089122000037],[-111.70959545699998,40.319087749000062],[-111.70959116599994,40.31887097200007],[-111.70942592099999,40.318856464000078],[-111.70943053899998,40.319089733000055],[-111.70943052999996,40.319091243000059],[-111.70943046199994,40.319092615000045],[-111.70943033399999,40.319093984000062],[-111.70943014599999,40.319095349000065],[-111.70942989899999,40.319096709000064],[-111.70942959199999,40.31909806200008],[-111.70942922699999,40.319099405000031],[-111.70942880499996,40.319100737000042],[-111.70942832199995,40.319102060000034],[-111.70942778399996,40.31910337000005],[-111.70942718699996,40.319104664000065],[-111.70942653699996,40.319105943000068],[-111.70942582899994,40.31910720500008],[-111.70942506799997,40.319108448000065],[-111.70942425399994,40.319109670000046],[-111.70942338599997,40.319110871000078],[-111.70942246699997,40.319112050000058],[-111.70942149599995,40.319113204000075],[-111.70942047499994,40.319114331000037],[-111.70941940499995,40.319115434000025],[-111.70941829199995,40.319116508000036],[-111.70941712999996,40.319117554000059],[-111.70941592099996,40.319118569000068],[-111.70941466999994,40.319119552000075],[-111.70941337799997,40.319120503000079],[-111.70941204399998,40.319121421000034],[-111.70941067299998,40.319122303000029],[-111.70940926199995,40.319123151000042],[-111.70940781599995,40.319123963000038],[-111.70940633299995,40.319124737000038],[-111.70940481999997,40.319125472000053],[-111.70940327399995,40.319126169000072],[-111.70940170099999,40.319126825000069],[-111.70940009699996,40.319127441000035],[-111.70939846899995,40.319128014000057],[-111.70939681699997,40.319128548000037],[-111.70939514299994,40.319129040000064],[-111.70939344599998,40.319129488000044],[-111.70939173199997,40.319129892000035],[-111.70939000099997,40.319130251000047],[-111.70938825599995,40.319130567000059],[-111.70938649999999,40.319130837000046],[-111.70938473099994,40.319131063000043],[-111.70938295399998,40.319131245000051],[-111.70938116899998,40.319131379000055],[-111.70937938099996,40.31913146900007],[-111.70937758799994,40.319131514000048],[-111.70912695899995,40.319134487000042],[-111.70883657299999,40.319137931000057],[-111.70883807499996,40.319228487000032],[-111.71022748699994,40.319211999000061]]]},"properties":{"OBJECTID":172,"PARCEL_NO":null,"PARCELID":"341500500","PARCELID_LABEL":null,"OWNER_NAME":null,"CARE_NAME":null,"ACREAGE":null,"SITE_FULL_ADDRESS":null,"SITE_HOUSE_NUM":null,"SITE_PRE_DIR":null,"SITE_STREET_NAME":null,"SITE_STREET_TYPE":null,"SITE_POST_DIR":null,"SITE_STREET_UNIT":null,"SITE_CITY":null,"SITE_STATE":null,"SITE_ZIP5":null,"OWN_FULL_ADDRESS":null,"OWN_STREET_ADDRESS":null,"OWN_CITY":null,"OWN_STATE":null,"OWN_ZIP5":null,"VESTING_DOC":null,"PARCEL_CREATE_DATE":null,"MAP_FILING_NO":null,"SUB_NAME":null,"LEGAL_DESCR":null,"BOOK_PAGE":null,"LOT":null,"BUILDING":null,"UNIT":null,"TAX_DISTRICT":null,"TAX_DISTRICT_DESCR":null,"SCHOOL_DISTRICT":null,"TAXABLE_CODE":null,"ACCOUNT_TYPE":null,"PROP_TYPE":null,"PROP_TYPE_DESCR":null,"SPECIFIC_PROP_TYPE":null,"SPC_PROP_TYP_DESCR":null,"NEIGHBORHOOD":null,"NBHD_DISTRICT":null,"LAND_DISTRICT":null,"ECONOMIC_UNIT":null,"GLA_WEIGHTED_YRBLT":null,"TOTAL_ABOVE_GRADE_AREA":null,"TOTAL_MEZZANINE":null,"TOTAL_BASEMENT":null,"TOTAL_BSMT_FINISH":null,"TOTAL_UNIT_COUNT":null,"TOTAL_IMP_COUNT":null,"ASMT_YEAR":null,"ASMT_CODE":null,"ASMT_CODE_DESCR":null,"MKT_LAND_VALUE":null,"MKT_LAND_RES":null,"MKT_LAND_AGR":null,"MKT_LAND_COM":null,"MKT_IMP_VALUE":null,"MKT_IMP_RES":null,"MKT_IMP_AGR":null,"MKT_IMP_COM":null,"MKT_CUR_VALUE":null,"MKT_PRV_VAL":null,"MKT_VAL_YR_CHG":null,"MKT_PCT_CHG":null,"TXBL_CUR_VALUE":null,"TXBL_PRV_VAL":null,"TXBL_VAL_YR_CHG":null,"TXBL_PCT_CHG":null,"TOT_CUR_TAXES":null,"TOT_PRV_TAXES":null,"TAXES_YR_CHG":null,"TAXES_PCT_CHG":null,"GREENBELT":null,"EXEMPT_RES":null,"COMMON_AREA":null,"PUBLIC_ROAD":null,"PRIVATE_ROAD":null,"PART_CENTRAL_ASSD":null,"PART_TAXABLE":null,"IMP_NO_RES":null,"COST_GROUP_RES":null,"STYLE_DESCR_RES":null,"QUALITY_RES":null,"QUALITY_DESCR_RES":null,"CONDITION_RES":null,"CONDITION_DESCR_RES":null,"YEARBLT_RES":null,"GLA_RES":null,"BASEMENT_RES":null,"BSMT_FINISH_RES":null,"ATT_GARAGE_SQFT_RES":null,"BATHROOMS_RES":null,"GLA_BEDROOMS_RES":null,"EXTERIOR_RES":null,"ALLOCATION_PCT_RES":null,"IMP_NO_1":null,"USE_CODE_1":null,"USE_CODE_DESCR_1":null,"COST_CLASS_DESCR_1":null,"EXTERIOR_WALL_1":null,"ABOVE_GRADE_AREA_1":null,"MEZZANINE_1":null,"BASEMENT_1":null,"BSMT_FINISH_1":null,"BSMT_UNFINISH_1":null,"QUALITY_DESCR_1":null,"CONDITION_1":null,"CONDITION_DESCR_1":null,"YEAR_BUILT_1":null,"UNIT_COUNT_1":null,"PCT_COMPLETE_1":null,"ALLOCATION_PCT_1":null,"IMP_NO_2":null,"USE_CODE_2":null,"USE_CODE_DESCR_2":null,"COST_CLASS_DESCR_2":null,"EXTERIOR_WALL_2":null,"ABOVE_GRADE_AREA_2":null,"MEZZANINE_2":null,"BASEMENT_2":null,"BSMT_FINISH_2":null,"BSMT_UNFINISH_2":null,"QUALITY_DESCR_2":null,"CONDITION_2":null,"CONDITION_DESCR_2":null,"YEAR_BUILT_2":null,"UNIT_COUNT_2":null,"PCT_COMPLETE_2":null,"ALLOCATION_PCT_2":null,"TRAV_COUNT":null,"LASTUPDATE":null,"CREATED_DATE":1712330344000,"LAST_EDITED_DATE":1712330533000,"GLOBALID":"{E25CAC49-D1DE-4812-A142-72681ED02166}","SHAPE_Length":0.0034547764346518632,"SHAPE_Area":1.7075021141268855e-07}},{"type":"Feature","id":173,"geometry":{"type":"Polygon","coordinates":[[[-111.70848537099994,40.316275602000076],[-111.70848172899997,40.316056065000055],[-111.70847810299995,40.315836539000031],[-111.70847511599999,40.315655539000034],[-111.70847513199999,40.315653912000073],[-111.70847520999996,40.315652540000031],[-111.70847534899997,40.315651172000059],[-111.70847554599999,40.315649809000035],[-111.70847580099996,40.315648449000037],[-111.70847611699998,40.315647099000046],[-111.70847649099994,40.315645756000038],[-111.70847692299998,40.315644424000027],[-111.70847741399996,40.315643105000049],[-111.70847796099997,40.315641797000069],[-111.70847856599994,40.315640505000033],[-111.70847922499996,40.315639229000055],[-111.70847994199994,40.315637969000079],[-111.70848071099999,40.315636730000051],[-111.70848153399999,40.315635511000039],[-111.70848241099998,40.315634313000032],[-111.70848333699996,40.315633140000045],[-111.70848431599995,40.315631989000053],[-111.70848534399994,40.31563086400007],[-111.70848641999999,40.31562976500004],[-111.70848754299999,40.315628696000033],[-111.70848871099997,40.315627656000061],[-111.70848992699996,40.315626646000055],[-111.70849118299998,40.315625667000063],[-111.70849248199994,40.315624721000063],[-111.70849382199998,40.315623807000065],[-111.70849520099995,40.315622930000075],[-111.70849661799997,40.315622089000044],[-111.70849806799998,40.315621283000041],[-111.70849955499995,40.315620516000081],[-111.70850107299998,40.315619788000049],[-111.70850262399995,40.315619097000081],[-111.70850420299996,40.31561844600003],[-111.70850580799998,40.315617836000058],[-111.70850744199998,40.31561726700005],[-111.70850909599994,40.315616742000032],[-111.70851077599997,40.315616257000045],[-111.70851247299998,40.315615816000047],[-111.70851418999996,40.31561541800005],[-111.70851592299999,40.315615066000078],[-111.70851766999999,40.315614759000027],[-111.70851942999997,40.315614493000055],[-111.70852119999995,40.31561427400004],[-111.70852297699997,40.31561410200004],[-111.70852476099998,40.31561397300004],[-111.70852655299996,40.315613890000066],[-111.70852834599998,40.315613853000059],[-111.70824153899997,40.315616069000043],[-111.70824341099996,40.315616079000051],[-111.70824520299999,40.315616135000027],[-111.70824699199994,40.315616236000039],[-111.70824877499996,40.315616385000055],[-111.70825054999995,40.315616578000061],[-111.70825231499998,40.315616816000045],[-111.70825406999995,40.315617100000054],[-111.70825581299999,40.315617428000053],[-111.70825753599996,40.315617799000051],[-111.70825924499997,40.315618215000029],[-111.70826093699998,40.315618674000063],[-111.70826260399997,40.315619176000041],[-111.70826424999996,40.315619720000029],[-111.70826587199997,40.315620307000074],[-111.70826746699998,40.315620934000037],[-111.70826903499994,40.315621602000078],[-111.70827057099996,40.315622310000037],[-111.70827207599996,40.31562305500006],[-111.70827354799997,40.315623838000079],[-111.70827498599999,40.315624660000026],[-111.70827638599997,40.315625517000058],[-111.70827774499998,40.31562640900006],[-111.70827906799997,40.31562733700008],[-111.70828035099998,40.315628297000046],[-111.70828158799998,40.315629288000025],[-111.70828278599998,40.315630313000042],[-111.70828393499994,40.315631365000058],[-111.70828503699994,40.315632447000041],[-111.70828609199998,40.315633555000034],[-111.70828709899996,40.31563469200006],[-111.70828805699995,40.315635852000071],[-111.70828896099999,40.315637037000045],[-111.70828981499994,40.31563824400007],[-111.70829061399996,40.315639472000043],[-111.70829135999998,40.315640720000033],[-111.70829205399997,40.31564198600006],[-111.70829268799997,40.315643270000066],[-111.70829326899997,40.315644569000028],[-111.70829379299994,40.31564588100008],[-111.70829425799997,40.31564720700004],[-111.70829466599997,40.315648544000055],[-111.70829501299994,40.315649889000042],[-111.70829530399999,40.315651244000037],[-111.70829553699997,40.315652606000072],[-111.70829570799998,40.315653972000064],[-111.70829581999999,40.315655341000024],[-111.70829587199995,40.315656714000056],[-111.70829886599995,40.315837933000068],[-111.70830248999994,40.316057460000025],[-111.70830611599996,40.316276986000048],[-111.70848537099994,40.316275602000076]]]},"properties":{"OBJECTID":173,"PARCEL_NO":null,"PARCELID":"341010500","PARCELID_LABEL":null,"OWNER_NAME":null,"CARE_NAME":null,"ACREAGE":null,"SITE_FULL_ADDRESS":null,"SITE_HOUSE_NUM":null,"SITE_PRE_DIR":null,"SITE_STREET_NAME":null,"SITE_STREET_TYPE":null,"SITE_POST_DIR":null,"SITE_STREET_UNIT":null,"SITE_CITY":null,"SITE_STATE":null,"SITE_ZIP5":null,"OWN_FULL_ADDRESS":null,"OWN_STREET_ADDRESS":null,"OWN_CITY":null,"OWN_STATE":null,"OWN_ZIP5":null,"VESTING_DOC":null,"PARCEL_CREATE_DATE":null,"MAP_FILING_NO":null,"SUB_NAME":null,"LEGAL_DESCR":null,"BOOK_PAGE":null,"LOT":null,"BUILDING":null,"UNIT":null,"TAX_DISTRICT":null,"TAX_DISTRICT_DESCR":null,"SCHOOL_DISTRICT":null,"TAXABLE_CODE":null,"ACCOUNT_TYPE":null,"PROP_TYPE":null,"PROP_TYPE_DESCR":null,"SPECIFIC_PROP_TYPE":null,"SPC_PROP_TYP_DESCR":null,"NEIGHBORHOOD":null,"NBHD_DISTRICT":null,"LAND_DISTRICT":null,"ECONOMIC_UNIT":null,"GLA_WEIGHTED_YRBLT":null,"TOTAL_ABOVE_GRADE_AREA":null,"TOTAL_MEZZANINE":null,"TOTAL_BASEMENT":null,"TOTAL_BSMT_FINISH":null,"TOTAL_UNIT_COUNT":null,"TOTAL_IMP_COUNT":null,"ASMT_YEAR":null,"ASMT_CODE":null,"ASMT_CODE_DESCR":null,"MKT_LAND_VALUE":null,"MKT_LAND_RES":null,"MKT_LAND_AGR":null,"MKT_LAND_COM":null,"MKT_IMP_VALUE":null,"MKT_IMP_RES":null,"MKT_IMP_AGR":null,"MKT_IMP_COM":null,"MKT_CUR_VALUE":null,"MKT_PRV_VAL":null,"MKT_VAL_YR_CHG":null,"MKT_PCT_CHG":null,"TXBL_CUR_VALUE":null,"TXBL_PRV_VAL":null,"TXBL_VAL_YR_CHG":null,"TXBL_PCT_CHG":null,"TOT_CUR_TAXES":null,"TOT_PRV_TAXES":null,"TAXES_YR_CHG":null,"TAXES_PCT_CHG":null,"GREENBELT":null,"EXEMPT_RES":null,"COMMON_AREA":null,"PUBLIC_ROAD":null,"PRIVATE_ROAD":null,"PART_CENTRAL_ASSD":null,"PART_TAXABLE":null,"IMP_NO_RES":null,"COST_GROUP_RES":null,"STYLE_DESCR_RES":null,"QUALITY_RES":null,"QUALITY_DESCR_RES":null,"CONDITION_RES":null,"CONDITION_DESCR_RES":null,"YEARBLT_RES":null,"GLA_RES":null,"BASEMENT_RES":null,"BSMT_FINISH_RES":null,"ATT_GARAGE_SQFT_RES":null,"BATHROOMS_RES":null,"GLA_BEDROOMS_RES":null,"EXTERIOR_RES":null,"ALLOCATION_PCT_RES":null,"IMP_NO_1":null,"USE_CODE_1":null,"USE_CODE_DESCR_1":null,"COST_CLASS_DESCR_1":null,"EXTERIOR_WALL_1":null,"ABOVE_GRADE_AREA_1":null,"MEZZANINE_1":null,"BASEMENT_1":null,"BSMT_FINISH_1":null,"BSMT_UNFINISH_1":null,"QUALITY_DESCR_1":null,"CONDITION_1":null,"CONDITION_DESCR_1":null,"YEAR_BUILT_1":null,"UNIT_COUNT_1":null,"PCT_COMPLETE_1":null,"ALLOCATION_PCT_1":null,"IMP_NO_2":null,"USE_CODE_2":null,"USE_CODE_DESCR_2":null,"COST_CLASS_DESCR_2":null,"EXTERIOR_WALL_2":null,"ABOVE_GRADE_AREA_2":null,"MEZZANINE_2":null,"BASEMENT_2":null,"BSMT_FINISH_2":null,"BSMT_UNFINISH_2":null,"QUALITY_DESCR_2":null,"CONDITION_2":null,"CONDITION_DESCR_2":null,"YEAR_BUILT_2":null,"UNIT_COUNT_2":null,"PCT_COMPLETE_2":null,"ALLOCATION_PCT_2":null,"TRAV_COUNT":null,"LASTUPDATE":null,"CREATED_DATE":1712330344000,"LAST_EDITED_DATE":1712330533000,"GLOBALID":"{D8DBC627-B6F5-49DD-A57C-4646C8000346}","SHAPE_Length":0.0018563878356418781,"SHAPE_Area":1.1950412129712105e-07}},{"type":"Feature","id":174,"geometry":{"type":"Polygon","coordinates":[[[-112.07973374599999,40.32859882200006],[-112.07974908499995,40.330410015000041],[-112.08093239199997,40.330404139000052],[-112.08091702099995,40.328592946000072],[-112.07973374599999,40.32859882200006]]]},"properties":{"OBJECTID":174,"PARCEL_NO":590360053,"PARCELID":"590360053","PARCELID_LABEL":"59:036:0053","OWNER_NAME":"COOK, LARRY ERNIL","CARE_NAME":null,"ACREAGE":4.9999989999999999,"SITE_FULL_ADDRESS":null,"SITE_HOUSE_NUM":null,"SITE_PRE_DIR":null,"SITE_STREET_NAME":null,"SITE_STREET_TYPE":null,"SITE_POST_DIR":null,"SITE_STREET_UNIT":null,"SITE_CITY":null,"SITE_STATE":null,"SITE_ZIP5":null,"OWN_FULL_ADDRESS":"613 EMIGRANT RD  LYMAN, WY 82937-9061","OWN_STREET_ADDRESS":"613 EMIGRANT RD","OWN_CITY":"LYMAN","OWN_STATE":"WY","OWN_ZIP5":"82937","VESTING_DOC":"111646-2009 (MORE)","PARCEL_CREATE_DATE":1748390400000,"MAP_FILING_NO":null,"SUB_NAME":null,"LEGAL_DESCR":"COM & N 24 RD FR SE COR. LOT 7, SEC. 4, T6S, R2W, SLB&M.; W 20 RD; N 40 RD; E 20 RD; S 40 RD TO BEG. AREA 5.000 AC.","BOOK_PAGE":59036,"LOT":null,"BUILDING":null,"UNIT":null,"TAX_DISTRICT":"050","TAX_DISTRICT_DESCR":"CEDAR FORT CITY","SCHOOL_DISTRICT":"ALPINE","TAXABLE_CODE":100,"ACCOUNT_TYPE":null,"PROP_TYPE":9999,"PROP_TYPE_DESCR":"DEFAULT","SPECIFIC_PROP_TYPE":9999,"SPC_PROP_TYP_DESCR":"DEFAULT","NEIGHBORHOOD":"9999","NBHD_DISTRICT":null,"LAND_DISTRICT":9999,"ECONOMIC_UNIT":null,"GLA_WEIGHTED_YRBLT":null,"TOTAL_ABOVE_GRADE_AREA":null,"TOTAL_MEZZANINE":null,"TOTAL_BASEMENT":null,"TOTAL_BSMT_FINISH":null,"TOTAL_UNIT_COUNT":null,"TOTAL_IMP_COUNT":null,"ASMT_YEAR":2026,"ASMT_CODE":"UNK","ASMT_CODE_DESCR":"UNK","MKT_LAND_VALUE":0,"MKT_LAND_RES":0,"MKT_LAND_AGR":0,"MKT_LAND_COM":0,"MKT_IMP_VALUE":0,"MKT_IMP_RES":0,"MKT_IMP_AGR":0,"MKT_IMP_COM":0,"MKT_CUR_VALUE":0,"MKT_PRV_VAL":0,"MKT_VAL_YR_CHG":0,"MKT_PCT_CHG":0,"TXBL_CUR_VALUE":0,"TXBL_PRV_VAL":0,"TXBL_VAL_YR_CHG":0,"TXBL_PCT_CHG":0,"TOT_CUR_TAXES":0,"TOT_PRV_TAXES":0,"TAXES_YR_CHG":0,"TAXES_PCT_CHG":0,"GREENBELT":null,"EXEMPT_RES":"UNK","COMMON_AREA":null,"PUBLIC_ROAD":null,"PRIVATE_ROAD":null,"PART_CENTRAL_ASSD":null,"PART_TAXABLE":null,"IMP_NO_RES":null,"COST_GROUP_RES":null,"STYLE_DESCR_RES":null,"QUALITY_RES":null,"QUALITY_DESCR_RES":null,"CONDITION_RES":null,"CONDITION_DESCR_RES":null,"YEARBLT_RES":null,"GLA_RES":null,"BASEMENT_RES":null,"BSMT_FINISH_RES":null,"ATT_GARAGE_SQFT_RES":null,"BATHROOMS_RES":null,"GLA_BEDROOMS_RES":null,"EXTERIOR_RES":null,"ALLOCATION_PCT_RES":null,"IMP_NO_1":null,"USE_CODE_1":null,"USE_CODE_DESCR_1":null,"COST_CLASS_DESCR_1":null,"EXTERIOR_WALL_1":null,"ABOVE_GRADE_AREA_1":null,"MEZZANINE_1":null,"BASEMENT_1":null,"BSMT_FINISH_1":null,"BSMT_UNFINISH_1":null,"QUALITY_DESCR_1":null,"CONDITION_1":null,"CONDITION_DESCR_1":null,"YEAR_BUILT_1":null,"UNIT_COUNT_1":null,"PCT_COMPLETE_1":null,"ALLOCATION_PCT_1":null,"IMP_NO_2":null,"USE_CODE_2":null,"USE_CODE_DESCR_2":null,"COST_CLASS_DESCR_2":null,"EXTERIOR_WALL_2":null,"ABOVE_GRADE_AREA_2":null,"MEZZANINE_2":null,"BASEMENT_2":null,"BSMT_FINISH_2":null,"BSMT_UNFINISH_2":null,"QUALITY_DESCR_2":null,"CONDITION_2":null,"CONDITION_DESCR_2":null,"YEAR_BUILT_2":null,"UNIT_COUNT_2":null,"PCT_COMPLETE_2":null,"ALLOCATION_PCT_2":null,"TRAV_COUNT":null,"LASTUPDATE":null,"CREATED_DATE":1748424782000,"LAST_EDITED_DATE":1748424782000,"GLOBALID":"{90EBB833-2D64-4A83-9042-2CA58182F410}","SHAPE_Length":0.0059891273538656888,"SHAPE_Area":2.1432586021007764e-06}},{"type":"Feature","id":175,"geometry":{"type":"Polygon","coordinates":[[[-111.65332191799996,40.161204971000075],[-111.65332191799996,40.161204941000051],[-111.65332104399994,40.160810449000053],[-111.65332099599999,40.160810449000053],[-111.65327632899999,40.160810518000062],[-111.65327603699996,40.160678789000031],[-111.65327599099999,40.160678790000077],[-111.65323285999995,40.160678841000049],[-111.65323277299996,40.160678841000049],[-111.65323265499995,40.160625325000069],[-111.65323273999996,40.160625325000069],[-111.65326306699995,40.160625285000037],[-111.65326235099997,40.160302039000044],[-111.65272606899998,40.16030274700006],[-111.65272635299999,40.160431957000071],[-111.65272644899994,40.160478397000077],[-111.65281222599998,40.160478284000078],[-111.65281267399996,40.160680768000077],[-111.65280934999998,40.160761058000048],[-111.65281036599998,40.16120221400007],[-111.65332186099994,40.161204971000075],[-111.65332191799996,40.161204971000075]],[[-111.65287990599995,40.160475163000058],[-111.65287988599999,40.160461439000073],[-111.65284143599996,40.160461491000035],[-111.65284137999998,40.160422377000032],[-111.65277701099996,40.160422462000042],[-111.65277686899998,40.160338073000048],[-111.65285531999996,40.160337970000057],[-111.65285530799997,40.160332478000043],[-111.65288511399996,40.160332437000079],[-111.65288513299998,40.160337931000072],[-111.65291286799999,40.160337894000065],[-111.65294059999997,40.160337858000048],[-111.65294058799998,40.160332365000045],[-111.65297040499996,40.160332326000059],[-111.65297041699995,40.160337819000063],[-111.65304885499995,40.160337714000036],[-111.65307033199997,40.160337686000048],[-111.65307031299994,40.160329452000042],[-111.65310073399996,40.160329412000067],[-111.65310072099999,40.160323921000042],[-111.65313053699998,40.160323880000078],[-111.65313054899997,40.160329372000035],[-111.65314187899997,40.16032935700008],[-111.65315319699994,40.160329342000068],[-111.65315319699994,40.160323851000044],[-111.65318299899997,40.160323812000058],[-111.65318301199994,40.160329303000026],[-111.65321343299996,40.160329263000051],[-111.65321346299999,40.160337497000057],[-111.65323492899995,40.160337467000033],[-111.65323516599994,40.160421857000074],[-111.65321370699996,40.160421885000062],[-111.65321381499996,40.160460998000076],[-111.65317509099998,40.160461050000038],[-111.65317512099995,40.160474773000033],[-111.65314205399994,40.160474816000033],[-111.65310897199998,40.160474860000079],[-111.65310895499999,40.160461137000027],[-111.65307023299999,40.160461189000046],[-111.65307016399998,40.160422075000042],[-111.65304870799997,40.160422104000077],[-111.65298434899995,40.160422188000041],[-111.65298445099995,40.160461302000044],[-111.65294601499994,40.160461352000027],[-111.65294605599996,40.160475076000068],[-111.65291297699997,40.160475120000058],[-111.65287990599995,40.160475163000058]],[[-111.65292746599994,40.161121869000056],[-111.65292745299996,40.161116379000077],[-111.65291612499999,40.161116394000032],[-111.65290479199996,40.161116409000044],[-111.65290480499999,40.161121899000079],[-111.65287500299996,40.161121938000065],[-111.65287497899999,40.16111644800003],[-111.65284456599994,40.161116489000051],[-111.65284453699996,40.16110825100003],[-111.65282306999995,40.161108279000075],[-111.65282283599998,40.161023893000049],[-111.65284429399998,40.161023864000072],[-111.65284418599998,40.160984752000047],[-111.65288290999996,40.160984701000075],[-111.65288286799995,40.160970975000055],[-111.65291594999997,40.160970932000055],[-111.65294901999994,40.160970888000065],[-111.65294904099994,40.160984614000029],[-111.65298776999998,40.160984563000056],[-111.65298783899999,40.161023674000035],[-111.65300928399995,40.161023646000046],[-111.65307365499996,40.161023562000025],[-111.65307354099997,40.160984450000058],[-111.65311198999996,40.160984400000075],[-111.65311194799995,40.160970672000076],[-111.65314501799998,40.16097062800003],[-111.65317810199997,40.16097058500003],[-111.65317811899996,40.16098431100005],[-111.65321655699995,40.160984260000077],[-111.65321662599996,40.161023372000045],[-111.65328098799995,40.161023287000035],[-111.65328113499999,40.16110767400005],[-111.65320268699998,40.16110777800003],[-111.65320269899996,40.161113270000044],[-111.65317288399996,40.161113309000029],[-111.65317287199997,40.161107817000072],[-111.65314513699997,40.161107854000079],[-111.65311740599998,40.161107890000039],[-111.65311740799996,40.161113383000043],[-111.65308759899995,40.161113422000028],[-111.65308758599997,40.161107929000025],[-111.65300914099998,40.161108034000051],[-111.65298767199994,40.161108062000039],[-111.65298768199995,40.16111630000006],[-111.65295726799997,40.161116340000035],[-111.65295727199998,40.161121829000081],[-111.65292746599994,40.161121869000056]]]},"properties":{"OBJECTID":175,"PARCEL_NO":null,"PARCELID":"391100800","PARCELID_LABEL":null,"OWNER_NAME":null,"CARE_NAME":null,"ACREAGE":null,"SITE_FULL_ADDRESS":null,"SITE_HOUSE_NUM":null,"SITE_PRE_DIR":null,"SITE_STREET_NAME":null,"SITE_STREET_TYPE":null,"SITE_POST_DIR":null,"SITE_STREET_UNIT":null,"SITE_CITY":null,"SITE_STATE":null,"SITE_ZIP5":null,"OWN_FULL_ADDRESS":null,"OWN_STREET_ADDRESS":null,"OWN_CITY":null,"OWN_STATE":null,"OWN_ZIP5":null,"VESTING_DOC":null,"PARCEL_CREATE_DATE":null,"MAP_FILING_NO":null,"SUB_NAME":null,"LEGAL_DESCR":null,"BOOK_PAGE":null,"LOT":null,"BUILDING":null,"UNIT":null,"TAX_DISTRICT":null,"TAX_DISTRICT_DESCR":null,"SCHOOL_DISTRICT":null,"TAXABLE_CODE":null,"ACCOUNT_TYPE":null,"PROP_TYPE":null,"PROP_TYPE_DESCR":null,"SPECIFIC_PROP_TYPE":null,"SPC_PROP_TYP_DESCR":null,"NEIGHBORHOOD":null,"NBHD_DISTRICT":null,"LAND_DISTRICT":null,"ECONOMIC_UNIT":null,"GLA_WEIGHTED_YRBLT":null,"TOTAL_ABOVE_GRADE_AREA":null,"TOTAL_MEZZANINE":null,"TOTAL_BASEMENT":null,"TOTAL_BSMT_FINISH":null,"TOTAL_UNIT_COUNT":null,"TOTAL_IMP_COUNT":null,"ASMT_YEAR":null,"ASMT_CODE":null,"ASMT_CODE_DESCR":null,"MKT_LAND_VALUE":null,"MKT_LAND_RES":null,"MKT_LAND_AGR":null,"MKT_LAND_COM":null,"MKT_IMP_VALUE":null,"MKT_IMP_RES":null,"MKT_IMP_AGR":null,"MKT_IMP_COM":null,"MKT_CUR_VALUE":null,"MKT_PRV_VAL":null,"MKT_VAL_YR_CHG":null,"MKT_PCT_CHG":null,"TXBL_CUR_VALUE":null,"TXBL_PRV_VAL":null,"TXBL_VAL_YR_CHG":null,"TXBL_PCT_CHG":null,"TOT_CUR_TAXES":null,"TOT_PRV_TAXES":null,"TAXES_YR_CHG":null,"TAXES_PCT_CHG":null,"GREENBELT":null,"EXEMPT_RES":null,"COMMON_AREA":null,"PUBLIC_ROAD":null,"PRIVATE_ROAD":null,"PART_CENTRAL_ASSD":null,"PART_TAXABLE":null,"IMP_NO_RES":null,"COST_GROUP_RES":null,"STYLE_DESCR_RES":null,"QUALITY_RES":null,"QUALITY_DESCR_RES":null,"CONDITION_RES":null,"CONDITION_DESCR_RES":null,"YEARBLT_RES":null,"GLA_RES":null,"BASEMENT_RES":null,"BSMT_FINISH_RES":null,"ATT_GARAGE_SQFT_RES":null,"BATHROOMS_RES":null,"GLA_BEDROOMS_RES":null,"EXTERIOR_RES":null,"ALLOCATION_PCT_RES":null,"IMP_NO_1":null,"USE_CODE_1":null,"USE_CODE_DESCR_1":null,"COST_CLASS_DESCR_1":null,"EXTERIOR_WALL_1":null,"ABOVE_GRADE_AREA_1":null,"MEZZANINE_1":null,"BASEMENT_1":null,"BSMT_FINISH_1":null,"BSMT_UNFINISH_1":null,"QUALITY_DESCR_1":null,"CONDITION_1":null,"CONDITION_DESCR_1":null,"YEAR_BUILT_1":null,"UNIT_COUNT_1":null,"PCT_COMPLETE_1":null,"ALLOCATION_PCT_1":null,"IMP_NO_2":null,"USE_CODE_2":null,"USE_CODE_DESCR_2":null,"COST_CLASS_DESCR_2":null,"EXTERIOR_WALL_2":null,"ABOVE_GRADE_AREA_2":null,"MEZZANINE_2":null,"BASEMENT_2":null,"BSMT_FINISH_2":null,"BSMT_UNFINISH_2":null,"QUALITY_DESCR_2":null,"CONDITION_2":null,"CONDITION_DESCR_2":null,"YEAR_BUILT_2":null,"UNIT_COUNT_2":null,"PCT_COMPLETE_2":null,"ALLOCATION_PCT_2":null,"TRAV_COUNT":null,"LASTUPDATE":null,"CREATED_DATE":1712330344000,"LAST_EDITED_DATE":1712330533000,"GLOBALID":"{FBA0A9D5-9A65-4972-9F6A-63BD85783FAD}","SHAPE_Length":0.0057683451408494417,"SHAPE_Area":3.3844039848209353e-07}},{"type":"Feature","id":176,"geometry":{"type":"Polygon","coordinates":[[[-111.66830813899998,40.245817902000056],[-111.66830813699994,40.245817165000062],[-111.66837487699996,40.245817068000065],[-111.66837491299998,40.245815686000071],[-111.66837572799994,40.245776665000051],[-111.66837911399995,40.245614896000063],[-111.66830083399998,40.245620256000052],[-111.66829907499999,40.245620488000043],[-111.66829737999996,40.245620941000027],[-111.66829581899998,40.245621604000064],[-111.66829441999994,40.24562246000005],[-111.66829321799997,40.245623485000067],[-111.66829225999999,40.245624637000049],[-111.66829156899996,40.245625899000061],[-111.66829104699997,40.245628468000064],[-111.66829104699997,40.245628562000036],[-111.66829134699998,40.245630489000064],[-111.66829191699998,40.245631795000065],[-111.66829275399999,40.245632998000076],[-111.66829384199997,40.245634092000046],[-111.66829515699999,40.245635022000045],[-111.66829665499995,40.245635777000075],[-111.66829828999994,40.245636328000046],[-111.66830002499995,40.245636663000028],[-111.66830180699998,40.245636782000076],[-111.66835552899994,40.245636718000071],[-111.66835557799999,40.245660050000026],[-111.66835562299997,40.245683375000056],[-111.66835565799994,40.245706707000068],[-111.66835570999996,40.245730031000051],[-111.66835575499999,40.245753363000063],[-111.66835580199995,40.245776686000056],[-111.66829467799994,40.245776760000069],[-111.66829132899994,40.24577675900008],[-111.66820625799994,40.245776860000035],[-111.66820537599995,40.245776861000024],[-111.66814090299994,40.245776938000063],[-111.66814085899995,40.245753606000051],[-111.66814080899996,40.245730283000057],[-111.66814076299994,40.245706951000045],[-111.66814072799997,40.245683628000052],[-111.66814067899998,40.245660303000079],[-111.66814063299995,40.245636970000078],[-111.66819471899998,40.245636908000051],[-111.66819650199994,40.245636786000034],[-111.66819822299999,40.245636431000037],[-111.66819985599994,40.245635858000071],[-111.66820132099997,40.245635076000042],[-111.66820260399999,40.245634112000062],[-111.66820363499994,40.24563300300008],[-111.66820441699997,40.245631763000063],[-111.66820489899999,40.245630442000049],[-111.66820508299998,40.24562893500007],[-111.66820508199999,40.245628846000045],[-111.66820491399994,40.24562740600004],[-111.66820442999995,40.245626086000073],[-111.66820366499996,40.24562484300003],[-111.66820263499994,40.245623727000066],[-111.66820137199994,40.24562276000006],[-111.66819990099998,40.245621975000063],[-111.66819828299998,40.245621393000079],[-111.66819655799998,40.245621027000027],[-111.66819477899998,40.245620904000077],[-111.66812902499998,40.245620535000057],[-111.66812650099996,40.245620755000061],[-111.66812479699996,40.245621178000079],[-111.66812320399998,40.245621807000077],[-111.66812177899999,40.245622637000054],[-111.66812054499997,40.245623628000033],[-111.66811954999997,40.245624771000053],[-111.66811881799998,40.245626017000063],[-111.66811836099998,40.245627345000059],[-111.66811819999998,40.245628711000052],[-111.66811780799998,40.245669876000079],[-111.66776861199997,40.245667939000043],[-111.66776892599995,40.245635006000043],[-111.66776864399998,40.245633073000079],[-111.66776809399994,40.245631769000056],[-111.66776726799998,40.245630544000051],[-111.66776618799997,40.245629455000028],[-111.66776488599999,40.245628509000028],[-111.66776340599995,40.24562774900005],[-111.66776176999997,40.245627187000025],[-111.66776003899997,40.245626837000032],[-111.66775825199994,40.245626713000036],[-111.66766247499999,40.24562617600003],[-111.66765843699994,40.24581865600004],[-111.66766232899994,40.245818659000065],[-111.66828592199994,40.245817934000058],[-111.66830813899998,40.245817902000056]],[[-111.66806930699994,40.245796229000064],[-111.66802095699995,40.245796283000061],[-111.66797260599998,40.245796340000027],[-111.66797259299994,40.245790857000031],[-111.66793678099998,40.245790893000049],[-111.66793479199998,40.245790896000074],[-111.66790096799997,40.245790936000049],[-111.66790098099995,40.24579642100008],[-111.66785263099996,40.245796475000077],[-111.66780426599996,40.245796538000036],[-111.66780426299999,40.245791050000037],[-111.66776844099996,40.245791093000037],[-111.66776839799996,40.245763644000078],[-111.66776640799998,40.245763647000047],[-111.66776123199998,40.245763655000076],[-111.66776114199996,40.245719744000041],[-111.66776632299997,40.245719737000059],[-111.66776830799995,40.245719734000033],[-111.66776828299999,40.245705107000049],[-111.66776827799998,40.245703264000042],[-111.66785244199997,40.245703171000059],[-111.66793661299994,40.245703070000047],[-111.66802077799997,40.245702974000039],[-111.66810494299995,40.245702872000038],[-111.66810498199999,40.245719340000051],[-111.66811213599999,40.245719329000053],[-111.66811222399997,40.245763241000077],[-111.66810505999996,40.245763251000028],[-111.66810511599999,40.24579069400005],[-111.66810312999996,40.245790703000068],[-111.66806930299998,40.245790745000079],[-111.66806930699994,40.245796229000064]]]},"properties":{"OBJECTID":176,"PARCEL_NO":null,"PARCELID":"390570800","PARCELID_LABEL":null,"OWNER_NAME":null,"CARE_NAME":null,"ACREAGE":null,"SITE_FULL_ADDRESS":null,"SITE_HOUSE_NUM":null,"SITE_PRE_DIR":null,"SITE_STREET_NAME":null,"SITE_STREET_TYPE":null,"SITE_POST_DIR":null,"SITE_STREET_UNIT":null,"SITE_CITY":null,"SITE_STATE":null,"SITE_ZIP5":null,"OWN_FULL_ADDRESS":null,"OWN_STREET_ADDRESS":null,"OWN_CITY":null,"OWN_STATE":null,"OWN_ZIP5":null,"VESTING_DOC":null,"PARCEL_CREATE_DATE":null,"MAP_FILING_NO":null,"SUB_NAME":null,"LEGAL_DESCR":null,"BOOK_PAGE":null,"LOT":null,"BUILDING":null,"UNIT":null,"TAX_DISTRICT":null,"TAX_DISTRICT_DESCR":null,"SCHOOL_DISTRICT":null,"TAXABLE_CODE":null,"ACCOUNT_TYPE":null,"PROP_TYPE":null,"PROP_TYPE_DESCR":null,"SPECIFIC_PROP_TYPE":null,"SPC_PROP_TYP_DESCR":null,"NEIGHBORHOOD":null,"NBHD_DISTRICT":null,"LAND_DISTRICT":null,"ECONOMIC_UNIT":null,"GLA_WEIGHTED_YRBLT":null,"TOTAL_ABOVE_GRADE_AREA":null,"TOTAL_MEZZANINE":null,"TOTAL_BASEMENT":null,"TOTAL_BSMT_FINISH":null,"TOTAL_UNIT_COUNT":null,"TOTAL_IMP_COUNT":null,"ASMT_YEAR":null,"ASMT_CODE":null,"ASMT_CODE_DESCR":null,"MKT_LAND_VALUE":null,"MKT_LAND_RES":null,"MKT_LAND_AGR":null,"MKT_LAND_COM":null,"MKT_IMP_VALUE":null,"MKT_IMP_RES":null,"MKT_IMP_AGR":null,"MKT_IMP_COM":null,"MKT_CUR_VALUE":null,"MKT_PRV_VAL":null,"MKT_VAL_YR_CHG":null,"MKT_PCT_CHG":null,"TXBL_CUR_VALUE":null,"TXBL_PRV_VAL":null,"TXBL_VAL_YR_CHG":null,"TXBL_PCT_CHG":null,"TOT_CUR_TAXES":null,"TOT_PRV_TAXES":null,"TAXES_YR_CHG":null,"TAXES_PCT_CHG":null,"GREENBELT":null,"EXEMPT_RES":null,"COMMON_AREA":null,"PUBLIC_ROAD":null,"PRIVATE_ROAD":null,"PART_CENTRAL_ASSD":null,"PART_TAXABLE":null,"IMP_NO_RES":null,"COST_GROUP_RES":null,"STYLE_DESCR_RES":null,"QUALITY_RES":null,"QUALITY_DESCR_RES":null,"CONDITION_RES":null,"CONDITION_DESCR_RES":null,"YEARBLT_RES":null,"GLA_RES":null,"BASEMENT_RES":null,"BSMT_FINISH_RES":null,"ATT_GARAGE_SQFT_RES":null,"BATHROOMS_RES":null,"GLA_BEDROOMS_RES":null,"EXTERIOR_RES":null,"ALLOCATION_PCT_RES":null,"IMP_NO_1":null,"USE_CODE_1":null,"USE_CODE_DESCR_1":null,"COST_CLASS_DESCR_1":null,"EXTERIOR_WALL_1":null,"ABOVE_GRADE_AREA_1":null,"MEZZANINE_1":null,"BASEMENT_1":null,"BSMT_FINISH_1":null,"BSMT_UNFINISH_1":null,"QUALITY_DESCR_1":null,"CONDITION_1":null,"CONDITION_DESCR_1":null,"YEAR_BUILT_1":null,"UNIT_COUNT_1":null,"PCT_COMPLETE_1":null,"ALLOCATION_PCT_1":null,"IMP_NO_2":null,"USE_CODE_2":null,"USE_CODE_DESCR_2":null,"COST_CLASS_DESCR_2":null,"EXTERIOR_WALL_2":null,"ABOVE_GRADE_AREA_2":null,"MEZZANINE_2":null,"BASEMENT_2":null,"BSMT_FINISH_2":null,"BSMT_UNFINISH_2":null,"QUALITY_DESCR_2":null,"CONDITION_2":null,"CONDITION_DESCR_2":null,"YEAR_BUILT_2":null,"UNIT_COUNT_2":null,"PCT_COMPLETE_2":null,"ALLOCATION_PCT_2":null,"TRAV_COUNT":null,"LASTUPDATE":null,"CREATED_DATE":1712330344000,"LAST_EDITED_DATE":1712330533000,"GLOBALID":"{1FE29D75-119E-495A-8316-60AC3E840F68}","SHAPE_Length":0.003365300141510293,"SHAPE_Area":6.1433882901967072e-08}},{"type":"Feature","id":177,"geometry":{"type":"Polygon","coordinates":[[[-111.78837473999994,40.397499218000064],[-111.78819928199999,40.397525392000034],[-111.78818706213288,40.397495169501902],[-111.78817025373499,40.397467237400186],[-111.78814927278408,40.397442286964413],[-111.78812463852115,40.397420935673225],[-111.78809696060011,40.397403711932846],[-111.78806692399996,40.397391042000038],[-111.78806086512797,40.397388719619563],[-111.78805525072093,40.397385466649474],[-111.78805022260072,40.397381365260919],[-111.78804590777942,40.397376519056429],[-111.78804241525093,40.397371050452804],[-111.78803983323772,40.397365097588896],[-111.78803822696237,40.397358810836131],[-111.78803763699995,40.397352349000073],[-111.78804211899995,40.39731008800004],[-111.78675238199997,40.397287438000035],[-111.78675986599995,40.399072090000061],[-111.78816285899995,40.399068643000078],[-111.78837473999994,40.397499218000064]]]},"properties":{"OBJECTID":177,"PARCEL_NO":120610276,"PARCELID":"120610276","PARCELID_LABEL":"12:061:0276","OWNER_NAME":"STONEBROOK ENTERPRISES LLC","CARE_NAME":null,"ACREAGE":6.156021,"SITE_FULL_ADDRESS":"1082 N 370 EAST, AMERICAN FORK, UT","SITE_HOUSE_NUM":"1082","SITE_PRE_DIR":"N","SITE_STREET_NAME":"370 EAST","SITE_STREET_TYPE":null,"SITE_POST_DIR":null,"SITE_STREET_UNIT":null,"SITE_CITY":"AMERICAN FORK","SITE_STATE":"UT","SITE_ZIP5":"84003","OWN_FULL_ADDRESS":"418 E 2780 N  PROVO, UT 84604-5921","OWN_STREET_ADDRESS":"418 E 2780 N","OWN_CITY":"PROVO","OWN_STATE":"UT","OWN_ZIP5":"84604","VESTING_DOC":"66460-2023","PARCEL_CREATE_DATE":1738800000000,"MAP_FILING_NO":null,"SUB_NAME":null,"LEGAL_DESCR":"COM S 574.739 FT & E 1076.026 FT FR W 1/4 COR. SEC. 12, T5S, R1E, SLB&M.; N 6 DEG 4' 39\" E 574.93 FT; E 390.86 FT; S 650.32 FT; N 88 DEG 30' 0\" W 359.41 FT; ALONG A CURVE TO R (CHORD BEARS: N 4 DEG 49' 13\" E 15.45 FT, RADIUS = 244 FT); ALONG A CURVE TO L (CHORD BEARS: N 29 DEG 52' 27\" W 16.29 FT, RADIUS = 15 FT); ALONG A CURVE TO R (CHORD BEARS: N 36 DEG 48' 9\" W 61.29 FT, RADIUS = 70 FT); S 79 DEG 8' 39\" W 49.81 FT TO BEG. AREA 6.156 AC.","BOOK_PAGE":12061,"LOT":null,"BUILDING":null,"UNIT":null,"TAX_DISTRICT":"060","TAX_DISTRICT_DESCR":"AMERICAN FORK CITY","SCHOOL_DISTRICT":"ALPINE","TAXABLE_CODE":100,"ACCOUNT_TYPE":null,"PROP_TYPE":9999,"PROP_TYPE_DESCR":"DEFAULT","SPECIFIC_PROP_TYPE":9999,"SPC_PROP_TYP_DESCR":"DEFAULT","NEIGHBORHOOD":"9999","NBHD_DISTRICT":null,"LAND_DISTRICT":9999,"ECONOMIC_UNIT":null,"GLA_WEIGHTED_YRBLT":null,"TOTAL_ABOVE_GRADE_AREA":null,"TOTAL_MEZZANINE":null,"TOTAL_BASEMENT":null,"TOTAL_BSMT_FINISH":null,"TOTAL_UNIT_COUNT":null,"TOTAL_IMP_COUNT":null,"ASMT_YEAR":2026,"ASMT_CODE":"UNK","ASMT_CODE_DESCR":"UNK","MKT_LAND_VALUE":0,"MKT_LAND_RES":0,"MKT_LAND_AGR":0,"MKT_LAND_COM":0,"MKT_IMP_VALUE":0,"MKT_IMP_RES":0,"MKT_IMP_AGR":0,"MKT_IMP_COM":0,"MKT_CUR_VALUE":0,"MKT_PRV_VAL":0,"MKT_VAL_YR_CHG":0,"MKT_PCT_CHG":0,"TXBL_CUR_VALUE":0,"TXBL_PRV_VAL":0,"TXBL_VAL_YR_CHG":0,"TXBL_PCT_CHG":0,"TOT_CUR_TAXES":0,"TOT_PRV_TAXES":0,"TAXES_YR_CHG":0,"TAXES_PCT_CHG":0,"GREENBELT":null,"EXEMPT_RES":"UNK","COMMON_AREA":null,"PUBLIC_ROAD":null,"PRIVATE_ROAD":null,"PART_CENTRAL_ASSD":null,"PART_TAXABLE":null,"IMP_NO_RES":null,"COST_GROUP_RES":null,"STYLE_DESCR_RES":null,"QUALITY_RES":null,"QUALITY_DESCR_RES":null,"CONDITION_RES":null,"CONDITION_DESCR_RES":null,"YEARBLT_RES":null,"GLA_RES":null,"BASEMENT_RES":null,"BSMT_FINISH_RES":null,"ATT_GARAGE_SQFT_RES":null,"BATHROOMS_RES":null,"GLA_BEDROOMS_RES":null,"EXTERIOR_RES":null,"ALLOCATION_PCT_RES":null,"IMP_NO_1":null,"USE_CODE_1":null,"USE_CODE_DESCR_1":null,"COST_CLASS_DESCR_1":null,"EXTERIOR_WALL_1":null,"ABOVE_GRADE_AREA_1":null,"MEZZANINE_1":null,"BASEMENT_1":null,"BSMT_FINISH_1":null,"BSMT_UNFINISH_1":null,"QUALITY_DESCR_1":null,"CONDITION_1":null,"CONDITION_DESCR_1":null,"YEAR_BUILT_1":null,"UNIT_COUNT_1":null,"PCT_COMPLETE_1":null,"ALLOCATION_PCT_1":null,"IMP_NO_2":null,"USE_CODE_2":null,"USE_CODE_DESCR_2":null,"COST_CLASS_DESCR_2":null,"EXTERIOR_WALL_2":null,"ABOVE_GRADE_AREA_2":null,"MEZZANINE_2":null,"BASEMENT_2":null,"BSMT_FINISH_2":null,"BSMT_UNFINISH_2":null,"QUALITY_DESCR_2":null,"CONDITION_2":null,"CONDITION_DESCR_2":null,"YEAR_BUILT_2":null,"UNIT_COUNT_2":null,"PCT_COMPLETE_2":null,"ALLOCATION_PCT_2":null,"TRAV_COUNT":null,"LASTUPDATE":null,"CREATED_DATE":1738846899000,"LAST_EDITED_DATE":1738846899000,"GLOBALID":"{6C2ABA6D-3821-4A7F-8A48-4B21BD8701AF}","SHAPE_Length":0.0065289368043035759,"SHAPE_Area":2.642950864695428e-06}},{"type":"Feature","id":178,"geometry":{"type":"Polygon","coordinates":[[[-111.76629289499999,40.483823905000065],[-111.76623816499995,40.484013542000071],[-111.76667964699999,40.483941020000032],[-111.76767736399995,40.484003186000052],[-111.76731519499998,40.484178936000035],[-111.76738716199998,40.484271032000038],[-111.76720035199997,40.484525456000028],[-111.76618184699998,40.48433390100007],[-111.76631724099997,40.485263281000073],[-111.76636282864285,40.485291343505985],[-111.76640542813463,40.485323762955723],[-111.76644462456038,40.48536022358698],[-111.76648003615064,40.485400370276714],[-111.76651131799997,40.485443812000028],[-111.76818323299995,40.484770445000038],[-111.76841198599999,40.485101566000026],[-111.76879705999994,40.48516100900008],[-111.76905507199996,40.485110617000032],[-111.76942803999998,40.48504614400008],[-111.76981980899996,40.484809107000046],[-111.77015773199997,40.484647468000048],[-111.77058785899999,40.484674400000074],[-111.77107067299994,40.485064093000062],[-111.77211092499999,40.485013699000035],[-111.77300825599997,40.485811258000069],[-111.77331798699998,40.485940056000061],[-111.77308289399997,40.486381516000051],[-111.77254781499994,40.486854054000048],[-111.77255891519202,40.486903254937545],[-111.77256451605638,40.486953380548094],[-111.77256454912711,40.487003818087899],[-111.77255901399997,40.487053951000064],[-111.77323818799999,40.486454159000061],[-111.77323821499999,40.486454107000043],[-111.77353136499994,40.485903617000076],[-111.77305604499998,40.485690483000042],[-111.77267368299999,40.485239894000074],[-111.77305909899997,40.485168711000028],[-111.77293887599996,40.484762859000057],[-111.77293671499996,40.484753760000046],[-111.77272977299998,40.484718954000073],[-111.77281816199996,40.48440542000003],[-111.77268508799995,40.484210504000032],[-111.77239300399998,40.48396695200006],[-111.77221919799996,40.483879781000041],[-111.77131272199995,40.484227075000035],[-111.77034372299994,40.484198277000075],[-111.76978077699999,40.48455860100006],[-111.76846694399995,40.483898771000042],[-111.76745720499997,40.483926925000048],[-111.76629289499999,40.483823905000065]]]},"properties":{"OBJECTID":178,"PARCEL_NO":null,"PARCELID":"536030079","PARCELID_LABEL":null,"OWNER_NAME":null,"CARE_NAME":null,"ACREAGE":null,"SITE_FULL_ADDRESS":null,"SITE_HOUSE_NUM":null,"SITE_PRE_DIR":null,"SITE_STREET_NAME":null,"SITE_STREET_TYPE":null,"SITE_POST_DIR":null,"SITE_STREET_UNIT":null,"SITE_CITY":null,"SITE_STATE":null,"SITE_ZIP5":null,"OWN_FULL_ADDRESS":null,"OWN_STREET_ADDRESS":null,"OWN_CITY":null,"OWN_STATE":null,"OWN_ZIP5":null,"VESTING_DOC":null,"PARCEL_CREATE_DATE":null,"MAP_FILING_NO":null,"SUB_NAME":null,"LEGAL_DESCR":null,"BOOK_PAGE":null,"LOT":null,"BUILDING":null,"UNIT":null,"TAX_DISTRICT":null,"TAX_DISTRICT_DESCR":null,"SCHOOL_DISTRICT":null,"TAXABLE_CODE":null,"ACCOUNT_TYPE":null,"PROP_TYPE":null,"PROP_TYPE_DESCR":null,"SPECIFIC_PROP_TYPE":null,"SPC_PROP_TYP_DESCR":null,"NEIGHBORHOOD":null,"NBHD_DISTRICT":null,"LAND_DISTRICT":null,"ECONOMIC_UNIT":null,"GLA_WEIGHTED_YRBLT":null,"TOTAL_ABOVE_GRADE_AREA":null,"TOTAL_MEZZANINE":null,"TOTAL_BASEMENT":null,"TOTAL_BSMT_FINISH":null,"TOTAL_UNIT_COUNT":null,"TOTAL_IMP_COUNT":null,"ASMT_YEAR":null,"ASMT_CODE":null,"ASMT_CODE_DESCR":null,"MKT_LAND_VALUE":null,"MKT_LAND_RES":null,"MKT_LAND_AGR":null,"MKT_LAND_COM":null,"MKT_IMP_VALUE":null,"MKT_IMP_RES":null,"MKT_IMP_AGR":null,"MKT_IMP_COM":null,"MKT_CUR_VALUE":null,"MKT_PRV_VAL":null,"MKT_VAL_YR_CHG":null,"MKT_PCT_CHG":null,"TXBL_CUR_VALUE":null,"TXBL_PRV_VAL":null,"TXBL_VAL_YR_CHG":null,"TXBL_PCT_CHG":null,"TOT_CUR_TAXES":null,"TOT_PRV_TAXES":null,"TAXES_YR_CHG":null,"TAXES_PCT_CHG":null,"GREENBELT":null,"EXEMPT_RES":null,"COMMON_AREA":null,"PUBLIC_ROAD":null,"PRIVATE_ROAD":null,"PART_CENTRAL_ASSD":null,"PART_TAXABLE":null,"IMP_NO_RES":null,"COST_GROUP_RES":null,"STYLE_DESCR_RES":null,"QUALITY_RES":null,"QUALITY_DESCR_RES":null,"CONDITION_RES":null,"CONDITION_DESCR_RES":null,"YEARBLT_RES":null,"GLA_RES":null,"BASEMENT_RES":null,"BSMT_FINISH_RES":null,"ATT_GARAGE_SQFT_RES":null,"BATHROOMS_RES":null,"GLA_BEDROOMS_RES":null,"EXTERIOR_RES":null,"ALLOCATION_PCT_RES":null,"IMP_NO_1":null,"USE_CODE_1":null,"USE_CODE_DESCR_1":null,"COST_CLASS_DESCR_1":null,"EXTERIOR_WALL_1":null,"ABOVE_GRADE_AREA_1":null,"MEZZANINE_1":null,"BASEMENT_1":null,"BSMT_FINISH_1":null,"BSMT_UNFINISH_1":null,"QUALITY_DESCR_1":null,"CONDITION_1":null,"CONDITION_DESCR_1":null,"YEAR_BUILT_1":null,"UNIT_COUNT_1":null,"PCT_COMPLETE_1":null,"ALLOCATION_PCT_1":null,"IMP_NO_2":null,"USE_CODE_2":null,"USE_CODE_DESCR_2":null,"COST_CLASS_DESCR_2":null,"EXTERIOR_WALL_2":null,"ABOVE_GRADE_AREA_2":null,"MEZZANINE_2":null,"BASEMENT_2":null,"BSMT_FINISH_2":null,"BSMT_UNFINISH_2":null,"QUALITY_DESCR_2":null,"CONDITION_2":null,"CONDITION_DESCR_2":null,"YEAR_BUILT_2":null,"UNIT_COUNT_2":null,"PCT_COMPLETE_2":null,"ALLOCATION_PCT_2":null,"TRAV_COUNT":null,"LASTUPDATE":null,"CREATED_DATE":1746099886000,"LAST_EDITED_DATE":1746099886000,"GLOBALID":"{11360785-1EE3-4B98-9F7E-408C284DD6F6}","SHAPE_Length":0.024906373022352487,"SHAPE_Area":6.1172582138952687e-06}},{"type":"Feature","id":179,"geometry":{"type":"Polygon","coordinates":[[[-111.70959113799995,40.31887099000005],[-111.70958598799996,40.318611827000041],[-111.70958086099995,40.318352738000044],[-111.70957805899997,40.318211119000068],[-111.70957802399994,40.318209418000038],[-111.70957799299998,40.318208045000063],[-111.70957795799995,40.318206674000066],[-111.70957791999996,40.318205301000035],[-111.70957787999998,40.318203929000049],[-111.70957783699998,40.318202556000074],[-111.70957779099996,40.318201186000067],[-111.70957774299995,40.318199813000035],[-111.70957769199998,40.31819844100005],[-111.70957763799998,40.318197069000064],[-111.70957758199995,40.318195698000068],[-111.70957752299995,40.318194325000036],[-111.70957746199997,40.31819295400004],[-111.70957739499994,40.318191581000065],[-111.70957732999995,40.318190210000068],[-111.70957725899996,40.318188839000072],[-111.70957718599999,40.31818746700003],[-111.70957710999994,40.318186096000034],[-111.70957703299996,40.318184726000027],[-111.70957694999998,40.318183354000041],[-111.70957686799994,40.318181983000045],[-111.70957678099995,40.318180612000049],[-111.70957668999995,40.318179241000053],[-111.70957660199997,40.318177870000056],[-111.70957650399998,40.31817650000005],[-111.70957640799998,40.318175127000075],[-111.70957630899994,40.318173758000057],[-111.70957620499996,40.31817238900004],[-111.70957609999999,40.318171018000044],[-111.70957599399998,40.318169649000026],[-111.70957588099998,40.318168279000076],[-111.70957576699999,40.31816690800008],[-111.70957565199996,40.318165538000073],[-111.70957553199997,40.318164169000056],[-111.70957541099995,40.318162800000039],[-111.70957528499997,40.318161430000032],[-111.70957515899994,40.318160060000025],[-111.70957502899995,40.318158692000054],[-111.70957489699998,40.318157324000026],[-111.70957475999995,40.318155955000066],[-111.70957462199999,40.318154586000048],[-111.70957448199999,40.318153218000077],[-111.70957433799998,40.318151850000049],[-111.70957419199999,40.318150481000032],[-111.70957404299998,40.31814911400005],[-111.70957389099999,40.318147746000079],[-111.70957373499999,40.318146378000051],[-111.70957357899999,40.31814501100007],[-111.70957341999997,40.318143645000077],[-111.70957325699999,40.318142278000039],[-111.70957308999999,40.318140910000068],[-111.70957292399999,40.318139543000029],[-111.70957275399996,40.318138177000037],[-111.70957257999999,40.318136812000034],[-111.70957240399997,40.318135446000042],[-111.70957222499999,40.318134081000039],[-111.70957204299998,40.318132715000047],[-111.70957185699996,40.318131350000044],[-111.70957167099999,40.318129985000041],[-111.70957148199994,40.318128620000039],[-111.70957128999999,40.318127255000036],[-111.70957109599999,40.318125890000033],[-111.70957089599995,40.318124527000066],[-111.70957069699995,40.318123162000063],[-111.70957049299994,40.318121799000039],[-111.70957028599997,40.318120436000072],[-111.70957007799996,40.318119071000069],[-111.70956986599998,40.318117709000035],[-111.70956965199997,40.318116346000068],[-111.70956943499999,40.318114984000033],[-111.70956921699997,40.318113621000066],[-111.70956899399994,40.318112259000031],[-111.70956876899999,40.318110898000043],[-111.70956854099995,40.318109537000055],[-111.70956831099994,40.318108175000077],[-111.70956794999995,40.318106028000045],[-111.70956772399995,40.318104667000057],[-111.70956750299996,40.318103305000079],[-111.70956728299996,40.318101943000045],[-111.70956706699997,40.318100579000031],[-111.70956685499999,40.318099218000043],[-111.70956664599998,40.31809785300004],[-111.70956643999995,40.318096491000063],[-111.70956623499995,40.31809512600006],[-111.70956603599996,40.318093761000057],[-111.70948653199997,40.318116328000031],[-111.70940252899999,40.318110655000055],[-111.70940276699997,40.318112231000043],[-111.70940297599998,40.318113596000046],[-111.70940318599997,40.31811495900007],[-111.70940340199996,40.318116322000037],[-111.70940361899994,40.318117684000072],[-111.70940383699997,40.318119046000049],[-111.70940405999994,40.318120409000073],[-111.70940428299997,40.318121769000072],[-111.70940451299998,40.31812313100005],[-111.70940474199995,40.318124494000074],[-111.70940513699998,40.318126827000071],[-111.70940536099994,40.318128191000028],[-111.70940557999995,40.318129552000073],[-111.70940580099995,40.318130914000051],[-111.70940601499996,40.318132277000075],[-111.70940622699999,40.318133640000042],[-111.70940643699998,40.318135005000045],[-111.70940664199998,40.318136367000079],[-111.70940684499999,40.318137731000036],[-111.70940704499998,40.318139096000039],[-111.70940724199994,40.318140459000062],[-111.70940743299997,40.318141824000065],[-111.70940762299995,40.318143188000079],[-111.70940781199994,40.318144553000025],[-111.70940799499999,40.318145919000074],[-111.70940817699994,40.318147285000066],[-111.70940835299996,40.318148651000058],[-111.70940852699999,40.31815001700005],[-111.70940869799995,40.318151383000043],[-111.70940886699998,40.318152749000035],[-111.70940903199994,40.318154116000073],[-111.70940919299994,40.318155484000044],[-111.70940935099998,40.318156851000026],[-111.70940950699998,40.318158217000075],[-111.70940966099994,40.318159585000046],[-111.70940980899996,40.318160954000064],[-111.70940995399997,40.318162322000035],[-111.70941009699999,40.318163689000073],[-111.70941023799998,40.318165057000044],[-111.70941037199998,40.318166426000062],[-111.70941050699997,40.318167796000068],[-111.70941063699996,40.318169164000039],[-111.70941076399998,40.318170534000046],[-111.70941088699999,40.318171903000064],[-111.70941100599998,40.318173272000024],[-111.70941112699995,40.318174642000031],[-111.70941124099994,40.318176012000038],[-111.70941135099997,40.318177381000055],[-111.70941145799998,40.318178751000062],[-111.70941156299995,40.318180121000069],[-111.70941166599994,40.318181492000065],[-111.70941176299999,40.318182863000061],[-111.70941185999999,40.318184233000068],[-111.70941195099999,40.318185604000064],[-111.70941203999996,40.31818697500006],[-111.70941212499997,40.318188346000056],[-111.70941220899999,40.318189717000052],[-111.70941228699996,40.318191088000049],[-111.70941236399995,40.318192459000045],[-111.70941243599998,40.318193830000041],[-111.70941250799996,40.318195203000073],[-111.70941257499999,40.31819657300008],[-111.70941263699996,40.318197946000055],[-111.70941269799994,40.31819931800004],[-111.70941275499996,40.318200691000072],[-111.70941280999995,40.318202061000079],[-111.70941286099998,40.318203434000054],[-111.70941290699994,40.31820480600004],[-111.70941295299997,40.318206179000072],[-111.70941299499998,40.318207550000068],[-111.70941303199999,40.318208922000053],[-111.70941306699996,40.318210295000029],[-111.70941309899996,40.318211667000071],[-111.70941312899998,40.318213040000046],[-111.70941646599999,40.318381768000052],[-111.70941646099999,40.318383280000035],[-111.70941639199998,40.318384651000031],[-111.70941626499996,40.318386020000048],[-111.70941607699996,40.31838738600004],[-111.70941583099994,40.31838874400006],[-111.70941552499994,40.318390097000076],[-111.70941515999999,40.318391440000028],[-111.70941473599999,40.318392774000074],[-111.70941425599995,40.318394096000077],[-111.70941371799995,40.318395406000036],[-111.70941312299999,40.318396700000051],[-111.70941247099995,40.318397980000043],[-111.70941176699995,40.318399241000066],[-111.70941100599998,40.318400484000051],[-111.70941019099996,40.318401707000078],[-111.70940932399998,40.318402909000042],[-111.70940840399999,40.318404086000044],[-111.70940743299997,40.318405240000061],[-111.70940641399994,40.318406370000048],[-111.70940534399995,40.318407471000057],[-111.70940422999996,40.318408547000047],[-111.70940306899996,40.31840959200008],[-111.70940186199999,40.318410608000079],[-111.70940060999999,40.318411591000029],[-111.70939931799995,40.318412543000079],[-111.70939798599994,40.318413461000034],[-111.70939661199998,40.318414344000075],[-111.70939520299999,40.318415192000032],[-111.70939375599994,40.318416003000038],[-111.70939227499997,40.318416776000049],[-111.70939076199994,40.318417512000053],[-111.70938921599998,40.318418210000061],[-111.70938764199997,40.318418866000059],[-111.70938604099996,40.318419482000024],[-111.70938441099997,40.318420057000026],[-111.70938276099997,40.318420591000063],[-111.70938108499996,40.318421082000043],[-111.70937938999998,40.31842153100007],[-111.70937767599997,40.318421934000071],[-111.70937594699996,40.318422294000072],[-111.70937420199999,40.318422612000063],[-111.70937244399994,40.31842288200005],[-111.70937067499995,40.318423108000047],[-111.70936889799998,40.318423289000066],[-111.70936711299998,40.318423426000038],[-111.70936532499996,40.318423516000053],[-111.70936353199994,40.318423560000042],[-111.70912383999996,40.318426404000036],[-111.70883704099998,40.318429804000061],[-111.70865592699994,40.318431953000072],[-111.70865367099998,40.318431966000048],[-111.70865187799996,40.318431962000034],[-111.70865008499999,40.318431941000028],[-111.70864829199996,40.318431905000068],[-111.70864650099998,40.31843185300005],[-111.70864470999999,40.318431787000065],[-111.70864291899994,40.318431704000034],[-111.70864112999999,40.318431609000072],[-111.70863934099998,40.318431497000063],[-111.70863755799996,40.318431369000052],[-111.70863577399996,40.31843122600003],[-111.70863399199999,40.318431068000052],[-111.70863221499997,40.318430896000052],[-111.70863043799994,40.318430707000061],[-111.70862866299996,40.318430504000048],[-111.70862689399996,40.31843028600008],[-111.70862512699995,40.318430052000053],[-111.70862336199997,40.318429805000051],[-111.70862160099995,40.318429541000057],[-111.70861984699997,40.318429263000041],[-111.70861809399997,40.318428969000024],[-111.70861634699997,40.318428662000031],[-111.70861460499998,40.318428339000036],[-111.70861286699994,40.318428001000029],[-111.70861113399997,40.318427648000068],[-111.70860940499995,40.318427281000027],[-111.70860768299997,40.318426900000077],[-111.70860596699998,40.318426503000069],[-111.70860425499995,40.318426092000038],[-111.70860255099996,40.318425667000042],[-111.70860085399994,40.318425228000081],[-111.70859916099994,40.318424772000071],[-111.70859747399999,40.318424303000029],[-111.70859579599994,40.318423819000031],[-111.70859412599998,40.318423322000058],[-111.70859246099997,40.318422811000062],[-111.70859080499997,40.318422285000054],[-111.70858915499997,40.31842174500008],[-111.70858751499998,40.318421191000027],[-111.70858588299996,40.318420624000055],[-111.70858425899996,40.318420042000071],[-111.70858264199995,40.318419447000053],[-111.70858103599994,40.318418838000071],[-111.70857943699997,40.318418214000076],[-111.70857784799995,40.318417578000037],[-111.70857626799994,40.318416930000069],[-111.70857469799995,40.318416266000042],[-111.70857313899995,40.31841558900004],[-111.70857158799998,40.31841490000005],[-111.70857004699997,40.318414198000028],[-111.70856851799999,40.318413482000039],[-111.70856699799998,40.318412753000075],[-111.70856548999996,40.318412011000078],[-111.70856399099995,40.318411257000037],[-111.70856250499997,40.31841048900003],[-111.70856102799996,40.318409710000026],[-111.70855956499997,40.318408917000056],[-111.70855811199999,40.318408113000032],[-111.70855667199999,40.318407296000032],[-111.70855524199999,40.318406466000056],[-111.70855382399998,40.318405626000072],[-111.70855242099998,40.318404772000065],[-111.70855102899998,40.318403906000071],[-111.70854964899996,40.31840303000007],[-111.70854767899999,40.31840178200008],[-111.70854628099994,40.31840092200008],[-111.70854487199995,40.318400074000067],[-111.70854344899999,40.31839923800004],[-111.70854201699996,40.318398413000068],[-111.70854056999997,40.318397601000072],[-111.70853911199998,40.318396801000063],[-111.70853764199995,40.318396015000076],[-111.70853616199997,40.318395240000029],[-111.70853467099994,40.318394478000073],[-111.70853316799997,40.318393729000036],[-111.70853165599999,40.318392993000032],[-111.70853012999999,40.318392269000071],[-111.70852859599995,40.318391560000066],[-111.70852705099998,40.318390863000047],[-111.70852549599999,40.318390179000062],[-111.70852393399997,40.318389507000063],[-111.70852235899997,40.318388851000066],[-111.70852077499995,40.318388206000066],[-111.70851918099999,40.318387575000031],[-111.70851758099997,40.318386959000065],[-111.70851596899996,40.318386356000076],[-111.70851435099996,40.318385767000052],[-111.70851272299996,40.318385190000072],[-111.70851108599999,40.318384628000047],[-111.70850944299997,40.318384081000033],[-111.70850778899995,40.318383546000064],[-111.70850612999999,40.318383027000039],[-111.70850446399999,40.318382522000036],[-111.70850278699999,40.318382031000056],[-111.70850110799995,40.318381553000052],[-111.70849941799997,40.318381090000059],[-111.70849772399998,40.318380641000033],[-111.70849602199996,40.318380207000075],[-111.70849431499994,40.318379789000062],[-111.70849260299997,40.318379383000035],[-111.70849088299997,40.318378993000067],[-111.70848915799996,40.318378618000054],[-111.70848742799996,40.318378257000063],[-111.70848569299994,40.318377910000038],[-111.70848395399997,40.318377579000071],[-111.70848220799996,40.318377263000059],[-111.70848045899999,40.31837696000008],[-111.70847870599999,40.318376674000035],[-111.70847694699995,40.31837640100008],[-111.70847518599999,40.318376144000069],[-111.70847341899997,40.318375902000071],[-111.70847165099997,40.318375676000073],[-111.70846987899995,40.318375465000031],[-111.70846810499995,40.318375267000079],[-111.70846632899998,40.31837508600006],[-111.70846454699995,40.318374919000064],[-111.70846276599997,40.318374768000069],[-111.70846098099997,40.31837463100004],[-111.70845919599998,40.318374511000059],[-111.70845740699997,40.318374404000053],[-111.70845561699997,40.318374314000039],[-111.70845382699997,40.318374239000036],[-111.70845203399995,40.318374178000056],[-111.70845024299996,40.318374134000067],[-111.70844844999999,40.318374105000032],[-111.70844665799996,40.318374091000067],[-111.70844486399994,40.318374091000067],[-111.70844306999999,40.318374107000068],[-111.70844127899994,40.318374138000024],[-111.70843948699996,40.318374186000028],[-111.70843769599998,40.318374247000065],[-111.70843590399994,40.318374324000047],[-111.70843411599998,40.31837441600004],[-111.70843232699997,40.318374525000024],[-111.70843054099998,40.318374648000031],[-111.70842875699998,40.31837478500006],[-111.70842697599994,40.318374938000034],[-111.70842519599995,40.318375107000065],[-111.70842341799994,40.318375290000063],[-111.70842164499999,40.318375489000061],[-111.70841987399996,40.318375702000026],[-111.70841810599995,40.318375930000059],[-111.70841634099997,40.318376173000047],[-111.70841457899996,40.318376432000036],[-111.70841282299995,40.318376707000027],[-111.70841106999995,40.318376994000062],[-111.70840931899994,40.31837729800003],[-111.70840757599996,40.318377618000056],[-111.70840583499995,40.31837794900008],[-111.70840410099999,40.318378298000027],[-111.70840237099998,40.318378661000054],[-111.70840064599997,40.318379038000046],[-111.70839892999999,40.318379429000061],[-111.70839721799996,40.318379836000076],[-111.70839551099999,40.318380258000047],[-111.70839380899997,40.318380693000051],[-111.70839211399999,40.318381143000067],[-111.70839042699998,40.318381607000049],[-111.70838874599997,40.318382087000032],[-111.70838707399997,40.318382579000058],[-111.70838540599999,40.318383087000029],[-111.70838374899995,40.318383608000033],[-111.70838209599998,40.31838414300006],[-111.70838045399995,40.318384694000031],[-111.70837881899996,40.318385256000056],[-111.70837719099995,40.318385834000026],[-111.70837557299996,40.318386425000028],[-111.70837396399997,40.318387029000064],[-111.70837236099999,40.318387648000055],[-111.70837077099998,40.318388281000068],[-111.70836918799995,40.318388926000068],[-111.70836761499999,40.31838958600008],[-111.70836605299996,40.318390257000033],[-111.70836449699999,40.318390942000065],[-111.70836295599997,40.318391642000051],[-111.70836142199994,40.318392354000025],[-111.70835989799997,40.318393078000042],[-111.70835838599999,40.318393816000025],[-111.70835688599999,40.318394566000052],[-111.70835539399997,40.318395330000044],[-111.70835391599996,40.31839610600008],[-111.70835218099995,40.318397040000036],[-111.70835072699998,40.318397842000024],[-111.70834928599999,40.318398658000035],[-111.70834785399995,40.318399485000043],[-111.70834643499995,40.318400325000027],[-111.70834503099996,40.318401176000066],[-111.70834363699998,40.31840204100007],[-111.70834225499999,40.318402916000025],[-111.70834088799995,40.318403803000081],[-111.70833953099998,40.318404702000066],[-111.70833818799997,40.318405612000049],[-111.70833686099996,40.318406535000065],[-111.70833554499995,40.318407466000053],[-111.70833424299997,40.318408412000053],[-111.70833295399996,40.318409365000036],[-111.70833168099995,40.318410331000052],[-111.70833041999998,40.318411308000066],[-111.70832917499996,40.318412296000076],[-111.70832794199998,40.318413294000038],[-111.70832672699999,40.318414302000065],[-111.70832552499996,40.318415321000032],[-111.70832433699996,40.318416348000028],[-111.70832316599996,40.318417390000036],[-111.70832200799998,40.318418436000059],[-111.70832086699994,40.318419496000047],[-111.70831974099997,40.318420564000064],[-111.70831862999995,40.318421641000043],[-111.70831753399995,40.318422727000041],[-111.70831645599998,40.318423824000035],[-111.70831539399995,40.31842492800007],[-111.70831434599995,40.318426043000045],[-111.70831331599999,40.31842716500006],[-111.70831229999999,40.318428299000061],[-111.70831130299996,40.318429439000056],[-111.70831032199999,40.318430588000069],[-111.70830935699996,40.318431746000044],[-111.70830840899998,40.318432911000059],[-111.70830747899998,40.318434084000046],[-111.70830656499999,40.318435265000062],[-111.70830566999996,40.31843645400005],[-111.70830478999994,40.318437650000078],[-111.70830392899995,40.318438853000032],[-111.70830308199999,40.318440065000061],[-111.70830225599997,40.318441283000027],[-111.70830144799999,40.318442507000043],[-111.70830065899997,40.318443740000077],[-111.70829988599996,40.318444978000059],[-111.70829912999994,40.31844622400007],[-111.70829839199996,40.318447475000028],[-111.70829767499998,40.318448733000025],[-111.70829697499994,40.318449996000027],[-111.70829629299999,40.318451266000068],[-111.70829562799997,40.318452541000056],[-111.70829498399996,40.318453822000038],[-111.70829435799999,40.31845510800008],[-111.70829374999994,40.31845639900007],[-111.70829316299995,40.318457695000063],[-111.70829259199996,40.31845899700005],[-111.70829204099999,40.318460302000062],[-111.70829150799995,40.318461614000057],[-111.70829099599996,40.318462930000067],[-111.70829050199995,40.318464248000055],[-111.70829002899995,40.318465572000036],[-111.70828957299994,40.318466900000033],[-111.70828913799994,40.318468231000054],[-111.70828872099997,40.318469566000033],[-111.70828832299998,40.318470906000073],[-111.70828794499994,40.318472247000045],[-111.70828758699997,40.318473591000043],[-111.70828724799998,40.318474940000044],[-111.70828692799995,40.318476291000025],[-111.70828662799994,40.318477644000041],[-111.70828634899999,40.318478999000035],[-111.70828608799997,40.318480358000045],[-111.70828584999998,40.318481716000065],[-111.70828562799994,40.318483079000032],[-111.70828542799995,40.318484442000056],[-111.70828524799998,40.318485809000038],[-111.70828508699998,40.31848717500003],[-111.70828494499995,40.318488545000037],[-111.70828482299999,40.318489915000043],[-111.70828472299996,40.318491284000061],[-111.70828463999999,40.318492655000057],[-111.70828457899995,40.318494026000053],[-111.70828453599995,40.318495399000028],[-111.70828451499995,40.318496771000071],[-111.70828451299997,40.318498143000056],[-111.70828452999996,40.318499516000031],[-111.70828457599998,40.318501139000034],[-111.70828463899994,40.31850251000003],[-111.70828472099998,40.318503881000026],[-111.70828481999996,40.31850525200008],[-111.70828494199998,40.318506622000029],[-111.70828508299996,40.318507989000068],[-111.70828524299998,40.318509357000039],[-111.70828542499999,40.318510723000031],[-111.70828562399998,40.318512087000045],[-111.70828584499998,40.318513448000033],[-111.70828608499994,40.318514809000078],[-111.70828634399999,40.318516167000041],[-111.70828662399998,40.318517522000036],[-111.70828692299995,40.318518875000052],[-111.70828724299997,40.318520227000079],[-111.70828758099998,40.318521574000044],[-111.70828793799996,40.318522919000031],[-111.70828831499995,40.31852426100005],[-111.70828871299994,40.318525600000044],[-111.70828912899998,40.318526936000069],[-111.70828956399998,40.318528266000044],[-111.70829001999999,40.31852959400004],[-111.70829049299999,40.318530917000032],[-111.70829098699994,40.318532238000046],[-111.70829149999997,40.318533553000066],[-111.70829203099998,40.318534863000025],[-111.70829258099997,40.318536169000026],[-111.70829315199995,40.31853747100007],[-111.70829373899994,40.318538768000053],[-111.70829434599995,40.318540060000032],[-111.70829497299997,40.318541345000028],[-111.70829561799997,40.318542626000067],[-111.70829627899997,40.318543901000055],[-111.70829696099997,40.318545171000039],[-111.70829765999997,40.31854643500003],[-111.70829837899998,40.318547693000028],[-111.70829911599998,40.318548944000042],[-111.70829987199994,40.318550190000053],[-111.70830064399996,40.318551427000045],[-111.70830143399996,40.31855266000008],[-111.70830224199995,40.31855388300005],[-111.70830306699997,40.318555103000051],[-111.70830391199996,40.318556314000034],[-111.70830477199996,40.318557518000034],[-111.70830565299997,40.318558715000052],[-111.70830654899999,40.31855990300005],[-111.70830746199999,40.318561084000066],[-111.70830839099995,40.318562258000043],[-111.70830933999997,40.318563423000057],[-111.70831030399995,40.318564581000032],[-111.70831128499998,40.318565729000056],[-111.70831228299994,40.318566870000041],[-111.70831329699996,40.318568001000074],[-111.70831432599999,40.318569126000057],[-111.70831537199996,40.318570239000053],[-111.70831643599996,40.318571346000056],[-111.70831751599997,40.318572442000061],[-111.70831860999999,40.318573529000048],[-111.70831971899997,40.318574605000038],[-111.70832084699998,40.318575673000055],[-111.70832198599999,40.318576734000033],[-111.70832314299997,40.318577782000034],[-111.70832431699995,40.318578821000074],[-111.70832550299997,40.318579850000049],[-111.70832670499999,40.318580869000073],[-111.70832791999999,40.318581877000042],[-111.70832915099999,40.318582875000061],[-111.70833039699994,40.318583863000072],[-111.70833165699997,40.318584840000028],[-111.70833292999998,40.318585805000055],[-111.70833421899999,40.318586762000052],[-111.70833551999999,40.318587704000038],[-111.70833683399997,40.318588638000051],[-111.70833816299995,40.318589560000078],[-111.70833950599996,40.318590470000061],[-111.70834086099995,40.318591368000057],[-111.70834222999997,40.318592256000045],[-111.70834360999999,40.318593131000057],[-111.70834500299998,40.318593996000061],[-111.70834641099998,40.318594848000032],[-111.70834782899999,40.318595688000073],[-111.70834925899999,40.318596516000071],[-111.70835069899999,40.318597331000035],[-111.70835215399995,40.318598135000059],[-111.70835362099996,40.31859892500006],[-111.70835509599999,40.318599703000075],[-111.70835658599998,40.318600469000046],[-111.70835808499999,40.31860122300003],[-111.70836024099998,40.318602274000057],[-111.70836176499995,40.318602995000049],[-111.70836330199995,40.318603705000044],[-111.70836484699998,40.318604402000062],[-111.70836640299996,40.318605084000069],[-111.70836796799995,40.318605752000053],[-111.70836954299995,40.31860640900004],[-111.70837112899994,40.318607051000072],[-111.70837272099999,40.318607680000071],[-111.70837432599996,40.318608295000047],[-111.70837593799996,40.318608897000047],[-111.70837755699995,40.318609484000035],[-111.70837918599995,40.318610059000036],[-111.70838082399996,40.318610618000037],[-111.70838246799997,40.318611166000039],[-111.70838412099994,40.318611698000041],[-111.70838578099995,40.31861221500003],[-111.70838744999998,40.318612720000033],[-111.70838912499994,40.31861321000008],[-111.70839080599995,40.318613685000059],[-111.70839249599999,40.318614146000073],[-111.70839419199996,40.318614592000074],[-111.70839589199994,40.318615025000042],[-111.70839760099994,40.318615444000045],[-111.70839931599994,40.318615847000046],[-111.70840103399996,40.318616235000036],[-111.70840276099995,40.31861660900006],[-111.70840449099995,40.318616968000072],[-111.70840622799994,40.318617313000061],[-111.70840796799996,40.318617642000049],[-111.70840971499996,40.318617956000026],[-111.70841146299995,40.318618258000072],[-111.70841321699999,40.318618542000024],[-111.70841497699996,40.318618813000057],[-111.70841673799998,40.318619068000032],[-111.70841850399995,40.318619307000063],[-111.70842027199996,40.31861953300006],[-111.70842204299998,40.318619743000056],[-111.70842381899996,40.31861993900003],[-111.70842559599998,40.318620120000048],[-111.70842737699996,40.318620284000076],[-111.70842915899999,40.318620434000024],[-111.70843094399999,40.318620567000039],[-111.70843273199995,40.318620687000077],[-111.70843451799999,40.318620791000058],[-111.70843630999997,40.318620879000036],[-111.70843809999997,40.31862095300005],[-111.70843989099995,40.318621012000051],[-111.70844168299999,40.318621054000062],[-111.70844347499997,40.318621083000039],[-111.70844526799999,40.318621095000026],[-111.70844706199995,40.318621091000068],[-111.70844885499997,40.318621075000067],[-111.70845064799994,40.318621042000075],[-111.70845243799994,40.318620994000071],[-111.70845422999997,40.318620930000066],[-111.70845602099996,40.318620849000069],[-111.70845780999997,40.31862075600003],[-111.70845959799999,40.318620647000046],[-111.70846138299999,40.318620524000039],[-111.70846316699999,40.318620383000052],[-111.70846495099994,40.318620227000054],[-111.70846672799996,40.318620058000079],[-111.70846850599997,40.318619872000056],[-111.70847028099996,40.318619673000057],[-111.70847204999995,40.318619457000068],[-111.70847381799996,40.318619227000056],[-111.70847558299994,40.318618983000079],[-111.70847734299997,40.318618722000053],[-111.70847910099997,40.318618447000063],[-111.70848085299997,40.318618155000024],[-111.70848260199995,40.318617850000066],[-111.70848434599998,40.31861753000004],[-111.70848608399996,40.318617195000058],[-111.70848781899997,40.318616846000054],[-111.70848954799999,40.318616483000028],[-111.70849127099996,40.318616102000078],[-111.70849298999997,40.318615709000028],[-111.70849470099995,40.318615301000079],[-111.70849640699998,40.318614878000062],[-111.70849810599998,40.318614441000079],[-111.70849979999997,40.318613989000028],[-111.70850148899996,40.318613524000057],[-111.70850316699995,40.318613042000038],[-111.70850483899994,40.318612548000033],[-111.70850650599999,40.318612039000072],[-111.70850816299998,40.318611517000079],[-111.70850981199999,40.318610980000074],[-111.70851145599994,40.318610428000056],[-111.70851309099999,40.318609863000063],[-111.70851471699996,40.318609285000036],[-111.70851633299998,40.318608691000065],[-111.70851794099997,40.31860808600004],[-111.70851954199998,40.318607465000071],[-111.70852113399997,40.318606831000068],[-111.70852271599995,40.318606185000078],[-111.70852428699999,40.318605524000077],[-111.70852584899995,40.318604850000042],[-111.70852740099997,40.318604163000032],[-111.70852894199999,40.318603462000056],[-111.70853047299994,40.318602750000025],[-111.70853199699997,40.318602023000039],[-111.70853350799996,40.318601284000067],[-111.70853500699997,40.318600533000051],[-111.70853649799994,40.318599766000034],[-111.70853797499996,40.318598991000044],[-111.70853944099997,40.318598200000054],[-111.70854089699998,40.318597397000076],[-111.70854233999995,40.318596584000034],[-111.70854376999995,40.318595756000036],[-111.70854519099998,40.318594917000041],[-111.70854659699995,40.31859406600006],[-111.70854799199998,40.318593203000034],[-111.70854937399997,40.318592329000069],[-111.70855074399998,40.31859144200007],[-111.70855209899997,40.318590543000028],[-111.70855344199998,40.318589634000034],[-111.70855513499998,40.31858849200006],[-111.70855649299995,40.318587596000043],[-111.70855786699997,40.318586715000038],[-111.70855925199999,40.318585841000072],[-111.70856064999998,40.318584981000072],[-111.70856205899997,40.318584134000048],[-111.70856348299998,40.318583299000068],[-111.70856491599994,40.318582475000028],[-111.70856636299999,40.318581663000032],[-111.70856782099997,40.318580864000069],[-111.70856928999996,40.318580077000036],[-111.70857077099998,40.318579302000046],[-111.70857226299995,40.318578542000068],[-111.70857376699996,40.318577793000031],[-111.70857527899994,40.318577057000027],[-111.70857680399996,40.318576334000056],[-111.70857833899998,40.318575625000051],[-111.70857988399996,40.318574928000032],[-111.70858143999999,40.318574244000047],[-111.70858300499998,40.318573573000037],[-111.70858457999998,40.318572915000061],[-111.70858616199996,40.31857227200004],[-111.70858775599999,40.318571642000052],[-111.70858935699999,40.31857102500004],[-111.70859096699996,40.318570424000029],[-111.70859258799999,40.318569835000062],[-111.70859421499995,40.318569258000025],[-111.70859585199997,40.318568696000057],[-111.70859749799996,40.318568151000079],[-111.70859914899995,40.318567616000053],[-111.70860080999995,40.318567098000074],[-111.70860247699994,40.318566592000025],[-111.70860415199996,40.318566101000044],[-111.70860583399997,40.31856562400003],[-111.70860752099998,40.318565162000027],[-111.70860921599996,40.318564714000047],[-111.70861091899997,40.318564281000079],[-111.70861262599999,40.31856386100003],[-111.70861433999994,40.318563458000028],[-111.70861605799996,40.31856306800006],[-111.70861778299997,40.318562692000057],[-111.70861951599994,40.318562332000056],[-111.70862124899998,40.318561986000077],[-111.70862298999998,40.318561655000053],[-111.70862473499994,40.318561338000052],[-111.70862648399998,40.318561037000052],[-111.70862823799996,40.318560751000064],[-111.70862999499997,40.318560479000041],[-111.70863175699998,40.318560223000077],[-111.70863352399999,40.318559982000068],[-111.70863529299999,40.318559755000081],[-111.70863706299997,40.318559545000028],[-111.70863883799996,40.318559348000065],[-111.70864061499998,40.318559166000057],[-111.70864239599996,40.31855900100004],[-111.70864417799999,40.318558850000045],[-111.70864596199999,40.318558714000062],[-111.70864774799998,40.318558594000081],[-111.70864953599994,40.318558488000065],[-111.70865132699998,40.31855839800005],[-111.70865311599999,40.318558323000047],[-111.70865490799997,40.318558263000057],[-111.70865670099994,40.318558220000057],[-111.70865849299997,40.318558190000033],[-111.70883960699996,40.318556041000079],[-111.70912640699999,40.318552640000064],[-111.70936602799998,40.31854979700006],[-111.70936800099997,40.318549803000053],[-111.70936979299995,40.318549854000025],[-111.70937158199996,40.31854995100008],[-111.70937336499998,40.318550096000081],[-111.70937514099995,40.318550284000025],[-111.70937690799997,40.318550518000052],[-111.70937866399998,40.318550798000047],[-111.70938040799996,40.318551122000031],[-111.70938213399995,40.318551490000061],[-111.70938384499999,40.318551902000024],[-111.70938553599996,40.318552355000065],[-111.70938720599997,40.318552854000075],[-111.70938885599998,40.318553394000048],[-111.70939048099996,40.318553977000079],[-111.70939207699996,40.318554601000073],[-111.70939364499998,40.318555263000064],[-111.70939518699998,40.318555968000055],[-111.70939669299997,40.318556711000042],[-111.70939816799995,40.318557491000035],[-111.70939960799996,40.318558309000025],[-111.70940101199994,40.318559162000042],[-111.70940237899998,40.318560052000066],[-111.70940370499994,40.318560976000072],[-111.70940499099999,40.31856193200008],[-111.70940623299998,40.318562920000034],[-111.70940743199998,40.318563941000036],[-111.70940858599994,40.318564992000063],[-111.70940969299994,40.318566072000067],[-111.70941075299999,40.31856717900007],[-111.70941176399998,40.318568312000025],[-111.70941272599998,40.318569471000046],[-111.70941363499998,40.318570654000041],[-111.70941449399999,40.318571858000041],[-111.70941529999999,40.318573086000072],[-111.70941605099995,40.318574331000036],[-111.70941674699998,40.318575596000073],[-111.70941738799996,40.318576877000055],[-111.70941797399996,40.318578174000038],[-111.70941850399998,40.318579486000033],[-111.70941897199998,40.318580810000071],[-111.70941938699997,40.31858214600004],[-111.70941974099998,40.318583492000073],[-111.70942003799996,40.318584845000032],[-111.70942027399997,40.318586206000077],[-111.70942045099997,40.318587572000069],[-111.70942056799998,40.318588942000076],[-111.70942062499995,40.318590313000072],[-111.70942589399999,40.318856481000068],[-111.70959113799995,40.31887099000005]]]},"properties":{"OBJECTID":179,"PARCEL_NO":null,"PARCELID":"341400500","PARCELID_LABEL":null,"OWNER_NAME":null,"CARE_NAME":null,"ACREAGE":null,"SITE_FULL_ADDRESS":null,"SITE_HOUSE_NUM":null,"SITE_PRE_DIR":null,"SITE_STREET_NAME":null,"SITE_STREET_TYPE":null,"SITE_POST_DIR":null,"SITE_STREET_UNIT":null,"SITE_CITY":null,"SITE_STATE":null,"SITE_ZIP5":null,"OWN_FULL_ADDRESS":null,"OWN_STREET_ADDRESS":null,"OWN_CITY":null,"OWN_STATE":null,"OWN_ZIP5":null,"VESTING_DOC":null,"PARCEL_CREATE_DATE":null,"MAP_FILING_NO":null,"SUB_NAME":null,"LEGAL_DESCR":null,"BOOK_PAGE":null,"LOT":null,"BUILDING":null,"UNIT":null,"TAX_DISTRICT":null,"TAX_DISTRICT_DESCR":null,"SCHOOL_DISTRICT":null,"TAXABLE_CODE":null,"ACCOUNT_TYPE":null,"PROP_TYPE":null,"PROP_TYPE_DESCR":null,"SPECIFIC_PROP_TYPE":null,"SPC_PROP_TYP_DESCR":null,"NEIGHBORHOOD":null,"NBHD_DISTRICT":null,"LAND_DISTRICT":null,"ECONOMIC_UNIT":null,"GLA_WEIGHTED_YRBLT":null,"TOTAL_ABOVE_GRADE_AREA":null,"TOTAL_MEZZANINE":null,"TOTAL_BASEMENT":null,"TOTAL_BSMT_FINISH":null,"TOTAL_UNIT_COUNT":null,"TOTAL_IMP_COUNT":null,"ASMT_YEAR":null,"ASMT_CODE":null,"ASMT_CODE_DESCR":null,"MKT_LAND_VALUE":null,"MKT_LAND_RES":null,"MKT_LAND_AGR":null,"MKT_LAND_COM":null,"MKT_IMP_VALUE":null,"MKT_IMP_RES":null,"MKT_IMP_AGR":null,"MKT_IMP_COM":null,"MKT_CUR_VALUE":null,"MKT_PRV_VAL":null,"MKT_VAL_YR_CHG":null,"MKT_PCT_CHG":null,"TXBL_CUR_VALUE":null,"TXBL_PRV_VAL":null,"TXBL_VAL_YR_CHG":null,"TXBL_PCT_CHG":null,"TOT_CUR_TAXES":null,"TOT_PRV_TAXES":null,"TAXES_YR_CHG":null,"TAXES_PCT_CHG":null,"GREENBELT":null,"EXEMPT_RES":null,"COMMON_AREA":null,"PUBLIC_ROAD":null,"PRIVATE_ROAD":null,"PART_CENTRAL_ASSD":null,"PART_TAXABLE":null,"IMP_NO_RES":null,"COST_GROUP_RES":null,"STYLE_DESCR_RES":null,"QUALITY_RES":null,"QUALITY_DESCR_RES":null,"CONDITION_RES":null,"CONDITION_DESCR_RES":null,"YEARBLT_RES":null,"GLA_RES":null,"BASEMENT_RES":null,"BSMT_FINISH_RES":null,"ATT_GARAGE_SQFT_RES":null,"BATHROOMS_RES":null,"GLA_BEDROOMS_RES":null,"EXTERIOR_RES":null,"ALLOCATION_PCT_RES":null,"IMP_NO_1":null,"USE_CODE_1":null,"USE_CODE_DESCR_1":null,"COST_CLASS_DESCR_1":null,"EXTERIOR_WALL_1":null,"ABOVE_GRADE_AREA_1":null,"MEZZANINE_1":null,"BASEMENT_1":null,"BSMT_FINISH_1":null,"BSMT_UNFINISH_1":null,"QUALITY_DESCR_1":null,"CONDITION_1":null,"CONDITION_DESCR_1":null,"YEAR_BUILT_1":null,"UNIT_COUNT_1":null,"PCT_COMPLETE_1":null,"ALLOCATION_PCT_1":null,"IMP_NO_2":null,"USE_CODE_2":null,"USE_CODE_DESCR_2":null,"COST_CLASS_DESCR_2":null,"EXTERIOR_WALL_2":null,"ABOVE_GRADE_AREA_2":null,"MEZZANINE_2":null,"BASEMENT_2":null,"BSMT_FINISH_2":null,"BSMT_UNFINISH_2":null,"QUALITY_DESCR_2":null,"CONDITION_2":null,"CONDITION_DESCR_2":null,"YEAR_BUILT_2":null,"UNIT_COUNT_2":null,"PCT_COMPLETE_2":null,"ALLOCATION_PCT_2":null,"TRAV_COUNT":null,"LASTUPDATE":null,"CREATED_DATE":1712330344000,"LAST_EDITED_DATE":1712330533000,"GLOBALID":"{ECC45FA4-4F1E-4FC2-B37D-FED52D0BA508}","SHAPE_Length":0.0041091157268291732,"SHAPE_Area":2.9234416566856507e-07}},{"type":"Feature","id":180,"geometry":{"type":"Polygon","coordinates":[[[-111.64309896299994,40.260525704000031],[-111.64287994499995,40.260308547000079],[-111.64259989999999,40.260541249000028],[-111.64278357799998,40.260787768000057],[-111.64309896299994,40.260525704000031]]]},"properties":{"OBJECTID":180,"PARCEL_NO":200710053,"PARCELID":"200710053","PARCELID_LABEL":"20:071:0053","OWNER_NAME":"CHURCH OF JESUS CHRIST OF LATTER-DAY SAINTS THE","CARE_NAME":"%MATSUMORI, DOUG","ACREAGE":0.277333,"SITE_FULL_ADDRESS":null,"SITE_HOUSE_NUM":null,"SITE_PRE_DIR":null,"SITE_STREET_NAME":null,"SITE_STREET_TYPE":null,"SITE_POST_DIR":null,"SITE_STREET_UNIT":null,"SITE_CITY":null,"SITE_STATE":null,"SITE_ZIP5":"84602","OWN_FULL_ADDRESS":"%MATSUMORI, DOUG  50 E N TEMPLE FLOOR 2WW  SALT LAKE CITY, UT 84150","OWN_STREET_ADDRESS":"50 E N TEMPLE FLOOR 2WW","OWN_CITY":"SALT LAKE CITY","OWN_STATE":"UT","OWN_ZIP5":"84150","VESTING_DOC":"71712-2023","PARCEL_CREATE_DATE":1738713600000,"MAP_FILING_NO":null,"SUB_NAME":null,"LEGAL_DESCR":"COM S 206.74 FT & E 1193.265 FT FR N 1/4 COR. SEC. 31, T6S, R3E, SLB&M.; N 42 DEG 46' 0\" E 129.89 FT; S 29 DEG 37' 37\" E 103.43 FT; S 42 DEG 46' 0\" W 115.33 FT; N 37 DEG 36' 0\" W 100 FT TO BEG. AREA 0.277 AC.","BOOK_PAGE":20071,"LOT":null,"BUILDING":null,"UNIT":null,"TAX_DISTRICT":"110","TAX_DISTRICT_DESCR":"PROVO CITY","SCHOOL_DISTRICT":"PROVO","TAXABLE_CODE":100,"ACCOUNT_TYPE":null,"PROP_TYPE":9999,"PROP_TYPE_DESCR":"DEFAULT","SPECIFIC_PROP_TYPE":9999,"SPC_PROP_TYP_DESCR":"DEFAULT","NEIGHBORHOOD":"9999","NBHD_DISTRICT":null,"LAND_DISTRICT":9999,"ECONOMIC_UNIT":null,"GLA_WEIGHTED_YRBLT":null,"TOTAL_ABOVE_GRADE_AREA":null,"TOTAL_MEZZANINE":null,"TOTAL_BASEMENT":null,"TOTAL_BSMT_FINISH":null,"TOTAL_UNIT_COUNT":null,"TOTAL_IMP_COUNT":null,"ASMT_YEAR":2026,"ASMT_CODE":"UNK","ASMT_CODE_DESCR":"UNK","MKT_LAND_VALUE":0,"MKT_LAND_RES":0,"MKT_LAND_AGR":0,"MKT_LAND_COM":0,"MKT_IMP_VALUE":0,"MKT_IMP_RES":0,"MKT_IMP_AGR":0,"MKT_IMP_COM":0,"MKT_CUR_VALUE":0,"MKT_PRV_VAL":0,"MKT_VAL_YR_CHG":0,"MKT_PCT_CHG":0,"TXBL_CUR_VALUE":0,"TXBL_PRV_VAL":0,"TXBL_VAL_YR_CHG":0,"TXBL_PCT_CHG":0,"TOT_CUR_TAXES":0,"TOT_PRV_TAXES":0,"TAXES_YR_CHG":0,"TAXES_PCT_CHG":0,"GREENBELT":null,"EXEMPT_RES":"UNK","COMMON_AREA":null,"PUBLIC_ROAD":null,"PRIVATE_ROAD":null,"PART_CENTRAL_ASSD":null,"PART_TAXABLE":null,"IMP_NO_RES":null,"COST_GROUP_RES":null,"STYLE_DESCR_RES":null,"QUALITY_RES":null,"QUALITY_DESCR_RES":null,"CONDITION_RES":null,"CONDITION_DESCR_RES":null,"YEARBLT_RES":null,"GLA_RES":null,"BASEMENT_RES":null,"BSMT_FINISH_RES":null,"ATT_GARAGE_SQFT_RES":null,"BATHROOMS_RES":null,"GLA_BEDROOMS_RES":null,"EXTERIOR_RES":null,"ALLOCATION_PCT_RES":null,"IMP_NO_1":null,"USE_CODE_1":null,"USE_CODE_DESCR_1":null,"COST_CLASS_DESCR_1":null,"EXTERIOR_WALL_1":null,"ABOVE_GRADE_AREA_1":null,"MEZZANINE_1":null,"BASEMENT_1":null,"BSMT_FINISH_1":null,"BSMT_UNFINISH_1":null,"QUALITY_DESCR_1":null,"CONDITION_1":null,"CONDITION_DESCR_1":null,"YEAR_BUILT_1":null,"UNIT_COUNT_1":null,"PCT_COMPLETE_1":null,"ALLOCATION_PCT_1":null,"IMP_NO_2":null,"USE_CODE_2":null,"USE_CODE_DESCR_2":null,"COST_CLASS_DESCR_2":null,"EXTERIOR_WALL_2":null,"ABOVE_GRADE_AREA_2":null,"MEZZANINE_2":null,"BASEMENT_2":null,"BSMT_FINISH_2":null,"BSMT_UNFINISH_2":null,"QUALITY_DESCR_2":null,"CONDITION_2":null,"CONDITION_DESCR_2":null,"YEAR_BUILT_2":null,"UNIT_COUNT_2":null,"PCT_COMPLETE_2":null,"ALLOCATION_PCT_2":null,"TRAV_COUNT":null,"LASTUPDATE":null,"CREATED_DATE":1738747237000,"LAST_EDITED_DATE":1738747237000,"GLOBALID":"{6AEDCDF7-70DD-474B-9EB5-A5472F417301}","SHAPE_Length":0.0013900128805287865,"SHAPE_Area":1.1883172243681243e-07}},{"type":"Feature","id":181,"geometry":{"type":"Polygon","coordinates":[[[-111.70177875799999,40.042727028000058],[-111.70114986099998,40.042717570000036],[-111.70114366599995,40.043088193000074],[-111.70067471399994,40.043081138000048],[-111.70067840099995,40.042710468000053],[-111.70063591499996,40.042709829000046],[-111.70059024799997,40.044502785000077],[-111.70065929799995,40.04450382300007],[-111.70065896299997,40.044537553000055],[-111.70161137799994,40.04454460200003],[-111.70183773899998,40.044540060000031],[-111.70183795299994,40.04453968200005],[-111.70185690399995,40.042728300000078],[-111.70177873999995,40.042727798000044],[-111.70177875799999,40.042727028000058]]]},"properties":{"OBJECTID":181,"PARCEL_NO":300330070,"PARCELID":"300330070","PARCELID_LABEL":"30:033:0070","OWNER_NAME":"RURAL HOUSING DEVELOPMENT CORPORATION (ET AL)","CARE_NAME":null,"ACREAGE":4.8539259999999995,"SITE_FULL_ADDRESS":null,"SITE_HOUSE_NUM":null,"SITE_PRE_DIR":null,"SITE_STREET_NAME":null,"SITE_STREET_TYPE":null,"SITE_POST_DIR":null,"SITE_STREET_UNIT":null,"SITE_CITY":null,"SITE_STATE":null,"SITE_ZIP5":"84651","OWN_FULL_ADDRESS":"63 N 400 W  PROVO, UT 84601","OWN_STREET_ADDRESS":"63 N 400 W","OWN_CITY":"PROVO","OWN_STATE":"UT","OWN_ZIP5":"84601","VESTING_DOC":"11119-2025","PARCEL_CREATE_DATE":1740355200000,"MAP_FILING_NO":null,"SUB_NAME":null,"LEGAL_DESCR":"COM N 432.46 FT & W 68.62 FT FR S 1/4 COR. SEC. 10, T9S, R2E; S 88 DEG 45' 0\" E 176.15 FT; N 0 DEG 51' 54\" E 135.05 FT; S 88 DEG 45' 0\" E 131.35 FT; S 0 DEG 34' 0\" W 135.06 FT; S 88 DEG 45' 0\" E 11.9 FT; N 1 DEG 15' 0\" E 653.4 FT; N 88 DEG 45' 0\" W 19.34 FT; N 0 DEG 33' 58\" E 12.29 FT; N 89 DEG 19' 10\" W 266.72 FT; S 88 DEG 38' 1\" W 63.41 FT; S 23 DEG 42' 38\" W .15 FT; S 0 DEG 35' 24\" W 660.01 FT; S 89 DEG 23' 33\" E 21.89 FT TO BEG. AREA 4.854 AC.","BOOK_PAGE":30033,"LOT":null,"BUILDING":null,"UNIT":null,"TAX_DISTRICT":"120","TAX_DISTRICT_DESCR":"NEBO SCHOOL DIST S/A 6-7-8","SCHOOL_DISTRICT":"NEBO","TAXABLE_CODE":100,"ACCOUNT_TYPE":null,"PROP_TYPE":9999,"PROP_TYPE_DESCR":"DEFAULT","SPECIFIC_PROP_TYPE":9999,"SPC_PROP_TYP_DESCR":"DEFAULT","NEIGHBORHOOD":"9999","NBHD_DISTRICT":null,"LAND_DISTRICT":9999,"ECONOMIC_UNIT":null,"GLA_WEIGHTED_YRBLT":null,"TOTAL_ABOVE_GRADE_AREA":null,"TOTAL_MEZZANINE":null,"TOTAL_BASEMENT":null,"TOTAL_BSMT_FINISH":null,"TOTAL_UNIT_COUNT":null,"TOTAL_IMP_COUNT":null,"ASMT_YEAR":2026,"ASMT_CODE":"UNK","ASMT_CODE_DESCR":"UNK","MKT_LAND_VALUE":0,"MKT_LAND_RES":0,"MKT_LAND_AGR":0,"MKT_LAND_COM":0,"MKT_IMP_VALUE":0,"MKT_IMP_RES":0,"MKT_IMP_AGR":0,"MKT_IMP_COM":0,"MKT_CUR_VALUE":0,"MKT_PRV_VAL":0,"MKT_VAL_YR_CHG":0,"MKT_PCT_CHG":0,"TXBL_CUR_VALUE":0,"TXBL_PRV_VAL":0,"TXBL_VAL_YR_CHG":0,"TXBL_PCT_CHG":0,"TOT_CUR_TAXES":0,"TOT_PRV_TAXES":0,"TAXES_YR_CHG":0,"TAXES_PCT_CHG":0,"GREENBELT":null,"EXEMPT_RES":"UNK","COMMON_AREA":null,"PUBLIC_ROAD":null,"PRIVATE_ROAD":null,"PART_CENTRAL_ASSD":null,"PART_TAXABLE":null,"IMP_NO_RES":null,"COST_GROUP_RES":null,"STYLE_DESCR_RES":null,"QUALITY_RES":null,"QUALITY_DESCR_RES":null,"CONDITION_RES":null,"CONDITION_DESCR_RES":null,"YEARBLT_RES":null,"GLA_RES":null,"BASEMENT_RES":null,"BSMT_FINISH_RES":null,"ATT_GARAGE_SQFT_RES":null,"BATHROOMS_RES":null,"GLA_BEDROOMS_RES":null,"EXTERIOR_RES":null,"ALLOCATION_PCT_RES":null,"IMP_NO_1":null,"USE_CODE_1":null,"USE_CODE_DESCR_1":null,"COST_CLASS_DESCR_1":null,"EXTERIOR_WALL_1":null,"ABOVE_GRADE_AREA_1":null,"MEZZANINE_1":null,"BASEMENT_1":null,"BSMT_FINISH_1":null,"BSMT_UNFINISH_1":null,"QUALITY_DESCR_1":null,"CONDITION_1":null,"CONDITION_DESCR_1":null,"YEAR_BUILT_1":null,"UNIT_COUNT_1":null,"PCT_COMPLETE_1":null,"ALLOCATION_PCT_1":null,"IMP_NO_2":null,"USE_CODE_2":null,"USE_CODE_DESCR_2":null,"COST_CLASS_DESCR_2":null,"EXTERIOR_WALL_2":null,"ABOVE_GRADE_AREA_2":null,"MEZZANINE_2":null,"BASEMENT_2":null,"BSMT_FINISH_2":null,"BSMT_UNFINISH_2":null,"QUALITY_DESCR_2":null,"CONDITION_2":null,"CONDITION_DESCR_2":null,"YEAR_BUILT_2":null,"UNIT_COUNT_2":null,"PCT_COMPLETE_2":null,"ALLOCATION_PCT_2":null,"TRAV_COUNT":null,"LASTUPDATE":null,"CREATED_DATE":1740408456000,"LAST_EDITED_DATE":1740408456000,"GLOBALID":"{10BDD4F6-0239-4365-A98F-F646CA5746C6}","SHAPE_Length":0.0068478530150659122,"SHAPE_Area":2.0735439466180398e-06}},{"type":"Feature","id":182,"geometry":{"type":"Polygon","coordinates":[[[-111.91599597499999,40.367970016000072],[-111.91542088599999,40.367972050000049],[-111.91538615495213,40.367987811889677],[-111.91534975524233,40.367999202411085],[-111.91531223469416,40.368006050134447],[-111.91527415799999,40.368008252000038],[-111.91453506099998,40.368010874000049],[-111.91452841897561,40.368010698581486],[-111.91452184394022,40.368011655748688],[-111.91451552760755,40.368013717592746],[-111.91450965414811,40.368016823994765],[-111.91450439481919,40.368020884378815],[-111.91449990297139,40.368025780352944],[-111.9144963095772,40.368031369161194],[-111.91449371941221,40.368037487846074],[-111.91449220799996,40.368043958000044],[-111.91449532699994,40.368565371000045],[-111.91449846999996,40.369084040000075],[-111.91450006138832,40.369090501313295],[-111.91450272421069,40.369096599711646],[-111.91450638151422,40.369102158957666],[-111.91451092760657,40.369107018394843],[-111.91451623111035,40.369111037590415],[-111.91452213875974,40.369114100393745],[-111.91452847982968,40.369116118292958],[-111.91453507106979,40.369117032972838],[-111.91454172199997,40.369116818000066],[-111.91461387499999,40.369116563000034],[-111.91474564366351,40.369119392282627],[-111.91487708481381,40.369129098441988],[-111.91500783979888,40.369145654993766],[-111.91513755183891,40.369169016761539],[-111.91526586699996,40.369199120000076],[-111.91535593499998,40.369222929000045],[-111.91546771114965,40.369249109068583],[-111.91558071559153,40.36926934022619],[-111.91569463194583,40.369283565831473],[-111.91580914127967,40.369291746056852],[-111.91592392299998,40.369293858000049],[-111.91599991299995,40.369293329000072],[-111.91599597499999,40.367970016000072]]]},"properties":{"OBJECTID":182,"PARCEL_NO":580350152,"PARCELID":"580350152","PARCELID_LABEL":"58:035:0152","OWNER_NAME":"SUBURBAN LAND RESERVE INC","CARE_NAME":"%TAX ADMINISTRATION","ACREAGE":4.2264970000000002,"SITE_FULL_ADDRESS":null,"SITE_HOUSE_NUM":null,"SITE_PRE_DIR":null,"SITE_STREET_NAME":null,"SITE_STREET_TYPE":null,"SITE_POST_DIR":null,"SITE_STREET_UNIT":null,"SITE_CITY":null,"SITE_STATE":null,"SITE_ZIP5":"84045","OWN_FULL_ADDRESS":"%TAX ADMINISTRATION  PO BOX 511196  SALT LAKE CITY, UT 84151-1196","OWN_STREET_ADDRESS":"PO BOX 511196","OWN_CITY":"SALT LAKE CITY","OWN_STATE":"UT","OWN_ZIP5":"84151","VESTING_DOC":"26825-2014","PARCEL_CREATE_DATE":1736380800000,"MAP_FILING_NO":null,"SUB_NAME":null,"LEGAL_DESCR":"COM N 4800.922 FT & W 2538.843 FT FR E 1/4 COR. SEC. 26, T5S. R1W. SLB&M.; N 0 DEG 8' 9\" E 482.2 FT; N 89 DEG 44' 44\" E 21.18 FT; ALONG A CURVE TO R (CHORD BEARS: S 80 DEG 27' 40\" E 160.4 FT, RADIUS = 471.5 FT); S 70 DEG 40' 6\" E 26.56 FT; ALONG A CURVE TO L (CHORD BEARS: S 80 DEG 20' 3\" E 184.19 FT, RADIUS = 548.5 FT); E 20.11 FT; ALONG A CURVE TO R (CHORD BEARS: S 44 DEG 59' 56\" E 16.97 FT, RADIUS = 12 FT); S 189 FT; S 0 DEG 0' 12\" W 190 FT; ALONG A CURVE TO R (CHORD BEARS: S 44 DEG 59' 56\" W 16.97 FT, RADIUS = 12 FT); W 206 FT; ALONG A CURVE TO L (CHORD BEARS: S 72 DEG 23' 16\" W 42.97 FT, RADIUS = 71 FT); W 160.29 FT TO BEG. AREA 4.226 AC.","BOOK_PAGE":58035,"LOT":null,"BUILDING":null,"UNIT":null,"TAX_DISTRICT":"039","TAX_DISTRICT_DESCR":"SARATOGA SPRINGS","SCHOOL_DISTRICT":"ALPINE","TAXABLE_CODE":100,"ACCOUNT_TYPE":null,"PROP_TYPE":9999,"PROP_TYPE_DESCR":"DEFAULT","SPECIFIC_PROP_TYPE":9999,"SPC_PROP_TYP_DESCR":"DEFAULT","NEIGHBORHOOD":"9999","NBHD_DISTRICT":null,"LAND_DISTRICT":9999,"ECONOMIC_UNIT":null,"GLA_WEIGHTED_YRBLT":null,"TOTAL_ABOVE_GRADE_AREA":null,"TOTAL_MEZZANINE":null,"TOTAL_BASEMENT":null,"TOTAL_BSMT_FINISH":null,"TOTAL_UNIT_COUNT":null,"TOTAL_IMP_COUNT":null,"ASMT_YEAR":2026,"ASMT_CODE":"UNK","ASMT_CODE_DESCR":"UNK","MKT_LAND_VALUE":0,"MKT_LAND_RES":0,"MKT_LAND_AGR":0,"MKT_LAND_COM":0,"MKT_IMP_VALUE":0,"MKT_IMP_RES":0,"MKT_IMP_AGR":0,"MKT_IMP_COM":0,"MKT_CUR_VALUE":0,"MKT_PRV_VAL":0,"MKT_VAL_YR_CHG":0,"MKT_PCT_CHG":0,"TXBL_CUR_VALUE":0,"TXBL_PRV_VAL":0,"TXBL_VAL_YR_CHG":0,"TXBL_PCT_CHG":0,"TOT_CUR_TAXES":0,"TOT_PRV_TAXES":0,"TAXES_YR_CHG":0,"TAXES_PCT_CHG":0,"GREENBELT":null,"EXEMPT_RES":"UNK","COMMON_AREA":null,"PUBLIC_ROAD":null,"PRIVATE_ROAD":null,"PART_CENTRAL_ASSD":null,"PART_TAXABLE":null,"IMP_NO_RES":null,"COST_GROUP_RES":null,"STYLE_DESCR_RES":null,"QUALITY_RES":null,"QUALITY_DESCR_RES":null,"CONDITION_RES":null,"CONDITION_DESCR_RES":null,"YEARBLT_RES":null,"GLA_RES":null,"BASEMENT_RES":null,"BSMT_FINISH_RES":null,"ATT_GARAGE_SQFT_RES":null,"BATHROOMS_RES":null,"GLA_BEDROOMS_RES":null,"EXTERIOR_RES":null,"ALLOCATION_PCT_RES":null,"IMP_NO_1":null,"USE_CODE_1":null,"USE_CODE_DESCR_1":null,"COST_CLASS_DESCR_1":null,"EXTERIOR_WALL_1":null,"ABOVE_GRADE_AREA_1":null,"MEZZANINE_1":null,"BASEMENT_1":null,"BSMT_FINISH_1":null,"BSMT_UNFINISH_1":null,"QUALITY_DESCR_1":null,"CONDITION_1":null,"CONDITION_DESCR_1":null,"YEAR_BUILT_1":null,"UNIT_COUNT_1":null,"PCT_COMPLETE_1":null,"ALLOCATION_PCT_1":null,"IMP_NO_2":null,"USE_CODE_2":null,"USE_CODE_DESCR_2":null,"COST_CLASS_DESCR_2":null,"EXTERIOR_WALL_2":null,"ABOVE_GRADE_AREA_2":null,"MEZZANINE_2":null,"BASEMENT_2":null,"BSMT_FINISH_2":null,"BSMT_UNFINISH_2":null,"QUALITY_DESCR_2":null,"CONDITION_2":null,"CONDITION_DESCR_2":null,"YEAR_BUILT_2":null,"UNIT_COUNT_2":null,"PCT_COMPLETE_2":null,"ALLOCATION_PCT_2":null,"TRAV_COUNT":null,"LASTUPDATE":null,"CREATED_DATE":1736426582000,"LAST_EDITED_DATE":1736426582000,"GLOBALID":"{4297C1CB-04B1-43A1-8CD6-5A228BF78BD0}","SHAPE_Length":0.0054245548355153295,"SHAPE_Area":1.8138067346824053e-06}},{"type":"Feature","id":183,"geometry":{"type":"Polygon","coordinates":[[[-111.56520051999996,40.15151544500003],[-111.56551252799994,40.151576960000057],[-111.56551256699998,40.151562771000044],[-111.56527222999995,40.151515385000039],[-111.56527726399997,40.151167899000029],[-111.56527719699994,40.15116788000006],[-111.56527854099994,40.15107421600004],[-111.56527327699996,40.150806768000052],[-111.56527127399994,40.150780026000064],[-111.56519928899996,40.150776415000053],[-111.56520156699997,40.150806829000032],[-111.56520682999997,40.151074277000077],[-111.56520548599997,40.15116794000005],[-111.56520555299994,40.151167960000066],[-111.56520051999996,40.15151544500003]]]},"properties":{"OBJECTID":183,"PARCEL_NO":260070232,"PARCELID":"260070232","PARCELID_LABEL":"26:007:0232","OWNER_NAME":"ERCANBRACK, KELLY F & JENNIFER WITNEY (ET AL)","CARE_NAME":null,"ACREAGE":0.13270000000000001,"SITE_FULL_ADDRESS":"2470 CANYON RD, SPRINGVILLE, UT","SITE_HOUSE_NUM":"2470","SITE_PRE_DIR":null,"SITE_STREET_NAME":"CANYON","SITE_STREET_TYPE":"RD","SITE_POST_DIR":null,"SITE_STREET_UNIT":null,"SITE_CITY":"SPRINGVILLE","SITE_STATE":"UT","SITE_ZIP5":null,"OWN_FULL_ADDRESS":"2470 CANYON RD  SPRINGVILLE, UT 84663-9530","OWN_STREET_ADDRESS":"2470 CANYON RD","OWN_CITY":"SPRINGVILLE","OWN_STATE":"UT","OWN_ZIP5":"84663","VESTING_DOC":"51005-2018","PARCEL_CREATE_DATE":1746403200000,"MAP_FILING_NO":null,"SUB_NAME":null,"LEGAL_DESCR":"COM S 280.242 FT & W 1468.455 FT FR E 1/4 COR. SEC. 2, T8S, R3E, SLB&M.; S 0 DEG 40' 43\" W 126.62 FT; S 68 DEG 39' 34\" E .02 FT; S 0 DEG 40' 21\" W 34.13 FT; S 0 DEG 49' 24\" E 97.46 FT; S 3 DEG 14' 55\" E 11.1 FT; N 86 DEG 13' 7\" W 20.17 FT; N 3 DEG 14' 55\" W 9.76 FT; N 0 DEG 49' 24\" W 97.46 FT; N 0 DEG 40' 21\" E 34.13 FT; N 68 DEG 39' 34\" W .02 FT; N 0 DEG 40' 43\" E 126.62 FT; N 75 DEG 32' 54\" W 69.38 FT; N 0 DEG 9' 33\" E 5.17 FT; S 75 DEG 32' 54\" E 90.07 FT TO BEG. AREA 0.133 AC.","BOOK_PAGE":26007,"LOT":null,"BUILDING":null,"UNIT":null,"TAX_DISTRICT":"130","TAX_DISTRICT_DESCR":"SPRINGVILLE CITY","SCHOOL_DISTRICT":"NEBO","TAXABLE_CODE":100,"ACCOUNT_TYPE":null,"PROP_TYPE":9999,"PROP_TYPE_DESCR":"DEFAULT","SPECIFIC_PROP_TYPE":9999,"SPC_PROP_TYP_DESCR":"DEFAULT","NEIGHBORHOOD":"9999","NBHD_DISTRICT":null,"LAND_DISTRICT":9999,"ECONOMIC_UNIT":null,"GLA_WEIGHTED_YRBLT":null,"TOTAL_ABOVE_GRADE_AREA":null,"TOTAL_MEZZANINE":null,"TOTAL_BASEMENT":null,"TOTAL_BSMT_FINISH":null,"TOTAL_UNIT_COUNT":null,"TOTAL_IMP_COUNT":null,"ASMT_YEAR":2026,"ASMT_CODE":"UNK","ASMT_CODE_DESCR":"UNK","MKT_LAND_VALUE":0,"MKT_LAND_RES":0,"MKT_LAND_AGR":0,"MKT_LAND_COM":0,"MKT_IMP_VALUE":0,"MKT_IMP_RES":0,"MKT_IMP_AGR":0,"MKT_IMP_COM":0,"MKT_CUR_VALUE":0,"MKT_PRV_VAL":0,"MKT_VAL_YR_CHG":0,"MKT_PCT_CHG":0,"TXBL_CUR_VALUE":0,"TXBL_PRV_VAL":0,"TXBL_VAL_YR_CHG":0,"TXBL_PCT_CHG":0,"TOT_CUR_TAXES":0,"TOT_PRV_TAXES":0,"TAXES_YR_CHG":0,"TAXES_PCT_CHG":0,"GREENBELT":null,"EXEMPT_RES":"UNK","COMMON_AREA":null,"PUBLIC_ROAD":null,"PRIVATE_ROAD":null,"PART_CENTRAL_ASSD":null,"PART_TAXABLE":null,"IMP_NO_RES":null,"COST_GROUP_RES":null,"STYLE_DESCR_RES":null,"QUALITY_RES":null,"QUALITY_DESCR_RES":null,"CONDITION_RES":null,"CONDITION_DESCR_RES":null,"YEARBLT_RES":null,"GLA_RES":null,"BASEMENT_RES":null,"BSMT_FINISH_RES":null,"ATT_GARAGE_SQFT_RES":null,"BATHROOMS_RES":null,"GLA_BEDROOMS_RES":null,"EXTERIOR_RES":null,"ALLOCATION_PCT_RES":null,"IMP_NO_1":null,"USE_CODE_1":null,"USE_CODE_DESCR_1":null,"COST_CLASS_DESCR_1":null,"EXTERIOR_WALL_1":null,"ABOVE_GRADE_AREA_1":null,"MEZZANINE_1":null,"BASEMENT_1":null,"BSMT_FINISH_1":null,"BSMT_UNFINISH_1":null,"QUALITY_DESCR_1":null,"CONDITION_1":null,"CONDITION_DESCR_1":null,"YEAR_BUILT_1":null,"UNIT_COUNT_1":null,"PCT_COMPLETE_1":null,"ALLOCATION_PCT_1":null,"IMP_NO_2":null,"USE_CODE_2":null,"USE_CODE_DESCR_2":null,"COST_CLASS_DESCR_2":null,"EXTERIOR_WALL_2":null,"ABOVE_GRADE_AREA_2":null,"MEZZANINE_2":null,"BASEMENT_2":null,"BSMT_FINISH_2":null,"BSMT_UNFINISH_2":null,"QUALITY_DESCR_2":null,"CONDITION_2":null,"CONDITION_DESCR_2":null,"YEAR_BUILT_2":null,"UNIT_COUNT_2":null,"PCT_COMPLETE_2":null,"ALLOCATION_PCT_2":null,"TRAV_COUNT":null,"LASTUPDATE":null,"CREATED_DATE":1746455677000,"LAST_EDITED_DATE":1746455677000,"GLOBALID":"{8409B28D-4859-4B0C-B159-C5B39EAD597B}","SHAPE_Length":0.0021240881770611042,"SHAPE_Area":5.6785663554252295e-08}},{"type":"Feature","id":184,"geometry":{"type":"Polygon","coordinates":[[[-111.64291915599995,40.260347391000039],[-111.64291916099995,40.26034747500006],[-111.64336110499994,40.260785853000073],[-111.64300354999995,40.261082961000056],[-111.64300472299999,40.261084534000076],[-111.64306661899997,40.261145906000024],[-111.64305683799995,40.261154483000041],[-111.64306639299997,40.261167306000061],[-111.64272109299998,40.261967810000044],[-111.64272113899995,40.261989765000067],[-111.64290046799999,40.262332813000057],[-111.64298963099998,40.262332555000057],[-111.64430201999994,40.262328747000026],[-111.64439860899995,40.262298412000064],[-111.64439933199998,40.262641407000046],[-111.64450680199997,40.262641274000032],[-111.64450745199997,40.262949196000079],[-111.64453509099997,40.262941177000073],[-111.64452867699998,40.262580322000076],[-111.64442121599996,40.262581443000045],[-111.64441608799996,40.262292923000075],[-111.64441599199995,40.262287572000048],[-111.64441511899997,40.262238479000075],[-111.64494534799996,40.262066222000044],[-111.64427797099995,40.261182267000038],[-111.64428431499999,40.261747841000044],[-111.64429067599997,40.262314841000034],[-111.64350270799997,40.262325120000071],[-111.64350150099995,40.261748768000075],[-111.64350008399998,40.26115328800006],[-111.64425541099996,40.261152357000071],[-111.64423835299999,40.261129765000078],[-111.64382684199995,40.260584694000045],[-111.64360189699994,40.260286739000037],[-111.64353069499998,40.260187980000069],[-111.64350717899998,40.26015320700003],[-111.64345546999999,40.260152135000055],[-111.64303601999995,40.260304843000029],[-111.64293697999994,40.260340899000028],[-111.64291915599995,40.260347391000039]]]},"properties":{"OBJECTID":184,"PARCEL_NO":200600084,"PARCELID":"200600084","PARCELID_LABEL":"20:060:0084","OWNER_NAME":"CHURCH OF JESUS CHRIST OF LATTER-DAY SAINTS THE","CARE_NAME":"%TAX DIVISION","ACREAGE":4.3567419999999997,"SITE_FULL_ADDRESS":null,"SITE_HOUSE_NUM":null,"SITE_PRE_DIR":null,"SITE_STREET_NAME":null,"SITE_STREET_TYPE":null,"SITE_POST_DIR":null,"SITE_STREET_UNIT":null,"SITE_CITY":null,"SITE_STATE":null,"SITE_ZIP5":"84604","OWN_FULL_ADDRESS":"%TAX DIVISION  50 E NORTH TEMPLE 22ND FLOOR  SALT LAKE CITY, UT 84150","OWN_STREET_ADDRESS":"50 E NORTH TEMPLE 22ND FLOOR","OWN_CITY":"SALT LAKE CITY","OWN_STATE":"UT","OWN_ZIP5":"84150","VESTING_DOC":"71713-2023","PARCEL_CREATE_DATE":1738713600000,"MAP_FILING_NO":null,"SUB_NAME":null,"LEGAL_DESCR":"COM S 312.15 FT & W 1399.46 FT FR NE COR. SEC. 31, T6S, R3E, SLB&M.; S 64 DEG 40' 33\" W 5.51 FT; S 64 DEG 40' 27\" W 30.61 FT; S 64 DEG 40' 27\" W 129.64 FT; N 88 DEG 21' 30\" W 14.44 FT; ALONG A CURVE TO R (CHORD BEARS: N 27 DEG 17' 53\" W 14.27 FT, RADIUS = 1041.99 FT); ALONG A CURVE TO R (CHORD BEARS: N 28 DEG 49' 18\" W 41.11 FT, RADIUS = 1042.01 FT); N 29 DEG 57' 8\" W 125.42 FT; N 29 DEG 57' 8\" W 229.44 FT; N 29 DEG 57' 11\" W 9.51 FT; E 210.85 FT; N 0 DEG 0' 45\" W 216.98 FT; N 210.01 FT; S 89 DEG 7' 0\" W 219.99 FT; S 0 DEG 24' 0\" E 206.61 FT; S 0 DEG 24' 0\" E 206.09 FT; N 29 DEG 57' 8\" W 372.09 FT; N 67 DEG 6' 45\" E 160.77 FT; N 0 DEG 41' 16\" W 17.89 FT; N 0 DEG 41' 18\" W 1.95 FT; N 0 DEG 41' 16\" W 105.14 FT; S 89 DEG 18' 44\" W 30 FT; N 0 DEG 41' 15\" W 131.5 FT; N 69 DEG 21' 4\" E 8.25 FT; S 112.2 FT; E 30 FT; S 124.98 FT; N 67 DEG 48' 4\" E 29.14 FT; N 89 DEG 52' 30\" E 366.35 FT; N 89 DEG 52' 29\" E 24.89 FT; S 21 DEG 44' 0\" E 134.65 FT; S 8 FT; S 18 DEG 22' 41\" W 307.2 FT; S 29 DEG 37' 37\" E 5.38 FT; S 41 DEG 14' 0\" W 4.15 FT; S 37 DEG 36' 2\" E 28.26 FT; S 29 DEG 37' 37\" E .66 FT; S 42 DEG 46' 0\" W 147.25 FT; S 37 DEG 35' 19\" E 201.83 FT; S 0 DEG 50' 33\" E .03 FT TO BEG. AREA 4.357 AC.","BOOK_PAGE":20060,"LOT":null,"BUILDING":null,"UNIT":null,"TAX_DISTRICT":"110","TAX_DISTRICT_DESCR":"PROVO CITY","SCHOOL_DISTRICT":"PROVO","TAXABLE_CODE":100,"ACCOUNT_TYPE":null,"PROP_TYPE":9999,"PROP_TYPE_DESCR":"DEFAULT","SPECIFIC_PROP_TYPE":9999,"SPC_PROP_TYP_DESCR":"DEFAULT","NEIGHBORHOOD":"9999","NBHD_DISTRICT":null,"LAND_DISTRICT":9999,"ECONOMIC_UNIT":null,"GLA_WEIGHTED_YRBLT":null,"TOTAL_ABOVE_GRADE_AREA":null,"TOTAL_MEZZANINE":null,"TOTAL_BASEMENT":null,"TOTAL_BSMT_FINISH":null,"TOTAL_UNIT_COUNT":null,"TOTAL_IMP_COUNT":null,"ASMT_YEAR":2026,"ASMT_CODE":"UNK","ASMT_CODE_DESCR":"UNK","MKT_LAND_VALUE":0,"MKT_LAND_RES":0,"MKT_LAND_AGR":0,"MKT_LAND_COM":0,"MKT_IMP_VALUE":0,"MKT_IMP_RES":0,"MKT_IMP_AGR":0,"MKT_IMP_COM":0,"MKT_CUR_VALUE":0,"MKT_PRV_VAL":0,"MKT_VAL_YR_CHG":0,"MKT_PCT_CHG":0,"TXBL_CUR_VALUE":0,"TXBL_PRV_VAL":0,"TXBL_VAL_YR_CHG":0,"TXBL_PCT_CHG":0,"TOT_CUR_TAXES":0,"TOT_PRV_TAXES":0,"TAXES_YR_CHG":0,"TAXES_PCT_CHG":0,"GREENBELT":null,"EXEMPT_RES":"UNK","COMMON_AREA":null,"PUBLIC_ROAD":null,"PRIVATE_ROAD":null,"PART_CENTRAL_ASSD":null,"PART_TAXABLE":null,"IMP_NO_RES":null,"COST_GROUP_RES":null,"STYLE_DESCR_RES":null,"QUALITY_RES":null,"QUALITY_DESCR_RES":null,"CONDITION_RES":null,"CONDITION_DESCR_RES":null,"YEARBLT_RES":null,"GLA_RES":null,"BASEMENT_RES":null,"BSMT_FINISH_RES":null,"ATT_GARAGE_SQFT_RES":null,"BATHROOMS_RES":null,"GLA_BEDROOMS_RES":null,"EXTERIOR_RES":null,"ALLOCATION_PCT_RES":null,"IMP_NO_1":null,"USE_CODE_1":null,"USE_CODE_DESCR_1":null,"COST_CLASS_DESCR_1":null,"EXTERIOR_WALL_1":null,"ABOVE_GRADE_AREA_1":null,"MEZZANINE_1":null,"BASEMENT_1":null,"BSMT_FINISH_1":null,"BSMT_UNFINISH_1":null,"QUALITY_DESCR_1":null,"CONDITION_1":null,"CONDITION_DESCR_1":null,"YEAR_BUILT_1":null,"UNIT_COUNT_1":null,"PCT_COMPLETE_1":null,"ALLOCATION_PCT_1":null,"IMP_NO_2":null,"USE_CODE_2":null,"USE_CODE_DESCR_2":null,"COST_CLASS_DESCR_2":null,"EXTERIOR_WALL_2":null,"ABOVE_GRADE_AREA_2":null,"MEZZANINE_2":null,"BASEMENT_2":null,"BSMT_FINISH_2":null,"BSMT_UNFINISH_2":null,"QUALITY_DESCR_2":null,"CONDITION_2":null,"CONDITION_DESCR_2":null,"YEAR_BUILT_2":null,"UNIT_COUNT_2":null,"PCT_COMPLETE_2":null,"ALLOCATION_PCT_2":null,"TRAV_COUNT":null,"LASTUPDATE":null,"CREATED_DATE":1738747237000,"LAST_EDITED_DATE":1738747237000,"GLOBALID":"{AAFC6A49-B2B5-42A8-A2AB-05827A1296B4}","SHAPE_Length":0.012971561721814344,"SHAPE_Area":1.8668778285904041e-06}},{"type":"Feature","id":185,"geometry":{"type":"Polygon","coordinates":[[[-112.08213977299994,40.290459565000049],[-112.08214953628246,40.29046401838665],[-112.08215988182127,40.290466868678578],[-112.08217054827585,40.290468043874085],[-112.0821812661989,40.290467514286334],[-112.08219176484299,40.290465293293344],[-112.08220177899994,40.290461437000033],[-112.08237229599996,40.290376651000031],[-112.08238183481376,40.290371404650784],[-112.08239049604673,40.290364809486455],[-112.08239809045546,40.290357009607938],[-112.08240445210612,40.290348175438481],[-112.08240944199997,40.290338500000075],[-112.08231563672348,40.290250082351456],[-112.08222523156721,40.290158191012338],[-112.0821383550754,40.290062956640099],[-112.08205513077498,40.289964514645476],[-112.08197567699995,40.289863005000029],[-112.08168402599995,40.289998998000044],[-112.08173848199999,40.290067911000051],[-112.08180285999998,40.290032582000038],[-112.08196890199997,40.289941462000058],[-112.08201622699994,40.289992032000043],[-112.08206042199998,40.290039256000057],[-112.08210461599998,40.29008648000007],[-112.08215194099995,40.290137050000055],[-112.08198589799997,40.290228171000081],[-112.08191869499996,40.290265050000073],[-112.08198034899999,40.290323860000058],[-112.08203873899998,40.290283822000049],[-112.08219092099995,40.290179469000066],[-112.08224511899999,40.290225819000057],[-112.08229573099999,40.290269100000046],[-112.08234992899997,40.290315449000047],[-112.08219774599996,40.290419801000041],[-112.08213977299994,40.290459565000049]]]},"properties":{"OBJECTID":185,"PARCEL_NO":393950675,"PARCELID":"393950675","PARCELID_LABEL":"39:395:0675","OWNER_NAME":"FIREFLY MASTER HOME OWNERS ASSOCIATION","CARE_NAME":null,"ACREAGE":0.17724099999999998,"SITE_FULL_ADDRESS":"EAGLE MOUNTAIN, UT","SITE_HOUSE_NUM":" ","SITE_PRE_DIR":null,"SITE_STREET_NAME":null,"SITE_STREET_TYPE":null,"SITE_POST_DIR":null,"SITE_STREET_UNIT":null,"SITE_CITY":"EAGLE MOUNTAIN","SITE_STATE":"UT","SITE_ZIP5":"84013","OWN_FULL_ADDRESS":"14034 S 145 E STE 204  DRAPER, UT 84020","OWN_STREET_ADDRESS":"14034 S 145 E STE 204","OWN_CITY":"DRAPER","OWN_STATE":"UT","OWN_ZIP5":"84020","VESTING_DOC":"19994-2025","PARCEL_CREATE_DATE":1742860800000,"MAP_FILING_NO":"19665 ","SUB_NAME":"FIREFLY NPA 8 PHASE A, PLAT 6","LEGAL_DESCR":"PARCEL C, COMMON AREA, PLAT 6, FIREFLY NPA 8, PHASE A SUB AREA 0.177 AC.","BOOK_PAGE":39395,"LOT":null,"BUILDING":null,"UNIT":null,"TAX_DISTRICT":"506","TAX_DISTRICT_DESCR":"EAGLE MTN W/POLE CYN & FF PID 1","SCHOOL_DISTRICT":"NEBO","TAXABLE_CODE":100,"ACCOUNT_TYPE":null,"PROP_TYPE":9999,"PROP_TYPE_DESCR":"DEFAULT","SPECIFIC_PROP_TYPE":9999,"SPC_PROP_TYP_DESCR":"DEFAULT","NEIGHBORHOOD":"9999","NBHD_DISTRICT":null,"LAND_DISTRICT":9999,"ECONOMIC_UNIT":null,"GLA_WEIGHTED_YRBLT":null,"TOTAL_ABOVE_GRADE_AREA":null,"TOTAL_MEZZANINE":null,"TOTAL_BASEMENT":null,"TOTAL_BSMT_FINISH":null,"TOTAL_UNIT_COUNT":null,"TOTAL_IMP_COUNT":null,"ASMT_YEAR":2026,"ASMT_CODE":"UNK","ASMT_CODE_DESCR":"UNK","MKT_LAND_VALUE":0,"MKT_LAND_RES":0,"MKT_LAND_AGR":0,"MKT_LAND_COM":0,"MKT_IMP_VALUE":0,"MKT_IMP_RES":0,"MKT_IMP_AGR":0,"MKT_IMP_COM":0,"MKT_CUR_VALUE":0,"MKT_PRV_VAL":0,"MKT_VAL_YR_CHG":0,"MKT_PCT_CHG":0,"TXBL_CUR_VALUE":0,"TXBL_PRV_VAL":0,"TXBL_VAL_YR_CHG":0,"TXBL_PCT_CHG":0,"TOT_CUR_TAXES":0,"TOT_PRV_TAXES":0,"TAXES_YR_CHG":0,"TAXES_PCT_CHG":0,"GREENBELT":null,"EXEMPT_RES":"UNK","COMMON_AREA":"Yes","PUBLIC_ROAD":null,"PRIVATE_ROAD":null,"PART_CENTRAL_ASSD":null,"PART_TAXABLE":null,"IMP_NO_RES":null,"COST_GROUP_RES":null,"STYLE_DESCR_RES":null,"QUALITY_RES":null,"QUALITY_DESCR_RES":null,"CONDITION_RES":null,"CONDITION_DESCR_RES":null,"YEARBLT_RES":null,"GLA_RES":null,"BASEMENT_RES":null,"BSMT_FINISH_RES":null,"ATT_GARAGE_SQFT_RES":null,"BATHROOMS_RES":null,"GLA_BEDROOMS_RES":null,"EXTERIOR_RES":null,"ALLOCATION_PCT_RES":null,"IMP_NO_1":null,"USE_CODE_1":null,"USE_CODE_DESCR_1":null,"COST_CLASS_DESCR_1":null,"EXTERIOR_WALL_1":null,"ABOVE_GRADE_AREA_1":null,"MEZZANINE_1":null,"BASEMENT_1":null,"BSMT_FINISH_1":null,"BSMT_UNFINISH_1":null,"QUALITY_DESCR_1":null,"CONDITION_1":null,"CONDITION_DESCR_1":null,"YEAR_BUILT_1":null,"UNIT_COUNT_1":null,"PCT_COMPLETE_1":null,"ALLOCATION_PCT_1":null,"IMP_NO_2":null,"USE_CODE_2":null,"USE_CODE_DESCR_2":null,"COST_CLASS_DESCR_2":null,"EXTERIOR_WALL_2":null,"ABOVE_GRADE_AREA_2":null,"MEZZANINE_2":null,"BASEMENT_2":null,"BSMT_FINISH_2":null,"BSMT_UNFINISH_2":null,"QUALITY_DESCR_2":null,"CONDITION_2":null,"CONDITION_DESCR_2":null,"YEAR_BUILT_2":null,"UNIT_COUNT_2":null,"PCT_COMPLETE_2":null,"ALLOCATION_PCT_2":null,"TRAV_COUNT":null,"LASTUPDATE":null,"CREATED_DATE":1742901540000,"LAST_EDITED_DATE":1742901540000,"GLOBALID":"{704E80AF-E5AB-492E-B11A-3006748460A5}","SHAPE_Length":0.0029649276811809094,"SHAPE_Area":7.5983964063754942e-08}},{"type":"Feature","id":186,"geometry":{"type":"Polygon","coordinates":[[[-111.91610760999998,40.369366030000037],[-111.91492242999999,40.369366631000048],[-111.91493398399996,40.369369625000047],[-111.91525183499999,40.369453648000047],[-111.91557304699995,40.369547006000062],[-111.91569069452315,40.369559253082038],[-111.91580876917416,40.369566275013462],[-111.91592703899994,40.369568058000027],[-111.91610822499996,40.36956679900004],[-111.91610760999998,40.369366030000037]]]},"properties":{"OBJECTID":186,"PARCEL_NO":580350153,"PARCELID":"580350153","PARCELID_LABEL":"58:035:0153","OWNER_NAME":"CLAYTON PROPERTIES GROUP INC","CARE_NAME":null,"ACREAGE":0.37961799999999996,"SITE_FULL_ADDRESS":null,"SITE_HOUSE_NUM":null,"SITE_PRE_DIR":null,"SITE_STREET_NAME":null,"SITE_STREET_TYPE":null,"SITE_POST_DIR":null,"SITE_STREET_UNIT":null,"SITE_CITY":null,"SITE_STATE":null,"SITE_ZIP5":null,"OWN_FULL_ADDRESS":"206 E WINCHESTER AVE  MURRAY, UT 84107","OWN_STREET_ADDRESS":"206 E WINCHESTER AVE","OWN_CITY":"MURRAY","OWN_STATE":"UT","OWN_ZIP5":"84107","VESTING_DOC":"35580-2025","PARCEL_CREATE_DATE":1747353600000,"MAP_FILING_NO":null,"SUB_NAME":null,"LEGAL_DESCR":"COM N 89 DEG 57' 40\" W 2567.637 FT & N 5308.091 FT FR E 1/4 COR. SEC. 26, T5S, R1W, SLB&M.; N 0 DEG 8' 9\" E 73.159 FT; N 89 DEG 44' 46\" E 50.501 FT; ALONG A CURVE TO R (CHORD BEARS: S 85 DEG 17' 15\" E 98.96 FT, RADIUS = 571.5 FT); S 68 DEG 55' 39\" E 95.772 FT; S 70 DEG 40' 6\" E 93.731 FT; ALONG A CURVE TO L (CHORD BEARS: S 71 DEG 1' 3\" E 3.4 FT, RADIUS = 278.5 FT); N 89 DEG 46' 19\" W 330.322 FT TO BEG. AREA 0.380 AC.","BOOK_PAGE":58035,"LOT":null,"BUILDING":null,"UNIT":null,"TAX_DISTRICT":"039","TAX_DISTRICT_DESCR":"SARATOGA SPRINGS","SCHOOL_DISTRICT":"ALPINE","TAXABLE_CODE":100,"ACCOUNT_TYPE":null,"PROP_TYPE":9999,"PROP_TYPE_DESCR":"DEFAULT","SPECIFIC_PROP_TYPE":9999,"SPC_PROP_TYP_DESCR":"DEFAULT","NEIGHBORHOOD":"9999","NBHD_DISTRICT":null,"LAND_DISTRICT":9999,"ECONOMIC_UNIT":null,"GLA_WEIGHTED_YRBLT":null,"TOTAL_ABOVE_GRADE_AREA":null,"TOTAL_MEZZANINE":null,"TOTAL_BASEMENT":null,"TOTAL_BSMT_FINISH":null,"TOTAL_UNIT_COUNT":null,"TOTAL_IMP_COUNT":null,"ASMT_YEAR":2026,"ASMT_CODE":"UNK","ASMT_CODE_DESCR":"UNK","MKT_LAND_VALUE":0,"MKT_LAND_RES":0,"MKT_LAND_AGR":0,"MKT_LAND_COM":0,"MKT_IMP_VALUE":0,"MKT_IMP_RES":0,"MKT_IMP_AGR":0,"MKT_IMP_COM":0,"MKT_CUR_VALUE":0,"MKT_PRV_VAL":0,"MKT_VAL_YR_CHG":0,"MKT_PCT_CHG":0,"TXBL_CUR_VALUE":0,"TXBL_PRV_VAL":0,"TXBL_VAL_YR_CHG":0,"TXBL_PCT_CHG":0,"TOT_CUR_TAXES":0,"TOT_PRV_TAXES":0,"TAXES_YR_CHG":0,"TAXES_PCT_CHG":0,"GREENBELT":null,"EXEMPT_RES":"UNK","COMMON_AREA":null,"PUBLIC_ROAD":null,"PRIVATE_ROAD":null,"PART_CENTRAL_ASSD":null,"PART_TAXABLE":null,"IMP_NO_RES":null,"COST_GROUP_RES":null,"STYLE_DESCR_RES":null,"QUALITY_RES":null,"QUALITY_DESCR_RES":null,"CONDITION_RES":null,"CONDITION_DESCR_RES":null,"YEARBLT_RES":null,"GLA_RES":null,"BASEMENT_RES":null,"BSMT_FINISH_RES":null,"ATT_GARAGE_SQFT_RES":null,"BATHROOMS_RES":null,"GLA_BEDROOMS_RES":null,"EXTERIOR_RES":null,"ALLOCATION_PCT_RES":null,"IMP_NO_1":null,"USE_CODE_1":null,"USE_CODE_DESCR_1":null,"COST_CLASS_DESCR_1":null,"EXTERIOR_WALL_1":null,"ABOVE_GRADE_AREA_1":null,"MEZZANINE_1":null,"BASEMENT_1":null,"BSMT_FINISH_1":null,"BSMT_UNFINISH_1":null,"QUALITY_DESCR_1":null,"CONDITION_1":null,"CONDITION_DESCR_1":null,"YEAR_BUILT_1":null,"UNIT_COUNT_1":null,"PCT_COMPLETE_1":null,"ALLOCATION_PCT_1":null,"IMP_NO_2":null,"USE_CODE_2":null,"USE_CODE_DESCR_2":null,"COST_CLASS_DESCR_2":null,"EXTERIOR_WALL_2":null,"ABOVE_GRADE_AREA_2":null,"MEZZANINE_2":null,"BASEMENT_2":null,"BSMT_FINISH_2":null,"BSMT_UNFINISH_2":null,"QUALITY_DESCR_2":null,"CONDITION_2":null,"CONDITION_DESCR_2":null,"YEAR_BUILT_2":null,"UNIT_COUNT_2":null,"PCT_COMPLETE_2":null,"ALLOCATION_PCT_2":null,"TRAV_COUNT":null,"LASTUPDATE":null,"CREATED_DATE":1747391211000,"LAST_EDITED_DATE":1747391211000,"GLOBALID":"{21D6EAC5-9266-4DA5-BA76-3F6A92B3E798}","SHAPE_Length":0.0025972279902915984,"SHAPE_Area":1.6291524106934161e-07}},{"type":"Feature","id":187,"geometry":{"type":"Polygon","coordinates":[[[-112.09487668399998,40.331045262000032],[-112.09484677099999,40.333380201000068],[-112.09806567199996,40.333400692000055],[-112.09951777499998,40.33340430800007],[-112.09959671399997,40.331016538000029],[-112.09960637299997,40.330653408000046],[-112.09777421399997,40.330680893000078],[-112.09777351799994,40.330714094000029],[-112.09681762699995,40.330732788000034],[-112.09588926599997,40.330749842000046],[-112.09494161599997,40.330769297000074],[-112.09494782399997,40.331044727000062],[-112.09487668399998,40.331045262000032]]]},"properties":{"OBJECTID":187,"PARCEL_NO":590370142,"PARCELID":"590370142","PARCELID_LABEL":"59:037:0142","OWNER_NAME":"COOK, LARRY ERNIL","CARE_NAME":null,"ACREAGE":29.330026999999998,"SITE_FULL_ADDRESS":null,"SITE_HOUSE_NUM":null,"SITE_PRE_DIR":null,"SITE_STREET_NAME":null,"SITE_STREET_TYPE":null,"SITE_POST_DIR":null,"SITE_STREET_UNIT":null,"SITE_CITY":null,"SITE_STATE":null,"SITE_ZIP5":null,"OWN_FULL_ADDRESS":"PO BOX 345  CEDAR FORT, UT 84013-0345","OWN_STREET_ADDRESS":"PO BOX 345","OWN_CITY":"CEDAR FORT","OWN_STATE":"UT","OWN_ZIP5":"84013","VESTING_DOC":"111645-2009 (MORE)","PARCEL_CREATE_DATE":1748563200000,"MAP_FILING_NO":null,"SUB_NAME":null,"LEGAL_DESCR":"COM N 13.366 FT & W 892.898 FT FR N 1/4 COR. SEC. 5, T6S, R2W, SLB&M.; S 0 DEG 56' 34\" W 850.88 FT; S 89 DEG 49' 5\" W 19.84 FT; S 0 DEG 36' 26\" E 100.38 FT; S 88 DEG 50' 41\" W 264.37 FT; S 89 DEG 0' 25\" W 258.97 FT; S 88 DEG 55' 8\" W 266.66 FT; S 1 DEG 18' 9\" W 12.1 FT; S 89 DEG 15' 38\" W 511.04 FT; N 1 DEG 33' 1\" E 132.35 FT; N 1 DEG 50' 0\" E 870.37 FT; S 89 DEG 25' 48\" E 404.94 FT; S 89 DEG 8' 29\" E 897.68 FT TO BEG. AREA 29.330 AC.","BOOK_PAGE":59037,"LOT":null,"BUILDING":null,"UNIT":null,"TAX_DISTRICT":"050","TAX_DISTRICT_DESCR":"CEDAR FORT CITY","SCHOOL_DISTRICT":"ALPINE","TAXABLE_CODE":100,"ACCOUNT_TYPE":null,"PROP_TYPE":null,"PROP_TYPE_DESCR":null,"SPECIFIC_PROP_TYPE":null,"SPC_PROP_TYP_DESCR":null,"NEIGHBORHOOD":null,"NBHD_DISTRICT":null,"LAND_DISTRICT":null,"ECONOMIC_UNIT":null,"GLA_WEIGHTED_YRBLT":null,"TOTAL_ABOVE_GRADE_AREA":null,"TOTAL_MEZZANINE":null,"TOTAL_BASEMENT":null,"TOTAL_BSMT_FINISH":null,"TOTAL_UNIT_COUNT":null,"TOTAL_IMP_COUNT":null,"ASMT_YEAR":2026,"ASMT_CODE":"UNK","ASMT_CODE_DESCR":"UNK","MKT_LAND_VALUE":0,"MKT_LAND_RES":0,"MKT_LAND_AGR":0,"MKT_LAND_COM":0,"MKT_IMP_VALUE":0,"MKT_IMP_RES":0,"MKT_IMP_AGR":0,"MKT_IMP_COM":0,"MKT_CUR_VALUE":0,"MKT_PRV_VAL":0,"MKT_VAL_YR_CHG":0,"MKT_PCT_CHG":0,"TXBL_CUR_VALUE":0,"TXBL_PRV_VAL":0,"TXBL_VAL_YR_CHG":0,"TXBL_PCT_CHG":0,"TOT_CUR_TAXES":0,"TOT_PRV_TAXES":0,"TAXES_YR_CHG":0,"TAXES_PCT_CHG":0,"GREENBELT":null,"EXEMPT_RES":"UNK","COMMON_AREA":null,"PUBLIC_ROAD":null,"PRIVATE_ROAD":null,"PART_CENTRAL_ASSD":null,"PART_TAXABLE":null,"IMP_NO_RES":null,"COST_GROUP_RES":null,"STYLE_DESCR_RES":null,"QUALITY_RES":null,"QUALITY_DESCR_RES":null,"CONDITION_RES":null,"CONDITION_DESCR_RES":null,"YEARBLT_RES":null,"GLA_RES":null,"BASEMENT_RES":null,"BSMT_FINISH_RES":null,"ATT_GARAGE_SQFT_RES":null,"BATHROOMS_RES":null,"GLA_BEDROOMS_RES":null,"EXTERIOR_RES":null,"ALLOCATION_PCT_RES":null,"IMP_NO_1":null,"USE_CODE_1":null,"USE_CODE_DESCR_1":null,"COST_CLASS_DESCR_1":null,"EXTERIOR_WALL_1":null,"ABOVE_GRADE_AREA_1":null,"MEZZANINE_1":null,"BASEMENT_1":null,"BSMT_FINISH_1":null,"BSMT_UNFINISH_1":null,"QUALITY_DESCR_1":null,"CONDITION_1":null,"CONDITION_DESCR_1":null,"YEAR_BUILT_1":null,"UNIT_COUNT_1":null,"PCT_COMPLETE_1":null,"ALLOCATION_PCT_1":null,"IMP_NO_2":null,"USE_CODE_2":null,"USE_CODE_DESCR_2":null,"COST_CLASS_DESCR_2":null,"EXTERIOR_WALL_2":null,"ABOVE_GRADE_AREA_2":null,"MEZZANINE_2":null,"BASEMENT_2":null,"BSMT_FINISH_2":null,"BSMT_UNFINISH_2":null,"QUALITY_DESCR_2":null,"CONDITION_2":null,"CONDITION_DESCR_2":null,"YEAR_BUILT_2":null,"UNIT_COUNT_2":null,"PCT_COMPLETE_2":null,"ALLOCATION_PCT_2":null,"TRAV_COUNT":null,"LASTUPDATE":null,"CREATED_DATE":1748593034000,"LAST_EDITED_DATE":1748593034000,"GLOBALID":"{276621D5-D908-47BF-830E-3AE7180D2A2E}","SHAPE_Length":0.014803193748665027,"SHAPE_Area":1.257959009590221e-05}},{"type":"Feature","id":188,"geometry":{"type":"Polygon","coordinates":[[[-112.02775732299995,40.299352487000078],[-112.02775755999994,40.299384021000037],[-112.02777495099997,40.299460788000033],[-112.02777519099999,40.299493007000081],[-112.02777554999994,40.299493005000045],[-112.02778509483362,40.299493567374796],[-112.02779444995419,40.299495542680944],[-112.0278034073874,40.299498887005328],[-112.02781176799999,40.29950352600008],[-112.02781697870493,40.299507462043344],[-112.02782145557252,40.299512216150944],[-112.02782507181033,40.299517653678564],[-112.02782772500042,40.299523620626267],[-112.02782933999998,40.299529948000043],[-112.02785384296536,40.299661731082082],[-112.02788524285705,40.29979204310311],[-112.02792345276285,40.29992052337056],[-112.02796836692097,40.300046816261975],[-112.02801986101287,40.300170572209403],[-112.02807779250728,40.300291448666911],[-112.02814200105475,40.300409111058762],[-112.02821230893149,40.300523233705469],[-112.02828852153128,40.300633500725269],[-112.02837042790415,40.300739606908444],[-112.02845780134022,40.300841258562102],[-112.02855039999727,40.300938174323136],[-112.02864796757009,40.301030085936965],[-112.02875023399997,40.301116739000065],[-112.02875458023064,40.301120659292785],[-112.02875821198589,40.301125249365739],[-112.02876102759301,40.301130380717659],[-112.02876294822774,40.30113590969389],[-112.02876392012099,40.30114168150812],[-112.02876391606415,40.301147534575648],[-112.02876293617079,40.301153305037069],[-112.02876100787348,40.301158831345553],[-112.02875818515585,40.301163958789473],[-112.0287545470412,40.301168543823586],[-112.0287501953803,40.30117245808767],[-112.02874525199996,40.30117559200005],[-112.02878742599995,40.301213949000044],[-112.02890495599996,40.30128168300007],[-112.02894796199996,40.301320797000074],[-112.02898383099995,40.301297680000062],[-112.02912319483438,40.301389959067606],[-112.02926622289786,40.301476449978772],[-112.02941267493402,40.301557007447457],[-112.02956230493497,40.30163149615445],[-112.02971486155454,40.301699790974766],[-112.02987008853044,40.301761777187814],[-112.03002772511479,40.301817350670092],[-112.03018750651205,40.301866418070119],[-112.03034916432388,40.301908896965237],[-112.03051242699996,40.301944716000037],[-112.03179676399998,40.302210326000079],[-112.03163128599999,40.302679352000041],[-112.03017343599998,40.302377856000078],[-112.03001142162807,40.302342634115632],[-112.02985096426238,40.302300888796765],[-112.02969232645245,40.302252688349562],[-112.02953576777055,40.302198111642348],[-112.02938154438695,40.30213724797666],[-112.02922990865078,40.302070196941123],[-112.02908110867712,40.301997068248461],[-112.028935387941,40.301917981556045],[-112.02879298487906,40.301833066270042],[-112.02865413249931,40.30174246133371],[-112.02851905799997,40.301646315000028],[-112.02863030999998,40.301580740000077],[-112.02857816799997,40.301601935000065],[-112.02855061399998,40.301625482000077],[-112.02854114556531,40.301619960289955],[-112.02853089722345,40.301616072870907],[-112.02852014869663,40.301613925847661],[-112.02850919335931,40.301613577821904],[-112.02849833023073,40.301615038292795],[-112.02848785581334,40.301618267397657],[-112.02847805599998,40.301623177000067],[-112.02795529899998,40.301960119000057],[-112.02795017113961,40.301963329208704],[-112.02794567009438,40.301967371606906],[-112.02794192934917,40.301972126311611],[-112.02793905984112,40.301977452315271],[-112.02793714666954,40.301983191667681],[-112.02793624657231,40.301989174160177],[-112.02793638624304,40.301995222373435],[-112.02793756153963,40.302001156939077],[-112.02793973760697,40.302006801859136],[-112.02794284991069,40.302011989725465],[-112.02794680615101,40.302016566684507],[-112.02795148899997,40.302020397000035],[-112.02792337799997,40.302043518000062],[-112.02783422999994,40.302083588000073],[-112.02780580899997,40.302106485000024],[-112.02779631108588,40.302100772287531],[-112.02778599344893,40.302096723605743],[-112.02777514508973,40.302094452359626],[-112.02776406987456,40.302094022167566],[-112.02775307802403,40.302095445079402],[-112.02774247742367,40.302098681238874],[-112.02773256499995,40.302103640000041],[-112.02693321399994,40.302618872000039],[-112.02693378899994,40.302619399000037],[-112.02854951399996,40.304089130000079],[-112.02633525499999,40.305515988000025],[-112.02658533699997,40.305815272000075],[-112.02661508279925,40.305845426432811],[-112.02664818704797,40.305871850117356],[-112.02668418480624,40.30589417194048],[-112.02672257049566,40.305912078398435],[-112.02676280499998,40.30592531800005],[-112.02686688078447,40.305956388863386],[-112.0269690468551,40.305993257026856],[-112.02706898056933,40.306035806060052],[-112.02716636633446,40.306083901592245],[-112.02726089660423,40.306137391736776],[-112.02735227285014,40.306196107570671],[-112.02744020650412,40.306259863668124],[-112.02752441986992,40.306328458686075],[-112.02760464699998,40.306401676000064],[-112.02761359145674,40.306408278495802],[-112.02762352636472,40.306413267870532],[-112.0276341637031,40.306416499478352],[-112.02764519508703,40.306417879632399],[-112.02765630070802,40.306417368320922],[-112.02766715860533,40.306414980367244],[-112.02767745399996,40.306410785000025],[-112.02767823599999,40.306411672000024],[-112.02790645799996,40.306293650000043],[-112.02800678499995,40.306407356000079],[-112.02836101199995,40.306504695000058],[-112.02844657399999,40.306758066000043],[-112.02866376599997,40.306931468000073],[-112.02889587699997,40.307093143000031],[-112.02922996599995,40.307086472000037],[-112.02923637499998,40.307274617000076],[-112.02923408632755,40.307325622415824],[-112.02922536539707,40.307375928835178],[-112.02921035225827,40.307424728385591],[-112.02918928800767,40.307471237393358],[-112.02916251091682,40.307514708968696],[-112.02913045099996,40.307554445000051],[-112.02912698952412,40.307559134510143],[-112.02912433477061,40.307564323498845],[-112.02912255708939,40.307569874459965],[-112.0291217035883,40.307575640295184],[-112.02912179688481,40.307581468212106],[-112.02912283450657,40.307587203773188],[-112.02912478895702,40.307592694988294],[-112.02912760844399,40.307597796342343],[-112.02913121825216,40.307602372651431],[-112.02913552272301,40.307606302645148],[-112.02914040778973,40.307609482180176],[-112.02914574399995,40.307611827000073],[-112.02926142072033,40.307667931771512],[-112.02937842299997,40.307721217000051],[-112.02897669799995,40.308254126000065],[-112.02913719438939,40.308322383203524],[-112.02929940090984,40.308386470500025],[-112.02946320924275,40.308446345093252],[-112.02962850999995,40.308501967000041],[-112.02963660899997,40.308501806000038],[-112.02953135099995,40.305411465000077],[-112.03549322799995,40.305422574000033],[-112.03550523799998,40.302674077000063],[-112.03535524499995,40.30267712400007],[-112.03520151130229,40.302675194110201],[-112.03504793645388,40.302667945648082],[-112.03489470440093,40.302655387295658],[-112.03474199867907,40.302637534094856],[-112.03459000219351,40.302614407429566],[-112.03443889699997,40.302586035000047],[-112.03185286899998,40.302051253000059],[-112.03185249699999,40.302051156000061],[-112.03056948199998,40.301785808000034],[-112.03043345699312,40.301774915418903],[-112.03029817949314,40.301756986425339],[-112.03016401323787,40.301732069227313],[-112.03003131897719,40.30170023082286],[-112.0299004535031,40.301661556819958],[-112.02977176869022,40.301616151206332],[-112.02964561054984,40.301564136069828],[-112.02952231829939,40.301505651270176],[-112.02940222345045,40.301440854062903],[-112.02928564891735,40.301369918676507],[-112.02917290814887,40.301293035843997],[-112.02906430428547,40.301210412290047],[-112.0289601293442,40.301122270175121],[-112.02886066343349,40.301028846498149],[-112.02876617400001,40.300930392459271],[-112.02867691510951,40.300827172784395],[-112.02859312676377,40.300719465013422],[-112.02851503425515,40.300607558753939],[-112.02844284756095,40.300491754902566],[-112.02837676077873,40.300372364835866],[-112.02831695160442,40.300249709573116],[-112.02826358085458,40.300124118913139],[-112.02821679203393,40.299995930547539],[-112.02817671094955,40.299865489152708],[-112.02814344537254,40.29973314546303],[-112.02811708474829,40.299599255327834],[-112.02809769995596,40.299464178754597],[-112.02808534311795,40.299328278940884],[-112.02808004745962,40.299191921297847],[-112.02808182722012,40.299055472467643],[-112.02809067761396,40.298919299337612],[-112.02810657484395,40.298783768053809],[-112.02812947616519,40.298649243036444],[-112.02815931999999,40.298516086000063],[-112.02901534399996,40.296230944000058],[-112.02866542106324,40.296156814439705],[-112.02831417795018,40.296089216149085],[-112.02796173655516,40.296028172587313],[-112.02760821918837,40.29597370493876],[-112.02725374853343,40.295925832105716],[-112.02689844760476,40.29588457070183],[-112.02654243970494,40.295849935046327],[-112.0261858483819,40.295821937159069],[-112.02582879738601,40.295800586756357],[-112.02547141062719,40.295785891247576],[-112.02511381213186,40.295777855732595],[-112.02475612599994,40.295776483000054],[-112.02475721299999,40.295975175000081],[-112.02476932699994,40.295975121000026],[-112.02513261544814,40.295976985793473],[-112.02549580299996,40.295985748000078],[-112.02550257599995,40.29598565200007],[-112.02583881028008,40.295999978589037],[-112.02617473620155,40.296020289117699],[-112.02651024727703,40.296046577147678],[-112.0268452371507,40.296078834345764],[-112.02717959963195,40.296117050486551],[-112.02751322872908,40.29616121345564],[-112.02784601868284,40.296211309253543],[-112.02817786399999,40.296267322000062],[-112.02840105999996,40.29633388700006],[-112.02844221495118,40.296344818186633],[-112.02848100553608,40.296362382678488],[-112.02851637084547,40.296386100092811],[-112.02854734365029,40.296415321766467],[-112.028573076855,40.296449248496721],[-112.02859286666526,40.296486952399164],[-112.02860617183659,40.296527402285022],[-112.02861262847712,40.296569491863821],[-112.02861205999994,40.296612070000037],[-112.02859042399996,40.296764334000045],[-112.02855719299998,40.296853050000038],[-112.02855209899997,40.296867461000033],[-112.02795156699995,40.298470605000034],[-112.02791145983193,40.298586180124268],[-112.02787788402119,40.298703818804988],[-112.02785094482316,40.298823152261647],[-112.02783072668838,40.298943806400793],[-112.02781729299782,40.299065402988845],[-112.02781068586421,40.299187560837773],[-112.02781092599997,40.299309897000057],[-112.02781076099996,40.29931031700005],[-112.02781077699996,40.299311077000027],[-112.02780890623889,40.29931916324287],[-112.02780568610918,40.29932681293797],[-112.02780121063242,40.299333802728967],[-112.02779561048391,40.299339928527438],[-112.02778904917717,40.299345011471878],[-112.02778171828972,40.299348903150118],[-112.02777383186933,40.299351489932654],[-112.02776562018428,40.299352696290413],[-112.02775732299995,40.299352487000078]]]},"properties":{"OBJECTID":188,"PARCEL_NO":590460037,"PARCELID":"590460037","PARCELID_LABEL":"59:046:0037","OWNER_NAME":"ZJT MANAGEMENT LLC","CARE_NAME":null,"ACREAGE":72.484268999999998,"SITE_FULL_ADDRESS":null,"SITE_HOUSE_NUM":null,"SITE_PRE_DIR":null,"SITE_STREET_NAME":null,"SITE_STREET_TYPE":null,"SITE_POST_DIR":null,"SITE_STREET_UNIT":null,"SITE_CITY":null,"SITE_STATE":null,"SITE_ZIP5":"84005","OWN_FULL_ADDRESS":"PO BOX 33009  INDIALANTIC, FL 32903","OWN_STREET_ADDRESS":"PO BOX 33009","OWN_CITY":"INDIALANTIC","OWN_STATE":"FL","OWN_ZIP5":"32903","VESTING_DOC":"23649-2017","PARCEL_CREATE_DATE":1735171200000,"MAP_FILING_NO":null,"SUB_NAME":null,"LEGAL_DESCR":"COM S 2199.912 FT & W 852.435 FT FR NW COR. SEC. 13, T6S, R2W, SLB&M.; ALONG A CURVE TO L (CHORD BEARS: S 44 DEG 28' 34\" W 21.41 FT, RADIUS = 15 FT); S 17 DEG 8' 55\" W .16 FT; ALONG A CURVE TO R (CHORD BEARS: S 7 DEG 38' 58\" W 308.33 FT, RADIUS = 1018.37 FT); S 16 DEG 20' 33\" W 607.71 FT; ALONG A CURVE TO L (CHORD BEARS: S 15 DEG 28' 56\" W 5.44 FT, RADIUS = 179.99 FT); S 16 DEG 20' 32\" W 33.63 FT; S 6 DEG 32' 53\" W 55.81 FT; ALONG A CURVE TO L (CHORD BEARS: S 29 DEG 48' 31\" E 117.22 FT, RADIUS = 94 FT); S 68 DEG 22' 51\" E 66.83 FT; ALONG A CURVE TO L (CHORD BEARS: S 81 DEG 50' 0\" E 753.45 FT, RADIUS = 4088 FT); ALONG A CURVE TO L (CHORD BEARS: N 89 DEG 16' 32\" E 1.89 FT, RADIUS = 15 FT); ALONG A CURVE TO L (CHORD BEARS: S 88 DEG 34' 9\" E 202.73 FT, RADIUS = 4088.04 FT); S 89 DEG 59' 33\" E 3.38 FT; S 0 DEG 5' 46\" W 72.4 FT; ALONG A CURVE TO R (CHORD BEARS: N 81 DEG 43' 46\" W 1199.84 FT, RADIUS = 4159.14 FT); N 16 DEG 20' 35\" E 866.24 FT; ALONG A CURVE TO L (CHORD BEARS: N 29 DEG 6' 1\" W 1368.08 FT, RADIUS = 960 FT); N 74 DEG 32' 37\" W 370.77 FT; N 70 DEG 50' 56\" W .11 FT; N 74 DEG 32' 37\" W 747.31 FT; ALONG A CURVE TO L (CHORD BEARS: N 82 DEG 15' 35\" W 257.79 FT, RADIUS = 960.54 FT); S 88 DEG 49' 23\" W 41.86 FT; N 0 DEG 32' 5\" E 1001.51 FT; S 89 DEG 31' 10\" E 1663.19 FT; N 1 DEG 9' 16\" W 1126.45 FT; N 88 DEG 50' 51\" E 2.26 FT; ALONG A CURVE TO R (CHORD BEARS: S 63 DEG 14' 55\" E 203.02 FT, RADIUS = 1639.1 FT); S 30 DEG 19' 43\" W 224.2 FT; ALONG A CURVE TO R (CHORD BEARS: S 58 DEG 6' 26\" E 76.17 FT, RADIUS = 1357.21 FT); ALONG A CURVE TO R (CHORD BEARS: S 11 DEG 11' 36\" E 21.34 FT, RADIUS = 15 FT); ALONG A CURVE TO L (CHORD BEARS: S 16 DEG 30' 1\" W 106.16 FT, RADIUS = 174.96 FT); S 1 DEG 9' 18\" E 68.58 FT; N 88 DEG 50' 41\" E 93.23 FT; S 47 DEG 21' 52\" E 87.54 FT; S 43 DEG 27' 36\" E 87.54 FT; S 14 DEG 9' 25\" E 95.36 FT; S 69 DEG 55' 2\" E 104.99 FT; S 33 DEG 42' 2\" E 50 FT; N 56 DEG 17' 59\" E 76.83 FT; S 33 DEG 42' 30\" E .39 FT; ALONG A CURVE TO R (CHORD BEARS: S 80 DEG 22' 50\" E 20.58 FT, RADIUS = 15 FT); ALONG A CURVE TO L (CHORD BEARS: S 53 DEG 11' 38\" E 292.03 FT, RADIUS = 525.8 FT); ALONG A CURVE TO R (CHORD BEARS: S 50 DEG 39' 25\" E 63.71 FT, RADIUS = 100.42 FT); S 32 DEG 16' 16\" E 129.46 FT; S 50 DEG 15' 4\" W 807.4 FT; S 39 DEG 44' 54\" E 699.99 FT; S 39 DEG 31' 45\" E .25 FT; S 50 DEG 14' 41\" W 291.51 FT; ALONG A CURVE TO R (CHORD BEARS: N 86 DEG 45' 29\" W 20.46 FT, RADIUS = 15 FT); S 43 DEG 52' 50\" W 11.51 FT; S 59 DEG 55' 20\" W 28.84 FT; S 43 DEG 17' 20\" W 11.51 FT; ALONG A CURVE TO R (CHORD BEARS: S 3 DEG 6' 32\" W 21.99 FT, RADIUS = 15 FT); S 50 DEG 14' 46\" W 190.64 FT; ALONG A CURVE TO R (CHORD BEARS: N 87 DEG 17' 6\" W 20.26 FT, RADIUS = 15 FT); S 42 DEG 11' 45\" W 11.52 FT; S 62 DEG 22' 29\" W 16.47 FT; N 52 DEG 44' 51\" E 39.17 FT; ALONG A CURVE TO L (CHORD BEARS: N 59 DEG 39' 10\" W 532.99 FT, RADIUS = 1036.85 FT); N 74 DEG 32' 39\" W 421.29 FT; S 15 DEG 27' 24\" W 177.03 FT; S 74 DEG 32' 39\" E 371.15 FT; ALONG A CURVE TO R (CHORD BEARS: S 60 DEG 43' 28\" E 487.29 FT, RADIUS = 1019.7 FT); N 50 DEG 15' 3\" E 13.08 FT; S 39 DEG 45' 14\" E 18.63 FT; S 52 DEG 41' 29\" E 41.04 FT; S 39 DEG 45' 14\" E 18.27 FT; ALONG A CURVE TO L (CHORD BEARS: S 4 DEG 2' 52\" W 21.49 FT, RADIUS = 15 FT); ALONG A CURVE TO R (CHORD BEARS: S 23 DEG 37' 10\" E 632.71 FT, RADIUS = 1019.99 FT); ALONG A CURVE TO L (CHORD BEARS: S 47 DEG 46' 12\" E 20.16 FT, RADIUS = 14.99 FT); S 89 DEG 59' 24\" E .1 FT; S 0 DEG 0' 37\" W 11.74 FT; S 9 DEG 30' 8\" E 28.39 FT; S 0 DEG 0' 37\" W 11.49 FT TO BEG. AREA 72.484 AC.","BOOK_PAGE":59046,"LOT":null,"BUILDING":null,"UNIT":null,"TAX_DISTRICT":"038","TAX_DISTRICT_DESCR":"EAGLE MOUNTAIN","SCHOOL_DISTRICT":"ALPINE","TAXABLE_CODE":100,"ACCOUNT_TYPE":"RESIDENTIAL","PROP_TYPE":900,"PROP_TYPE_DESCR":"VACANT","SPECIFIC_PROP_TYPE":901,"SPC_PROP_TYP_DESCR":"Vac Res","NEIGHBORHOOD":"103","NBHD_DISTRICT":"152","LAND_DISTRICT":1533,"ECONOMIC_UNIT":null,"GLA_WEIGHTED_YRBLT":null,"TOTAL_ABOVE_GRADE_AREA":null,"TOTAL_MEZZANINE":null,"TOTAL_BASEMENT":null,"TOTAL_BSMT_FINISH":null,"TOTAL_UNIT_COUNT":null,"TOTAL_IMP_COUNT":null,"ASMT_YEAR":2026,"ASMT_CODE":"V","ASMT_CODE_DESCR":"VACANT","MKT_LAND_VALUE":10008300,"MKT_LAND_RES":0,"MKT_LAND_AGR":10008300,"MKT_LAND_COM":0,"MKT_IMP_VALUE":0,"MKT_IMP_RES":0,"MKT_IMP_AGR":0,"MKT_IMP_COM":0,"MKT_CUR_VALUE":10008300,"MKT_PRV_VAL":10008300,"MKT_VAL_YR_CHG":0,"MKT_PCT_CHG":0,"TXBL_CUR_VALUE":10008300,"TXBL_PRV_VAL":10008300,"TXBL_VAL_YR_CHG":0,"TXBL_PCT_CHG":0,"TOT_CUR_TAXES":0,"TOT_PRV_TAXES":0,"TAXES_YR_CHG":0,"TAXES_PCT_CHG":0,"GREENBELT":null,"EXEMPT_RES":"N","COMMON_AREA":null,"PUBLIC_ROAD":null,"PRIVATE_ROAD":null,"PART_CENTRAL_ASSD":null,"PART_TAXABLE":null,"IMP_NO_RES":null,"COST_GROUP_RES":null,"STYLE_DESCR_RES":null,"QUALITY_RES":null,"QUALITY_DESCR_RES":null,"CONDITION_RES":null,"CONDITION_DESCR_RES":null,"YEARBLT_RES":null,"GLA_RES":null,"BASEMENT_RES":null,"BSMT_FINISH_RES":null,"ATT_GARAGE_SQFT_RES":null,"BATHROOMS_RES":null,"GLA_BEDROOMS_RES":null,"EXTERIOR_RES":null,"ALLOCATION_PCT_RES":null,"IMP_NO_1":null,"USE_CODE_1":null,"USE_CODE_DESCR_1":null,"COST_CLASS_DESCR_1":null,"EXTERIOR_WALL_1":null,"ABOVE_GRADE_AREA_1":null,"MEZZANINE_1":null,"BASEMENT_1":null,"BSMT_FINISH_1":null,"BSMT_UNFINISH_1":null,"QUALITY_DESCR_1":null,"CONDITION_1":null,"CONDITION_DESCR_1":null,"YEAR_BUILT_1":null,"UNIT_COUNT_1":null,"PCT_COMPLETE_1":null,"ALLOCATION_PCT_1":null,"IMP_NO_2":null,"USE_CODE_2":null,"USE_CODE_DESCR_2":null,"COST_CLASS_DESCR_2":null,"EXTERIOR_WALL_2":null,"ABOVE_GRADE_AREA_2":null,"MEZZANINE_2":null,"BASEMENT_2":null,"BSMT_FINISH_2":null,"BSMT_UNFINISH_2":null,"QUALITY_DESCR_2":null,"CONDITION_2":null,"CONDITION_DESCR_2":null,"YEAR_BUILT_2":null,"UNIT_COUNT_2":null,"PCT_COMPLETE_2":null,"ALLOCATION_PCT_2":null,"TRAV_COUNT":null,"LASTUPDATE":null,"CREATED_DATE":1735211330000,"LAST_EDITED_DATE":1735211330000,"GLOBALID":"{19CC9A8F-09D1-4C1C-A3B9-F547B243A7D6}","SHAPE_Length":0.057411508523522475,"SHAPE_Area":3.1028936461580944e-05}},{"type":"Feature","id":189,"geometry":{"type":"Polygon","coordinates":[[[-111.64273501399998,40.260414777000051],[-111.64264662553639,40.260449560489022],[-111.64255907699999,40.26048640700003],[-111.64259983999995,40.260541112000055],[-111.64276598999999,40.260403143000076],[-111.64273501399998,40.260414777000051]]]},"properties":{"OBJECTID":189,"PARCEL_NO":200710054,"PARCELID":"200710054","PARCELID_LABEL":"20:071:0054","OWNER_NAME":"CHURCH OF JESUS CHRIST OF LATTER-DAY SAINTS THE","CARE_NAME":"%TAX DIVISION","ACREAGE":0.017722999999999999,"SITE_FULL_ADDRESS":null,"SITE_HOUSE_NUM":null,"SITE_PRE_DIR":null,"SITE_STREET_NAME":null,"SITE_STREET_TYPE":null,"SITE_POST_DIR":null,"SITE_STREET_UNIT":null,"SITE_CITY":null,"SITE_STATE":null,"SITE_ZIP5":"84604","OWN_FULL_ADDRESS":"%TAX DIVISION  50 E NORTH TEMPLE 22ND FLOOR  SALT LAKE CITY, UT 84150","OWN_STREET_ADDRESS":"50 E NORTH TEMPLE 22ND FLOOR","OWN_CITY":"SALT LAKE CITY","OWN_STATE":"UT","OWN_ZIP5":"84150","VESTING_DOC":"71713-2023","PARCEL_CREATE_DATE":1738713600000,"MAP_FILING_NO":null,"SUB_NAME":null,"LEGAL_DESCR":"COM S 261.654 FT & W 1298.861 FT FR NE COR. SEC. 31, T6S, R3E, SLB&M.; ALONG A CURVE TO R (CHORD BEARS: S 62 DEG 6' 14\" W 55.62 FT, RADIUS = 999.5 FT); ALONG A CURVE TO R (CHORD BEARS: S 63 DEG 58' 26\" W 9.63 FT, RADIUS = 999.5 FT); N 42 DEG 47' 9\" E 68.4 FT; S 29 DEG 37' 37\" E 22.98 FT TO BEG. AREA 0.018 AC.","BOOK_PAGE":20071,"LOT":null,"BUILDING":null,"UNIT":null,"TAX_DISTRICT":"110","TAX_DISTRICT_DESCR":"PROVO CITY","SCHOOL_DISTRICT":"PROVO","TAXABLE_CODE":100,"ACCOUNT_TYPE":null,"PROP_TYPE":9999,"PROP_TYPE_DESCR":"DEFAULT","SPECIFIC_PROP_TYPE":9999,"SPC_PROP_TYP_DESCR":"DEFAULT","NEIGHBORHOOD":"9999","NBHD_DISTRICT":null,"LAND_DISTRICT":9999,"ECONOMIC_UNIT":null,"GLA_WEIGHTED_YRBLT":null,"TOTAL_ABOVE_GRADE_AREA":null,"TOTAL_MEZZANINE":null,"TOTAL_BASEMENT":null,"TOTAL_BSMT_FINISH":null,"TOTAL_UNIT_COUNT":null,"TOTAL_IMP_COUNT":null,"ASMT_YEAR":2026,"ASMT_CODE":"UNK","ASMT_CODE_DESCR":"UNK","MKT_LAND_VALUE":0,"MKT_LAND_RES":0,"MKT_LAND_AGR":0,"MKT_LAND_COM":0,"MKT_IMP_VALUE":0,"MKT_IMP_RES":0,"MKT_IMP_AGR":0,"MKT_IMP_COM":0,"MKT_CUR_VALUE":0,"MKT_PRV_VAL":0,"MKT_VAL_YR_CHG":0,"MKT_PCT_CHG":0,"TXBL_CUR_VALUE":0,"TXBL_PRV_VAL":0,"TXBL_VAL_YR_CHG":0,"TXBL_PCT_CHG":0,"TOT_CUR_TAXES":0,"TOT_PRV_TAXES":0,"TAXES_YR_CHG":0,"TAXES_PCT_CHG":0,"GREENBELT":null,"EXEMPT_RES":"UNK","COMMON_AREA":null,"PUBLIC_ROAD":null,"PRIVATE_ROAD":null,"PART_CENTRAL_ASSD":null,"PART_TAXABLE":null,"IMP_NO_RES":null,"COST_GROUP_RES":null,"STYLE_DESCR_RES":null,"QUALITY_RES":null,"QUALITY_DESCR_RES":null,"CONDITION_RES":null,"CONDITION_DESCR_RES":null,"YEARBLT_RES":null,"GLA_RES":null,"BASEMENT_RES":null,"BSMT_FINISH_RES":null,"ATT_GARAGE_SQFT_RES":null,"BATHROOMS_RES":null,"GLA_BEDROOMS_RES":null,"EXTERIOR_RES":null,"ALLOCATION_PCT_RES":null,"IMP_NO_1":null,"USE_CODE_1":null,"USE_CODE_DESCR_1":null,"COST_CLASS_DESCR_1":null,"EXTERIOR_WALL_1":null,"ABOVE_GRADE_AREA_1":null,"MEZZANINE_1":null,"BASEMENT_1":null,"BSMT_FINISH_1":null,"BSMT_UNFINISH_1":null,"QUALITY_DESCR_1":null,"CONDITION_1":null,"CONDITION_DESCR_1":null,"YEAR_BUILT_1":null,"UNIT_COUNT_1":null,"PCT_COMPLETE_1":null,"ALLOCATION_PCT_1":null,"IMP_NO_2":null,"USE_CODE_2":null,"USE_CODE_DESCR_2":null,"COST_CLASS_DESCR_2":null,"EXTERIOR_WALL_2":null,"ABOVE_GRADE_AREA_2":null,"MEZZANINE_2":null,"BASEMENT_2":null,"BSMT_FINISH_2":null,"BSMT_UNFINISH_2":null,"QUALITY_DESCR_2":null,"CONDITION_2":null,"CONDITION_DESCR_2":null,"YEAR_BUILT_2":null,"UNIT_COUNT_2":null,"PCT_COMPLETE_2":null,"ALLOCATION_PCT_2":null,"TRAV_COUNT":null,"LASTUPDATE":null,"CREATED_DATE":1738747237000,"LAST_EDITED_DATE":1738747237000,"GLOBALID":"{72271E17-9FA9-4C33-87DF-763747775DD9}","SHAPE_Length":0.00050725392610040517,"SHAPE_Area":7.5843908335667882e-09}},{"type":"Feature","id":190,"geometry":{"type":"Polygon","coordinates":[[[-111.65460556399995,40.161211785000035],[-111.65460467499997,40.161211712000068],[-111.65460378599994,40.161211660000049],[-111.65460289699996,40.16121161600006],[-111.65460200599995,40.161211558000048],[-111.65460110599997,40.161211498000057],[-111.65460021599995,40.161211424000044],[-111.65459932999994,40.161211360000038],[-111.65459843899998,40.161211283000057],[-111.65459754999995,40.16121120300005],[-111.65459666699996,40.161211119000029],[-111.65459577699994,40.161211034000075],[-111.65459488599998,40.161210937000078],[-111.65459400999998,40.16121084200006],[-111.65459311699999,40.161210737000033],[-111.65459223799996,40.161210634000042],[-111.65459135699996,40.161210513000071],[-111.65459046899997,40.161210402000052],[-111.65458958899995,40.161210277000066],[-111.65458870899994,40.161210157000028],[-111.65458783999998,40.161210023000081],[-111.65458695799998,40.161209891000055],[-111.65458607699998,40.161209747000044],[-111.65458520699997,40.161209607000046],[-111.65458433799995,40.161209457000041],[-111.65458345899998,40.16120931100005],[-111.65458258699999,40.161209146000033],[-111.65458172399997,40.161208988000055],[-111.65458085499995,40.161208817000045],[-111.65457998599999,40.16120864800007],[-111.65457912499994,40.161208467000051],[-111.65457826199997,40.161208291000037],[-111.65457739399994,40.161208102000046],[-111.65457654099998,40.16120791600008],[-111.65457568099998,40.161207723000075],[-111.65457482299996,40.16120752900008],[-111.65457397099999,40.161207319000027],[-111.65457311899996,40.16120711800005],[-111.65457226599995,40.16120690200006],[-111.65457141799999,40.161206686000071],[-111.65457056499997,40.161206462000052],[-111.65456972399994,40.161206245000074],[-111.65456887699997,40.161206013000026],[-111.65456804199999,40.16120578400006],[-111.65456720099996,40.161205534000032],[-111.65456635699996,40.161205297000038],[-111.65456552699999,40.161205051000024],[-111.65456469599997,40.161204806000057],[-111.65456386699998,40.161204542000064],[-111.65456303699995,40.161204289000068],[-111.65456221399995,40.161204020000071],[-111.65456139299994,40.161203753000052],[-111.65456056799997,40.161203475000036],[-111.65455974799994,40.161203206000039],[-111.65455893699999,40.16120292100004],[-111.65455812199997,40.161202638000077],[-111.65455730799999,40.161202348000074],[-111.65455649999996,40.161202055000047],[-111.65455569899996,40.161201748000053],[-111.65455489499999,40.161201449000032],[-111.65455409399999,40.161201142000039],[-111.65455329699995,40.161200837000081],[-111.65455249699994,40.161200517000054],[-111.65455170499996,40.161200203000078],[-111.65455091399997,40.161199874000033],[-111.65455012899997,40.161199552000028],[-111.65454934799999,40.161199216000057],[-111.65454857399999,40.161198885000033],[-111.65454779099997,40.161198541000033],[-111.65454701699997,40.161198199000069],[-111.65454624699998,40.16119784600005],[-111.65454548099996,40.161197504000029],[-111.65454471099997,40.161197142000049],[-111.65454395399996,40.161196784000026],[-111.65454319299994,40.161196417000042],[-111.65454243899995,40.161196054000072],[-111.65454168399998,40.16119567700008],[-111.65454092999994,40.161195303000056],[-111.65454018499997,40.161194923000039],[-111.65453945399997,40.161194540000054],[-111.65453870899995,40.161194152000064],[-111.65453797599997,40.161193764000075],[-111.65453724099996,40.161193368000056],[-111.65453651699994,40.161192970000059],[-111.65453578399996,40.161192566000068],[-111.65453506999995,40.161192161000031],[-111.65453434499995,40.161191750000057],[-111.65453364099994,40.161191340000073],[-111.65453292299998,40.16119092200006],[-111.65453221999996,40.161190502000068],[-111.65453151599996,40.161190074000046],[-111.65453082099998,40.161189646000025],[-111.65453011399995,40.161189213000057],[-111.65452943099996,40.161188778000053],[-111.65452874599998,40.161188338000045],[-111.65452806199994,40.161187896000058],[-111.65452737299995,40.161187447000032],[-111.65452671099996,40.16118700700008],[-111.65452603399996,40.161186541000063],[-111.65452536599997,40.161186091000047],[-111.65452470199995,40.161185627000066],[-111.65452404699994,40.161185169000078],[-111.65452339199999,40.161184694000042],[-111.65452274299997,40.161184228000025],[-111.65452208899995,40.161183748000042],[-111.65452145199998,40.161183277000077],[-111.65452080499995,40.161182792000034],[-111.65452017699994,40.161182312000051],[-111.65451954199995,40.161181817000056],[-111.65451892399994,40.161181339000052],[-111.65451829799997,40.161180837000074],[-111.65451768099996,40.16118034200008],[-111.65451706399995,40.161179834000052],[-111.65451646499997,40.161179339000057],[-111.65451585799997,40.16117882900005],[-111.65451526099997,40.161178321000079],[-111.65451466299999,40.161177803000044],[-111.65451407399996,40.161177293000037],[-111.65451348999994,40.161176769000065],[-111.65451290999999,40.161176254000054],[-111.65451233199997,40.161175723000042],[-111.65451176599998,40.161175195000055],[-111.65451119699998,40.161174660000029],[-111.65451063899997,40.161174136000056],[-111.65451007899998,40.161173587000064],[-111.65450953199996,40.161173055000063],[-111.65450897199997,40.161172509000039],[-111.65450844499998,40.161171970000055],[-111.65450789699997,40.161171416000059],[-111.65450736499997,40.161170868000056],[-111.65450683799997,40.161170308000067],[-111.65450631999994,40.161169759000074],[-111.65450579899999,40.161169189000077],[-111.65450528799994,40.16116863600007],[-111.65450476799998,40.16116806000008],[-111.65450427899998,40.161167506000027],[-111.65450376699994,40.161166928000057],[-111.65450327999997,40.161166359000049],[-111.65450278699996,40.161165777000065],[-111.65450230699997,40.161165205000032],[-111.65450183099995,40.161164622000058],[-111.65450136799996,40.161164045000078],[-111.65450088699998,40.16116345100005],[-111.65450043799996,40.16116287400007],[-111.65449997699994,40.161162277000074],[-111.65449952699998,40.161161691000075],[-111.65449907499999,40.161161087000039],[-111.65449864299995,40.161160500000051],[-111.65449820399999,40.161159885000075],[-111.65449777399999,40.161159300000065],[-111.65449733699995,40.161158681000074],[-111.65449692799996,40.161158088000036],[-111.65449650399995,40.161157467000066],[-111.65449610099995,40.161156867000045],[-111.65449570099997,40.161156246000075],[-111.65449529799997,40.161155644000075],[-111.65449490699996,40.161155015000077],[-111.65449452299998,40.161154407000026],[-111.65449414299997,40.161153772000034],[-111.65449376799995,40.161153164000041],[-111.65449339499997,40.161152529000049],[-111.65449303199995,40.161151914000072],[-111.65449266699994,40.161151270000062],[-111.65449231699995,40.161150655000029],[-111.65449196099996,40.161150011000075],[-111.65449162699997,40.16114938700008],[-111.65449128499995,40.161148743000069],[-111.65449096299994,40.161148112000035],[-111.65449062899995,40.161147461000041],[-111.65449031099996,40.161146830000064],[-111.65448998799997,40.16114618000006],[-111.65448968199996,40.161145549000025],[-111.65448938099996,40.161144891000049],[-111.65448908699994,40.161144254000078],[-111.65448879099995,40.16114359200003],[-111.65448850799999,40.161142956000049],[-111.65448822899998,40.161142290000043],[-111.65448795699996,40.161141653000072],[-111.65448768999994,40.161140983000053],[-111.65448742299998,40.161140343000056],[-111.65448716799995,40.161139667000043],[-111.65448691299997,40.161139022000043],[-111.65448666699996,40.16113834600003],[-111.65448642699994,40.16113770100003],[-111.65448619499995,40.161137027000052],[-111.65448596899995,40.161136373000033],[-111.65448575299996,40.161135694000052],[-111.65448553599998,40.161135040000033],[-111.65448532899995,40.161134365000066],[-111.65448512199998,40.161133708000079],[-111.65448492399997,40.161133023000048],[-111.65448472999998,40.161132372000054],[-111.65448454899996,40.161131681000029],[-111.65448435999997,40.161131022000063],[-111.65448419599994,40.161130340000057],[-111.65448402999999,40.161129680000045],[-111.65448385899998,40.161128989000076],[-111.65448370099995,40.161128330000054],[-111.65448355199999,40.161127633000035],[-111.65448341299998,40.161126974000069],[-111.65448327899998,40.161126284000034],[-111.65448313899998,40.161125616000049],[-111.65448301899994,40.161124920000077],[-111.65448289099999,40.161124262000044],[-111.65448278099996,40.161123560000078],[-111.65448267199997,40.161122893000027],[-111.65448257499997,40.161122196000065],[-111.65448247599994,40.161121530000059],[-111.65448238499994,40.161120833000041],[-111.65448230399994,40.161120165000057],[-111.65448222499998,40.161119467000049],[-111.65448215499998,40.161118792000025],[-111.65448208399994,40.161118096000052],[-111.65448202899995,40.161117429000058],[-111.65448197299997,40.16111673100005],[-111.65448192399998,40.161116056000026],[-111.65448189399996,40.161115359000064],[-111.65448185399998,40.161114683000051],[-111.65448182199998,40.161113986000032],[-111.65448180299995,40.161113311000065],[-111.65448179299995,40.161112613000057],[-111.65448176599995,40.161111255000037],[-111.65448154299997,40.161011986000062],[-111.65448150199995,40.161010615000066],[-111.65448145299996,40.161009841000066],[-111.65448142299999,40.161009242000034],[-111.65448133299998,40.161008468000034],[-111.65448126199999,40.161007879000067],[-111.65448114299994,40.161007104000078],[-111.65448105599995,40.161006511000039],[-111.65448090799998,40.161005748000036],[-111.65448078799994,40.161005157000034],[-111.65448060099999,40.161004397000056],[-111.65448045299996,40.161003805000064],[-111.65448023699997,40.161003047000065],[-111.65448006699995,40.161002462000056],[-111.65447982099994,40.161001722000037],[-111.65447962399998,40.161001138000074],[-111.65447933899998,40.16100039500003],[-111.65447912299999,40.16099981900004],[-111.65447880099998,40.160999091000065],[-111.65447856099996,40.160998521000067],[-111.65447821099997,40.160997794000025],[-111.65447794299996,40.160997232000057],[-111.65447756399999,40.160996512000054],[-111.65447726799999,40.160995958000058],[-111.65447686499999,40.160995253000067],[-111.65447654399998,40.160994707000043],[-111.65447610099994,40.160994007000056],[-111.65447576699995,40.160993469000061],[-111.65447529699998,40.160992786000065],[-111.65447492299995,40.160992256000043],[-111.65447442999999,40.160991580000029],[-111.65447403999997,40.160991064000029],[-111.65447350799997,40.160990403000028],[-111.65447310199994,40.160989896000046],[-111.65447255099997,40.160989252000036],[-111.65447211799994,40.160988750000058],[-111.65447153199995,40.16098812000007],[-111.65447107999995,40.160987634000037],[-111.65447047399999,40.160987019000061],[-111.65446999399995,40.160986540000067],[-111.65446935799997,40.160985948000075],[-111.65446885699998,40.160985477000054],[-111.65446820099999,40.160984898000038],[-111.65446768299995,40.160984443000075],[-111.65446576099998,40.160982900000079],[-111.65445119899999,40.160971760000052],[-111.65444997799995,40.16097075700003],[-111.65444928999995,40.160970194000072],[-111.65444875099996,40.160969754000064],[-111.65444810699995,40.160969169000055],[-111.65444759599995,40.160968713000045],[-111.65444697099997,40.160968106000041],[-111.65444647799995,40.160967634000031],[-111.65444588399998,40.160967013000061],[-111.65444541999994,40.160966532000032],[-111.65444485299997,40.16096589600005],[-111.65444439999999,40.160965400000066],[-111.65444386299998,40.160964749000073],[-111.65444343899998,40.160964248000028],[-111.65444292299998,40.160963581000033],[-111.65444252199995,40.160963064000043],[-111.65444204199997,40.16096238800003],[-111.65444165699995,40.160961864000058],[-111.65444120799998,40.160961177000047],[-111.65444084099994,40.160960636000027],[-111.65444042099995,40.160959940000055],[-111.65444008599997,40.160959399000035],[-111.65443969399996,40.160958688000051],[-111.65443939099998,40.160958133000065],[-111.65443902799996,40.160957412000073],[-111.65443874199997,40.160956850000048],[-111.65443840999995,40.160956124000052],[-111.65443815399999,40.160955560000048],[-111.65443784799999,40.160954820000029],[-111.65443761399996,40.160954249000042],[-111.65443734699994,40.160953500000062],[-111.65443713799999,40.160952923000025],[-111.65443690399997,40.160952174000045],[-111.65443671599996,40.160951590000025],[-111.65443651099997,40.160950833000072],[-111.65443635299994,40.160950248000063],[-111.65443618199998,40.160949482000035],[-111.65443605599995,40.160948898000072],[-111.65443591799999,40.160948123000026],[-111.65443580899995,40.160947535000048],[-111.65443569999996,40.160946768000031],[-111.65443562299998,40.160946169000056],[-111.65443555199994,40.160945396000045],[-111.65443549899999,40.160944802000074],[-111.65443546799997,40.160944022000081],[-111.65443541399998,40.160942668000075],[-111.65443514799995,40.160822711000037],[-111.65443517399996,40.160821339000051],[-111.65443520399998,40.160820597000054],[-111.65443520999997,40.160819966000076],[-111.65443525699999,40.160819225000068],[-111.65443530799996,40.160818594000034],[-111.65443536199996,40.160817853000026],[-111.65443541699995,40.160817221000059],[-111.65443550599997,40.160816487000034],[-111.65443558299995,40.160815856000056],[-111.65443568899997,40.160815121000041],[-111.65443577399998,40.160814491000053],[-111.65443590099994,40.160813755000049],[-111.65443600499998,40.160813131000054],[-111.65443614099996,40.160812398000076],[-111.65443626799998,40.16081177600006],[-111.65443643299994,40.160811039000066],[-111.65443656599996,40.160810416000061],[-111.65443675099999,40.160809688000029],[-111.65443689399996,40.160809073000053],[-111.65443710099998,40.160808346000067],[-111.65443727599995,40.160807729000055],[-111.65443748999996,40.16080700200007],[-111.65443767199997,40.160806387000036],[-111.65443791499996,40.160805676000052],[-111.65443812299998,40.16080506000003],[-111.65443837299995,40.160804346000077],[-111.65443858699996,40.160803739000073],[-111.65443886799994,40.160803028000032],[-111.65443909999999,40.16080241700007],[-111.65443939199997,40.16080171200008],[-111.65443963599995,40.160801115000027],[-111.65443995899994,40.160800409000046],[-111.65444021999997,40.160799815000075],[-111.65444055299997,40.160799117000067],[-111.65444083399996,40.16079852200005],[-111.65444117099997,40.16079783400005],[-111.65444147299996,40.160797241000068],[-111.65444183499994,40.160796559000062],[-111.65444214899998,40.160795971000027],[-111.65444253799996,40.160795290000067],[-111.65444285699999,40.160794714000076],[-111.65444325599998,40.160794037000073],[-111.65444360599997,40.16079346500004],[-111.65444402699995,40.160792798000045],[-111.65444437799999,40.160792227000059],[-111.65444481399999,40.160791566000057],[-111.65444518599998,40.160791003000043],[-111.65444564399996,40.160790348000035],[-111.65444602399998,40.160789787000056],[-111.65444648999994,40.160789140000077],[-111.65444688999997,40.160788593000063],[-111.65444738699995,40.160787947000074],[-111.65444779799998,40.160787406000054],[-111.65444830399997,40.160786769000026],[-111.65444873199999,40.160786235000046],[-111.65444924899998,40.160785612000041],[-111.65444968799994,40.16078507900005],[-111.65445022499995,40.160784463000027],[-111.65445068199995,40.160783937000076],[-111.65445123699999,40.160783330000072],[-111.65445170899994,40.160782810000057],[-111.65445227099997,40.160782212000072],[-111.65445275999997,40.160781701000076],[-111.65445334799995,40.160781108000037],[-111.65445384399999,40.160780604000024],[-111.65445443999994,40.160780026000054],[-111.65445494699998,40.16077953100006],[-111.65445555999997,40.160778952000044],[-111.65445608699997,40.160778465000078],[-111.65445670999998,40.160777907000067],[-111.65445724399996,40.160777429000063],[-111.65445789499995,40.160776870000063],[-111.65445843899994,40.160776397000063],[-111.65445910099999,40.160775858000079],[-111.65445965899994,40.160775391000072],[-111.65446033199999,40.160774866000054],[-111.65446089399995,40.16077440600003],[-111.65446158899999,40.160773889000041],[-111.65446216499998,40.160773439000025],[-111.65446286899999,40.160772927000039],[-111.65446346599998,40.160772492000035],[-111.65446417599998,40.160771988000079],[-111.65446478099994,40.160771569000076],[-111.65446550499996,40.160771070000067],[-111.65446612699998,40.160770658000047],[-111.65446685899997,40.160770176000028],[-111.65446749499995,40.160769772000037],[-111.65446823499997,40.160769303000052],[-111.65446888199995,40.160768909000069],[-111.65446964399996,40.160768449000045],[-111.65447028499995,40.160768058000031],[-111.65447105899995,40.160767616000044],[-111.65447172199998,40.160767237000073],[-111.65447250099999,40.160766807000073],[-111.65447317699994,40.160766435000028],[-111.65447396699994,40.160766021000029],[-111.65447464899995,40.160765658000059],[-111.65447544899996,40.160765253000079],[-111.65447614399994,40.160764906000054],[-111.65447695599994,40.160764507000067],[-111.65447765699997,40.160764173000075],[-111.65447847799999,40.160763794000047],[-111.65447919199994,40.16076346300008],[-111.65448002199997,40.160763097000029],[-111.65448074299997,40.160762778000048],[-111.65448158299995,40.160762426000076],[-111.65448230599998,40.160762116000058],[-111.65448315699996,40.16076177900004],[-111.65448388999994,40.160761484000034],[-111.65448474799996,40.160761154000056],[-111.65448549199999,40.160760866000032],[-111.65448635999996,40.160760550000077],[-111.65448711299996,40.160760280000034],[-111.65448799199999,40.16075998000008],[-111.65448874399999,40.160759723000069],[-111.65448962199997,40.160759428000063],[-111.65449039299995,40.160759178000035],[-111.65449128499995,40.160758910000027],[-111.65449204599997,40.160758667000039],[-111.65449294299998,40.160758413000053],[-111.65449372699999,40.160758187000056],[-111.65449462599997,40.160757936000039],[-111.65449540899999,40.16075771800007],[-111.65449631499996,40.160757492000073],[-111.65449710699994,40.160757290000049],[-111.65449802599994,40.160757070000045],[-111.65449881499995,40.160756880000065],[-111.65449973399996,40.160756677000052],[-111.65450053699999,40.160756498000069],[-111.65450145499995,40.160756307000042],[-111.65450225399996,40.160756141000036],[-111.65450319299998,40.160755962000053],[-111.65450399299999,40.160755811000058],[-111.65450493099996,40.160755652000034],[-111.65450574299996,40.160755509000069],[-111.65450668099999,40.160755364000067],[-111.65450749399997,40.160755233000032],[-111.65450842899997,40.160755099000028],[-111.65450925199997,40.16075498400005],[-111.65451019999995,40.160754866000048],[-111.65451101899998,40.160754765000036],[-111.65451196899994,40.160754660000066],[-111.65451278999996,40.160754568000073],[-111.65451373699995,40.160754477000069],[-111.65451457099999,40.160754401000077],[-111.65451551499996,40.160754327000063],[-111.65451634499999,40.160754264000047],[-111.65451729599994,40.160754203000067],[-111.65451812499998,40.160754150000059],[-111.65451908199998,40.160754102000055],[-111.65451991499998,40.16075406300007],[-111.65452085999999,40.160754032000057],[-111.65452170199995,40.160754002000033],[-111.65452265099998,40.160753992000025],[-111.65452443899994,40.160753969000041],[-111.65452426099995,40.160677125000063],[-111.65429813499998,40.160677441000075],[-111.65327603699996,40.160678789000031],[-111.65327632899999,40.160810518000062],[-111.65332099599999,40.160810449000053],[-111.65332104399994,40.160810449000053],[-111.65332191799996,40.161204941000051],[-111.65460556399995,40.161211785000035]],[[-111.65367487999998,40.161114280000049],[-111.65363823799998,40.161114328000053],[-111.65363183799997,40.161114337000072],[-111.65362544299995,40.161114345000044],[-111.65358880499997,40.161114394000037],[-111.65358879299998,40.161108904000059],[-111.65354589799995,40.161108961000025],[-111.65354588899999,40.161100733000069],[-111.65349941399995,40.161100794000049],[-111.65346992199994,40.161100834000081],[-111.65346098999999,40.161100846000068],[-111.65345205399996,40.161100857000065],[-111.65342256099996,40.16110089600005],[-111.65337491799994,40.161100960000056],[-111.65337483499997,40.161038522000069],[-111.65339631099994,40.161038494000024],[-111.65339625599995,40.160999383000046],[-111.65344697999996,40.160999315000026],[-111.65344703399995,40.161013939000043],[-111.65346045599995,40.161013921000063],[-111.65347387899999,40.161013904000072],[-111.65347386399998,40.160999280000055],[-111.65352457999995,40.160999213000025],[-111.65352470399995,40.16103832400006],[-111.65354618099997,40.161038296000072],[-111.65356765699994,40.161038268000027],[-111.65356760999998,40.160999156000059],[-111.65361833599997,40.160999089000029],[-111.65361837799998,40.161013712000056],[-111.65363181099997,40.161013694000076],[-111.65364523099998,40.161013676000039],[-111.65364520699995,40.160999054000058],[-111.65369593499997,40.160998985000049],[-111.65369606099995,40.161038097000073],[-111.65371753599999,40.161038068000039],[-111.65371775999995,40.161108734000038],[-111.65367486799994,40.161108791000061],[-111.65367487999998,40.161114280000049]],[[-111.65411074199994,40.161121933000061],[-111.65407409399995,40.161121984000033],[-111.65406768899999,40.161121992000062],[-111.65406128499995,40.161122000000034],[-111.65402462799995,40.161122049000028],[-111.65402461599996,40.161116561000028],[-111.65398170099996,40.161116618000051],[-111.65398168299998,40.161108381000076],[-111.65393518999997,40.161108444000035],[-111.65390568699996,40.161108483000078],[-111.65389674299996,40.161108495000065],[-111.65388779699998,40.161108507000051],[-111.65385829299998,40.161108547000026],[-111.65381119599999,40.161108609000053],[-111.65381107899998,40.161046173000045],[-111.65383254599999,40.161046144000068],[-111.65383247099999,40.161007036000058],[-111.65388315999996,40.161006969000027],[-111.65388319299996,40.161021597000058],[-111.65389661799998,40.161021579000078],[-111.65391003899998,40.16102156200003],[-111.65391000599999,40.161006933000067],[-111.65396070199995,40.161006866000037],[-111.65396079799996,40.161045974000046],[-111.65398227899999,40.161045946000058],[-111.65400374199999,40.161045917000081],[-111.65400366599994,40.161006808000025],[-111.65405436499998,40.161006741000051],[-111.65405439799997,40.161021369000025],[-111.65406781799999,40.161021352000034],[-111.65408123699996,40.161021334000054],[-111.65408120399997,40.161006705000034],[-111.65413189999998,40.16100663800006],[-111.65413199699998,40.16104574600007],[-111.65415347399994,40.161045718000025],[-111.65415364999996,40.161116390000075],[-111.65411072999996,40.161116446000051],[-111.65411074199994,40.161121933000061]]]},"properties":{"OBJECTID":190,"PARCEL_NO":null,"PARCELID":"391090800","PARCELID_LABEL":null,"OWNER_NAME":null,"CARE_NAME":null,"ACREAGE":null,"SITE_FULL_ADDRESS":null,"SITE_HOUSE_NUM":null,"SITE_PRE_DIR":null,"SITE_STREET_NAME":null,"SITE_STREET_TYPE":null,"SITE_POST_DIR":null,"SITE_STREET_UNIT":null,"SITE_CITY":null,"SITE_STATE":null,"SITE_ZIP5":null,"OWN_FULL_ADDRESS":null,"OWN_STREET_ADDRESS":null,"OWN_CITY":null,"OWN_STATE":null,"OWN_ZIP5":null,"VESTING_DOC":null,"PARCEL_CREATE_DATE":null,"MAP_FILING_NO":null,"SUB_NAME":null,"LEGAL_DESCR":null,"BOOK_PAGE":null,"LOT":null,"BUILDING":null,"UNIT":null,"TAX_DISTRICT":null,"TAX_DISTRICT_DESCR":null,"SCHOOL_DISTRICT":null,"TAXABLE_CODE":null,"ACCOUNT_TYPE":null,"PROP_TYPE":null,"PROP_TYPE_DESCR":null,"SPECIFIC_PROP_TYPE":null,"SPC_PROP_TYP_DESCR":null,"NEIGHBORHOOD":null,"NBHD_DISTRICT":null,"LAND_DISTRICT":null,"ECONOMIC_UNIT":null,"GLA_WEIGHTED_YRBLT":null,"TOTAL_ABOVE_GRADE_AREA":null,"TOTAL_MEZZANINE":null,"TOTAL_BASEMENT":null,"TOTAL_BSMT_FINISH":null,"TOTAL_UNIT_COUNT":null,"TOTAL_IMP_COUNT":null,"ASMT_YEAR":null,"ASMT_CODE":null,"ASMT_CODE_DESCR":null,"MKT_LAND_VALUE":null,"MKT_LAND_RES":null,"MKT_LAND_AGR":null,"MKT_LAND_COM":null,"MKT_IMP_VALUE":null,"MKT_IMP_RES":null,"MKT_IMP_AGR":null,"MKT_IMP_COM":null,"MKT_CUR_VALUE":null,"MKT_PRV_VAL":null,"MKT_VAL_YR_CHG":null,"MKT_PCT_CHG":null,"TXBL_CUR_VALUE":null,"TXBL_PRV_VAL":null,"TXBL_VAL_YR_CHG":null,"TXBL_PCT_CHG":null,"TOT_CUR_TAXES":null,"TOT_PRV_TAXES":null,"TAXES_YR_CHG":null,"TAXES_PCT_CHG":null,"GREENBELT":null,"EXEMPT_RES":null,"COMMON_AREA":null,"PUBLIC_ROAD":null,"PRIVATE_ROAD":null,"PART_CENTRAL_ASSD":null,"PART_TAXABLE":null,"IMP_NO_RES":null,"COST_GROUP_RES":null,"STYLE_DESCR_RES":null,"QUALITY_RES":null,"QUALITY_DESCR_RES":null,"CONDITION_RES":null,"CONDITION_DESCR_RES":null,"YEARBLT_RES":null,"GLA_RES":null,"BASEMENT_RES":null,"BSMT_FINISH_RES":null,"ATT_GARAGE_SQFT_RES":null,"BATHROOMS_RES":null,"GLA_BEDROOMS_RES":null,"EXTERIOR_RES":null,"ALLOCATION_PCT_RES":null,"IMP_NO_1":null,"USE_CODE_1":null,"USE_CODE_DESCR_1":null,"COST_CLASS_DESCR_1":null,"EXTERIOR_WALL_1":null,"ABOVE_GRADE_AREA_1":null,"MEZZANINE_1":null,"BASEMENT_1":null,"BSMT_FINISH_1":null,"BSMT_UNFINISH_1":null,"QUALITY_DESCR_1":null,"CONDITION_1":null,"CONDITION_DESCR_1":null,"YEAR_BUILT_1":null,"UNIT_COUNT_1":null,"PCT_COMPLETE_1":null,"ALLOCATION_PCT_1":null,"IMP_NO_2":null,"USE_CODE_2":null,"USE_CODE_DESCR_2":null,"COST_CLASS_DESCR_2":null,"EXTERIOR_WALL_2":null,"ABOVE_GRADE_AREA_2":null,"MEZZANINE_2":null,"BASEMENT_2":null,"BSMT_FINISH_2":null,"BSMT_UNFINISH_2":null,"QUALITY_DESCR_2":null,"CONDITION_2":null,"CONDITION_DESCR_2":null,"YEAR_BUILT_2":null,"UNIT_COUNT_2":null,"PCT_COMPLETE_2":null,"ALLOCATION_PCT_2":null,"TRAV_COUNT":null,"LASTUPDATE":null,"CREATED_DATE":1712330344000,"LAST_EDITED_DATE":1712330533000,"GLOBALID":"{7CCE9FEE-4EB1-4FA9-9B2B-4D6EAC6E9FF0}","SHAPE_Length":0.0058905171627102642,"SHAPE_Area":5.5291191760432154e-07}},{"type":"Feature","id":191,"geometry":{"type":"Polygon","coordinates":[[[-111.66914634899996,40.245569634000049],[-111.66915052799999,40.245386027000052],[-111.66891867499999,40.245383183000058],[-111.66872592499999,40.245380818000058],[-111.66838409999997,40.245376623000027],[-111.66838324299999,40.245417782000061],[-111.66838015499997,40.245565232000047],[-111.66838014399997,40.245565390000024],[-111.66839619999996,40.245565480000039],[-111.66839872499997,40.245565255000031],[-111.66840042599995,40.24556483300006],[-111.66840201899998,40.245564203000072],[-111.66840344599996,40.245563375000074],[-111.66840467799994,40.245562384000038],[-111.66840567299994,40.245561242000065],[-111.66840640399994,40.245559997000043],[-111.66840685999995,40.245558668000058],[-111.66840702599995,40.245557303000055],[-111.66840733399994,40.245524371000045],[-111.66867595099995,40.245525862000079],[-111.66867563899996,40.245558794000033],[-111.66867576699997,40.245560159000036],[-111.66867620299996,40.245561493000025],[-111.66867690999999,40.245562745000029],[-111.66867789199995,40.245563897000068],[-111.66867909699994,40.245564908000063],[-111.66868050999994,40.245565747000057],[-111.66868208699998,40.245566398000051],[-111.66868378199996,40.245566845000042],[-111.66868629699997,40.245567089000076],[-111.66875988199996,40.245567491000031],[-111.66876166299994,40.245567367000035],[-111.66876337499997,40.245566968000048],[-111.66876494899998,40.245566321000069],[-111.66876632599997,40.245565448000036],[-111.66876744699999,40.245564381000065],[-111.66876826799995,40.245563167000057],[-111.66876890099996,40.245560742000066],[-111.66876891699997,40.245559754000055],[-111.66876836199998,40.245557265000059],[-111.66876757399996,40.245556038000075],[-111.66876648499999,40.245554940000034],[-111.66876514399996,40.245554043000027],[-111.66876358699994,40.245553370000039],[-111.66876189199996,40.245552945000043],[-111.66876011199997,40.245552782000061],[-111.66870460499996,40.245552100000054],[-111.66870509399996,40.245528781000075],[-111.66870557499999,40.245505458000025],[-111.66870606599997,40.245482133000053],[-111.66870655599996,40.245458806000045],[-111.66870704799999,40.245435481000072],[-111.66870744299996,40.24541626000007],[-111.66870752799997,40.245412158000079],[-111.66870802099999,40.245388830000024],[-111.66870852999995,40.245388837000064],[-111.66877248499998,40.245389623000051],[-111.66877298199995,40.245389628000055],[-111.66885843199998,40.245390674000078],[-111.66885489099997,40.245559719000028],[-111.66885500999996,40.24556108400003],[-111.66885542699998,40.245562417000031],[-111.66885612599998,40.245563676000074],[-111.66885708599995,40.245564835000039],[-111.66885828399995,40.245565856000042],[-111.66885968299999,40.24556670000004],[-111.66886125299999,40.245567367000035],[-111.66886294499994,40.245567822000055],[-111.66886555999997,40.245568078000076],[-111.66914634899996,40.245569634000049]],[[-111.66858581899999,40.245494382000061],[-111.66850165899996,40.245493349000071],[-111.66841750299994,40.24549231900005],[-111.66841753899996,40.245490480000058],[-111.66841784799999,40.245475848000069],[-111.66841068099995,40.245475760000033],[-111.66841160199999,40.245431856000039],[-111.66841876699999,40.24543194000006],[-111.66841933599994,40.245404506000057],[-111.66845514799996,40.24540494300004],[-111.66845526299994,40.245399453000061],[-111.66850360499996,40.245400050000057],[-111.66855195899996,40.245400637000046],[-111.66855184299999,40.245406130000049],[-111.66858764699998,40.245406572000036],[-111.66858776199996,40.245401084000036],[-111.66863611499997,40.245401670000035],[-111.66863599899995,40.245407162000049],[-111.66867180699995,40.245407603000046],[-111.66867123499998,40.245435041000064],[-111.66867839999998,40.245435125000029],[-111.66867747999999,40.245479032000048],[-111.66867031399994,40.245478942000034],[-111.66867000999997,40.245493575000069],[-111.66866997299996,40.24549541600004],[-111.66858581899999,40.245494382000061]]]},"properties":{"OBJECTID":191,"PARCEL_NO":null,"PARCELID":"390630800","PARCELID_LABEL":null,"OWNER_NAME":null,"CARE_NAME":null,"ACREAGE":null,"SITE_FULL_ADDRESS":null,"SITE_HOUSE_NUM":null,"SITE_PRE_DIR":null,"SITE_STREET_NAME":null,"SITE_STREET_TYPE":null,"SITE_POST_DIR":null,"SITE_STREET_UNIT":null,"SITE_CITY":null,"SITE_STATE":null,"SITE_ZIP5":null,"OWN_FULL_ADDRESS":null,"OWN_STREET_ADDRESS":null,"OWN_CITY":null,"OWN_STATE":null,"OWN_ZIP5":null,"VESTING_DOC":null,"PARCEL_CREATE_DATE":null,"MAP_FILING_NO":null,"SUB_NAME":null,"LEGAL_DESCR":null,"BOOK_PAGE":null,"LOT":null,"BUILDING":null,"UNIT":null,"TAX_DISTRICT":null,"TAX_DISTRICT_DESCR":null,"SCHOOL_DISTRICT":null,"TAXABLE_CODE":null,"ACCOUNT_TYPE":null,"PROP_TYPE":null,"PROP_TYPE_DESCR":null,"SPECIFIC_PROP_TYPE":null,"SPC_PROP_TYP_DESCR":null,"NEIGHBORHOOD":null,"NBHD_DISTRICT":null,"LAND_DISTRICT":null,"ECONOMIC_UNIT":null,"GLA_WEIGHTED_YRBLT":null,"TOTAL_ABOVE_GRADE_AREA":null,"TOTAL_MEZZANINE":null,"TOTAL_BASEMENT":null,"TOTAL_BSMT_FINISH":null,"TOTAL_UNIT_COUNT":null,"TOTAL_IMP_COUNT":null,"ASMT_YEAR":null,"ASMT_CODE":null,"ASMT_CODE_DESCR":null,"MKT_LAND_VALUE":null,"MKT_LAND_RES":null,"MKT_LAND_AGR":null,"MKT_LAND_COM":null,"MKT_IMP_VALUE":null,"MKT_IMP_RES":null,"MKT_IMP_AGR":null,"MKT_IMP_COM":null,"MKT_CUR_VALUE":null,"MKT_PRV_VAL":null,"MKT_VAL_YR_CHG":null,"MKT_PCT_CHG":null,"TXBL_CUR_VALUE":null,"TXBL_PRV_VAL":null,"TXBL_VAL_YR_CHG":null,"TXBL_PCT_CHG":null,"TOT_CUR_TAXES":null,"TOT_PRV_TAXES":null,"TAXES_YR_CHG":null,"TAXES_PCT_CHG":null,"GREENBELT":null,"EXEMPT_RES":null,"COMMON_AREA":null,"PUBLIC_ROAD":null,"PRIVATE_ROAD":null,"PART_CENTRAL_ASSD":null,"PART_TAXABLE":null,"IMP_NO_RES":null,"COST_GROUP_RES":null,"STYLE_DESCR_RES":null,"QUALITY_RES":null,"QUALITY_DESCR_RES":null,"CONDITION_RES":null,"CONDITION_DESCR_RES":null,"YEARBLT_RES":null,"GLA_RES":null,"BASEMENT_RES":null,"BSMT_FINISH_RES":null,"ATT_GARAGE_SQFT_RES":null,"BATHROOMS_RES":null,"GLA_BEDROOMS_RES":null,"EXTERIOR_RES":null,"ALLOCATION_PCT_RES":null,"IMP_NO_1":null,"USE_CODE_1":null,"USE_CODE_DESCR_1":null,"COST_CLASS_DESCR_1":null,"EXTERIOR_WALL_1":null,"ABOVE_GRADE_AREA_1":null,"MEZZANINE_1":null,"BASEMENT_1":null,"BSMT_FINISH_1":null,"BSMT_UNFINISH_1":null,"QUALITY_DESCR_1":null,"CONDITION_1":null,"CONDITION_DESCR_1":null,"YEAR_BUILT_1":null,"UNIT_COUNT_1":null,"PCT_COMPLETE_1":null,"ALLOCATION_PCT_1":null,"IMP_NO_2":null,"USE_CODE_2":null,"USE_CODE_DESCR_2":null,"COST_CLASS_DESCR_2":null,"EXTERIOR_WALL_2":null,"ABOVE_GRADE_AREA_2":null,"MEZZANINE_2":null,"BASEMENT_2":null,"BSMT_FINISH_2":null,"BSMT_UNFINISH_2":null,"QUALITY_DESCR_2":null,"CONDITION_2":null,"CONDITION_DESCR_2":null,"YEAR_BUILT_2":null,"UNIT_COUNT_2":null,"PCT_COMPLETE_2":null,"ALLOCATION_PCT_2":null,"TRAV_COUNT":null,"LASTUPDATE":null,"CREATED_DATE":1712330344000,"LAST_EDITED_DATE":1712330533000,"GLOBALID":"{1A26F15D-7A58-4FD3-8626-B2B39B22C1A1}","SHAPE_Length":0.0031841597117613432,"SHAPE_Area":8.216051482066153e-08}},{"type":"Feature","id":192,"geometry":{"type":"Polygon","coordinates":[[[-111.76627038899994,40.482815861000063],[-111.76643643199998,40.482815498000036],[-111.76627870899995,40.483361927000033],[-111.76641024599996,40.48341619100006],[-111.76660905999995,40.482727351000051],[-111.76618332799995,40.482572005000065],[-111.7662132810073,40.482615346571805],[-111.76623732032637,40.482662227118176],[-111.76625503460754,40.482711844441084],[-111.76626612073227,40.482763349511977],[-111.76627038899994,40.482815861000063]]]},"properties":{"OBJECTID":192,"PARCEL_NO":null,"PARCELID":"536030080","PARCELID_LABEL":null,"OWNER_NAME":null,"CARE_NAME":null,"ACREAGE":null,"SITE_FULL_ADDRESS":null,"SITE_HOUSE_NUM":null,"SITE_PRE_DIR":null,"SITE_STREET_NAME":null,"SITE_STREET_TYPE":null,"SITE_POST_DIR":null,"SITE_STREET_UNIT":null,"SITE_CITY":null,"SITE_STATE":null,"SITE_ZIP5":null,"OWN_FULL_ADDRESS":null,"OWN_STREET_ADDRESS":null,"OWN_CITY":null,"OWN_STATE":null,"OWN_ZIP5":null,"VESTING_DOC":null,"PARCEL_CREATE_DATE":null,"MAP_FILING_NO":null,"SUB_NAME":null,"LEGAL_DESCR":null,"BOOK_PAGE":null,"LOT":null,"BUILDING":null,"UNIT":null,"TAX_DISTRICT":null,"TAX_DISTRICT_DESCR":null,"SCHOOL_DISTRICT":null,"TAXABLE_CODE":null,"ACCOUNT_TYPE":null,"PROP_TYPE":null,"PROP_TYPE_DESCR":null,"SPECIFIC_PROP_TYPE":null,"SPC_PROP_TYP_DESCR":null,"NEIGHBORHOOD":null,"NBHD_DISTRICT":null,"LAND_DISTRICT":null,"ECONOMIC_UNIT":null,"GLA_WEIGHTED_YRBLT":null,"TOTAL_ABOVE_GRADE_AREA":null,"TOTAL_MEZZANINE":null,"TOTAL_BASEMENT":null,"TOTAL_BSMT_FINISH":null,"TOTAL_UNIT_COUNT":null,"TOTAL_IMP_COUNT":null,"ASMT_YEAR":null,"ASMT_CODE":null,"ASMT_CODE_DESCR":null,"MKT_LAND_VALUE":null,"MKT_LAND_RES":null,"MKT_LAND_AGR":null,"MKT_LAND_COM":null,"MKT_IMP_VALUE":null,"MKT_IMP_RES":null,"MKT_IMP_AGR":null,"MKT_IMP_COM":null,"MKT_CUR_VALUE":null,"MKT_PRV_VAL":null,"MKT_VAL_YR_CHG":null,"MKT_PCT_CHG":null,"TXBL_CUR_VALUE":null,"TXBL_PRV_VAL":null,"TXBL_VAL_YR_CHG":null,"TXBL_PCT_CHG":null,"TOT_CUR_TAXES":null,"TOT_PRV_TAXES":null,"TAXES_YR_CHG":null,"TAXES_PCT_CHG":null,"GREENBELT":null,"EXEMPT_RES":null,"COMMON_AREA":null,"PUBLIC_ROAD":null,"PRIVATE_ROAD":null,"PART_CENTRAL_ASSD":null,"PART_TAXABLE":null,"IMP_NO_RES":null,"COST_GROUP_RES":null,"STYLE_DESCR_RES":null,"QUALITY_RES":null,"QUALITY_DESCR_RES":null,"CONDITION_RES":null,"CONDITION_DESCR_RES":null,"YEARBLT_RES":null,"GLA_RES":null,"BASEMENT_RES":null,"BSMT_FINISH_RES":null,"ATT_GARAGE_SQFT_RES":null,"BATHROOMS_RES":null,"GLA_BEDROOMS_RES":null,"EXTERIOR_RES":null,"ALLOCATION_PCT_RES":null,"IMP_NO_1":null,"USE_CODE_1":null,"USE_CODE_DESCR_1":null,"COST_CLASS_DESCR_1":null,"EXTERIOR_WALL_1":null,"ABOVE_GRADE_AREA_1":null,"MEZZANINE_1":null,"BASEMENT_1":null,"BSMT_FINISH_1":null,"BSMT_UNFINISH_1":null,"QUALITY_DESCR_1":null,"CONDITION_1":null,"CONDITION_DESCR_1":null,"YEAR_BUILT_1":null,"UNIT_COUNT_1":null,"PCT_COMPLETE_1":null,"ALLOCATION_PCT_1":null,"IMP_NO_2":null,"USE_CODE_2":null,"USE_CODE_DESCR_2":null,"COST_CLASS_DESCR_2":null,"EXTERIOR_WALL_2":null,"ABOVE_GRADE_AREA_2":null,"MEZZANINE_2":null,"BASEMENT_2":null,"BSMT_FINISH_2":null,"BSMT_UNFINISH_2":null,"QUALITY_DESCR_2":null,"CONDITION_2":null,"CONDITION_DESCR_2":null,"YEAR_BUILT_2":null,"UNIT_COUNT_2":null,"PCT_COMPLETE_2":null,"ALLOCATION_PCT_2":null,"TRAV_COUNT":null,"LASTUPDATE":null,"CREATED_DATE":1746099886000,"LAST_EDITED_DATE":1746099886000,"GLOBALID":"{1C82013F-8A28-4972-ACB7-4D109A2060BD}","SHAPE_Length":0.0023108278178514035,"SHAPE_Area":1.3963446651100451e-07}},{"type":"Feature","id":193,"geometry":{"type":"Polygon","coordinates":[[[-111.70880517299997,40.31784275800004],[-111.71019444299998,40.317827515000033],[-111.71019623599994,40.317827518000058],[-111.71019802999996,40.317827568000041],[-111.71019981799998,40.31782766200007],[-111.71020160399996,40.317827803000057],[-111.71020337799996,40.317827987000044],[-111.71020514499997,40.317828219000035],[-111.71020690199998,40.317828494000025],[-111.71020864699994,40.317828815000041],[-111.71021037599996,40.317829180000047],[-111.71021208799999,40.317829588000052],[-111.71021377999995,40.317830039000057],[-111.71021545299999,40.317830534000052],[-111.71021710199994,40.317831073000036],[-111.71021872799997,40.317831652000052],[-111.71022032799999,40.317832271000043],[-111.71022189799999,40.317832931000055],[-111.71022343999999,40.317833633000077],[-111.71022495299997,40.31783437100006],[-111.71022642999998,40.317835150000064],[-111.71022787299995,40.317835964000039],[-111.71022927899998,40.317836816000067],[-111.71023064899998,40.317837702000077],[-111.71023197699998,40.317838623000057],[-111.71023326599999,40.317839578000076],[-111.71023451299999,40.317840566000029],[-111.71023571499995,40.317841584000064],[-111.71023687199994,40.317842631000076],[-111.71023798199997,40.317843708000055],[-111.71023904599997,40.317844813000079],[-111.71024006099998,40.317845944000055],[-111.71024102699994,40.317847100000051],[-111.71024193999995,40.317848281000067],[-111.71024280299997,40.317849485000067],[-111.71024361299999,40.317850710000073],[-111.71024436899995,40.317851955000037],[-111.71024506899994,40.317853218000039],[-111.71024571499999,40.317854498000031],[-111.71024630499994,40.317855795000071],[-111.71024683699994,40.31785710500003],[-111.71024731299997,40.317858428000079],[-111.71024772899995,40.317859763000058],[-111.71024808899995,40.317861109000035],[-111.71024838899996,40.317862461000061],[-111.71024862999997,40.31786382100006],[-111.71024881299996,40.317865186000063],[-111.71024893399999,40.31786655600007],[-111.71024899899999,40.317868065000027],[-111.71024465199997,40.317648545000054],[-111.71024464899995,40.317649918000029],[-111.71024458699998,40.317651290000072],[-111.71024446499996,40.317652660000078],[-111.71024428299995,40.317654023000046],[-111.71024404199994,40.317655384000034],[-111.71024374099994,40.31765673700005],[-111.71024337999995,40.317658081000047],[-111.71024296299998,40.317659416000026],[-111.71024248699996,40.317660739000075],[-111.71024195399997,40.317662050000081],[-111.71024136599999,40.317663347000064],[-111.71024071999994,40.317664626000067],[-111.71024001899997,40.317665890000058],[-111.71023926299995,40.317667135000079],[-111.71023845299999,40.317668359000038],[-111.71023759099995,40.317669561000059],[-111.71023667599997,40.317670743000065],[-111.71023571099994,40.31767190000005],[-111.71023469499994,40.317673030000037],[-111.71023363099994,40.317674136000051],[-111.71023252099997,40.31767521300003],[-111.71023136199994,40.317676261000031],[-111.71023015999998,40.317677280000055],[-111.71022891299998,40.31767826500004],[-111.71022762599995,40.317679220000059],[-111.71022629499998,40.317680141000039],[-111.71022492599997,40.317681028000038],[-111.71022351899995,40.317681879000077],[-111.71022207599998,40.317682694000041],[-111.71022059899997,40.317683471000066],[-111.71021908699998,40.317684209000049],[-111.71021754499998,40.317684911000072],[-111.71021597299995,40.317685571000027],[-111.71021437299999,40.317686191000064],[-111.71021274799995,40.31768677000008],[-111.71021109799995,40.317687307000028],[-111.71020942499996,40.317687801000034],[-111.71020773199996,40.317688254000075],[-111.71020601999999,40.31768866200008],[-111.71020429199996,40.317689027000029],[-111.71020254699994,40.317689347000055],[-111.71020079199997,40.317689623000035],[-111.71019902299997,40.317689852000058],[-111.71019724699994,40.317690040000059],[-111.71019546299999,40.317690178000078],[-111.71019367299999,40.31769027200005],[-111.71019164999996,40.317690324000068],[-111.70990309199999,40.317693491000057],[-111.70961446199999,40.317696658000045],[-111.70961266799998,40.317696655000077],[-111.70961087699999,40.317696606000027],[-111.70960908699999,40.317696512000055],[-111.70960730399997,40.317696372000057],[-111.70960552799994,40.317696187000024],[-111.70960375999999,40.31769595600008],[-111.70960200099995,40.317695680000043],[-111.70960025899996,40.317695358000037],[-111.70959852899995,40.317694995000068],[-111.70959681899996,40.317694587000062],[-111.70959512499996,40.317694134000078],[-111.70959345299997,40.317693639000026],[-111.70959180299997,40.317693102000078],[-111.70959017699994,40.317692522000073],[-111.70958857799997,40.317691902000035],[-111.70958700699998,40.31769124200008],[-111.70958546499998,40.317690541000047],[-111.70958395399998,40.317689800000039],[-111.70958247599998,40.317689023000071],[-111.70958103299995,40.317688209000039],[-111.70957962599999,40.317687357000068],[-111.70957825899995,40.317686471000059],[-111.70957692899998,40.317685549000032],[-111.70957564099996,40.31768459500006],[-111.70957439599999,40.317683608000038],[-111.70957319199999,40.317682589000071],[-111.70957203499995,40.317681542000059],[-111.70957092299994,40.317680464000034],[-111.70956985999999,40.317679359000067],[-111.70956884599997,40.317678228000034],[-111.70956788099994,40.317677072000038],[-111.70956696599995,40.317675891000079],[-111.70956610399998,40.317674686000032],[-111.70956529499995,40.317673461000027],[-111.70956453999997,40.317672216000062],[-111.70956383799995,40.31767095400005],[-111.70956319399994,40.317669674000058],[-111.70956260399998,40.317668376000029],[-111.70956207099999,40.317667067000059],[-111.70956159499997,40.317665744000067],[-111.70956117799994,40.317664409000031],[-111.70956082099997,40.317663063000055],[-111.70956051899998,40.317661711000028],[-111.70956027899996,40.31766035000004],[-111.70956009699995,40.317658986000026],[-111.70955997599998,40.317657616000076],[-111.70955990999994,40.317656143000079],[-111.70955597999995,40.31745750400006],[-111.70937606999996,40.31742545700007],[-111.70938067199995,40.317658040000026],[-111.70938066799994,40.317659412000069],[-111.70938060599997,40.317660783000065],[-111.70938048199997,40.317662154000061],[-111.70938029899997,40.317663519000064],[-111.70938005899995,40.317664880000052],[-111.70937975799995,40.317666231000032],[-111.70937939799995,40.317667576000076],[-111.70937897999994,40.317668911000055],[-111.70937850399997,40.317670235000037],[-111.70937796999999,40.317671545000053],[-111.70937737899999,40.317672841000046],[-111.70937673499998,40.317674122000028],[-111.70937603399994,40.31767538500003],[-111.70937527799998,40.317676628000072],[-111.70937446699998,40.317677852000031],[-111.70937360499994,40.317679056000031],[-111.70937268899996,40.317680238000037],[-111.70937172399999,40.317681393000043],[-111.70937070699995,40.317682524000077],[-111.70936964399999,40.317683631000079],[-111.70936852999995,40.31768470600008],[-111.70936737299996,40.317685754000024],[-111.70936617099994,40.317686773000048],[-111.70936492399994,40.317687758000034],[-111.70936363499999,40.317688714000042],[-111.70936230699999,40.317689634000033],[-111.70936093599994,40.317690519000053],[-111.70935952899998,40.31769137100008],[-111.70935808599995,40.317692186000045],[-111.70935660799995,40.317692962000081],[-111.70935509699996,40.317693700000063],[-111.70935355499995,40.31769440100004],[-111.70935198299998,40.317695061000052],[-111.70935038299996,40.317695682000078],[-111.70934875699999,40.317696261000037],[-111.70934710699999,40.317696799000032],[-111.70934543399994,40.317697291000059],[-111.70934373999995,40.317697743000053],[-111.70934202899997,40.317698151000059],[-111.70934029999995,40.317698516000064],[-111.70933855699997,40.317698836000034],[-111.70933679999996,40.317699111000024],[-111.70933503199996,40.317699341000036],[-111.70933325399994,40.317699526000069],[-111.70933147099998,40.317699666000067],[-111.70932968399995,40.31769975900005],[-111.70932765799995,40.317699810000079],[-111.70908939699996,40.317702424000061],[-111.70880259599994,40.317705570000044],[-111.70880517299997,40.31784275800004]]]},"properties":{"OBJECTID":193,"PARCEL_NO":null,"PARCELID":"341180500","PARCELID_LABEL":null,"OWNER_NAME":null,"CARE_NAME":null,"ACREAGE":null,"SITE_FULL_ADDRESS":null,"SITE_HOUSE_NUM":null,"SITE_PRE_DIR":null,"SITE_STREET_NAME":null,"SITE_STREET_TYPE":null,"SITE_POST_DIR":null,"SITE_STREET_UNIT":null,"SITE_CITY":null,"SITE_STATE":null,"SITE_ZIP5":null,"OWN_FULL_ADDRESS":null,"OWN_STREET_ADDRESS":null,"OWN_CITY":null,"OWN_STATE":null,"OWN_ZIP5":null,"VESTING_DOC":null,"PARCEL_CREATE_DATE":null,"MAP_FILING_NO":null,"SUB_NAME":null,"LEGAL_DESCR":null,"BOOK_PAGE":null,"LOT":null,"BUILDING":null,"UNIT":null,"TAX_DISTRICT":null,"TAX_DISTRICT_DESCR":null,"SCHOOL_DISTRICT":null,"TAXABLE_CODE":null,"ACCOUNT_TYPE":null,"PROP_TYPE":null,"PROP_TYPE_DESCR":null,"SPECIFIC_PROP_TYPE":null,"SPC_PROP_TYP_DESCR":null,"NEIGHBORHOOD":null,"NBHD_DISTRICT":null,"LAND_DISTRICT":null,"ECONOMIC_UNIT":null,"GLA_WEIGHTED_YRBLT":null,"TOTAL_ABOVE_GRADE_AREA":null,"TOTAL_MEZZANINE":null,"TOTAL_BASEMENT":null,"TOTAL_BSMT_FINISH":null,"TOTAL_UNIT_COUNT":null,"TOTAL_IMP_COUNT":null,"ASMT_YEAR":null,"ASMT_CODE":null,"ASMT_CODE_DESCR":null,"MKT_LAND_VALUE":null,"MKT_LAND_RES":null,"MKT_LAND_AGR":null,"MKT_LAND_COM":null,"MKT_IMP_VALUE":null,"MKT_IMP_RES":null,"MKT_IMP_AGR":null,"MKT_IMP_COM":null,"MKT_CUR_VALUE":null,"MKT_PRV_VAL":null,"MKT_VAL_YR_CHG":null,"MKT_PCT_CHG":null,"TXBL_CUR_VALUE":null,"TXBL_PRV_VAL":null,"TXBL_VAL_YR_CHG":null,"TXBL_PCT_CHG":null,"TOT_CUR_TAXES":null,"TOT_PRV_TAXES":null,"TAXES_YR_CHG":null,"TAXES_PCT_CHG":null,"GREENBELT":null,"EXEMPT_RES":null,"COMMON_AREA":null,"PUBLIC_ROAD":null,"PRIVATE_ROAD":null,"PART_CENTRAL_ASSD":null,"PART_TAXABLE":null,"IMP_NO_RES":null,"COST_GROUP_RES":null,"STYLE_DESCR_RES":null,"QUALITY_RES":null,"QUALITY_DESCR_RES":null,"CONDITION_RES":null,"CONDITION_DESCR_RES":null,"YEARBLT_RES":null,"GLA_RES":null,"BASEMENT_RES":null,"BSMT_FINISH_RES":null,"ATT_GARAGE_SQFT_RES":null,"BATHROOMS_RES":null,"GLA_BEDROOMS_RES":null,"EXTERIOR_RES":null,"ALLOCATION_PCT_RES":null,"IMP_NO_1":null,"USE_CODE_1":null,"USE_CODE_DESCR_1":null,"COST_CLASS_DESCR_1":null,"EXTERIOR_WALL_1":null,"ABOVE_GRADE_AREA_1":null,"MEZZANINE_1":null,"BASEMENT_1":null,"BSMT_FINISH_1":null,"BSMT_UNFINISH_1":null,"QUALITY_DESCR_1":null,"CONDITION_1":null,"CONDITION_DESCR_1":null,"YEAR_BUILT_1":null,"UNIT_COUNT_1":null,"PCT_COMPLETE_1":null,"ALLOCATION_PCT_1":null,"IMP_NO_2":null,"USE_CODE_2":null,"USE_CODE_DESCR_2":null,"COST_CLASS_DESCR_2":null,"EXTERIOR_WALL_2":null,"ABOVE_GRADE_AREA_2":null,"MEZZANINE_2":null,"BASEMENT_2":null,"BSMT_FINISH_2":null,"BSMT_UNFINISH_2":null,"QUALITY_DESCR_2":null,"CONDITION_2":null,"CONDITION_DESCR_2":null,"YEAR_BUILT_2":null,"UNIT_COUNT_2":null,"PCT_COMPLETE_2":null,"ALLOCATION_PCT_2":null,"TRAV_COUNT":null,"LASTUPDATE":null,"CREATED_DATE":1712330344000,"LAST_EDITED_DATE":1712330533000,"GLOBALID":"{C6C6736F-4645-4F7D-8085-7003C2A98B62}","SHAPE_Length":0.0037620750185904904,"SHAPE_Area":2.4592946935247827e-07}}]}