{
  "type": "FeatureCollection",
  "features": [
    {
      "type": "Feature",
      "id": 1,
      "geometry": {
        "type": "Polygon",
        "coordinates": [
          [
            [
              -111.80196471799997,
              40.411946846000035
            ],
            [
              -111.80196471599999,
              40.41194686400007
            ],
            [
              -111.80602445299996,
              40.41193631700003
            ],
            [
              -111.80602436699996,
              40.41191702500004
            ],
            [
              -111.80196466499996,
              40.41194188000003
            ],
            [
              -111.80196471799997,
              40.411946846000035
            ]
          ]
        ]
      },
      "properties": {
        "OBJECTID": 1,
        "Join_Count": 1,
        "TARGET_FID": 10795473,
        "PARCEL_NO": 120050085,
        "PARCELID": "120050085",
        "PARCELID_LABEL": "12:005:0085",
        "OWNER_NAME": "TITERA, WILLIAM R & DOROTHY J (ET AL)",
        "CARE_NAME": null,
        "ACREAGE": 6.806461,
        "SITE_FULL_ADDRESS": "HIGHLAND, UT",
        "SITE_HOUSE_NUM": " ",
        "SITE_PRE_DIR": null,
        "SITE_STREET_NAME": null,
        "SITE_STREET_TYPE": null,
        "SITE_POST_DIR": null,
        "SITE_STREET_UNIT": null,
        "SITE_CITY": "HIGHLAND",
        "SITE_STATE": "UT",
        "SITE_ZIP5": "84003",
        "OWN_FULL_ADDRESS": "9943 N 6180 W  HIGHLAND, UT 84003",
        "OWN_STREET_ADDRESS": "9943 N 6180 W",
        "OWN_CITY": "HIGHLAND",
        "OWN_STATE": "UT",
        "OWN_ZIP5": "84003",
        "VESTING_DOC": "108841-2020",
        "PARCEL_CREATE_DATE": 1597881600000,
        "MAP_FILING_NO": null,
        "SUB_NAME": null,
        "LEGAL_DESCR": "COM N 2058.68 FT & W 38.69 FT FR S 1/4 COR. SEC. 2, T5S, R1E, SLB&M.; S 0 DEG 16' 33\" E 1.81 FT; S 89 DEG 44' 9\" W 1130.81 FT; N 0 DEG 0' 1\" E 7.03 FT; E 1130.79 FT TO BEG. AREA 0.115 AC. ALSO COM N 2058.51 FT & W 24.27 FT FR S 1/4 COR. SEC. 2, T5S, R1E, SLB&M.; W 1145.21 FT; N 0 DEG 0' 1\" E 141.18 FT; N 72 DEG 28' 28\" W .04 FT; ALONG A CURVE TO R (CHORD BEARS: N 5 DEG 1' 51\" E 38.17 FT, RADIUS = 217.61 FT); N 10 DEG 3' 43\" E 114.37 FT; N 89 DEG 45' 59\" E 1121.91 FT; S 126.57 FT; S 89 DEG 22' 0\" W 387.6 FT; S 0 DEG 31' 0\" E 118.19 FT; N 89 DEG 22' 0\" E 368.6 FT; N 0 DEG 31' 0\" W 117.99 FT; N 89 DEG 23' 49\" E 19 FT; S 169.62 FT TO BEG. AREA 6.692 AC. TOTAL AREA 6.806 AC.",
        "BOOK_PAGE": 12005,
        "LOT": null,
        "BUILDING": null,
        "UNIT": null,
        "TAX_DISTRICT": "045",
        "TAX_DISTRICT_DESCR": "HIGHLAND CITY",
        "SCHOOL_DISTRICT": "ALPINE",
        "TAXABLE_CODE": 100,
        "ACCOUNT_TYPE": "RESIDENTIAL",
        "PROP_TYPE": 900,
        "PROP_TYPE_DESCR": "VACANT",
        "SPECIFIC_PROP_TYPE": 901,
        "SPC_PROP_TYP_DESCR": "Vac Res",
        "NEIGHBORHOOD": "105",
        "NBHD_DISTRICT": "182",
        "LAND_DISTRICT": 1810,
        "ECONOMIC_UNIT": null,
        "GLA_WEIGHTED_YRBLT": null,
        "TOTAL_ABOVE_GRADE_AREA": null,
        "TOTAL_MEZZANINE": null,
        "TOTAL_BASEMENT": null,
        "TOTAL_BSMT_FINISH": null,
        "TOTAL_UNIT_COUNT": null,
        "TOTAL_IMP_COUNT": null,
        "ASMT_YEAR": 2026,
        "ASMT_CODE": "V",
        "ASMT_CODE_DESCR": "VACANT",
        "MKT_LAND_VALUE": 1759700,
        "MKT_LAND_RES": 0,
        "MKT_LAND_AGR": 1759700,
        "MKT_LAND_COM": 0,
        "MKT_IMP_VALUE": 0,
        "MKT_IMP_RES": 0,
        "MKT_IMP_AGR": 0,
        "MKT_IMP_COM": 0,
        "MKT_CUR_VALUE": 1759700,
        "MKT_PRV_VAL": 1759700,
        "MKT_VAL_YR_CHG": 0,
        "MKT_PCT_CHG": 0,
        "TXBL_CUR_VALUE": 3391,
        "TXBL_PRV_VAL": 3391,
        "TXBL_VAL_YR_CHG": 0,
        "TXBL_PCT_CHG": 0,
        "TOT_CUR_TAXES": 0,
        "TOT_PRV_TAXES": 0,
        "TAXES_YR_CHG": 0,
        "TAXES_PCT_CHG": 0,
        "GREENBELT": "GB",
        "EXEMPT_RES": "N",
        "COMMON_AREA": null,
        "PUBLIC_ROAD": null,
        "PRIVATE_ROAD": null,
        "PART_CENTRAL_ASSD": null,
        "PART_TAXABLE": null,
        "IMP_NO_RES": null,
        "COST_GROUP_RES": null,
        "STYLE_DESCR_RES": null,
        "QUALITY_RES": null,
        "QUALITY_DESCR_RES": null,
        "CONDITION_RES": null,
        "CONDITION_DESCR_RES": null,
        "YEARBLT_RES": null,
        "GLA_RES": null,
        "BASEMENT_RES": null,
        "BSMT_FINISH_RES": null,
        "ATT_GARAGE_SQFT_RES": null,
        "BATHROOMS_RES": null,
        "GLA_BEDROOMS_RES": null,
        "EXTERIOR_RES": null,
        "ALLOCATION_PCT_RES": null,
        "TRAV_COUNT": 2,
        "LASTUPDATE": null,
        "CREATED_DATE": 1712330344000,
        "LAST_EDITED_DATE": 1712330533000,
        "GLOBALID": "{0D14110E-C265-4BAA-9185-F1FF445B89CD}",
        "Join_Count_12": 1,
        "TARGET_FID_12": 174,
        "Code": null,
        "Desc_Cleaned": "Low Density Residential",
        "Description": "Residential - Low Density",
        "City": "Highland",
        "Description_detailed": "Residential Single-Family",
        "Desc": null,
        "Acres": null,
        "CityLU": null,
        "Unit_Rate": null,
        "Parcel_Area": 464,
        "PctDeveloped": null,
        "Slope_Score": 10,
        "GP_Score": 9,
        "Ownership_Type": "Private",
        "Ownership_Score": 10,
        "Wetlands_Score": 10,
        "Municipality_Score": 10,
        "Final_Score": 9.65,
        "OBJECTID_12": 174,
        "Join_Count_12_13": 0,
        "TARGET_FID_12_13": 174,
        "Area": null,
        "Shape_Length_12": null,
        "Shape_Area_12": null,
        "STATUS": " ",
        "CARTOCODE": "10",
        "FULLNAME": "6000 W",
        "FROMADDR_L": 9851,
        "TOADDR_L": 9959,
        "FROMADDR_R": 9850,
        "TOADDR_R": 9958,
        "PARITY_L": " ",
        "PARITY_R": " ",
        "PREDIR": "N",
        "NAME": "6000",
        "POSTTYPE": " ",
        "POSTDIR": "W",
        "AN_NAME": " ",
        "AN_POSTDIR": " ",
        "A1_PREDIR": " ",
        "A1_NAME": " ",
        "A1_POSTTYP": " ",
        "A1_POSTDIR": " ",
        "A2_PREDIR": " ",
        "A2_NAME": " ",
        "A2_POSTTYP": " ",
        "A2_POSTDIR": " ",
        "QUADRANT_L": "NW",
        "QUADRANT_R": "NW",
        "STATE_L": "UT",
        "STATE_R": "UT",
        "COUNTY_L": "49049",
        "COUNTY_R": "49049",
        "ADDRSYS_L": "Provo",
        "ADDRSYS_R": "Provo",
        "POSTCOMM_L": "AMERICAN FORK",
        "POSTCOMM_R": "AMERICAN FORK",
        "ZIPCODE_L": "84003",
        "ZIPCODE_R": "84003",
        "INCMUNI_L": "HIGHLAND",
        "INCMUNI_R": "HIGHLAND",
        "UNINCCOM_L": " ",
        "UNINCCOM_R": " ",
        "NBRHDCOM_L": " ",
        "NBRHDCOM_R": " ",
        "ER_CAD_ZON": " ",
        "ESN_L": " ",
        "ESN_R": " ",
        "MSAGCOMM_L": " ",
        "MSAGCOMM_R": " ",
        "ONEWAY": "0",
        "VERT_LEVEL": "0",
        "SPEED_LMT": 25,
        "ACCESSCODE": " ",
        "DOT_HWYNAM": " ",
        "DOT_RTNAME": "2918P",
        "DOT_RTPART": "1",
        "DOT_F_MILE": 0,
        "DOT_T_MILE": 0,
        "DOT_FCLASS": " ",
        "DOT_SRFTYP": " ",
        "DOT_CLASS": "C",
        "DOT_OWN_L": "MU Highland",
        "DOT_OWN_R": "MU Highland",
        "DOT_AADT": 0,
        "DOT_AADTYR": " ",
        "DOT_THRULA": 0,
        "BIKE_L": " ",
        "BIKE_R": " ",
        "UNIQUE_ID": "12TVK31967378_6000_W",
        "LOCAL_UID": " ",
        "UTAHRD_UID": " ",
        "SOURCE": " ",
        "UPDATED": 1486425600000,
        "EFFECTIVE": null,
        "EXPIRE": null,
        "CUSTOMTAGS": " ",
        "Shape_STLe": 213.431567922,
        "START_ELEV": 1463.6336669921875,
        "END_ELEV": 1466.090576171875,
        "STEL_FT": 4801.947880014648,
        "ENDEL_FT": 4810.008605927735,
        "ELEV_CHANGE": 8.060725913086571,
        "SLOPE": 1.1508114484659988,
        "IMP_NO_12": 318326,
        "USE_CODE_12": 476,
        "USE_CODE_DESCR_12": "Shed - Farm Implement (Equip Shop)",
        "COST_CLASS_DESCR_12": "S - Metal",
        "EXTERIOR_WALL_12": null,
        "ABOVE_GRADE_AREA_12": 1350,
        "MEZZANINE_12": 0,
        "BASEMENT_12": 0,
        "BSMT_FINISH_12": 0,
        "BSMT_UNFINISH_12": 0,
        "QUALITY_DESCR_12": "Average",
        "CONDITION_12": 3,
        "CONDITION_DESCR_12": "Average",
        "YEAR_BUILT_12": 2000,
        "UNIT_COUNT_12": null,
        "PCT_COMPLETE_12": 1,
        "ALLOCATION_PCT_12": null,
        "IMP_NO_23": null,
        "USE_CODE_23": null,
        "USE_CODE_DESCR_23": null,
        "COST_CLASS_DESCR_23": null,
        "EXTERIOR_WALL_23": null,
        "ABOVE_GRADE_AREA_23": null,
        "MEZZANINE_23": null,
        "BASEMENT_23": null,
        "BSMT_FINISH_23": null,
        "BSMT_UNFINISH_23": null,
        "QUALITY_DESCR_23": null,
        "CONDITION_23": null,
        "CONDITION_DESCR_23": null,
        "YEAR_BUILT_23": null,
        "UNIT_COUNT_23": null,
        "PCT_COMPLETE_23": null,
        "ALLOCATION_PCT_23": null,
        "Entry": 4033,
        "Year": 2025,
        "Record_Date": "2025-01-21",
        "Grantor": "MURRAY, GLEN WILLIS AKA MURRAY, GLEN",
        "Grantee": "WHOM OF INTEREST",
        "Tax_Address": "9888 N 6040 W HIGHLAND, UT 84003-3517",
        "Serial_Number": "54:122:0041",
        "Serial_Number_Available": "Yes",
        "Detail_URL": "https://www.utahcounty.gov/LandRecords/document.asp?avEntry=4033&avYear=2025",
        "Document_Type": "AF DC",
        "Shape_Length_12_13": 735.9353948029028,
        "Shape_Area_12_13": 34636.586373240454,
        "DocType": "AFDC",
        "Shape_Length": 0.008143805370606196,
        "Shape_Area": 4.9278082434298375e-08
      }
    },
    {
      "type": "Feature",
      "id": 2,
      "geometry": {
        "type": "Polygon",
        "coordinates": [
          [
            [
              -111.81893793299997,
              40.39480624200007
            ],
            [
              -111.81876654499996,
              40.39481372900008
            ],
            [
              -111.81842307399995,
              40.39476539300006
            ],
            [
              -111.81802877299998,
              40.39484171600003
            ],
            [
              -111.81705327699996,
              40.394844361000025
            ],
            [
              -111.81703642899998,
              40.39514112400008
            ],
            [
              -111.81721687499999,
              40.39552094000004
            ],
            [
              -111.81730427199994,
              40.39561946500004
            ],
            [
              -111.81742491399996,
              40.39587244300003
            ],
            [
              -111.81746239999995,
              40.396274808000044
            ],
            [
              -111.81745762299994,
              40.396302699000046
            ],
            [
              -111.81747491799996,
              40.396350151000036
            ],
            [
              -111.81741275199994,
              40.39659260500008
            ],
            [
              -111.81845682999995,
              40.396562120000056
            ],
            [
              -111.81904836299998,
              40.396516133000034
            ],
            [
              -111.81893793299997,
              40.39480624200007
            ]
          ]
        ]
      },
      "properties": {
        "OBJECTID": 2,
        "Join_Count": 1,
        "TARGET_FID": 10796794,
        "PARCEL_NO": 120560162,
        "PARCELID": "120560162",
        "PARCELID_LABEL": "12:056:0162",
        "OWNER_NAME": "AUTUMN VALLEY LAND LC",
        "CARE_NAME": "%PATTERSON, ISAAC",
        "ACREAGE": 6.952909,
        "SITE_FULL_ADDRESS": "AMERICAN FORK, UT",
        "SITE_HOUSE_NUM": " ",
        "SITE_PRE_DIR": null,
        "SITE_STREET_NAME": null,
        "SITE_STREET_TYPE": null,
        "SITE_POST_DIR": null,
        "SITE_STREET_UNIT": null,
        "SITE_CITY": "AMERICAN FORK",
        "SITE_STATE": "UT",
        "SITE_ZIP5": "84003",
        "OWN_FULL_ADDRESS": "%PATTERSON, ISAAC  9469 N MOUNT AIREY DR STE A  EAGLE MOUNTAIN, UT 84005",
        "OWN_STREET_ADDRESS": "9469 N MOUNT AIREY DR STE A",
        "OWN_CITY": "EAGLE MOUNTAIN",
        "OWN_STATE": "UT",
        "OWN_ZIP5": "84005",
        "VESTING_DOC": "58038-2017",
        "PARCEL_CREATE_DATE": 1603238400000,
        "MAP_FILING_NO": null,
        "SUB_NAME": null,
        "LEGAL_DESCR": "COM N 1130.43 FT & E 473.22 FT FR S 1/4 COR. SEC. 10, T5S, R1E, SLB&M.; N 2 DEG 37' 21\" W 623.83 FT; N 84 DEG 23' 53\" E 165.65 FT; N 88 DEG 1' 0\" E 291.09 FT; S 11 DEG 17' 41\" W 90.03 FT; S 15 DEG 22' 2\" E 17.95 FT; S 7 DEG 39' 47\" W 10.25 FT; S 3 DEG 52' 15\" E 146.99 FT; S 19 DEG 49' 45\" E 98.12 FT; S 33 DEG 56' 33\" E 43.38 FT; S 19 DEG 45' 35\" E 147.25 FT; S 2 DEG 41' 19\" W 108.24 FT; N 89 DEG 59' 59\" W 271.78 FT; S 75 DEG 59' 49\" W 113.32 FT; N 79 DEG 22' 0\" W 97.3 FT; S 86 DEG 56' 0\" W 47.83 FT TO BEG. AREA 6.953 AC.",
        "BOOK_PAGE": 12056,
        "LOT": null,
        "BUILDING": null,
        "UNIT": null,
        "TAX_DISTRICT": "060",
        "TAX_DISTRICT_DESCR": "AMERICAN FORK CITY",
        "SCHOOL_DISTRICT": "ALPINE",
        "TAXABLE_CODE": 100,
        "ACCOUNT_TYPE": "RESIDENTIAL",
        "PROP_TYPE": 900,
        "PROP_TYPE_DESCR": "VACANT",
        "SPECIFIC_PROP_TYPE": 901,
        "SPC_PROP_TYP_DESCR": "Vac Res",
        "NEIGHBORHOOD": "106",
        "NBHD_DISTRICT": "202",
        "LAND_DISTRICT": 2009,
        "ECONOMIC_UNIT": null,
        "GLA_WEIGHTED_YRBLT": null,
        "TOTAL_ABOVE_GRADE_AREA": null,
        "TOTAL_MEZZANINE": null,
        "TOTAL_BASEMENT": null,
        "TOTAL_BSMT_FINISH": null,
        "TOTAL_UNIT_COUNT": null,
        "TOTAL_IMP_COUNT": null,
        "ASMT_YEAR": 2026,
        "ASMT_CODE": "V",
        "ASMT_CODE_DESCR": "VACANT",
        "MKT_LAND_VALUE": 2786300,
        "MKT_LAND_RES": 0,
        "MKT_LAND_AGR": 2786300,
        "MKT_LAND_COM": 0,
        "MKT_IMP_VALUE": 0,
        "MKT_IMP_RES": 0,
        "MKT_IMP_AGR": 0,
        "MKT_IMP_COM": 0,
        "MKT_CUR_VALUE": 2786300,
        "MKT_PRV_VAL": 2786300,
        "MKT_VAL_YR_CHG": 0,
        "MKT_PCT_CHG": 0,
        "TXBL_CUR_VALUE": 2786300,
        "TXBL_PRV_VAL": 2786300,
        "TXBL_VAL_YR_CHG": 0,
        "TXBL_PCT_CHG": 0,
        "TOT_CUR_TAXES": 0,
        "TOT_PRV_TAXES": 0,
        "TAXES_YR_CHG": 0,
        "TAXES_PCT_CHG": 0,
        "GREENBELT": null,
        "EXEMPT_RES": "N",
        "COMMON_AREA": null,
        "PUBLIC_ROAD": null,
        "PRIVATE_ROAD": null,
        "PART_CENTRAL_ASSD": null,
        "PART_TAXABLE": null,
        "IMP_NO_RES": null,
        "COST_GROUP_RES": null,
        "STYLE_DESCR_RES": null,
        "QUALITY_RES": null,
        "QUALITY_DESCR_RES": null,
        "CONDITION_RES": null,
        "CONDITION_DESCR_RES": null,
        "YEARBLT_RES": null,
        "GLA_RES": null,
        "BASEMENT_RES": null,
        "BSMT_FINISH_RES": null,
        "ATT_GARAGE_SQFT_RES": null,
        "BATHROOMS_RES": null,
        "GLA_BEDROOMS_RES": null,
        "EXTERIOR_RES": null,
        "ALLOCATION_PCT_RES": null,
        "TRAV_COUNT": 1,
        "LASTUPDATE": null,
        "CREATED_DATE": 1712330344000,
        "LAST_EDITED_DATE": 1712330533000,
        "GLOBALID": "{B6639E02-A52B-4A9B-AC63-CB3198558770}",
        "Join_Count_12": 1,
        "TARGET_FID_12": 218,
        "Code": null,
        "Desc_Cleaned": "Low Density Residential",
        "Description": "Residential - Low Density",
        "City": "American Fork",
        "Description_detailed": "Residential Single-Family",
        "Desc": null,
        "Acres": null,
        "CityLU": null,
        "Unit_Rate": null,
        "Parcel_Area": 28138,
        "PctDeveloped": null,
        "Slope_Score": 10,
        "GP_Score": 9,
        "Ownership_Type": "Business",
        "Ownership_Score": 5,
        "Wetlands_Score": 0,
        "Municipality_Score": 10,
        "Final_Score": 7.15,
        "OBJECTID_12": 218,
        "Join_Count_12_13": 0,
        "TARGET_FID_12_13": 218,
        "Area": null,
        "Shape_Length_12": null,
        "Shape_Area_12": null,
        "STATUS": " ",
        "CARTOCODE": "11",
        "FULLNAME": "880 N",
        "FROMADDR_L": 701,
        "TOADDR_L": 799,
        "FROMADDR_R": 700,
        "TOADDR_R": 798,
        "PARITY_L": " ",
        "PARITY_R": " ",
        "PREDIR": "W",
        "NAME": "880",
        "POSTTYPE": " ",
        "POSTDIR": "N",
        "AN_NAME": " ",
        "AN_POSTDIR": " ",
        "A1_PREDIR": " ",
        "A1_NAME": " ",
        "A1_POSTTYP": " ",
        "A1_POSTDIR": " ",
        "A2_PREDIR": " ",
        "A2_NAME": " ",
        "A2_POSTTYP": " ",
        "A2_POSTDIR": " ",
        "QUADRANT_L": "NW",
        "QUADRANT_R": "NW",
        "STATE_L": "UT",
        "STATE_R": "UT",
        "COUNTY_L": "49049",
        "COUNTY_R": "49049",
        "ADDRSYS_L": "American Fork",
        "ADDRSYS_R": "American Fork",
        "POSTCOMM_L": "AMERICAN FORK",
        "POSTCOMM_R": "AMERICAN FORK",
        "ZIPCODE_L": "84003",
        "ZIPCODE_R": "84003",
        "INCMUNI_L": "AMERICAN FORK",
        "INCMUNI_R": "AMERICAN FORK",
        "UNINCCOM_L": " ",
        "UNINCCOM_R": " ",
        "NBRHDCOM_L": " ",
        "NBRHDCOM_R": " ",
        "ER_CAD_ZON": " ",
        "ESN_L": " ",
        "ESN_R": " ",
        "MSAGCOMM_L": " ",
        "MSAGCOMM_R": " ",
        "ONEWAY": "0",
        "VERT_LEVEL": "0",
        "SPEED_LMT": 25,
        "ACCESSCODE": " ",
        "DOT_HWYNAM": " ",
        "DOT_RTNAME": " ",
        "DOT_RTPART": " ",
        "DOT_F_MILE": 0,
        "DOT_T_MILE": 0,
        "DOT_FCLASS": " ",
        "DOT_SRFTYP": "P",
        "DOT_CLASS": "C",
        "DOT_OWN_L": "MU American Fork",
        "DOT_OWN_R": "MU American Fork",
        "DOT_AADT": 0,
        "DOT_AADTYR": " ",
        "DOT_THRULA": 0,
        "BIKE_L": " ",
        "BIKE_R": " ",
        "UNIQUE_ID": "12TVK30597185_880_N",
        "LOCAL_UID": " ",
        "UTAHRD_UID": " ",
        "SOURCE": " ",
        "UPDATED": 1522195200000,
        "EFFECTIVE": null,
        "EXPIRE": null,
        "CUSTOMTAGS": " ",
        "Shape_STLe": 48.8109194171,
        "START_ELEV": 1417.146484375,
        "END_ELEV": 1416.6456298828125,
        "STEL_FT": 4649.430871796875,
        "ENDEL_FT": 4647.787648344726,
        "ELEV_CHANGE": 1.643223452148959,
        "SLOPE": 1.0258193391055817,
        "IMP_NO_12": 10063672,
        "USE_CODE_12": 8000,
        "USE_CODE_DESCR_12": "Bath House",
        "COST_CLASS_DESCR_12": "D - Wood/Steel Studs",
        "EXTERIOR_WALL_12": null,
        "ABOVE_GRADE_AREA_12": 400,
        "MEZZANINE_12": 0,
        "BASEMENT_12": 0,
        "BSMT_FINISH_12": 0,
        "BSMT_UNFINISH_12": 0,
        "QUALITY_DESCR_12": "Average",
        "CONDITION_12": 3,
        "CONDITION_DESCR_12": "Average",
        "YEAR_BUILT_12": 2025,
        "UNIT_COUNT_12": null,
        "PCT_COMPLETE_12": 1,
        "ALLOCATION_PCT_12": null,
        "IMP_NO_23": 10037071,
        "USE_CODE_23": 1152,
        "USE_CODE_DESCR_23": "Garage - Detached",
        "COST_CLASS_DESCR_23": "D - Wood/Steel Studs",
        "EXTERIOR_WALL_23": null,
        "ABOVE_GRADE_AREA_23": 342,
        "MEZZANINE_23": 0,
        "BASEMENT_23": 0,
        "BSMT_FINISH_23": 0,
        "BSMT_UNFINISH_23": 0,
        "QUALITY_DESCR_23": "Average",
        "CONDITION_23": 3,
        "CONDITION_DESCR_23": "Average",
        "YEAR_BUILT_23": 2021,
        "UNIT_COUNT_23": null,
        "PCT_COMPLETE_23": 1,
        "ALLOCATION_PCT_23": null,
        "Entry": 2408,
        "Year": 2025,
        "Record_Date": "2025-01-13",
        "Grantor": "MATTINSON, JODIE LARRY AKA MATTINSON, JODIE DEC",
        "Grantee": "WHOM OF INTEREST",
        "Tax_Address": "859 W 920 N AMERICAN FORK, UT 84003",
        "Serial_Number": "67:018:0206",
        "Serial_Number_Available": "Yes",
        "Detail_URL": "https://www.utahcounty.gov/LandRecords/document.asp?avEntry=2408&avYear=2025",
        "Document_Type": "AF DC",
        "Shape_Length_12_13": 618.6336870697868,
        "Shape_Area_12_13": 24495.040890166052,
        "DocType": "AFDC",
        "Shape_Length": 0.007109742994289075,
        "Shape_Area": 2.984981966659039e-06
      }
    },
    {
      "type": "Feature",
      "id": 3,
      "geometry": {
        "type": "Polygon",
        "coordinates": [
          [
            [
              -111.81108715199997,
              40.36279893600005
            ],
            [
              -111.81108712599996,
              40.36279895500007
            ],
            [
              -111.80929680899999,
              40.36277705800006
            ],
            [
              -111.80922527899997,
              40.36332383200005
            ],
            [
              -111.80880953199994,
              40.36382795500003
            ],
            [
              -111.80726047299999,
              40.36481106000008
            ],
            [
              -111.80680089799995,
              40.36491619800006
            ],
            [
              -111.80679939699996,
              40.36525040400005
            ],
            [
              -111.80679426699999,
              40.366366148000054
            ],
            [
              -111.80909591699998,
              40.366371327000024
            ],
            [
              -111.80909190799997,
              40.367527058000064
            ],
            [
              -111.80993926599996,
              40.36752474300005
            ],
            [
              -111.80993907199996,
              40.366839914000025
            ],
            [
              -111.81070571799995,
              40.36680121200004
            ],
            [
              -111.81070480199998,
              40.36624440800006
            ],
            [
              -111.81072072899997,
              40.36566822000003
            ],
            [
              -111.81072394099999,
              40.365311460000044
            ],
            [
              -111.81072813599997,
              40.36525941600007
            ],
            [
              -111.81068774699997,
              40.365252965000025
            ],
            [
              -111.81068576499996,
              40.36514729000004
            ],
            [
              -111.81070096099995,
              40.36469676000007
            ],
            [
              -111.81070830299996,
              40.36394482400004
            ],
            [
              -111.81109092399998,
              40.363947094000025
            ],
            [
              -111.81108715199997,
              40.36279893600005
            ]
          ]
        ]
      },
      "properties": {
        "OBJECTID": 3,
        "Join_Count": 1,
        "TARGET_FID": 10798239,
        "PARCEL_NO": 130440165,
        "PARCELID": "130440165",
        "PARCELID_LABEL": "13:044:0165",
        "OWNER_NAME": "AMERICAN FORK CITY",
        "CARE_NAME": null,
        "ACREAGE": 28.160681,
        "SITE_FULL_ADDRESS": "AMERICAN FORK, UT",
        "SITE_HOUSE_NUM": " ",
        "SITE_PRE_DIR": null,
        "SITE_STREET_NAME": null,
        "SITE_STREET_TYPE": null,
        "SITE_POST_DIR": null,
        "SITE_STREET_UNIT": null,
        "SITE_CITY": "AMERICAN FORK",
        "SITE_STATE": "UT",
        "SITE_ZIP5": "84003",
        "OWN_FULL_ADDRESS": "51 E MAIN ST  AMERICAN FORK, UT 84003-2381",
        "OWN_STREET_ADDRESS": "51 E MAIN ST",
        "OWN_CITY": "AMERICAN FORK",
        "OWN_STATE": "UT",
        "OWN_ZIP5": "84003",
        "VESTING_DOC": "103900-2019",
        "PARCEL_CREATE_DATE": 1575244800000,
        "MAP_FILING_NO": null,
        "SUB_NAME": null,
        "LEGAL_DESCR": "COM N 0 DEG 3' 19\" E 93.39 FT FR SW COR. SEC. 23, T5S, R1E, SLB&M.; N 0 DEG 3' 19\" E 418.37 FT; S 89 DEG 21' 23\" E 106.65 FT; N 0 DEG 37' 37\" E 274 FT; N 1 DEG 40' 37\" E 164.22 FT; N 0 DEG 37' 23\" W 38.51 FT; N 78 DEG 0' 23\" W 11.5 FT; N 3 DEG 43' 37\" E 19 FT; N 0 DEG 35' 37\" E 130 FT; N 1 DEG 24' 37\" E 210 FT; N 0 DEG 7' 37\" E 202.89 FT; N 86 DEG 25' 22\" E 214.14 FT; N 0 DEG 11' 10\" E 249.54 FT; N 89 DEG 59' 37\" E 236.17 FT; S 0 DEG 21' 0\" W 421.13 FT; S 89 DEG 38' 3\" E 641.51 FT; S 0 DEG 23' 53\" W 406.56 FT; S 0 DEG 23' 36\" W 121.78 FT; S 73 DEG 32' 45\" W 133.7 FT; S 50 DEG 30' 55\" W 561.02 FT; S 32 DEG 26' 35\" W 217.19 FT; S 5 DEG 54' 46\" W 200.23 FT; N 88 DEG 53' 7\" W 499.08 FT TO BEG. AREA 28.161 AC.",
        "BOOK_PAGE": 13044,
        "LOT": null,
        "BUILDING": null,
        "UNIT": null,
        "TAX_DISTRICT": "060",
        "TAX_DISTRICT_DESCR": "AMERICAN FORK CITY",
        "SCHOOL_DISTRICT": "ALPINE",
        "TAXABLE_CODE": 955,
        "ACCOUNT_TYPE": "EXEMPT",
        "PROP_TYPE": 951,
        "PROP_TYPE_DESCR": "EXEMPT",
        "SPECIFIC_PROP_TYPE": 951,
        "SPC_PROP_TYP_DESCR": "Exempt",
        "NEIGHBORHOOD": "1000",
        "NBHD_DISTRICT": "8999",
        "LAND_DISTRICT": 8999,
        "ECONOMIC_UNIT": null,
        "GLA_WEIGHTED_YRBLT": null,
        "TOTAL_ABOVE_GRADE_AREA": null,
        "TOTAL_MEZZANINE": null,
        "TOTAL_BASEMENT": null,
        "TOTAL_BSMT_FINISH": null,
        "TOTAL_UNIT_COUNT": null,
        "TOTAL_IMP_COUNT": null,
        "ASMT_YEAR": 2026,
        "ASMT_CODE": "UNK",
        "ASMT_CODE_DESCR": "UNK",
        "MKT_LAND_VALUE": 0,
        "MKT_LAND_RES": 0,
        "MKT_LAND_AGR": 0,
        "MKT_LAND_COM": 0,
        "MKT_IMP_VALUE": 0,
        "MKT_IMP_RES": 0,
        "MKT_IMP_AGR": 0,
        "MKT_IMP_COM": 0,
        "MKT_CUR_VALUE": 0,
        "MKT_PRV_VAL": 0,
        "MKT_VAL_YR_CHG": 0,
        "MKT_PCT_CHG": 0,
        "TXBL_CUR_VALUE": 0,
        "TXBL_PRV_VAL": 0,
        "TXBL_VAL_YR_CHG": 0,
        "TXBL_PCT_CHG": 0,
        "TOT_CUR_TAXES": 0,
        "TOT_PRV_TAXES": 0,
        "TAXES_YR_CHG": 0,
        "TAXES_PCT_CHG": 0,
        "GREENBELT": null,
        "EXEMPT_RES": "UNK",
        "COMMON_AREA": null,
        "PUBLIC_ROAD": null,
        "PRIVATE_ROAD": null,
        "PART_CENTRAL_ASSD": null,
        "PART_TAXABLE": null,
        "IMP_NO_RES": null,
        "COST_GROUP_RES": null,
        "STYLE_DESCR_RES": null,
        "QUALITY_RES": null,
        "QUALITY_DESCR_RES": null,
        "CONDITION_RES": null,
        "CONDITION_DESCR_RES": null,
        "YEARBLT_RES": null,
        "GLA_RES": null,
        "BASEMENT_RES": null,
        "BSMT_FINISH_RES": null,
        "ATT_GARAGE_SQFT_RES": null,
        "BATHROOMS_RES": null,
        "GLA_BEDROOMS_RES": null,
        "EXTERIOR_RES": null,
        "ALLOCATION_PCT_RES": null,
        "TRAV_COUNT": 1,
        "LASTUPDATE": null,
        "CREATED_DATE": 1712330344000,
        "LAST_EDITED_DATE": 1712330533000,
        "GLOBALID": "{613AF349-3660-4D4C-889D-E899A7792936}",
        "Join_Count_12": 1,
        "TARGET_FID_12": 259,
        "Code": null,
        "Desc_Cleaned": "Low Density Residential",
        "Description": "Residential - Low Density",
        "City": "American Fork",
        "Description_detailed": "Residential Single-Family",
        "Desc": null,
        "Acres": null,
        "CityLU": null,
        "Unit_Rate": null,
        "Parcel_Area": 113967,
        "PctDeveloped": null,
        "Slope_Score": 10,
        "GP_Score": 9,
        "Ownership_Type": "Government",
        "Ownership_Score": 0,
        "Wetlands_Score": 0,
        "Municipality_Score": 10,
        "Final_Score": 5.65,
        "OBJECTID_12": 259,
        "Join_Count_12_13": 0,
        "TARGET_FID_12_13": 259,
        "Area": null,
        "Shape_Length_12": null,
        "Shape_Area_12": null,
        "STATUS": " ",
        "CARTOCODE": "11",
        "FULLNAME": "STORRS AVE",
        "FROMADDR_L": 471,
        "TOADDR_L": 509,
        "FROMADDR_R": 470,
        "TOADDR_R": 508,
        "PARITY_L": " ",
        "PARITY_R": " ",
        "PREDIR": "S",
        "NAME": "STORRS",
        "POSTTYPE": "AVE",
        "POSTDIR": " ",
        "AN_NAME": "260",
        "AN_POSTDIR": "W",
        "A1_PREDIR": " ",
        "A1_NAME": " ",
        "A1_POSTTYP": " ",
        "A1_POSTDIR": " ",
        "A2_PREDIR": " ",
        "A2_NAME": " ",
        "A2_POSTTYP": " ",
        "A2_POSTDIR": " ",
        "QUADRANT_L": "SW",
        "QUADRANT_R": "SW",
        "STATE_L": "UT",
        "STATE_R": "UT",
        "COUNTY_L": "49049",
        "COUNTY_R": "49049",
        "ADDRSYS_L": "American Fork",
        "ADDRSYS_R": "American Fork",
        "POSTCOMM_L": "AMERICAN FORK",
        "POSTCOMM_R": "AMERICAN FORK",
        "ZIPCODE_L": "84003",
        "ZIPCODE_R": "84003",
        "INCMUNI_L": "AMERICAN FORK",
        "INCMUNI_R": "AMERICAN FORK",
        "UNINCCOM_L": " ",
        "UNINCCOM_R": " ",
        "NBRHDCOM_L": " ",
        "NBRHDCOM_R": " ",
        "ER_CAD_ZON": " ",
        "ESN_L": " ",
        "ESN_R": " ",
        "MSAGCOMM_L": " ",
        "MSAGCOMM_R": " ",
        "ONEWAY": "0",
        "VERT_LEVEL": "0",
        "SPEED_LMT": 25,
        "ACCESSCODE": " ",
        "DOT_HWYNAM": " ",
        "DOT_RTNAME": " ",
        "DOT_RTPART": " ",
        "DOT_F_MILE": 0,
        "DOT_T_MILE": 0,
        "DOT_FCLASS": " ",
        "DOT_SRFTYP": " ",
        "DOT_CLASS": "C",
        "DOT_OWN_L": "MU American Fork",
        "DOT_OWN_R": "MU American Fork",
        "DOT_AADT": 0,
        "DOT_AADTYR": " ",
        "DOT_THRULA": 0,
        "BIKE_L": " ",
        "BIKE_R": " ",
        "UNIQUE_ID": "12TVK31596875_STORRS_AVE",
        "LOCAL_UID": " ",
        "UTAHRD_UID": " ",
        "SOURCE": " ",
        "UPDATED": 1486425600000,
        "EFFECTIVE": null,
        "EXPIRE": null,
        "CUSTOMTAGS": " ",
        "Shape_STLe": 100.798241098,
        "START_ELEV": 1386.840576171875,
        "END_ELEV": 1386.54541015625,
        "STEL_FT": 4550.002035927734,
        "ENDEL_FT": 4549.033643457031,
        "ELEV_CHANGE": 0.9683924707032929,
        "SLOPE": 0.2927459251621397,
        "IMP_NO_12": null,
        "USE_CODE_12": null,
        "USE_CODE_DESCR_12": null,
        "COST_CLASS_DESCR_12": null,
        "EXTERIOR_WALL_12": null,
        "ABOVE_GRADE_AREA_12": null,
        "MEZZANINE_12": null,
        "BASEMENT_12": null,
        "BSMT_FINISH_12": null,
        "BSMT_UNFINISH_12": null,
        "QUALITY_DESCR_12": null,
        "CONDITION_12": null,
        "CONDITION_DESCR_12": null,
        "YEAR_BUILT_12": null,
        "UNIT_COUNT_12": null,
        "PCT_COMPLETE_12": null,
        "ALLOCATION_PCT_12": null,
        "IMP_NO_23": null,
        "USE_CODE_23": null,
        "USE_CODE_DESCR_23": null,
        "COST_CLASS_DESCR_23": null,
        "EXTERIOR_WALL_23": null,
        "ABOVE_GRADE_AREA_23": null,
        "MEZZANINE_23": null,
        "BASEMENT_23": null,
        "BSMT_FINISH_23": null,
        "BSMT_UNFINISH_23": null,
        "QUALITY_DESCR_23": null,
        "CONDITION_23": null,
        "CONDITION_DESCR_23": null,
        "YEAR_BUILT_23": null,
        "UNIT_COUNT_23": null,
        "PCT_COMPLETE_23": null,
        "ALLOCATION_PCT_23": null,
        "Entry": 12149,
        "Year": 2025,
        "Record_Date": "2025-02-20",
        "Grantor": "DAVIS, STEPHEN HERBERT AKA DAVIS, STEPHEN H DEC",
        "Grantee": "WHOM OF INTEREST",
        "Tax_Address": "462 S 390 W AMERICAN FORK, UT 84003",
        "Serial_Number": "66:680:0223",
        "Serial_Number_Available": "Yes",
        "Detail_URL": "https://www.utahcounty.gov/LandRecords/document.asp?avEntry=12149&avYear=2025",
        "Document_Type": "AF DC",
        "Shape_Length_12_13": 344.79776395475653,
        "Shape_Area_12_13": 7366.308827538961,
        "DocType": "AFDC",
        "Shape_Length": 0.016931009145714222,
        "Shape_Area": 1.2084987311172874e-05
      }
    },
    {
      "type": "Feature",
      "id": 4,
      "geometry": {
        "type": "MultiPolygon",
        "coordinates": [
          [
            [
              [
                -111.79981015199996,
                40.36312012900004
              ],
              [
                -111.79902041599996,
                40.36311424300004
              ],
              [
                -111.79901712499998,
                40.36514683400003
              ],
              [
                -111.79901488199994,
                40.36635690900005
              ],
              [
                -111.79900692099994,
                40.36711795400004
              ],
              [
                -111.79929599099995,
                40.36740877700004
              ],
              [
                -111.79940109199998,
                40.36753905000006
              ],
              [
                -111.80005137099994,
                40.367540150000025
              ],
              [
                -111.80003990899996,
                40.36493045900005
              ],
              [
                -111.80000926899999,
                40.36493053800007
              ],
              [
                -111.80001320899999,
                40.36433737600004
              ],
              [
                -111.79981548799998,
                40.364337883000076
              ],
              [
                -111.79981015199996,
                40.36312012900004
              ]
            ]
          ],
          [
            [
              [
                -111.79981015199996,
                40.36312007400005
              ],
              [
                -111.79981015199996,
                40.36312012900004
              ],
              [
                -111.79981017799997,
                40.36312012800005
              ],
              [
                -111.79981015199996,
                40.36312007400005
              ]
            ]
          ]
        ]
      },
      "properties": {
        "OBJECTID": 4,
        "Join_Count": 1,
        "TARGET_FID": 10798279,
        "PARCEL_NO": 130500239,
        "PARCELID": "130500239",
        "PARCELID_LABEL": "13:050:0239",
        "OWNER_NAME": "SCHMIDT, HOWARD J (ET AL)",
        "CARE_NAME": null,
        "ACREAGE": 9.704081,
        "SITE_FULL_ADDRESS": null,
        "SITE_HOUSE_NUM": null,
        "SITE_PRE_DIR": null,
        "SITE_STREET_NAME": null,
        "SITE_STREET_TYPE": null,
        "SITE_POST_DIR": null,
        "SITE_STREET_UNIT": null,
        "SITE_CITY": null,
        "SITE_STATE": null,
        "SITE_ZIP5": "84003",
        "OWN_FULL_ADDRESS": "PO BOX 95410  SOUTH JORDAN, UT 84095",
        "OWN_STREET_ADDRESS": "PO BOX 95410",
        "OWN_CITY": "SOUTH JORDAN",
        "OWN_STATE": "UT",
        "OWN_ZIP5": "84095",
        "VESTING_DOC": "38889-2025 (MORE)",
        "PARCEL_CREATE_DATE": 1550102400000,
        "MAP_FILING_NO": null,
        "SUB_NAME": null,
        "LEGAL_DESCR": "COM N 191.15 FT & E 490.84 FT FR S 1/4 COR. SEC. 23, T5S, R1E, SLB&M.; N 443.75 FT; W 55.11 FT; N 0 DEG 29' 0\" E 216.14 FT; W 8.54 FT; N 0 DEG 0' 1\" W 950.93 FT; S 89 DEG 40' 53\" E 181.24 FT; S 31 DEG 29' 12\" E 55.78 FT; S 37 DEG 3' 12\" E 133.12 FT; S 0 DEG 39' 0\" W 277.32 FT; S 0 DEG 16' 22\" W 440.93 FT; S 0 DEG 15' 45\" W 740.64 FT; N 89 DEG 15' 0\" W 220.14 FT TO BEG. AREA 9.704 AC.",
        "BOOK_PAGE": 13050,
        "LOT": null,
        "BUILDING": null,
        "UNIT": null,
        "TAX_DISTRICT": "020",
        "TAX_DISTRICT_DESCR": "NORTH UT CO WT CONS S/A 6-7-8",
        "SCHOOL_DISTRICT": "ALPINE",
        "TAXABLE_CODE": 100,
        "ACCOUNT_TYPE": "RESIDENTIAL",
        "PROP_TYPE": 900,
        "PROP_TYPE_DESCR": "VACANT",
        "SPECIFIC_PROP_TYPE": 901,
        "SPC_PROP_TYP_DESCR": "Vac Res",
        "NEIGHBORHOOD": "102",
        "NBHD_DISTRICT": "309",
        "LAND_DISTRICT": 8029,
        "ECONOMIC_UNIT": null,
        "GLA_WEIGHTED_YRBLT": null,
        "TOTAL_ABOVE_GRADE_AREA": null,
        "TOTAL_MEZZANINE": null,
        "TOTAL_BASEMENT": null,
        "TOTAL_BSMT_FINISH": null,
        "TOTAL_UNIT_COUNT": null,
        "TOTAL_IMP_COUNT": null,
        "ASMT_YEAR": 2026,
        "ASMT_CODE": "V",
        "ASMT_CODE_DESCR": "VACANT",
        "MKT_LAND_VALUE": 1284000,
        "MKT_LAND_RES": 0,
        "MKT_LAND_AGR": 1284000,
        "MKT_LAND_COM": 0,
        "MKT_IMP_VALUE": 0,
        "MKT_IMP_RES": 0,
        "MKT_IMP_AGR": 0,
        "MKT_IMP_COM": 0,
        "MKT_CUR_VALUE": 1284000,
        "MKT_PRV_VAL": 1284000,
        "MKT_VAL_YR_CHG": 0,
        "MKT_PCT_CHG": 0,
        "TXBL_CUR_VALUE": 1284000,
        "TXBL_PRV_VAL": 223,
        "TXBL_VAL_YR_CHG": 1283777,
        "TXBL_PCT_CHG": 5756.8475,
        "TOT_CUR_TAXES": 0,
        "TOT_PRV_TAXES": 0,
        "TAXES_YR_CHG": 0,
        "TAXES_PCT_CHG": 0,
        "GREENBELT": null,
        "EXEMPT_RES": "N",
        "COMMON_AREA": null,
        "PUBLIC_ROAD": null,
        "PRIVATE_ROAD": null,
        "PART_CENTRAL_ASSD": null,
        "PART_TAXABLE": null,
        "IMP_NO_RES": null,
        "COST_GROUP_RES": null,
        "STYLE_DESCR_RES": null,
        "QUALITY_RES": null,
        "QUALITY_DESCR_RES": null,
        "CONDITION_RES": null,
        "CONDITION_DESCR_RES": null,
        "YEARBLT_RES": null,
        "GLA_RES": null,
        "BASEMENT_RES": null,
        "BSMT_FINISH_RES": null,
        "ATT_GARAGE_SQFT_RES": null,
        "BATHROOMS_RES": null,
        "GLA_BEDROOMS_RES": null,
        "EXTERIOR_RES": null,
        "ALLOCATION_PCT_RES": null,
        "TRAV_COUNT": 1,
        "LASTUPDATE": null,
        "CREATED_DATE": 1712330344000,
        "LAST_EDITED_DATE": 1712330533000,
        "GLOBALID": "{7268576C-FADC-4064-BADB-A5BDBB37B33D}",
        "Join_Count_12": 1,
        "TARGET_FID_12": 263,
        "Code": null,
        "Desc_Cleaned": "Low Density Residential",
        "Description": "Residential - Low Density",
        "City": "American Fork",
        "Description_detailed": "Residential Single-Family",
        "Desc": null,
        "Acres": null,
        "CityLU": null,
        "Unit_Rate": null,
        "Parcel_Area": 39271,
        "PctDeveloped": null,
        "Slope_Score": 10,
        "GP_Score": 9,
        "Ownership_Type": "Private",
        "Ownership_Score": 10,
        "Wetlands_Score": 0,
        "Municipality_Score": 10,
        "Final_Score": 8.65,
        "OBJECTID_12": 263,
        "Join_Count_12_13": 0,
        "TARGET_FID_12_13": 263,
        "Area": null,
        "Shape_Length_12": null,
        "Shape_Area_12": null,
        "STATUS": " ",
        "CARTOCODE": "11",
        "FULLNAME": "430 S",
        "FROMADDR_L": 51,
        "TOADDR_L": 99,
        "FROMADDR_R": 50,
        "TOADDR_R": 98,
        "PARITY_L": " ",
        "PARITY_R": " ",
        "PREDIR": "W",
        "NAME": "430",
        "POSTTYPE": " ",
        "POSTDIR": "S",
        "AN_NAME": " ",
        "AN_POSTDIR": " ",
        "A1_PREDIR": " ",
        "A1_NAME": " ",
        "A1_POSTTYP": " ",
        "A1_POSTDIR": " ",
        "A2_PREDIR": " ",
        "A2_NAME": " ",
        "A2_POSTTYP": " ",
        "A2_POSTDIR": " ",
        "QUADRANT_L": "SW",
        "QUADRANT_R": "SW",
        "STATE_L": "UT",
        "STATE_R": "UT",
        "COUNTY_L": "49049",
        "COUNTY_R": "49049",
        "ADDRSYS_L": "American Fork",
        "ADDRSYS_R": "American Fork",
        "POSTCOMM_L": "AMERICAN FORK",
        "POSTCOMM_R": "AMERICAN FORK",
        "ZIPCODE_L": "84003",
        "ZIPCODE_R": "84003",
        "INCMUNI_L": "AMERICAN FORK",
        "INCMUNI_R": "AMERICAN FORK",
        "UNINCCOM_L": " ",
        "UNINCCOM_R": " ",
        "NBRHDCOM_L": " ",
        "NBRHDCOM_R": " ",
        "ER_CAD_ZON": " ",
        "ESN_L": " ",
        "ESN_R": " ",
        "MSAGCOMM_L": " ",
        "MSAGCOMM_R": " ",
        "ONEWAY": "0",
        "VERT_LEVEL": "0",
        "SPEED_LMT": 25,
        "ACCESSCODE": " ",
        "DOT_HWYNAM": " ",
        "DOT_RTNAME": " ",
        "DOT_RTPART": " ",
        "DOT_F_MILE": 0,
        "DOT_T_MILE": 0,
        "DOT_FCLASS": " ",
        "DOT_SRFTYP": " ",
        "DOT_CLASS": "C",
        "DOT_OWN_L": "MU American Fork",
        "DOT_OWN_R": "MU American Fork",
        "DOT_AADT": 0,
        "DOT_AADTYR": " ",
        "DOT_THRULA": 0,
        "BIKE_L": " ",
        "BIKE_R": " ",
        "UNIQUE_ID": "12TVK32016887_430_S",
        "LOCAL_UID": " ",
        "UTAHRD_UID": " ",
        "SOURCE": " ",
        "UPDATED": 1486425600000,
        "EFFECTIVE": null,
        "EXPIRE": null,
        "CUSTOMTAGS": " ",
        "Shape_STLe": 96.0002083585,
        "START_ELEV": 1390.024658203125,
        "END_ELEV": 1389.91796875,
        "STEL_FT": 4560.44849961914,
        "ENDEL_FT": 4560.09846859375,
        "ELEV_CHANGE": 0.35003102539030806,
        "SLOPE": 0.111103128813055,
        "IMP_NO_12": null,
        "USE_CODE_12": null,
        "USE_CODE_DESCR_12": null,
        "COST_CLASS_DESCR_12": null,
        "EXTERIOR_WALL_12": null,
        "ABOVE_GRADE_AREA_12": null,
        "MEZZANINE_12": null,
        "BASEMENT_12": null,
        "BSMT_FINISH_12": null,
        "BSMT_UNFINISH_12": null,
        "QUALITY_DESCR_12": null,
        "CONDITION_12": null,
        "CONDITION_DESCR_12": null,
        "YEAR_BUILT_12": null,
        "UNIT_COUNT_12": null,
        "PCT_COMPLETE_12": null,
        "ALLOCATION_PCT_12": null,
        "IMP_NO_23": null,
        "USE_CODE_23": null,
        "USE_CODE_DESCR_23": null,
        "COST_CLASS_DESCR_23": null,
        "EXTERIOR_WALL_23": null,
        "ABOVE_GRADE_AREA_23": null,
        "MEZZANINE_23": null,
        "BASEMENT_23": null,
        "BSMT_FINISH_23": null,
        "BSMT_UNFINISH_23": null,
        "QUALITY_DESCR_23": null,
        "CONDITION_23": null,
        "CONDITION_DESCR_23": null,
        "YEAR_BUILT_23": null,
        "UNIT_COUNT_23": null,
        "PCT_COMPLETE_23": null,
        "ALLOCATION_PCT_23": null,
        "Entry": 38889,
        "Year": 2025,
        "Record_Date": "2025-05-27",
        "Grantor": "CHIPMAN, STEPHEN M AKA CHIPMAN, STEPHEN MCKINNEY DEC CHIPMAN, ROSEMARIE S AKA CHIPMAN, ROSEMARIE SCHMIDT DEC CHIPMAN FAMILY TRUST 10-06-2003 THE CHIPMAN MARITAL TRUST 11-14-2004 THE CHIPMAN EXEMPTION TRUST 11-14-2004 THE AKA CHIPMAN EXCEMPTION TRUST 11-14-2004 THE",
        "Grantee": "SCHMIDT, HOWARD J TEE CHIPMAN MARITAL TRUST 11-14-2004 THE CHIPMAN EXEMPTION TRUST 11-14-2004 THE AKA CHIPMAN EXCEMPTION TRUST 11-14-2004 THE",
        "Tax_Address": "PO BOX 95410 SOUTH JORDAN, UT 84095",
        "Serial_Number": "13:050:0239",
        "Serial_Number_Available": "Yes",
        "Detail_URL": "https://www.utahcounty.gov/LandRecords/document.asp?avEntry=38889&avYear=2025",
        "Document_Type": "AF DC",
        "Shape_Length_12_13": 3722.6989197527105,
        "Shape_Area_12_13": 422706.95199882647,
        "DocType": "AFDC",
        "Shape_Length": 0.01067038665810129,
        "Shape_Area": 4.164274489897624e-06
      }
    },
    {
      "type": "Feature",
      "id": 5,
      "geometry": {
        "type": "Polygon",
        "coordinates": [
          [
            [
              -111.88158840499995,
              40.36753975400006
            ],
            [
              -111.88157648699996,
              40.366873299000076
            ],
            [
              -111.88029164799997,
              40.366873749000035
            ],
            [
              -111.88029082999998,
              40.36684738300005
            ],
            [
              -111.88023593799994,
              40.36684778700004
            ],
            [
              -111.88023464199995,
              40.36680600400007
            ],
            [
              -111.87691235599999,
              40.366830374000074
            ],
            [
              -111.87691650699998,
              40.367583790000026
            ],
            [
              -111.879069459,
              40.36756572500008
            ],
            [
              -111.88027697799998,
              40.36754511600003
            ],
            [
              -111.88158840499995,
              40.36753975400006
            ]
          ]
        ]
      },
      "properties": {
        "OBJECTID": 5,
        "Join_Count": 1,
        "TARGET_FID": 10798570,
        "PARCEL_NO": 130280111,
        "PARCELID": "130280111",
        "PARCELID_LABEL": "13:028:0111",
        "OWNER_NAME": "SOUTHWICK, MICHAEL V (ET AL)",
        "CARE_NAME": null,
        "ACREAGE": 7.906852,
        "SITE_FULL_ADDRESS": null,
        "SITE_HOUSE_NUM": null,
        "SITE_PRE_DIR": null,
        "SITE_STREET_NAME": null,
        "SITE_STREET_TYPE": null,
        "SITE_POST_DIR": null,
        "SITE_STREET_UNIT": null,
        "SITE_CITY": null,
        "SITE_STATE": null,
        "SITE_ZIP5": "84043",
        "OWN_FULL_ADDRESS": "478 N 300 W  LEHI, UT 84043-1751",
        "OWN_STREET_ADDRESS": "478 N 300 W",
        "OWN_CITY": "LEHI",
        "OWN_STATE": "UT",
        "OWN_ZIP5": "84043",
        "VESTING_DOC": "128845-2020 (MORE)",
        "PARCEL_CREATE_DATE": 1727740800000,
        "MAP_FILING_NO": null,
        "SUB_NAME": null,
        "LEGAL_DESCR": "COM N 1885.282 FT & W 1039.159 FT FR S 1/4 COR. SEC. 19, T5S, R1E, SLB&M.; N 89 DEG 56' 17\" E 365.52 FT; N 88 DEG 57' 54\" E 336.64 FT; N 89 DEG 36' 49\" E 600.1 FT; S 274.54 FT; S 89 DEG 41' 35\" W 926.03 FT; N 1 DEG 6' 58\" W 15.23 FT; S 89 DEG 41' 29\" W 15.3 FT; N 1 DEG 6' 59\" W 9.61 FT; N 89 DEG 46' 56\" W 358.11 FT; N 0 DEG 32' 23\" W 242.87 FT TO BEG. AREA 7.907 AC.",
        "BOOK_PAGE": 13028,
        "LOT": null,
        "BUILDING": null,
        "UNIT": null,
        "TAX_DISTRICT": "020",
        "TAX_DISTRICT_DESCR": "NORTH UT CO WT CONS S/A 6-7-8",
        "SCHOOL_DISTRICT": "ALPINE",
        "TAXABLE_CODE": 100,
        "ACCOUNT_TYPE": "RESIDENTIAL",
        "PROP_TYPE": 900,
        "PROP_TYPE_DESCR": "VACANT",
        "SPECIFIC_PROP_TYPE": 901,
        "SPC_PROP_TYP_DESCR": "Vac Res",
        "NEIGHBORHOOD": "101",
        "NBHD_DISTRICT": "115",
        "LAND_DISTRICT": 1041,
        "ECONOMIC_UNIT": null,
        "GLA_WEIGHTED_YRBLT": null,
        "TOTAL_ABOVE_GRADE_AREA": null,
        "TOTAL_MEZZANINE": null,
        "TOTAL_BASEMENT": null,
        "TOTAL_BSMT_FINISH": null,
        "TOTAL_UNIT_COUNT": null,
        "TOTAL_IMP_COUNT": null,
        "ASMT_YEAR": 2026,
        "ASMT_CODE": "V",
        "ASMT_CODE_DESCR": "VACANT",
        "MKT_LAND_VALUE": 1451800,
        "MKT_LAND_RES": 0,
        "MKT_LAND_AGR": 1451800,
        "MKT_LAND_COM": 0,
        "MKT_IMP_VALUE": 0,
        "MKT_IMP_RES": 0,
        "MKT_IMP_AGR": 0,
        "MKT_IMP_COM": 0,
        "MKT_CUR_VALUE": 1451800,
        "MKT_PRV_VAL": 1451800,
        "MKT_VAL_YR_CHG": 0,
        "MKT_PCT_CHG": 0,
        "TXBL_CUR_VALUE": 1970,
        "TXBL_PRV_VAL": 1970,
        "TXBL_VAL_YR_CHG": 0,
        "TXBL_PCT_CHG": 0,
        "TOT_CUR_TAXES": 0,
        "TOT_PRV_TAXES": 0,
        "TAXES_YR_CHG": 0,
        "TAXES_PCT_CHG": 0,
        "GREENBELT": "GB",
        "EXEMPT_RES": "N",
        "COMMON_AREA": null,
        "PUBLIC_ROAD": null,
        "PRIVATE_ROAD": null,
        "PART_CENTRAL_ASSD": null,
        "PART_TAXABLE": null,
        "IMP_NO_RES": null,
        "COST_GROUP_RES": null,
        "STYLE_DESCR_RES": null,
        "QUALITY_RES": null,
        "QUALITY_DESCR_RES": null,
        "CONDITION_RES": null,
        "CONDITION_DESCR_RES": null,
        "YEARBLT_RES": null,
        "GLA_RES": null,
        "BASEMENT_RES": null,
        "BSMT_FINISH_RES": null,
        "ATT_GARAGE_SQFT_RES": null,
        "BATHROOMS_RES": null,
        "GLA_BEDROOMS_RES": null,
        "EXTERIOR_RES": null,
        "ALLOCATION_PCT_RES": null,
        "TRAV_COUNT": 1,
        "LASTUPDATE": null,
        "CREATED_DATE": 1727797301000,
        "LAST_EDITED_DATE": 1727797301000,
        "GLOBALID": "{CD2C0A04-12D4-4044-A653-4218BD71FF8A}",
        "Join_Count_12": 1,
        "TARGET_FID_12": 283,
        "Code": null,
        "Desc_Cleaned": "Low Density Residential",
        "Description": "Very Low Density Residential Agriculture",
        "City": "Lehi",
        "Description_detailed": null,
        "Desc": "Very Low Density Residential Agriculture",
        "Acres": 165.45221,
        "CityLU": null,
        "Unit_Rate": null,
        "Parcel_Area": 31997,
        "PctDeveloped": null,
        "Slope_Score": 10,
        "GP_Score": 9,
        "Ownership_Type": "Private",
        "Ownership_Score": 10,
        "Wetlands_Score": 0,
        "Municipality_Score": 0,
        "Final_Score": 7.65,
        "OBJECTID_12": 283,
        "Join_Count_12_13": 0,
        "TARGET_FID_12_13": 283,
        "Area": null,
        "Shape_Length_12": null,
        "Shape_Area_12": null,
        "STATUS": " ",
        "CARTOCODE": "10",
        "FULLNAME": "9150 W",
        "FROMADDR_L": 7351,
        "TOADDR_L": 7749,
        "FROMADDR_R": 7350,
        "TOADDR_R": 7748,
        "PARITY_L": " ",
        "PARITY_R": " ",
        "PREDIR": "N",
        "NAME": "9150",
        "POSTTYPE": " ",
        "POSTDIR": "W",
        "AN_NAME": " ",
        "AN_POSTDIR": " ",
        "A1_PREDIR": " ",
        "A1_NAME": " ",
        "A1_POSTTYP": " ",
        "A1_POSTDIR": " ",
        "A2_PREDIR": " ",
        "A2_NAME": " ",
        "A2_POSTTYP": " ",
        "A2_POSTDIR": " ",
        "QUADRANT_L": "NW",
        "QUADRANT_R": "SW",
        "STATE_L": "UT",
        "STATE_R": "UT",
        "COUNTY_L": "49049",
        "COUNTY_R": "49049",
        "ADDRSYS_L": "Provo",
        "ADDRSYS_R": "Lehi",
        "POSTCOMM_L": "LEHI",
        "POSTCOMM_R": "LEHI",
        "ZIPCODE_L": "84043",
        "ZIPCODE_R": "84043",
        "INCMUNI_L": "LEHI",
        "INCMUNI_R": "LEHI",
        "UNINCCOM_L": " ",
        "UNINCCOM_R": " ",
        "NBRHDCOM_L": " ",
        "NBRHDCOM_R": " ",
        "ER_CAD_ZON": " ",
        "ESN_L": " ",
        "ESN_R": " ",
        "MSAGCOMM_L": " ",
        "MSAGCOMM_R": " ",
        "ONEWAY": "0",
        "VERT_LEVEL": "0",
        "SPEED_LMT": 25,
        "ACCESSCODE": " ",
        "DOT_HWYNAM": " ",
        "DOT_RTNAME": "2929P",
        "DOT_RTPART": "1",
        "DOT_F_MILE": 0,
        "DOT_T_MILE": 0,
        "DOT_FCLASS": " ",
        "DOT_SRFTYP": " ",
        "DOT_CLASS": "A",
        "DOT_OWN_L": "MU Lehi",
        "DOT_OWN_R": "MU Lehi",
        "DOT_AADT": 0,
        "DOT_AADTYR": " ",
        "DOT_THRULA": 0,
        "BIKE_L": " ",
        "BIKE_R": " ",
        "UNIQUE_ID": "12TVK25566905_9150",
        "LOCAL_UID": " ",
        "UTAHRD_UID": " ",
        "SOURCE": " ",
        "UPDATED": 1477526400000,
        "EFFECTIVE": null,
        "EXPIRE": null,
        "CUSTOMTAGS": " ",
        "Shape_STLe": 814.817810553,
        "START_ELEV": 1371.10498046875,
        "END_ELEV": 1374.5213623046875,
        "STEL_FT": 4498.376064121094,
        "ENDEL_FT": 4509.584666303711,
        "ELEV_CHANGE": 11.208602182617142,
        "SLOPE": 0.4191676827787814,
        "IMP_NO_12": null,
        "USE_CODE_12": null,
        "USE_CODE_DESCR_12": null,
        "COST_CLASS_DESCR_12": null,
        "EXTERIOR_WALL_12": null,
        "ABOVE_GRADE_AREA_12": null,
        "MEZZANINE_12": null,
        "BASEMENT_12": null,
        "BSMT_FINISH_12": null,
        "BSMT_UNFINISH_12": null,
        "QUALITY_DESCR_12": null,
        "CONDITION_12": null,
        "CONDITION_DESCR_12": null,
        "YEAR_BUILT_12": null,
        "UNIT_COUNT_12": null,
        "PCT_COMPLETE_12": null,
        "ALLOCATION_PCT_12": null,
        "IMP_NO_23": null,
        "USE_CODE_23": null,
        "USE_CODE_DESCR_23": null,
        "COST_CLASS_DESCR_23": null,
        "EXTERIOR_WALL_23": null,
        "ABOVE_GRADE_AREA_23": null,
        "MEZZANINE_23": null,
        "BASEMENT_23": null,
        "BSMT_FINISH_23": null,
        "BSMT_UNFINISH_23": null,
        "QUALITY_DESCR_23": null,
        "CONDITION_23": null,
        "CONDITION_DESCR_23": null,
        "YEAR_BUILT_23": null,
        "UNIT_COUNT_23": null,
        "PCT_COMPLETE_23": null,
        "ALLOCATION_PCT_23": null,
        "Entry": 15039,
        "Year": 2025,
        "Record_Date": "2025-03-03",
        "Grantor": "SOUTHWICK, SHIRLEY YVONNE WEBB AKA SOUTHWICK, SHIRLEY W DEC SOUTHWICK LIVING TRUST 07-09-2020 THE",
        "Grantee": "SOUTHWICK, MICHAEL V SUCTEE SOUTHWICK LIVING TRUST 07-09-2020 THE",
        "Tax_Address": "478 N 300 W LEHI, UT 84043-1751",
        "Serial_Number": "13:028:0111",
        "Serial_Number_Available": "Yes",
        "Detail_URL": "https://www.utahcounty.gov/LandRecords/document.asp?avEntry=15039&avYear=2025",
        "Document_Type": "AF DC",
        "Shape_Length_12_13": 3143.0740270484202,
        "Shape_Area_12_13": 344416.540222927,
        "DocType": "AFDC",
        "Shape_Length": 0.010822439321553877,
        "Shape_Area": 3.3931024370181536e-06
      }
    },
    {
      "type": "Feature",
      "id": 6,
      "geometry": {
        "type": "Polygon",
        "coordinates": [
          [
            [
              -111.79534737099999,
              40.362591234000035
            ],
            [
              -111.79534740999998,
              40.36259128200004
            ],
            [
              -111.79534759299997,
              40.363438150000036
            ],
            [
              -111.79610363799998,
              40.36419228700004
            ],
            [
              -111.79750108599995,
              40.36565379900003
            ],
            [
              -111.79900658499997,
              40.367155353000044
            ],
            [
              -111.79901493899996,
              40.36635686600005
            ],
            [
              -111.79901718199994,
              40.36514681700004
            ],
            [
              -111.79902047899998,
              40.36311037200005
            ],
            [
              -111.79900740499994,
              40.36249913100005
            ],
            [
              -111.79901148099998,
              40.36195422800006
            ],
            [
              -111.79883806899994,
              40.36192599200007
            ],
            [
              -111.79827082099996,
              40.360927325000034
            ],
            [
              -111.79828202099998,
              40.359719691000066
            ],
            [
              -111.79534674599995,
              40.359696007000025
            ],
            [
              -111.79534737099999,
              40.362591234000035
            ]
          ]
        ]
      },
      "properties": {
        "OBJECTID": 6,
        "Join_Count": 1,
        "TARGET_FID": 10798830,
        "PARCEL_NO": 130660041,
        "PARCELID": "130660041",
        "PARCELID_LABEL": "13:066:0041",
        "OWNER_NAME": "BLACKHURST, PHARIS C & PAMELA F (ET AL)",
        "CARE_NAME": null,
        "ACREAGE": 44.693134,
        "SITE_FULL_ADDRESS": "7405 N 5750 WEST, AMERICAN FORK DISTR, UT",
        "SITE_HOUSE_NUM": "7405",
        "SITE_PRE_DIR": "N",
        "SITE_STREET_NAME": "5750 WEST",
        "SITE_STREET_TYPE": null,
        "SITE_POST_DIR": null,
        "SITE_STREET_UNIT": null,
        "SITE_CITY": "AMERICAN FORK DISTR",
        "SITE_STATE": "UT",
        "SITE_ZIP5": "84043",
        "OWN_FULL_ADDRESS": "18 E 510 S  AMERICAN FORK, UT 84003-2469",
        "OWN_STREET_ADDRESS": "18 E 510 S",
        "OWN_CITY": "AMERICAN FORK",
        "OWN_STATE": "UT",
        "OWN_ZIP5": "84003",
        "VESTING_DOC": "39281-2013",
        "PARCEL_CREATE_DATE": 1369785600000,
        "MAP_FILING_NO": null,
        "SUB_NAME": null,
        "LEGAL_DESCR": "COM N 89 DEG 48' 4\" W 926.23 FT FR SE COR. SEC. 23, T5S, R1E, SLB&M.; S 0 DEG 10' 47\" W 1054.99 FT; N 89 DEG 12' 20\" W 818.25 FT; N 0 DEG 35' 51\" E 440.06 FT; N 23 DEG 17' 37\" W 396.77 FT; N 77 DEG 47' 31\" W 49.42 FT; N 0 DEG 31' 10\" E 198.56 FT; N 0 DEG 44' 45\" W 222.76 FT; N 0 DEG 15' 45\" E 742.06 FT; N 0 DEG 16' 22\" E 440.93 FT; N 0 DEG 39' 0\" E 290.97 FT; S 37 DEG 17' 38\" E 689.53 FT; S 35 DEG 59' 28\" E 659.8 FT; S 37 DEG 17' 38\" E 346.3 FT; S 0 DEG 10' 47\" W 308.59 FT TO BEG. AREA 44.693 AC.",
        "BOOK_PAGE": 13066,
        "LOT": null,
        "BUILDING": null,
        "UNIT": null,
        "TAX_DISTRICT": "020",
        "TAX_DISTRICT_DESCR": "NORTH UT CO WT CONS S/A 6-7-8",
        "SCHOOL_DISTRICT": "ALPINE",
        "TAXABLE_CODE": 100,
        "ACCOUNT_TYPE": "RESIDENTIAL",
        "PROP_TYPE": 111,
        "PROP_TYPE_DESCR": "SINGLE FAMILY RES",
        "SPECIFIC_PROP_TYPE": 111,
        "SPC_PROP_TYP_DESCR": "Single Family Res",
        "NEIGHBORHOOD": "102",
        "NBHD_DISTRICT": "309",
        "LAND_DISTRICT": 8029,
        "ECONOMIC_UNIT": null,
        "GLA_WEIGHTED_YRBLT": 1988.8,
        "TOTAL_ABOVE_GRADE_AREA": 13604,
        "TOTAL_MEZZANINE": 0,
        "TOTAL_BASEMENT": 2063,
        "TOTAL_BSMT_FINISH": 2063,
        "TOTAL_UNIT_COUNT": 1,
        "TOTAL_IMP_COUNT": 4,
        "ASMT_YEAR": 2026,
        "ASMT_CODE": "MRAB",
        "ASMT_CODE_DESCR": "MULTIPLE RES + AG > 1 ACRE",
        "MKT_LAND_VALUE": 7557100,
        "MKT_LAND_RES": 285400,
        "MKT_LAND_AGR": 7271700,
        "MKT_LAND_COM": 0,
        "MKT_IMP_VALUE": 443100,
        "MKT_IMP_RES": 416200,
        "MKT_IMP_AGR": 26900,
        "MKT_IMP_COM": 0,
        "MKT_CUR_VALUE": 8000200,
        "MKT_PRV_VAL": 8000200,
        "MKT_VAL_YR_CHG": 0,
        "MKT_PCT_CHG": 0,
        "TXBL_CUR_VALUE": 359421,
        "TXBL_PRV_VAL": 359421,
        "TXBL_VAL_YR_CHG": 0,
        "TXBL_PCT_CHG": 0,
        "TOT_CUR_TAXES": 0,
        "TOT_PRV_TAXES": 0,
        "TAXES_YR_CHG": 0,
        "TAXES_PCT_CHG": 0,
        "GREENBELT": "GB",
        "EXEMPT_RES": "Y",
        "COMMON_AREA": null,
        "PUBLIC_ROAD": null,
        "PRIVATE_ROAD": null,
        "PART_CENTRAL_ASSD": null,
        "PART_TAXABLE": null,
        "IMP_NO_RES": 35591,
        "COST_GROUP_RES": "SFR",
        "STYLE_DESCR_RES": "One Story",
        "QUALITY_RES": 3,
        "QUALITY_DESCR_RES": "Average",
        "CONDITION_RES": 3,
        "CONDITION_DESCR_RES": "Average",
        "YEARBLT_RES": 1966,
        "GLA_RES": 2063,
        "BASEMENT_RES": 2063,
        "BSMT_FINISH_RES": 2063,
        "ATT_GARAGE_SQFT_RES": 651,
        "BATHROOMS_RES": 2.5,
        "GLA_BEDROOMS_RES": 2,
        "EXTERIOR_RES": "Masonry Veneer",
        "ALLOCATION_PCT_RES": null,
        "TRAV_COUNT": 1,
        "LASTUPDATE": null,
        "CREATED_DATE": 1712330344000,
        "LAST_EDITED_DATE": 1712330533000,
        "GLOBALID": "{7FD84E4D-C476-426F-BA1A-67293C9990B1}",
        "Join_Count_12": 1,
        "TARGET_FID_12": 309,
        "Code": null,
        "Desc_Cleaned": "Low Density Residential",
        "Description": "Residential - Low Density",
        "City": "American Fork",
        "Description_detailed": "Residential Single-Family",
        "Desc": null,
        "Acres": null,
        "CityLU": null,
        "Unit_Rate": null,
        "Parcel_Area": 180868,
        "PctDeveloped": 0,
        "Slope_Score": 10,
        "GP_Score": 9,
        "Ownership_Type": "Private",
        "Ownership_Score": 10,
        "Wetlands_Score": 0,
        "Municipality_Score": 10,
        "Final_Score": 8.65,
        "OBJECTID_12": 309,
        "Join_Count_12_13": 4,
        "TARGET_FID_12_13": 309,
        "Area": 329,
        "Shape_Length_12": 283.9842707559206,
        "Shape_Area_12": 3543.803444105856,
        "STATUS": " ",
        "CARTOCODE": "10",
        "FULLNAME": "5750 W",
        "FROMADDR_L": 6801,
        "TOADDR_L": 7299,
        "FROMADDR_R": 6800,
        "TOADDR_R": 7298,
        "PARITY_L": " ",
        "PARITY_R": " ",
        "PREDIR": "N",
        "NAME": "5750",
        "POSTTYPE": " ",
        "POSTDIR": "W",
        "AN_NAME": " ",
        "AN_POSTDIR": " ",
        "A1_PREDIR": " ",
        "A1_NAME": " ",
        "A1_POSTTYP": " ",
        "A1_POSTDIR": " ",
        "A2_PREDIR": " ",
        "A2_NAME": " ",
        "A2_POSTTYP": " ",
        "A2_POSTDIR": " ",
        "QUADRANT_L": "NW",
        "QUADRANT_R": "NW",
        "STATE_L": "UT",
        "STATE_R": "UT",
        "COUNTY_L": "49049",
        "COUNTY_R": "49049",
        "ADDRSYS_L": "Provo",
        "ADDRSYS_R": "Provo",
        "POSTCOMM_L": "AMERICAN FORK",
        "POSTCOMM_R": "AMERICAN FORK",
        "ZIPCODE_L": "84003",
        "ZIPCODE_R": "84003",
        "INCMUNI_L": " ",
        "INCMUNI_R": " ",
        "UNINCCOM_L": " ",
        "UNINCCOM_R": " ",
        "NBRHDCOM_L": " ",
        "NBRHDCOM_R": " ",
        "ER_CAD_ZON": " ",
        "ESN_L": " ",
        "ESN_R": " ",
        "MSAGCOMM_L": " ",
        "MSAGCOMM_R": " ",
        "ONEWAY": "0",
        "VERT_LEVEL": "0",
        "SPEED_LMT": 25,
        "ACCESSCODE": " ",
        "DOT_HWYNAM": " ",
        "DOT_RTNAME": "2939P",
        "DOT_RTPART": "1",
        "DOT_F_MILE": 0,
        "DOT_T_MILE": 0,
        "DOT_FCLASS": " ",
        "DOT_SRFTYP": " ",
        "DOT_CLASS": "A",
        "DOT_OWN_L": "CO Utah",
        "DOT_OWN_R": "CO Utah",
        "DOT_AADT": 0,
        "DOT_AADTYR": " ",
        "DOT_THRULA": 0,
        "BIKE_L": " ",
        "BIKE_R": " ",
        "UNIQUE_ID": "12TVK558140027_5750",
        "LOCAL_UID": " ",
        "UTAHRD_UID": " ",
        "SOURCE": " ",
        "UPDATED": 1510876800000,
        "EFFECTIVE": null,
        "EXPIRE": null,
        "CUSTOMTAGS": " ",
        "Shape_STLe": 817.069622248,
        "START_ELEV": 1379.1094970703125,
        "END_ELEV": 1387.524658203125,
        "STEL_FT": 4524.637602368164,
        "ENDEL_FT": 4552.246399619141,
        "ELEV_CHANGE": 27.60879725097675,
        "SLOPE": 1.0296285070626432,
        "IMP_NO_12": null,
        "USE_CODE_12": null,
        "USE_CODE_DESCR_12": null,
        "COST_CLASS_DESCR_12": null,
        "EXTERIOR_WALL_12": null,
        "ABOVE_GRADE_AREA_12": null,
        "MEZZANINE_12": null,
        "BASEMENT_12": null,
        "BSMT_FINISH_12": null,
        "BSMT_UNFINISH_12": null,
        "QUALITY_DESCR_12": null,
        "CONDITION_12": null,
        "CONDITION_DESCR_12": null,
        "YEAR_BUILT_12": null,
        "UNIT_COUNT_12": null,
        "PCT_COMPLETE_12": null,
        "ALLOCATION_PCT_12": null,
        "IMP_NO_23": null,
        "USE_CODE_23": null,
        "USE_CODE_DESCR_23": null,
        "COST_CLASS_DESCR_23": null,
        "EXTERIOR_WALL_23": null,
        "ABOVE_GRADE_AREA_23": null,
        "MEZZANINE_23": null,
        "BASEMENT_23": null,
        "BSMT_FINISH_23": null,
        "BSMT_UNFINISH_23": null,
        "QUALITY_DESCR_23": null,
        "CONDITION_23": null,
        "CONDITION_DESCR_23": null,
        "YEAR_BUILT_23": null,
        "UNIT_COUNT_23": null,
        "PCT_COMPLETE_23": null,
        "ALLOCATION_PCT_23": null,
        "Entry": 38889,
        "Year": 2025,
        "Record_Date": "2025-05-27",
        "Grantor": "CHIPMAN, STEPHEN M AKA CHIPMAN, STEPHEN MCKINNEY DEC CHIPMAN, ROSEMARIE S AKA CHIPMAN, ROSEMARIE SCHMIDT DEC CHIPMAN FAMILY TRUST 10-06-2003 THE CHIPMAN MARITAL TRUST 11-14-2004 THE CHIPMAN EXEMPTION TRUST 11-14-2004 THE AKA CHIPMAN EXCEMPTION TRUST 11-14-2004 THE",
        "Grantee": "SCHMIDT, HOWARD J TEE CHIPMAN MARITAL TRUST 11-14-2004 THE CHIPMAN EXEMPTION TRUST 11-14-2004 THE AKA CHIPMAN EXCEMPTION TRUST 11-14-2004 THE",
        "Tax_Address": "PO BOX 95410 SOUTH JORDAN, UT 84095",
        "Serial_Number": "13:050:0239",
        "Serial_Number_Available": "Yes",
        "Detail_URL": "https://www.utahcounty.gov/LandRecords/document.asp?avEntry=38889&avYear=2025",
        "Document_Type": "AF DC",
        "Shape_Length_12_13": 3722.6989197527105,
        "Shape_Area_12_13": 422706.95199882647,
        "DocType": "AFDC",
        "Shape_Length": 0.01962702875472456,
        "Shape_Area": 1.9178443543149063e-05
      }
    },
    {
      "type": "Feature",
      "id": 7,
      "geometry": {
        "type": "Polygon",
        "coordinates": [
          [
            [
              -111.80132984299996,
              40.362093482000034
            ],
            [
              -111.80132982999999,
              40.36209349000006
            ],
            [
              -111.79902125699999,
              40.362099416000035
            ],
            [
              -111.79902570199994,
              40.36311649900006
            ],
            [
              -111.79948034299997,
              40.36312172300006
            ],
            [
              -111.80001920299998,
              40.36312632900007
            ],
            [
              -111.80001923599997,
              40.36311826000008
            ],
            [
              -111.80100124299997,
              40.36312666600003
            ],
            [
              -111.80133194699994,
              40.36313315600006
            ],
            [
              -111.80133442199997,
              40.363133205000054
            ],
            [
              -111.80133203699995,
              40.36259156800003
            ],
            [
              -111.80132984299996,
              40.362093482000034
            ]
          ]
        ]
      },
      "properties": {
        "OBJECTID": 7,
        "Join_Count": 1,
        "TARGET_FID": 10799281,
        "PARCEL_NO": 130500262,
        "PARCELID": "130500262",
        "PARCELID_LABEL": "13:050:0262",
        "OWNER_NAME": "AMERICAN FORK CITY INC",
        "CARE_NAME": null,
        "ACREAGE": 5.52426,
        "SITE_FULL_ADDRESS": null,
        "SITE_HOUSE_NUM": null,
        "SITE_PRE_DIR": null,
        "SITE_STREET_NAME": null,
        "SITE_STREET_TYPE": null,
        "SITE_POST_DIR": null,
        "SITE_STREET_UNIT": null,
        "SITE_CITY": null,
        "SITE_STATE": null,
        "SITE_ZIP5": "84003",
        "OWN_FULL_ADDRESS": "51 E MAIN ST  AMERICAN FORK, UT 84003-2381",
        "OWN_STREET_ADDRESS": "51 E MAIN ST",
        "OWN_CITY": "AMERICAN FORK",
        "OWN_STATE": "UT",
        "OWN_ZIP5": "84003",
        "VESTING_DOC": "68860-2023",
        "PARCEL_CREATE_DATE": 1698019200000,
        "MAP_FILING_NO": null,
        "SUB_NAME": null,
        "LEGAL_DESCR": "COM S 181.5 FT & E 66 FT FR S 1/4 COR. SEC. 23, T5S, R1E, SLB&M.; N 181.5 FT; N 197.37 FT; S 88 DEG 20' 15\" E .69 FT; S 88 DEG 20' 15\" E 92.21 FT; S 89 DEG 9' 59\" E 273.74 FT; N 0 DEG 22' 2\" E 2.94 FT; S 89 DEG 10' 4\" E 150.21 FT; S 88 DEG 56' 52\" E 126.74 FT; S 370.62 FT; W 643.5 FT TO BEG. AREA 5.524 AC.",
        "BOOK_PAGE": 13050,
        "LOT": null,
        "BUILDING": null,
        "UNIT": null,
        "TAX_DISTRICT": "020",
        "TAX_DISTRICT_DESCR": "NORTH UT CO WT CONS S/A 6-7-8",
        "SCHOOL_DISTRICT": "ALPINE",
        "TAXABLE_CODE": 100,
        "ACCOUNT_TYPE": "RESIDENTIAL",
        "PROP_TYPE": 900,
        "PROP_TYPE_DESCR": "VACANT",
        "SPECIFIC_PROP_TYPE": 902,
        "SPC_PROP_TYP_DESCR": "Vac Res w/Det",
        "NEIGHBORHOOD": "102",
        "NBHD_DISTRICT": "309",
        "LAND_DISTRICT": 8029,
        "ECONOMIC_UNIT": null,
        "GLA_WEIGHTED_YRBLT": 1991,
        "TOTAL_ABOVE_GRADE_AREA": 432,
        "TOTAL_MEZZANINE": 0,
        "TOTAL_BASEMENT": 0,
        "TOTAL_BSMT_FINISH": 0,
        "TOTAL_UNIT_COUNT": null,
        "TOTAL_IMP_COUNT": 1,
        "ASMT_YEAR": 2026,
        "ASMT_CODE": "A",
        "ASMT_CODE_DESCR": "AGRICULTURAL",
        "MKT_LAND_VALUE": 754000,
        "MKT_LAND_RES": 0,
        "MKT_LAND_AGR": 754000,
        "MKT_LAND_COM": 0,
        "MKT_IMP_VALUE": 3100,
        "MKT_IMP_RES": 0,
        "MKT_IMP_AGR": 3100,
        "MKT_IMP_COM": 0,
        "MKT_CUR_VALUE": 757100,
        "MKT_PRV_VAL": 757100,
        "MKT_VAL_YR_CHG": 0,
        "MKT_PCT_CHG": 0,
        "TXBL_CUR_VALUE": 757100,
        "TXBL_PRV_VAL": 757100,
        "TXBL_VAL_YR_CHG": 0,
        "TXBL_PCT_CHG": 0,
        "TOT_CUR_TAXES": 0,
        "TOT_PRV_TAXES": 0,
        "TAXES_YR_CHG": 0,
        "TAXES_PCT_CHG": 0,
        "GREENBELT": null,
        "EXEMPT_RES": "N",
        "COMMON_AREA": null,
        "PUBLIC_ROAD": null,
        "PRIVATE_ROAD": null,
        "PART_CENTRAL_ASSD": null,
        "PART_TAXABLE": null,
        "IMP_NO_RES": null,
        "COST_GROUP_RES": null,
        "STYLE_DESCR_RES": null,
        "QUALITY_RES": null,
        "QUALITY_DESCR_RES": null,
        "CONDITION_RES": null,
        "CONDITION_DESCR_RES": null,
        "YEARBLT_RES": null,
        "GLA_RES": null,
        "BASEMENT_RES": null,
        "BSMT_FINISH_RES": null,
        "ATT_GARAGE_SQFT_RES": null,
        "BATHROOMS_RES": null,
        "GLA_BEDROOMS_RES": null,
        "EXTERIOR_RES": null,
        "ALLOCATION_PCT_RES": null,
        "TRAV_COUNT": 1,
        "LASTUPDATE": null,
        "CREATED_DATE": 1712330344000,
        "LAST_EDITED_DATE": 1712330533000,
        "GLOBALID": "{A99EC373-D759-4D75-A3A6-A56A8C2C9B2F}",
        "Join_Count_12": 1,
        "TARGET_FID_12": 330,
        "Code": null,
        "Desc_Cleaned": "Low Density Residential",
        "Description": "Residential - Low Density",
        "City": "American Fork",
        "Description_detailed": "Residential Single-Family",
        "Desc": null,
        "Acres": null,
        "CityLU": null,
        "Unit_Rate": null,
        "Parcel_Area": 22356,
        "PctDeveloped": 0,
        "Slope_Score": 10,
        "GP_Score": 9,
        "Ownership_Type": "Government",
        "Ownership_Score": 0,
        "Wetlands_Score": 0,
        "Municipality_Score": 10,
        "Final_Score": 5.65,
        "OBJECTID_12": 330,
        "Join_Count_12_13": 1,
        "TARGET_FID_12_13": 330,
        "Area": 64,
        "Shape_Length_12": 111.8009575009346,
        "Shape_Area_12": 689.2344303764453,
        "STATUS": " ",
        "CARTOCODE": "8",
        "FULLNAME": "100 W",
        "FROMADDR_L": 511,
        "TOADDR_L": 699,
        "FROMADDR_R": 510,
        "TOADDR_R": 698,
        "PARITY_L": " ",
        "PARITY_R": " ",
        "PREDIR": "S",
        "NAME": "100",
        "POSTTYPE": " ",
        "POSTDIR": "W",
        "AN_NAME": " ",
        "AN_POSTDIR": " ",
        "A1_PREDIR": " ",
        "A1_NAME": " ",
        "A1_POSTTYP": " ",
        "A1_POSTDIR": " ",
        "A2_PREDIR": " ",
        "A2_NAME": " ",
        "A2_POSTTYP": " ",
        "A2_POSTDIR": " ",
        "QUADRANT_L": "SW",
        "QUADRANT_R": "SW",
        "STATE_L": "UT",
        "STATE_R": "UT",
        "COUNTY_L": "49049",
        "COUNTY_R": "49049",
        "ADDRSYS_L": "American Fork",
        "ADDRSYS_R": "American Fork",
        "POSTCOMM_L": "AMERICAN FORK",
        "POSTCOMM_R": "AMERICAN FORK",
        "ZIPCODE_L": "84003",
        "ZIPCODE_R": "84003",
        "INCMUNI_L": "AMERICAN FORK",
        "INCMUNI_R": "AMERICAN FORK",
        "UNINCCOM_L": " ",
        "UNINCCOM_R": " ",
        "NBRHDCOM_L": " ",
        "NBRHDCOM_R": " ",
        "ER_CAD_ZON": " ",
        "ESN_L": " ",
        "ESN_R": " ",
        "MSAGCOMM_L": " ",
        "MSAGCOMM_R": " ",
        "ONEWAY": "0",
        "VERT_LEVEL": "0",
        "SPEED_LMT": 25,
        "ACCESSCODE": " ",
        "DOT_HWYNAM": " ",
        "DOT_RTNAME": " ",
        "DOT_RTPART": " ",
        "DOT_F_MILE": 0,
        "DOT_T_MILE": 0,
        "DOT_FCLASS": " ",
        "DOT_SRFTYP": " ",
        "DOT_CLASS": "C",
        "DOT_OWN_L": "MU American Fork",
        "DOT_OWN_R": "MU American Fork",
        "DOT_AADT": 0,
        "DOT_AADTYR": " ",
        "DOT_THRULA": 0,
        "BIKE_L": " ",
        "BIKE_R": " ",
        "UNIQUE_ID": "12TVK31956850_100_W",
        "LOCAL_UID": " ",
        "UTAHRD_UID": " ",
        "SOURCE": " ",
        "UPDATED": 1486425600000,
        "EFFECTIVE": null,
        "EXPIRE": null,
        "CUSTOMTAGS": " ",
        "Shape_STLe": 390.072468447,
        "START_ELEV": 1387.7008056640625,
        "END_ELEV": 1383.9803466796875,
        "STEL_FT": 4552.824311254883,
        "ENDEL_FT": 4540.618080600586,
        "ELEV_CHANGE": 12.206230654296633,
        "SLOPE": 0.9535172663662446,
        "IMP_NO_12": null,
        "USE_CODE_12": null,
        "USE_CODE_DESCR_12": null,
        "COST_CLASS_DESCR_12": null,
        "EXTERIOR_WALL_12": null,
        "ABOVE_GRADE_AREA_12": null,
        "MEZZANINE_12": null,
        "BASEMENT_12": null,
        "BSMT_FINISH_12": null,
        "BSMT_UNFINISH_12": null,
        "QUALITY_DESCR_12": null,
        "CONDITION_12": null,
        "CONDITION_DESCR_12": null,
        "YEAR_BUILT_12": null,
        "UNIT_COUNT_12": null,
        "PCT_COMPLETE_12": null,
        "ALLOCATION_PCT_12": null,
        "IMP_NO_23": null,
        "USE_CODE_23": null,
        "USE_CODE_DESCR_23": null,
        "COST_CLASS_DESCR_23": null,
        "EXTERIOR_WALL_23": null,
        "ABOVE_GRADE_AREA_23": null,
        "MEZZANINE_23": null,
        "BASEMENT_23": null,
        "BSMT_FINISH_23": null,
        "BSMT_UNFINISH_23": null,
        "QUALITY_DESCR_23": null,
        "CONDITION_23": null,
        "CONDITION_DESCR_23": null,
        "YEAR_BUILT_23": null,
        "UNIT_COUNT_23": null,
        "PCT_COMPLETE_23": null,
        "ALLOCATION_PCT_23": null,
        "Entry": 38889,
        "Year": 2025,
        "Record_Date": "2025-05-27",
        "Grantor": "CHIPMAN, STEPHEN M AKA CHIPMAN, STEPHEN MCKINNEY DEC CHIPMAN, ROSEMARIE S AKA CHIPMAN, ROSEMARIE SCHMIDT DEC CHIPMAN FAMILY TRUST 10-06-2003 THE CHIPMAN MARITAL TRUST 11-14-2004 THE CHIPMAN EXEMPTION TRUST 11-14-2004 THE AKA CHIPMAN EXCEMPTION TRUST 11-14-2004 THE",
        "Grantee": "SCHMIDT, HOWARD J TEE CHIPMAN MARITAL TRUST 11-14-2004 THE CHIPMAN EXEMPTION TRUST 11-14-2004 THE AKA CHIPMAN EXCEMPTION TRUST 11-14-2004 THE",
        "Tax_Address": "PO BOX 95410 SOUTH JORDAN, UT 84095",
        "Serial_Number": "13:050:0239",
        "Serial_Number_Available": "Yes",
        "Detail_URL": "https://www.utahcounty.gov/LandRecords/document.asp?avEntry=38889&avYear=2025",
        "Document_Type": "AF DC",
        "Shape_Length_12_13": 3722.6989197527105,
        "Shape_Area_12_13": 422706.95199882647,
        "DocType": "AFDC",
        "Shape_Length": 0.006682327569111546,
        "Shape_Area": 2.3704847351089147e-06
      }
    },
    {
      "type": "Feature",
      "id": 8,
      "geometry": {
        "type": "Polygon",
        "coordinates": [
          [
            [
              -111.74594726399994,
              40.294577580000066
            ],
            [
              -111.74650350999997,
              40.294546241000035
            ],
            [
              -111.74672440599994,
              40.294541597000034
            ],
            [
              -111.74679334299998,
              40.29452658900004
            ],
            [
              -111.74705001899997,
              40.29441210500005
            ],
            [
              -111.74713229599996,
              40.29430934800007
            ],
            [
              -111.74750552599994,
              40.29415589200005
            ],
            [
              -111.74790523099995,
              40.294108195000035
            ],
            [
              -111.74813378099998,
              40.29386881600004
            ],
            [
              -111.74842796999997,
              40.29345419200007
            ],
            [
              -111.74842647599996,
              40.293042427000046
            ],
            [
              -111.74860546899998,
              40.29285563900004
            ],
            [
              -111.74874829199996,
              40.292589692000035
            ],
            [
              -111.74898161599998,
              40.292381342000056
            ],
            [
              -111.74932813999999,
              40.292226809000056
            ],
            [
              -111.74963178699994,
              40.29203604700007
            ],
            [
              -111.74702531999998,
              40.29204037900007
            ],
            [
              -111.74704216999999,
              40.29201412300006
            ],
            [
              -111.74706515723818,
              40.29197435831249
            ],
            [
              -111.74708340040016,
              40.29193220584473
            ],
            [
              -111.74709665555912,
              40.29188822921163
            ],
            [
              -111.74710474548212,
              40.29184301641872
            ],
            [
              -111.74710756199994,
              40.29179717200003
            ],
            [
              -111.74710483299998,
              40.29111807900006
            ],
            [
              -111.74399759899995,
              40.29112536100007
            ],
            [
              -111.74437284999999,
              40.29157050100008
            ],
            [
              -111.74455131599996,
              40.291758669000046
            ],
            [
              -111.74411155899998,
              40.292003237000074
            ],
            [
              -111.74420521599995,
              40.292101984000055
            ],
            [
              -111.74604282599995,
              40.292098114000055
            ],
            [
              -111.74604493799995,
              40.29268400900003
            ],
            [
              -111.74696701299996,
              40.29268205600005
            ],
            [
              -111.74696944299995,
              40.29336559600006
            ],
            [
              -111.74662208799998,
              40.293366957000046
            ],
            [
              -111.74663574799996,
              40.29395756300005
            ],
            [
              -111.74563785399994,
              40.293942998000034
            ],
            [
              -111.74594726399994,
              40.294577580000066
            ]
          ]
        ]
      },
      "properties": {
        "OBJECTID": 8,
        "Join_Count": 1,
        "TARGET_FID": 10805727,
        "PARCEL_NO": 180150130,
        "PARCELID": "180150130",
        "PARCELID_LABEL": "18:015:0130",
        "OWNER_NAME": "VINEYARD HOMESTEADS POD 11 LLC",
        "CARE_NAME": null,
        "ACREAGE": 17.83811,
        "SITE_FULL_ADDRESS": null,
        "SITE_HOUSE_NUM": null,
        "SITE_PRE_DIR": null,
        "SITE_STREET_NAME": null,
        "SITE_STREET_TYPE": null,
        "SITE_POST_DIR": null,
        "SITE_STREET_UNIT": null,
        "SITE_CITY": null,
        "SITE_STATE": null,
        "SITE_ZIP5": "84059",
        "OWN_FULL_ADDRESS": "2264 W WILLIAMSBURG CIR  WEST JORDAN, UT 84088",
        "OWN_STREET_ADDRESS": "2264 W WILLIAMSBURG CIR",
        "OWN_CITY": "WEST JORDAN",
        "OWN_STATE": "UT",
        "OWN_ZIP5": "84088",
        "VESTING_DOC": "61207-2013",
        "PARCEL_CREATE_DATE": 1356912000000,
        "MAP_FILING_NO": null,
        "SUB_NAME": null,
        "LEGAL_DESCR": "COM N 89 DEG 38' 3\" E 1756.81 FT & S 915.01 FT FR W 1/4 COR. SEC. 17, T6S, R2E, SLB&M.; N 88 DEG 34' 57\" E 61.66 FT; N 85 DEG 56' 59\" E 155.62 FT; S 20 DEG 18' 57\" E 246.82 FT; N 88 DEG 45' 1\" W 278.48 FT; S 0 DEG 51' 24\" E 215.24 FT; S 89 DEG 51' 54\" W 96.92 FT; S 0 DEG 0' 8\" W 249.07 FT; N 89 DEG 59' 58\" E 257.28 FT; S 0 DEG 0' 2\" E 213.49 FT; N 89 DEG 59' 58\" E 512.74 FT; S 35 DEG 50' 0\" E 44.47 FT; S 54 DEG 10' 0\" W 151.65 FT; S 35 DEG 50' 0\" E 84.74 FT; S 32 DEG 41' 13\" E 193.06 FT; S 89 DEG 58' 55\" W 867.01 FT; N 0 DEG 1' 5\" W 247.45 FT; ALONG A TANGENT CURVE TO RIGHT (RADIUS = 178, ARC = 81.85 FT); N 26 DEG 19' 40\" E 10.66 FT; N 89 DEG 57' 55\" W 727.27 FT; N 50 DEG 47' 37\" E 109.59 FT; N 59 DEG 56' 39\" E 111.89 FT; N 40 DEG 46' 24\" E 100.01 FT; N 22 DEG 30' 48\" E 104.78 FT; N 36 DEG 25' 47\" E 84.42 FT; N 150.04 FT; N 28 DEG 40' 29\" E 171.94 FT; N 36 DEG 19' 44\" E 108.05 FT; N 81 DEG 18' 4\" E 112.87 FT; N 61 DEG 55' 29\" E 118.2 FT; N 31 DEG 40' 16\" E 43.92 FT; N 59 DEG 56' 16\" E 82.88 FT; N 74 DEG 16' 55\" E 20 FT TO BEG. AREA 17.838 AC.",
        "BOOK_PAGE": 18015,
        "LOT": null,
        "BUILDING": null,
        "UNIT": null,
        "TAX_DISTRICT": "095",
        "TAX_DISTRICT_DESCR": "VINEYARD CITY",
        "SCHOOL_DISTRICT": "ALPINE",
        "TAXABLE_CODE": 100,
        "ACCOUNT_TYPE": "RESIDENTIAL",
        "PROP_TYPE": 900,
        "PROP_TYPE_DESCR": "VACANT",
        "SPECIFIC_PROP_TYPE": 901,
        "SPC_PROP_TYP_DESCR": "Vac Res",
        "NEIGHBORHOOD": "107",
        "NBHD_DISTRICT": "508",
        "LAND_DISTRICT": 3606,
        "ECONOMIC_UNIT": null,
        "GLA_WEIGHTED_YRBLT": null,
        "TOTAL_ABOVE_GRADE_AREA": null,
        "TOTAL_MEZZANINE": null,
        "TOTAL_BASEMENT": null,
        "TOTAL_BSMT_FINISH": null,
        "TOTAL_UNIT_COUNT": null,
        "TOTAL_IMP_COUNT": null,
        "ASMT_YEAR": 2026,
        "ASMT_CODE": "V",
        "ASMT_CODE_DESCR": "VACANT",
        "MKT_LAND_VALUE": 4847300,
        "MKT_LAND_RES": 0,
        "MKT_LAND_AGR": 4847300,
        "MKT_LAND_COM": 0,
        "MKT_IMP_VALUE": 0,
        "MKT_IMP_RES": 0,
        "MKT_IMP_AGR": 0,
        "MKT_IMP_COM": 0,
        "MKT_CUR_VALUE": 4847300,
        "MKT_PRV_VAL": 4847300,
        "MKT_VAL_YR_CHG": 0,
        "MKT_PCT_CHG": 0,
        "TXBL_CUR_VALUE": 4847300,
        "TXBL_PRV_VAL": 4847300,
        "TXBL_VAL_YR_CHG": 0,
        "TXBL_PCT_CHG": 0,
        "TOT_CUR_TAXES": 0,
        "TOT_PRV_TAXES": 0,
        "TAXES_YR_CHG": 0,
        "TAXES_PCT_CHG": 0,
        "GREENBELT": null,
        "EXEMPT_RES": "N",
        "COMMON_AREA": null,
        "PUBLIC_ROAD": null,
        "PRIVATE_ROAD": null,
        "PART_CENTRAL_ASSD": null,
        "PART_TAXABLE": null,
        "IMP_NO_RES": null,
        "COST_GROUP_RES": null,
        "STYLE_DESCR_RES": null,
        "QUALITY_RES": null,
        "QUALITY_DESCR_RES": null,
        "CONDITION_RES": null,
        "CONDITION_DESCR_RES": null,
        "YEARBLT_RES": null,
        "GLA_RES": null,
        "BASEMENT_RES": null,
        "BSMT_FINISH_RES": null,
        "ATT_GARAGE_SQFT_RES": null,
        "BATHROOMS_RES": null,
        "GLA_BEDROOMS_RES": null,
        "EXTERIOR_RES": null,
        "ALLOCATION_PCT_RES": null,
        "TRAV_COUNT": 1,
        "LASTUPDATE": null,
        "CREATED_DATE": 1712330344000,
        "LAST_EDITED_DATE": 1712330533000,
        "GLOBALID": "{DA32D907-E57E-42A2-B136-10E1C63FACE3}",
        "Join_Count_12": 1,
        "TARGET_FID_12": 649,
        "Code": null,
        "Desc_Cleaned": "Low Density Residential",
        "Description": "Residential - Low Density",
        "City": "Vineyard",
        "Description_detailed": "Residential Single-Family",
        "Desc": null,
        "Acres": null,
        "CityLU": null,
        "Unit_Rate": null,
        "Parcel_Area": 72189,
        "PctDeveloped": null,
        "Slope_Score": 10,
        "GP_Score": 9,
        "Ownership_Type": "Business",
        "Ownership_Score": 5,
        "Wetlands_Score": 10,
        "Municipality_Score": 10,
        "Final_Score": 8.15,
        "OBJECTID_12": 649,
        "Join_Count_12_13": 0,
        "TARGET_FID_12_13": 649,
        "Area": null,
        "Shape_Length_12": null,
        "Shape_Area_12": null,
        "STATUS": " ",
        "CARTOCODE": "11",
        "FULLNAME": "CABERNET CIR",
        "FROMADDR_L": 251,
        "TOADDR_L": 299,
        "FROMADDR_R": 250,
        "TOADDR_R": 298,
        "PARITY_L": " ",
        "PARITY_R": " ",
        "PREDIR": "S",
        "NAME": "CABERNET",
        "POSTTYPE": "CIR",
        "POSTDIR": " ",
        "AN_NAME": " ",
        "AN_POSTDIR": " ",
        "A1_PREDIR": " ",
        "A1_NAME": " ",
        "A1_POSTTYP": " ",
        "A1_POSTDIR": " ",
        "A2_PREDIR": " ",
        "A2_NAME": " ",
        "A2_POSTTYP": " ",
        "A2_POSTDIR": " ",
        "QUADRANT_L": "SE",
        "QUADRANT_R": "SE",
        "STATE_L": "UT",
        "STATE_R": "UT",
        "COUNTY_L": "49049",
        "COUNTY_R": "49049",
        "ADDRSYS_L": "Vineyard",
        "ADDRSYS_R": "Vineyard",
        "POSTCOMM_L": "OREM",
        "POSTCOMM_R": "OREM",
        "ZIPCODE_L": "84058",
        "ZIPCODE_R": "84058",
        "INCMUNI_L": "VINEYARD",
        "INCMUNI_R": "VINEYARD",
        "UNINCCOM_L": " ",
        "UNINCCOM_R": " ",
        "NBRHDCOM_L": " ",
        "NBRHDCOM_R": " ",
        "ER_CAD_ZON": " ",
        "ESN_L": " ",
        "ESN_R": " ",
        "MSAGCOMM_L": " ",
        "MSAGCOMM_R": " ",
        "ONEWAY": "0",
        "VERT_LEVEL": "0",
        "SPEED_LMT": 25,
        "ACCESSCODE": " ",
        "DOT_HWYNAM": " ",
        "DOT_RTNAME": " ",
        "DOT_RTPART": " ",
        "DOT_F_MILE": 0,
        "DOT_T_MILE": 0,
        "DOT_FCLASS": " ",
        "DOT_SRFTYP": " ",
        "DOT_CLASS": " ",
        "DOT_OWN_L": "MU Vineyard",
        "DOT_OWN_R": "MU Vineyard",
        "DOT_AADT": 0,
        "DOT_AADTYR": " ",
        "DOT_THRULA": 0,
        "BIKE_L": " ",
        "BIKE_R": " ",
        "UNIQUE_ID": "12TVK36366042_CABERNET_CIR",
        "LOCAL_UID": " ",
        "UTAHRD_UID": " ",
        "SOURCE": " ",
        "UPDATED": 1495756800000,
        "EFFECTIVE": null,
        "EXPIRE": null,
        "CUSTOMTAGS": " ",
        "Shape_STLe": 62.1697784634,
        "START_ELEV": 1378.06005859375,
        "END_ELEV": 1377.7811279296875,
        "STEL_FT": 4521.194562636719,
        "ENDEL_FT": 4520.2794357568355,
        "ELEV_CHANGE": 0.9151268798832461,
        "SLOPE": 0.4485347141236576,
        "IMP_NO_12": null,
        "USE_CODE_12": null,
        "USE_CODE_DESCR_12": null,
        "COST_CLASS_DESCR_12": null,
        "EXTERIOR_WALL_12": null,
        "ABOVE_GRADE_AREA_12": null,
        "MEZZANINE_12": null,
        "BASEMENT_12": null,
        "BSMT_FINISH_12": null,
        "BSMT_UNFINISH_12": null,
        "QUALITY_DESCR_12": null,
        "CONDITION_12": null,
        "CONDITION_DESCR_12": null,
        "YEAR_BUILT_12": null,
        "UNIT_COUNT_12": null,
        "PCT_COMPLETE_12": null,
        "ALLOCATION_PCT_12": null,
        "IMP_NO_23": null,
        "USE_CODE_23": null,
        "USE_CODE_DESCR_23": null,
        "COST_CLASS_DESCR_23": null,
        "EXTERIOR_WALL_23": null,
        "ABOVE_GRADE_AREA_23": null,
        "MEZZANINE_23": null,
        "BASEMENT_23": null,
        "BSMT_FINISH_23": null,
        "BSMT_UNFINISH_23": null,
        "QUALITY_DESCR_23": null,
        "CONDITION_23": null,
        "CONDITION_DESCR_23": null,
        "YEAR_BUILT_23": null,
        "UNIT_COUNT_23": null,
        "PCT_COMPLETE_23": null,
        "ALLOCATION_PCT_23": null,
        "Entry": 31681,
        "Year": 2025,
        "Record_Date": "2025-05-01",
        "Grantor": "KALAMA, AMY LYNN AKA KALAMA, AMY",
        "Grantee": "WHOM OF INTEREST",
        "Tax_Address": "3301 N UNIVERSITY AVE PROVO, UT 84604",
        "Serial_Number": "41:903:0004",
        "Serial_Number_Available": "Yes",
        "Detail_URL": "https://www.utahcounty.gov/LandRecords/document.asp?avEntry=31681&avYear=2025",
        "Document_Type": "AF DC",
        "Shape_Length_12_13": 554.241577234755,
        "Shape_Area_12_13": 14992.433752609337,
        "DocType": "AFDC",
        "Shape_Length": 0.01973579906021216,
        "Shape_Area": 7.646959997088301e-06
      }
    },
    {
      "type": "Feature",
      "id": 9,
      "geometry": {
        "type": "Polygon",
        "coordinates": [
          [
            [
              -111.68115253999997,
              40.12825205900003
            ],
            [
              -111.68115237499995,
              40.12825204600006
            ],
            [
              -111.68117990199994,
              40.12780761700003
            ],
            [
              -111.68124552599994,
              40.12760668400006
            ],
            [
              -111.68125399999997,
              40.12699739400006
            ],
            [
              -111.67989698699995,
              40.12699541600006
            ],
            [
              -111.67990989299994,
              40.125823738000065
            ],
            [
              -111.67992524699997,
              40.12487938800007
            ],
            [
              -111.67993332499998,
              40.12303097600005
            ],
            [
              -111.67893846799996,
              40.12303250900004
            ],
            [
              -111.67893285799994,
              40.123944290000054
            ],
            [
              -111.67891716699995,
              40.12750147400004
            ],
            [
              -111.68110806299995,
              40.128252056000065
            ],
            [
              -111.68115253999997,
              40.12825205900003
            ]
          ]
        ]
      },
      "properties": {
        "OBJECTID": 9,
        "Join_Count": 2,
        "TARGET_FID": 10815145,
        "PARCEL_NO": 240530063,
        "PARCELID": "240530063",
        "PARCELID_LABEL": "24:053:0063",
        "OWNER_NAME": "GILES, ROCKY",
        "CARE_NAME": null,
        "ACREAGE": 14.003276,
        "SITE_FULL_ADDRESS": null,
        "SITE_HOUSE_NUM": null,
        "SITE_PRE_DIR": null,
        "SITE_STREET_NAME": null,
        "SITE_STREET_TYPE": null,
        "SITE_POST_DIR": null,
        "SITE_STREET_UNIT": null,
        "SITE_CITY": null,
        "SITE_STATE": null,
        "SITE_ZIP5": "84660",
        "OWN_FULL_ADDRESS": "375 N MAIN  SPANISH FORK, UT 84660",
        "OWN_STREET_ADDRESS": "375 N MAIN",
        "OWN_CITY": "SPANISH FORK",
        "OWN_STATE": "UT",
        "OWN_ZIP5": "84660",
        "VESTING_DOC": "2659-2021",
        "PARCEL_CREATE_DATE": 1712793600000,
        "MAP_FILING_NO": null,
        "SUB_NAME": null,
        "LEGAL_DESCR": "COM S 446.822 FT & E 558.9 FT FR N 1/4 COR. SEC. 14, T8S, R2E, SLB&M.; S 89 DEG 52' 47\" E 12.44 FT; S 65 DEG 50' 0\" E 671.05 FT; S 0 DEG 18' 31\" W 1296.14 FT; S 0 DEG 23' 7\" W 332.23 FT; W 278.28 FT; N 0 DEG 18' 27\" E 673.51 FT; N 0 DEG 49' 49\" E 344.12 FT; N 0 DEG 35' 59\" E 426.94 FT; N 89 DEG 46' 32\" W 379.56 FT; N 0 DEG 43' 40\" E 222.02 FT; N 14 DEG 11' 25\" E 75.48 FT; N 2 DEG 50' 17\" E 162.12 FT TO BEG. AREA 14.003 AC.",
        "BOOK_PAGE": 24053,
        "LOT": null,
        "BUILDING": null,
        "UNIT": null,
        "TAX_DISTRICT": "120",
        "TAX_DISTRICT_DESCR": "NEBO SCHOOL DIST S/A 6-7-8",
        "SCHOOL_DISTRICT": "NEBO",
        "TAXABLE_CODE": 100,
        "ACCOUNT_TYPE": "RESIDENTIAL",
        "PROP_TYPE": 900,
        "PROP_TYPE_DESCR": "VACANT",
        "SPECIFIC_PROP_TYPE": 901,
        "SPC_PROP_TYP_DESCR": "Vac Res",
        "NEIGHBORHOOD": "124",
        "NBHD_DISTRICT": "815",
        "LAND_DISTRICT": 8010,
        "ECONOMIC_UNIT": null,
        "GLA_WEIGHTED_YRBLT": null,
        "TOTAL_ABOVE_GRADE_AREA": null,
        "TOTAL_MEZZANINE": null,
        "TOTAL_BASEMENT": null,
        "TOTAL_BSMT_FINISH": null,
        "TOTAL_UNIT_COUNT": null,
        "TOTAL_IMP_COUNT": null,
        "ASMT_YEAR": 2026,
        "ASMT_CODE": "V",
        "ASMT_CODE_DESCR": "VACANT",
        "MKT_LAND_VALUE": 655700,
        "MKT_LAND_RES": 0,
        "MKT_LAND_AGR": 655700,
        "MKT_LAND_COM": 0,
        "MKT_IMP_VALUE": 0,
        "MKT_IMP_RES": 0,
        "MKT_IMP_AGR": 0,
        "MKT_IMP_COM": 0,
        "MKT_CUR_VALUE": 655700,
        "MKT_PRV_VAL": 655700,
        "MKT_VAL_YR_CHG": 0,
        "MKT_PCT_CHG": 0,
        "TXBL_CUR_VALUE": 9058,
        "TXBL_PRV_VAL": 9058,
        "TXBL_VAL_YR_CHG": 0,
        "TXBL_PCT_CHG": 0,
        "TOT_CUR_TAXES": 0,
        "TOT_PRV_TAXES": 0,
        "TAXES_YR_CHG": 0,
        "TAXES_PCT_CHG": 0,
        "GREENBELT": "GB",
        "EXEMPT_RES": "N",
        "COMMON_AREA": null,
        "PUBLIC_ROAD": null,
        "PRIVATE_ROAD": null,
        "PART_CENTRAL_ASSD": null,
        "PART_TAXABLE": null,
        "IMP_NO_RES": null,
        "COST_GROUP_RES": null,
        "STYLE_DESCR_RES": null,
        "QUALITY_RES": null,
        "QUALITY_DESCR_RES": null,
        "CONDITION_RES": null,
        "CONDITION_DESCR_RES": null,
        "YEARBLT_RES": null,
        "GLA_RES": null,
        "BASEMENT_RES": null,
        "BSMT_FINISH_RES": null,
        "ATT_GARAGE_SQFT_RES": null,
        "BATHROOMS_RES": null,
        "GLA_BEDROOMS_RES": null,
        "EXTERIOR_RES": null,
        "ALLOCATION_PCT_RES": null,
        "TRAV_COUNT": 1,
        "LASTUPDATE": null,
        "CREATED_DATE": 1712840647000,
        "LAST_EDITED_DATE": 1712840647000,
        "GLOBALID": "{411A35F4-0ED9-4B72-A94D-FB6AF893DB55}",
        "Join_Count_12": 1,
        "TARGET_FID_12": 1282,
        "Code": null,
        "Desc_Cleaned": "Low Density Residential",
        "Description": "Residential - Low Density",
        "City": "Spanish Fork",
        "Description_detailed": "Residential Single-Family",
        "Desc": null,
        "Acres": 1038.517,
        "CityLU": null,
        "Unit_Rate": null,
        "Parcel_Area": 56669,
        "PctDeveloped": 1,
        "Slope_Score": 10,
        "GP_Score": 9,
        "Ownership_Type": "Private",
        "Ownership_Score": 10,
        "Wetlands_Score": 10,
        "Municipality_Score": 0,
        "Final_Score": 8.65,
        "OBJECTID_12": 1282,
        "Join_Count_12_13": 2,
        "TARGET_FID_12_13": 1282,
        "Area": 346,
        "Shape_Length_12": 356.7715961933136,
        "Shape_Area_12": 3728.280601267707,
        "STATUS": " ",
        "CARTOCODE": "11",
        "FULLNAME": "PALMYRA DR",
        "FROMADDR_L": 5601,
        "TOADDR_L": 5949,
        "FROMADDR_R": 5600,
        "TOADDR_R": 5948,
        "PARITY_L": " ",
        "PARITY_R": " ",
        "PREDIR": "S",
        "NAME": "PALMYRA",
        "POSTTYPE": "DR",
        "POSTDIR": " ",
        "AN_NAME": " ",
        "AN_POSTDIR": " ",
        "A1_PREDIR": " ",
        "A1_NAME": " ",
        "A1_POSTTYP": " ",
        "A1_POSTDIR": " ",
        "A2_PREDIR": " ",
        "A2_NAME": " ",
        "A2_POSTTYP": " ",
        "A2_POSTDIR": " ",
        "QUADRANT_L": "SW",
        "QUADRANT_R": "SW",
        "STATE_L": "UT",
        "STATE_R": "UT",
        "COUNTY_L": "49049",
        "COUNTY_R": "49049",
        "ADDRSYS_L": "Provo",
        "ADDRSYS_R": "Provo",
        "POSTCOMM_L": "SPANISH FORK",
        "POSTCOMM_R": "SPANISH FORK",
        "ZIPCODE_L": "84660",
        "ZIPCODE_R": "84660",
        "INCMUNI_L": " ",
        "INCMUNI_R": " ",
        "UNINCCOM_L": " ",
        "UNINCCOM_R": " ",
        "NBRHDCOM_L": " ",
        "NBRHDCOM_R": " ",
        "ER_CAD_ZON": " ",
        "ESN_L": " ",
        "ESN_R": " ",
        "MSAGCOMM_L": " ",
        "MSAGCOMM_R": " ",
        "ONEWAY": "0",
        "VERT_LEVEL": "0",
        "SPEED_LMT": 25,
        "ACCESSCODE": " ",
        "DOT_HWYNAM": " ",
        "DOT_RTNAME": " ",
        "DOT_RTPART": " ",
        "DOT_F_MILE": 0,
        "DOT_T_MILE": 0,
        "DOT_FCLASS": " ",
        "DOT_SRFTYP": " ",
        "DOT_CLASS": "B",
        "DOT_OWN_L": "CO Utah",
        "DOT_OWN_R": "CO Utah",
        "DOT_AADT": 0,
        "DOT_AADTYR": " ",
        "DOT_THRULA": 0,
        "BIKE_L": " ",
        "BIKE_R": " ",
        "UNIQUE_ID": "12TVK41964188_PALMYRA_DR",
        "LOCAL_UID": " ",
        "UTAHRD_UID": " ",
        "SOURCE": " ",
        "UPDATED": null,
        "EFFECTIVE": null,
        "EXPIRE": null,
        "CUSTOMTAGS": " ",
        "Shape_STLe": 522.840610004,
        "START_ELEV": 1385.91748046875,
        "END_ELEV": 1387.9454345703125,
        "STEL_FT": 4546.973506621093,
        "ENDEL_FT": 4553.626899555664,
        "ELEV_CHANGE": 6.653392934570547,
        "SLOPE": 0.38776837825876337,
        "IMP_NO_12": 301118,
        "USE_CODE_12": 479,
        "USE_CODE_DESCR_12": "Shed - Farm Utility Storage - Loafing",
        "COST_CLASS_DESCR_12": "D - Wood/Steel Studs",
        "EXTERIOR_WALL_12": null,
        "ABOVE_GRADE_AREA_12": 1320,
        "MEZZANINE_12": 0,
        "BASEMENT_12": 0,
        "BSMT_FINISH_12": 0,
        "BSMT_UNFINISH_12": 0,
        "QUALITY_DESCR_12": "Low",
        "CONDITION_12": 3,
        "CONDITION_DESCR_12": "Average",
        "YEAR_BUILT_12": 1954,
        "UNIT_COUNT_12": null,
        "PCT_COMPLETE_12": 1,
        "ALLOCATION_PCT_12": null,
        "IMP_NO_23": 301119,
        "USE_CODE_23": 479,
        "USE_CODE_DESCR_23": "Shed - Farm Utility Storage - Loafing",
        "COST_CLASS_DESCR_23": "D - Wood/Steel Studs",
        "EXTERIOR_WALL_23": null,
        "ABOVE_GRADE_AREA_23": 640,
        "MEZZANINE_23": 0,
        "BASEMENT_23": 0,
        "BSMT_FINISH_23": 0,
        "BSMT_UNFINISH_23": 0,
        "QUALITY_DESCR_23": "Low",
        "CONDITION_23": 3,
        "CONDITION_DESCR_23": "Average",
        "YEAR_BUILT_23": 1954,
        "UNIT_COUNT_23": null,
        "PCT_COMPLETE_23": 1,
        "ALLOCATION_PCT_23": null,
        "Entry": 28593,
        "Year": 2025,
        "Record_Date": "2025-04-21",
        "Grantor": "ARGYLE, CLYDE B DEC ARGYLE, CAROL LEE DEC C BAR RANCH INTER VIVOS TRUST 12-12-1991 THE",
        "Grantee": "ARGYLE, LEE RAY TEE ARGYLE, JOE DEE TEE C BAR RANCH INTER VIVOS TRUST 12-12-1991 THE",
        "Tax_Address": "543 S 930 E SALEM, UT 84653-5525",
        "Serial_Number": "24:053:0055",
        "Serial_Number_Available": "Yes",
        "Detail_URL": "https://www.utahcounty.gov/LandRecords/document.asp?avEntry=28593&avYear=2025",
        "Document_Type": "AF DC",
        "Shape_Length_12_13": 1470.727993371714,
        "Shape_Area_12_13": 134539.73773537893,
        "DocType": "AFDC",
        "Shape_Length": 0.01441209419827529,
        "Shape_Area": 5.988636208886435e-06
      }
    },
    {
      "type": "Feature",
      "id": 10,
      "geometry": {
        "type": "MultiPolygon",
        "coordinates": [
          [
            [
              [
                -111.68120410199998,
                40.123029221000024
              ],
              [
                -111.67993333599998,
                40.12303118600005
              ],
              [
                -111.67992525799997,
                40.124879418000035
              ],
              [
                -111.67991619099996,
                40.125437126000065
              ],
              [
                -111.68116936299998,
                40.125439381000035
              ],
              [
                -111.68120410199998,
                40.123029221000024
              ]
            ]
          ],
          [
            [
              [
                -111.68116937299999,
                40.125439381000035
              ],
              [
                -111.68116936299998,
                40.125439381000035
              ],
              [
                -111.68116936199999,
                40.125439404000076
              ],
              [
                -111.68116937199994,
                40.125439404000076
              ],
              [
                -111.68117100699999,
                40.12543940100005
              ],
              [
                -111.68116938399999,
                40.12543845400006
              ],
              [
                -111.68116937299999,
                40.125439381000035
              ]
            ]
          ]
        ]
      },
      "properties": {
        "OBJECTID": 10,
        "Join_Count": 2,
        "TARGET_FID": 10815229,
        "PARCEL_NO": 240530052,
        "PARCELID": "240530052",
        "PARCELID_LABEL": "24:053:0052",
        "OWNER_NAME": "ARGYLE, JOE D & NIKKI",
        "CARE_NAME": null,
        "ACREAGE": 7.092193,
        "SITE_FULL_ADDRESS": "5835 S PALMYRA DR, SPANISH FORK DISTR, UT",
        "SITE_HOUSE_NUM": "5835",
        "SITE_PRE_DIR": "S",
        "SITE_STREET_NAME": "PALMYRA DR",
        "SITE_STREET_TYPE": null,
        "SITE_POST_DIR": null,
        "SITE_STREET_UNIT": null,
        "SITE_CITY": "SPANISH FORK DISTR",
        "SITE_STATE": "UT",
        "SITE_ZIP5": "84660",
        "OWN_FULL_ADDRESS": "5835 S PALMYRA DR  SPANISH FORK, UT 84660",
        "OWN_STREET_ADDRESS": "5835 S PALMYRA DR",
        "OWN_CITY": "SPANISH FORK",
        "OWN_STATE": "UT",
        "OWN_ZIP5": "84660",
        "VESTING_DOC": "93486-2012",
        "PARCEL_CREATE_DATE": 1514678400000,
        "MAP_FILING_NO": null,
        "SUB_NAME": null,
        "LEGAL_DESCR": "COM S 1471.68 FT & E 552.12 FT FR N 1/4 COR. SEC. 14, T8S, R2E, SLB&M.; S 89 DEG 45' 0\" E 350.53 FT; S 0 DEG 49' 49\" W 203.23 FT; S 0 DEG 18' 27\" W 673.45 FT; N 89 DEG 59' 59\" W 355.46 FT; N 0 DEG 45' 0\" E 878.26 FT; W .46 FT; S 52 DEG 38' 55\" E .57 FT TO BEG. AREA 7.092 AC.",
        "BOOK_PAGE": 24053,
        "LOT": null,
        "BUILDING": null,
        "UNIT": null,
        "TAX_DISTRICT": "120",
        "TAX_DISTRICT_DESCR": "NEBO SCHOOL DIST S/A 6-7-8",
        "SCHOOL_DISTRICT": "NEBO",
        "TAXABLE_CODE": 100,
        "ACCOUNT_TYPE": "RESIDENTIAL",
        "PROP_TYPE": 111,
        "PROP_TYPE_DESCR": "SINGLE FAMILY RES",
        "SPECIFIC_PROP_TYPE": 111,
        "SPC_PROP_TYP_DESCR": "Single Family Res",
        "NEIGHBORHOOD": "124",
        "NBHD_DISTRICT": "815",
        "LAND_DISTRICT": 8010,
        "ECONOMIC_UNIT": null,
        "GLA_WEIGHTED_YRBLT": 2001.4,
        "TOTAL_ABOVE_GRADE_AREA": 3570,
        "TOTAL_MEZZANINE": 0,
        "TOTAL_BASEMENT": 0,
        "TOTAL_BSMT_FINISH": 0,
        "TOTAL_UNIT_COUNT": 1,
        "TOTAL_IMP_COUNT": 2,
        "ASMT_YEAR": 2026,
        "ASMT_CODE": "RPO",
        "ASMT_CODE_DESCR": "RP PLUS ACREAGE",
        "MKT_LAND_VALUE": 470300,
        "MKT_LAND_RES": 184700,
        "MKT_LAND_AGR": 285600,
        "MKT_LAND_COM": 0,
        "MKT_IMP_VALUE": 484700,
        "MKT_IMP_RES": 484700,
        "MKT_IMP_AGR": 0,
        "MKT_IMP_COM": 0,
        "MKT_CUR_VALUE": 955000,
        "MKT_PRV_VAL": 955000,
        "MKT_VAL_YR_CHG": 0,
        "MKT_PCT_CHG": 0,
        "TXBL_CUR_VALUE": 332610,
        "TXBL_PRV_VAL": 332610,
        "TXBL_VAL_YR_CHG": 0,
        "TXBL_PCT_CHG": 0,
        "TOT_CUR_TAXES": 0,
        "TOT_PRV_TAXES": 0,
        "TAXES_YR_CHG": 0,
        "TAXES_PCT_CHG": 0,
        "GREENBELT": "GB",
        "EXEMPT_RES": "Y",
        "COMMON_AREA": null,
        "PUBLIC_ROAD": null,
        "PRIVATE_ROAD": null,
        "PART_CENTRAL_ASSD": null,
        "PART_TAXABLE": null,
        "IMP_NO_RES": 62614,
        "COST_GROUP_RES": "SFR",
        "STYLE_DESCR_RES": "One Story",
        "QUALITY_RES": 3,
        "QUALITY_DESCR_RES": "Average",
        "CONDITION_RES": 3,
        "CONDITION_DESCR_RES": "Average",
        "YEARBLT_RES": 2000,
        "GLA_RES": 2193,
        "BASEMENT_RES": 0,
        "BSMT_FINISH_RES": 0,
        "ATT_GARAGE_SQFT_RES": 837,
        "BATHROOMS_RES": 3,
        "GLA_BEDROOMS_RES": 3,
        "EXTERIOR_RES": "Masonry Veneer",
        "ALLOCATION_PCT_RES": null,
        "TRAV_COUNT": 1,
        "LASTUPDATE": null,
        "CREATED_DATE": 1712330344000,
        "LAST_EDITED_DATE": 1712330533000,
        "GLOBALID": "{FB45B63F-8C99-4A1A-85A7-7B4DEF13FA1F}",
        "Join_Count_12": 1,
        "TARGET_FID_12": 1327,
        "Code": null,
        "Desc_Cleaned": "Low Density Residential",
        "Description": "Residential - Low Density",
        "City": "Spanish Fork",
        "Description_detailed": "Residential Single-Family",
        "Desc": null,
        "Acres": 1038.517,
        "CityLU": null,
        "Unit_Rate": null,
        "Parcel_Area": 28699,
        "PctDeveloped": 1,
        "Slope_Score": 10,
        "GP_Score": 9,
        "Ownership_Type": "Private",
        "Ownership_Score": 10,
        "Wetlands_Score": 10,
        "Municipality_Score": 0,
        "Final_Score": 8.65,
        "OBJECTID_12": 1327,
        "Join_Count_12_13": 2,
        "TARGET_FID_12_13": 1327,
        "Area": 290,
        "Shape_Length_12": 254.45289827749417,
        "Shape_Area_12": 3123.582490151966,
        "STATUS": " ",
        "CARTOCODE": "11",
        "FULLNAME": "PALMYRA DR",
        "FROMADDR_L": 5601,
        "TOADDR_L": 5949,
        "FROMADDR_R": 5600,
        "TOADDR_R": 5948,
        "PARITY_L": " ",
        "PARITY_R": " ",
        "PREDIR": "S",
        "NAME": "PALMYRA",
        "POSTTYPE": "DR",
        "POSTDIR": " ",
        "AN_NAME": " ",
        "AN_POSTDIR": " ",
        "A1_PREDIR": " ",
        "A1_NAME": " ",
        "A1_POSTTYP": " ",
        "A1_POSTDIR": " ",
        "A2_PREDIR": " ",
        "A2_NAME": " ",
        "A2_POSTTYP": " ",
        "A2_POSTDIR": " ",
        "QUADRANT_L": "SW",
        "QUADRANT_R": "SW",
        "STATE_L": "UT",
        "STATE_R": "UT",
        "COUNTY_L": "49049",
        "COUNTY_R": "49049",
        "ADDRSYS_L": "Provo",
        "ADDRSYS_R": "Provo",
        "POSTCOMM_L": "SPANISH FORK",
        "POSTCOMM_R": "SPANISH FORK",
        "ZIPCODE_L": "84660",
        "ZIPCODE_R": "84660",
        "INCMUNI_L": " ",
        "INCMUNI_R": " ",
        "UNINCCOM_L": " ",
        "UNINCCOM_R": " ",
        "NBRHDCOM_L": " ",
        "NBRHDCOM_R": " ",
        "ER_CAD_ZON": " ",
        "ESN_L": " ",
        "ESN_R": " ",
        "MSAGCOMM_L": " ",
        "MSAGCOMM_R": " ",
        "ONEWAY": "0",
        "VERT_LEVEL": "0",
        "SPEED_LMT": 25,
        "ACCESSCODE": " ",
        "DOT_HWYNAM": " ",
        "DOT_RTNAME": " ",
        "DOT_RTPART": " ",
        "DOT_F_MILE": 0,
        "DOT_T_MILE": 0,
        "DOT_FCLASS": " ",
        "DOT_SRFTYP": " ",
        "DOT_CLASS": "B",
        "DOT_OWN_L": "CO Utah",
        "DOT_OWN_R": "CO Utah",
        "DOT_AADT": 0,
        "DOT_AADTYR": " ",
        "DOT_THRULA": 0,
        "BIKE_L": " ",
        "BIKE_R": " ",
        "UNIQUE_ID": "12TVK41964188_PALMYRA_DR",
        "LOCAL_UID": " ",
        "UTAHRD_UID": " ",
        "SOURCE": " ",
        "UPDATED": null,
        "EFFECTIVE": null,
        "EXPIRE": null,
        "CUSTOMTAGS": " ",
        "Shape_STLe": 522.840610004,
        "START_ELEV": 1385.91748046875,
        "END_ELEV": 1387.9454345703125,
        "STEL_FT": 4546.973506621093,
        "ENDEL_FT": 4553.626899555664,
        "ELEV_CHANGE": 6.653392934570547,
        "SLOPE": 0.38776837825876337,
        "IMP_NO_12": 301118,
        "USE_CODE_12": 479,
        "USE_CODE_DESCR_12": "Shed - Farm Utility Storage - Loafing",
        "COST_CLASS_DESCR_12": "D - Wood/Steel Studs",
        "EXTERIOR_WALL_12": null,
        "ABOVE_GRADE_AREA_12": 1320,
        "MEZZANINE_12": 0,
        "BASEMENT_12": 0,
        "BSMT_FINISH_12": 0,
        "BSMT_UNFINISH_12": 0,
        "QUALITY_DESCR_12": "Low",
        "CONDITION_12": 3,
        "CONDITION_DESCR_12": "Average",
        "YEAR_BUILT_12": 1954,
        "UNIT_COUNT_12": null,
        "PCT_COMPLETE_12": 1,
        "ALLOCATION_PCT_12": null,
        "IMP_NO_23": 301119,
        "USE_CODE_23": 479,
        "USE_CODE_DESCR_23": "Shed - Farm Utility Storage - Loafing",
        "COST_CLASS_DESCR_23": "D - Wood/Steel Studs",
        "EXTERIOR_WALL_23": null,
        "ABOVE_GRADE_AREA_23": 640,
        "MEZZANINE_23": 0,
        "BASEMENT_23": 0,
        "BSMT_FINISH_23": 0,
        "BSMT_UNFINISH_23": 0,
        "QUALITY_DESCR_23": "Low",
        "CONDITION_23": 3,
        "CONDITION_DESCR_23": "Average",
        "YEAR_BUILT_23": 1954,
        "UNIT_COUNT_23": null,
        "PCT_COMPLETE_23": 1,
        "ALLOCATION_PCT_23": null,
        "Entry": 28593,
        "Year": 2025,
        "Record_Date": "2025-04-21",
        "Grantor": "ARGYLE, CLYDE B DEC ARGYLE, CAROL LEE DEC C BAR RANCH INTER VIVOS TRUST 12-12-1991 THE",
        "Grantee": "ARGYLE, LEE RAY TEE ARGYLE, JOE DEE TEE C BAR RANCH INTER VIVOS TRUST 12-12-1991 THE",
        "Tax_Address": "543 S 930 E SALEM, UT 84653-5525",
        "Serial_Number": "24:053:0055",
        "Serial_Number_Available": "Yes",
        "Detail_URL": "https://www.utahcounty.gov/LandRecords/document.asp?avEntry=28593&avYear=2025",
        "Document_Type": "AF DC",
        "Shape_Length_12_13": 1470.727993371714,
        "Shape_Area_12_13": 134539.73773537893,
        "DocType": "AFDC",
        "Shape_Length": 0.007344867412420884,
        "Shape_Area": 3.0327626114213557e-06
      }
    },
    {
      "type": "Feature",
      "id": 11,
      "geometry": {
        "type": "Polygon",
        "coordinates": [
          [
            [
              -111.61543477099997,
              40.14497627600008
            ],
            [
              -111.615434688,
              40.14497623500006
            ],
            [
              -111.61527498699996,
              40.14497748400004
            ],
            [
              -111.61509600499994,
              40.14496516100007
            ],
            [
              -111.61356814699997,
              40.14497709700004
            ],
            [
              -111.61187501899997,
              40.145922307000035
            ],
            [
              -111.61189006099994,
              40.146068651000064
            ],
            [
              -111.61239306599998,
              40.145799547000024
            ],
            [
              -111.61245819499999,
              40.14716199900005
            ],
            [
              -111.61340621099998,
              40.14715860100006
            ],
            [
              -111.61343206499998,
              40.14715837600005
            ],
            [
              -111.61343201599999,
              40.14712843500007
            ],
            [
              -111.61548327299994,
              40.14712642100005
            ],
            [
              -111.61543477099997,
              40.14497627600008
            ]
          ]
        ]
      },
      "properties": {
        "OBJECTID": 11,
        "Join_Count": 1,
        "TARGET_FID": 10817459,
        "PARCEL_NO": 260240015,
        "PARCELID": "260240015",
        "PARCELID_LABEL": "26:024:0015",
        "OWNER_NAME": "ACJ INVESTMENTS LLC",
        "CARE_NAME": null,
        "ACREAGE": 14.702338,
        "SITE_FULL_ADDRESS": null,
        "SITE_HOUSE_NUM": null,
        "SITE_PRE_DIR": null,
        "SITE_STREET_NAME": null,
        "SITE_STREET_TYPE": null,
        "SITE_POST_DIR": null,
        "SITE_STREET_UNIT": null,
        "SITE_CITY": null,
        "SITE_STATE": null,
        "SITE_ZIP5": "84663",
        "OWN_FULL_ADDRESS": "634 S 1200 E  MAPLETON, UT 84664",
        "OWN_STREET_ADDRESS": "634 S 1200 E",
        "OWN_CITY": "MAPLETON",
        "OWN_STATE": "UT",
        "OWN_ZIP5": "84664",
        "VESTING_DOC": "89547-2024",
        "PARCEL_CREATE_DATE": 1707264000000,
        "MAP_FILING_NO": null,
        "SUB_NAME": null,
        "LEGAL_DESCR": "COM N 89.01 FT & E 437.72 FT FR SW 1/4 COR. SEC. 4, T8S, R3E, SLB&M.; N 0 DEG 55' 4\" W 783.58 FT; E 573.58 FT; N 10.91 FT; N 89 DEG 25' 25\" E 7.23 FT; N 89 DEG 48' 17\" E 265.09 FT; S 2 DEG 1' 44\" E 496.78 FT; N 55 DEG 11' 24\" E 171.46 FT; S 4 DEG 26' 19\" E 53.49 FT; S 54 DEG 2' 17\" W 585.47 FT; S 89 DEG 29' 24\" W 427.26 FT; N 84 DEG 47' 58\" W 50.25 FT; S 89 DEG 29' 24\" W 44.66 FT TO BEG. AREA 14.702 AC.",
        "BOOK_PAGE": 26024,
        "LOT": null,
        "BUILDING": null,
        "UNIT": null,
        "TAX_DISTRICT": "130",
        "TAX_DISTRICT_DESCR": "SPRINGVILLE CITY",
        "SCHOOL_DISTRICT": "NEBO",
        "TAXABLE_CODE": 100,
        "ACCOUNT_TYPE": "COMMERCIAL",
        "PROP_TYPE": 903,
        "PROP_TYPE_DESCR": "VACANT COMMERCIAL",
        "SPECIFIC_PROP_TYPE": 905,
        "SPC_PROP_TYP_DESCR": "Vac Com Lot",
        "NEIGHBORHOOD": "500",
        "NBHD_DISTRICT": "0",
        "LAND_DISTRICT": 53,
        "ECONOMIC_UNIT": null,
        "GLA_WEIGHTED_YRBLT": null,
        "TOTAL_ABOVE_GRADE_AREA": null,
        "TOTAL_MEZZANINE": null,
        "TOTAL_BASEMENT": null,
        "TOTAL_BSMT_FINISH": null,
        "TOTAL_UNIT_COUNT": null,
        "TOTAL_IMP_COUNT": null,
        "ASMT_YEAR": 2026,
        "ASMT_CODE": "V",
        "ASMT_CODE_DESCR": "VACANT",
        "MKT_LAND_VALUE": 2387900,
        "MKT_LAND_RES": 0,
        "MKT_LAND_AGR": 0,
        "MKT_LAND_COM": 2387900,
        "MKT_IMP_VALUE": 0,
        "MKT_IMP_RES": 0,
        "MKT_IMP_AGR": 0,
        "MKT_IMP_COM": 0,
        "MKT_CUR_VALUE": 2387900,
        "MKT_PRV_VAL": 2387900,
        "MKT_VAL_YR_CHG": 0,
        "MKT_PCT_CHG": 0,
        "TXBL_CUR_VALUE": 7321,
        "TXBL_PRV_VAL": 7321,
        "TXBL_VAL_YR_CHG": 0,
        "TXBL_PCT_CHG": 0,
        "TOT_CUR_TAXES": 0,
        "TOT_PRV_TAXES": 0,
        "TAXES_YR_CHG": 0,
        "TAXES_PCT_CHG": 0,
        "GREENBELT": "GB",
        "EXEMPT_RES": "N",
        "COMMON_AREA": null,
        "PUBLIC_ROAD": null,
        "PRIVATE_ROAD": null,
        "PART_CENTRAL_ASSD": null,
        "PART_TAXABLE": null,
        "IMP_NO_RES": null,
        "COST_GROUP_RES": null,
        "STYLE_DESCR_RES": null,
        "QUALITY_RES": null,
        "QUALITY_DESCR_RES": null,
        "CONDITION_RES": null,
        "CONDITION_DESCR_RES": null,
        "YEARBLT_RES": null,
        "GLA_RES": null,
        "BASEMENT_RES": null,
        "BSMT_FINISH_RES": null,
        "ATT_GARAGE_SQFT_RES": null,
        "BATHROOMS_RES": null,
        "GLA_BEDROOMS_RES": null,
        "EXTERIOR_RES": null,
        "ALLOCATION_PCT_RES": null,
        "TRAV_COUNT": 1,
        "LASTUPDATE": null,
        "CREATED_DATE": 1712330344000,
        "LAST_EDITED_DATE": 1712330533000,
        "GLOBALID": "{EB20DC7E-327F-4E39-93CB-FA90D0D5D97F}",
        "Join_Count_12": 1,
        "TARGET_FID_12": 1869,
        "Code": null,
        "Desc_Cleaned": "Low Density Residential",
        "Description": "Residential - Low Density",
        "City": "Springville",
        "Description_detailed": "Residential Single-Family",
        "Desc": null,
        "Acres": null,
        "CityLU": null,
        "Unit_Rate": null,
        "Parcel_Area": 59498,
        "PctDeveloped": null,
        "Slope_Score": 10,
        "GP_Score": 9,
        "Ownership_Type": "Business",
        "Ownership_Score": 5,
        "Wetlands_Score": 0,
        "Municipality_Score": 10,
        "Final_Score": 7.15,
        "OBJECTID_12": 1869,
        "Join_Count_12_13": 0,
        "TARGET_FID_12_13": 1869,
        "Area": null,
        "Shape_Length_12": null,
        "Shape_Area_12": null,
        "STATUS": " ",
        "CARTOCODE": "5",
        "FULLNAME": "STATE RD",
        "FROMADDR_L": 951,
        "TOADDR_L": 1599,
        "FROMADDR_R": 950,
        "TOADDR_R": 1598,
        "PARITY_L": " ",
        "PARITY_R": " ",
        "PREDIR": "S",
        "NAME": "STATE",
        "POSTTYPE": "RD",
        "POSTDIR": " ",
        "AN_NAME": " ",
        "AN_POSTDIR": " ",
        "A1_PREDIR": " ",
        "A1_NAME": "HIGHWAY 51",
        "A1_POSTTYP": " ",
        "A1_POSTDIR": " ",
        "A2_PREDIR": " ",
        "A2_NAME": " ",
        "A2_POSTTYP": " ",
        "A2_POSTDIR": " ",
        "QUADRANT_L": "SW",
        "QUADRANT_R": "SW",
        "STATE_L": "UT",
        "STATE_R": "UT",
        "COUNTY_L": "49049",
        "COUNTY_R": "49049",
        "ADDRSYS_L": "Springville",
        "ADDRSYS_R": "Springville",
        "POSTCOMM_L": "SPRINGVILLE",
        "POSTCOMM_R": "SPRINGVILLE",
        "ZIPCODE_L": "84663",
        "ZIPCODE_R": "84663",
        "INCMUNI_L": "SPRINGVILLE",
        "INCMUNI_R": "SPRINGVILLE",
        "UNINCCOM_L": " ",
        "UNINCCOM_R": " ",
        "NBRHDCOM_L": " ",
        "NBRHDCOM_R": " ",
        "ER_CAD_ZON": " ",
        "ESN_L": " ",
        "ESN_R": " ",
        "MSAGCOMM_L": " ",
        "MSAGCOMM_R": " ",
        "ONEWAY": "0",
        "VERT_LEVEL": "0",
        "SPEED_LMT": 40,
        "ACCESSCODE": " ",
        "DOT_HWYNAM": "SR 51",
        "DOT_RTNAME": "0051P",
        "DOT_RTPART": "1",
        "DOT_F_MILE": 2.99,
        "DOT_T_MILE": 2.418,
        "DOT_FCLASS": " ",
        "DOT_SRFTYP": " ",
        "DOT_CLASS": "A",
        "DOT_OWN_L": "UDOT",
        "DOT_OWN_R": "UDOT",
        "DOT_AADT": 0,
        "DOT_AADTYR": " ",
        "DOT_THRULA": 0,
        "BIKE_L": " ",
        "BIKE_R": " ",
        "UNIQUE_ID": "12TVK47894446_STATE_RD",
        "LOCAL_UID": " ",
        "UTAHRD_UID": " ",
        "SOURCE": " ",
        "UPDATED": 1430784000000,
        "EFFECTIVE": null,
        "EXPIRE": null,
        "CUSTOMTAGS": " ",
        "Shape_STLe": 926.783571414,
        "START_ELEV": 1394.069091796875,
        "END_ELEV": 1398.90625,
        "STEL_FT": 4573.717639130859,
        "ENDEL_FT": 4589.58758125,
        "ELEV_CHANGE": 15.869942119140433,
        "SLOPE": 0.5217843538641711,
        "IMP_NO_12": null,
        "USE_CODE_12": null,
        "USE_CODE_DESCR_12": null,
        "COST_CLASS_DESCR_12": null,
        "EXTERIOR_WALL_12": null,
        "ABOVE_GRADE_AREA_12": null,
        "MEZZANINE_12": null,
        "BASEMENT_12": null,
        "BSMT_FINISH_12": null,
        "BSMT_UNFINISH_12": null,
        "QUALITY_DESCR_12": null,
        "CONDITION_12": null,
        "CONDITION_DESCR_12": null,
        "YEAR_BUILT_12": null,
        "UNIT_COUNT_12": null,
        "PCT_COMPLETE_12": null,
        "ALLOCATION_PCT_12": null,
        "IMP_NO_23": null,
        "USE_CODE_23": null,
        "USE_CODE_DESCR_23": null,
        "COST_CLASS_DESCR_23": null,
        "EXTERIOR_WALL_23": null,
        "ABOVE_GRADE_AREA_23": null,
        "MEZZANINE_23": null,
        "BASEMENT_23": null,
        "BSMT_FINISH_23": null,
        "BSMT_UNFINISH_23": null,
        "QUALITY_DESCR_23": null,
        "CONDITION_23": null,
        "CONDITION_DESCR_23": null,
        "YEAR_BUILT_23": null,
        "UNIT_COUNT_23": null,
        "PCT_COMPLETE_23": null,
        "ALLOCATION_PCT_23": null,
        "Entry": 1746,
        "Year": 2025,
        "Record_Date": "2025-01-10",
        "Grantor": "NUSINK, NANCY LEE DEC NANCY LEE NUSINK REVOCABLE LIVING TRUST 11-13-2020",
        "Grantee": "NUSINK, BRADLEY DAVID SUCTEE NANCY LEE NUSINK REVOCABLE LIVING TRUST 11-13-2020",
        "Tax_Address": "1785 N SOUTH STATE SPRINGVILLE, UT 84663",
        "Serial_Number": "26:027:0041",
        "Serial_Number_Available": "Yes",
        "Detail_URL": "https://www.utahcounty.gov/LandRecords/document.asp?avEntry=1746&avYear=2025",
        "Document_Type": "AF DC",
        "Shape_Length_12_13": 1336.3902909516316,
        "Shape_Area_12_13": 8769.315131590827,
        "DocType": "AFDC",
        "Shape_Length": 0.01109356412291648,
        "Shape_Area": 6.289418327523858e-06
      }
    },
    {
      "type": "Feature",
      "id": 12,
      "geometry": {
        "type": "Polygon",
        "coordinates": [
          [
            [
              -111.57861100899999,
              40.110332252000035
            ],
            [
              -111.57862671199996,
              40.112211509000076
            ],
            [
              -111.58098577699997,
              40.112199865000036
            ],
            [
              -111.58097000999999,
              40.11032059900003
            ],
            [
              -111.57861100899999,
              40.110332252000035
            ]
          ]
        ]
      },
      "properties": {
        "OBJECTID": 12,
        "Join_Count": 1,
        "TARGET_FID": 10820443,
        "PARCEL_NO": 270330238,
        "PARCELID": "270330238",
        "PARCELID_LABEL": "27:033:0238",
        "OWNER_NAME": "QUMRAN LLC",
        "CARE_NAME": null,
        "ACREAGE": 10.36948,
        "SITE_FULL_ADDRESS": null,
        "SITE_HOUSE_NUM": null,
        "SITE_PRE_DIR": null,
        "SITE_STREET_NAME": null,
        "SITE_STREET_TYPE": null,
        "SITE_POST_DIR": null,
        "SITE_STREET_UNIT": null,
        "SITE_CITY": null,
        "SITE_STATE": null,
        "SITE_ZIP5": "84664",
        "OWN_FULL_ADDRESS": "1390 W PARK MEADOWS DR  MAPLETON, UT 84664-4834",
        "OWN_STREET_ADDRESS": "1390 W PARK MEADOWS DR",
        "OWN_CITY": "MAPLETON",
        "OWN_STATE": "UT",
        "OWN_ZIP5": "84664",
        "VESTING_DOC": "130191-2017",
        "PARCEL_CREATE_DATE": 1514678400000,
        "MAP_FILING_NO": null,
        "SUB_NAME": null,
        "LEGAL_DESCR": "COM N 0 DEG 19' 2\" W 684.77 FT FR E 1/4 COR. SEC. 22, T8S, R3E, SLB&M.; N 0 DEG 19' 2\" W 684.77 FT; S 89 DEG 40' 58\" W 660 FT; S 0 DEG 19' 2\" E 684.77 FT; N 89 DEG 40' 57\" E 660 FT TO BEG. AREA 10.369 AC.",
        "BOOK_PAGE": 27033,
        "LOT": null,
        "BUILDING": null,
        "UNIT": null,
        "TAX_DISTRICT": "140",
        "TAX_DISTRICT_DESCR": "MAPLETON CITY",
        "SCHOOL_DISTRICT": "NEBO",
        "TAXABLE_CODE": 100,
        "ACCOUNT_TYPE": "RESIDENTIAL",
        "PROP_TYPE": 900,
        "PROP_TYPE_DESCR": "VACANT",
        "SPECIFIC_PROP_TYPE": 901,
        "SPC_PROP_TYP_DESCR": "Vac Res",
        "NEIGHBORHOOD": "115",
        "NBHD_DISTRICT": "712",
        "LAND_DISTRICT": 7103,
        "ECONOMIC_UNIT": null,
        "GLA_WEIGHTED_YRBLT": null,
        "TOTAL_ABOVE_GRADE_AREA": null,
        "TOTAL_MEZZANINE": null,
        "TOTAL_BASEMENT": null,
        "TOTAL_BSMT_FINISH": null,
        "TOTAL_UNIT_COUNT": null,
        "TOTAL_IMP_COUNT": null,
        "ASMT_YEAR": 2026,
        "ASMT_CODE": "V",
        "ASMT_CODE_DESCR": "VACANT",
        "MKT_LAND_VALUE": 1762200,
        "MKT_LAND_RES": 0,
        "MKT_LAND_AGR": 1762200,
        "MKT_LAND_COM": 0,
        "MKT_IMP_VALUE": 0,
        "MKT_IMP_RES": 0,
        "MKT_IMP_AGR": 0,
        "MKT_IMP_COM": 0,
        "MKT_CUR_VALUE": 1762200,
        "MKT_PRV_VAL": 1762200,
        "MKT_VAL_YR_CHG": 0,
        "MKT_PCT_CHG": 0,
        "TXBL_CUR_VALUE": 4138,
        "TXBL_PRV_VAL": 4138,
        "TXBL_VAL_YR_CHG": 0,
        "TXBL_PCT_CHG": 0,
        "TOT_CUR_TAXES": 0,
        "TOT_PRV_TAXES": 0,
        "TAXES_YR_CHG": 0,
        "TAXES_PCT_CHG": 0,
        "GREENBELT": "GB",
        "EXEMPT_RES": "N",
        "COMMON_AREA": null,
        "PUBLIC_ROAD": null,
        "PRIVATE_ROAD": null,
        "PART_CENTRAL_ASSD": null,
        "PART_TAXABLE": null,
        "IMP_NO_RES": null,
        "COST_GROUP_RES": null,
        "STYLE_DESCR_RES": null,
        "QUALITY_RES": null,
        "QUALITY_DESCR_RES": null,
        "CONDITION_RES": null,
        "CONDITION_DESCR_RES": null,
        "YEARBLT_RES": null,
        "GLA_RES": null,
        "BASEMENT_RES": null,
        "BSMT_FINISH_RES": null,
        "ATT_GARAGE_SQFT_RES": null,
        "BATHROOMS_RES": null,
        "GLA_BEDROOMS_RES": null,
        "EXTERIOR_RES": null,
        "ALLOCATION_PCT_RES": null,
        "TRAV_COUNT": 1,
        "LASTUPDATE": null,
        "CREATED_DATE": 1712330344000,
        "LAST_EDITED_DATE": 1712330533000,
        "GLOBALID": "{50EFA24E-A97D-40E5-BFEE-862014E3D6F6}",
        "Join_Count_12": 1,
        "TARGET_FID_12": 2142,
        "Code": "RR",
        "Desc_Cleaned": "Residential Agricultural",
        "Description": "Rural Residential",
        "City": "Mapleton",
        "Description_detailed": null,
        "Desc": null,
        "Acres": 1871.219998,
        "CityLU": null,
        "Unit_Rate": null,
        "Parcel_Area": 41961,
        "PctDeveloped": null,
        "Slope_Score": 5,
        "GP_Score": 6,
        "Ownership_Type": "Business",
        "Ownership_Score": 5,
        "Wetlands_Score": 10,
        "Municipality_Score": 10,
        "Final_Score": 6.35,
        "OBJECTID_12": 2142,
        "Join_Count_12_13": 0,
        "TARGET_FID_12_13": 2142,
        "Area": null,
        "Shape_Length_12": null,
        "Shape_Area_12": null,
        "STATUS": " ",
        "CARTOCODE": "11",
        "FULLNAME": "MAIN ST",
        "FROMADDR_L": 2111,
        "TOADDR_L": 2199,
        "FROMADDR_R": 2110,
        "TOADDR_R": 2198,
        "PARITY_L": " ",
        "PARITY_R": " ",
        "PREDIR": "S",
        "NAME": "MAIN",
        "POSTTYPE": "ST",
        "POSTDIR": " ",
        "AN_NAME": " ",
        "AN_POSTDIR": " ",
        "A1_PREDIR": " ",
        "A1_NAME": " ",
        "A1_POSTTYP": " ",
        "A1_POSTDIR": " ",
        "A2_PREDIR": " ",
        "A2_NAME": " ",
        "A2_POSTTYP": " ",
        "A2_POSTDIR": " ",
        "QUADRANT_L": "SE",
        "QUADRANT_R": "SW",
        "STATE_L": "UT",
        "STATE_R": "UT",
        "COUNTY_L": "49049",
        "COUNTY_R": "49049",
        "ADDRSYS_L": "Mapleton",
        "ADDRSYS_R": "Mapleton",
        "POSTCOMM_L": "MAPLETON",
        "POSTCOMM_R": "MAPLETON",
        "ZIPCODE_L": "84664",
        "ZIPCODE_R": "84664",
        "INCMUNI_L": "MAPLETON",
        "INCMUNI_R": "MAPLETON",
        "UNINCCOM_L": " ",
        "UNINCCOM_R": " ",
        "NBRHDCOM_L": " ",
        "NBRHDCOM_R": " ",
        "ER_CAD_ZON": " ",
        "ESN_L": " ",
        "ESN_R": " ",
        "MSAGCOMM_L": " ",
        "MSAGCOMM_R": " ",
        "ONEWAY": "0",
        "VERT_LEVEL": "0",
        "SPEED_LMT": 25,
        "ACCESSCODE": " ",
        "DOT_HWYNAM": " ",
        "DOT_RTNAME": " ",
        "DOT_RTPART": " ",
        "DOT_F_MILE": 0,
        "DOT_T_MILE": 0,
        "DOT_FCLASS": " ",
        "DOT_SRFTYP": " ",
        "DOT_CLASS": "C",
        "DOT_OWN_L": "MU Mapleton",
        "DOT_OWN_R": "MU Mapleton",
        "DOT_AADT": 0,
        "DOT_AADTYR": " ",
        "DOT_THRULA": 0,
        "BIKE_L": " ",
        "BIKE_R": " ",
        "UNIQUE_ID": "12TVK50694009_MAIN_ST",
        "LOCAL_UID": " ",
        "UTAHRD_UID": " ",
        "SOURCE": " ",
        "UPDATED": 1486425600000,
        "EFFECTIVE": null,
        "EXPIRE": null,
        "CUSTOMTAGS": " ",
        "Shape_STLe": 278.916291249,
        "START_ELEV": 1460.326416015625,
        "END_ELEV": 1477.64208984375,
        "STEL_FT": 4791.097318720703,
        "ENDEL_FT": 4847.907274042968,
        "ELEV_CHANGE": 56.80995532226552,
        "SLOPE": 6.206470597095077,
        "IMP_NO_12": null,
        "USE_CODE_12": null,
        "USE_CODE_DESCR_12": null,
        "COST_CLASS_DESCR_12": null,
        "EXTERIOR_WALL_12": null,
        "ABOVE_GRADE_AREA_12": null,
        "MEZZANINE_12": null,
        "BASEMENT_12": null,
        "BSMT_FINISH_12": null,
        "BSMT_UNFINISH_12": null,
        "QUALITY_DESCR_12": null,
        "CONDITION_12": null,
        "CONDITION_DESCR_12": null,
        "YEAR_BUILT_12": null,
        "UNIT_COUNT_12": null,
        "PCT_COMPLETE_12": null,
        "ALLOCATION_PCT_12": null,
        "IMP_NO_23": null,
        "USE_CODE_23": null,
        "USE_CODE_DESCR_23": null,
        "COST_CLASS_DESCR_23": null,
        "EXTERIOR_WALL_23": null,
        "ABOVE_GRADE_AREA_23": null,
        "MEZZANINE_23": null,
        "BASEMENT_23": null,
        "BSMT_FINISH_23": null,
        "BSMT_UNFINISH_23": null,
        "QUALITY_DESCR_23": null,
        "CONDITION_23": null,
        "CONDITION_DESCR_23": null,
        "YEAR_BUILT_23": null,
        "UNIT_COUNT_23": null,
        "PCT_COMPLETE_23": null,
        "ALLOCATION_PCT_23": null,
        "Entry": 28486,
        "Year": 2025,
        "Record_Date": "2025-04-21",
        "Grantor": "ALLAN, JAMES COLLIN AKA ALLAN, J COLLIN DEC J COLLIN ALLAN LIVING TRUST 08-20-2020",
        "Grantee": "ALLAN, SCOTT EVAN SUCTEE J COLLIN ALLAN LIVING TRUST 08-20-2020",
        "Tax_Address": "62 E 800 N SPANISH FORK, UT 84660",
        "Serial_Number": "27:033:0239",
        "Serial_Number_Available": "Yes",
        "Detail_URL": "https://www.utahcounty.gov/LandRecords/document.asp?avEntry=28486&avYear=2025",
        "Document_Type": "AF DC",
        "Shape_Length_12_13": 2191.6346068155453,
        "Shape_Area_12_13": 207653.05818538257,
        "DocType": "AFDC",
        "Shape_Length": 0.008476778264921925,
        "Shape_Area": 4.433423183338467e-06
      }
    },
    {
      "type": "Feature",
      "id": 13,
      "geometry": {
        "type": "Polygon",
        "coordinates": [
          [
            [
              -111.58426478499996,
              40.11220811700008
            ],
            [
              -111.584264814,
              40.11220810000003
            ],
            [
              -111.58426258199995,
              40.110396886000046
            ],
            [
              -111.58336903699995,
              40.11039752900007
            ],
            [
              -111.58336659799994,
              40.108388029000025
            ],
            [
              -111.58100777599998,
              40.108420341000055
            ],
            [
              -111.58101221399994,
              40.11218292900003
            ],
            [
              -111.58268603999994,
              40.11218175300007
            ],
            [
              -111.58268585099995,
              40.11216232400005
            ],
            [
              -111.58268005199994,
              40.111563971000066
            ],
            [
              -111.58339507099998,
              40.11156346200005
            ],
            [
              -111.58340076099995,
              40.112161677000074
            ],
            [
              -111.58340094399995,
              40.11218091500007
            ],
            [
              -111.58337935599997,
              40.11218106300004
            ],
            [
              -111.58337896299997,
              40.11218106300004
            ],
            [
              -111.58337896299997,
              40.11218128300004
            ],
            [
              -111.58337904599995,
              40.11220875400005
            ],
            [
              -111.58426478499996,
              40.11220811700008
            ]
          ]
        ]
      },
      "properties": {
        "OBJECTID": 13,
        "Join_Count": 1,
        "TARGET_FID": 10820447,
        "PARCEL_NO": 270330245,
        "PARCELID": "270330245",
        "PARCELID_LABEL": "27:033:0245",
        "OWNER_NAME": "ALLAN, SCOTT EVAN (ET AL)",
        "CARE_NAME": null,
        "ACREAGE": 23.595143,
        "SITE_FULL_ADDRESS": null,
        "SITE_HOUSE_NUM": null,
        "SITE_PRE_DIR": null,
        "SITE_STREET_NAME": null,
        "SITE_STREET_TYPE": null,
        "SITE_POST_DIR": null,
        "SITE_STREET_UNIT": null,
        "SITE_CITY": null,
        "SITE_STATE": null,
        "SITE_ZIP5": "84664",
        "OWN_FULL_ADDRESS": "62 E 800 N  SPANISH FORK, UT 84660",
        "OWN_STREET_ADDRESS": "62 E 800 N",
        "OWN_CITY": "SPANISH FORK",
        "OWN_STATE": "UT",
        "OWN_ZIP5": "84660",
        "VESTING_DOC": "28486-2025 (MORE)",
        "PARCEL_CREATE_DATE": 1619136000000,
        "MAP_FILING_NO": null,
        "SUB_NAME": null,
        "LEGAL_DESCR": "COM S 1319.92 FT & W 1569.9 FT FR NE COR. SEC. 22, T8S, R3E, SLB&M.; E 247.8 FT; S 0 DEG 4' 44\" E 10.01 FT; S .08 FT; W .11 FT; ALONG A CURVE TO L (CHORD BEARS: S 89 DEG 32' 32\" W 6.04 FT, RADIUS = 377.98 FT); S 0 DEG 21' 53\" E 7.01 FT; S 0 DEG 21' 54\" E 217.98 FT; E 200.04 FT; N 0 DEG 22' 24\" W 218.03 FT; N 0 DEG 22' 27\" W 7.08 FT; E 468.28 FT; S 1370.99 FT; S 89 DEG 1' 50\" W 660.06 FT; N 732.21 FT; W 249.99 FT; N 0 DEG 0' 1\" W 659.96 FT TO BEG. AREA 23.595 AC.",
        "BOOK_PAGE": 27033,
        "LOT": null,
        "BUILDING": null,
        "UNIT": null,
        "TAX_DISTRICT": "140",
        "TAX_DISTRICT_DESCR": "MAPLETON CITY",
        "SCHOOL_DISTRICT": "NEBO",
        "TAXABLE_CODE": 100,
        "ACCOUNT_TYPE": "RESIDENTIAL",
        "PROP_TYPE": 900,
        "PROP_TYPE_DESCR": "VACANT",
        "SPECIFIC_PROP_TYPE": 901,
        "SPC_PROP_TYP_DESCR": "Vac Res",
        "NEIGHBORHOOD": "115",
        "NBHD_DISTRICT": "712",
        "LAND_DISTRICT": 7103,
        "ECONOMIC_UNIT": null,
        "GLA_WEIGHTED_YRBLT": null,
        "TOTAL_ABOVE_GRADE_AREA": null,
        "TOTAL_MEZZANINE": null,
        "TOTAL_BASEMENT": null,
        "TOTAL_BSMT_FINISH": null,
        "TOTAL_UNIT_COUNT": null,
        "TOTAL_IMP_COUNT": null,
        "ASMT_YEAR": 2026,
        "ASMT_CODE": "V",
        "ASMT_CODE_DESCR": "VACANT",
        "MKT_LAND_VALUE": 4008200,
        "MKT_LAND_RES": 0,
        "MKT_LAND_AGR": 4008200,
        "MKT_LAND_COM": 0,
        "MKT_IMP_VALUE": 0,
        "MKT_IMP_RES": 0,
        "MKT_IMP_AGR": 0,
        "MKT_IMP_COM": 0,
        "MKT_CUR_VALUE": 4008200,
        "MKT_PRV_VAL": 4008200,
        "MKT_VAL_YR_CHG": 0,
        "MKT_PCT_CHG": 0,
        "TXBL_CUR_VALUE": 10406,
        "TXBL_PRV_VAL": 10406,
        "TXBL_VAL_YR_CHG": 0,
        "TXBL_PCT_CHG": 0,
        "TOT_CUR_TAXES": 0,
        "TOT_PRV_TAXES": 0,
        "TAXES_YR_CHG": 0,
        "TAXES_PCT_CHG": 0,
        "GREENBELT": "GB",
        "EXEMPT_RES": "N",
        "COMMON_AREA": null,
        "PUBLIC_ROAD": null,
        "PRIVATE_ROAD": null,
        "PART_CENTRAL_ASSD": null,
        "PART_TAXABLE": null,
        "IMP_NO_RES": null,
        "COST_GROUP_RES": null,
        "STYLE_DESCR_RES": null,
        "QUALITY_RES": null,
        "QUALITY_DESCR_RES": null,
        "CONDITION_RES": null,
        "CONDITION_DESCR_RES": null,
        "YEARBLT_RES": null,
        "GLA_RES": null,
        "BASEMENT_RES": null,
        "BSMT_FINISH_RES": null,
        "ATT_GARAGE_SQFT_RES": null,
        "BATHROOMS_RES": null,
        "GLA_BEDROOMS_RES": null,
        "EXTERIOR_RES": null,
        "ALLOCATION_PCT_RES": null,
        "TRAV_COUNT": 1,
        "LASTUPDATE": null,
        "CREATED_DATE": 1712330344000,
        "LAST_EDITED_DATE": 1712330533000,
        "GLOBALID": "{975B2F01-BDD6-4A53-ACEF-54DD20456EBB}",
        "Join_Count_12": 1,
        "TARGET_FID_12": 2143,
        "Code": "RR",
        "Desc_Cleaned": "Residential Agricultural",
        "Description": "Rural Residential",
        "City": "Mapleton",
        "Description_detailed": null,
        "Desc": null,
        "Acres": 1871.219998,
        "CityLU": null,
        "Unit_Rate": null,
        "Parcel_Area": 95485,
        "PctDeveloped": null,
        "Slope_Score": 10,
        "GP_Score": 6,
        "Ownership_Type": "Private",
        "Ownership_Score": 10,
        "Wetlands_Score": 0,
        "Municipality_Score": 10,
        "Final_Score": 7.6,
        "OBJECTID_12": 2143,
        "Join_Count_12_13": 0,
        "TARGET_FID_12_13": 2143,
        "Area": null,
        "Shape_Length_12": null,
        "Shape_Area_12": null,
        "STATUS": " ",
        "CARTOCODE": "11",
        "FULLNAME": "2000 S",
        "FROMADDR_L": 251,
        "TOADDR_L": 589,
        "FROMADDR_R": 250,
        "TOADDR_R": 588,
        "PARITY_L": " ",
        "PARITY_R": " ",
        "PREDIR": "W",
        "NAME": "2000",
        "POSTTYPE": " ",
        "POSTDIR": "S",
        "AN_NAME": " ",
        "AN_POSTDIR": " ",
        "A1_PREDIR": " ",
        "A1_NAME": " ",
        "A1_POSTTYP": " ",
        "A1_POSTDIR": " ",
        "A2_PREDIR": " ",
        "A2_NAME": " ",
        "A2_POSTTYP": " ",
        "A2_POSTDIR": " ",
        "QUADRANT_L": "SW",
        "QUADRANT_R": "SW",
        "STATE_L": "UT",
        "STATE_R": "UT",
        "COUNTY_L": "49049",
        "COUNTY_R": "49049",
        "ADDRSYS_L": "Mapleton",
        "ADDRSYS_R": "Mapleton",
        "POSTCOMM_L": "MAPLETON",
        "POSTCOMM_R": "MAPLETON",
        "ZIPCODE_L": "84664",
        "ZIPCODE_R": "84664",
        "INCMUNI_L": "MAPLETON",
        "INCMUNI_R": "MAPLETON",
        "UNINCCOM_L": " ",
        "UNINCCOM_R": " ",
        "NBRHDCOM_L": " ",
        "NBRHDCOM_R": " ",
        "ER_CAD_ZON": " ",
        "ESN_L": " ",
        "ESN_R": " ",
        "MSAGCOMM_L": " ",
        "MSAGCOMM_R": " ",
        "ONEWAY": "0",
        "VERT_LEVEL": "0",
        "SPEED_LMT": 25,
        "ACCESSCODE": " ",
        "DOT_HWYNAM": " ",
        "DOT_RTNAME": " ",
        "DOT_RTPART": " ",
        "DOT_F_MILE": 0,
        "DOT_T_MILE": 0,
        "DOT_FCLASS": " ",
        "DOT_SRFTYP": "P",
        "DOT_CLASS": "C",
        "DOT_OWN_L": "MU Mapleton",
        "DOT_OWN_R": "MU Mapleton",
        "DOT_AADT": 0,
        "DOT_AADTYR": " ",
        "DOT_THRULA": 0,
        "BIKE_L": " ",
        "BIKE_R": " ",
        "UNIQUE_ID": "12TVK50284037_2000_S",
        "LOCAL_UID": " ",
        "UTAHRD_UID": " ",
        "SOURCE": " ",
        "UPDATED": 1522195200000,
        "EFFECTIVE": null,
        "EXPIRE": null,
        "CUSTOMTAGS": " ",
        "Shape_STLe": 264.682280389,
        "START_ELEV": 1445.2872314453125,
        "END_ELEV": 1440.7274169921875,
        "STEL_FT": 4741.756160415039,
        "ENDEL_FT": 4726.796138764648,
        "ELEV_CHANGE": 14.960021650390445,
        "SLOPE": 1.722271448397842,
        "IMP_NO_12": null,
        "USE_CODE_12": null,
        "USE_CODE_DESCR_12": null,
        "COST_CLASS_DESCR_12": null,
        "EXTERIOR_WALL_12": null,
        "ABOVE_GRADE_AREA_12": null,
        "MEZZANINE_12": null,
        "BASEMENT_12": null,
        "BSMT_FINISH_12": null,
        "BSMT_UNFINISH_12": null,
        "QUALITY_DESCR_12": null,
        "CONDITION_12": null,
        "CONDITION_DESCR_12": null,
        "YEAR_BUILT_12": null,
        "UNIT_COUNT_12": null,
        "PCT_COMPLETE_12": null,
        "ALLOCATION_PCT_12": null,
        "IMP_NO_23": null,
        "USE_CODE_23": null,
        "USE_CODE_DESCR_23": null,
        "COST_CLASS_DESCR_23": null,
        "EXTERIOR_WALL_23": null,
        "ABOVE_GRADE_AREA_23": null,
        "MEZZANINE_23": null,
        "BASEMENT_23": null,
        "BSMT_FINISH_23": null,
        "BSMT_UNFINISH_23": null,
        "QUALITY_DESCR_23": null,
        "CONDITION_23": null,
        "CONDITION_DESCR_23": null,
        "YEAR_BUILT_23": null,
        "UNIT_COUNT_23": null,
        "PCT_COMPLETE_23": null,
        "ALLOCATION_PCT_23": null,
        "Entry": 28486,
        "Year": 2025,
        "Record_Date": "2025-04-21",
        "Grantor": "ALLAN, JAMES COLLIN AKA ALLAN, J COLLIN DEC J COLLIN ALLAN LIVING TRUST 08-20-2020",
        "Grantee": "ALLAN, SCOTT EVAN SUCTEE J COLLIN ALLAN LIVING TRUST 08-20-2020",
        "Tax_Address": "62 E 800 N SPANISH FORK, UT 84660",
        "Serial_Number": "27:033:0245",
        "Serial_Number_Available": "Yes",
        "Detail_URL": "https://www.utahcounty.gov/LandRecords/document.asp?avEntry=28486&avYear=2025",
        "Document_Type": "AF DC",
        "Shape_Length_12_13": 5054.102545982744,
        "Shape_Area_12_13": 1027787.8621152568,
        "DocType": "AFDC",
        "Shape_Length": 0.015395479025804055,
        "Shape_Area": 1.0088363157637714e-05
      }
    },
    {
      "type": "Feature",
      "id": 14,
      "geometry": {
        "type": "Polygon",
        "coordinates": [
          [
            [
              -111.63055304399995,
              40.06139610300005
            ],
            [
              -111.63055132599999,
              40.06049041800003
            ],
            [
              -111.62723562599996,
              40.06049409000008
            ],
            [
              -111.6272292307697,
              40.060537522801695
            ],
            [
              -111.6272286845172,
              40.06058142051045
            ],
            [
              -111.62723399699996,
              40.06062499900003
            ],
            [
              -111.62726992299997,
              40.060816817000045
            ],
            [
              -111.62719862399996,
              40.060856837000074
            ],
            [
              -111.62583732899998,
              40.06085247500005
            ],
            [
              -111.62583833399998,
              40.061401303000025
            ],
            [
              -111.63055304399995,
              40.06139610300005
            ]
          ]
        ]
      },
      "properties": {
        "OBJECTID": 14,
        "Join_Count": 1,
        "TARGET_FID": 10822965,
        "PARCEL_NO": 290490023,
        "PARCELID": "290490023",
        "PARCELID_LABEL": "29:049:0023",
        "OWNER_NAME": "KENNETH LEE BROWN AND YVONNE K BROWN FAMILY TRUST 01-03-2018 (ET AL)",
        "CARE_NAME": null,
        "ACREAGE": 10.162936,
        "SITE_FULL_ADDRESS": "1087 E 9600 SOUTH, SALEM DIST, UT",
        "SITE_HOUSE_NUM": "1087",
        "SITE_PRE_DIR": "E",
        "SITE_STREET_NAME": "9600 SOUTH",
        "SITE_STREET_TYPE": null,
        "SITE_POST_DIR": null,
        "SITE_STREET_UNIT": null,
        "SITE_CITY": "SALEM DIST",
        "SITE_STATE": "UT",
        "SITE_ZIP5": "84653",
        "OWN_FULL_ADDRESS": "1087 E 9600 S  SALEM, UT 84653-9247",
        "OWN_STREET_ADDRESS": "1087 E 9600 S",
        "OWN_CITY": "SALEM",
        "OWN_STATE": "UT",
        "OWN_ZIP5": "84653",
        "VESTING_DOC": "12054-2018",
        "PARCEL_CREATE_DATE": 1280361600000,
        "MAP_FILING_NO": null,
        "SUB_NAME": null,
        "LEGAL_DESCR": "COM N 1708.7 FT & W 1306.64 FT FR S 1/4 COR. SEC. 5, T9S, R3E, SLB&M.; E 1319.95 FT; S 199.97 FT; N 89 DEG 40' 48\" W 381.12 FT; S 53 DEG 55' 59\" W 24.72 FT; S 8 DEG 6' 28\" E 70.61 FT; ALONG A CURVE TO R (CHORD BEARS: S 0 DEG 37' 46\" W 47.7 FT, RADIUS = 157 FT); W 928.29 FT; N 329.99 FT TO BEG. AREA 8.810 AC. ALSO COM S 0 DEG 18' 54\" E 1324.14 FT & S 89 DEG 40' 48\" E 1310.45 FT FR W 1/4 COR. SEC. 5, T9S, R3E, SLB&M.; S 89 DEG 40' 48\" E 709.16 FT; S 31 DEG 24' 24\" W 210.13 FT; N 68 DEG 33' 57\" W 113.5 FT; N 86 DEG 19' 43\" W 46.89 FT; N 47 DEG 56' 12\" W 138.89 FT; S 88 DEG 55' 43\" W 344.12 FT; N 0 DEG 2' 36\" W 52.21 FT TO BEG. AREA 1.353 AC. TOTAL AREA 10.163 AC.",
        "BOOK_PAGE": 29049,
        "LOT": null,
        "BUILDING": null,
        "UNIT": null,
        "TAX_DISTRICT": "120",
        "TAX_DISTRICT_DESCR": "NEBO SCHOOL DIST S/A 6-7-8",
        "SCHOOL_DISTRICT": "NEBO",
        "TAXABLE_CODE": 100,
        "ACCOUNT_TYPE": "RESIDENTIAL",
        "PROP_TYPE": 111,
        "PROP_TYPE_DESCR": "SINGLE FAMILY RES",
        "SPECIFIC_PROP_TYPE": 118,
        "SPC_PROP_TYP_DESCR": "Manuf Home",
        "NEIGHBORHOOD": "124",
        "NBHD_DISTRICT": "815",
        "LAND_DISTRICT": 8013,
        "ECONOMIC_UNIT": null,
        "GLA_WEIGHTED_YRBLT": 1994,
        "TOTAL_ABOVE_GRADE_AREA": 4163,
        "TOTAL_MEZZANINE": 0,
        "TOTAL_BASEMENT": 0,
        "TOTAL_BSMT_FINISH": 0,
        "TOTAL_UNIT_COUNT": 1,
        "TOTAL_IMP_COUNT": 6,
        "ASMT_YEAR": 2026,
        "ASMT_CODE": "HROB",
        "ASMT_CODE_DESCR": "M/H AFFIXED > 1 ACRE",
        "MKT_LAND_VALUE": 722700,
        "MKT_LAND_RES": 221000,
        "MKT_LAND_AGR": 501700,
        "MKT_LAND_COM": 0,
        "MKT_IMP_VALUE": 261700,
        "MKT_IMP_RES": 261700,
        "MKT_IMP_AGR": 0,
        "MKT_IMP_COM": 0,
        "MKT_CUR_VALUE": 984400,
        "MKT_PRV_VAL": 984400,
        "MKT_VAL_YR_CHG": 0,
        "MKT_PCT_CHG": 0,
        "TXBL_CUR_VALUE": 209088,
        "TXBL_PRV_VAL": 209088,
        "TXBL_VAL_YR_CHG": 0,
        "TXBL_PCT_CHG": 0,
        "TOT_CUR_TAXES": 0,
        "TOT_PRV_TAXES": 0,
        "TAXES_YR_CHG": 0,
        "TAXES_PCT_CHG": 0,
        "GREENBELT": "GB",
        "EXEMPT_RES": "Y",
        "COMMON_AREA": null,
        "PUBLIC_ROAD": null,
        "PRIVATE_ROAD": null,
        "PART_CENTRAL_ASSD": null,
        "PART_TAXABLE": null,
        "IMP_NO_RES": 77700,
        "COST_GROUP_RES": "MFG",
        "STYLE_DESCR_RES": "One-Section 16' Wide",
        "QUALITY_RES": 3,
        "QUALITY_DESCR_RES": "Average",
        "CONDITION_RES": 3,
        "CONDITION_DESCR_RES": "Average",
        "YEARBLT_RES": 2001,
        "GLA_RES": 1820,
        "BASEMENT_RES": 0,
        "BSMT_FINISH_RES": 0,
        "ATT_GARAGE_SQFT_RES": null,
        "BATHROOMS_RES": 2,
        "GLA_BEDROOMS_RES": 3,
        "EXTERIOR_RES": "Lap Siding",
        "ALLOCATION_PCT_RES": null,
        "TRAV_COUNT": 2,
        "LASTUPDATE": null,
        "CREATED_DATE": 1712330344000,
        "LAST_EDITED_DATE": 1712330533000,
        "GLOBALID": "{4951D921-F27F-4BFB-B05D-0712EE391F63}",
        "Join_Count_12": 1,
        "TARGET_FID_12": 2977,
        "Code": null,
        "Desc_Cleaned": "Medium Density Residential",
        "Description": "Mixed Density Northeast",
        "City": "Salem",
        "Description_detailed": null,
        "Desc": null,
        "Acres": 1051.55,
        "CityLU": null,
        "Unit_Rate": null,
        "Parcel_Area": 35654,
        "PctDeveloped": 0,
        "Slope_Score": 10,
        "GP_Score": 8,
        "Ownership_Type": "Private",
        "Ownership_Score": 10,
        "Wetlands_Score": 0,
        "Municipality_Score": 10,
        "Final_Score": 8.3,
        "OBJECTID_12": 2977,
        "Join_Count_12_13": 5,
        "TARGET_FID_12_13": 2977,
        "Area": 170,
        "Shape_Length_12": 172.6518856883049,
        "Shape_Area_12": 1834.5137201032971,
        "STATUS": " ",
        "CARTOCODE": "13",
        "FULLNAME": "STRAWBERRY CANAL RD",
        "FROMADDR_L": 0,
        "TOADDR_L": 0,
        "FROMADDR_R": 0,
        "TOADDR_R": 0,
        "PARITY_L": " ",
        "PARITY_R": " ",
        "PREDIR": "S",
        "NAME": "STRAWBERRY CANAL",
        "POSTTYPE": "RD",
        "POSTDIR": " ",
        "AN_NAME": " ",
        "AN_POSTDIR": " ",
        "A1_PREDIR": " ",
        "A1_NAME": " ",
        "A1_POSTTYP": " ",
        "A1_POSTDIR": " ",
        "A2_PREDIR": " ",
        "A2_NAME": " ",
        "A2_POSTTYP": " ",
        "A2_POSTDIR": " ",
        "QUADRANT_L": "SE",
        "QUADRANT_R": "SE",
        "STATE_L": "UT",
        "STATE_R": "UT",
        "COUNTY_L": "49049",
        "COUNTY_R": "49049",
        "ADDRSYS_L": "Provo",
        "ADDRSYS_R": "Provo",
        "POSTCOMM_L": "SALEM",
        "POSTCOMM_R": "SALEM",
        "ZIPCODE_L": "84653",
        "ZIPCODE_R": "84653",
        "INCMUNI_L": " ",
        "INCMUNI_R": " ",
        "UNINCCOM_L": " ",
        "UNINCCOM_R": " ",
        "NBRHDCOM_L": " ",
        "NBRHDCOM_R": " ",
        "ER_CAD_ZON": " ",
        "ESN_L": " ",
        "ESN_R": " ",
        "MSAGCOMM_L": " ",
        "MSAGCOMM_R": " ",
        "ONEWAY": "0",
        "VERT_LEVEL": "0",
        "SPEED_LMT": 25,
        "ACCESSCODE": " ",
        "DOT_HWYNAM": " ",
        "DOT_RTNAME": " ",
        "DOT_RTPART": " ",
        "DOT_F_MILE": 0,
        "DOT_T_MILE": 0,
        "DOT_FCLASS": " ",
        "DOT_SRFTYP": "I",
        "DOT_CLASS": "D",
        "DOT_OWN_L": "CO Utah",
        "DOT_OWN_R": "CO Utah",
        "DOT_AADT": 0,
        "DOT_AADTYR": " ",
        "DOT_THRULA": 0,
        "BIKE_L": " ",
        "BIKE_R": " ",
        "UNIQUE_ID": "12TVK45983387_STRAWBERRY CANAL_RD",
        "LOCAL_UID": " ",
        "UTAHRD_UID": " ",
        "SOURCE": " ",
        "UPDATED": 1522195200000,
        "EFFECTIVE": null,
        "EXPIRE": null,
        "CUSTOMTAGS": " ",
        "Shape_STLe": 4498.6562442,
        "START_ELEV": 1482.14453125,
        "END_ELEV": 1473.3680419921875,
        "STEL_FT": 4862.67906390625,
        "ENDEL_FT": 4833.884806889649,
        "ELEV_CHANGE": 28.794257016601478,
        "SLOPE": 0.1950390382569483,
        "IMP_NO_12": null,
        "USE_CODE_12": null,
        "USE_CODE_DESCR_12": null,
        "COST_CLASS_DESCR_12": null,
        "EXTERIOR_WALL_12": null,
        "ABOVE_GRADE_AREA_12": null,
        "MEZZANINE_12": null,
        "BASEMENT_12": null,
        "BSMT_FINISH_12": null,
        "BSMT_UNFINISH_12": null,
        "QUALITY_DESCR_12": null,
        "CONDITION_12": null,
        "CONDITION_DESCR_12": null,
        "YEAR_BUILT_12": null,
        "UNIT_COUNT_12": null,
        "PCT_COMPLETE_12": null,
        "ALLOCATION_PCT_12": null,
        "IMP_NO_23": null,
        "USE_CODE_23": null,
        "USE_CODE_DESCR_23": null,
        "COST_CLASS_DESCR_23": null,
        "EXTERIOR_WALL_23": null,
        "ABOVE_GRADE_AREA_23": null,
        "MEZZANINE_23": null,
        "BASEMENT_23": null,
        "BSMT_FINISH_23": null,
        "BSMT_UNFINISH_23": null,
        "QUALITY_DESCR_23": null,
        "CONDITION_23": null,
        "CONDITION_DESCR_23": null,
        "YEAR_BUILT_23": null,
        "UNIT_COUNT_23": null,
        "PCT_COMPLETE_23": null,
        "ALLOCATION_PCT_23": null,
        "Entry": 33880,
        "Year": 2025,
        "Record_Date": "2025-05-08",
        "Grantor": "TWITCHELL, MARGIE KOYLE AKA TWITCHELL, MARGIE K DEC MARGIE K TWITCHELL FAMILY LIVING TRUST 03-26-2001 THE",
        "Grantee": "TWITCHELL, CLARON J TEE MARGIE K TWITCHELL FAMILY LIVING TRUST 03-26-2001 THE",
        "Tax_Address": "4908 WAIMEA WAY HOLLADAY, UT 84117",
        "Serial_Number": "29:049:0019",
        "Serial_Number_Available": "Yes",
        "Detail_URL": "https://www.utahcounty.gov/LandRecords/document.asp?avEntry=33880&avYear=2025",
        "Document_Type": "AF DC",
        "Shape_Length_12_13": 1079.1080144810699,
        "Shape_Area_12_13": 58931.03519785987,
        "DocType": "AFDC",
        "Shape_Length": 0.011254950066181794,
        "Shape_Area": 3.7642846191911973e-06
      }
    },
    {
      "type": "Feature",
      "id": 15,
      "geometry": {
        "type": "Polygon",
        "coordinates": [
          [
            [
              -111.62801266799994,
              40.06043966500005
            ],
            [
              -111.63054566199997,
              40.06044772200005
            ],
            [
              -111.63054526199994,
              40.06030442800005
            ],
            [
              -111.62931637299994,
              40.060323459000074
            ],
            [
              -111.62894759499994,
              40.06006848900006
            ],
            [
              -111.62878044099995,
              40.06006043300005
            ],
            [
              -111.62840286499994,
              40.059947015000034
            ],
            [
              -111.62801266799994,
              40.06043966500005
            ]
          ]
        ]
      },
      "properties": {
        "OBJECTID": 15,
        "Join_Count": 1,
        "TARGET_FID": 10822984,
        "PARCEL_NO": 290490023,
        "PARCELID": "290490023",
        "PARCELID_LABEL": "29:049:0023",
        "OWNER_NAME": "KENNETH LEE BROWN AND YVONNE K BROWN FAMILY TRUST 01-03-2018 (ET AL)",
        "CARE_NAME": null,
        "ACREAGE": 10.162936,
        "SITE_FULL_ADDRESS": "1087 E 9600 SOUTH, SALEM DIST, UT",
        "SITE_HOUSE_NUM": "1087",
        "SITE_PRE_DIR": "E",
        "SITE_STREET_NAME": "9600 SOUTH",
        "SITE_STREET_TYPE": null,
        "SITE_POST_DIR": null,
        "SITE_STREET_UNIT": null,
        "SITE_CITY": "SALEM DIST",
        "SITE_STATE": "UT",
        "SITE_ZIP5": "84653",
        "OWN_FULL_ADDRESS": "1087 E 9600 S  SALEM, UT 84653-9247",
        "OWN_STREET_ADDRESS": "1087 E 9600 S",
        "OWN_CITY": "SALEM",
        "OWN_STATE": "UT",
        "OWN_ZIP5": "84653",
        "VESTING_DOC": "12054-2018",
        "PARCEL_CREATE_DATE": 1280361600000,
        "MAP_FILING_NO": null,
        "SUB_NAME": null,
        "LEGAL_DESCR": "COM N 1708.7 FT & W 1306.64 FT FR S 1/4 COR. SEC. 5, T9S, R3E, SLB&M.; E 1319.95 FT; S 199.97 FT; N 89 DEG 40' 48\" W 381.12 FT; S 53 DEG 55' 59\" W 24.72 FT; S 8 DEG 6' 28\" E 70.61 FT; ALONG A CURVE TO R (CHORD BEARS: S 0 DEG 37' 46\" W 47.7 FT, RADIUS = 157 FT); W 928.29 FT; N 329.99 FT TO BEG. AREA 8.810 AC. ALSO COM S 0 DEG 18' 54\" E 1324.14 FT & S 89 DEG 40' 48\" E 1310.45 FT FR W 1/4 COR. SEC. 5, T9S, R3E, SLB&M.; S 89 DEG 40' 48\" E 709.16 FT; S 31 DEG 24' 24\" W 210.13 FT; N 68 DEG 33' 57\" W 113.5 FT; N 86 DEG 19' 43\" W 46.89 FT; N 47 DEG 56' 12\" W 138.89 FT; S 88 DEG 55' 43\" W 344.12 FT; N 0 DEG 2' 36\" W 52.21 FT TO BEG. AREA 1.353 AC. TOTAL AREA 10.163 AC.",
        "BOOK_PAGE": 29049,
        "LOT": null,
        "BUILDING": null,
        "UNIT": null,
        "TAX_DISTRICT": "120",
        "TAX_DISTRICT_DESCR": "NEBO SCHOOL DIST S/A 6-7-8",
        "SCHOOL_DISTRICT": "NEBO",
        "TAXABLE_CODE": 100,
        "ACCOUNT_TYPE": "RESIDENTIAL",
        "PROP_TYPE": 111,
        "PROP_TYPE_DESCR": "SINGLE FAMILY RES",
        "SPECIFIC_PROP_TYPE": 118,
        "SPC_PROP_TYP_DESCR": "Manuf Home",
        "NEIGHBORHOOD": "124",
        "NBHD_DISTRICT": "815",
        "LAND_DISTRICT": 8013,
        "ECONOMIC_UNIT": null,
        "GLA_WEIGHTED_YRBLT": 1994,
        "TOTAL_ABOVE_GRADE_AREA": 4163,
        "TOTAL_MEZZANINE": 0,
        "TOTAL_BASEMENT": 0,
        "TOTAL_BSMT_FINISH": 0,
        "TOTAL_UNIT_COUNT": 1,
        "TOTAL_IMP_COUNT": 6,
        "ASMT_YEAR": 2026,
        "ASMT_CODE": "HROB",
        "ASMT_CODE_DESCR": "M/H AFFIXED > 1 ACRE",
        "MKT_LAND_VALUE": 722700,
        "MKT_LAND_RES": 221000,
        "MKT_LAND_AGR": 501700,
        "MKT_LAND_COM": 0,
        "MKT_IMP_VALUE": 261700,
        "MKT_IMP_RES": 261700,
        "MKT_IMP_AGR": 0,
        "MKT_IMP_COM": 0,
        "MKT_CUR_VALUE": 984400,
        "MKT_PRV_VAL": 984400,
        "MKT_VAL_YR_CHG": 0,
        "MKT_PCT_CHG": 0,
        "TXBL_CUR_VALUE": 209088,
        "TXBL_PRV_VAL": 209088,
        "TXBL_VAL_YR_CHG": 0,
        "TXBL_PCT_CHG": 0,
        "TOT_CUR_TAXES": 0,
        "TOT_PRV_TAXES": 0,
        "TAXES_YR_CHG": 0,
        "TAXES_PCT_CHG": 0,
        "GREENBELT": "GB",
        "EXEMPT_RES": "Y",
        "COMMON_AREA": null,
        "PUBLIC_ROAD": null,
        "PRIVATE_ROAD": null,
        "PART_CENTRAL_ASSD": null,
        "PART_TAXABLE": null,
        "IMP_NO_RES": 77700,
        "COST_GROUP_RES": "MFG",
        "STYLE_DESCR_RES": "One-Section 16' Wide",
        "QUALITY_RES": 3,
        "QUALITY_DESCR_RES": "Average",
        "CONDITION_RES": 3,
        "CONDITION_DESCR_RES": "Average",
        "YEARBLT_RES": 2001,
        "GLA_RES": 1820,
        "BASEMENT_RES": 0,
        "BSMT_FINISH_RES": 0,
        "ATT_GARAGE_SQFT_RES": null,
        "BATHROOMS_RES": 2,
        "GLA_BEDROOMS_RES": 3,
        "EXTERIOR_RES": "Lap Siding",
        "ALLOCATION_PCT_RES": null,
        "TRAV_COUNT": 2,
        "LASTUPDATE": null,
        "CREATED_DATE": 1712330344000,
        "LAST_EDITED_DATE": 1712330533000,
        "GLOBALID": "{C94A5224-357F-40C6-8683-0CB1BDE12AB5}",
        "Join_Count_12": 1,
        "TARGET_FID_12": 2979,
        "Code": null,
        "Desc_Cleaned": "Medium Density Residential",
        "Description": "Mixed Density Northeast",
        "City": "Salem",
        "Description_detailed": null,
        "Desc": null,
        "Acres": 1051.55,
        "CityLU": null,
        "Unit_Rate": null,
        "Parcel_Area": 5475,
        "PctDeveloped": 1,
        "Slope_Score": 10,
        "GP_Score": 8,
        "Ownership_Type": "Private",
        "Ownership_Score": 10,
        "Wetlands_Score": 0,
        "Municipality_Score": 10,
        "Final_Score": 8.3,
        "OBJECTID_12": 2979,
        "Join_Count_12_13": 3,
        "TARGET_FID_12_13": 2979,
        "Area": 74,
        "Shape_Length_12": 113.01319659874801,
        "Shape_Area_12": 797.9562254360588,
        "STATUS": " ",
        "CARTOCODE": "13",
        "FULLNAME": "STRAWBERRY CANAL RD",
        "FROMADDR_L": 0,
        "TOADDR_L": 0,
        "FROMADDR_R": 0,
        "TOADDR_R": 0,
        "PARITY_L": " ",
        "PARITY_R": " ",
        "PREDIR": "S",
        "NAME": "STRAWBERRY CANAL",
        "POSTTYPE": "RD",
        "POSTDIR": " ",
        "AN_NAME": " ",
        "AN_POSTDIR": " ",
        "A1_PREDIR": " ",
        "A1_NAME": " ",
        "A1_POSTTYP": " ",
        "A1_POSTDIR": " ",
        "A2_PREDIR": " ",
        "A2_NAME": " ",
        "A2_POSTTYP": " ",
        "A2_POSTDIR": " ",
        "QUADRANT_L": "SE",
        "QUADRANT_R": "SE",
        "STATE_L": "UT",
        "STATE_R": "UT",
        "COUNTY_L": "49049",
        "COUNTY_R": "49049",
        "ADDRSYS_L": "Provo",
        "ADDRSYS_R": "Provo",
        "POSTCOMM_L": "SALEM",
        "POSTCOMM_R": "SALEM",
        "ZIPCODE_L": "84653",
        "ZIPCODE_R": "84653",
        "INCMUNI_L": " ",
        "INCMUNI_R": " ",
        "UNINCCOM_L": " ",
        "UNINCCOM_R": " ",
        "NBRHDCOM_L": " ",
        "NBRHDCOM_R": " ",
        "ER_CAD_ZON": " ",
        "ESN_L": " ",
        "ESN_R": " ",
        "MSAGCOMM_L": " ",
        "MSAGCOMM_R": " ",
        "ONEWAY": "0",
        "VERT_LEVEL": "0",
        "SPEED_LMT": 25,
        "ACCESSCODE": " ",
        "DOT_HWYNAM": " ",
        "DOT_RTNAME": " ",
        "DOT_RTPART": " ",
        "DOT_F_MILE": 0,
        "DOT_T_MILE": 0,
        "DOT_FCLASS": " ",
        "DOT_SRFTYP": "I",
        "DOT_CLASS": "D",
        "DOT_OWN_L": "CO Utah",
        "DOT_OWN_R": "CO Utah",
        "DOT_AADT": 0,
        "DOT_AADTYR": " ",
        "DOT_THRULA": 0,
        "BIKE_L": " ",
        "BIKE_R": " ",
        "UNIQUE_ID": "12TVK45983387_STRAWBERRY CANAL_RD",
        "LOCAL_UID": " ",
        "UTAHRD_UID": " ",
        "SOURCE": " ",
        "UPDATED": 1522195200000,
        "EFFECTIVE": null,
        "EXPIRE": null,
        "CUSTOMTAGS": " ",
        "Shape_STLe": 4498.6562442,
        "START_ELEV": 1482.14453125,
        "END_ELEV": 1473.3680419921875,
        "STEL_FT": 4862.67906390625,
        "ENDEL_FT": 4833.884806889649,
        "ELEV_CHANGE": 28.794257016601478,
        "SLOPE": 0.1950390382569483,
        "IMP_NO_12": 306007,
        "USE_CODE_12": 476,
        "USE_CODE_DESCR_12": "Shed - Farm Implement (Equip Shop)",
        "COST_CLASS_DESCR_12": "D - Wood/Steel Studs",
        "EXTERIOR_WALL_12": null,
        "ABOVE_GRADE_AREA_12": 1248,
        "MEZZANINE_12": 0,
        "BASEMENT_12": 0,
        "BSMT_FINISH_12": 0,
        "BSMT_UNFINISH_12": 0,
        "QUALITY_DESCR_12": "Fair",
        "CONDITION_12": 3,
        "CONDITION_DESCR_12": "Average",
        "YEAR_BUILT_12": 2000,
        "UNIT_COUNT_12": null,
        "PCT_COMPLETE_12": 1,
        "ALLOCATION_PCT_12": null,
        "IMP_NO_23": 306006,
        "USE_CODE_23": 476,
        "USE_CODE_DESCR_23": "Shed - Farm Implement (Equip Shop)",
        "COST_CLASS_DESCR_23": "D - Wood/Steel Studs",
        "EXTERIOR_WALL_23": null,
        "ABOVE_GRADE_AREA_23": 1152,
        "MEZZANINE_23": 0,
        "BASEMENT_23": 0,
        "BSMT_FINISH_23": 0,
        "BSMT_UNFINISH_23": 0,
        "QUALITY_DESCR_23": "Fair",
        "CONDITION_23": 3,
        "CONDITION_DESCR_23": "Average",
        "YEAR_BUILT_23": 2000,
        "UNIT_COUNT_23": null,
        "PCT_COMPLETE_23": 1,
        "ALLOCATION_PCT_23": null,
        "Entry": 33880,
        "Year": 2025,
        "Record_Date": "2025-05-08",
        "Grantor": "TWITCHELL, MARGIE KOYLE AKA TWITCHELL, MARGIE K DEC MARGIE K TWITCHELL FAMILY LIVING TRUST 03-26-2001 THE",
        "Grantee": "TWITCHELL, CLARON J TEE MARGIE K TWITCHELL FAMILY LIVING TRUST 03-26-2001 THE",
        "Tax_Address": "4908 WAIMEA WAY HOLLADAY, UT 84117",
        "Serial_Number": "29:049:0022",
        "Serial_Number_Available": "Yes",
        "Detail_URL": "https://www.utahcounty.gov/LandRecords/document.asp?avEntry=33880&avYear=2025",
        "Document_Type": "AF DC",
        "Shape_Length_12_13": 5394.847187922554,
        "Shape_Area_12_13": 1699828.7448540768,
        "DocType": "AFDC",
        "Shape_Length": 0.005543722970279965,
        "Shape_Area": 5.780282347797838e-07
      }
    },
    {
      "type": "Feature",
      "id": 16,
      "geometry": {
        "type": "Polygon",
        "coordinates": [
          [
            [
              -111.68641759799999,
              40.05248713700007
            ],
            [
              -111.68548600699995,
              40.05070091300007
            ],
            [
              -111.68493793999994,
              40.05084487600004
            ],
            [
              -111.68436711699997,
              40.051078748000066
            ],
            [
              -111.68440676999995,
              40.051135904000034
            ],
            [
              -111.68362473899998,
              40.05147065300008
            ],
            [
              -111.68445971999995,
              40.05291129200003
            ],
            [
              -111.68468679299997,
              40.05284364800008
            ],
            [
              -111.68474610199996,
              40.052951912000026
            ],
            [
              -111.68528574299995,
              40.05281034700005
            ],
            [
              -111.68641759799999,
              40.05248713700007
            ]
          ]
        ]
      },
      "properties": {
        "OBJECTID": 16,
        "Join_Count": 1,
        "TARGET_FID": 10823326,
        "PARCEL_NO": 300350147,
        "PARCELID": "300350147",
        "PARCELID_LABEL": "30:035:0147",
        "OWNER_NAME": "ANDERSON-SHEEN FARMS LLC",
        "CARE_NAME": "%ANDERSON, ALAN L",
        "ACREAGE": 8.835284,
        "SITE_FULL_ADDRESS": "SALEM, UT",
        "SITE_HOUSE_NUM": " ",
        "SITE_PRE_DIR": null,
        "SITE_STREET_NAME": null,
        "SITE_STREET_TYPE": null,
        "SITE_POST_DIR": null,
        "SITE_STREET_UNIT": null,
        "SITE_CITY": "SALEM",
        "SITE_STATE": "UT",
        "SITE_ZIP5": "84653",
        "OWN_FULL_ADDRESS": "%ANDERSON, ALAN L  1741 ANDERSON AVE  SPRINGVILLE, UT 84663-2944",
        "OWN_STREET_ADDRESS": "1741 ANDERSON AVE",
        "OWN_CITY": "SPRINGVILLE",
        "OWN_STATE": "UT",
        "OWN_ZIP5": "84663",
        "VESTING_DOC": "27714-2025",
        "PARCEL_CREATE_DATE": 1337731200000,
        "MAP_FILING_NO": null,
        "SUB_NAME": null,
        "LEGAL_DESCR": "COM N 1289.91 FT & E 1606.22 FT FR W 1/4 COR. SEC. 11, T9S, R2E, SLB&M.; N 69 DEG 44' 5\" E 338.09 FT; N 71 DEG 16' 13\" E 159.66 FT; S 22 DEG 42' 43\" E 42.8 FT; N 68 DEG 55' 46\" E 68.19 FT; S 23 DEG 53' 26\" E 574.62 FT; S 61 DEG 0' 0\" W 250.65 FT; S 27 DEG 56' 46\" E 23.6 FT; S 62 DEG 3' 17\" W 181.13 FT; S 71 DEG 14' 53\" W 162.18 FT; N 21 DEG 43' 19\" W 701.15 FT TO BEG. AREA 8.835 AC.",
        "BOOK_PAGE": 30035,
        "LOT": null,
        "BUILDING": null,
        "UNIT": null,
        "TAX_DISTRICT": "180",
        "TAX_DISTRICT_DESCR": "SALEM CITY",
        "SCHOOL_DISTRICT": "NEBO",
        "TAXABLE_CODE": 100,
        "ACCOUNT_TYPE": "RESIDENTIAL",
        "PROP_TYPE": 900,
        "PROP_TYPE_DESCR": "VACANT",
        "SPECIFIC_PROP_TYPE": 902,
        "SPC_PROP_TYP_DESCR": "Vac Res w/Det",
        "NEIGHBORHOOD": "117",
        "NBHD_DISTRICT": "784",
        "LAND_DISTRICT": 7805,
        "ECONOMIC_UNIT": null,
        "GLA_WEIGHTED_YRBLT": 1955.4,
        "TOTAL_ABOVE_GRADE_AREA": 5200,
        "TOTAL_MEZZANINE": 0,
        "TOTAL_BASEMENT": 0,
        "TOTAL_BSMT_FINISH": 0,
        "TOTAL_UNIT_COUNT": null,
        "TOTAL_IMP_COUNT": 5,
        "ASMT_YEAR": 2026,
        "ASMT_CODE": "A",
        "ASMT_CODE_DESCR": "AGRICULTURAL",
        "MKT_LAND_VALUE": 785600,
        "MKT_LAND_RES": 0,
        "MKT_LAND_AGR": 785600,
        "MKT_LAND_COM": 0,
        "MKT_IMP_VALUE": 16500,
        "MKT_IMP_RES": 0,
        "MKT_IMP_AGR": 16500,
        "MKT_IMP_COM": 0,
        "MKT_CUR_VALUE": 802100,
        "MKT_PRV_VAL": 802100,
        "MKT_VAL_YR_CHG": 0,
        "MKT_PCT_CHG": 0,
        "TXBL_CUR_VALUE": 22219,
        "TXBL_PRV_VAL": 22219,
        "TXBL_VAL_YR_CHG": 0,
        "TXBL_PCT_CHG": 0,
        "TOT_CUR_TAXES": 0,
        "TOT_PRV_TAXES": 0,
        "TAXES_YR_CHG": 0,
        "TAXES_PCT_CHG": 0,
        "GREENBELT": "GB",
        "EXEMPT_RES": "N",
        "COMMON_AREA": null,
        "PUBLIC_ROAD": null,
        "PRIVATE_ROAD": null,
        "PART_CENTRAL_ASSD": null,
        "PART_TAXABLE": null,
        "IMP_NO_RES": null,
        "COST_GROUP_RES": null,
        "STYLE_DESCR_RES": null,
        "QUALITY_RES": null,
        "QUALITY_DESCR_RES": null,
        "CONDITION_RES": null,
        "CONDITION_DESCR_RES": null,
        "YEARBLT_RES": null,
        "GLA_RES": null,
        "BASEMENT_RES": null,
        "BSMT_FINISH_RES": null,
        "ATT_GARAGE_SQFT_RES": null,
        "BATHROOMS_RES": null,
        "GLA_BEDROOMS_RES": null,
        "EXTERIOR_RES": null,
        "ALLOCATION_PCT_RES": null,
        "TRAV_COUNT": 1,
        "LASTUPDATE": null,
        "CREATED_DATE": 1712330344000,
        "LAST_EDITED_DATE": 1712330533000,
        "GLOBALID": "{1C75E16F-1000-40AE-8BDB-7DD470731F19}",
        "Join_Count_12": 1,
        "TARGET_FID_12": 3017,
        "Code": null,
        "Desc_Cleaned": "Historic Salem Extension",
        "Description": "Historic Salem Extension",
        "City": "Salem",
        "Description_detailed": null,
        "Desc": null,
        "Acres": 2656.69,
        "CityLU": null,
        "Unit_Rate": null,
        "Parcel_Area": 35756,
        "PctDeveloped": 0,
        "Slope_Score": 10,
        "GP_Score": 4,
        "Ownership_Type": "Business",
        "Ownership_Score": 5,
        "Wetlands_Score": 10,
        "Municipality_Score": 10,
        "Final_Score": 6.4,
        "OBJECTID_12": 3017,
        "Join_Count_12_13": 3,
        "TARGET_FID_12_13": 3017,
        "Area": 89,
        "Shape_Length_12": 134.9406455827873,
        "Shape_Area_12": 959.7391425064332,
        "STATUS": " ",
        "CARTOCODE": "11",
        "FULLNAME": "SHEEN RD",
        "FROMADDR_L": 91,
        "TOADDR_L": 229,
        "FROMADDR_R": 90,
        "TOADDR_R": 228,
        "PARITY_L": " ",
        "PARITY_R": " ",
        "PREDIR": "S",
        "NAME": "SHEEN",
        "POSTTYPE": "RD",
        "POSTDIR": " ",
        "AN_NAME": "500",
        "AN_POSTDIR": "W",
        "A1_PREDIR": " ",
        "A1_NAME": " ",
        "A1_POSTTYP": " ",
        "A1_POSTDIR": " ",
        "A2_PREDIR": " ",
        "A2_NAME": " ",
        "A2_POSTTYP": " ",
        "A2_POSTDIR": " ",
        "QUADRANT_L": "SW",
        "QUADRANT_R": "SW",
        "STATE_L": "UT",
        "STATE_R": "UT",
        "COUNTY_L": "49049",
        "COUNTY_R": "49049",
        "ADDRSYS_L": "Salem",
        "ADDRSYS_R": "Salem",
        "POSTCOMM_L": "SALEM",
        "POSTCOMM_R": "SALEM",
        "ZIPCODE_L": "84653",
        "ZIPCODE_R": "84653",
        "INCMUNI_L": "SALEM",
        "INCMUNI_R": "SALEM",
        "UNINCCOM_L": " ",
        "UNINCCOM_R": " ",
        "NBRHDCOM_L": " ",
        "NBRHDCOM_R": " ",
        "ER_CAD_ZON": " ",
        "ESN_L": " ",
        "ESN_R": " ",
        "MSAGCOMM_L": " ",
        "MSAGCOMM_R": " ",
        "ONEWAY": "0",
        "VERT_LEVEL": "0",
        "SPEED_LMT": 25,
        "ACCESSCODE": " ",
        "DOT_HWYNAM": " ",
        "DOT_RTNAME": " ",
        "DOT_RTPART": " ",
        "DOT_F_MILE": 0,
        "DOT_T_MILE": 0,
        "DOT_FCLASS": " ",
        "DOT_SRFTYP": " ",
        "DOT_CLASS": "C",
        "DOT_OWN_L": "MU Salem",
        "DOT_OWN_R": "MU Salem",
        "DOT_AADT": 0,
        "DOT_AADTYR": " ",
        "DOT_THRULA": 0,
        "BIKE_L": " ",
        "BIKE_R": " ",
        "UNIQUE_ID": "12TVK41693377_SHEEN_RD",
        "LOCAL_UID": " ",
        "UTAHRD_UID": " ",
        "SOURCE": " ",
        "UPDATED": 1486425600000,
        "EFFECTIVE": null,
        "EXPIRE": null,
        "CUSTOMTAGS": " ",
        "Shape_STLe": 233.069292816,
        "START_ELEV": 1393.5673828125,
        "END_ELEV": 1398.1549072265625,
        "STEL_FT": 4572.071612226562,
        "ENDEL_FT": 4587.122545825196,
        "ELEV_CHANGE": 15.050933598633492,
        "SLOPE": 1.9677934444588863,
        "IMP_NO_12": 306803,
        "USE_CODE_12": 476,
        "USE_CODE_DESCR_12": "Shed - Farm Implement (Equip Shop)",
        "COST_CLASS_DESCR_12": "P - Wood Pole",
        "EXTERIOR_WALL_12": null,
        "ABOVE_GRADE_AREA_12": 1800,
        "MEZZANINE_12": 0,
        "BASEMENT_12": 0,
        "BSMT_FINISH_12": 0,
        "BSMT_UNFINISH_12": 0,
        "QUALITY_DESCR_12": "Low",
        "CONDITION_12": 3,
        "CONDITION_DESCR_12": "Average",
        "YEAR_BUILT_12": 1950,
        "UNIT_COUNT_12": null,
        "PCT_COMPLETE_12": 1,
        "ALLOCATION_PCT_12": null,
        "IMP_NO_23": 306806,
        "USE_CODE_23": 479,
        "USE_CODE_DESCR_23": "Shed - Farm Utility Storage - Loafing",
        "COST_CLASS_DESCR_23": "D - Wood/Steel Studs",
        "EXTERIOR_WALL_23": null,
        "ABOVE_GRADE_AREA_23": 1330,
        "MEZZANINE_23": 0,
        "BASEMENT_23": 0,
        "BSMT_FINISH_23": 0,
        "BSMT_UNFINISH_23": 0,
        "QUALITY_DESCR_23": "Low",
        "CONDITION_23": 3,
        "CONDITION_DESCR_23": "Average",
        "YEAR_BUILT_23": 1955,
        "UNIT_COUNT_23": null,
        "PCT_COMPLETE_23": 1,
        "ALLOCATION_PCT_23": null,
        "Entry": 27712,
        "Year": 2025,
        "Record_Date": "2025-04-17",
        "Grantor": "ANDERSON, LYNN EUGENE AKA ANDERSON, LYNN E DEC ANDERSON FAMILY LOVING TRUST 10-26-1995 THE",
        "Grantee": "ANDERSON, ALAN LYNN SUCTEE ANDERSON, MARK SHEEN SUCTEE ANDERSON, MICHAEL JAMES SUCTEE ANDERSON, BRENT RICHARD SUCTEE ANDERSON FAMILY LOVING TRUST 10-26-1995 THE ANDERSON, ALAN",
        "Tax_Address": "1741 ANDERSON AVE SPRINGVILLE, UT 84663-2944",
        "Serial_Number": "30:035:0147",
        "Serial_Number_Available": "Yes",
        "Detail_URL": "https://www.utahcounty.gov/LandRecords/document.asp?avEntry=27712&avYear=2025",
        "Document_Type": "AF DC",
        "Shape_Length_12_13": 2501.3731431007677,
        "Shape_Area_12_13": 384867.769802106,
        "DocType": "AFDC",
        "Shape_Length": 0.007878825149709348,
        "Shape_Area": 3.7745509535297112e-06
      }
    },
    {
      "type": "Feature",
      "id": 17,
      "geometry": {
        "type": "Polygon",
        "coordinates": [
          [
            [
              -111.68536033799995,
              40.03923375800008
            ],
            [
              -111.68536039599996,
              40.03923376500006
            ],
            [
              -111.68625275799997,
              40.03895218800005
            ],
            [
              -111.68625065499998,
              40.038811845000055
            ],
            [
              -111.68611087,
              40.03852690300005
            ],
            [
              -111.68604893699995,
              40.034393023000064
            ],
            [
              -111.68528796799995,
              40.034399757000074
            ],
            [
              -111.68536033799995,
              40.03923375800008
            ]
          ]
        ]
      },
      "properties": {
        "OBJECTID": 17,
        "Join_Count": 1,
        "TARGET_FID": 10823765,
        "PARCEL_NO": 300460128,
        "PARCELID": "300460128",
        "PARCELID_LABEL": "30:046:0128",
        "OWNER_NAME": "ROBERT & LINDA NELSON HOLDINGS LLC",
        "CARE_NAME": null,
        "ACREAGE": 8.502994,
        "SITE_FULL_ADDRESS": null,
        "SITE_HOUSE_NUM": null,
        "SITE_PRE_DIR": null,
        "SITE_STREET_NAME": null,
        "SITE_STREET_TYPE": null,
        "SITE_POST_DIR": null,
        "SITE_STREET_UNIT": null,
        "SITE_CITY": null,
        "SITE_STATE": null,
        "SITE_ZIP5": "84653",
        "OWN_FULL_ADDRESS": "PO BOX 904  SALEM, UT 84653-0904",
        "OWN_STREET_ADDRESS": "PO BOX 904",
        "OWN_CITY": "SALEM",
        "OWN_STATE": "UT",
        "OWN_ZIP5": "84653",
        "VESTING_DOC": "25361-2025",
        "PARCEL_CREATE_DATE": 1584316800000,
        "MAP_FILING_NO": null,
        "SUB_NAME": null,
        "LEGAL_DESCR": "COM S 897.52 FT ALONG 1/4 SEC. LINE & W 817.31 FT FR N 1/4 COR. SEC. 14, T9S, R2E, SLB&M.; S 1761.48 FT; W 213.15 FT; N 1506.36 FT; N 20 DEG 0' 0\" W 110.96 FT; N 51.14 FT; N 68 DEG 20' 25\" E 270.16 FT TO BEG. AREA 8.503 AC.",
        "BOOK_PAGE": 30046,
        "LOT": null,
        "BUILDING": null,
        "UNIT": null,
        "TAX_DISTRICT": "180",
        "TAX_DISTRICT_DESCR": "SALEM CITY",
        "SCHOOL_DISTRICT": "NEBO",
        "TAXABLE_CODE": 100,
        "ACCOUNT_TYPE": "RESIDENTIAL",
        "PROP_TYPE": 900,
        "PROP_TYPE_DESCR": "VACANT",
        "SPECIFIC_PROP_TYPE": 901,
        "SPC_PROP_TYP_DESCR": "Vac Res",
        "NEIGHBORHOOD": "117",
        "NBHD_DISTRICT": "784",
        "LAND_DISTRICT": 7804,
        "ECONOMIC_UNIT": null,
        "GLA_WEIGHTED_YRBLT": null,
        "TOTAL_ABOVE_GRADE_AREA": null,
        "TOTAL_MEZZANINE": null,
        "TOTAL_BASEMENT": null,
        "TOTAL_BSMT_FINISH": null,
        "TOTAL_UNIT_COUNT": null,
        "TOTAL_IMP_COUNT": null,
        "ASMT_YEAR": 2026,
        "ASMT_CODE": "V",
        "ASMT_CODE_DESCR": "VACANT",
        "MKT_LAND_VALUE": 1134100,
        "MKT_LAND_RES": 1134100,
        "MKT_LAND_AGR": 0,
        "MKT_LAND_COM": 0,
        "MKT_IMP_VALUE": 0,
        "MKT_IMP_RES": 0,
        "MKT_IMP_AGR": 0,
        "MKT_IMP_COM": 0,
        "MKT_CUR_VALUE": 1134100,
        "MKT_PRV_VAL": 1134100,
        "MKT_VAL_YR_CHG": 0,
        "MKT_PCT_CHG": 0,
        "TXBL_CUR_VALUE": 5500,
        "TXBL_PRV_VAL": 5500,
        "TXBL_VAL_YR_CHG": 0,
        "TXBL_PCT_CHG": 0,
        "TOT_CUR_TAXES": 0,
        "TOT_PRV_TAXES": 0,
        "TAXES_YR_CHG": 0,
        "TAXES_PCT_CHG": 0,
        "GREENBELT": "GB",
        "EXEMPT_RES": "N",
        "COMMON_AREA": null,
        "PUBLIC_ROAD": null,
        "PRIVATE_ROAD": null,
        "PART_CENTRAL_ASSD": null,
        "PART_TAXABLE": null,
        "IMP_NO_RES": null,
        "COST_GROUP_RES": null,
        "STYLE_DESCR_RES": null,
        "QUALITY_RES": null,
        "QUALITY_DESCR_RES": null,
        "CONDITION_RES": null,
        "CONDITION_DESCR_RES": null,
        "YEARBLT_RES": null,
        "GLA_RES": null,
        "BASEMENT_RES": null,
        "BSMT_FINISH_RES": null,
        "ATT_GARAGE_SQFT_RES": null,
        "BATHROOMS_RES": null,
        "GLA_BEDROOMS_RES": null,
        "EXTERIOR_RES": null,
        "ALLOCATION_PCT_RES": null,
        "TRAV_COUNT": 1,
        "LASTUPDATE": null,
        "CREATED_DATE": 1712330344000,
        "LAST_EDITED_DATE": 1712330533000,
        "GLOBALID": "{FE70E54B-8630-40BE-823B-6AA66CA0BC6C}",
        "Join_Count_12": 1,
        "TARGET_FID_12": 3081,
        "Code": null,
        "Desc_Cleaned": "Historic Salem Extension",
        "Description": "Historic Salem Extension",
        "City": "Salem",
        "Description_detailed": null,
        "Desc": null,
        "Acres": 2656.69,
        "CityLU": null,
        "Unit_Rate": null,
        "Parcel_Area": 34412,
        "PctDeveloped": null,
        "Slope_Score": 10,
        "GP_Score": 4,
        "Ownership_Type": "Business",
        "Ownership_Score": 5,
        "Wetlands_Score": 10,
        "Municipality_Score": 10,
        "Final_Score": 6.4,
        "OBJECTID_12": 3081,
        "Join_Count_12_13": 0,
        "TARGET_FID_12_13": 3081,
        "Area": null,
        "Shape_Length_12": null,
        "Shape_Area_12": null,
        "STATUS": " ",
        "CARTOCODE": "10",
        "FULLNAME": "SALEM CANAL RD",
        "FROMADDR_L": 551,
        "TOADDR_L": 649,
        "FROMADDR_R": 550,
        "TOADDR_R": 648,
        "PARITY_L": " ",
        "PARITY_R": " ",
        "PREDIR": "W",
        "NAME": "SALEM CANAL",
        "POSTTYPE": "RD",
        "POSTDIR": " ",
        "AN_NAME": " ",
        "AN_POSTDIR": " ",
        "A1_PREDIR": " ",
        "A1_NAME": " ",
        "A1_POSTTYP": " ",
        "A1_POSTDIR": " ",
        "A2_PREDIR": " ",
        "A2_NAME": " ",
        "A2_POSTTYP": " ",
        "A2_POSTDIR": " ",
        "QUADRANT_L": "SW",
        "QUADRANT_R": "SW",
        "STATE_L": "UT",
        "STATE_R": "UT",
        "COUNTY_L": "49049",
        "COUNTY_R": "49049",
        "ADDRSYS_L": "Salem",
        "ADDRSYS_R": "Salem",
        "POSTCOMM_L": "SALEM",
        "POSTCOMM_R": "SALEM",
        "ZIPCODE_L": "84653",
        "ZIPCODE_R": "84653",
        "INCMUNI_L": "SALEM",
        "INCMUNI_R": "SALEM",
        "UNINCCOM_L": " ",
        "UNINCCOM_R": " ",
        "NBRHDCOM_L": " ",
        "NBRHDCOM_R": " ",
        "ER_CAD_ZON": " ",
        "ESN_L": " ",
        "ESN_R": " ",
        "MSAGCOMM_L": " ",
        "MSAGCOMM_R": " ",
        "ONEWAY": "0",
        "VERT_LEVEL": "0",
        "SPEED_LMT": 25,
        "ACCESSCODE": " ",
        "DOT_HWYNAM": " ",
        "DOT_RTNAME": "2870P",
        "DOT_RTPART": "1",
        "DOT_F_MILE": 0,
        "DOT_T_MILE": 0,
        "DOT_FCLASS": " ",
        "DOT_SRFTYP": " ",
        "DOT_CLASS": "C",
        "DOT_OWN_L": "MU Salem",
        "DOT_OWN_R": "MU Salem",
        "DOT_AADT": 0,
        "DOT_AADTYR": " ",
        "DOT_THRULA": 0,
        "BIKE_L": " ",
        "BIKE_R": " ",
        "UNIQUE_ID": "12TVK41523233_SALEM CANAL_RD",
        "LOCAL_UID": " ",
        "UTAHRD_UID": " ",
        "SOURCE": " ",
        "UPDATED": 1486425600000,
        "EFFECTIVE": null,
        "EXPIRE": null,
        "CUSTOMTAGS": " ",
        "Shape_STLe": 178.627891035,
        "START_ELEV": 1432.1143798828125,
        "END_ELEV": 1431.671630859375,
        "STEL_FT": 4698.538142094727,
        "ENDEL_FT": 4697.0855533886715,
        "ELEV_CHANGE": 1.4525887060553941,
        "SLOPE": 0.24779637381673997,
        "IMP_NO_12": null,
        "USE_CODE_12": null,
        "USE_CODE_DESCR_12": null,
        "COST_CLASS_DESCR_12": null,
        "EXTERIOR_WALL_12": null,
        "ABOVE_GRADE_AREA_12": null,
        "MEZZANINE_12": null,
        "BASEMENT_12": null,
        "BSMT_FINISH_12": null,
        "BSMT_UNFINISH_12": null,
        "QUALITY_DESCR_12": null,
        "CONDITION_12": null,
        "CONDITION_DESCR_12": null,
        "YEAR_BUILT_12": null,
        "UNIT_COUNT_12": null,
        "PCT_COMPLETE_12": null,
        "ALLOCATION_PCT_12": null,
        "IMP_NO_23": null,
        "USE_CODE_23": null,
        "USE_CODE_DESCR_23": null,
        "COST_CLASS_DESCR_23": null,
        "EXTERIOR_WALL_23": null,
        "ABOVE_GRADE_AREA_23": null,
        "MEZZANINE_23": null,
        "BASEMENT_23": null,
        "BSMT_FINISH_23": null,
        "BSMT_UNFINISH_23": null,
        "QUALITY_DESCR_23": null,
        "CONDITION_23": null,
        "CONDITION_DESCR_23": null,
        "YEAR_BUILT_23": null,
        "UNIT_COUNT_23": null,
        "PCT_COMPLETE_23": null,
        "ALLOCATION_PCT_23": null,
        "Entry": 25360,
        "Year": 2025,
        "Record_Date": "2025-04-09",
        "Grantor": "EARL, RENEE T AKA EARL, RENEE TAYLOR DEC RENEE T EARL REVOCABLE TRUST 06-05-1990",
        "Grantee": "EARL, C ROBERT TEE EARL, BRUCE T TEE RENEE T EARL REVOCABLE TRUST 06-05-1990",
        "Tax_Address": "944 S 150 E OREM, UT 84058-7014",
        "Serial_Number": "30:046:0128",
        "Serial_Number_Available": "Yes",
        "Detail_URL": "https://www.utahcounty.gov/LandRecords/document.asp?avEntry=25360&avYear=2025",
        "Document_Type": "AF DC",
        "Shape_Length_12_13": 3912.0217673167226,
        "Shape_Area_12_13": 370409.3758880423,
        "DocType": "AFDC",
        "Shape_Length": 0.011123417919077942,
        "Shape_Area": 3.631962278346079e-06
      }
    },
    {
      "type": "Feature",
      "id": 18,
      "geometry": {
        "type": "Polygon",
        "coordinates": [
          [
            [
              -111.67832948099999,
              40.034465589000035
            ],
            [
              -111.67942058099999,
              40.03446562000005
            ],
            [
              -111.68159467599997,
              40.03444037000003
            ],
            [
              -111.68454353099997,
              40.034410673000025
            ],
            [
              -111.68715184899997,
              40.03438725900003
            ],
            [
              -111.68702603099996,
              40.03070161000005
            ],
            [
              -111.68467377499996,
              40.03073798400004
            ],
            [
              -111.68390791399997,
              40.030639302000054
            ],
            [
              -111.68326699299996,
              40.030763523000076
            ],
            [
              -111.68247217099997,
              40.03142993000006
            ],
            [
              -111.68141312099999,
              40.032166389000054
            ],
            [
              -111.68131705867279,
              40.03222963790066
            ],
            [
              -111.68121820143124,
              40.03228842259193
            ],
            [
              -111.68111675658471,
              40.03234261979896
            ],
            [
              -111.68101293686897,
              40.032392115867054
            ],
            [
              -111.68090695999996,
              40.03243680700007
            ],
            [
              -111.67880482799995,
              40.033271383000056
            ],
            [
              -111.67868036308316,
              40.03329290450759
            ],
            [
              -111.67855512689057,
              40.033309354032255
            ],
            [
              -111.67842932601978,
              40.03332070443785
            ],
            [
              -111.67830316799996,
              40.03332693700003
            ],
            [
              -111.67832642499997,
              40.03433674300004
            ],
            [
              -111.67832939599998,
              40.03446571300003
            ],
            [
              -111.67832948099999,
              40.034465589000035
            ]
          ]
        ]
      },
      "properties": {
        "OBJECTID": 18,
        "Join_Count": 1,
        "TARGET_FID": 10824000,
        "PARCEL_NO": 300450059,
        "PARCELID": "300450059",
        "PARCELID_LABEL": "30:045:0059",
        "OWNER_NAME": "K W FARMS LC",
        "CARE_NAME": null,
        "ACREAGE": 57.563837,
        "SITE_FULL_ADDRESS": "1376 S 250 WEST, SALEM, UT",
        "SITE_HOUSE_NUM": "1376",
        "SITE_PRE_DIR": "S",
        "SITE_STREET_NAME": "250 WEST",
        "SITE_STREET_TYPE": null,
        "SITE_POST_DIR": null,
        "SITE_STREET_UNIT": null,
        "SITE_CITY": "SALEM",
        "SITE_STATE": "UT",
        "SITE_ZIP5": "84653",
        "OWN_FULL_ADDRESS": "935 S 250 W  SALEM, UT 84653",
        "OWN_STREET_ADDRESS": "935 S 250 W",
        "OWN_CITY": "SALEM",
        "OWN_STATE": "UT",
        "OWN_ZIP5": "84653",
        "VESTING_DOC": "182778-2021 (MORE)",
        "PARCEL_CREATE_DATE": 1633478400000,
        "MAP_FILING_NO": null,
        "SUB_NAME": null,
        "LEGAL_DESCR": "COM W 1529.34 FT & S 13.81 FT FR E 1/4 COR. SEC. 14, T9S, R2E, SLB&M.; N 89 DEG 53' 0\" W 305.6 FT; S 89 DEG 15' 0\" W 609 FT; S 89 DEG 22' 0\" W 826 FT; S 89 DEG 27' 0\" W 730.6 FT; S 1 DEG 23' 0\" E 1343.4 FT; N 88 DEG 58' 0\" E 659 FT; S 80 DEG 22' 0\" E 217.51 FT; N 75 DEG 58' 0\" E 185.14 FT; N 42 DEG 38' 0\" E 329.43 FT; N 47 DEG 59' 0\" E 400 FT; ALONG A CURVE TO R (CHORD BEARS: N 55 DEG 19' 0\" E 172.65 FT, RADIUS = 673 FT); N 62 DEG 48' 0\" E 662.68 FT; ALONG A CURVE TO R (CHORD BEARS: N 81 DEG 55' 0\" E 141.96 FT, RADIUS = 673 FT); N 0 DEG 54' 0\" W 368 FT; N 0 DEG 54' 0\" W 47 FT TO BEG. AREA 57.564 AC.",
        "BOOK_PAGE": 30045,
        "LOT": null,
        "BUILDING": null,
        "UNIT": null,
        "TAX_DISTRICT": "180",
        "TAX_DISTRICT_DESCR": "SALEM CITY",
        "SCHOOL_DISTRICT": "NEBO",
        "TAXABLE_CODE": 100,
        "ACCOUNT_TYPE": "RESIDENTIAL",
        "PROP_TYPE": 111,
        "PROP_TYPE_DESCR": "SINGLE FAMILY RES",
        "SPECIFIC_PROP_TYPE": 111,
        "SPC_PROP_TYP_DESCR": "Single Family Res",
        "NEIGHBORHOOD": "117",
        "NBHD_DISTRICT": "784",
        "LAND_DISTRICT": 7804,
        "ECONOMIC_UNIT": null,
        "GLA_WEIGHTED_YRBLT": 1988.3,
        "TOTAL_ABOVE_GRADE_AREA": 6432,
        "TOTAL_MEZZANINE": 0,
        "TOTAL_BASEMENT": 1239,
        "TOTAL_BSMT_FINISH": 0,
        "TOTAL_UNIT_COUNT": 1,
        "TOTAL_IMP_COUNT": 2,
        "ASMT_YEAR": 2026,
        "ASMT_CODE": "RPO",
        "ASMT_CODE_DESCR": "RP PLUS ACREAGE",
        "MKT_LAND_VALUE": 7860400,
        "MKT_LAND_RES": 248000,
        "MKT_LAND_AGR": 7612400,
        "MKT_LAND_COM": 0,
        "MKT_IMP_VALUE": 511200,
        "MKT_IMP_RES": 511200,
        "MKT_IMP_AGR": 0,
        "MKT_IMP_COM": 0,
        "MKT_CUR_VALUE": 8371600,
        "MKT_PRV_VAL": 8371600,
        "MKT_VAL_YR_CHG": 0,
        "MKT_PCT_CHG": 0,
        "TXBL_CUR_VALUE": 388640,
        "TXBL_PRV_VAL": 388640,
        "TXBL_VAL_YR_CHG": 0,
        "TXBL_PCT_CHG": 0,
        "TOT_CUR_TAXES": 0,
        "TOT_PRV_TAXES": 0,
        "TAXES_YR_CHG": 0,
        "TAXES_PCT_CHG": 0,
        "GREENBELT": "GB",
        "EXEMPT_RES": "Y",
        "COMMON_AREA": null,
        "PUBLIC_ROAD": null,
        "PRIVATE_ROAD": null,
        "PART_CENTRAL_ASSD": null,
        "PART_TAXABLE": null,
        "IMP_NO_RES": 81130,
        "COST_GROUP_RES": "SFR",
        "STYLE_DESCR_RES": "Two Story",
        "QUALITY_RES": 3.5,
        "QUALITY_DESCR_RES": "Average Plus",
        "CONDITION_RES": 3,
        "CONDITION_DESCR_RES": "Average",
        "YEARBLT_RES": 1977,
        "GLA_RES": 2973,
        "BASEMENT_RES": 1239,
        "BSMT_FINISH_RES": 0,
        "ATT_GARAGE_SQFT_RES": 759,
        "BATHROOMS_RES": 2.5,
        "GLA_BEDROOMS_RES": 3,
        "EXTERIOR_RES": "Masonry Veneer",
        "ALLOCATION_PCT_RES": null,
        "TRAV_COUNT": 1,
        "LASTUPDATE": null,
        "CREATED_DATE": 1712330344000,
        "LAST_EDITED_DATE": 1712330533000,
        "GLOBALID": "{9F1AC9C8-C408-4C85-AE72-A1AC0F47A4C2}",
        "Join_Count_12": 1,
        "TARGET_FID_12": 3124,
        "Code": null,
        "Desc_Cleaned": "Historic Salem Extension",
        "Description": "Historic Salem Extension",
        "City": "Salem",
        "Description_detailed": null,
        "Desc": null,
        "Acres": 2656.69,
        "CityLU": null,
        "Unit_Rate": null,
        "Parcel_Area": 232948,
        "PctDeveloped": 0,
        "Slope_Score": 10,
        "GP_Score": 4,
        "Ownership_Type": "Business",
        "Ownership_Score": 5,
        "Wetlands_Score": 0,
        "Municipality_Score": 10,
        "Final_Score": 5.4,
        "OBJECTID_12": 3124,
        "Join_Count_12_13": 4,
        "TARGET_FID_12_13": 3124,
        "Area": 280,
        "Shape_Length_12": 233.92795726708832,
        "Shape_Area_12": 3012.6450217739184,
        "STATUS": " ",
        "CARTOCODE": "13",
        "FULLNAME": "STRAWBERRY CANAL RD",
        "FROMADDR_L": 0,
        "TOADDR_L": 0,
        "FROMADDR_R": 0,
        "TOADDR_R": 0,
        "PARITY_L": " ",
        "PARITY_R": " ",
        "PREDIR": "S",
        "NAME": "STRAWBERRY CANAL",
        "POSTTYPE": "RD",
        "POSTDIR": " ",
        "AN_NAME": " ",
        "AN_POSTDIR": " ",
        "A1_PREDIR": " ",
        "A1_NAME": " ",
        "A1_POSTTYP": " ",
        "A1_POSTDIR": " ",
        "A2_PREDIR": " ",
        "A2_NAME": " ",
        "A2_POSTTYP": " ",
        "A2_POSTDIR": " ",
        "QUADRANT_L": "SW",
        "QUADRANT_R": "SW",
        "STATE_L": "UT",
        "STATE_R": "UT",
        "COUNTY_L": "49049",
        "COUNTY_R": "49049",
        "ADDRSYS_L": "Salem",
        "ADDRSYS_R": "Salem",
        "POSTCOMM_L": "PAYSON",
        "POSTCOMM_R": "SALEM",
        "ZIPCODE_L": "84651",
        "ZIPCODE_R": "84653",
        "INCMUNI_L": "SALEM",
        "INCMUNI_R": "SALEM",
        "UNINCCOM_L": " ",
        "UNINCCOM_R": " ",
        "NBRHDCOM_L": " ",
        "NBRHDCOM_R": " ",
        "ER_CAD_ZON": " ",
        "ESN_L": " ",
        "ESN_R": " ",
        "MSAGCOMM_L": " ",
        "MSAGCOMM_R": " ",
        "ONEWAY": "0",
        "VERT_LEVEL": "0",
        "SPEED_LMT": 25,
        "ACCESSCODE": " ",
        "DOT_HWYNAM": " ",
        "DOT_RTNAME": " ",
        "DOT_RTPART": " ",
        "DOT_F_MILE": 0,
        "DOT_T_MILE": 0,
        "DOT_FCLASS": " ",
        "DOT_SRFTYP": " ",
        "DOT_CLASS": "D",
        "DOT_OWN_L": "MU Salem",
        "DOT_OWN_R": "MU Salem",
        "DOT_AADT": 0,
        "DOT_AADTYR": " ",
        "DOT_THRULA": 0,
        "BIKE_L": " ",
        "BIKE_R": " ",
        "UNIQUE_ID": "12TVK41963159_STRAWBERRY CANAL_RD",
        "LOCAL_UID": " ",
        "UTAHRD_UID": " ",
        "SOURCE": " ",
        "UPDATED": null,
        "EFFECTIVE": null,
        "EXPIRE": null,
        "CUSTOMTAGS": " ",
        "Shape_STLe": 1306.85075628,
        "START_ELEV": 1472.2047119140625,
        "END_ELEV": 1470.713623046875,
        "STEL_FT": 4830.0681070361325,
        "ENDEL_FT": 4825.1760830371095,
        "ELEV_CHANGE": 4.8920239990229675,
        "SLOPE": 0.11406805975348151,
        "IMP_NO_12": null,
        "USE_CODE_12": null,
        "USE_CODE_DESCR_12": null,
        "COST_CLASS_DESCR_12": null,
        "EXTERIOR_WALL_12": null,
        "ABOVE_GRADE_AREA_12": null,
        "MEZZANINE_12": null,
        "BASEMENT_12": null,
        "BSMT_FINISH_12": null,
        "BSMT_UNFINISH_12": null,
        "QUALITY_DESCR_12": null,
        "CONDITION_12": null,
        "CONDITION_DESCR_12": null,
        "YEAR_BUILT_12": null,
        "UNIT_COUNT_12": null,
        "PCT_COMPLETE_12": null,
        "ALLOCATION_PCT_12": null,
        "IMP_NO_23": null,
        "USE_CODE_23": null,
        "USE_CODE_DESCR_23": null,
        "COST_CLASS_DESCR_23": null,
        "EXTERIOR_WALL_23": null,
        "ABOVE_GRADE_AREA_23": null,
        "MEZZANINE_23": null,
        "BASEMENT_23": null,
        "BSMT_FINISH_23": null,
        "BSMT_UNFINISH_23": null,
        "QUALITY_DESCR_23": null,
        "CONDITION_23": null,
        "CONDITION_DESCR_23": null,
        "YEAR_BUILT_23": null,
        "UNIT_COUNT_23": null,
        "PCT_COMPLETE_23": null,
        "ALLOCATION_PCT_23": null,
        "Entry": 25360,
        "Year": 2025,
        "Record_Date": "2025-04-09",
        "Grantor": "EARL, RENEE T AKA EARL, RENEE TAYLOR DEC RENEE T EARL REVOCABLE TRUST 06-05-1990",
        "Grantee": "EARL, C ROBERT TEE EARL, BRUCE T TEE RENEE T EARL REVOCABLE TRUST 06-05-1990",
        "Tax_Address": "944 S 150 E OREM, UT 84058-7014",
        "Serial_Number": "30:046:0128",
        "Serial_Number_Available": "Yes",
        "Detail_URL": "https://www.utahcounty.gov/LandRecords/document.asp?avEntry=25360&avYear=2025",
        "Document_Type": "AF DC",
        "Shape_Length_12_13": 3912.0217673167226,
        "Shape_Area_12_13": 370409.3758880423,
        "DocType": "AFDC",
        "Shape_Length": 0.023096691816302008,
        "Shape_Area": 2.4584603188862977e-05
      }
    },
    {
      "type": "Feature",
      "id": 19,
      "geometry": {
        "type": "Polygon",
        "coordinates": [
          [
            [
              -111.66916845599997,
              40.049789342000054
            ],
            [
              -111.66916846999999,
              40.04978933900003
            ],
            [
              -111.66915134999999,
              40.04940506500003
            ],
            [
              -111.66923159099997,
              40.04799732600003
            ],
            [
              -111.66756562199998,
              40.04799562100004
            ],
            [
              -111.66756848299997,
              40.04916937100006
            ],
            [
              -111.66847137799999,
              40.049164020000035
            ],
            [
              -111.66846826999995,
              40.049511187000064
            ],
            [
              -111.66882537499998,
              40.04951307600004
            ],
            [
              -111.66882291899998,
              40.04978751600004
            ],
            [
              -111.66916845599997,
              40.049789342000054
            ]
          ]
        ]
      },
      "properties": {
        "OBJECTID": 19,
        "Join_Count": 1,
        "TARGET_FID": 10824440,
        "PARCEL_NO": 300380271,
        "PARCELID": "300380271",
        "PARCELID_LABEL": "30:038:0271",
        "OWNER_NAME": "DURFEY, JASON P & BRITTANY",
        "CARE_NAME": null,
        "ACREAGE": 5.24304,
        "SITE_FULL_ADDRESS": null,
        "SITE_HOUSE_NUM": null,
        "SITE_PRE_DIR": null,
        "SITE_STREET_NAME": null,
        "SITE_STREET_TYPE": null,
        "SITE_POST_DIR": null,
        "SITE_STREET_UNIT": null,
        "SITE_CITY": null,
        "SITE_STATE": null,
        "SITE_ZIP5": "84653",
        "OWN_FULL_ADDRESS": "324 E 1000 S  SALEM, UT 84653",
        "OWN_STREET_ADDRESS": "324 E 1000 S",
        "OWN_CITY": "SALEM",
        "OWN_STATE": "UT",
        "OWN_ZIP5": "84653",
        "VESTING_DOC": "126919-2022",
        "PARCEL_CREATE_DATE": 1672272000000,
        "MAP_FILING_NO": null,
        "SUB_NAME": null,
        "LEGAL_DESCR": "COM N 241.61 FT & E 1096.15 FT FR W 1/4 COR. SEC. 12, T9S, R2E, SLB&M.; S 89 DEG 29' 52\" E 96.76 FT; S 0 DEG 30' 8\" W 100 FT; S 89 DEG 29' 51\" E 100 FT; S 0 DEG 30' 8\" W 126.5 FT; N 89 DEG 39' 57\" E 252.84 FT; S 427.68 FT; N 89 DEG 48' 57\" W 466.52 FT; N 2 DEG 37' 0\" E 513.43 FT; N 1 DEG 51' 9\" W 140.1 FT TO BEG. AREA 5.243 AC.",
        "BOOK_PAGE": 30038,
        "LOT": null,
        "BUILDING": null,
        "UNIT": null,
        "TAX_DISTRICT": "180",
        "TAX_DISTRICT_DESCR": "SALEM CITY",
        "SCHOOL_DISTRICT": "NEBO",
        "TAXABLE_CODE": 100,
        "ACCOUNT_TYPE": "RESIDENTIAL",
        "PROP_TYPE": 900,
        "PROP_TYPE_DESCR": "VACANT",
        "SPECIFIC_PROP_TYPE": 901,
        "SPC_PROP_TYP_DESCR": "Vac Res",
        "NEIGHBORHOOD": "117",
        "NBHD_DISTRICT": "781",
        "LAND_DISTRICT": 7801,
        "ECONOMIC_UNIT": null,
        "GLA_WEIGHTED_YRBLT": null,
        "TOTAL_ABOVE_GRADE_AREA": null,
        "TOTAL_MEZZANINE": null,
        "TOTAL_BASEMENT": null,
        "TOTAL_BSMT_FINISH": null,
        "TOTAL_UNIT_COUNT": null,
        "TOTAL_IMP_COUNT": null,
        "ASMT_YEAR": 2026,
        "ASMT_CODE": "V",
        "ASMT_CODE_DESCR": "VACANT",
        "MKT_LAND_VALUE": 466200,
        "MKT_LAND_RES": 0,
        "MKT_LAND_AGR": 466200,
        "MKT_LAND_COM": 0,
        "MKT_IMP_VALUE": 0,
        "MKT_IMP_RES": 0,
        "MKT_IMP_AGR": 0,
        "MKT_IMP_COM": 0,
        "MKT_CUR_VALUE": 466200,
        "MKT_PRV_VAL": 466200,
        "MKT_VAL_YR_CHG": 0,
        "MKT_PCT_CHG": 0,
        "TXBL_CUR_VALUE": 2610,
        "TXBL_PRV_VAL": 2610,
        "TXBL_VAL_YR_CHG": 0,
        "TXBL_PCT_CHG": 0,
        "TOT_CUR_TAXES": 0,
        "TOT_PRV_TAXES": 0,
        "TAXES_YR_CHG": 0,
        "TAXES_PCT_CHG": 0,
        "GREENBELT": "GB",
        "EXEMPT_RES": "N",
        "COMMON_AREA": null,
        "PUBLIC_ROAD": null,
        "PRIVATE_ROAD": null,
        "PART_CENTRAL_ASSD": null,
        "PART_TAXABLE": null,
        "IMP_NO_RES": null,
        "COST_GROUP_RES": null,
        "STYLE_DESCR_RES": null,
        "QUALITY_RES": null,
        "QUALITY_DESCR_RES": null,
        "CONDITION_RES": null,
        "CONDITION_DESCR_RES": null,
        "YEARBLT_RES": null,
        "GLA_RES": null,
        "BASEMENT_RES": null,
        "BSMT_FINISH_RES": null,
        "ATT_GARAGE_SQFT_RES": null,
        "BATHROOMS_RES": null,
        "GLA_BEDROOMS_RES": null,
        "EXTERIOR_RES": null,
        "ALLOCATION_PCT_RES": null,
        "TRAV_COUNT": 1,
        "LASTUPDATE": null,
        "CREATED_DATE": 1712330344000,
        "LAST_EDITED_DATE": 1712330533000,
        "GLOBALID": "{7BF928AE-CDC5-4367-9C10-EB9F5B73228A}",
        "Join_Count_12": 1,
        "TARGET_FID_12": 3177,
        "Code": null,
        "Desc_Cleaned": "Historic Salem",
        "Description": "Historic Salem",
        "City": "Salem",
        "Description_detailed": null,
        "Desc": null,
        "Acres": 1830.7,
        "CityLU": null,
        "Unit_Rate": null,
        "Parcel_Area": 21217,
        "PctDeveloped": 1,
        "Slope_Score": 10,
        "GP_Score": 4,
        "Ownership_Type": "Private",
        "Ownership_Score": 10,
        "Wetlands_Score": 0,
        "Municipality_Score": 10,
        "Final_Score": 6.9,
        "OBJECTID_12": 3177,
        "Join_Count_12_13": 1,
        "TARGET_FID_12_13": 3177,
        "Area": 239,
        "Shape_Length_12": 220.3638818246825,
        "Shape_Area_12": 2577.095975531104,
        "STATUS": " ",
        "CARTOCODE": "11",
        "FULLNAME": "300 S",
        "FROMADDR_L": 201,
        "TOADDR_L": 299,
        "FROMADDR_R": 200,
        "TOADDR_R": 298,
        "PARITY_L": " ",
        "PARITY_R": " ",
        "PREDIR": "E",
        "NAME": "300",
        "POSTTYPE": " ",
        "POSTDIR": "S",
        "AN_NAME": " ",
        "AN_POSTDIR": " ",
        "A1_PREDIR": " ",
        "A1_NAME": " ",
        "A1_POSTTYP": " ",
        "A1_POSTDIR": " ",
        "A2_PREDIR": " ",
        "A2_NAME": " ",
        "A2_POSTTYP": " ",
        "A2_POSTDIR": " ",
        "QUADRANT_L": "SE",
        "QUADRANT_R": "SE",
        "STATE_L": "UT",
        "STATE_R": "UT",
        "COUNTY_L": "49049",
        "COUNTY_R": "49049",
        "ADDRSYS_L": "Salem",
        "ADDRSYS_R": "Salem",
        "POSTCOMM_L": "SALEM",
        "POSTCOMM_R": "SALEM",
        "ZIPCODE_L": "84653",
        "ZIPCODE_R": "84653",
        "INCMUNI_L": "SALEM",
        "INCMUNI_R": "SALEM",
        "UNINCCOM_L": " ",
        "UNINCCOM_R": " ",
        "NBRHDCOM_L": " ",
        "NBRHDCOM_R": " ",
        "ER_CAD_ZON": " ",
        "ESN_L": " ",
        "ESN_R": " ",
        "MSAGCOMM_L": " ",
        "MSAGCOMM_R": " ",
        "ONEWAY": "0",
        "VERT_LEVEL": "0",
        "SPEED_LMT": 25,
        "ACCESSCODE": " ",
        "DOT_HWYNAM": " ",
        "DOT_RTNAME": " ",
        "DOT_RTPART": " ",
        "DOT_F_MILE": 0,
        "DOT_T_MILE": 0,
        "DOT_FCLASS": " ",
        "DOT_SRFTYP": " ",
        "DOT_CLASS": "C",
        "DOT_OWN_L": "MU Salem",
        "DOT_OWN_R": "MU Salem",
        "DOT_AADT": 0,
        "DOT_AADTYR": " ",
        "DOT_THRULA": 0,
        "BIKE_L": " ",
        "BIKE_R": " ",
        "UNIQUE_ID": "12TVK42973350_300_S",
        "LOCAL_UID": " ",
        "UTAHRD_UID": " ",
        "SOURCE": " ",
        "UPDATED": 1486425600000,
        "EFFECTIVE": null,
        "EXPIRE": null,
        "CUSTOMTAGS": " ",
        "Shape_STLe": 179.312433437,
        "START_ELEV": 1417.17919921875,
        "END_ELEV": 1423.7135009765625,
        "STEL_FT": 4649.538203964844,
        "ENDEL_FT": 4670.976202543945,
        "ELEV_CHANGE": 21.437998579101077,
        "SLOPE": 3.643127103035907,
        "IMP_NO_12": 292691,
        "USE_CODE_12": 479,
        "USE_CODE_DESCR_12": "Shed - Farm Utility Storage - Loafing",
        "COST_CLASS_DESCR_12": "D - Wood/Steel Studs",
        "EXTERIOR_WALL_12": null,
        "ABOVE_GRADE_AREA_12": 1920,
        "MEZZANINE_12": 0,
        "BASEMENT_12": 0,
        "BSMT_FINISH_12": 0,
        "BSMT_UNFINISH_12": 0,
        "QUALITY_DESCR_12": "Average",
        "CONDITION_12": 3,
        "CONDITION_DESCR_12": "Average",
        "YEAR_BUILT_12": 1940,
        "UNIT_COUNT_12": null,
        "PCT_COMPLETE_12": 1,
        "ALLOCATION_PCT_12": null,
        "IMP_NO_23": 292689,
        "USE_CODE_23": 479,
        "USE_CODE_DESCR_23": "Shed - Farm Utility Storage - Loafing",
        "COST_CLASS_DESCR_23": "D - Wood/Steel Studs",
        "EXTERIOR_WALL_23": null,
        "ABOVE_GRADE_AREA_23": 1920,
        "MEZZANINE_23": 0,
        "BASEMENT_23": 0,
        "BSMT_FINISH_23": 0,
        "BSMT_UNFINISH_23": 0,
        "QUALITY_DESCR_23": "Average",
        "CONDITION_23": 3,
        "CONDITION_DESCR_23": "Average",
        "YEAR_BUILT_23": 1940,
        "UNIT_COUNT_23": null,
        "PCT_COMPLETE_23": 1,
        "ALLOCATION_PCT_23": null,
        "Entry": 12688,
        "Year": 2025,
        "Record_Date": "2025-02-21",
        "Grantor": "BAKER, SANDRA LISTON DEC KEN AND SANDRA BAKER TRUST 04-07-2016 THE",
        "Grantee": "BAKER, LINDA SUCTEE KEN AND SANDRA BAKER TRUST 04-07-2016 THE",
        "Tax_Address": "1623 S 1460 E SPANISH FORK, UT 84660-3514",
        "Serial_Number": "09:003:0004",
        "Serial_Number_Available": "Yes",
        "Detail_URL": "https://www.utahcounty.gov/LandRecords/document.asp?avEntry=12688&avYear=2025",
        "Document_Type": "AF DC",
        "Shape_Length_12_13": 679.5964098274708,
        "Shape_Area_12_13": 25902.704086737736,
        "DocType": "AFDC",
        "Shape_Length": 0.00686161143813382,
        "Shape_Area": 2.2396383869114657e-06
      }
    },
    {
      "type": "Feature",
      "id": 20,
      "geometry": {
        "type": "Polygon",
        "coordinates": [
          [
            [
              -111.66354277899995,
              40.040085788000056
            ],
            [
              -111.66354709199999,
              40.041898751000076
            ],
            [
              -111.66587892499996,
              40.04189545000003
            ],
            [
              -111.66587890799997,
              40.040080646000035
            ],
            [
              -111.66354274999998,
              40.040085771000065
            ],
            [
              -111.66354277899995,
              40.040085788000056
            ]
          ]
        ]
      },
      "properties": {
        "OBJECTID": 20,
        "Join_Count": 1,
        "TARGET_FID": 10824501,
        "PARCEL_NO": 300420051,
        "PARCELID": "300420051",
        "PARCELID_LABEL": "30:042:0051",
        "OWNER_NAME": "NELSON, REED L & SALLY T",
        "CARE_NAME": null,
        "ACREAGE": 9.918012,
        "SITE_FULL_ADDRESS": null,
        "SITE_HOUSE_NUM": null,
        "SITE_PRE_DIR": null,
        "SITE_STREET_NAME": null,
        "SITE_STREET_TYPE": null,
        "SITE_POST_DIR": null,
        "SITE_STREET_UNIT": null,
        "SITE_CITY": null,
        "SITE_STATE": null,
        "SITE_ZIP5": "84653",
        "OWN_FULL_ADDRESS": "440 S TOWERS DR  SALEM, UT 84653-9510",
        "OWN_STREET_ADDRESS": "440 S TOWERS DR",
        "OWN_CITY": "SALEM",
        "OWN_STATE": "UT",
        "OWN_ZIP5": "84653",
        "VESTING_DOC": "83051-2008",
        "PARCEL_CREATE_DATE": 1017705600000,
        "MAP_FILING_NO": null,
        "SUB_NAME": null,
        "LEGAL_DESCR": "COM S 660.6 FT FR N 1/4 COR. SEC. 13, T9S, R2E, SLB&M.; N 660.6 FT; W 653.05 FT; S 0 DEG 6' 21\" W 661.27 FT; N 89 DEG 56' 31\" E 654.28 FT TO BEG. AREA 9.918 AC.",
        "BOOK_PAGE": 30042,
        "LOT": null,
        "BUILDING": null,
        "UNIT": null,
        "TAX_DISTRICT": "180",
        "TAX_DISTRICT_DESCR": "SALEM CITY",
        "SCHOOL_DISTRICT": "NEBO",
        "TAXABLE_CODE": 100,
        "ACCOUNT_TYPE": "RESIDENTIAL",
        "PROP_TYPE": 900,
        "PROP_TYPE_DESCR": "VACANT",
        "SPECIFIC_PROP_TYPE": 901,
        "SPC_PROP_TYP_DESCR": "Vac Res",
        "NEIGHBORHOOD": "117",
        "NBHD_DISTRICT": "784",
        "LAND_DISTRICT": 7804,
        "ECONOMIC_UNIT": null,
        "GLA_WEIGHTED_YRBLT": null,
        "TOTAL_ABOVE_GRADE_AREA": null,
        "TOTAL_MEZZANINE": null,
        "TOTAL_BASEMENT": null,
        "TOTAL_BSMT_FINISH": null,
        "TOTAL_UNIT_COUNT": null,
        "TOTAL_IMP_COUNT": null,
        "ASMT_YEAR": 2026,
        "ASMT_CODE": "V",
        "ASMT_CODE_DESCR": "VACANT",
        "MKT_LAND_VALUE": 1322900,
        "MKT_LAND_RES": 0,
        "MKT_LAND_AGR": 1322900,
        "MKT_LAND_COM": 0,
        "MKT_IMP_VALUE": 0,
        "MKT_IMP_RES": 0,
        "MKT_IMP_AGR": 0,
        "MKT_IMP_COM": 0,
        "MKT_CUR_VALUE": 1322900,
        "MKT_PRV_VAL": 1322900,
        "MKT_VAL_YR_CHG": 0,
        "MKT_PCT_CHG": 0,
        "TXBL_CUR_VALUE": 3958,
        "TXBL_PRV_VAL": 3958,
        "TXBL_VAL_YR_CHG": 0,
        "TXBL_PCT_CHG": 0,
        "TOT_CUR_TAXES": 0,
        "TOT_PRV_TAXES": 0,
        "TAXES_YR_CHG": 0,
        "TAXES_PCT_CHG": 0,
        "GREENBELT": "GB",
        "EXEMPT_RES": "N",
        "COMMON_AREA": null,
        "PUBLIC_ROAD": null,
        "PRIVATE_ROAD": null,
        "PART_CENTRAL_ASSD": null,
        "PART_TAXABLE": null,
        "IMP_NO_RES": null,
        "COST_GROUP_RES": null,
        "STYLE_DESCR_RES": null,
        "QUALITY_RES": null,
        "QUALITY_DESCR_RES": null,
        "CONDITION_RES": null,
        "CONDITION_DESCR_RES": null,
        "YEARBLT_RES": null,
        "GLA_RES": null,
        "BASEMENT_RES": null,
        "BSMT_FINISH_RES": null,
        "ATT_GARAGE_SQFT_RES": null,
        "BATHROOMS_RES": null,
        "GLA_BEDROOMS_RES": null,
        "EXTERIOR_RES": null,
        "ALLOCATION_PCT_RES": null,
        "TRAV_COUNT": 1,
        "LASTUPDATE": null,
        "CREATED_DATE": 1712330344000,
        "LAST_EDITED_DATE": 1712330533000,
        "GLOBALID": "{2BD99260-4041-4FBE-9325-5E9C355F4571}",
        "Join_Count_12": 1,
        "TARGET_FID_12": 3186,
        "Code": null,
        "Desc_Cleaned": "Historic Salem",
        "Description": "Historic Salem",
        "City": "Salem",
        "Description_detailed": null,
        "Desc": null,
        "Acres": 1830.7,
        "CityLU": null,
        "Unit_Rate": null,
        "Parcel_Area": 40110,
        "PctDeveloped": null,
        "Slope_Score": 10,
        "GP_Score": 4,
        "Ownership_Type": "Private",
        "Ownership_Score": 10,
        "Wetlands_Score": 0,
        "Municipality_Score": 10,
        "Final_Score": 6.9,
        "OBJECTID_12": 3186,
        "Join_Count_12_13": 0,
        "TARGET_FID_12_13": 3186,
        "Area": null,
        "Shape_Length_12": null,
        "Shape_Area_12": null,
        "STATUS": " ",
        "CARTOCODE": "11",
        "FULLNAME": "500 E",
        "FROMADDR_L": 821,
        "TOADDR_L": 959,
        "FROMADDR_R": 820,
        "TOADDR_R": 958,
        "PARITY_L": " ",
        "PARITY_R": " ",
        "PREDIR": "S",
        "NAME": "500",
        "POSTTYPE": " ",
        "POSTDIR": "E",
        "AN_NAME": " ",
        "AN_POSTDIR": " ",
        "A1_PREDIR": " ",
        "A1_NAME": " ",
        "A1_POSTTYP": " ",
        "A1_POSTDIR": " ",
        "A2_PREDIR": " ",
        "A2_NAME": " ",
        "A2_POSTTYP": " ",
        "A2_POSTDIR": " ",
        "QUADRANT_L": "SE",
        "QUADRANT_R": "SE",
        "STATE_L": "UT",
        "STATE_R": "UT",
        "COUNTY_L": "49049",
        "COUNTY_R": "49049",
        "ADDRSYS_L": "Salem",
        "ADDRSYS_R": "Salem",
        "POSTCOMM_L": "SALEM",
        "POSTCOMM_R": "SALEM",
        "ZIPCODE_L": "84653",
        "ZIPCODE_R": "84653",
        "INCMUNI_L": "SALEM",
        "INCMUNI_R": "SALEM",
        "UNINCCOM_L": " ",
        "UNINCCOM_R": " ",
        "NBRHDCOM_L": " ",
        "NBRHDCOM_R": " ",
        "ER_CAD_ZON": " ",
        "ESN_L": " ",
        "ESN_R": " ",
        "MSAGCOMM_L": " ",
        "MSAGCOMM_R": " ",
        "ONEWAY": "0",
        "VERT_LEVEL": "0",
        "SPEED_LMT": 25,
        "ACCESSCODE": " ",
        "DOT_HWYNAM": " ",
        "DOT_RTNAME": " ",
        "DOT_RTPART": " ",
        "DOT_F_MILE": 0,
        "DOT_T_MILE": 0,
        "DOT_FCLASS": " ",
        "DOT_SRFTYP": " ",
        "DOT_CLASS": "C",
        "DOT_OWN_L": "MU Salem",
        "DOT_OWN_R": "MU Salem",
        "DOT_AADT": 0,
        "DOT_AADTYR": " ",
        "DOT_THRULA": 0,
        "BIKE_L": " ",
        "BIKE_R": " ",
        "UNIQUE_ID": "12TVK43393249_500_E",
        "LOCAL_UID": " ",
        "UTAHRD_UID": " ",
        "SOURCE": " ",
        "UPDATED": 1486425600000,
        "EFFECTIVE": null,
        "EXPIRE": null,
        "CUSTOMTAGS": " ",
        "Shape_STLe": 248.138988399,
        "START_ELEV": 1456.10498046875,
        "END_ELEV": 1468.234130859375,
        "STEL_FT": 4777.247464121094,
        "ENDEL_FT": 4817.041265888672,
        "ELEV_CHANGE": 39.79380176757786,
        "SLOPE": 4.886757139012498,
        "IMP_NO_12": null,
        "USE_CODE_12": null,
        "USE_CODE_DESCR_12": null,
        "COST_CLASS_DESCR_12": null,
        "EXTERIOR_WALL_12": null,
        "ABOVE_GRADE_AREA_12": null,
        "MEZZANINE_12": null,
        "BASEMENT_12": null,
        "BSMT_FINISH_12": null,
        "BSMT_UNFINISH_12": null,
        "QUALITY_DESCR_12": null,
        "CONDITION_12": null,
        "CONDITION_DESCR_12": null,
        "YEAR_BUILT_12": null,
        "UNIT_COUNT_12": null,
        "PCT_COMPLETE_12": null,
        "ALLOCATION_PCT_12": null,
        "IMP_NO_23": null,
        "USE_CODE_23": null,
        "USE_CODE_DESCR_23": null,
        "COST_CLASS_DESCR_23": null,
        "EXTERIOR_WALL_23": null,
        "ABOVE_GRADE_AREA_23": null,
        "MEZZANINE_23": null,
        "BASEMENT_23": null,
        "BSMT_FINISH_23": null,
        "BSMT_UNFINISH_23": null,
        "QUALITY_DESCR_23": null,
        "CONDITION_23": null,
        "CONDITION_DESCR_23": null,
        "YEAR_BUILT_23": null,
        "UNIT_COUNT_23": null,
        "PCT_COMPLETE_23": null,
        "ALLOCATION_PCT_23": null,
        "Entry": 40363,
        "Year": 2025,
        "Record_Date": "2025-05-30",
        "Grantor": "LOVELIS, ROBERT DEC",
        "Grantee": "WHOM OF INTEREST",
        "Tax_Address": "431 E 960 S SALEM, UT 84653",
        "Serial_Number": "46:654:0023",
        "Serial_Number_Available": "Yes",
        "Detail_URL": "https://www.utahcounty.gov/LandRecords/document.asp?avEntry=40363&avYear=2025",
        "Document_Type": "AF DC",
        "Shape_Length_12_13": 408.1669568415964,
        "Shape_Area_12_13": 10408.073330876152,
        "DocType": "AFDC",
        "Shape_Length": 0.008295804703785856,
        "Shape_Area": 4.23359869640588e-06
      }
    },
    {
      "type": "Feature",
      "id": 21,
      "geometry": {
        "type": "Polygon",
        "coordinates": [
          [
            [
              -111.68812793099994,
              40.09712543000006
            ],
            [
              -111.68812787699994,
              40.097125436000056
            ],
            [
              -111.68817478714146,
              40.09708157114466
            ],
            [
              -111.68821674606276,
              40.097032948764635
            ],
            [
              -111.68825327413828,
              40.09698012465446
            ],
            [
              -111.68828395382151,
              40.096923702637895
            ],
            [
              -111.68830843441805,
              40.09686432766581
            ],
            [
              -111.68832643609416,
              40.09680267844381
            ],
            [
              -111.68833775307566,
              40.096739459674076
            ],
            [
              -111.68834225599994,
              40.096675394000044
            ],
            [
              -111.68832606499996,
              40.09461581900007
            ],
            [
              -111.68591975199996,
              40.09462971100004
            ],
            [
              -111.68593370699995,
              40.09700971700005
            ],
            [
              -111.68613450599997,
              40.09701393800003
            ],
            [
              -111.68620682199997,
              40.09701984800006
            ],
            [
              -111.68655596399998,
              40.097033202000034
            ],
            [
              -111.68701491099995,
              40.09704256600003
            ],
            [
              -111.68709675799994,
              40.09704561500007
            ],
            [
              -111.68721938199997,
              40.09705052100003
            ],
            [
              -111.68731999399995,
              40.09706651000005
            ],
            [
              -111.68739488799997,
              40.097090233000074
            ],
            [
              -111.68759897499996,
              40.09712677300007
            ],
            [
              -111.68810816699994,
              40.097143181000035
            ],
            [
              -111.68812793099994,
              40.09712543000006
            ]
          ]
        ]
      },
      "properties": {
        "OBJECTID": 21,
        "Join_Count": 1,
        "TARGET_FID": 10892608,
        "PARCEL_NO": 418030002,
        "PARCELID": "418030002",
        "PARCELID_LABEL": "41:803:0002",
        "OWNER_NAME": "HARRIS, CLINTON M (ET AL)",
        "CARE_NAME": null,
        "ACREAGE": 13.726837,
        "SITE_FULL_ADDRESS": "1075 S 2000 WEST, SPANISH FORK, UT",
        "SITE_HOUSE_NUM": "1075",
        "SITE_PRE_DIR": "S",
        "SITE_STREET_NAME": "2000 WEST",
        "SITE_STREET_TYPE": null,
        "SITE_POST_DIR": null,
        "SITE_STREET_UNIT": null,
        "SITE_CITY": "SPANISH FORK",
        "SITE_STATE": "UT",
        "SITE_ZIP5": "84660",
        "OWN_FULL_ADDRESS": "7357 S 1400 W  SPANISH FORK, UT 84660-4906",
        "OWN_STREET_ADDRESS": "7357 S 1400 W",
        "OWN_CITY": "SPANISH FORK",
        "OWN_STATE": "UT",
        "OWN_ZIP5": "84660",
        "VESTING_DOC": "6168-2025",
        "PARCEL_CREATE_DATE": 1432080000000,
        "MAP_FILING_NO": "14596 ",
        "SUB_NAME": "HARRIS FARM",
        "LEGAL_DESCR": "LOT 2, HARRIS FARM SUB AREA 13.727 AC.",
        "BOOK_PAGE": 41803,
        "LOT": "2",
        "BUILDING": null,
        "UNIT": null,
        "TAX_DISTRICT": "150",
        "TAX_DISTRICT_DESCR": "SPANISH FORK CITY",
        "SCHOOL_DISTRICT": "NEBO",
        "TAXABLE_CODE": 100,
        "ACCOUNT_TYPE": "RESIDENTIAL",
        "PROP_TYPE": 900,
        "PROP_TYPE_DESCR": "VACANT",
        "SPECIFIC_PROP_TYPE": 901,
        "SPC_PROP_TYP_DESCR": "Vac Res",
        "NEIGHBORHOOD": "116",
        "NBHD_DISTRICT": "726",
        "LAND_DISTRICT": 7242,
        "ECONOMIC_UNIT": null,
        "GLA_WEIGHTED_YRBLT": null,
        "TOTAL_ABOVE_GRADE_AREA": null,
        "TOTAL_MEZZANINE": null,
        "TOTAL_BASEMENT": null,
        "TOTAL_BSMT_FINISH": null,
        "TOTAL_UNIT_COUNT": null,
        "TOTAL_IMP_COUNT": null,
        "ASMT_YEAR": 2026,
        "ASMT_CODE": "V",
        "ASMT_CODE_DESCR": "VACANT",
        "MKT_LAND_VALUE": 2332800,
        "MKT_LAND_RES": 0,
        "MKT_LAND_AGR": 2332800,
        "MKT_LAND_COM": 0,
        "MKT_IMP_VALUE": 0,
        "MKT_IMP_RES": 0,
        "MKT_IMP_AGR": 0,
        "MKT_IMP_COM": 0,
        "MKT_CUR_VALUE": 2332800,
        "MKT_PRV_VAL": 2332800,
        "MKT_VAL_YR_CHG": 0,
        "MKT_PCT_CHG": 0,
        "TXBL_CUR_VALUE": 8883,
        "TXBL_PRV_VAL": 8883,
        "TXBL_VAL_YR_CHG": 0,
        "TXBL_PCT_CHG": 0,
        "TOT_CUR_TAXES": 0,
        "TOT_PRV_TAXES": 0,
        "TAXES_YR_CHG": 0,
        "TAXES_PCT_CHG": 0,
        "GREENBELT": "GB",
        "EXEMPT_RES": "N",
        "COMMON_AREA": null,
        "PUBLIC_ROAD": null,
        "PRIVATE_ROAD": null,
        "PART_CENTRAL_ASSD": null,
        "PART_TAXABLE": null,
        "IMP_NO_RES": null,
        "COST_GROUP_RES": null,
        "STYLE_DESCR_RES": null,
        "QUALITY_RES": null,
        "QUALITY_DESCR_RES": null,
        "CONDITION_RES": null,
        "CONDITION_DESCR_RES": null,
        "YEARBLT_RES": null,
        "GLA_RES": null,
        "BASEMENT_RES": null,
        "BSMT_FINISH_RES": null,
        "ATT_GARAGE_SQFT_RES": null,
        "BATHROOMS_RES": null,
        "GLA_BEDROOMS_RES": null,
        "EXTERIOR_RES": null,
        "ALLOCATION_PCT_RES": null,
        "TRAV_COUNT": 1,
        "LASTUPDATE": null,
        "CREATED_DATE": 1712330344000,
        "LAST_EDITED_DATE": 1712330533000,
        "GLOBALID": "{60F1916B-7826-4179-91B2-A577B0BF1FAC}",
        "Join_Count_12": 1,
        "TARGET_FID_12": 5300,
        "Code": null,
        "Desc_Cleaned": "Medium Density Residential",
        "Description": "Medium Density Residential",
        "City": "Spanish Fork",
        "Description_detailed": null,
        "Desc": null,
        "Acres": 128.002,
        "CityLU": null,
        "Unit_Rate": null,
        "Parcel_Area": 55547,
        "PctDeveloped": null,
        "Slope_Score": 10,
        "GP_Score": 8,
        "Ownership_Type": "Private",
        "Ownership_Score": 10,
        "Wetlands_Score": 10,
        "Municipality_Score": 10,
        "Final_Score": 9.3,
        "OBJECTID_12": 5298,
        "Join_Count_12_13": 0,
        "TARGET_FID_12_13": 5300,
        "Area": null,
        "Shape_Length_12": null,
        "Shape_Area_12": null,
        "STATUS": " ",
        "CARTOCODE": "11",
        "FULLNAME": "2000 W",
        "FROMADDR_L": 911,
        "TOADDR_L": 1149,
        "FROMADDR_R": 910,
        "TOADDR_R": 1148,
        "PARITY_L": " ",
        "PARITY_R": " ",
        "PREDIR": "S",
        "NAME": "2000",
        "POSTTYPE": " ",
        "POSTDIR": "W",
        "AN_NAME": " ",
        "AN_POSTDIR": " ",
        "A1_PREDIR": " ",
        "A1_NAME": " ",
        "A1_POSTTYP": " ",
        "A1_POSTDIR": " ",
        "A2_PREDIR": " ",
        "A2_NAME": " ",
        "A2_POSTTYP": " ",
        "A2_POSTDIR": " ",
        "QUADRANT_L": "SW",
        "QUADRANT_R": "SW",
        "STATE_L": "UT",
        "STATE_R": "UT",
        "COUNTY_L": "49049",
        "COUNTY_R": "49049",
        "ADDRSYS_L": "Spanish Fork",
        "ADDRSYS_R": "Spanish Fork",
        "POSTCOMM_L": "SPANISH FORK",
        "POSTCOMM_R": "SPANISH FORK",
        "ZIPCODE_L": "84660",
        "ZIPCODE_R": "84660",
        "INCMUNI_L": "SPANISH FORK",
        "INCMUNI_R": "SPANISH FORK",
        "UNINCCOM_L": " ",
        "UNINCCOM_R": " ",
        "NBRHDCOM_L": " ",
        "NBRHDCOM_R": " ",
        "ER_CAD_ZON": " ",
        "ESN_L": " ",
        "ESN_R": " ",
        "MSAGCOMM_L": " ",
        "MSAGCOMM_R": " ",
        "ONEWAY": "0",
        "VERT_LEVEL": "0",
        "SPEED_LMT": 25,
        "ACCESSCODE": " ",
        "DOT_HWYNAM": " ",
        "DOT_RTNAME": " ",
        "DOT_RTPART": " ",
        "DOT_F_MILE": 0,
        "DOT_T_MILE": 0,
        "DOT_FCLASS": " ",
        "DOT_SRFTYP": " ",
        "DOT_CLASS": "C",
        "DOT_OWN_L": "MU Spanish Fork",
        "DOT_OWN_R": "MU Spanish Fork",
        "DOT_AADT": 0,
        "DOT_AADTYR": " ",
        "DOT_THRULA": 0,
        "BIKE_L": " ",
        "BIKE_R": " ",
        "UNIQUE_ID": "12TVK41323868_2000_W",
        "LOCAL_UID": " ",
        "UTAHRD_UID": " ",
        "SOURCE": " ",
        "UPDATED": 1486425600000,
        "EFFECTIVE": null,
        "EXPIRE": null,
        "CUSTOMTAGS": " ",
        "Shape_STLe": 415.754617602,
        "START_ELEV": 1391.9759521484375,
        "END_ELEV": 1388.919921875,
        "STEL_FT": 4566.85038284668,
        "ENDEL_FT": 4556.824036484375,
        "ELEV_CHANGE": 10.026346362305048,
        "SLOPE": 0.7348615554027924,
        "IMP_NO_12": null,
        "USE_CODE_12": null,
        "USE_CODE_DESCR_12": null,
        "COST_CLASS_DESCR_12": null,
        "EXTERIOR_WALL_12": null,
        "ABOVE_GRADE_AREA_12": null,
        "MEZZANINE_12": null,
        "BASEMENT_12": null,
        "BSMT_FINISH_12": null,
        "BSMT_UNFINISH_12": null,
        "QUALITY_DESCR_12": null,
        "CONDITION_12": null,
        "CONDITION_DESCR_12": null,
        "YEAR_BUILT_12": null,
        "UNIT_COUNT_12": null,
        "PCT_COMPLETE_12": null,
        "ALLOCATION_PCT_12": null,
        "IMP_NO_23": null,
        "USE_CODE_23": null,
        "USE_CODE_DESCR_23": null,
        "COST_CLASS_DESCR_23": null,
        "EXTERIOR_WALL_23": null,
        "ABOVE_GRADE_AREA_23": null,
        "MEZZANINE_23": null,
        "BASEMENT_23": null,
        "BSMT_FINISH_23": null,
        "BSMT_UNFINISH_23": null,
        "QUALITY_DESCR_23": null,
        "CONDITION_23": null,
        "CONDITION_DESCR_23": null,
        "YEAR_BUILT_23": null,
        "UNIT_COUNT_23": null,
        "PCT_COMPLETE_23": null,
        "ALLOCATION_PCT_23": null,
        "Entry": 6167,
        "Year": 2025,
        "Record_Date": "2025-01-28",
        "Grantor": "HARRIS, JOE D DEC HARRIS FAMILY TRUST 01-28-1994",
        "Grantee": "HARRIS, CLINTON M SUCTEE CROMWELL, MARY JO SUCTEE HARRIS FAMILY TRUST 01-28-1994",
        "Tax_Address": "7357 S 1400 W SPANISH FORK, UT 84660-4906",
        "Serial_Number": "41:803:0002",
        "Serial_Number_Available": "Yes",
        "Detail_URL": "https://www.utahcounty.gov/LandRecords/document.asp?avEntry=6167&avYear=2025",
        "Document_Type": "AF DC",
        "Shape_Length_12_13": 3089.82875377723,
        "Shape_Area_12_13": 597905.7141310078,
        "DocType": "AFDC",
        "Shape_Length": 0.009570383730135293,
        "Shape_Area": 5.867670326333235e-06
      }
    },
    {
      "type": "Feature",
      "id": 22,
      "geometry": {
        "type": "Polygon",
        "coordinates": [
          [
            [
              -111.68832610799996,
              40.09461583800004
            ],
            [
              -111.68832611899995,
              40.09461585100007
            ],
            [
              -111.68831888999995,
              40.093696195000064
            ],
            [
              -111.68359941199998,
              40.09375550500005
            ],
            [
              -111.68359709999999,
              40.09464309200007
            ],
            [
              -111.68591979499996,
              40.094629730000065
            ],
            [
              -111.68832610799996,
              40.09461583800004
            ]
          ]
        ]
      },
      "properties": {
        "OBJECTID": 22,
        "Join_Count": 1,
        "TARGET_FID": 10892609,
        "PARCEL_NO": 418030003,
        "PARCELID": "418030003",
        "PARCELID_LABEL": "41:803:0003",
        "OWNER_NAME": "HARRIS, CLINTON M (ET AL)",
        "CARE_NAME": null,
        "ACREAGE": 9.987226999999999,
        "SITE_FULL_ADDRESS": "1213 S 2000 WEST, SPANISH FORK, UT",
        "SITE_HOUSE_NUM": "1213",
        "SITE_PRE_DIR": "S",
        "SITE_STREET_NAME": "2000 WEST",
        "SITE_STREET_TYPE": null,
        "SITE_POST_DIR": null,
        "SITE_STREET_UNIT": null,
        "SITE_CITY": "SPANISH FORK",
        "SITE_STATE": "UT",
        "SITE_ZIP5": "84660",
        "OWN_FULL_ADDRESS": "7357 S 1400 W  SPANISH FORK, UT 84660-4906",
        "OWN_STREET_ADDRESS": "7357 S 1400 W",
        "OWN_CITY": "SPANISH FORK",
        "OWN_STATE": "UT",
        "OWN_ZIP5": "84660",
        "VESTING_DOC": "6168-2025",
        "PARCEL_CREATE_DATE": 1432080000000,
        "MAP_FILING_NO": "14596 ",
        "SUB_NAME": "HARRIS FARM",
        "LEGAL_DESCR": "LOT 3, HARRIS FARM SUB AREA 9.987 AC.",
        "BOOK_PAGE": 41803,
        "LOT": "3",
        "BUILDING": null,
        "UNIT": null,
        "TAX_DISTRICT": "150",
        "TAX_DISTRICT_DESCR": "SPANISH FORK CITY",
        "SCHOOL_DISTRICT": "NEBO",
        "TAXABLE_CODE": 100,
        "ACCOUNT_TYPE": "RESIDENTIAL",
        "PROP_TYPE": 900,
        "PROP_TYPE_DESCR": "VACANT",
        "SPECIFIC_PROP_TYPE": 901,
        "SPC_PROP_TYP_DESCR": "Vac Res",
        "NEIGHBORHOOD": "116",
        "NBHD_DISTRICT": "726",
        "LAND_DISTRICT": 7242,
        "ECONOMIC_UNIT": null,
        "GLA_WEIGHTED_YRBLT": null,
        "TOTAL_ABOVE_GRADE_AREA": null,
        "TOTAL_MEZZANINE": null,
        "TOTAL_BASEMENT": null,
        "TOTAL_BSMT_FINISH": null,
        "TOTAL_UNIT_COUNT": null,
        "TOTAL_IMP_COUNT": null,
        "ASMT_YEAR": 2026,
        "ASMT_CODE": "V",
        "ASMT_CODE_DESCR": "VACANT",
        "MKT_LAND_VALUE": 1697200,
        "MKT_LAND_RES": 0,
        "MKT_LAND_AGR": 1697200,
        "MKT_LAND_COM": 0,
        "MKT_IMP_VALUE": 0,
        "MKT_IMP_RES": 0,
        "MKT_IMP_AGR": 0,
        "MKT_IMP_COM": 0,
        "MKT_CUR_VALUE": 1697200,
        "MKT_PRV_VAL": 1697200,
        "MKT_VAL_YR_CHG": 0,
        "MKT_PCT_CHG": 0,
        "TXBL_CUR_VALUE": 6464,
        "TXBL_PRV_VAL": 6464,
        "TXBL_VAL_YR_CHG": 0,
        "TXBL_PCT_CHG": 0,
        "TOT_CUR_TAXES": 0,
        "TOT_PRV_TAXES": 0,
        "TAXES_YR_CHG": 0,
        "TAXES_PCT_CHG": 0,
        "GREENBELT": "GB",
        "EXEMPT_RES": "N",
        "COMMON_AREA": null,
        "PUBLIC_ROAD": null,
        "PRIVATE_ROAD": null,
        "PART_CENTRAL_ASSD": null,
        "PART_TAXABLE": null,
        "IMP_NO_RES": null,
        "COST_GROUP_RES": null,
        "STYLE_DESCR_RES": null,
        "QUALITY_RES": null,
        "QUALITY_DESCR_RES": null,
        "CONDITION_RES": null,
        "CONDITION_DESCR_RES": null,
        "YEARBLT_RES": null,
        "GLA_RES": null,
        "BASEMENT_RES": null,
        "BSMT_FINISH_RES": null,
        "ATT_GARAGE_SQFT_RES": null,
        "BATHROOMS_RES": null,
        "GLA_BEDROOMS_RES": null,
        "EXTERIOR_RES": null,
        "ALLOCATION_PCT_RES": null,
        "TRAV_COUNT": 1,
        "LASTUPDATE": null,
        "CREATED_DATE": 1712330344000,
        "LAST_EDITED_DATE": 1712330533000,
        "GLOBALID": "{A945820A-0C93-4D5D-860C-D4595E61705D}",
        "Join_Count_12": 1,
        "TARGET_FID_12": 5301,
        "Code": null,
        "Desc_Cleaned": "Medium Density Residential",
        "Description": "Medium Density Residential",
        "City": "Spanish Fork",
        "Description_detailed": null,
        "Desc": null,
        "Acres": 128.002,
        "CityLU": null,
        "Unit_Rate": null,
        "Parcel_Area": 40415,
        "PctDeveloped": null,
        "Slope_Score": 10,
        "GP_Score": 8,
        "Ownership_Type": "Private",
        "Ownership_Score": 10,
        "Wetlands_Score": 10,
        "Municipality_Score": 10,
        "Final_Score": 9.3,
        "OBJECTID_12": 5299,
        "Join_Count_12_13": 0,
        "TARGET_FID_12_13": 5301,
        "Area": null,
        "Shape_Length_12": null,
        "Shape_Area_12": null,
        "STATUS": " ",
        "CARTOCODE": "11",
        "FULLNAME": "2000 W",
        "FROMADDR_L": 911,
        "TOADDR_L": 1149,
        "FROMADDR_R": 910,
        "TOADDR_R": 1148,
        "PARITY_L": " ",
        "PARITY_R": " ",
        "PREDIR": "S",
        "NAME": "2000",
        "POSTTYPE": " ",
        "POSTDIR": "W",
        "AN_NAME": " ",
        "AN_POSTDIR": " ",
        "A1_PREDIR": " ",
        "A1_NAME": " ",
        "A1_POSTTYP": " ",
        "A1_POSTDIR": " ",
        "A2_PREDIR": " ",
        "A2_NAME": " ",
        "A2_POSTTYP": " ",
        "A2_POSTDIR": " ",
        "QUADRANT_L": "SW",
        "QUADRANT_R": "SW",
        "STATE_L": "UT",
        "STATE_R": "UT",
        "COUNTY_L": "49049",
        "COUNTY_R": "49049",
        "ADDRSYS_L": "Spanish Fork",
        "ADDRSYS_R": "Spanish Fork",
        "POSTCOMM_L": "SPANISH FORK",
        "POSTCOMM_R": "SPANISH FORK",
        "ZIPCODE_L": "84660",
        "ZIPCODE_R": "84660",
        "INCMUNI_L": "SPANISH FORK",
        "INCMUNI_R": "SPANISH FORK",
        "UNINCCOM_L": " ",
        "UNINCCOM_R": " ",
        "NBRHDCOM_L": " ",
        "NBRHDCOM_R": " ",
        "ER_CAD_ZON": " ",
        "ESN_L": " ",
        "ESN_R": " ",
        "MSAGCOMM_L": " ",
        "MSAGCOMM_R": " ",
        "ONEWAY": "0",
        "VERT_LEVEL": "0",
        "SPEED_LMT": 25,
        "ACCESSCODE": " ",
        "DOT_HWYNAM": " ",
        "DOT_RTNAME": " ",
        "DOT_RTPART": " ",
        "DOT_F_MILE": 0,
        "DOT_T_MILE": 0,
        "DOT_FCLASS": " ",
        "DOT_SRFTYP": " ",
        "DOT_CLASS": "C",
        "DOT_OWN_L": "MU Spanish Fork",
        "DOT_OWN_R": "MU Spanish Fork",
        "DOT_AADT": 0,
        "DOT_AADTYR": " ",
        "DOT_THRULA": 0,
        "BIKE_L": " ",
        "BIKE_R": " ",
        "UNIQUE_ID": "12TVK41323868_2000_W",
        "LOCAL_UID": " ",
        "UTAHRD_UID": " ",
        "SOURCE": " ",
        "UPDATED": 1486425600000,
        "EFFECTIVE": null,
        "EXPIRE": null,
        "CUSTOMTAGS": " ",
        "Shape_STLe": 415.754617602,
        "START_ELEV": 1391.9759521484375,
        "END_ELEV": 1388.919921875,
        "STEL_FT": 4566.85038284668,
        "ENDEL_FT": 4556.824036484375,
        "ELEV_CHANGE": 10.026346362305048,
        "SLOPE": 0.7348615554027924,
        "IMP_NO_12": null,
        "USE_CODE_12": null,
        "USE_CODE_DESCR_12": null,
        "COST_CLASS_DESCR_12": null,
        "EXTERIOR_WALL_12": null,
        "ABOVE_GRADE_AREA_12": null,
        "MEZZANINE_12": null,
        "BASEMENT_12": null,
        "BSMT_FINISH_12": null,
        "BSMT_UNFINISH_12": null,
        "QUALITY_DESCR_12": null,
        "CONDITION_12": null,
        "CONDITION_DESCR_12": null,
        "YEAR_BUILT_12": null,
        "UNIT_COUNT_12": null,
        "PCT_COMPLETE_12": null,
        "ALLOCATION_PCT_12": null,
        "IMP_NO_23": null,
        "USE_CODE_23": null,
        "USE_CODE_DESCR_23": null,
        "COST_CLASS_DESCR_23": null,
        "EXTERIOR_WALL_23": null,
        "ABOVE_GRADE_AREA_23": null,
        "MEZZANINE_23": null,
        "BASEMENT_23": null,
        "BSMT_FINISH_23": null,
        "BSMT_UNFINISH_23": null,
        "QUALITY_DESCR_23": null,
        "CONDITION_23": null,
        "CONDITION_DESCR_23": null,
        "YEAR_BUILT_23": null,
        "UNIT_COUNT_23": null,
        "PCT_COMPLETE_23": null,
        "ALLOCATION_PCT_23": null,
        "Entry": 6167,
        "Year": 2025,
        "Record_Date": "2025-01-28",
        "Grantor": "HARRIS, JOE D DEC HARRIS FAMILY TRUST 01-28-1994",
        "Grantee": "HARRIS, CLINTON M SUCTEE CROMWELL, MARY JO SUCTEE HARRIS FAMILY TRUST 01-28-1994",
        "Tax_Address": "7357 S 1400 W SPANISH FORK, UT 84660-4906",
        "Serial_Number": "41:803:0002",
        "Serial_Number_Available": "Yes",
        "Detail_URL": "https://www.utahcounty.gov/LandRecords/document.asp?avEntry=6167&avYear=2025",
        "Document_Type": "AF DC",
        "Shape_Length_12_13": 3089.82875377723,
        "Shape_Area_12_13": 597905.7141310078,
        "DocType": "AFDC",
        "Shape_Length": 0.011256228647822903,
        "Shape_Area": 4.269064882618445e-06
      }
    },
    {
      "type": "Feature",
      "id": 23,
      "geometry": {
        "type": "Polygon",
        "coordinates": [
          [
            [
              -111.60709122099996,
              40.085539262000054
            ],
            [
              -111.60709123899994,
              40.08553924100005
            ],
            [
              -111.60734333299996,
              40.085385890000055
            ],
            [
              -111.60759542499994,
              40.08523253800007
            ],
            [
              -111.60784751899996,
              40.08507918600003
            ],
            [
              -111.60809960899996,
              40.084925834000046
            ],
            [
              -111.60835340199998,
              40.084774147000076
            ],
            [
              -111.60860719299995,
              40.08462245900006
            ],
            [
              -111.60886098399999,
              40.08447077200003
            ],
            [
              -111.60911477299999,
              40.08431908400007
            ],
            [
              -111.60936856099994,
              40.084167394000076
            ],
            [
              -111.60962234799996,
              40.08401570500007
            ],
            [
              -111.60987613399999,
              40.08386401400003
            ],
            [
              -111.61010485199995,
              40.08373808300007
            ],
            [
              -111.61034122999996,
              40.08367874900006
            ],
            [
              -111.61064814699995,
              40.08360171100003
            ],
            [
              -111.61095506399994,
              40.08352467100008
            ],
            [
              -111.61140669199995,
              40.08341130300005
            ],
            [
              -111.61178251599995,
              40.08331696300007
            ],
            [
              -111.61178341199997,
              40.083252196000046
            ],
            [
              -111.611647329,
              40.08327055600006
            ],
            [
              -111.61127157599998,
              40.08337296600007
            ],
            [
              -111.61032803799998,
              40.08357091500005
            ],
            [
              -111.60996644099998,
              40.08370013900003
            ],
            [
              -111.60702531399994,
              40.085458009000035
            ],
            [
              -111.60702547699998,
              40.08556260100005
            ],
            [
              -111.60709122099996,
              40.085539262000054
            ]
          ]
        ]
      },
      "properties": {
        "OBJECTID": 23,
        "Join_Count": 1,
        "TARGET_FID": 10979726,
        "PARCEL_NO": 528570500,
        "PARCELID": "528570500",
        "PARCELID_LABEL": "52:857:0500",
        "OWNER_NAME": "D10 PROPERTIES LLC (ET AL)",
        "CARE_NAME": null,
        "ACREAGE": 7.457000000000001,
        "SITE_FULL_ADDRESS": null,
        "SITE_HOUSE_NUM": null,
        "SITE_PRE_DIR": null,
        "SITE_STREET_NAME": null,
        "SITE_STREET_TYPE": null,
        "SITE_POST_DIR": null,
        "SITE_STREET_UNIT": null,
        "SITE_CITY": null,
        "SITE_STATE": null,
        "SITE_ZIP5": "84660",
        "OWN_FULL_ADDRESS": "PO BOX 903  SALEM, UT 84653-0903",
        "OWN_STREET_ADDRESS": "PO BOX 903",
        "OWN_CITY": "SALEM",
        "OWN_STATE": "UT",
        "OWN_ZIP5": "84653",
        "VESTING_DOC": "17748-2001 (MORE)",
        "PARCEL_CREATE_DATE": 983232000000,
        "MAP_FILING_NO": "8957 ",
        "SUB_NAME": "SPANISH OAKS ESTATES, PLAT A",
        "LEGAL_DESCR": "PLAT A, SPANISH OAKS ESTATES SUBDV. AREA 2.447 AC. ALSO PLAT A, SPANISH OAKS ESTATES SUBDV. AREA 3.862 AC. ALSO PLAT A, SPANISH OAKS ESTATES SUBDV. AREA 1.148 AC. TOTAL AREA 7.457 AC.",
        "BOOK_PAGE": 52857,
        "LOT": null,
        "BUILDING": null,
        "UNIT": null,
        "TAX_DISTRICT": "150",
        "TAX_DISTRICT_DESCR": "SPANISH FORK CITY",
        "SCHOOL_DISTRICT": "NEBO",
        "TAXABLE_CODE": 100,
        "ACCOUNT_TYPE": "RESIDENTIAL",
        "PROP_TYPE": 900,
        "PROP_TYPE_DESCR": "VACANT",
        "SPECIFIC_PROP_TYPE": 999,
        "SPC_PROP_TYP_DESCR": "Undevelopable",
        "NEIGHBORHOOD": "116",
        "NBHD_DISTRICT": "729",
        "LAND_DISTRICT": 7218,
        "ECONOMIC_UNIT": null,
        "GLA_WEIGHTED_YRBLT": null,
        "TOTAL_ABOVE_GRADE_AREA": null,
        "TOTAL_MEZZANINE": null,
        "TOTAL_BASEMENT": null,
        "TOTAL_BSMT_FINISH": null,
        "TOTAL_UNIT_COUNT": null,
        "TOTAL_IMP_COUNT": null,
        "ASMT_YEAR": 2026,
        "ASMT_CODE": "V",
        "ASMT_CODE_DESCR": "VACANT",
        "MKT_LAND_VALUE": 600,
        "MKT_LAND_RES": 600,
        "MKT_LAND_AGR": 0,
        "MKT_LAND_COM": 0,
        "MKT_IMP_VALUE": 0,
        "MKT_IMP_RES": 0,
        "MKT_IMP_AGR": 0,
        "MKT_IMP_COM": 0,
        "MKT_CUR_VALUE": 600,
        "MKT_PRV_VAL": 600,
        "MKT_VAL_YR_CHG": 0,
        "MKT_PCT_CHG": 0,
        "TXBL_CUR_VALUE": 600,
        "TXBL_PRV_VAL": 600,
        "TXBL_VAL_YR_CHG": 0,
        "TXBL_PCT_CHG": 0,
        "TOT_CUR_TAXES": 0,
        "TOT_PRV_TAXES": 0,
        "TAXES_YR_CHG": 0,
        "TAXES_PCT_CHG": 0,
        "GREENBELT": null,
        "EXEMPT_RES": "N",
        "COMMON_AREA": null,
        "PUBLIC_ROAD": "Yes",
        "PRIVATE_ROAD": null,
        "PART_CENTRAL_ASSD": null,
        "PART_TAXABLE": null,
        "IMP_NO_RES": null,
        "COST_GROUP_RES": null,
        "STYLE_DESCR_RES": null,
        "QUALITY_RES": null,
        "QUALITY_DESCR_RES": null,
        "CONDITION_RES": null,
        "CONDITION_DESCR_RES": null,
        "YEARBLT_RES": null,
        "GLA_RES": null,
        "BASEMENT_RES": null,
        "BSMT_FINISH_RES": null,
        "ATT_GARAGE_SQFT_RES": null,
        "BATHROOMS_RES": null,
        "GLA_BEDROOMS_RES": null,
        "EXTERIOR_RES": null,
        "ALLOCATION_PCT_RES": null,
        "TRAV_COUNT": 3,
        "LASTUPDATE": null,
        "CREATED_DATE": 1712330344000,
        "LAST_EDITED_DATE": 1712330533000,
        "GLOBALID": "{8A8C6D67-BE21-42D0-B7EB-22CEA131BF3E}",
        "Join_Count_12": 1,
        "TARGET_FID_12": 6187,
        "Code": null,
        "Desc_Cleaned": "Estate Density Residential",
        "Description": "Estate Density Residential",
        "City": "Spanish Fork",
        "Description_detailed": null,
        "Desc": null,
        "Acres": 203.552,
        "CityLU": null,
        "Unit_Rate": null,
        "Parcel_Area": 4641,
        "PctDeveloped": null,
        "Slope_Score": 10,
        "GP_Score": 7,
        "Ownership_Type": "Business",
        "Ownership_Score": 5,
        "Wetlands_Score": 0,
        "Municipality_Score": 10,
        "Final_Score": 6.449999999999999,
        "OBJECTID_12": 6185,
        "Join_Count_12_13": 0,
        "TARGET_FID_12_13": 6187,
        "Area": null,
        "Shape_Length_12": null,
        "Shape_Area_12": null,
        "STATUS": " ",
        "CARTOCODE": "10",
        "FULLNAME": "RIVER BOTTOMS RD",
        "FROMADDR_L": 2701,
        "TOADDR_L": 3049,
        "FROMADDR_R": 2700,
        "TOADDR_R": 3048,
        "PARITY_L": " ",
        "PARITY_R": " ",
        "PREDIR": "E",
        "NAME": "RIVER BOTTOMS",
        "POSTTYPE": "RD",
        "POSTDIR": " ",
        "AN_NAME": " ",
        "AN_POSTDIR": " ",
        "A1_PREDIR": " ",
        "A1_NAME": " ",
        "A1_POSTTYP": " ",
        "A1_POSTDIR": " ",
        "A2_PREDIR": " ",
        "A2_NAME": " ",
        "A2_POSTTYP": " ",
        "A2_POSTDIR": " ",
        "QUADRANT_L": "SE",
        "QUADRANT_R": "SE",
        "STATE_L": "UT",
        "STATE_R": "UT",
        "COUNTY_L": "49049",
        "COUNTY_R": "49049",
        "ADDRSYS_L": "Spanish Fork",
        "ADDRSYS_R": "Spanish Fork",
        "POSTCOMM_L": "SPANISH FORK",
        "POSTCOMM_R": "SPANISH FORK",
        "ZIPCODE_L": "84660",
        "ZIPCODE_R": "84660",
        "INCMUNI_L": "SPANISH FORK",
        "INCMUNI_R": "SPANISH FORK",
        "UNINCCOM_L": " ",
        "UNINCCOM_R": " ",
        "NBRHDCOM_L": " ",
        "NBRHDCOM_R": " ",
        "ER_CAD_ZON": " ",
        "ESN_L": " ",
        "ESN_R": " ",
        "MSAGCOMM_L": " ",
        "MSAGCOMM_R": " ",
        "ONEWAY": "0",
        "VERT_LEVEL": "0",
        "SPEED_LMT": 25,
        "ACCESSCODE": " ",
        "DOT_HWYNAM": " ",
        "DOT_RTNAME": "2864P",
        "DOT_RTPART": "1",
        "DOT_F_MILE": 0,
        "DOT_T_MILE": 0,
        "DOT_FCLASS": " ",
        "DOT_SRFTYP": " ",
        "DOT_CLASS": "C",
        "DOT_OWN_L": "MU Spanish Fork",
        "DOT_OWN_R": "MU Spanish Fork",
        "DOT_AADT": 0,
        "DOT_AADTYR": " ",
        "DOT_THRULA": 0,
        "BIKE_L": " ",
        "BIKE_R": " ",
        "UNIQUE_ID": "12TVK48403744_RIVER BOTTOMS_RD",
        "LOCAL_UID": " ",
        "UTAHRD_UID": " ",
        "SOURCE": " ",
        "UPDATED": 1486425600000,
        "EFFECTIVE": null,
        "EXPIRE": null,
        "CUSTOMTAGS": " ",
        "Shape_STLe": 460.740229318,
        "START_ELEV": 1425.7530517578125,
        "END_ELEV": 1431.969482421875,
        "STEL_FT": 4677.667642329102,
        "ENDEL_FT": 4698.062756708984,
        "ELEV_CHANGE": 20.395114379882216,
        "SLOPE": 1.3488576788889755,
        "IMP_NO_12": null,
        "USE_CODE_12": null,
        "USE_CODE_DESCR_12": null,
        "COST_CLASS_DESCR_12": null,
        "EXTERIOR_WALL_12": null,
        "ABOVE_GRADE_AREA_12": null,
        "MEZZANINE_12": null,
        "BASEMENT_12": null,
        "BSMT_FINISH_12": null,
        "BSMT_UNFINISH_12": null,
        "QUALITY_DESCR_12": null,
        "CONDITION_12": null,
        "CONDITION_DESCR_12": null,
        "YEAR_BUILT_12": null,
        "UNIT_COUNT_12": null,
        "PCT_COMPLETE_12": null,
        "ALLOCATION_PCT_12": null,
        "IMP_NO_23": null,
        "USE_CODE_23": null,
        "USE_CODE_DESCR_23": null,
        "COST_CLASS_DESCR_23": null,
        "EXTERIOR_WALL_23": null,
        "ABOVE_GRADE_AREA_23": null,
        "MEZZANINE_23": null,
        "BASEMENT_23": null,
        "BSMT_FINISH_23": null,
        "BSMT_UNFINISH_23": null,
        "QUALITY_DESCR_23": null,
        "CONDITION_23": null,
        "CONDITION_DESCR_23": null,
        "YEAR_BUILT_23": null,
        "UNIT_COUNT_23": null,
        "PCT_COMPLETE_23": null,
        "ALLOCATION_PCT_23": null,
        "Entry": 39232,
        "Year": 2025,
        "Record_Date": "2025-05-28",
        "Grantor": "COOK, ARDIS V AKA COOK, ARDIS IRENE VIKLUND DEC COOK FAMILY TRUST 07-02-1998 THE",
        "Grantee": "COOK, ROBERT DON SUCTEE COOK FAMILY TRUST 07-02-1998 THE",
        "Tax_Address": "966 S 690 E SPANISH FORK, UT 84660-2493",
        "Serial_Number": "52:857:0002",
        "Serial_Number_Available": "Yes",
        "Detail_URL": "https://www.utahcounty.gov/LandRecords/document.asp?avEntry=39232&avYear=2025",
        "Document_Type": "AF DC",
        "Shape_Length_12_13": 592.590385518231,
        "Shape_Area_12_13": 20043.591950587543,
        "DocType": "AFDC",
        "Shape_Length": 0.010781176436692916,
        "Shape_Area": 4.901671861977046e-07
      }
    },
    {
      "type": "Feature",
      "id": 24,
      "geometry": {
        "type": "Polygon",
        "coordinates": [
          [
            [
              -112.10125247899998,
              40.29275716500007
            ],
            [
              -112.10125252099999,
              40.29275715700004
            ],
            [
              -112.10125669899998,
              40.290879148000045
            ],
            [
              -112.10125686299995,
              40.29082236900007
            ],
            [
              -112.09997029799996,
              40.29081972800003
            ],
            [
              -112.09996973199998,
              40.291015067000046
            ],
            [
              -112.09996320340693,
              40.29107767305833
            ],
            [
              -112.09995059178753,
              40.291139342241216
            ],
            [
              -112.09993201771803,
              40.29119948494654
            ],
            [
              -112.09990765878001,
              40.291257526166376
            ],
            [
              -112.09987774786262,
              40.29131291098454
            ],
            [
              -112.09984257093592,
              40.29136510988194
            ],
            [
              -112.0998024643169,
              40.29141362379923
            ],
            [
              -112.09975781145391,
              40.29145798890814
            ],
            [
              -112.09970903926077,
              40.29149778104603
            ],
            [
              -112.09965661403504,
              40.291532619771175
            ],
            [
              -112.09960103699996,
              40.291562172000056
            ],
            [
              -112.10071490399997,
              40.29275606400006
            ],
            [
              -112.10125247899998,
              40.29275716500007
            ]
          ]
        ]
      },
      "properties": {
        "OBJECTID": 24,
        "Join_Count": 1,
        "TARGET_FID": 10994614,
        "PARCEL_NO": 553200005,
        "PARCELID": "553200005",
        "PARCELID_LABEL": "55:320:0005",
        "OWNER_NAME": "SCHAER, HANS RUDOLF",
        "CARE_NAME": null,
        "ACREAGE": 5.420928,
        "SITE_FULL_ADDRESS": "EAGLE MOUNTAIN, UT",
        "SITE_HOUSE_NUM": " ",
        "SITE_PRE_DIR": null,
        "SITE_STREET_NAME": null,
        "SITE_STREET_TYPE": null,
        "SITE_POST_DIR": null,
        "SITE_STREET_UNIT": null,
        "SITE_CITY": "EAGLE MOUNTAIN",
        "SITE_STATE": "UT",
        "SITE_ZIP5": "84013",
        "OWN_FULL_ADDRESS": "297 W 1080 N  AMERICAN FORK, UT 84003-5138",
        "OWN_STREET_ADDRESS": "297 W 1080 N",
        "OWN_CITY": "AMERICAN FORK",
        "OWN_STATE": "UT",
        "OWN_ZIP5": "84003",
        "VESTING_DOC": "50938-1994",
        "PARCEL_CREATE_DATE": 771552000000,
        "MAP_FILING_NO": "5576 ",
        "SUB_NAME": "WHITE HILLS COUNTRY ESTATES\"A\"",
        "LEGAL_DESCR": "LOT 5, PLAT A, WHITE HILLS COUNTRY ESTATES SUBDV. AREA 5.421 AC.",
        "BOOK_PAGE": 55320,
        "LOT": "5",
        "BUILDING": null,
        "UNIT": null,
        "TAX_DISTRICT": "038",
        "TAX_DISTRICT_DESCR": "EAGLE MOUNTAIN",
        "SCHOOL_DISTRICT": "ALPINE",
        "TAXABLE_CODE": 100,
        "ACCOUNT_TYPE": "RESIDENTIAL",
        "PROP_TYPE": 900,
        "PROP_TYPE_DESCR": "VACANT",
        "SPECIFIC_PROP_TYPE": 911,
        "SPC_PROP_TYP_DESCR": "Vac Sub Lot",
        "NEIGHBORHOOD": "103",
        "NBHD_DISTRICT": "825",
        "LAND_DISTRICT": 8038,
        "ECONOMIC_UNIT": null,
        "GLA_WEIGHTED_YRBLT": null,
        "TOTAL_ABOVE_GRADE_AREA": null,
        "TOTAL_MEZZANINE": null,
        "TOTAL_BASEMENT": null,
        "TOTAL_BSMT_FINISH": null,
        "TOTAL_UNIT_COUNT": null,
        "TOTAL_IMP_COUNT": null,
        "ASMT_YEAR": 2026,
        "ASMT_CODE": "V",
        "ASMT_CODE_DESCR": "VACANT",
        "MKT_LAND_VALUE": 219700,
        "MKT_LAND_RES": 138200,
        "MKT_LAND_AGR": 81500,
        "MKT_LAND_COM": 0,
        "MKT_IMP_VALUE": 0,
        "MKT_IMP_RES": 0,
        "MKT_IMP_AGR": 0,
        "MKT_IMP_COM": 0,
        "MKT_CUR_VALUE": 219700,
        "MKT_PRV_VAL": 219700,
        "MKT_VAL_YR_CHG": 0,
        "MKT_PCT_CHG": 0,
        "TXBL_CUR_VALUE": 219700,
        "TXBL_PRV_VAL": 219700,
        "TXBL_VAL_YR_CHG": 0,
        "TXBL_PCT_CHG": 0,
        "TOT_CUR_TAXES": 0,
        "TOT_PRV_TAXES": 0,
        "TAXES_YR_CHG": 0,
        "TAXES_PCT_CHG": 0,
        "GREENBELT": null,
        "EXEMPT_RES": "N",
        "COMMON_AREA": null,
        "PUBLIC_ROAD": null,
        "PRIVATE_ROAD": null,
        "PART_CENTRAL_ASSD": null,
        "PART_TAXABLE": null,
        "IMP_NO_RES": null,
        "COST_GROUP_RES": null,
        "STYLE_DESCR_RES": null,
        "QUALITY_RES": null,
        "QUALITY_DESCR_RES": null,
        "CONDITION_RES": null,
        "CONDITION_DESCR_RES": null,
        "YEARBLT_RES": null,
        "GLA_RES": null,
        "BASEMENT_RES": null,
        "BSMT_FINISH_RES": null,
        "ATT_GARAGE_SQFT_RES": null,
        "BATHROOMS_RES": null,
        "GLA_BEDROOMS_RES": null,
        "EXTERIOR_RES": null,
        "ALLOCATION_PCT_RES": null,
        "TRAV_COUNT": 1,
        "LASTUPDATE": null,
        "CREATED_DATE": 1712330344000,
        "LAST_EDITED_DATE": 1712330533000,
        "GLOBALID": "{395AD638-F06E-4170-BC12-BD95E4230441}",
        "Join_Count_12": 1,
        "TARGET_FID_12": 6384,
        "Code": null,
        "Desc_Cleaned": "Low Density Residential",
        "Description": "Residential - Low Density",
        "City": "Eagle Mountain",
        "Description_detailed": "Residential Single-Family",
        "Desc": null,
        "Acres": null,
        "CityLU": null,
        "Unit_Rate": null,
        "Parcel_Area": 21925,
        "PctDeveloped": null,
        "Slope_Score": 10,
        "GP_Score": 9,
        "Ownership_Type": "Private",
        "Ownership_Score": 10,
        "Wetlands_Score": 10,
        "Municipality_Score": 10,
        "Final_Score": 9.65,
        "OBJECTID_12": 6382,
        "Join_Count_12_13": 0,
        "TARGET_FID_12_13": 6384,
        "Area": null,
        "Shape_Length_12": null,
        "Shape_Area_12": null,
        "STATUS": " ",
        "CARTOCODE": "11",
        "FULLNAME": "STAGE COACH DR",
        "FROMADDR_L": 3221,
        "TOADDR_L": 3449,
        "FROMADDR_R": 3220,
        "TOADDR_R": 3448,
        "PARITY_L": " ",
        "PARITY_R": " ",
        "PREDIR": "N",
        "NAME": "STAGE COACH",
        "POSTTYPE": "DR",
        "POSTDIR": " ",
        "AN_NAME": " ",
        "AN_POSTDIR": " ",
        "A1_PREDIR": " ",
        "A1_NAME": " ",
        "A1_POSTTYP": " ",
        "A1_POSTDIR": " ",
        "A2_PREDIR": " ",
        "A2_NAME": " ",
        "A2_POSTTYP": " ",
        "A2_POSTDIR": " ",
        "QUADRANT_L": "SW",
        "QUADRANT_R": "SW",
        "STATE_L": "UT",
        "STATE_R": "UT",
        "COUNTY_L": "49049",
        "COUNTY_R": "49049",
        "ADDRSYS_L": "Eagle Mountain",
        "ADDRSYS_R": "Eagle Mountain",
        "POSTCOMM_L": "CEDAR VALLEY",
        "POSTCOMM_R": "CEDAR VALLEY",
        "ZIPCODE_L": "84013",
        "ZIPCODE_R": "84013",
        "INCMUNI_L": "EAGLE MOUNTAIN",
        "INCMUNI_R": "EAGLE MOUNTAIN",
        "UNINCCOM_L": " ",
        "UNINCCOM_R": " ",
        "NBRHDCOM_L": " ",
        "NBRHDCOM_R": " ",
        "ER_CAD_ZON": " ",
        "ESN_L": " ",
        "ESN_R": " ",
        "MSAGCOMM_L": " ",
        "MSAGCOMM_R": " ",
        "ONEWAY": "0",
        "VERT_LEVEL": "0",
        "SPEED_LMT": 25,
        "ACCESSCODE": " ",
        "DOT_HWYNAM": " ",
        "DOT_RTNAME": " ",
        "DOT_RTPART": " ",
        "DOT_F_MILE": 0,
        "DOT_T_MILE": 0,
        "DOT_FCLASS": " ",
        "DOT_SRFTYP": " ",
        "DOT_CLASS": "B",
        "DOT_OWN_L": "MU Eagle Mountain",
        "DOT_OWN_R": "MU Eagle Mountain",
        "DOT_AADT": 0,
        "DOT_AADTYR": " ",
        "DOT_THRULA": 0,
        "BIKE_L": " ",
        "BIKE_R": " ",
        "UNIQUE_ID": "12TVK06516053_STAGE COACH_DR",
        "LOCAL_UID": " ",
        "UTAHRD_UID": " ",
        "SOURCE": " ",
        "UPDATED": 1434067200000,
        "EFFECTIVE": null,
        "EXPIRE": null,
        "CUSTOMTAGS": " ",
        "Shape_STLe": 636.582815063,
        "START_ELEV": 1506.3719482421875,
        "END_ELEV": 1511.0592041015625,
        "STEL_FT": 4942.165342670898,
        "ENDEL_FT": 4957.54347918457,
        "ELEV_CHANGE": 15.378136513671961,
        "SLOPE": 0.7361526093106904,
        "IMP_NO_12": 318989,
        "USE_CODE_12": 102,
        "USE_CODE_DESCR_12": "Barn (General)",
        "COST_CLASS_DESCR_12": "D - Wood/Steel Studs",
        "EXTERIOR_WALL_12": null,
        "ABOVE_GRADE_AREA_12": 1927,
        "MEZZANINE_12": 0,
        "BASEMENT_12": 0,
        "BSMT_FINISH_12": 0,
        "BSMT_UNFINISH_12": 0,
        "QUALITY_DESCR_12": "Average",
        "CONDITION_12": 3,
        "CONDITION_DESCR_12": "Average",
        "YEAR_BUILT_12": 1998,
        "UNIT_COUNT_12": null,
        "PCT_COMPLETE_12": 1,
        "ALLOCATION_PCT_12": null,
        "IMP_NO_23": null,
        "USE_CODE_23": null,
        "USE_CODE_DESCR_23": null,
        "COST_CLASS_DESCR_23": null,
        "EXTERIOR_WALL_23": null,
        "ABOVE_GRADE_AREA_23": null,
        "MEZZANINE_23": null,
        "BASEMENT_23": null,
        "BSMT_FINISH_23": null,
        "BSMT_UNFINISH_23": null,
        "QUALITY_DESCR_23": null,
        "CONDITION_23": null,
        "CONDITION_DESCR_23": null,
        "YEAR_BUILT_23": null,
        "UNIT_COUNT_23": null,
        "PCT_COMPLETE_23": null,
        "ALLOCATION_PCT_23": null,
        "Entry": 13156,
        "Year": 2025,
        "Record_Date": "2025-02-24",
        "Grantor": "BARNES, HEBER KENT DEC HEBER BARNES REVOCABLE TRUST 06-03-2024",
        "Grantee": "BARNES, LEENA RAE SUCTEE HEBER BARNES REVOCABLE TRUST 06-03-2024 BARNES, LEENA RAE",
        "Tax_Address": "3445 N STAGECOACH DR EAGLE MOUNTAIN, UT 84013",
        "Serial_Number": "55:956:0001",
        "Serial_Number_Available": "Yes",
        "Detail_URL": "https://www.utahcounty.gov/LandRecords/document.asp?avEntry=13156&avYear=2025",
        "Document_Type": "AF DC",
        "Shape_Length_12_13": 1728.8822930885526,
        "Shape_Area_12_13": 98190.87795333144,
        "DocType": "AFDC",
        "Shape_Length": 0.0062798092162177355,
        "Shape_Area": 2.3221506400243328e-06
      }
    },
    {
      "type": "Feature",
      "id": 25,
      "geometry": {
        "type": "Polygon",
        "coordinates": [
          [
            [
              -112.09178842399996,
              40.33076277400005
            ],
            [
              -112.09295794099995,
              40.33075288300006
            ],
            [
              -112.09300611099997,
              40.32871696300003
            ],
            [
              -112.09195661399997,
              40.328709150000066
            ],
            [
              -112.09189364499997,
              40.32870593000007
            ],
            [
              -112.09178842399996,
              40.33076277400005
            ]
          ]
        ]
      },
      "properties": {
        "OBJECTID": 25,
        "Join_Count": 1,
        "TARGET_FID": 11005460,
        "PARCEL_NO": 590370050,
        "PARCELID": "590370050",
        "PARCELID_LABEL": "59:037:0050",
        "OWNER_NAME": "ROBINSON, JARED T & RAELYN",
        "CARE_NAME": null,
        "ACREAGE": 5.44,
        "SITE_FULL_ADDRESS": "775 E 100 NORTH, CEDAR FORT, UT",
        "SITE_HOUSE_NUM": "775",
        "SITE_PRE_DIR": "E",
        "SITE_STREET_NAME": "100 NORTH",
        "SITE_STREET_TYPE": null,
        "SITE_POST_DIR": null,
        "SITE_STREET_UNIT": null,
        "SITE_CITY": "CEDAR FORT",
        "SITE_STATE": "UT",
        "SITE_ZIP5": "84013",
        "OWN_FULL_ADDRESS": "PO BOX 212  CEDAR VALLEY, UT 84013",
        "OWN_STREET_ADDRESS": "PO BOX 212",
        "OWN_CITY": "CEDAR VALLEY",
        "OWN_STATE": "UT",
        "OWN_ZIP5": "84013",
        "VESTING_DOC": "92189-2015",
        "PARCEL_CREATE_DATE": 410140800000,
        "MAP_FILING_NO": null,
        "SUB_NAME": null,
        "LEGAL_DESCR": "COM S 946.04 FT & W 46.37 FT FR N1/4 COR SEC 5, T6S, R2W, SLM; S 2 DEG 37'16\"W 750.08 FT; N 85 DEG 48'01\"W 17.60 FT; N 89 DEG 03'47\"W 292.70 FT; N 1 DEG 25'02\"E 742 FT; N 89 DEG 44'48\"E 326.17 FT TO BEG.  AREA 5.44 ACRES.",
        "BOOK_PAGE": 59037,
        "LOT": null,
        "BUILDING": null,
        "UNIT": null,
        "TAX_DISTRICT": "050",
        "TAX_DISTRICT_DESCR": "CEDAR FORT CITY",
        "SCHOOL_DISTRICT": "ALPINE",
        "TAXABLE_CODE": 100,
        "ACCOUNT_TYPE": "RESIDENTIAL",
        "PROP_TYPE": 111,
        "PROP_TYPE_DESCR": "SINGLE FAMILY RES",
        "SPECIFIC_PROP_TYPE": 111,
        "SPC_PROP_TYP_DESCR": "Single Family Res",
        "NEIGHBORHOOD": "103",
        "NBHD_DISTRICT": "825",
        "LAND_DISTRICT": 8037,
        "ECONOMIC_UNIT": null,
        "GLA_WEIGHTED_YRBLT": 2017.9,
        "TOTAL_ABOVE_GRADE_AREA": 9115,
        "TOTAL_MEZZANINE": 0,
        "TOTAL_BASEMENT": 1564,
        "TOTAL_BSMT_FINISH": 1126,
        "TOTAL_UNIT_COUNT": 1,
        "TOTAL_IMP_COUNT": 6,
        "ASMT_YEAR": 2026,
        "ASMT_CODE": "MRAB",
        "ASMT_CODE_DESCR": "MULTIPLE RES + AG > 1 ACRE",
        "MKT_LAND_VALUE": 315900,
        "MKT_LAND_RES": 168800,
        "MKT_LAND_AGR": 147100,
        "MKT_LAND_COM": 0,
        "MKT_IMP_VALUE": 618500,
        "MKT_IMP_RES": 524100,
        "MKT_IMP_AGR": 94400,
        "MKT_IMP_COM": 0,
        "MKT_CUR_VALUE": 934400,
        "MKT_PRV_VAL": 934400,
        "MKT_VAL_YR_CHG": 0,
        "MKT_PCT_CHG": 0,
        "TXBL_CUR_VALUE": 430926,
        "TXBL_PRV_VAL": 430926,
        "TXBL_VAL_YR_CHG": 0,
        "TXBL_PCT_CHG": 0,
        "TOT_CUR_TAXES": 0,
        "TOT_PRV_TAXES": 0,
        "TAXES_YR_CHG": 0,
        "TAXES_PCT_CHG": 0,
        "GREENBELT": "GB",
        "EXEMPT_RES": "Y",
        "COMMON_AREA": null,
        "PUBLIC_ROAD": null,
        "PRIVATE_ROAD": null,
        "PART_CENTRAL_ASSD": null,
        "PART_TAXABLE": null,
        "IMP_NO_RES": 237246,
        "COST_GROUP_RES": "SFR",
        "STYLE_DESCR_RES": "Two Story",
        "QUALITY_RES": 3,
        "QUALITY_DESCR_RES": "Average",
        "CONDITION_RES": 3,
        "CONDITION_DESCR_RES": "Average",
        "YEARBLT_RES": 2015,
        "GLA_RES": 2301,
        "BASEMENT_RES": 1564,
        "BSMT_FINISH_RES": 1126,
        "ATT_GARAGE_SQFT_RES": 950,
        "BATHROOMS_RES": 3.5,
        "GLA_BEDROOMS_RES": 3,
        "EXTERIOR_RES": "Plywood Hardboard",
        "ALLOCATION_PCT_RES": null,
        "TRAV_COUNT": 1,
        "LASTUPDATE": null,
        "CREATED_DATE": 1712330344000,
        "LAST_EDITED_DATE": 1712330533000,
        "GLOBALID": "{065BC8B4-A3C2-4757-8389-092EDD6A3A1A}",
        "Join_Count_12": 1,
        "TARGET_FID_12": 6549,
        "Code": null,
        "Desc_Cleaned": "Residential Agricultural",
        "Description": "Residential Agricultural Zone (5 Acres)",
        "City": null,
        "Description_detailed": null,
        "Desc": null,
        "Acres": null,
        "CityLU": "RA-5",
        "Unit_Rate": 5,
        "Parcel_Area": 22017,
        "PctDeveloped": 1,
        "Slope_Score": 10,
        "GP_Score": 6,
        "Ownership_Type": "Private",
        "Ownership_Score": 10,
        "Wetlands_Score": 0,
        "Municipality_Score": 10,
        "Final_Score": 7.6,
        "OBJECTID_12": 6547,
        "Join_Count_12_13": 8,
        "TARGET_FID_12_13": 6549,
        "Area": 273,
        "Shape_Length_12": 255.29368856772987,
        "Shape_Area_12": 2934.238219918848,
        "STATUS": " ",
        "CARTOCODE": "11",
        "FULLNAME": "100 N",
        "FROMADDR_L": 201,
        "TOADDR_L": 999,
        "FROMADDR_R": 200,
        "TOADDR_R": 998,
        "PARITY_L": " ",
        "PARITY_R": " ",
        "PREDIR": "E",
        "NAME": "100",
        "POSTTYPE": " ",
        "POSTDIR": "N",
        "AN_NAME": " ",
        "AN_POSTDIR": " ",
        "A1_PREDIR": " ",
        "A1_NAME": " ",
        "A1_POSTTYP": " ",
        "A1_POSTDIR": " ",
        "A2_PREDIR": " ",
        "A2_NAME": " ",
        "A2_POSTTYP": " ",
        "A2_POSTDIR": " ",
        "QUADRANT_L": "NE",
        "QUADRANT_R": "NE",
        "STATE_L": "UT",
        "STATE_R": "UT",
        "COUNTY_L": "49049",
        "COUNTY_R": "49049",
        "ADDRSYS_L": "Cedar Fort",
        "ADDRSYS_R": "Cedar Fort",
        "POSTCOMM_L": "CEDAR VALLEY",
        "POSTCOMM_R": "CEDAR VALLEY",
        "ZIPCODE_L": "84013",
        "ZIPCODE_R": "84013",
        "INCMUNI_L": "CEDAR FORT",
        "INCMUNI_R": "CEDAR FORT",
        "UNINCCOM_L": " ",
        "UNINCCOM_R": " ",
        "NBRHDCOM_L": " ",
        "NBRHDCOM_R": " ",
        "ER_CAD_ZON": " ",
        "ESN_L": " ",
        "ESN_R": " ",
        "MSAGCOMM_L": " ",
        "MSAGCOMM_R": " ",
        "ONEWAY": "0",
        "VERT_LEVEL": "0",
        "SPEED_LMT": 25,
        "ACCESSCODE": " ",
        "DOT_HWYNAM": " ",
        "DOT_RTNAME": " ",
        "DOT_RTPART": " ",
        "DOT_F_MILE": 0,
        "DOT_T_MILE": 0,
        "DOT_FCLASS": " ",
        "DOT_SRFTYP": " ",
        "DOT_CLASS": "C",
        "DOT_OWN_L": "MU Cedar Fort",
        "DOT_OWN_R": "MU Cedar Fort",
        "DOT_AADT": 0,
        "DOT_AADTYR": " ",
        "DOT_THRULA": 0,
        "BIKE_L": " ",
        "BIKE_R": " ",
        "UNIQUE_ID": "12TVK07216480_100_N",
        "LOCAL_UID": " ",
        "UTAHRD_UID": " ",
        "SOURCE": " ",
        "UPDATED": 1486425600000,
        "EFFECTIVE": null,
        "EXPIRE": null,
        "CUSTOMTAGS": " ",
        "Shape_STLe": 1709.06032841,
        "START_ELEV": 1547.1134033203125,
        "END_ELEV": 1512.888427734375,
        "STEL_FT": 5075.831538149414,
        "ENDEL_FT": 4963.544869248047,
        "ELEV_CHANGE": 112.2866689013672,
        "SLOPE": 2.0021046695567977,
        "IMP_NO_12": null,
        "USE_CODE_12": null,
        "USE_CODE_DESCR_12": null,
        "COST_CLASS_DESCR_12": null,
        "EXTERIOR_WALL_12": null,
        "ABOVE_GRADE_AREA_12": null,
        "MEZZANINE_12": null,
        "BASEMENT_12": null,
        "BSMT_FINISH_12": null,
        "BSMT_UNFINISH_12": null,
        "QUALITY_DESCR_12": null,
        "CONDITION_12": null,
        "CONDITION_DESCR_12": null,
        "YEAR_BUILT_12": null,
        "UNIT_COUNT_12": null,
        "PCT_COMPLETE_12": null,
        "ALLOCATION_PCT_12": null,
        "IMP_NO_23": null,
        "USE_CODE_23": null,
        "USE_CODE_DESCR_23": null,
        "COST_CLASS_DESCR_23": null,
        "EXTERIOR_WALL_23": null,
        "ABOVE_GRADE_AREA_23": null,
        "MEZZANINE_23": null,
        "BASEMENT_23": null,
        "BSMT_FINISH_23": null,
        "BSMT_UNFINISH_23": null,
        "QUALITY_DESCR_23": null,
        "CONDITION_23": null,
        "CONDITION_DESCR_23": null,
        "YEAR_BUILT_23": null,
        "UNIT_COUNT_23": null,
        "PCT_COMPLETE_23": null,
        "ALLOCATION_PCT_23": null,
        "Entry": 42819,
        "Year": 2025,
        "Record_Date": "2025-06-10",
        "Grantor": "PETERSON, PAUL DEC",
        "Grantee": "WHOM OF INTEREST",
        "Tax_Address": "1019 N TIMPVIEW DR AMERICAN FORK, UT 84003",
        "Serial_Number": "59:037:0049",
        "Serial_Number_Available": "Yes",
        "Detail_URL": "https://www.utahcounty.gov/LandRecords/document.asp?avEntry=42819&avYear=2025",
        "Document_Type": "AF DC",
        "Shape_Length_12_13": 1756.3254482492825,
        "Shape_Area_12_13": 102038.80545055005,
        "DocType": "AFDC",
        "Shape_Length": 0.006378159567264938,
        "Shape_Area": 2.333504559104175e-06
      }
    },
    {
      "type": "Feature",
      "id": 26,
      "geometry": {
        "type": "Polygon",
        "coordinates": [
          [
            [
              -111.89499209599995,
              39.96046133700003
            ],
            [
              -111.89973827999995,
              39.96047635300005
            ],
            [
              -111.899732686,
              39.96002351000004
            ],
            [
              -111.89761085399999,
              39.96001681600006
            ],
            [
              -111.89760837199998,
              39.95988388300003
            ],
            [
              -111.89504123199998,
              39.95989264600007
            ],
            [
              -111.89504096999997,
              39.95984684000007
            ],
            [
              -111.89498754299996,
              39.95984684000007
            ],
            [
              -111.89499209599995,
              39.96046133700003
            ]
          ]
        ]
      },
      "properties": {
        "OBJECTID": 26,
        "Join_Count": 0,
        "TARGET_FID": 11005490,
        "PARCEL_NO": 610810043,
        "PARCELID": "610810043",
        "PARCELID_LABEL": "61:081:0043",
        "OWNER_NAME": "WEIGHT, THAYNE B & WENDY C",
        "CARE_NAME": null,
        "ACREAGE": 5.809,
        "SITE_FULL_ADDRESS": "340 N CENTER, GOSHEN, UT",
        "SITE_HOUSE_NUM": "340",
        "SITE_PRE_DIR": "N",
        "SITE_STREET_NAME": "CENTER",
        "SITE_STREET_TYPE": null,
        "SITE_POST_DIR": null,
        "SITE_STREET_UNIT": null,
        "SITE_CITY": "GOSHEN",
        "SITE_STATE": "UT",
        "SITE_ZIP5": "84633",
        "OWN_FULL_ADDRESS": "PO BOX 195  GOSHEN, UT 84633",
        "OWN_STREET_ADDRESS": "PO BOX 195",
        "OWN_CITY": "GOSHEN",
        "OWN_STATE": "UT",
        "OWN_ZIP5": "84633",
        "VESTING_DOC": "188164-2020",
        "PARCEL_CREATE_DATE": 887155200000,
        "MAP_FILING_NO": null,
        "SUB_NAME": null,
        "LEGAL_DESCR": "COM N 218.52 FT & E 3.96 FT FR W 1/4 COR. SEC. 12, T10S, R1W, SLB&M.; S 89 DEG 30' 35\" E 1330.75 FT; S 0 DEG 4' 25\" E 223.9 FT; N 89 DEG 44' 50\" W 14.98 FT; N 0 DEG 0' 3\" E 16.69 FT; S 89 DEG 59' 59\" W 719.79 FT; N 0 DEG 34' 7\" W 48.44 FT; N 89 DEG 30' 35\" W 594.93 FT; N 0 DEG 17' 20\" W 165 FT TO BEG. AREA 5.809 AC.",
        "BOOK_PAGE": 61081,
        "LOT": null,
        "BUILDING": null,
        "UNIT": null,
        "TAX_DISTRICT": "210",
        "TAX_DISTRICT_DESCR": "GOSHEN CITY",
        "SCHOOL_DISTRICT": "NEBO",
        "TAXABLE_CODE": 100,
        "ACCOUNT_TYPE": "RESIDENTIAL",
        "PROP_TYPE": 111,
        "PROP_TYPE_DESCR": "SINGLE FAMILY RES",
        "SPECIFIC_PROP_TYPE": 111,
        "SPC_PROP_TYP_DESCR": "Single Family Res",
        "NEIGHBORHOOD": "119",
        "NBHD_DISTRICT": "795",
        "LAND_DISTRICT": 7950,
        "ECONOMIC_UNIT": null,
        "GLA_WEIGHTED_YRBLT": 2004,
        "TOTAL_ABOVE_GRADE_AREA": 3568,
        "TOTAL_MEZZANINE": 0,
        "TOTAL_BASEMENT": 576,
        "TOTAL_BSMT_FINISH": 576,
        "TOTAL_UNIT_COUNT": 1,
        "TOTAL_IMP_COUNT": 3,
        "ASMT_YEAR": 2026,
        "ASMT_CODE": "RPO",
        "ASMT_CODE_DESCR": "RP PLUS ACREAGE",
        "MKT_LAND_VALUE": 310800,
        "MKT_LAND_RES": 158600,
        "MKT_LAND_AGR": 152200,
        "MKT_LAND_COM": 0,
        "MKT_IMP_VALUE": 271800,
        "MKT_IMP_RES": 271800,
        "MKT_IMP_AGR": 0,
        "MKT_IMP_COM": 0,
        "MKT_CUR_VALUE": 582600,
        "MKT_PRV_VAL": 582600,
        "MKT_VAL_YR_CHG": 0,
        "MKT_PCT_CHG": 0,
        "TXBL_CUR_VALUE": 190802,
        "TXBL_PRV_VAL": 190802,
        "TXBL_VAL_YR_CHG": 0,
        "TXBL_PCT_CHG": 0,
        "TOT_CUR_TAXES": 0,
        "TOT_PRV_TAXES": 0,
        "TAXES_YR_CHG": 0,
        "TAXES_PCT_CHG": 0,
        "GREENBELT": "GB",
        "EXEMPT_RES": "Y",
        "COMMON_AREA": null,
        "PUBLIC_ROAD": null,
        "PRIVATE_ROAD": null,
        "PART_CENTRAL_ASSD": null,
        "PART_TAXABLE": null,
        "IMP_NO_RES": 238347,
        "COST_GROUP_RES": "SFR",
        "STYLE_DESCR_RES": "Split Level",
        "QUALITY_RES": 3,
        "QUALITY_DESCR_RES": "Average",
        "CONDITION_RES": 3,
        "CONDITION_DESCR_RES": "Average",
        "YEARBLT_RES": 1998,
        "GLA_RES": 1104,
        "BASEMENT_RES": 576,
        "BSMT_FINISH_RES": 576,
        "ATT_GARAGE_SQFT_RES": null,
        "BATHROOMS_RES": 2,
        "GLA_BEDROOMS_RES": 3,
        "EXTERIOR_RES": "Metal Vinyl Siding",
        "ALLOCATION_PCT_RES": null,
        "TRAV_COUNT": 1,
        "LASTUPDATE": null,
        "CREATED_DATE": 1712330344000,
        "LAST_EDITED_DATE": 1712330533000,
        "GLOBALID": "{A960B15C-BBA7-4C09-9E81-CCAFE5CD3C4A}",
        "Join_Count_12": 1,
        "TARGET_FID_12": 6561,
        "Code": null,
        "Desc_Cleaned": "Residential Agricultural",
        "Description": "RP PLUS ACREAGE",
        "City": null,
        "Description_detailed": null,
        "Desc": null,
        "Acres": null,
        "CityLU": null,
        "Unit_Rate": null,
        "Parcel_Area": 23495,
        "PctDeveloped": 1,
        "Slope_Score": 10,
        "GP_Score": 6,
        "Ownership_Type": "Private",
        "Ownership_Score": 10,
        "Wetlands_Score": 0,
        "Municipality_Score": 10,
        "Final_Score": 7.6,
        "OBJECTID_12": 6559,
        "Join_Count_12_13": 9,
        "TARGET_FID_12_13": 6561,
        "Area": 192,
        "Shape_Length_12": 202.80130332915988,
        "Shape_Area_12": 2070.4872241894473,
        "STATUS": " ",
        "CARTOCODE": "11",
        "FULLNAME": "CENTER ST",
        "FROMADDR_L": 201,
        "TOADDR_L": 359,
        "FROMADDR_R": 200,
        "TOADDR_R": 358,
        "PARITY_L": " ",
        "PARITY_R": " ",
        "PREDIR": "N",
        "NAME": "CENTER",
        "POSTTYPE": "ST",
        "POSTDIR": " ",
        "AN_NAME": " ",
        "AN_POSTDIR": " ",
        "A1_PREDIR": " ",
        "A1_NAME": " ",
        "A1_POSTTYP": " ",
        "A1_POSTDIR": " ",
        "A2_PREDIR": " ",
        "A2_NAME": " ",
        "A2_POSTTYP": " ",
        "A2_POSTDIR": " ",
        "QUADRANT_L": "NW",
        "QUADRANT_R": "NE",
        "STATE_L": "UT",
        "STATE_R": "UT",
        "COUNTY_L": "49049",
        "COUNTY_R": "49049",
        "ADDRSYS_L": "Goshen",
        "ADDRSYS_R": "Goshen",
        "POSTCOMM_L": "GOSHEN",
        "POSTCOMM_R": "GOSHEN",
        "ZIPCODE_L": "84633",
        "ZIPCODE_R": "84633",
        "INCMUNI_L": "GOSHEN",
        "INCMUNI_R": "GOSHEN",
        "UNINCCOM_L": " ",
        "UNINCCOM_R": " ",
        "NBRHDCOM_L": " ",
        "NBRHDCOM_R": " ",
        "ER_CAD_ZON": " ",
        "ESN_L": " ",
        "ESN_R": " ",
        "MSAGCOMM_L": " ",
        "MSAGCOMM_R": " ",
        "ONEWAY": "0",
        "VERT_LEVEL": "0",
        "SPEED_LMT": 25,
        "ACCESSCODE": " ",
        "DOT_HWYNAM": " ",
        "DOT_RTNAME": " ",
        "DOT_RTPART": " ",
        "DOT_F_MILE": 0,
        "DOT_T_MILE": 0,
        "DOT_FCLASS": " ",
        "DOT_SRFTYP": " ",
        "DOT_CLASS": "C",
        "DOT_OWN_L": "MU Goshen",
        "DOT_OWN_R": "MU Goshen",
        "DOT_AADT": 0,
        "DOT_AADTYR": " ",
        "DOT_THRULA": 0,
        "BIKE_L": " ",
        "BIKE_R": " ",
        "UNIQUE_ID": "12SVK23112360_CENTER_ST",
        "LOCAL_UID": " ",
        "UTAHRD_UID": " ",
        "SOURCE": " ",
        "UPDATED": 1486425600000,
        "EFFECTIVE": null,
        "EXPIRE": null,
        "CUSTOMTAGS": " ",
        "Shape_STLe": 396.817793917,
        "START_ELEV": 1383.27783203125,
        "END_ELEV": 1382.64892578125,
        "STEL_FT": 4538.313242441406,
        "ENDEL_FT": 4536.249901660156,
        "ELEV_CHANGE": 2.06334078125019,
        "SLOPE": 0.158451550804624,
        "IMP_NO_12": 10050119,
        "USE_CODE_12": 456,
        "USE_CODE_DESCR_12": "Shed Tool",
        "COST_CLASS_DESCR_12": "D - Wood/Steel Studs",
        "EXTERIOR_WALL_12": null,
        "ABOVE_GRADE_AREA_12": 308,
        "MEZZANINE_12": 0,
        "BASEMENT_12": 0,
        "BSMT_FINISH_12": 0,
        "BSMT_UNFINISH_12": 0,
        "QUALITY_DESCR_12": "Average",
        "CONDITION_12": 3,
        "CONDITION_DESCR_12": "Average",
        "YEAR_BUILT_12": 2005,
        "UNIT_COUNT_12": null,
        "PCT_COMPLETE_12": 1,
        "ALLOCATION_PCT_12": null,
        "IMP_NO_23": null,
        "USE_CODE_23": null,
        "USE_CODE_DESCR_23": null,
        "COST_CLASS_DESCR_23": null,
        "EXTERIOR_WALL_23": null,
        "ABOVE_GRADE_AREA_23": null,
        "MEZZANINE_23": null,
        "BASEMENT_23": null,
        "BSMT_FINISH_23": null,
        "BSMT_UNFINISH_23": null,
        "QUALITY_DESCR_23": null,
        "CONDITION_23": null,
        "CONDITION_DESCR_23": null,
        "YEAR_BUILT_23": null,
        "UNIT_COUNT_23": null,
        "PCT_COMPLETE_23": null,
        "ALLOCATION_PCT_23": null,
        "Entry": 17909,
        "Year": 2025,
        "Record_Date": "2025-03-13",
        "Grantor": "FRIDELL, SHARRON CARLSON AKA FRIDELL, SHARRON C DEC FRIDELL, GEORGE LEWIS AKA FRIDELL, GEORGE L DEC FRIDELL FAMILY LIVING TRUST 06-01-2000",
        "Grantee": "FRIDELL, RANDON G SUCTEE FRIDELL, LEWIS G SUCTEE FRIDELL, WARD B SUCTEE FRIDELL FAMILY LIVING TRUST 06-01-2000",
        "Tax_Address": "PO BOX 180 GOSHEN, UT 84633-0180",
        "Serial_Number": "61:081:0057",
        "Serial_Number_Available": "Yes",
        "Detail_URL": "https://www.utahcounty.gov/LandRecords/document.asp?avEntry=17909&avYear=2025",
        "Document_Type": "AF DC",
        "Shape_Length_12_13": 1544.3369412591496,
        "Shape_Area_12_13": 84296.80907027841,
        "DocType": "AFDC",
        "Shape_Length": 0.010734786604601976,
        "Shape_Area": 2.476926497597998e-06
      }
    },
    {
      "type": "Feature",
      "id": 27,
      "geometry": {
        "type": "Polygon",
        "coordinates": [
          [
            [
              -112.09075114499996,
              40.32122517700003
            ],
            [
              -112.08721067099998,
              40.321237060000044
            ],
            [
              -112.08716564799994,
              40.32390617400006
            ],
            [
              -112.08731917999995,
              40.32394414300006
            ],
            [
              -112.08834753999997,
              40.32395873100006
            ],
            [
              -112.09072111499995,
              40.323984428000074
            ],
            [
              -112.09075114499996,
              40.32122517700003
            ]
          ]
        ]
      },
      "properties": {
        "OBJECTID": 27,
        "Join_Count": 1,
        "TARGET_FID": 11005555,
        "PARCEL_NO": 590370052,
        "PARCELID": "590370052",
        "PARCELID_LABEL": "59:037:0052",
        "OWNER_NAME": "LOLAS FAMILY LLC",
        "CARE_NAME": null,
        "ACREAGE": 22.62,
        "SITE_FULL_ADDRESS": "CEDAR FORT, UT",
        "SITE_HOUSE_NUM": " ",
        "SITE_PRE_DIR": null,
        "SITE_STREET_NAME": null,
        "SITE_STREET_TYPE": null,
        "SITE_POST_DIR": null,
        "SITE_STREET_UNIT": null,
        "SITE_CITY": "CEDAR FORT",
        "SITE_STATE": "UT",
        "SITE_ZIP5": "84013",
        "OWN_FULL_ADDRESS": "536 W 1200 N  OREM, UT 84057-2949",
        "OWN_STREET_ADDRESS": "536 W 1200 N",
        "OWN_CITY": "OREM",
        "OWN_STATE": "UT",
        "OWN_ZIP5": "84057",
        "VESTING_DOC": "103029-2001",
        "PARCEL_CREATE_DATE": 410140800000,
        "MAP_FILING_NO": null,
        "SUB_NAME": null,
        "LEGAL_DESCR": "COM AT PT IN FENCE LINE N 386.35 FT & E 258.62 FT FR S 1/4 COR SEC 5, T6S, R2W, SLM; (BASED ON UT ST COORDINATE SYSTEM, CEN ZONE) N 51'21\"E ALONG FENCE 1005.49 FT TO FENCE COR: S 88 48'43\"E ALONG FENCE 662.06 FT TO FENCE COR; S 88 33'42\"E ALONG FENCE 286.86 FT; S 71 43'04\"E ALONG FENCE 45 FT TO FENCE COR; S 1 06'57\"W ALONG FENCE 972.69 FT; N 89 52'26\"W 987.49 FT TO BEG.  AREA 22.624 AC.",
        "BOOK_PAGE": 59037,
        "LOT": null,
        "BUILDING": null,
        "UNIT": null,
        "TAX_DISTRICT": "050",
        "TAX_DISTRICT_DESCR": "CEDAR FORT CITY",
        "SCHOOL_DISTRICT": "ALPINE",
        "TAXABLE_CODE": 100,
        "ACCOUNT_TYPE": "RESIDENTIAL",
        "PROP_TYPE": 900,
        "PROP_TYPE_DESCR": "VACANT",
        "SPECIFIC_PROP_TYPE": 901,
        "SPC_PROP_TYP_DESCR": "Vac Res",
        "NEIGHBORHOOD": "103",
        "NBHD_DISTRICT": "825",
        "LAND_DISTRICT": 8002,
        "ECONOMIC_UNIT": null,
        "GLA_WEIGHTED_YRBLT": null,
        "TOTAL_ABOVE_GRADE_AREA": null,
        "TOTAL_MEZZANINE": null,
        "TOTAL_BASEMENT": null,
        "TOTAL_BSMT_FINISH": null,
        "TOTAL_UNIT_COUNT": null,
        "TOTAL_IMP_COUNT": null,
        "ASMT_YEAR": 2026,
        "ASMT_CODE": "V",
        "ASMT_CODE_DESCR": "VACANT",
        "MKT_LAND_VALUE": 166500,
        "MKT_LAND_RES": 0,
        "MKT_LAND_AGR": 166500,
        "MKT_LAND_COM": 0,
        "MKT_IMP_VALUE": 0,
        "MKT_IMP_RES": 0,
        "MKT_IMP_AGR": 0,
        "MKT_IMP_COM": 0,
        "MKT_CUR_VALUE": 166500,
        "MKT_PRV_VAL": 166500,
        "MKT_VAL_YR_CHG": 0,
        "MKT_PCT_CHG": 0,
        "TXBL_CUR_VALUE": 11265,
        "TXBL_PRV_VAL": 11265,
        "TXBL_VAL_YR_CHG": 0,
        "TXBL_PCT_CHG": 0,
        "TOT_CUR_TAXES": 0,
        "TOT_PRV_TAXES": 0,
        "TAXES_YR_CHG": 0,
        "TAXES_PCT_CHG": 0,
        "GREENBELT": "GB",
        "EXEMPT_RES": "N",
        "COMMON_AREA": null,
        "PUBLIC_ROAD": null,
        "PRIVATE_ROAD": null,
        "PART_CENTRAL_ASSD": null,
        "PART_TAXABLE": null,
        "IMP_NO_RES": null,
        "COST_GROUP_RES": null,
        "STYLE_DESCR_RES": null,
        "QUALITY_RES": null,
        "QUALITY_DESCR_RES": null,
        "CONDITION_RES": null,
        "CONDITION_DESCR_RES": null,
        "YEARBLT_RES": null,
        "GLA_RES": null,
        "BASEMENT_RES": null,
        "BSMT_FINISH_RES": null,
        "ATT_GARAGE_SQFT_RES": null,
        "BATHROOMS_RES": null,
        "GLA_BEDROOMS_RES": null,
        "EXTERIOR_RES": null,
        "ALLOCATION_PCT_RES": null,
        "TRAV_COUNT": 1,
        "LASTUPDATE": null,
        "CREATED_DATE": 1712330344000,
        "LAST_EDITED_DATE": 1712330533000,
        "GLOBALID": "{BE0A90D2-DE84-46FE-BA87-3DB777BF5236}",
        "Join_Count_12": 1,
        "TARGET_FID_12": 6598,
        "Code": null,
        "Desc_Cleaned": "Residential Agricultural",
        "Description": "Residential Agricultural Zone (5 Acres)",
        "City": null,
        "Description_detailed": null,
        "Desc": null,
        "Acres": null,
        "CityLU": "RA-5",
        "Unit_Rate": 5,
        "Parcel_Area": 91500,
        "PctDeveloped": null,
        "Slope_Score": 10,
        "GP_Score": 6,
        "Ownership_Type": "Business",
        "Ownership_Score": 5,
        "Wetlands_Score": 10,
        "Municipality_Score": 10,
        "Final_Score": 7.1,
        "OBJECTID_12": 6596,
        "Join_Count_12_13": 0,
        "TARGET_FID_12_13": 6598,
        "Area": null,
        "Shape_Length_12": null,
        "Shape_Area_12": null,
        "STATUS": " ",
        "CARTOCODE": "11",
        "FULLNAME": "STATION RD",
        "FROMADDR_L": 201,
        "TOADDR_L": 599,
        "FROMADDR_R": 200,
        "TOADDR_R": 598,
        "PARITY_L": " ",
        "PARITY_R": " ",
        "PREDIR": "E",
        "NAME": "STATION",
        "POSTTYPE": "RD",
        "POSTDIR": " ",
        "AN_NAME": " ",
        "AN_POSTDIR": " ",
        "A1_PREDIR": " ",
        "A1_NAME": " ",
        "A1_POSTTYP": " ",
        "A1_POSTDIR": " ",
        "A2_PREDIR": " ",
        "A2_NAME": " ",
        "A2_POSTTYP": " ",
        "A2_POSTDIR": " ",
        "QUADRANT_L": "SE",
        "QUADRANT_R": "SE",
        "STATE_L": "UT",
        "STATE_R": "UT",
        "COUNTY_L": "49049",
        "COUNTY_R": "49049",
        "ADDRSYS_L": "Cedar Fort",
        "ADDRSYS_R": "Cedar Fort",
        "POSTCOMM_L": "CEDAR VALLEY",
        "POSTCOMM_R": "CEDAR VALLEY",
        "ZIPCODE_L": "84013",
        "ZIPCODE_R": "84013",
        "INCMUNI_L": "CEDAR FORT",
        "INCMUNI_R": "CEDAR FORT",
        "UNINCCOM_L": " ",
        "UNINCCOM_R": " ",
        "NBRHDCOM_L": " ",
        "NBRHDCOM_R": " ",
        "ER_CAD_ZON": " ",
        "ESN_L": " ",
        "ESN_R": " ",
        "MSAGCOMM_L": " ",
        "MSAGCOMM_R": " ",
        "ONEWAY": "0",
        "VERT_LEVEL": "0",
        "SPEED_LMT": 25,
        "ACCESSCODE": " ",
        "DOT_HWYNAM": " ",
        "DOT_RTNAME": " ",
        "DOT_RTPART": " ",
        "DOT_F_MILE": 0,
        "DOT_T_MILE": 0,
        "DOT_FCLASS": " ",
        "DOT_SRFTYP": " ",
        "DOT_CLASS": "C",
        "DOT_OWN_L": "MU Cedar Fort",
        "DOT_OWN_R": "MU Cedar Fort",
        "DOT_AADT": 0,
        "DOT_AADTYR": " ",
        "DOT_THRULA": 0,
        "BIKE_L": " ",
        "BIKE_R": " ",
        "UNIQUE_ID": "12TVK06826412_STATION_RD",
        "LOCAL_UID": " ",
        "UTAHRD_UID": " ",
        "SOURCE": " ",
        "UPDATED": 1486425600000,
        "EFFECTIVE": null,
        "EXPIRE": null,
        "CUSTOMTAGS": " ",
        "Shape_STLe": 1080.30100786,
        "START_ELEV": 1512.42724609375,
        "END_ELEV": 1547.443359375,
        "STEL_FT": 4962.031806074218,
        "ENDEL_FT": 5076.914071171875,
        "ELEV_CHANGE": 114.88226509765627,
        "SLOPE": 3.2405963608961543,
        "IMP_NO_12": 320217,
        "USE_CODE_12": 102,
        "USE_CODE_DESCR_12": "Barn (General)",
        "COST_CLASS_DESCR_12": "S - Metal",
        "EXTERIOR_WALL_12": null,
        "ABOVE_GRADE_AREA_12": 4200,
        "MEZZANINE_12": 0,
        "BASEMENT_12": 0,
        "BSMT_FINISH_12": 0,
        "BSMT_UNFINISH_12": 0,
        "QUALITY_DESCR_12": "Low",
        "CONDITION_12": 3,
        "CONDITION_DESCR_12": "Average",
        "YEAR_BUILT_12": 2019,
        "UNIT_COUNT_12": null,
        "PCT_COMPLETE_12": 1,
        "ALLOCATION_PCT_12": null,
        "IMP_NO_23": null,
        "USE_CODE_23": null,
        "USE_CODE_DESCR_23": null,
        "COST_CLASS_DESCR_23": null,
        "EXTERIOR_WALL_23": null,
        "ABOVE_GRADE_AREA_23": null,
        "MEZZANINE_23": null,
        "BASEMENT_23": null,
        "BSMT_FINISH_23": null,
        "BSMT_UNFINISH_23": null,
        "QUALITY_DESCR_23": null,
        "CONDITION_23": null,
        "CONDITION_DESCR_23": null,
        "YEAR_BUILT_23": null,
        "UNIT_COUNT_23": null,
        "PCT_COMPLETE_23": null,
        "ALLOCATION_PCT_23": null,
        "Entry": 24560,
        "Year": 2025,
        "Record_Date": "2025-04-07",
        "Grantor": "NOLAND, DOUGLAS WELDON AKA NOLAND, DOUGLAS DEC DOUGLAS AND TANYA NOLAND FAMILY LIVING TRUST THE",
        "Grantee": "NOLAND, TANYA M SUCTEE DOUGLAS AND TANYA NOLAND FAMILY LIVING TRUST THE",
        "Tax_Address": "862 E 100 N CEDAR FORT, UT 84013",
        "Serial_Number": "59:037:0113",
        "Serial_Number_Available": "Yes",
        "Detail_URL": "https://www.utahcounty.gov/LandRecords/document.asp?avEntry=24560&avYear=2025",
        "Document_Type": "AF DC",
        "Shape_Length_12_13": 4042.1946999077904,
        "Shape_Area_12_13": 563211.3606662258,
        "DocType": "AFDC",
        "Shape_Length": 0.012529736877240572,
        "Shape_Area": 9.696676266654868e-06
      }
    },
    {
      "type": "Feature",
      "id": 28,
      "geometry": {
        "type": "Polygon",
        "coordinates": [
          [
            [
              -112.08590350899999,
              40.32854603200008
            ],
            [
              -112.08709753799997,
              40.328555634000054
            ],
            [
              -112.08716569799998,
              40.32396730100004
            ],
            [
              -112.08600021599995,
              40.32392443600003
            ],
            [
              -112.08598710999996,
              40.32392766700008
            ],
            [
              -112.08590350899999,
              40.32854603200008
            ]
          ]
        ]
      },
      "properties": {
        "OBJECTID": 28,
        "Join_Count": 1,
        "TARGET_FID": 11005559,
        "PARCEL_NO": 590370057,
        "PARCELID": "590370057",
        "PARCELID_LABEL": "59:037:0057",
        "OWNER_NAME": "D COOK LLC",
        "CARE_NAME": null,
        "ACREAGE": 12.75,
        "SITE_FULL_ADDRESS": "CEDAR FORT, UT",
        "SITE_HOUSE_NUM": " ",
        "SITE_PRE_DIR": null,
        "SITE_STREET_NAME": null,
        "SITE_STREET_TYPE": null,
        "SITE_POST_DIR": null,
        "SITE_STREET_UNIT": null,
        "SITE_CITY": "CEDAR FORT",
        "SITE_STATE": "UT",
        "SITE_ZIP5": "84013",
        "OWN_FULL_ADDRESS": "PO BOX 417  CEDAR VALLEY, UT 84013",
        "OWN_STREET_ADDRESS": "PO BOX 417",
        "OWN_CITY": "CEDAR VALLEY",
        "OWN_STATE": "UT",
        "OWN_ZIP5": "84013",
        "VESTING_DOC": "112166-2005",
        "PARCEL_CREATE_DATE": 410140800000,
        "MAP_FILING_NO": null,
        "SUB_NAME": null,
        "LEGAL_DESCR": "COM N 398.29 FT & W 1034.76 FT FR E 1/4 COR SEC 5, T6S, R2W, SLM; S 1  10'09\"W 1683.07 FT; S 72  31'06\"W 3.84 FT; N 86  52'23\"W 325.43 FT; N 1  01'39\"E 1672.07 FT; S 89  01'20\"E 333.01 FT TO BEG.  AREA 12.75 ACRES.",
        "BOOK_PAGE": 59037,
        "LOT": null,
        "BUILDING": null,
        "UNIT": null,
        "TAX_DISTRICT": "050",
        "TAX_DISTRICT_DESCR": "CEDAR FORT CITY",
        "SCHOOL_DISTRICT": "ALPINE",
        "TAXABLE_CODE": 100,
        "ACCOUNT_TYPE": "RESIDENTIAL",
        "PROP_TYPE": 900,
        "PROP_TYPE_DESCR": "VACANT",
        "SPECIFIC_PROP_TYPE": 901,
        "SPC_PROP_TYP_DESCR": "Vac Res",
        "NEIGHBORHOOD": "103",
        "NBHD_DISTRICT": "825",
        "LAND_DISTRICT": 8037,
        "ECONOMIC_UNIT": null,
        "GLA_WEIGHTED_YRBLT": null,
        "TOTAL_ABOVE_GRADE_AREA": null,
        "TOTAL_MEZZANINE": null,
        "TOTAL_BASEMENT": null,
        "TOTAL_BSMT_FINISH": null,
        "TOTAL_UNIT_COUNT": null,
        "TOTAL_IMP_COUNT": null,
        "ASMT_YEAR": 2026,
        "ASMT_CODE": "V",
        "ASMT_CODE_DESCR": "VACANT",
        "MKT_LAND_VALUE": 422500,
        "MKT_LAND_RES": 0,
        "MKT_LAND_AGR": 422500,
        "MKT_LAND_COM": 0,
        "MKT_IMP_VALUE": 0,
        "MKT_IMP_RES": 0,
        "MKT_IMP_AGR": 0,
        "MKT_IMP_COM": 0,
        "MKT_CUR_VALUE": 422500,
        "MKT_PRV_VAL": 422500,
        "MKT_VAL_YR_CHG": 0,
        "MKT_PCT_CHG": 0,
        "TXBL_CUR_VALUE": 6350,
        "TXBL_PRV_VAL": 6350,
        "TXBL_VAL_YR_CHG": 0,
        "TXBL_PCT_CHG": 0,
        "TOT_CUR_TAXES": 0,
        "TOT_PRV_TAXES": 0,
        "TAXES_YR_CHG": 0,
        "TAXES_PCT_CHG": 0,
        "GREENBELT": "GB",
        "EXEMPT_RES": "N",
        "COMMON_AREA": null,
        "PUBLIC_ROAD": null,
        "PRIVATE_ROAD": null,
        "PART_CENTRAL_ASSD": null,
        "PART_TAXABLE": null,
        "IMP_NO_RES": null,
        "COST_GROUP_RES": null,
        "STYLE_DESCR_RES": null,
        "QUALITY_RES": null,
        "QUALITY_DESCR_RES": null,
        "CONDITION_RES": null,
        "CONDITION_DESCR_RES": null,
        "YEARBLT_RES": null,
        "GLA_RES": null,
        "BASEMENT_RES": null,
        "BSMT_FINISH_RES": null,
        "ATT_GARAGE_SQFT_RES": null,
        "BATHROOMS_RES": null,
        "GLA_BEDROOMS_RES": null,
        "EXTERIOR_RES": null,
        "ALLOCATION_PCT_RES": null,
        "TRAV_COUNT": 1,
        "LASTUPDATE": null,
        "CREATED_DATE": 1712330344000,
        "LAST_EDITED_DATE": 1712330533000,
        "GLOBALID": "{A36C04A4-53FD-4F9E-AC7A-F2F2FE9C1FE9}",
        "Join_Count_12": 1,
        "TARGET_FID_12": 6601,
        "Code": null,
        "Desc_Cleaned": "Residential Agricultural",
        "Description": "Residential Agricultural Zone (5 Acres)",
        "City": null,
        "Description_detailed": null,
        "Desc": null,
        "Acres": null,
        "CityLU": "RA-5",
        "Unit_Rate": 5,
        "Parcel_Area": 51566,
        "PctDeveloped": null,
        "Slope_Score": 10,
        "GP_Score": 6,
        "Ownership_Type": "Business",
        "Ownership_Score": 5,
        "Wetlands_Score": 0,
        "Municipality_Score": 10,
        "Final_Score": 6.1,
        "OBJECTID_12": 6599,
        "Join_Count_12_13": 0,
        "TARGET_FID_12_13": 6601,
        "Area": null,
        "Shape_Length_12": null,
        "Shape_Area_12": null,
        "STATUS": " ",
        "CARTOCODE": "11",
        "FULLNAME": "100 N",
        "FROMADDR_L": 201,
        "TOADDR_L": 999,
        "FROMADDR_R": 200,
        "TOADDR_R": 998,
        "PARITY_L": " ",
        "PARITY_R": " ",
        "PREDIR": "E",
        "NAME": "100",
        "POSTTYPE": " ",
        "POSTDIR": "N",
        "AN_NAME": " ",
        "AN_POSTDIR": " ",
        "A1_PREDIR": " ",
        "A1_NAME": " ",
        "A1_POSTTYP": " ",
        "A1_POSTDIR": " ",
        "A2_PREDIR": " ",
        "A2_NAME": " ",
        "A2_POSTTYP": " ",
        "A2_POSTDIR": " ",
        "QUADRANT_L": "NE",
        "QUADRANT_R": "NE",
        "STATE_L": "UT",
        "STATE_R": "UT",
        "COUNTY_L": "49049",
        "COUNTY_R": "49049",
        "ADDRSYS_L": "Cedar Fort",
        "ADDRSYS_R": "Cedar Fort",
        "POSTCOMM_L": "CEDAR VALLEY",
        "POSTCOMM_R": "CEDAR VALLEY",
        "ZIPCODE_L": "84013",
        "ZIPCODE_R": "84013",
        "INCMUNI_L": "CEDAR FORT",
        "INCMUNI_R": "CEDAR FORT",
        "UNINCCOM_L": " ",
        "UNINCCOM_R": " ",
        "NBRHDCOM_L": " ",
        "NBRHDCOM_R": " ",
        "ER_CAD_ZON": " ",
        "ESN_L": " ",
        "ESN_R": " ",
        "MSAGCOMM_L": " ",
        "MSAGCOMM_R": " ",
        "ONEWAY": "0",
        "VERT_LEVEL": "0",
        "SPEED_LMT": 25,
        "ACCESSCODE": " ",
        "DOT_HWYNAM": " ",
        "DOT_RTNAME": " ",
        "DOT_RTPART": " ",
        "DOT_F_MILE": 0,
        "DOT_T_MILE": 0,
        "DOT_FCLASS": " ",
        "DOT_SRFTYP": " ",
        "DOT_CLASS": "C",
        "DOT_OWN_L": "MU Cedar Fort",
        "DOT_OWN_R": "MU Cedar Fort",
        "DOT_AADT": 0,
        "DOT_AADTYR": " ",
        "DOT_THRULA": 0,
        "BIKE_L": " ",
        "BIKE_R": " ",
        "UNIQUE_ID": "12TVK07216480_100_N",
        "LOCAL_UID": " ",
        "UTAHRD_UID": " ",
        "SOURCE": " ",
        "UPDATED": 1486425600000,
        "EFFECTIVE": null,
        "EXPIRE": null,
        "CUSTOMTAGS": " ",
        "Shape_STLe": 1709.06032841,
        "START_ELEV": 1547.1134033203125,
        "END_ELEV": 1512.888427734375,
        "STEL_FT": 5075.831538149414,
        "ENDEL_FT": 4963.544869248047,
        "ELEV_CHANGE": 112.2866689013672,
        "SLOPE": 2.0021046695567977,
        "IMP_NO_12": 320217,
        "USE_CODE_12": 102,
        "USE_CODE_DESCR_12": "Barn (General)",
        "COST_CLASS_DESCR_12": "S - Metal",
        "EXTERIOR_WALL_12": null,
        "ABOVE_GRADE_AREA_12": 4200,
        "MEZZANINE_12": 0,
        "BASEMENT_12": 0,
        "BSMT_FINISH_12": 0,
        "BSMT_UNFINISH_12": 0,
        "QUALITY_DESCR_12": "Low",
        "CONDITION_12": 3,
        "CONDITION_DESCR_12": "Average",
        "YEAR_BUILT_12": 2019,
        "UNIT_COUNT_12": null,
        "PCT_COMPLETE_12": 1,
        "ALLOCATION_PCT_12": null,
        "IMP_NO_23": null,
        "USE_CODE_23": null,
        "USE_CODE_DESCR_23": null,
        "COST_CLASS_DESCR_23": null,
        "EXTERIOR_WALL_23": null,
        "ABOVE_GRADE_AREA_23": null,
        "MEZZANINE_23": null,
        "BASEMENT_23": null,
        "BSMT_FINISH_23": null,
        "BSMT_UNFINISH_23": null,
        "QUALITY_DESCR_23": null,
        "CONDITION_23": null,
        "CONDITION_DESCR_23": null,
        "YEAR_BUILT_23": null,
        "UNIT_COUNT_23": null,
        "PCT_COMPLETE_23": null,
        "ALLOCATION_PCT_23": null,
        "Entry": 24560,
        "Year": 2025,
        "Record_Date": "2025-04-07",
        "Grantor": "NOLAND, DOUGLAS WELDON AKA NOLAND, DOUGLAS DEC DOUGLAS AND TANYA NOLAND FAMILY LIVING TRUST THE",
        "Grantee": "NOLAND, TANYA M SUCTEE DOUGLAS AND TANYA NOLAND FAMILY LIVING TRUST THE",
        "Tax_Address": "862 E 100 N CEDAR FORT, UT 84013",
        "Serial_Number": "59:037:0113",
        "Serial_Number_Available": "Yes",
        "Detail_URL": "https://www.utahcounty.gov/LandRecords/document.asp?avEntry=24560&avYear=2025",
        "Document_Type": "AF DC",
        "Shape_Length_12_13": 4042.1946999077904,
        "Shape_Area_12_13": 563211.3606662258,
        "DocType": "AFDC",
        "Shape_Length": 0.011581796832248227,
        "Shape_Area": 5.465023803847707e-06
      }
    },
    {
      "type": "Feature",
      "id": 29,
      "geometry": {
        "type": "Polygon",
        "coordinates": [
          [
            [
              -112.14075779799998,
              40.33353783500007
            ],
            [
              -112.14079924899994,
              40.337138062000065
            ],
            [
              -112.14552532099998,
              40.33713239600007
            ],
            [
              -112.14548567399999,
              40.33352260800007
            ],
            [
              -112.14075779799998,
              40.33353783500007
            ]
          ]
        ]
      },
      "properties": {
        "OBJECTID": 29,
        "Join_Count": 1,
        "TARGET_FID": 11005840,
        "PARCEL_NO": 580650010,
        "PARCELID": "580650010",
        "PARCELID_LABEL": "58:065:0010",
        "OWNER_NAME": "ALLEN, MARLENE COOK & MARLENE (ET AL)",
        "CARE_NAME": null,
        "ACREAGE": 39.752089999999995,
        "SITE_FULL_ADDRESS": "CEDAR FORT, UT",
        "SITE_HOUSE_NUM": " ",
        "SITE_PRE_DIR": null,
        "SITE_STREET_NAME": null,
        "SITE_STREET_TYPE": null,
        "SITE_POST_DIR": null,
        "SITE_STREET_UNIT": null,
        "SITE_CITY": "CEDAR FORT",
        "SITE_STATE": "UT",
        "SITE_ZIP5": "84013",
        "OWN_FULL_ADDRESS": "135 N 100 W  CEDAR FORT, UT 84013",
        "OWN_STREET_ADDRESS": "135 N 100 W",
        "OWN_CITY": "CEDAR FORT",
        "OWN_STATE": "UT",
        "OWN_ZIP5": "84013",
        "VESTING_DOC": "52263-2020 (MORE)",
        "PARCEL_CREATE_DATE": 378604800000,
        "MAP_FILING_NO": null,
        "SUB_NAME": null,
        "LEGAL_DESCR": "SW 1/4 OF SE 1/4 SEC. 35, T5S, R3W, SLB&M. AREA 39.752 AC.",
        "BOOK_PAGE": 58065,
        "LOT": null,
        "BUILDING": null,
        "UNIT": null,
        "TAX_DISTRICT": "050",
        "TAX_DISTRICT_DESCR": "CEDAR FORT CITY",
        "SCHOOL_DISTRICT": "ALPINE",
        "TAXABLE_CODE": 100,
        "ACCOUNT_TYPE": "RESIDENTIAL",
        "PROP_TYPE": 900,
        "PROP_TYPE_DESCR": "VACANT",
        "SPECIFIC_PROP_TYPE": 901,
        "SPC_PROP_TYP_DESCR": "Vac Res",
        "NEIGHBORHOOD": "121",
        "NBHD_DISTRICT": "802",
        "LAND_DISTRICT": 8001,
        "ECONOMIC_UNIT": null,
        "GLA_WEIGHTED_YRBLT": null,
        "TOTAL_ABOVE_GRADE_AREA": null,
        "TOTAL_MEZZANINE": null,
        "TOTAL_BASEMENT": null,
        "TOTAL_BSMT_FINISH": null,
        "TOTAL_UNIT_COUNT": null,
        "TOTAL_IMP_COUNT": null,
        "ASMT_YEAR": 2026,
        "ASMT_CODE": "V",
        "ASMT_CODE_DESCR": "VACANT",
        "MKT_LAND_VALUE": 62700,
        "MKT_LAND_RES": 0,
        "MKT_LAND_AGR": 62700,
        "MKT_LAND_COM": 0,
        "MKT_IMP_VALUE": 0,
        "MKT_IMP_RES": 0,
        "MKT_IMP_AGR": 0,
        "MKT_IMP_COM": 0,
        "MKT_CUR_VALUE": 62700,
        "MKT_PRV_VAL": 62700,
        "MKT_VAL_YR_CHG": 0,
        "MKT_PCT_CHG": 0,
        "TXBL_CUR_VALUE": 557,
        "TXBL_PRV_VAL": 557,
        "TXBL_VAL_YR_CHG": 0,
        "TXBL_PCT_CHG": 0,
        "TOT_CUR_TAXES": 0,
        "TOT_PRV_TAXES": 0,
        "TAXES_YR_CHG": 0,
        "TAXES_PCT_CHG": 0,
        "GREENBELT": "GB",
        "EXEMPT_RES": "N",
        "COMMON_AREA": null,
        "PUBLIC_ROAD": null,
        "PRIVATE_ROAD": null,
        "PART_CENTRAL_ASSD": null,
        "PART_TAXABLE": null,
        "IMP_NO_RES": null,
        "COST_GROUP_RES": null,
        "STYLE_DESCR_RES": null,
        "QUALITY_RES": null,
        "QUALITY_DESCR_RES": null,
        "CONDITION_RES": null,
        "CONDITION_DESCR_RES": null,
        "YEARBLT_RES": null,
        "GLA_RES": null,
        "BASEMENT_RES": null,
        "BSMT_FINISH_RES": null,
        "ATT_GARAGE_SQFT_RES": null,
        "BATHROOMS_RES": null,
        "GLA_BEDROOMS_RES": null,
        "EXTERIOR_RES": null,
        "ALLOCATION_PCT_RES": null,
        "TRAV_COUNT": 1,
        "LASTUPDATE": null,
        "CREATED_DATE": 1712330344000,
        "LAST_EDITED_DATE": 1712330533000,
        "GLOBALID": "{7F0477FD-8E87-4BE1-9411-D8AABA239207}",
        "Join_Count_12": 0,
        "TARGET_FID_12": 6707,
        "Code": null,
        "Desc_Cleaned": "Residential Agricultural",
        "Description": "Mining and Grazing (40 Acres)",
        "City": null,
        "Description_detailed": null,
        "Desc": null,
        "Acres": null,
        "CityLU": "MG-40",
        "Unit_Rate": 40,
        "Parcel_Area": 160775,
        "PctDeveloped": null,
        "Slope_Score": 0,
        "GP_Score": 6,
        "Ownership_Type": "Private",
        "Ownership_Score": 10,
        "Wetlands_Score": 0,
        "Municipality_Score": 10,
        "Final_Score": 6.1,
        "OBJECTID_12": 6705,
        "Join_Count_12_13": 0,
        "TARGET_FID_12_13": 6707,
        "Area": null,
        "Shape_Length_12": null,
        "Shape_Area_12": null,
        "STATUS": null,
        "CARTOCODE": null,
        "FULLNAME": null,
        "FROMADDR_L": null,
        "TOADDR_L": null,
        "FROMADDR_R": null,
        "TOADDR_R": null,
        "PARITY_L": null,
        "PARITY_R": null,
        "PREDIR": null,
        "NAME": null,
        "POSTTYPE": null,
        "POSTDIR": null,
        "AN_NAME": null,
        "AN_POSTDIR": null,
        "A1_PREDIR": null,
        "A1_NAME": null,
        "A1_POSTTYP": null,
        "A1_POSTDIR": null,
        "A2_PREDIR": null,
        "A2_NAME": null,
        "A2_POSTTYP": null,
        "A2_POSTDIR": null,
        "QUADRANT_L": null,
        "QUADRANT_R": null,
        "STATE_L": null,
        "STATE_R": null,
        "COUNTY_L": null,
        "COUNTY_R": null,
        "ADDRSYS_L": null,
        "ADDRSYS_R": null,
        "POSTCOMM_L": null,
        "POSTCOMM_R": null,
        "ZIPCODE_L": null,
        "ZIPCODE_R": null,
        "INCMUNI_L": null,
        "INCMUNI_R": null,
        "UNINCCOM_L": null,
        "UNINCCOM_R": null,
        "NBRHDCOM_L": null,
        "NBRHDCOM_R": null,
        "ER_CAD_ZON": null,
        "ESN_L": null,
        "ESN_R": null,
        "MSAGCOMM_L": null,
        "MSAGCOMM_R": null,
        "ONEWAY": null,
        "VERT_LEVEL": null,
        "SPEED_LMT": null,
        "ACCESSCODE": null,
        "DOT_HWYNAM": null,
        "DOT_RTNAME": null,
        "DOT_RTPART": null,
        "DOT_F_MILE": null,
        "DOT_T_MILE": null,
        "DOT_FCLASS": null,
        "DOT_SRFTYP": null,
        "DOT_CLASS": null,
        "DOT_OWN_L": null,
        "DOT_OWN_R": null,
        "DOT_AADT": null,
        "DOT_AADTYR": null,
        "DOT_THRULA": null,
        "BIKE_L": null,
        "BIKE_R": null,
        "UNIQUE_ID": null,
        "LOCAL_UID": null,
        "UTAHRD_UID": null,
        "SOURCE": null,
        "UPDATED": null,
        "EFFECTIVE": null,
        "EXPIRE": null,
        "CUSTOMTAGS": null,
        "Shape_STLe": null,
        "START_ELEV": null,
        "END_ELEV": null,
        "STEL_FT": null,
        "ENDEL_FT": null,
        "ELEV_CHANGE": null,
        "SLOPE": null,
        "IMP_NO_12": null,
        "USE_CODE_12": null,
        "USE_CODE_DESCR_12": null,
        "COST_CLASS_DESCR_12": null,
        "EXTERIOR_WALL_12": null,
        "ABOVE_GRADE_AREA_12": null,
        "MEZZANINE_12": null,
        "BASEMENT_12": null,
        "BSMT_FINISH_12": null,
        "BSMT_UNFINISH_12": null,
        "QUALITY_DESCR_12": null,
        "CONDITION_12": null,
        "CONDITION_DESCR_12": null,
        "YEAR_BUILT_12": null,
        "UNIT_COUNT_12": null,
        "PCT_COMPLETE_12": null,
        "ALLOCATION_PCT_12": null,
        "IMP_NO_23": null,
        "USE_CODE_23": null,
        "USE_CODE_DESCR_23": null,
        "COST_CLASS_DESCR_23": null,
        "EXTERIOR_WALL_23": null,
        "ABOVE_GRADE_AREA_23": null,
        "MEZZANINE_23": null,
        "BASEMENT_23": null,
        "BSMT_FINISH_23": null,
        "BSMT_UNFINISH_23": null,
        "QUALITY_DESCR_23": null,
        "CONDITION_23": null,
        "CONDITION_DESCR_23": null,
        "YEAR_BUILT_23": null,
        "UNIT_COUNT_23": null,
        "PCT_COMPLETE_23": null,
        "ALLOCATION_PCT_23": null,
        "Entry": 24178,
        "Year": 2025,
        "Record_Date": "2025-04-04",
        "Grantor": "COOK, RICHARD ERNEST AKA COOK, RICHARD E DEC RICHARD E COOK TRUST 03-27-1978 AS AMD AND RESTATED 02-11-1992 AKA RICHARD E COOK REVOCABLE TRUST 03-27-1978 AS AMD",
        "Grantee": "COOK, MARY N SUCTEE COOK, RICHARD W SUCTEE RICHARD E COOK TRUST 03-27-1978 AS AMD AND RESTATED 02-11-1992 AKA RICHARD E COOK REVOCABLE TRUST 03-27-1978 AS AMD",
        "Tax_Address": "2535 E 1700 S SALT LAKE CITY, UT 84108",
        "Serial_Number": "59:070:0002",
        "Serial_Number_Available": "Yes",
        "Detail_URL": "https://www.utahcounty.gov/LandRecords/document.asp?avEntry=24178&avYear=2025",
        "Document_Type": "AF DC",
        "Shape_Length_12_13": 4641.776323418079,
        "Shape_Area_12_13": 1322191.0853855005,
        "DocType": "AFDC",
        "Shape_Length": 0.016664447249771515,
        "Shape_Area": 1.704120031750762e-05
      }
    },
    {
      "type": "Feature",
      "id": 30,
      "geometry": {
        "type": "MultiPolygon",
        "coordinates": [
          [
            [
              [
                -112.14084529599995,
                40.34806399900003
              ],
              [
                -112.14556593499998,
                40.348087072000055
              ],
              [
                -112.14552627999996,
                40.344477297000026
              ],
              [
                -112.14080382799995,
                40.344463795000024
              ],
              [
                -112.14084529599995,
                40.34806399900003
              ]
            ]
          ],
          [
            [
              [
                -112.14080382799995,
                40.344463795000024
              ],
              [
                -112.14076236199998,
                40.34086356900008
              ],
              [
                -112.13603810999996,
                40.340859454000054
              ],
              [
                -112.13608139299998,
                40.344450101000064
              ],
              [
                -112.14080382799995,
                40.344463795000024
              ]
            ]
          ]
        ]
      },
      "properties": {
        "OBJECTID": 30,
        "Join_Count": 1,
        "TARGET_FID": 11005842,
        "PARCEL_NO": 580650012,
        "PARCELID": "580650012",
        "PARCELID_LABEL": "58:065:0012",
        "OWNER_NAME": "MESSERSMITH, TERRY ELLIS & TAMMY LEE",
        "CARE_NAME": null,
        "ACREAGE": 80,
        "SITE_FULL_ADDRESS": "CEDAR FORT, UT",
        "SITE_HOUSE_NUM": " ",
        "SITE_PRE_DIR": null,
        "SITE_STREET_NAME": null,
        "SITE_STREET_TYPE": null,
        "SITE_POST_DIR": null,
        "SITE_STREET_UNIT": null,
        "SITE_CITY": "CEDAR FORT",
        "SITE_STATE": "UT",
        "SITE_ZIP5": "84013",
        "OWN_FULL_ADDRESS": "1358 N 200 W  NEPHI, UT 84648-8904",
        "OWN_STREET_ADDRESS": "1358 N 200 W",
        "OWN_CITY": "NEPHI",
        "OWN_STATE": "UT",
        "OWN_ZIP5": "84648",
        "VESTING_DOC": "23768-2015",
        "PARCEL_CREATE_DATE": 378604800000,
        "MAP_FILING_NO": null,
        "SUB_NAME": null,
        "LEGAL_DESCR": "NW 1/4 OF NE 1/4 AND SE 1/4 OF NE 1/4 OF SEC. 35, T5S, R3W, SLB&M. AREA 80.000 AC.",
        "BOOK_PAGE": 58065,
        "LOT": null,
        "BUILDING": null,
        "UNIT": null,
        "TAX_DISTRICT": "050",
        "TAX_DISTRICT_DESCR": "CEDAR FORT CITY",
        "SCHOOL_DISTRICT": "ALPINE",
        "TAXABLE_CODE": 100,
        "ACCOUNT_TYPE": "RESIDENTIAL",
        "PROP_TYPE": 900,
        "PROP_TYPE_DESCR": "VACANT",
        "SPECIFIC_PROP_TYPE": 901,
        "SPC_PROP_TYP_DESCR": "Vac Res",
        "NEIGHBORHOOD": "121",
        "NBHD_DISTRICT": "802",
        "LAND_DISTRICT": 8001,
        "ECONOMIC_UNIT": null,
        "GLA_WEIGHTED_YRBLT": null,
        "TOTAL_ABOVE_GRADE_AREA": null,
        "TOTAL_MEZZANINE": null,
        "TOTAL_BASEMENT": null,
        "TOTAL_BSMT_FINISH": null,
        "TOTAL_UNIT_COUNT": null,
        "TOTAL_IMP_COUNT": null,
        "ASMT_YEAR": 2026,
        "ASMT_CODE": "V",
        "ASMT_CODE_DESCR": "VACANT",
        "MKT_LAND_VALUE": 126100,
        "MKT_LAND_RES": 0,
        "MKT_LAND_AGR": 126100,
        "MKT_LAND_COM": 0,
        "MKT_IMP_VALUE": 0,
        "MKT_IMP_RES": 0,
        "MKT_IMP_AGR": 0,
        "MKT_IMP_COM": 0,
        "MKT_CUR_VALUE": 126100,
        "MKT_PRV_VAL": 126100,
        "MKT_VAL_YR_CHG": 0,
        "MKT_PCT_CHG": 0,
        "TXBL_CUR_VALUE": 1120,
        "TXBL_PRV_VAL": 1120,
        "TXBL_VAL_YR_CHG": 0,
        "TXBL_PCT_CHG": 0,
        "TOT_CUR_TAXES": 0,
        "TOT_PRV_TAXES": 0,
        "TAXES_YR_CHG": 0,
        "TAXES_PCT_CHG": 0,
        "GREENBELT": "GB",
        "EXEMPT_RES": "N",
        "COMMON_AREA": null,
        "PUBLIC_ROAD": null,
        "PRIVATE_ROAD": null,
        "PART_CENTRAL_ASSD": null,
        "PART_TAXABLE": null,
        "IMP_NO_RES": null,
        "COST_GROUP_RES": null,
        "STYLE_DESCR_RES": null,
        "QUALITY_RES": null,
        "QUALITY_DESCR_RES": null,
        "CONDITION_RES": null,
        "CONDITION_DESCR_RES": null,
        "YEARBLT_RES": null,
        "GLA_RES": null,
        "BASEMENT_RES": null,
        "BSMT_FINISH_RES": null,
        "ATT_GARAGE_SQFT_RES": null,
        "BATHROOMS_RES": null,
        "GLA_BEDROOMS_RES": null,
        "EXTERIOR_RES": null,
        "ALLOCATION_PCT_RES": null,
        "TRAV_COUNT": 1,
        "LASTUPDATE": null,
        "CREATED_DATE": 1712330344000,
        "LAST_EDITED_DATE": 1712330533000,
        "GLOBALID": "{EDA78474-6140-45E4-91BE-54B155463AA5}",
        "Join_Count_12": 0,
        "TARGET_FID_12": 6709,
        "Code": null,
        "Desc_Cleaned": "Residential Agricultural",
        "Description": "Mining and Grazing (40 Acres)",
        "City": null,
        "Description_detailed": null,
        "Desc": null,
        "Acres": null,
        "CityLU": "MG-40",
        "Unit_Rate": 40,
        "Parcel_Area": 320754,
        "PctDeveloped": null,
        "Slope_Score": 0,
        "GP_Score": 6,
        "Ownership_Type": "Private",
        "Ownership_Score": 10,
        "Wetlands_Score": 0,
        "Municipality_Score": 10,
        "Final_Score": 6.1,
        "OBJECTID_12": 6707,
        "Join_Count_12_13": 0,
        "TARGET_FID_12_13": 6709,
        "Area": null,
        "Shape_Length_12": null,
        "Shape_Area_12": null,
        "STATUS": null,
        "CARTOCODE": null,
        "FULLNAME": null,
        "FROMADDR_L": null,
        "TOADDR_L": null,
        "FROMADDR_R": null,
        "TOADDR_R": null,
        "PARITY_L": null,
        "PARITY_R": null,
        "PREDIR": null,
        "NAME": null,
        "POSTTYPE": null,
        "POSTDIR": null,
        "AN_NAME": null,
        "AN_POSTDIR": null,
        "A1_PREDIR": null,
        "A1_NAME": null,
        "A1_POSTTYP": null,
        "A1_POSTDIR": null,
        "A2_PREDIR": null,
        "A2_NAME": null,
        "A2_POSTTYP": null,
        "A2_POSTDIR": null,
        "QUADRANT_L": null,
        "QUADRANT_R": null,
        "STATE_L": null,
        "STATE_R": null,
        "COUNTY_L": null,
        "COUNTY_R": null,
        "ADDRSYS_L": null,
        "ADDRSYS_R": null,
        "POSTCOMM_L": null,
        "POSTCOMM_R": null,
        "ZIPCODE_L": null,
        "ZIPCODE_R": null,
        "INCMUNI_L": null,
        "INCMUNI_R": null,
        "UNINCCOM_L": null,
        "UNINCCOM_R": null,
        "NBRHDCOM_L": null,
        "NBRHDCOM_R": null,
        "ER_CAD_ZON": null,
        "ESN_L": null,
        "ESN_R": null,
        "MSAGCOMM_L": null,
        "MSAGCOMM_R": null,
        "ONEWAY": null,
        "VERT_LEVEL": null,
        "SPEED_LMT": null,
        "ACCESSCODE": null,
        "DOT_HWYNAM": null,
        "DOT_RTNAME": null,
        "DOT_RTPART": null,
        "DOT_F_MILE": null,
        "DOT_T_MILE": null,
        "DOT_FCLASS": null,
        "DOT_SRFTYP": null,
        "DOT_CLASS": null,
        "DOT_OWN_L": null,
        "DOT_OWN_R": null,
        "DOT_AADT": null,
        "DOT_AADTYR": null,
        "DOT_THRULA": null,
        "BIKE_L": null,
        "BIKE_R": null,
        "UNIQUE_ID": null,
        "LOCAL_UID": null,
        "UTAHRD_UID": null,
        "SOURCE": null,
        "UPDATED": null,
        "EFFECTIVE": null,
        "EXPIRE": null,
        "CUSTOMTAGS": null,
        "Shape_STLe": null,
        "START_ELEV": null,
        "END_ELEV": null,
        "STEL_FT": null,
        "ENDEL_FT": null,
        "ELEV_CHANGE": null,
        "SLOPE": null,
        "IMP_NO_12": null,
        "USE_CODE_12": null,
        "USE_CODE_DESCR_12": null,
        "COST_CLASS_DESCR_12": null,
        "EXTERIOR_WALL_12": null,
        "ABOVE_GRADE_AREA_12": null,
        "MEZZANINE_12": null,
        "BASEMENT_12": null,
        "BSMT_FINISH_12": null,
        "BSMT_UNFINISH_12": null,
        "QUALITY_DESCR_12": null,
        "CONDITION_12": null,
        "CONDITION_DESCR_12": null,
        "YEAR_BUILT_12": null,
        "UNIT_COUNT_12": null,
        "PCT_COMPLETE_12": null,
        "ALLOCATION_PCT_12": null,
        "IMP_NO_23": null,
        "USE_CODE_23": null,
        "USE_CODE_DESCR_23": null,
        "COST_CLASS_DESCR_23": null,
        "EXTERIOR_WALL_23": null,
        "ABOVE_GRADE_AREA_23": null,
        "MEZZANINE_23": null,
        "BASEMENT_23": null,
        "BSMT_FINISH_23": null,
        "BSMT_UNFINISH_23": null,
        "QUALITY_DESCR_23": null,
        "CONDITION_23": null,
        "CONDITION_DESCR_23": null,
        "YEAR_BUILT_23": null,
        "UNIT_COUNT_23": null,
        "PCT_COMPLETE_23": null,
        "ALLOCATION_PCT_23": null,
        "Entry": 42819,
        "Year": 2025,
        "Record_Date": "2025-06-10",
        "Grantor": "PETERSON, PAUL DEC",
        "Grantee": "WHOM OF INTEREST",
        "Tax_Address": "1019 N TIMPVIEW DR AMERICAN FORK, UT 84003",
        "Serial_Number": "58:066:0006",
        "Serial_Number_Available": "Yes",
        "Detail_URL": "https://www.utahcounty.gov/LandRecords/document.asp?avEntry=42819&avYear=2025",
        "Document_Type": "AF DC",
        "Shape_Length_12_13": 5267.421167765466,
        "Shape_Area_12_13": 1734043.8007998653,
        "DocType": "AFDC",
        "Shape_Length": 0.033291683605692325,
        "Shape_Area": 3.400248448105875e-05
      }
    },
    {
      "type": "Feature",
      "id": 31,
      "geometry": {
        "type": "Polygon",
        "coordinates": [
          [
            [
              -112.14076235399995,
              40.34086358900004
            ],
            [
              -112.14072089399997,
              40.33726336800004
            ],
            [
              -112.13599481199998,
              40.337268840000036
            ],
            [
              -112.13603809899996,
              40.340859470000055
            ],
            [
              -112.14076235399995,
              40.34086358900004
            ]
          ]
        ]
      },
      "properties": {
        "OBJECTID": 31,
        "Join_Count": 1,
        "TARGET_FID": 11005843,
        "PARCEL_NO": 580650013,
        "PARCELID": "580650013",
        "PARCELID_LABEL": "58:065:0013",
        "OWNER_NAME": "T E K PIONEER LLC",
        "CARE_NAME": null,
        "ACREAGE": 39.62824,
        "SITE_FULL_ADDRESS": "CEDAR FORT, UT",
        "SITE_HOUSE_NUM": " ",
        "SITE_PRE_DIR": null,
        "SITE_STREET_NAME": null,
        "SITE_STREET_TYPE": null,
        "SITE_POST_DIR": null,
        "SITE_STREET_UNIT": null,
        "SITE_CITY": "CEDAR FORT",
        "SITE_STATE": "UT",
        "SITE_ZIP5": "84013",
        "OWN_FULL_ADDRESS": "348 N 400 E  AMERICAN FORK, UT 84003-1810",
        "OWN_STREET_ADDRESS": "348 N 400 E",
        "OWN_CITY": "AMERICAN FORK",
        "OWN_STATE": "UT",
        "OWN_ZIP5": "84003",
        "VESTING_DOC": "127301-2005",
        "PARCEL_CREATE_DATE": 410140800000,
        "MAP_FILING_NO": null,
        "SUB_NAME": null,
        "LEGAL_DESCR": "NE 1/4 OF SE 1/4 SEC. 35, T5S, R3W, SLB&M. AREA 39.628 AC.",
        "BOOK_PAGE": 58065,
        "LOT": null,
        "BUILDING": null,
        "UNIT": null,
        "TAX_DISTRICT": "050",
        "TAX_DISTRICT_DESCR": "CEDAR FORT CITY",
        "SCHOOL_DISTRICT": "ALPINE",
        "TAXABLE_CODE": 100,
        "ACCOUNT_TYPE": "RESIDENTIAL",
        "PROP_TYPE": 900,
        "PROP_TYPE_DESCR": "VACANT",
        "SPECIFIC_PROP_TYPE": 901,
        "SPC_PROP_TYP_DESCR": "Vac Res",
        "NEIGHBORHOOD": "121",
        "NBHD_DISTRICT": "802",
        "LAND_DISTRICT": 8001,
        "ECONOMIC_UNIT": null,
        "GLA_WEIGHTED_YRBLT": null,
        "TOTAL_ABOVE_GRADE_AREA": null,
        "TOTAL_MEZZANINE": null,
        "TOTAL_BASEMENT": null,
        "TOTAL_BSMT_FINISH": null,
        "TOTAL_UNIT_COUNT": null,
        "TOTAL_IMP_COUNT": null,
        "ASMT_YEAR": 2026,
        "ASMT_CODE": "V",
        "ASMT_CODE_DESCR": "VACANT",
        "MKT_LAND_VALUE": 62500,
        "MKT_LAND_RES": 0,
        "MKT_LAND_AGR": 62500,
        "MKT_LAND_COM": 0,
        "MKT_IMP_VALUE": 0,
        "MKT_IMP_RES": 0,
        "MKT_IMP_AGR": 0,
        "MKT_IMP_COM": 0,
        "MKT_CUR_VALUE": 62500,
        "MKT_PRV_VAL": 62500,
        "MKT_VAL_YR_CHG": 0,
        "MKT_PCT_CHG": 0,
        "TXBL_CUR_VALUE": 555,
        "TXBL_PRV_VAL": 555,
        "TXBL_VAL_YR_CHG": 0,
        "TXBL_PCT_CHG": 0,
        "TOT_CUR_TAXES": 0,
        "TOT_PRV_TAXES": 0,
        "TAXES_YR_CHG": 0,
        "TAXES_PCT_CHG": 0,
        "GREENBELT": "GB",
        "EXEMPT_RES": "N",
        "COMMON_AREA": null,
        "PUBLIC_ROAD": null,
        "PRIVATE_ROAD": null,
        "PART_CENTRAL_ASSD": null,
        "PART_TAXABLE": null,
        "IMP_NO_RES": null,
        "COST_GROUP_RES": null,
        "STYLE_DESCR_RES": null,
        "QUALITY_RES": null,
        "QUALITY_DESCR_RES": null,
        "CONDITION_RES": null,
        "CONDITION_DESCR_RES": null,
        "YEARBLT_RES": null,
        "GLA_RES": null,
        "BASEMENT_RES": null,
        "BSMT_FINISH_RES": null,
        "ATT_GARAGE_SQFT_RES": null,
        "BATHROOMS_RES": null,
        "GLA_BEDROOMS_RES": null,
        "EXTERIOR_RES": null,
        "ALLOCATION_PCT_RES": null,
        "TRAV_COUNT": 1,
        "LASTUPDATE": null,
        "CREATED_DATE": 1712330344000,
        "LAST_EDITED_DATE": 1712330533000,
        "GLOBALID": "{7622E343-89E9-4987-B0A7-94FDC81C283A}",
        "Join_Count_12": 0,
        "TARGET_FID_12": 6710,
        "Code": null,
        "Desc_Cleaned": "Residential Agricultural",
        "Description": "Mining and Grazing (40 Acres)",
        "City": null,
        "Description_detailed": null,
        "Desc": null,
        "Acres": null,
        "CityLU": "MG-40",
        "Unit_Rate": 40,
        "Parcel_Area": 160274,
        "PctDeveloped": null,
        "Slope_Score": 0,
        "GP_Score": 6,
        "Ownership_Type": "Business",
        "Ownership_Score": 5,
        "Wetlands_Score": 0,
        "Municipality_Score": 10,
        "Final_Score": 4.6,
        "OBJECTID_12": 6708,
        "Join_Count_12_13": 0,
        "TARGET_FID_12_13": 6710,
        "Area": null,
        "Shape_Length_12": null,
        "Shape_Area_12": null,
        "STATUS": null,
        "CARTOCODE": null,
        "FULLNAME": null,
        "FROMADDR_L": null,
        "TOADDR_L": null,
        "FROMADDR_R": null,
        "TOADDR_R": null,
        "PARITY_L": null,
        "PARITY_R": null,
        "PREDIR": null,
        "NAME": null,
        "POSTTYPE": null,
        "POSTDIR": null,
        "AN_NAME": null,
        "AN_POSTDIR": null,
        "A1_PREDIR": null,
        "A1_NAME": null,
        "A1_POSTTYP": null,
        "A1_POSTDIR": null,
        "A2_PREDIR": null,
        "A2_NAME": null,
        "A2_POSTTYP": null,
        "A2_POSTDIR": null,
        "QUADRANT_L": null,
        "QUADRANT_R": null,
        "STATE_L": null,
        "STATE_R": null,
        "COUNTY_L": null,
        "COUNTY_R": null,
        "ADDRSYS_L": null,
        "ADDRSYS_R": null,
        "POSTCOMM_L": null,
        "POSTCOMM_R": null,
        "ZIPCODE_L": null,
        "ZIPCODE_R": null,
        "INCMUNI_L": null,
        "INCMUNI_R": null,
        "UNINCCOM_L": null,
        "UNINCCOM_R": null,
        "NBRHDCOM_L": null,
        "NBRHDCOM_R": null,
        "ER_CAD_ZON": null,
        "ESN_L": null,
        "ESN_R": null,
        "MSAGCOMM_L": null,
        "MSAGCOMM_R": null,
        "ONEWAY": null,
        "VERT_LEVEL": null,
        "SPEED_LMT": null,
        "ACCESSCODE": null,
        "DOT_HWYNAM": null,
        "DOT_RTNAME": null,
        "DOT_RTPART": null,
        "DOT_F_MILE": null,
        "DOT_T_MILE": null,
        "DOT_FCLASS": null,
        "DOT_SRFTYP": null,
        "DOT_CLASS": null,
        "DOT_OWN_L": null,
        "DOT_OWN_R": null,
        "DOT_AADT": null,
        "DOT_AADTYR": null,
        "DOT_THRULA": null,
        "BIKE_L": null,
        "BIKE_R": null,
        "UNIQUE_ID": null,
        "LOCAL_UID": null,
        "UTAHRD_UID": null,
        "SOURCE": null,
        "UPDATED": null,
        "EFFECTIVE": null,
        "EXPIRE": null,
        "CUSTOMTAGS": null,
        "Shape_STLe": null,
        "START_ELEV": null,
        "END_ELEV": null,
        "STEL_FT": null,
        "ENDEL_FT": null,
        "ELEV_CHANGE": null,
        "SLOPE": null,
        "IMP_NO_12": null,
        "USE_CODE_12": null,
        "USE_CODE_DESCR_12": null,
        "COST_CLASS_DESCR_12": null,
        "EXTERIOR_WALL_12": null,
        "ABOVE_GRADE_AREA_12": null,
        "MEZZANINE_12": null,
        "BASEMENT_12": null,
        "BSMT_FINISH_12": null,
        "BSMT_UNFINISH_12": null,
        "QUALITY_DESCR_12": null,
        "CONDITION_12": null,
        "CONDITION_DESCR_12": null,
        "YEAR_BUILT_12": null,
        "UNIT_COUNT_12": null,
        "PCT_COMPLETE_12": null,
        "ALLOCATION_PCT_12": null,
        "IMP_NO_23": null,
        "USE_CODE_23": null,
        "USE_CODE_DESCR_23": null,
        "COST_CLASS_DESCR_23": null,
        "EXTERIOR_WALL_23": null,
        "ABOVE_GRADE_AREA_23": null,
        "MEZZANINE_23": null,
        "BASEMENT_23": null,
        "BSMT_FINISH_23": null,
        "BSMT_UNFINISH_23": null,
        "QUALITY_DESCR_23": null,
        "CONDITION_23": null,
        "CONDITION_DESCR_23": null,
        "YEAR_BUILT_23": null,
        "UNIT_COUNT_23": null,
        "PCT_COMPLETE_23": null,
        "ALLOCATION_PCT_23": null,
        "Entry": 42819,
        "Year": 2025,
        "Record_Date": "2025-06-10",
        "Grantor": "PETERSON, PAUL DEC",
        "Grantee": "WHOM OF INTEREST",
        "Tax_Address": "1019 N TIMPVIEW DR AMERICAN FORK, UT 84003",
        "Serial_Number": "58:066:0006",
        "Serial_Number_Available": "Yes",
        "Detail_URL": "https://www.utahcounty.gov/LandRecords/document.asp?avEntry=42819&avYear=2025",
        "Document_Type": "AF DC",
        "Shape_Length_12_13": 5267.421167765466,
        "Shape_Area_12_13": 1734043.8007998653,
        "DocType": "AFDC",
        "Shape_Length": 0.016641692596089257,
        "Shape_Area": 1.6989019982369742e-05
      }
    },
    {
      "type": "Feature",
      "id": 32,
      "geometry": {
        "type": "Polygon",
        "coordinates": [
          [
            [
              -112.13607318399994,
              40.33714351100008
            ],
            [
              -112.14079925699997,
              40.337138035000066
            ],
            [
              -112.14075779599995,
              40.33353780900006
            ],
            [
              -112.13602992799997,
              40.33355284500004
            ],
            [
              -112.13607318399994,
              40.33714351100008
            ]
          ]
        ]
      },
      "properties": {
        "OBJECTID": 32,
        "Join_Count": 1,
        "TARGET_FID": 11005845,
        "PARCEL_NO": 580650015,
        "PARCELID": "580650015",
        "PARCELID_LABEL": "58:065:0015",
        "OWNER_NAME": "MESSERSMITH, TERRY ELLIS & TAMMY LEE",
        "CARE_NAME": null,
        "ACREAGE": 39.64673,
        "SITE_FULL_ADDRESS": "CEDAR FORT, UT",
        "SITE_HOUSE_NUM": " ",
        "SITE_PRE_DIR": null,
        "SITE_STREET_NAME": null,
        "SITE_STREET_TYPE": null,
        "SITE_POST_DIR": null,
        "SITE_STREET_UNIT": null,
        "SITE_CITY": "CEDAR FORT",
        "SITE_STATE": "UT",
        "SITE_ZIP5": "84013",
        "OWN_FULL_ADDRESS": "1358 N 200 W  NEPHI, UT 84648-8904",
        "OWN_STREET_ADDRESS": "1358 N 200 W",
        "OWN_CITY": "NEPHI",
        "OWN_STATE": "UT",
        "OWN_ZIP5": "84648",
        "VESTING_DOC": "23768-2015",
        "PARCEL_CREATE_DATE": 410140800000,
        "MAP_FILING_NO": null,
        "SUB_NAME": null,
        "LEGAL_DESCR": "SE 1/4 OF SE 1/4 SEC. 35, T5S, R3W, SLB&M. AREA 39.647 AC.",
        "BOOK_PAGE": 58065,
        "LOT": null,
        "BUILDING": null,
        "UNIT": null,
        "TAX_DISTRICT": "050",
        "TAX_DISTRICT_DESCR": "CEDAR FORT CITY",
        "SCHOOL_DISTRICT": "ALPINE",
        "TAXABLE_CODE": 100,
        "ACCOUNT_TYPE": "RESIDENTIAL",
        "PROP_TYPE": 900,
        "PROP_TYPE_DESCR": "VACANT",
        "SPECIFIC_PROP_TYPE": 901,
        "SPC_PROP_TYP_DESCR": "Vac Res",
        "NEIGHBORHOOD": "121",
        "NBHD_DISTRICT": "802",
        "LAND_DISTRICT": 8001,
        "ECONOMIC_UNIT": null,
        "GLA_WEIGHTED_YRBLT": null,
        "TOTAL_ABOVE_GRADE_AREA": null,
        "TOTAL_MEZZANINE": null,
        "TOTAL_BASEMENT": null,
        "TOTAL_BSMT_FINISH": null,
        "TOTAL_UNIT_COUNT": null,
        "TOTAL_IMP_COUNT": null,
        "ASMT_YEAR": 2026,
        "ASMT_CODE": "V",
        "ASMT_CODE_DESCR": "VACANT",
        "MKT_LAND_VALUE": 62500,
        "MKT_LAND_RES": 0,
        "MKT_LAND_AGR": 62500,
        "MKT_LAND_COM": 0,
        "MKT_IMP_VALUE": 0,
        "MKT_IMP_RES": 0,
        "MKT_IMP_AGR": 0,
        "MKT_IMP_COM": 0,
        "MKT_CUR_VALUE": 62500,
        "MKT_PRV_VAL": 62500,
        "MKT_VAL_YR_CHG": 0,
        "MKT_PCT_CHG": 0,
        "TXBL_CUR_VALUE": 555,
        "TXBL_PRV_VAL": 555,
        "TXBL_VAL_YR_CHG": 0,
        "TXBL_PCT_CHG": 0,
        "TOT_CUR_TAXES": 0,
        "TOT_PRV_TAXES": 0,
        "TAXES_YR_CHG": 0,
        "TAXES_PCT_CHG": 0,
        "GREENBELT": "GB",
        "EXEMPT_RES": "N",
        "COMMON_AREA": null,
        "PUBLIC_ROAD": null,
        "PRIVATE_ROAD": null,
        "PART_CENTRAL_ASSD": null,
        "PART_TAXABLE": null,
        "IMP_NO_RES": null,
        "COST_GROUP_RES": null,
        "STYLE_DESCR_RES": null,
        "QUALITY_RES": null,
        "QUALITY_DESCR_RES": null,
        "CONDITION_RES": null,
        "CONDITION_DESCR_RES": null,
        "YEARBLT_RES": null,
        "GLA_RES": null,
        "BASEMENT_RES": null,
        "BSMT_FINISH_RES": null,
        "ATT_GARAGE_SQFT_RES": null,
        "BATHROOMS_RES": null,
        "GLA_BEDROOMS_RES": null,
        "EXTERIOR_RES": null,
        "ALLOCATION_PCT_RES": null,
        "TRAV_COUNT": 1,
        "LASTUPDATE": null,
        "CREATED_DATE": 1712330344000,
        "LAST_EDITED_DATE": 1712330533000,
        "GLOBALID": "{76AD8648-F0F7-43C4-8BA1-C809EFF11DA3}",
        "Join_Count_12": 0,
        "TARGET_FID_12": 6712,
        "Code": null,
        "Desc_Cleaned": "Residential Agricultural",
        "Description": "Mining and Grazing (40 Acres)",
        "City": null,
        "Description_detailed": null,
        "Desc": null,
        "Acres": null,
        "CityLU": "MG-40",
        "Unit_Rate": 40,
        "Parcel_Area": 160349,
        "PctDeveloped": null,
        "Slope_Score": 0,
        "GP_Score": 6,
        "Ownership_Type": "Private",
        "Ownership_Score": 10,
        "Wetlands_Score": 0,
        "Municipality_Score": 10,
        "Final_Score": 6.1,
        "OBJECTID_12": 6710,
        "Join_Count_12_13": 0,
        "TARGET_FID_12_13": 6712,
        "Area": null,
        "Shape_Length_12": null,
        "Shape_Area_12": null,
        "STATUS": null,
        "CARTOCODE": null,
        "FULLNAME": null,
        "FROMADDR_L": null,
        "TOADDR_L": null,
        "FROMADDR_R": null,
        "TOADDR_R": null,
        "PARITY_L": null,
        "PARITY_R": null,
        "PREDIR": null,
        "NAME": null,
        "POSTTYPE": null,
        "POSTDIR": null,
        "AN_NAME": null,
        "AN_POSTDIR": null,
        "A1_PREDIR": null,
        "A1_NAME": null,
        "A1_POSTTYP": null,
        "A1_POSTDIR": null,
        "A2_PREDIR": null,
        "A2_NAME": null,
        "A2_POSTTYP": null,
        "A2_POSTDIR": null,
        "QUADRANT_L": null,
        "QUADRANT_R": null,
        "STATE_L": null,
        "STATE_R": null,
        "COUNTY_L": null,
        "COUNTY_R": null,
        "ADDRSYS_L": null,
        "ADDRSYS_R": null,
        "POSTCOMM_L": null,
        "POSTCOMM_R": null,
        "ZIPCODE_L": null,
        "ZIPCODE_R": null,
        "INCMUNI_L": null,
        "INCMUNI_R": null,
        "UNINCCOM_L": null,
        "UNINCCOM_R": null,
        "NBRHDCOM_L": null,
        "NBRHDCOM_R": null,
        "ER_CAD_ZON": null,
        "ESN_L": null,
        "ESN_R": null,
        "MSAGCOMM_L": null,
        "MSAGCOMM_R": null,
        "ONEWAY": null,
        "VERT_LEVEL": null,
        "SPEED_LMT": null,
        "ACCESSCODE": null,
        "DOT_HWYNAM": null,
        "DOT_RTNAME": null,
        "DOT_RTPART": null,
        "DOT_F_MILE": null,
        "DOT_T_MILE": null,
        "DOT_FCLASS": null,
        "DOT_SRFTYP": null,
        "DOT_CLASS": null,
        "DOT_OWN_L": null,
        "DOT_OWN_R": null,
        "DOT_AADT": null,
        "DOT_AADTYR": null,
        "DOT_THRULA": null,
        "BIKE_L": null,
        "BIKE_R": null,
        "UNIQUE_ID": null,
        "LOCAL_UID": null,
        "UTAHRD_UID": null,
        "SOURCE": null,
        "UPDATED": null,
        "EFFECTIVE": null,
        "EXPIRE": null,
        "CUSTOMTAGS": null,
        "Shape_STLe": null,
        "START_ELEV": null,
        "END_ELEV": null,
        "STEL_FT": null,
        "ENDEL_FT": null,
        "ELEV_CHANGE": null,
        "SLOPE": null,
        "IMP_NO_12": null,
        "USE_CODE_12": null,
        "USE_CODE_DESCR_12": null,
        "COST_CLASS_DESCR_12": null,
        "EXTERIOR_WALL_12": null,
        "ABOVE_GRADE_AREA_12": null,
        "MEZZANINE_12": null,
        "BASEMENT_12": null,
        "BSMT_FINISH_12": null,
        "BSMT_UNFINISH_12": null,
        "QUALITY_DESCR_12": null,
        "CONDITION_12": null,
        "CONDITION_DESCR_12": null,
        "YEAR_BUILT_12": null,
        "UNIT_COUNT_12": null,
        "PCT_COMPLETE_12": null,
        "ALLOCATION_PCT_12": null,
        "IMP_NO_23": null,
        "USE_CODE_23": null,
        "USE_CODE_DESCR_23": null,
        "COST_CLASS_DESCR_23": null,
        "EXTERIOR_WALL_23": null,
        "ABOVE_GRADE_AREA_23": null,
        "MEZZANINE_23": null,
        "BASEMENT_23": null,
        "BSMT_FINISH_23": null,
        "BSMT_UNFINISH_23": null,
        "QUALITY_DESCR_23": null,
        "CONDITION_23": null,
        "CONDITION_DESCR_23": null,
        "YEAR_BUILT_23": null,
        "UNIT_COUNT_23": null,
        "PCT_COMPLETE_23": null,
        "ALLOCATION_PCT_23": null,
        "Entry": 24178,
        "Year": 2025,
        "Record_Date": "2025-04-04",
        "Grantor": "COOK, RICHARD ERNEST AKA COOK, RICHARD E DEC RICHARD E COOK TRUST 03-27-1978 AS AMD AND RESTATED 02-11-1992 AKA RICHARD E COOK REVOCABLE TRUST 03-27-1978 AS AMD",
        "Grantee": "COOK, MARY N SUCTEE COOK, RICHARD W SUCTEE RICHARD E COOK TRUST 03-27-1978 AS AMD AND RESTATED 02-11-1992 AKA RICHARD E COOK REVOCABLE TRUST 03-27-1978 AS AMD",
        "Tax_Address": "2535 E 1700 S SALT LAKE CITY, UT 84108",
        "Serial_Number": "59:070:0002",
        "Serial_Number_Available": "Yes",
        "Detail_URL": "https://www.utahcounty.gov/LandRecords/document.asp?avEntry=24178&avYear=2025",
        "Document_Type": "AF DC",
        "Shape_Length_12_13": 4641.776323418079,
        "Shape_Area_12_13": 1322191.0853855005,
        "DocType": "AFDC",
        "Shape_Length": 0.016645359349518708,
        "Shape_Area": 1.69960016052194e-05
      }
    },
    {
      "type": "Feature",
      "id": 33,
      "geometry": {
        "type": "Polygon",
        "coordinates": [
          [
            [
              -112.08343727099998,
              40.33330532900004
            ],
            [
              -112.08225392499997,
              40.33329728100006
            ],
            [
              -112.08228006199994,
              40.335928754000065
            ],
            [
              -112.08339657899995,
              40.33594254600007
            ],
            [
              -112.083427213,
              40.33386523200005
            ],
            [
              -112.08343727099998,
              40.33330532900004
            ]
          ]
        ]
      },
      "properties": {
        "OBJECTID": 33,
        "Join_Count": 1,
        "TARGET_FID": 11006001,
        "PARCEL_NO": 580520007,
        "PARCELID": "580520007",
        "PARCELID_LABEL": "58:052:0007",
        "OWNER_NAME": "PETERSON, PAUL & MARGERY J",
        "CARE_NAME": "%PETERSON, JONATHAN",
        "ACREAGE": 7.06225,
        "SITE_FULL_ADDRESS": "CEDAR FORT, UT",
        "SITE_HOUSE_NUM": " ",
        "SITE_PRE_DIR": null,
        "SITE_STREET_NAME": null,
        "SITE_STREET_TYPE": null,
        "SITE_POST_DIR": null,
        "SITE_STREET_UNIT": null,
        "SITE_CITY": "CEDAR FORT",
        "SITE_STATE": "UT",
        "SITE_ZIP5": "84013",
        "OWN_FULL_ADDRESS": "%PETERSON, JONATHAN  552 W 11200 S  WOODLAND HILLS, UT 84653",
        "OWN_STREET_ADDRESS": "552 W 11200 S",
        "OWN_CITY": "WOODLAND HILLS",
        "OWN_STATE": "UT",
        "OWN_ZIP5": "84653",
        "VESTING_DOC": "42386-1977",
        "PARCEL_CREATE_DATE": 347068800000,
        "MAP_FILING_NO": null,
        "SUB_NAME": null,
        "LEGAL_DESCR": "COM S 89 DEG 7' 3\" E 1551.58 FT FR S 1/4 COR. SEC. 32 T5S R2W SLB&M.; N 1 DEG 9' 40\" E 204.04 FT; N 1 DEG 1' 13\" E 757 FT; S 88 DEG 42' 7\" E 311.38 FT; S 0 DEG 3' 45\" E 958.91 FT; N 89 DEG 7' 3\" W 330 FT TO BEG. AREA 7.062 AC.",
        "BOOK_PAGE": 58052,
        "LOT": null,
        "BUILDING": null,
        "UNIT": null,
        "TAX_DISTRICT": "050",
        "TAX_DISTRICT_DESCR": "CEDAR FORT CITY",
        "SCHOOL_DISTRICT": "ALPINE",
        "TAXABLE_CODE": 100,
        "ACCOUNT_TYPE": "RESIDENTIAL",
        "PROP_TYPE": 900,
        "PROP_TYPE_DESCR": "VACANT",
        "SPECIFIC_PROP_TYPE": 901,
        "SPC_PROP_TYP_DESCR": "Vac Res",
        "NEIGHBORHOOD": "103",
        "NBHD_DISTRICT": "825",
        "LAND_DISTRICT": 8002,
        "ECONOMIC_UNIT": null,
        "GLA_WEIGHTED_YRBLT": null,
        "TOTAL_ABOVE_GRADE_AREA": null,
        "TOTAL_MEZZANINE": null,
        "TOTAL_BASEMENT": null,
        "TOTAL_BSMT_FINISH": null,
        "TOTAL_UNIT_COUNT": null,
        "TOTAL_IMP_COUNT": null,
        "ASMT_YEAR": 2026,
        "ASMT_CODE": "V",
        "ASMT_CODE_DESCR": "VACANT",
        "MKT_LAND_VALUE": 52600,
        "MKT_LAND_RES": 0,
        "MKT_LAND_AGR": 52600,
        "MKT_LAND_COM": 0,
        "MKT_IMP_VALUE": 0,
        "MKT_IMP_RES": 0,
        "MKT_IMP_AGR": 0,
        "MKT_IMP_COM": 0,
        "MKT_CUR_VALUE": 52600,
        "MKT_PRV_VAL": 52600,
        "MKT_VAL_YR_CHG": 0,
        "MKT_PCT_CHG": 0,
        "TXBL_CUR_VALUE": 3516,
        "TXBL_PRV_VAL": 3516,
        "TXBL_VAL_YR_CHG": 0,
        "TXBL_PCT_CHG": 0,
        "TOT_CUR_TAXES": 0,
        "TOT_PRV_TAXES": 0,
        "TAXES_YR_CHG": 0,
        "TAXES_PCT_CHG": 0,
        "GREENBELT": "GB",
        "EXEMPT_RES": "N",
        "COMMON_AREA": null,
        "PUBLIC_ROAD": null,
        "PRIVATE_ROAD": null,
        "PART_CENTRAL_ASSD": null,
        "PART_TAXABLE": null,
        "IMP_NO_RES": null,
        "COST_GROUP_RES": null,
        "STYLE_DESCR_RES": null,
        "QUALITY_RES": null,
        "QUALITY_DESCR_RES": null,
        "CONDITION_RES": null,
        "CONDITION_DESCR_RES": null,
        "YEARBLT_RES": null,
        "GLA_RES": null,
        "BASEMENT_RES": null,
        "BSMT_FINISH_RES": null,
        "ATT_GARAGE_SQFT_RES": null,
        "BATHROOMS_RES": null,
        "GLA_BEDROOMS_RES": null,
        "EXTERIOR_RES": null,
        "ALLOCATION_PCT_RES": null,
        "TRAV_COUNT": 1,
        "LASTUPDATE": null,
        "CREATED_DATE": 1712330344000,
        "LAST_EDITED_DATE": 1712330533000,
        "GLOBALID": "{F1E45490-7BB0-44BF-B3A8-8AC23514D891}",
        "Join_Count_12": 1,
        "TARGET_FID_12": 6769,
        "Code": null,
        "Desc_Cleaned": "Residential Agricultural",
        "Description": "Residential Agricultural Zone (5 Acres)",
        "City": null,
        "Description_detailed": null,
        "Desc": null,
        "Acres": null,
        "CityLU": "RA-5",
        "Unit_Rate": 5,
        "Parcel_Area": 28563,
        "PctDeveloped": null,
        "Slope_Score": 10,
        "GP_Score": 6,
        "Ownership_Type": "Private",
        "Ownership_Score": 10,
        "Wetlands_Score": 10,
        "Municipality_Score": 10,
        "Final_Score": 8.6,
        "OBJECTID_12": 6767,
        "Join_Count_12_13": 0,
        "TARGET_FID_12_13": 6769,
        "Area": null,
        "Shape_Length_12": null,
        "Shape_Area_12": null,
        "STATUS": " ",
        "CARTOCODE": "11",
        "FULLNAME": "17800 W",
        "FROMADDR_L": 101,
        "TOADDR_L": 799,
        "FROMADDR_R": 100,
        "TOADDR_R": 798,
        "PARITY_L": " ",
        "PARITY_R": " ",
        "PREDIR": "N",
        "NAME": "17800",
        "POSTTYPE": " ",
        "POSTDIR": "W",
        "AN_NAME": " ",
        "AN_POSTDIR": " ",
        "A1_PREDIR": " ",
        "A1_NAME": " ",
        "A1_POSTTYP": " ",
        "A1_POSTDIR": " ",
        "A2_PREDIR": " ",
        "A2_NAME": " ",
        "A2_POSTTYP": " ",
        "A2_POSTDIR": " ",
        "QUADRANT_L": "NE",
        "QUADRANT_R": "NE",
        "STATE_L": "UT",
        "STATE_R": "UT",
        "COUNTY_L": "49049",
        "COUNTY_R": "49049",
        "ADDRSYS_L": "Cedar Fort",
        "ADDRSYS_R": "Cedar Fort",
        "POSTCOMM_L": "CEDAR VALLEY",
        "POSTCOMM_R": "CEDAR VALLEY",
        "ZIPCODE_L": "84013",
        "ZIPCODE_R": "84013",
        "INCMUNI_L": "CEDAR FORT",
        "INCMUNI_R": "CEDAR FORT",
        "UNINCCOM_L": " ",
        "UNINCCOM_R": " ",
        "NBRHDCOM_L": " ",
        "NBRHDCOM_R": " ",
        "ER_CAD_ZON": " ",
        "ESN_L": " ",
        "ESN_R": " ",
        "MSAGCOMM_L": " ",
        "MSAGCOMM_R": " ",
        "ONEWAY": "0",
        "VERT_LEVEL": "0",
        "SPEED_LMT": 25,
        "ACCESSCODE": " ",
        "DOT_HWYNAM": " ",
        "DOT_RTNAME": " ",
        "DOT_RTPART": " ",
        "DOT_F_MILE": 0,
        "DOT_T_MILE": 0,
        "DOT_FCLASS": " ",
        "DOT_SRFTYP": " ",
        "DOT_CLASS": "C",
        "DOT_OWN_L": "MU Cedar Fort",
        "DOT_OWN_R": "MU Cedar Fort",
        "DOT_AADT": 0,
        "DOT_AADTYR": " ",
        "DOT_THRULA": 0,
        "BIKE_L": " ",
        "BIKE_R": " ",
        "UNIQUE_ID": "12TVK08076548_17800_W",
        "LOCAL_UID": " ",
        "UTAHRD_UID": " ",
        "SOURCE": " ",
        "UPDATED": 1486425600000,
        "EFFECTIVE": null,
        "EXPIRE": null,
        "CUSTOMTAGS": " ",
        "Shape_STLe": 1396.7385523,
        "START_ELEV": 1512.888427734375,
        "END_ELEV": 1542.975341796875,
        "STEL_FT": 4963.544869248047,
        "ENDEL_FT": 5062.255220380859,
        "ELEV_CHANGE": 98.71035113281232,
        "SLOPE": 2.1535863220119196,
        "IMP_NO_12": null,
        "USE_CODE_12": null,
        "USE_CODE_DESCR_12": null,
        "COST_CLASS_DESCR_12": null,
        "EXTERIOR_WALL_12": null,
        "ABOVE_GRADE_AREA_12": null,
        "MEZZANINE_12": null,
        "BASEMENT_12": null,
        "BSMT_FINISH_12": null,
        "BSMT_UNFINISH_12": null,
        "QUALITY_DESCR_12": null,
        "CONDITION_12": null,
        "CONDITION_DESCR_12": null,
        "YEAR_BUILT_12": null,
        "UNIT_COUNT_12": null,
        "PCT_COMPLETE_12": null,
        "ALLOCATION_PCT_12": null,
        "IMP_NO_23": null,
        "USE_CODE_23": null,
        "USE_CODE_DESCR_23": null,
        "COST_CLASS_DESCR_23": null,
        "EXTERIOR_WALL_23": null,
        "ABOVE_GRADE_AREA_23": null,
        "MEZZANINE_23": null,
        "BASEMENT_23": null,
        "BSMT_FINISH_23": null,
        "BSMT_UNFINISH_23": null,
        "QUALITY_DESCR_23": null,
        "CONDITION_23": null,
        "CONDITION_DESCR_23": null,
        "YEAR_BUILT_23": null,
        "UNIT_COUNT_23": null,
        "PCT_COMPLETE_23": null,
        "ALLOCATION_PCT_23": null,
        "Entry": 42818,
        "Year": 2025,
        "Record_Date": "2025-06-10",
        "Grantor": "PETERSON, PAUL DEC",
        "Grantee": "WHOM OF INTEREST",
        "Tax_Address": "1019 N TIMPVIEW DR AMERICAN FORK, UT 84003",
        "Serial_Number": "58:052:0007",
        "Serial_Number_Available": "Yes",
        "Detail_URL": "https://www.utahcounty.gov/LandRecords/document.asp?avEntry=42818&avYear=2025",
        "Document_Type": "AF DC",
        "Shape_Length_12_13": 2560.5893557178106,
        "Shape_Area_12_13": 307453.1790701162,
        "DocType": "AFDC",
        "Shape_Length": 0.0075691115465139555,
        "Shape_Area": 3.0275249898840175e-06
      }
    },
    {
      "type": "Feature",
      "id": 34,
      "geometry": {
        "type": "Polygon",
        "coordinates": [
          [
            [
              -112.08346819799999,
              40.33325434300008
            ],
            [
              -112.08349058499999,
              40.33588059500005
            ],
            [
              -112.08467399799997,
              40.335874681000064
            ],
            [
              -112.08465156499994,
              40.33324842900004
            ],
            [
              -112.08346819799999,
              40.33325434300008
            ]
          ]
        ]
      },
      "properties": {
        "OBJECTID": 34,
        "Join_Count": 1,
        "TARGET_FID": 11006103,
        "PARCEL_NO": 580520012,
        "PARCELID": "580520012",
        "PARCELID_LABEL": "58:052:0012",
        "OWNER_NAME": "PETERSON, PAUL & MARGERY J",
        "CARE_NAME": "%PETERSON, JONATHAN",
        "ACREAGE": 7.25,
        "SITE_FULL_ADDRESS": "CEDAR FORT, UT",
        "SITE_HOUSE_NUM": " ",
        "SITE_PRE_DIR": null,
        "SITE_STREET_NAME": null,
        "SITE_STREET_TYPE": null,
        "SITE_POST_DIR": null,
        "SITE_STREET_UNIT": null,
        "SITE_CITY": "CEDAR FORT",
        "SITE_STATE": "UT",
        "SITE_ZIP5": "84013",
        "OWN_FULL_ADDRESS": "%PETERSON, JONATHAN  552 W 11200 S  WOODLAND HILLS, UT 84653",
        "OWN_STREET_ADDRESS": "552 W 11200 S",
        "OWN_CITY": "WOODLAND HILLS",
        "OWN_STATE": "UT",
        "OWN_ZIP5": "84653",
        "VESTING_DOC": "92139-1994",
        "PARCEL_CREATE_DATE": 347068800000,
        "MAP_FILING_NO": null,
        "SUB_NAME": null,
        "LEGAL_DESCR": "COM W 18 CH FR SE COR. SEC. 32 T5S R2W SLB&M.; W 5 CH; N 14.5 CH; E 5 CH; S 14.5 CH TO BEG. AREA 7.250 AC.",
        "BOOK_PAGE": 58052,
        "LOT": null,
        "BUILDING": null,
        "UNIT": null,
        "TAX_DISTRICT": "050",
        "TAX_DISTRICT_DESCR": "CEDAR FORT CITY",
        "SCHOOL_DISTRICT": "ALPINE",
        "TAXABLE_CODE": 100,
        "ACCOUNT_TYPE": "RESIDENTIAL",
        "PROP_TYPE": 900,
        "PROP_TYPE_DESCR": "VACANT",
        "SPECIFIC_PROP_TYPE": 901,
        "SPC_PROP_TYP_DESCR": "Vac Res",
        "NEIGHBORHOOD": "103",
        "NBHD_DISTRICT": "825",
        "LAND_DISTRICT": 8002,
        "ECONOMIC_UNIT": null,
        "GLA_WEIGHTED_YRBLT": null,
        "TOTAL_ABOVE_GRADE_AREA": null,
        "TOTAL_MEZZANINE": null,
        "TOTAL_BASEMENT": null,
        "TOTAL_BSMT_FINISH": null,
        "TOTAL_UNIT_COUNT": null,
        "TOTAL_IMP_COUNT": null,
        "ASMT_YEAR": 2026,
        "ASMT_CODE": "V",
        "ASMT_CODE_DESCR": "VACANT",
        "MKT_LAND_VALUE": 54100,
        "MKT_LAND_RES": 0,
        "MKT_LAND_AGR": 54100,
        "MKT_LAND_COM": 0,
        "MKT_IMP_VALUE": 0,
        "MKT_IMP_RES": 0,
        "MKT_IMP_AGR": 0,
        "MKT_IMP_COM": 0,
        "MKT_CUR_VALUE": 54100,
        "MKT_PRV_VAL": 54100,
        "MKT_VAL_YR_CHG": 0,
        "MKT_PCT_CHG": 0,
        "TXBL_CUR_VALUE": 3611,
        "TXBL_PRV_VAL": 3611,
        "TXBL_VAL_YR_CHG": 0,
        "TXBL_PCT_CHG": 0,
        "TOT_CUR_TAXES": 0,
        "TOT_PRV_TAXES": 0,
        "TAXES_YR_CHG": 0,
        "TAXES_PCT_CHG": 0,
        "GREENBELT": "GB",
        "EXEMPT_RES": "N",
        "COMMON_AREA": null,
        "PUBLIC_ROAD": null,
        "PRIVATE_ROAD": null,
        "PART_CENTRAL_ASSD": null,
        "PART_TAXABLE": null,
        "IMP_NO_RES": null,
        "COST_GROUP_RES": null,
        "STYLE_DESCR_RES": null,
        "QUALITY_RES": null,
        "QUALITY_DESCR_RES": null,
        "CONDITION_RES": null,
        "CONDITION_DESCR_RES": null,
        "YEARBLT_RES": null,
        "GLA_RES": null,
        "BASEMENT_RES": null,
        "BSMT_FINISH_RES": null,
        "ATT_GARAGE_SQFT_RES": null,
        "BATHROOMS_RES": null,
        "GLA_BEDROOMS_RES": null,
        "EXTERIOR_RES": null,
        "ALLOCATION_PCT_RES": null,
        "TRAV_COUNT": 1,
        "LASTUPDATE": null,
        "CREATED_DATE": 1712330344000,
        "LAST_EDITED_DATE": 1712330533000,
        "GLOBALID": "{70867C58-D1C3-4362-9223-EAE33AB04305}",
        "Join_Count_12": 1,
        "TARGET_FID_12": 6821,
        "Code": null,
        "Desc_Cleaned": "Residential Agricultural",
        "Description": "Residential Agricultural Zone (5 Acres)",
        "City": null,
        "Description_detailed": null,
        "Desc": null,
        "Acres": null,
        "CityLU": "RA-5",
        "Unit_Rate": 5,
        "Parcel_Area": 29323,
        "PctDeveloped": null,
        "Slope_Score": 10,
        "GP_Score": 6,
        "Ownership_Type": "Private",
        "Ownership_Score": 10,
        "Wetlands_Score": 10,
        "Municipality_Score": 10,
        "Final_Score": 8.6,
        "OBJECTID_12": 6819,
        "Join_Count_12_13": 0,
        "TARGET_FID_12_13": 6821,
        "Area": null,
        "Shape_Length_12": null,
        "Shape_Area_12": null,
        "STATUS": " ",
        "CARTOCODE": "11",
        "FULLNAME": "17800 W",
        "FROMADDR_L": 101,
        "TOADDR_L": 799,
        "FROMADDR_R": 100,
        "TOADDR_R": 798,
        "PARITY_L": " ",
        "PARITY_R": " ",
        "PREDIR": "N",
        "NAME": "17800",
        "POSTTYPE": " ",
        "POSTDIR": "W",
        "AN_NAME": " ",
        "AN_POSTDIR": " ",
        "A1_PREDIR": " ",
        "A1_NAME": " ",
        "A1_POSTTYP": " ",
        "A1_POSTDIR": " ",
        "A2_PREDIR": " ",
        "A2_NAME": " ",
        "A2_POSTTYP": " ",
        "A2_POSTDIR": " ",
        "QUADRANT_L": "NE",
        "QUADRANT_R": "NE",
        "STATE_L": "UT",
        "STATE_R": "UT",
        "COUNTY_L": "49049",
        "COUNTY_R": "49049",
        "ADDRSYS_L": "Cedar Fort",
        "ADDRSYS_R": "Cedar Fort",
        "POSTCOMM_L": "CEDAR VALLEY",
        "POSTCOMM_R": "CEDAR VALLEY",
        "ZIPCODE_L": "84013",
        "ZIPCODE_R": "84013",
        "INCMUNI_L": "CEDAR FORT",
        "INCMUNI_R": "CEDAR FORT",
        "UNINCCOM_L": " ",
        "UNINCCOM_R": " ",
        "NBRHDCOM_L": " ",
        "NBRHDCOM_R": " ",
        "ER_CAD_ZON": " ",
        "ESN_L": " ",
        "ESN_R": " ",
        "MSAGCOMM_L": " ",
        "MSAGCOMM_R": " ",
        "ONEWAY": "0",
        "VERT_LEVEL": "0",
        "SPEED_LMT": 25,
        "ACCESSCODE": " ",
        "DOT_HWYNAM": " ",
        "DOT_RTNAME": " ",
        "DOT_RTPART": " ",
        "DOT_F_MILE": 0,
        "DOT_T_MILE": 0,
        "DOT_FCLASS": " ",
        "DOT_SRFTYP": " ",
        "DOT_CLASS": "C",
        "DOT_OWN_L": "MU Cedar Fort",
        "DOT_OWN_R": "MU Cedar Fort",
        "DOT_AADT": 0,
        "DOT_AADTYR": " ",
        "DOT_THRULA": 0,
        "BIKE_L": " ",
        "BIKE_R": " ",
        "UNIQUE_ID": "12TVK08076548_17800_W",
        "LOCAL_UID": " ",
        "UTAHRD_UID": " ",
        "SOURCE": " ",
        "UPDATED": 1486425600000,
        "EFFECTIVE": null,
        "EXPIRE": null,
        "CUSTOMTAGS": " ",
        "Shape_STLe": 1396.7385523,
        "START_ELEV": 1512.888427734375,
        "END_ELEV": 1542.975341796875,
        "STEL_FT": 4963.544869248047,
        "ENDEL_FT": 5062.255220380859,
        "ELEV_CHANGE": 98.71035113281232,
        "SLOPE": 2.1535863220119196,
        "IMP_NO_12": null,
        "USE_CODE_12": null,
        "USE_CODE_DESCR_12": null,
        "COST_CLASS_DESCR_12": null,
        "EXTERIOR_WALL_12": null,
        "ABOVE_GRADE_AREA_12": null,
        "MEZZANINE_12": null,
        "BASEMENT_12": null,
        "BSMT_FINISH_12": null,
        "BSMT_UNFINISH_12": null,
        "QUALITY_DESCR_12": null,
        "CONDITION_12": null,
        "CONDITION_DESCR_12": null,
        "YEAR_BUILT_12": null,
        "UNIT_COUNT_12": null,
        "PCT_COMPLETE_12": null,
        "ALLOCATION_PCT_12": null,
        "IMP_NO_23": null,
        "USE_CODE_23": null,
        "USE_CODE_DESCR_23": null,
        "COST_CLASS_DESCR_23": null,
        "EXTERIOR_WALL_23": null,
        "ABOVE_GRADE_AREA_23": null,
        "MEZZANINE_23": null,
        "BASEMENT_23": null,
        "BSMT_FINISH_23": null,
        "BSMT_UNFINISH_23": null,
        "QUALITY_DESCR_23": null,
        "CONDITION_23": null,
        "CONDITION_DESCR_23": null,
        "YEAR_BUILT_23": null,
        "UNIT_COUNT_23": null,
        "PCT_COMPLETE_23": null,
        "ALLOCATION_PCT_23": null,
        "Entry": 42819,
        "Year": 2025,
        "Record_Date": "2025-06-10",
        "Grantor": "PETERSON, PAUL DEC",
        "Grantee": "WHOM OF INTEREST",
        "Tax_Address": "1019 N TIMPVIEW DR AMERICAN FORK, UT 84003",
        "Serial_Number": "59:037:0063",
        "Serial_Number_Available": "Yes",
        "Detail_URL": "https://www.utahcounty.gov/LandRecords/document.asp?avEntry=42819&avYear=2025",
        "Document_Type": "AF DC",
        "Shape_Length_12_13": 1330.4396182232838,
        "Shape_Area_12_13": 110601.0509259649,
        "DocType": "AFDC",
        "Shape_Length": 0.007619504777888828,
        "Shape_Area": 3.1080128869292727e-06
      }
    },
    {
      "type": "Feature",
      "id": 35,
      "geometry": {
        "type": "Polygon",
        "coordinates": [
          [
            [
              -112.082307174,
              40.33588649700005
            ],
            [
              -112.08231641999998,
              40.33697322200004
            ],
            [
              -112.08361819199996,
              40.33696672900004
            ],
            [
              -112.08362745899996,
              40.338053452000054
            ],
            [
              -112.08492925399997,
              40.33804694500003
            ],
            [
              -112.08491067999995,
              40.33587349700008
            ],
            [
              -112.082307174,
              40.33588649700005
            ]
          ]
        ]
      },
      "properties": {
        "OBJECTID": 35,
        "Join_Count": 1,
        "TARGET_FID": 11006105,
        "PARCEL_NO": 580520014,
        "PARCELID": "580520014",
        "PARCELID_LABEL": "58:052:0014",
        "OWNER_NAME": "COOK, SHARON K (ET AL)",
        "CARE_NAME": null,
        "ACREAGE": 9.9,
        "SITE_FULL_ADDRESS": "CEDAR FORT, UT",
        "SITE_HOUSE_NUM": " ",
        "SITE_PRE_DIR": null,
        "SITE_STREET_NAME": null,
        "SITE_STREET_TYPE": null,
        "SITE_POST_DIR": null,
        "SITE_STREET_UNIT": null,
        "SITE_CITY": "CEDAR FORT",
        "SITE_STATE": "UT",
        "SITE_ZIP5": "84013",
        "OWN_FULL_ADDRESS": "289 N 100 W  CEDAR VALLEY, UT 84013",
        "OWN_STREET_ADDRESS": "289 N 100 W",
        "OWN_CITY": "CEDAR VALLEY",
        "OWN_STATE": "UT",
        "OWN_ZIP5": "84013",
        "VESTING_DOC": "18559-2018",
        "PARCEL_CREATE_DATE": 347068800000,
        "MAP_FILING_NO": null,
        "SUB_NAME": null,
        "LEGAL_DESCR": "COM N 58 RD & W 52 RD FR SE COR. SEC. 32 T5S R2W SLB&M.; N 24 RD; W 22 RD; N 24 RD; W 22 RD; S 48 RD; E 44 RD TO BEG. AREA 9.900 AC.",
        "BOOK_PAGE": 58052,
        "LOT": null,
        "BUILDING": null,
        "UNIT": null,
        "TAX_DISTRICT": "050",
        "TAX_DISTRICT_DESCR": "CEDAR FORT CITY",
        "SCHOOL_DISTRICT": "ALPINE",
        "TAXABLE_CODE": 100,
        "ACCOUNT_TYPE": "RESIDENTIAL",
        "PROP_TYPE": 900,
        "PROP_TYPE_DESCR": "VACANT",
        "SPECIFIC_PROP_TYPE": 901,
        "SPC_PROP_TYP_DESCR": "Vac Res",
        "NEIGHBORHOOD": "103",
        "NBHD_DISTRICT": "825",
        "LAND_DISTRICT": 8002,
        "ECONOMIC_UNIT": null,
        "GLA_WEIGHTED_YRBLT": null,
        "TOTAL_ABOVE_GRADE_AREA": null,
        "TOTAL_MEZZANINE": null,
        "TOTAL_BASEMENT": null,
        "TOTAL_BSMT_FINISH": null,
        "TOTAL_UNIT_COUNT": null,
        "TOTAL_IMP_COUNT": null,
        "ASMT_YEAR": 2026,
        "ASMT_CODE": "V",
        "ASMT_CODE_DESCR": "VACANT",
        "MKT_LAND_VALUE": 73800,
        "MKT_LAND_RES": 0,
        "MKT_LAND_AGR": 73800,
        "MKT_LAND_COM": 0,
        "MKT_IMP_VALUE": 0,
        "MKT_IMP_RES": 0,
        "MKT_IMP_AGR": 0,
        "MKT_IMP_COM": 0,
        "MKT_CUR_VALUE": 73800,
        "MKT_PRV_VAL": 73800,
        "MKT_VAL_YR_CHG": 0,
        "MKT_PCT_CHG": 0,
        "TXBL_CUR_VALUE": 4930,
        "TXBL_PRV_VAL": 4930,
        "TXBL_VAL_YR_CHG": 0,
        "TXBL_PCT_CHG": 0,
        "TOT_CUR_TAXES": 0,
        "TOT_PRV_TAXES": 0,
        "TAXES_YR_CHG": 0,
        "TAXES_PCT_CHG": 0,
        "GREENBELT": "GB",
        "EXEMPT_RES": "N",
        "COMMON_AREA": null,
        "PUBLIC_ROAD": null,
        "PRIVATE_ROAD": null,
        "PART_CENTRAL_ASSD": null,
        "PART_TAXABLE": null,
        "IMP_NO_RES": null,
        "COST_GROUP_RES": null,
        "STYLE_DESCR_RES": null,
        "QUALITY_RES": null,
        "QUALITY_DESCR_RES": null,
        "CONDITION_RES": null,
        "CONDITION_DESCR_RES": null,
        "YEARBLT_RES": null,
        "GLA_RES": null,
        "BASEMENT_RES": null,
        "BSMT_FINISH_RES": null,
        "ATT_GARAGE_SQFT_RES": null,
        "BATHROOMS_RES": null,
        "GLA_BEDROOMS_RES": null,
        "EXTERIOR_RES": null,
        "ALLOCATION_PCT_RES": null,
        "TRAV_COUNT": 1,
        "LASTUPDATE": null,
        "CREATED_DATE": 1712330344000,
        "LAST_EDITED_DATE": 1712330533000,
        "GLOBALID": "{6CAFD905-8012-47F9-BD05-0940408DDB6A}",
        "Join_Count_12": 1,
        "TARGET_FID_12": 6822,
        "Code": null,
        "Desc_Cleaned": "Residential Agricultural",
        "Description": "Residential Agricultural Zone (5 Acres)",
        "City": null,
        "Description_detailed": null,
        "Desc": null,
        "Acres": null,
        "CityLU": "RA-5",
        "Unit_Rate": 5,
        "Parcel_Area": 40041,
        "PctDeveloped": null,
        "Slope_Score": 10,
        "GP_Score": 6,
        "Ownership_Type": "Private",
        "Ownership_Score": 10,
        "Wetlands_Score": 10,
        "Municipality_Score": 10,
        "Final_Score": 8.6,
        "OBJECTID_12": 6820,
        "Join_Count_12_13": 0,
        "TARGET_FID_12_13": 6822,
        "Area": null,
        "Shape_Length_12": null,
        "Shape_Area_12": null,
        "STATUS": " ",
        "CARTOCODE": "11",
        "FULLNAME": "17800 W",
        "FROMADDR_L": 101,
        "TOADDR_L": 799,
        "FROMADDR_R": 100,
        "TOADDR_R": 798,
        "PARITY_L": " ",
        "PARITY_R": " ",
        "PREDIR": "N",
        "NAME": "17800",
        "POSTTYPE": " ",
        "POSTDIR": "W",
        "AN_NAME": " ",
        "AN_POSTDIR": " ",
        "A1_PREDIR": " ",
        "A1_NAME": " ",
        "A1_POSTTYP": " ",
        "A1_POSTDIR": " ",
        "A2_PREDIR": " ",
        "A2_NAME": " ",
        "A2_POSTTYP": " ",
        "A2_POSTDIR": " ",
        "QUADRANT_L": "NE",
        "QUADRANT_R": "NE",
        "STATE_L": "UT",
        "STATE_R": "UT",
        "COUNTY_L": "49049",
        "COUNTY_R": "49049",
        "ADDRSYS_L": "Cedar Fort",
        "ADDRSYS_R": "Cedar Fort",
        "POSTCOMM_L": "CEDAR VALLEY",
        "POSTCOMM_R": "CEDAR VALLEY",
        "ZIPCODE_L": "84013",
        "ZIPCODE_R": "84013",
        "INCMUNI_L": "CEDAR FORT",
        "INCMUNI_R": "CEDAR FORT",
        "UNINCCOM_L": " ",
        "UNINCCOM_R": " ",
        "NBRHDCOM_L": " ",
        "NBRHDCOM_R": " ",
        "ER_CAD_ZON": " ",
        "ESN_L": " ",
        "ESN_R": " ",
        "MSAGCOMM_L": " ",
        "MSAGCOMM_R": " ",
        "ONEWAY": "0",
        "VERT_LEVEL": "0",
        "SPEED_LMT": 25,
        "ACCESSCODE": " ",
        "DOT_HWYNAM": " ",
        "DOT_RTNAME": " ",
        "DOT_RTPART": " ",
        "DOT_F_MILE": 0,
        "DOT_T_MILE": 0,
        "DOT_FCLASS": " ",
        "DOT_SRFTYP": " ",
        "DOT_CLASS": "C",
        "DOT_OWN_L": "MU Cedar Fort",
        "DOT_OWN_R": "MU Cedar Fort",
        "DOT_AADT": 0,
        "DOT_AADTYR": " ",
        "DOT_THRULA": 0,
        "BIKE_L": " ",
        "BIKE_R": " ",
        "UNIQUE_ID": "12TVK08076548_17800_W",
        "LOCAL_UID": " ",
        "UTAHRD_UID": " ",
        "SOURCE": " ",
        "UPDATED": 1486425600000,
        "EFFECTIVE": null,
        "EXPIRE": null,
        "CUSTOMTAGS": " ",
        "Shape_STLe": 1396.7385523,
        "START_ELEV": 1512.888427734375,
        "END_ELEV": 1542.975341796875,
        "STEL_FT": 4963.544869248047,
        "ENDEL_FT": 5062.255220380859,
        "ELEV_CHANGE": 98.71035113281232,
        "SLOPE": 2.1535863220119196,
        "IMP_NO_12": null,
        "USE_CODE_12": null,
        "USE_CODE_DESCR_12": null,
        "COST_CLASS_DESCR_12": null,
        "EXTERIOR_WALL_12": null,
        "ABOVE_GRADE_AREA_12": null,
        "MEZZANINE_12": null,
        "BASEMENT_12": null,
        "BSMT_FINISH_12": null,
        "BSMT_UNFINISH_12": null,
        "QUALITY_DESCR_12": null,
        "CONDITION_12": null,
        "CONDITION_DESCR_12": null,
        "YEAR_BUILT_12": null,
        "UNIT_COUNT_12": null,
        "PCT_COMPLETE_12": null,
        "ALLOCATION_PCT_12": null,
        "IMP_NO_23": null,
        "USE_CODE_23": null,
        "USE_CODE_DESCR_23": null,
        "COST_CLASS_DESCR_23": null,
        "EXTERIOR_WALL_23": null,
        "ABOVE_GRADE_AREA_23": null,
        "MEZZANINE_23": null,
        "BASEMENT_23": null,
        "BSMT_FINISH_23": null,
        "BSMT_UNFINISH_23": null,
        "QUALITY_DESCR_23": null,
        "CONDITION_23": null,
        "CONDITION_DESCR_23": null,
        "YEAR_BUILT_23": null,
        "UNIT_COUNT_23": null,
        "PCT_COMPLETE_23": null,
        "ALLOCATION_PCT_23": null,
        "Entry": 42819,
        "Year": 2025,
        "Record_Date": "2025-06-10",
        "Grantor": "PETERSON, PAUL DEC",
        "Grantee": "WHOM OF INTEREST",
        "Tax_Address": "1019 N TIMPVIEW DR AMERICAN FORK, UT 84003",
        "Serial_Number": "58:052:0003",
        "Serial_Number_Available": "Yes",
        "Detail_URL": "https://www.utahcounty.gov/LandRecords/document.asp?avEntry=42819&avYear=2025",
        "Document_Type": "AF DC",
        "Shape_Length_12_13": 2574.009364469399,
        "Shape_Area_12_13": 315269.9658974481,
        "DocType": "AFDC",
        "Shape_Length": 0.00955419211898538,
        "Shape_Area": 4.244186978075202e-06
      }
    },
    {
      "type": "Feature",
      "id": 36,
      "geometry": {
        "type": "Polygon",
        "coordinates": [
          [
            [
              -112.09591525499997,
              40.32657897000007
            ],
            [
              -112.09736480099997,
              40.32661210200007
            ],
            [
              -112.09738115599998,
              40.325411848000044
            ],
            [
              -112.09744391599997,
              40.325406067000074
            ],
            [
              -112.09744467599995,
              40.32488693100004
            ],
            [
              -112.09592666499998,
              40.32488535900006
            ],
            [
              -112.09591525499997,
              40.32657897000007
            ]
          ]
        ]
      },
      "properties": {
        "OBJECTID": 36,
        "Join_Count": 1,
        "TARGET_FID": 11006848,
        "PARCEL_NO": 590370034,
        "PARCELID": "590370034",
        "PARCELID_LABEL": "59:037:0034",
        "OWNER_NAME": "PETERSON, JAY R & JUDY ANNE C",
        "CARE_NAME": null,
        "ACREAGE": 5.88,
        "SITE_FULL_ADDRESS": "CEDAR FORT, UT",
        "SITE_HOUSE_NUM": " ",
        "SITE_PRE_DIR": null,
        "SITE_STREET_NAME": null,
        "SITE_STREET_TYPE": null,
        "SITE_POST_DIR": null,
        "SITE_STREET_UNIT": null,
        "SITE_CITY": "CEDAR FORT",
        "SITE_STATE": "UT",
        "SITE_ZIP5": "84013",
        "OWN_FULL_ADDRESS": "2169 E 200 N  SAINT ANTHONY, ID 83445-5600",
        "OWN_STREET_ADDRESS": "2169 E 200 N",
        "OWN_CITY": "SAINT ANTHONY",
        "OWN_STATE": "ID",
        "OWN_ZIP5": "83445",
        "VESTING_DOC": "19712-2000",
        "PARCEL_CREATE_DATE": 410140800000,
        "MAP_FILING_NO": null,
        "SUB_NAME": null,
        "LEGAL_DESCR": "COM AT PT IN FENCE COR S 281.51 FT & E 1057.73 FT FR W 1/4 COR SEC 5, T6S, R2W, SLM; BASED ON UT ST COORDINATE SYSTEM, CEN ZONE; S 87 54'26\"E ALONG FENCE LINE 404.45 FT; S 40'38\"W 617.15 FT TO FENCE LINE; N 89 32'25\"W ALONG FENCE LINE 423.37 FT TO FENCE COR; N 26'49\"E ALONG FENCE 189.17 FT; N 83 31'10\"E ALONG FENCE 17.63 FT; N 58'49\"E ALONG FENCE 437.39 FT TO BEG.  AREA 5.878 ACRES.",
        "BOOK_PAGE": 59037,
        "LOT": null,
        "BUILDING": null,
        "UNIT": null,
        "TAX_DISTRICT": "050",
        "TAX_DISTRICT_DESCR": "CEDAR FORT CITY",
        "SCHOOL_DISTRICT": "ALPINE",
        "TAXABLE_CODE": 100,
        "ACCOUNT_TYPE": "RESIDENTIAL",
        "PROP_TYPE": 900,
        "PROP_TYPE_DESCR": "VACANT",
        "SPECIFIC_PROP_TYPE": 901,
        "SPC_PROP_TYP_DESCR": "Vac Res",
        "NEIGHBORHOOD": "103",
        "NBHD_DISTRICT": "825",
        "LAND_DISTRICT": 8037,
        "ECONOMIC_UNIT": null,
        "GLA_WEIGHTED_YRBLT": null,
        "TOTAL_ABOVE_GRADE_AREA": null,
        "TOTAL_MEZZANINE": null,
        "TOTAL_BASEMENT": null,
        "TOTAL_BSMT_FINISH": null,
        "TOTAL_UNIT_COUNT": null,
        "TOTAL_IMP_COUNT": null,
        "ASMT_YEAR": 2026,
        "ASMT_CODE": "V",
        "ASMT_CODE_DESCR": "VACANT",
        "MKT_LAND_VALUE": 194800,
        "MKT_LAND_RES": 0,
        "MKT_LAND_AGR": 194800,
        "MKT_LAND_COM": 0,
        "MKT_IMP_VALUE": 0,
        "MKT_IMP_RES": 0,
        "MKT_IMP_AGR": 0,
        "MKT_IMP_COM": 0,
        "MKT_CUR_VALUE": 194800,
        "MKT_PRV_VAL": 194800,
        "MKT_VAL_YR_CHG": 0,
        "MKT_PCT_CHG": 0,
        "TXBL_CUR_VALUE": 2018,
        "TXBL_PRV_VAL": 2018,
        "TXBL_VAL_YR_CHG": 0,
        "TXBL_PCT_CHG": 0,
        "TOT_CUR_TAXES": 0,
        "TOT_PRV_TAXES": 0,
        "TAXES_YR_CHG": 0,
        "TAXES_PCT_CHG": 0,
        "GREENBELT": "GB",
        "EXEMPT_RES": "N",
        "COMMON_AREA": null,
        "PUBLIC_ROAD": null,
        "PRIVATE_ROAD": null,
        "PART_CENTRAL_ASSD": null,
        "PART_TAXABLE": null,
        "IMP_NO_RES": null,
        "COST_GROUP_RES": null,
        "STYLE_DESCR_RES": null,
        "QUALITY_RES": null,
        "QUALITY_DESCR_RES": null,
        "CONDITION_RES": null,
        "CONDITION_DESCR_RES": null,
        "YEARBLT_RES": null,
        "GLA_RES": null,
        "BASEMENT_RES": null,
        "BSMT_FINISH_RES": null,
        "ATT_GARAGE_SQFT_RES": null,
        "BATHROOMS_RES": null,
        "GLA_BEDROOMS_RES": null,
        "EXTERIOR_RES": null,
        "ALLOCATION_PCT_RES": null,
        "TRAV_COUNT": 1,
        "LASTUPDATE": null,
        "CREATED_DATE": 1712330344000,
        "LAST_EDITED_DATE": 1712330533000,
        "GLOBALID": "{77A91BDB-255A-4983-8C48-06C7793948B9}",
        "Join_Count_12": 1,
        "TARGET_FID_12": 7160,
        "Code": null,
        "Desc_Cleaned": "Residential Agricultural",
        "Description": "Residential Agricultural Zone (4 Acres)",
        "City": null,
        "Description_detailed": null,
        "Desc": null,
        "Acres": null,
        "CityLU": "RA-4",
        "Unit_Rate": 4,
        "Parcel_Area": 23774,
        "PctDeveloped": null,
        "Slope_Score": 10,
        "GP_Score": 6,
        "Ownership_Type": "Private",
        "Ownership_Score": 10,
        "Wetlands_Score": 10,
        "Municipality_Score": 10,
        "Final_Score": 8.6,
        "OBJECTID_12": 7158,
        "Join_Count_12_13": 0,
        "TARGET_FID_12_13": 7160,
        "Area": null,
        "Shape_Length_12": null,
        "Shape_Area_12": null,
        "STATUS": " ",
        "CARTOCODE": "11",
        "FULLNAME": "STATION RD",
        "FROMADDR_L": 201,
        "TOADDR_L": 599,
        "FROMADDR_R": 200,
        "TOADDR_R": 598,
        "PARITY_L": " ",
        "PARITY_R": " ",
        "PREDIR": "E",
        "NAME": "STATION",
        "POSTTYPE": "RD",
        "POSTDIR": " ",
        "AN_NAME": " ",
        "AN_POSTDIR": " ",
        "A1_PREDIR": " ",
        "A1_NAME": " ",
        "A1_POSTTYP": " ",
        "A1_POSTDIR": " ",
        "A2_PREDIR": " ",
        "A2_NAME": " ",
        "A2_POSTTYP": " ",
        "A2_POSTDIR": " ",
        "QUADRANT_L": "SE",
        "QUADRANT_R": "SE",
        "STATE_L": "UT",
        "STATE_R": "UT",
        "COUNTY_L": "49049",
        "COUNTY_R": "49049",
        "ADDRSYS_L": "Cedar Fort",
        "ADDRSYS_R": "Cedar Fort",
        "POSTCOMM_L": "CEDAR VALLEY",
        "POSTCOMM_R": "CEDAR VALLEY",
        "ZIPCODE_L": "84013",
        "ZIPCODE_R": "84013",
        "INCMUNI_L": "CEDAR FORT",
        "INCMUNI_R": "CEDAR FORT",
        "UNINCCOM_L": " ",
        "UNINCCOM_R": " ",
        "NBRHDCOM_L": " ",
        "NBRHDCOM_R": " ",
        "ER_CAD_ZON": " ",
        "ESN_L": " ",
        "ESN_R": " ",
        "MSAGCOMM_L": " ",
        "MSAGCOMM_R": " ",
        "ONEWAY": "0",
        "VERT_LEVEL": "0",
        "SPEED_LMT": 25,
        "ACCESSCODE": " ",
        "DOT_HWYNAM": " ",
        "DOT_RTNAME": " ",
        "DOT_RTPART": " ",
        "DOT_F_MILE": 0,
        "DOT_T_MILE": 0,
        "DOT_FCLASS": " ",
        "DOT_SRFTYP": " ",
        "DOT_CLASS": "C",
        "DOT_OWN_L": "MU Cedar Fort",
        "DOT_OWN_R": "MU Cedar Fort",
        "DOT_AADT": 0,
        "DOT_AADTYR": " ",
        "DOT_THRULA": 0,
        "BIKE_L": " ",
        "BIKE_R": " ",
        "UNIQUE_ID": "12TVK06826412_STATION_RD",
        "LOCAL_UID": " ",
        "UTAHRD_UID": " ",
        "SOURCE": " ",
        "UPDATED": 1486425600000,
        "EFFECTIVE": null,
        "EXPIRE": null,
        "CUSTOMTAGS": " ",
        "Shape_STLe": 1080.30100786,
        "START_ELEV": 1512.42724609375,
        "END_ELEV": 1547.443359375,
        "STEL_FT": 4962.031806074218,
        "ENDEL_FT": 5076.914071171875,
        "ELEV_CHANGE": 114.88226509765627,
        "SLOPE": 3.2405963608961543,
        "IMP_NO_12": null,
        "USE_CODE_12": null,
        "USE_CODE_DESCR_12": null,
        "COST_CLASS_DESCR_12": null,
        "EXTERIOR_WALL_12": null,
        "ABOVE_GRADE_AREA_12": null,
        "MEZZANINE_12": null,
        "BASEMENT_12": null,
        "BSMT_FINISH_12": null,
        "BSMT_UNFINISH_12": null,
        "QUALITY_DESCR_12": null,
        "CONDITION_12": null,
        "CONDITION_DESCR_12": null,
        "YEAR_BUILT_12": null,
        "UNIT_COUNT_12": null,
        "PCT_COMPLETE_12": null,
        "ALLOCATION_PCT_12": null,
        "IMP_NO_23": null,
        "USE_CODE_23": null,
        "USE_CODE_DESCR_23": null,
        "COST_CLASS_DESCR_23": null,
        "EXTERIOR_WALL_23": null,
        "ABOVE_GRADE_AREA_23": null,
        "MEZZANINE_23": null,
        "BASEMENT_23": null,
        "BSMT_FINISH_23": null,
        "BSMT_UNFINISH_23": null,
        "QUALITY_DESCR_23": null,
        "CONDITION_23": null,
        "CONDITION_DESCR_23": null,
        "YEAR_BUILT_23": null,
        "UNIT_COUNT_23": null,
        "PCT_COMPLETE_23": null,
        "ALLOCATION_PCT_23": null,
        "Entry": 42819,
        "Year": 2025,
        "Record_Date": "2025-06-10",
        "Grantor": "PETERSON, PAUL DEC",
        "Grantee": "WHOM OF INTEREST",
        "Tax_Address": "1019 N TIMPVIEW DR AMERICAN FORK, UT 84003",
        "Serial_Number": "59:037:0043",
        "Serial_Number_Available": "Yes",
        "Detail_URL": "https://www.utahcounty.gov/LandRecords/document.asp?avEntry=42819&avYear=2025",
        "Document_Type": "AF DC",
        "Shape_Length_12_13": 2064.0336107894304,
        "Shape_Area_12_13": 218219.95816854358,
        "DocType": "AFDC",
        "Shape_Length": 0.006444113514872863,
        "Shape_Area": 2.519610335210365e-06
      }
    },
    {
      "type": "Feature",
      "id": 37,
      "geometry": {
        "type": "Polygon",
        "coordinates": [
          [
            [
              -112.07981873799997,
              40.33589884500003
            ],
            [
              -112.07984205599996,
              40.33865127400003
            ],
            [
              -112.08232853699997,
              40.33840427700005
            ],
            [
              -112.08230711499999,
              40.33588647800008
            ],
            [
              -112.07981873799997,
              40.33589884500003
            ]
          ]
        ]
      },
      "properties": {
        "OBJECTID": 37,
        "Join_Count": 1,
        "TARGET_FID": 11006856,
        "PARCEL_NO": 580520028,
        "PARCELID": "580520028",
        "PARCELID_LABEL": "58:052:0028",
        "OWNER_NAME": "COOK, CAROLYN E (ET AL)",
        "CARE_NAME": null,
        "ACREAGE": 15.296443,
        "SITE_FULL_ADDRESS": "CEDAR FORT, UT",
        "SITE_HOUSE_NUM": " ",
        "SITE_PRE_DIR": null,
        "SITE_STREET_NAME": null,
        "SITE_STREET_TYPE": null,
        "SITE_POST_DIR": null,
        "SITE_STREET_UNIT": null,
        "SITE_CITY": "CEDAR FORT",
        "SITE_STATE": "UT",
        "SITE_ZIP5": "84013",
        "OWN_FULL_ADDRESS": "PO BOX 359  CEDAR VALLEY, UT 84013-0359",
        "OWN_STREET_ADDRESS": "PO BOX 359",
        "OWN_CITY": "CEDAR VALLEY",
        "OWN_STATE": "UT",
        "OWN_ZIP5": "84013",
        "VESTING_DOC": "22494-2023",
        "PARCEL_CREATE_DATE": 1068422400000,
        "MAP_FILING_NO": null,
        "SUB_NAME": null,
        "LEGAL_DESCR": "COM N 957 FT & W 164.09 FT FR SE COR. SEC. 32, T5S, R2W, SLB&M.; N 1002.99 FT; S 82 DEG 58' 33\" W 699.15 FT; S 917.49 FT; E 693.91 FT TO BEG. AREA 15.296 AC.",
        "BOOK_PAGE": 58052,
        "LOT": null,
        "BUILDING": null,
        "UNIT": null,
        "TAX_DISTRICT": "050",
        "TAX_DISTRICT_DESCR": "CEDAR FORT CITY",
        "SCHOOL_DISTRICT": "ALPINE",
        "TAXABLE_CODE": 100,
        "ACCOUNT_TYPE": "RESIDENTIAL",
        "PROP_TYPE": 900,
        "PROP_TYPE_DESCR": "VACANT",
        "SPECIFIC_PROP_TYPE": 901,
        "SPC_PROP_TYP_DESCR": "Vac Res",
        "NEIGHBORHOOD": "103",
        "NBHD_DISTRICT": "825",
        "LAND_DISTRICT": 8002,
        "ECONOMIC_UNIT": null,
        "GLA_WEIGHTED_YRBLT": null,
        "TOTAL_ABOVE_GRADE_AREA": null,
        "TOTAL_MEZZANINE": null,
        "TOTAL_BASEMENT": null,
        "TOTAL_BSMT_FINISH": null,
        "TOTAL_UNIT_COUNT": null,
        "TOTAL_IMP_COUNT": null,
        "ASMT_YEAR": 2026,
        "ASMT_CODE": "V",
        "ASMT_CODE_DESCR": "VACANT",
        "MKT_LAND_VALUE": 112700,
        "MKT_LAND_RES": 0,
        "MKT_LAND_AGR": 112700,
        "MKT_LAND_COM": 0,
        "MKT_IMP_VALUE": 0,
        "MKT_IMP_RES": 0,
        "MKT_IMP_AGR": 0,
        "MKT_IMP_COM": 0,
        "MKT_CUR_VALUE": 112700,
        "MKT_PRV_VAL": 112700,
        "MKT_VAL_YR_CHG": 0,
        "MKT_PCT_CHG": 0,
        "TXBL_CUR_VALUE": 7619,
        "TXBL_PRV_VAL": 7619,
        "TXBL_VAL_YR_CHG": 0,
        "TXBL_PCT_CHG": 0,
        "TOT_CUR_TAXES": 0,
        "TOT_PRV_TAXES": 0,
        "TAXES_YR_CHG": 0,
        "TAXES_PCT_CHG": 0,
        "GREENBELT": "GB",
        "EXEMPT_RES": "N",
        "COMMON_AREA": null,
        "PUBLIC_ROAD": null,
        "PRIVATE_ROAD": null,
        "PART_CENTRAL_ASSD": null,
        "PART_TAXABLE": null,
        "IMP_NO_RES": null,
        "COST_GROUP_RES": null,
        "STYLE_DESCR_RES": null,
        "QUALITY_RES": null,
        "QUALITY_DESCR_RES": null,
        "CONDITION_RES": null,
        "CONDITION_DESCR_RES": null,
        "YEARBLT_RES": null,
        "GLA_RES": null,
        "BASEMENT_RES": null,
        "BSMT_FINISH_RES": null,
        "ATT_GARAGE_SQFT_RES": null,
        "BATHROOMS_RES": null,
        "GLA_BEDROOMS_RES": null,
        "EXTERIOR_RES": null,
        "ALLOCATION_PCT_RES": null,
        "TRAV_COUNT": 1,
        "LASTUPDATE": null,
        "CREATED_DATE": 1712330344000,
        "LAST_EDITED_DATE": 1712330533000,
        "GLOBALID": "{33DFD0A4-6594-4FAF-8BF0-CD9F9E48E098}",
        "Join_Count_12": 1,
        "TARGET_FID_12": 7165,
        "Code": null,
        "Desc_Cleaned": "Residential Agricultural",
        "Description": "Residential Agricultural Zone (5 Acres)",
        "City": null,
        "Description_detailed": null,
        "Desc": null,
        "Acres": null,
        "CityLU": "RA-5",
        "Unit_Rate": 5,
        "Parcel_Area": 61866,
        "PctDeveloped": null,
        "Slope_Score": 10,
        "GP_Score": 6,
        "Ownership_Type": "Private",
        "Ownership_Score": 10,
        "Wetlands_Score": 10,
        "Municipality_Score": 10,
        "Final_Score": 8.6,
        "OBJECTID_12": 7163,
        "Join_Count_12_13": 0,
        "TARGET_FID_12_13": 7165,
        "Area": null,
        "Shape_Length_12": null,
        "Shape_Area_12": null,
        "STATUS": " ",
        "CARTOCODE": "11",
        "FULLNAME": "17800 W",
        "FROMADDR_L": 101,
        "TOADDR_L": 799,
        "FROMADDR_R": 100,
        "TOADDR_R": 798,
        "PARITY_L": " ",
        "PARITY_R": " ",
        "PREDIR": "N",
        "NAME": "17800",
        "POSTTYPE": " ",
        "POSTDIR": "W",
        "AN_NAME": " ",
        "AN_POSTDIR": " ",
        "A1_PREDIR": " ",
        "A1_NAME": " ",
        "A1_POSTTYP": " ",
        "A1_POSTDIR": " ",
        "A2_PREDIR": " ",
        "A2_NAME": " ",
        "A2_POSTTYP": " ",
        "A2_POSTDIR": " ",
        "QUADRANT_L": "NE",
        "QUADRANT_R": "NE",
        "STATE_L": "UT",
        "STATE_R": "UT",
        "COUNTY_L": "49049",
        "COUNTY_R": "49049",
        "ADDRSYS_L": "Cedar Fort",
        "ADDRSYS_R": "Cedar Fort",
        "POSTCOMM_L": "CEDAR VALLEY",
        "POSTCOMM_R": "CEDAR VALLEY",
        "ZIPCODE_L": "84013",
        "ZIPCODE_R": "84013",
        "INCMUNI_L": "CEDAR FORT",
        "INCMUNI_R": "CEDAR FORT",
        "UNINCCOM_L": " ",
        "UNINCCOM_R": " ",
        "NBRHDCOM_L": " ",
        "NBRHDCOM_R": " ",
        "ER_CAD_ZON": " ",
        "ESN_L": " ",
        "ESN_R": " ",
        "MSAGCOMM_L": " ",
        "MSAGCOMM_R": " ",
        "ONEWAY": "0",
        "VERT_LEVEL": "0",
        "SPEED_LMT": 25,
        "ACCESSCODE": " ",
        "DOT_HWYNAM": " ",
        "DOT_RTNAME": " ",
        "DOT_RTPART": " ",
        "DOT_F_MILE": 0,
        "DOT_T_MILE": 0,
        "DOT_FCLASS": " ",
        "DOT_SRFTYP": " ",
        "DOT_CLASS": "C",
        "DOT_OWN_L": "MU Cedar Fort",
        "DOT_OWN_R": "MU Cedar Fort",
        "DOT_AADT": 0,
        "DOT_AADTYR": " ",
        "DOT_THRULA": 0,
        "BIKE_L": " ",
        "BIKE_R": " ",
        "UNIQUE_ID": "12TVK08076548_17800_W",
        "LOCAL_UID": " ",
        "UTAHRD_UID": " ",
        "SOURCE": " ",
        "UPDATED": 1486425600000,
        "EFFECTIVE": null,
        "EXPIRE": null,
        "CUSTOMTAGS": " ",
        "Shape_STLe": 1396.7385523,
        "START_ELEV": 1512.888427734375,
        "END_ELEV": 1542.975341796875,
        "STEL_FT": 4963.544869248047,
        "ENDEL_FT": 5062.255220380859,
        "ELEV_CHANGE": 98.71035113281232,
        "SLOPE": 2.1535863220119196,
        "IMP_NO_12": null,
        "USE_CODE_12": null,
        "USE_CODE_DESCR_12": null,
        "COST_CLASS_DESCR_12": null,
        "EXTERIOR_WALL_12": null,
        "ABOVE_GRADE_AREA_12": null,
        "MEZZANINE_12": null,
        "BASEMENT_12": null,
        "BSMT_FINISH_12": null,
        "BSMT_UNFINISH_12": null,
        "QUALITY_DESCR_12": null,
        "CONDITION_12": null,
        "CONDITION_DESCR_12": null,
        "YEAR_BUILT_12": null,
        "UNIT_COUNT_12": null,
        "PCT_COMPLETE_12": null,
        "ALLOCATION_PCT_12": null,
        "IMP_NO_23": null,
        "USE_CODE_23": null,
        "USE_CODE_DESCR_23": null,
        "COST_CLASS_DESCR_23": null,
        "EXTERIOR_WALL_23": null,
        "ABOVE_GRADE_AREA_23": null,
        "MEZZANINE_23": null,
        "BASEMENT_23": null,
        "BSMT_FINISH_23": null,
        "BSMT_UNFINISH_23": null,
        "QUALITY_DESCR_23": null,
        "CONDITION_23": null,
        "CONDITION_DESCR_23": null,
        "YEAR_BUILT_23": null,
        "UNIT_COUNT_23": null,
        "PCT_COMPLETE_23": null,
        "ALLOCATION_PCT_23": null,
        "Entry": 42818,
        "Year": 2025,
        "Record_Date": "2025-06-10",
        "Grantor": "PETERSON, PAUL DEC",
        "Grantee": "WHOM OF INTEREST",
        "Tax_Address": "1019 N TIMPVIEW DR AMERICAN FORK, UT 84003",
        "Serial_Number": "58:052:0007",
        "Serial_Number_Available": "Yes",
        "Detail_URL": "https://www.utahcounty.gov/LandRecords/document.asp?avEntry=42818&avYear=2025",
        "Document_Type": "AF DC",
        "Shape_Length_12_13": 2560.5893557178106,
        "Shape_Area_12_13": 307453.1790701162,
        "DocType": "AFDC",
        "Shape_Length": 0.010257544359934149,
        "Shape_Area": 6.5575599682418425e-06
      }
    },
    {
      "type": "Feature",
      "id": 38,
      "geometry": {
        "type": "Polygon",
        "coordinates": [
          [
            [
              -112.07625434699997,
              40.32735736300003
            ],
            [
              -112.07626349599997,
              40.328444079000064
            ],
            [
              -112.07744676599998,
              40.328438239000036
            ],
            [
              -112.07741621099996,
              40.32481585100004
            ],
            [
              -112.07623300299997,
              40.32482169100007
            ],
            [
              -112.07625434699997,
              40.32735736300003
            ]
          ]
        ]
      },
      "properties": {
        "OBJECTID": 38,
        "Join_Count": 1,
        "TARGET_FID": 11006991,
        "PARCEL_NO": 590360048,
        "PARCELID": "590360048",
        "PARCELID_LABEL": "59:036:0048",
        "OWNER_NAME": "PETERSON, PAUL & MARGERY J",
        "CARE_NAME": "%PETERSON, JONATHAN",
        "ACREAGE": 10,
        "SITE_FULL_ADDRESS": "CEDAR FORT, UT",
        "SITE_HOUSE_NUM": " ",
        "SITE_PRE_DIR": null,
        "SITE_STREET_NAME": null,
        "SITE_STREET_TYPE": null,
        "SITE_POST_DIR": null,
        "SITE_STREET_UNIT": null,
        "SITE_CITY": "CEDAR FORT",
        "SITE_STATE": "UT",
        "SITE_ZIP5": "84013",
        "OWN_FULL_ADDRESS": "%PETERSON, JONATHAN  552 W 11200 S  WOODLAND HILLS, UT 84653",
        "OWN_STREET_ADDRESS": "552 W 11200 S",
        "OWN_CITY": "WOODLAND HILLS",
        "OWN_STATE": "UT",
        "OWN_ZIP5": "84653",
        "VESTING_DOC": "31715-1989",
        "PARCEL_CREATE_DATE": 1423785600000,
        "MAP_FILING_NO": null,
        "SUB_NAME": null,
        "LEGAL_DESCR": "COM AT NE COR. LOT 13, IN SW 1/4 OF SEC. 4, T6S, R2W, SLB&M.; N 6 CH; W 5 CH; S 20 CH; E 5 CH; N 14 CH TO BEG. AREA 10.000 AC.",
        "BOOK_PAGE": 59036,
        "LOT": null,
        "BUILDING": null,
        "UNIT": null,
        "TAX_DISTRICT": "050",
        "TAX_DISTRICT_DESCR": "CEDAR FORT CITY",
        "SCHOOL_DISTRICT": "ALPINE",
        "TAXABLE_CODE": 100,
        "ACCOUNT_TYPE": "RESIDENTIAL",
        "PROP_TYPE": 900,
        "PROP_TYPE_DESCR": "VACANT",
        "SPECIFIC_PROP_TYPE": 901,
        "SPC_PROP_TYP_DESCR": "Vac Res",
        "NEIGHBORHOOD": "103",
        "NBHD_DISTRICT": "825",
        "LAND_DISTRICT": 8002,
        "ECONOMIC_UNIT": null,
        "GLA_WEIGHTED_YRBLT": null,
        "TOTAL_ABOVE_GRADE_AREA": null,
        "TOTAL_MEZZANINE": null,
        "TOTAL_BASEMENT": null,
        "TOTAL_BSMT_FINISH": null,
        "TOTAL_UNIT_COUNT": null,
        "TOTAL_IMP_COUNT": null,
        "ASMT_YEAR": 2026,
        "ASMT_CODE": "V",
        "ASMT_CODE_DESCR": "VACANT",
        "MKT_LAND_VALUE": 74600,
        "MKT_LAND_RES": 0,
        "MKT_LAND_AGR": 74600,
        "MKT_LAND_COM": 0,
        "MKT_IMP_VALUE": 0,
        "MKT_IMP_RES": 0,
        "MKT_IMP_AGR": 0,
        "MKT_IMP_COM": 0,
        "MKT_CUR_VALUE": 74600,
        "MKT_PRV_VAL": 74600,
        "MKT_VAL_YR_CHG": 0,
        "MKT_PCT_CHG": 0,
        "TXBL_CUR_VALUE": 4980,
        "TXBL_PRV_VAL": 4980,
        "TXBL_VAL_YR_CHG": 0,
        "TXBL_PCT_CHG": 0,
        "TOT_CUR_TAXES": 0,
        "TOT_PRV_TAXES": 0,
        "TAXES_YR_CHG": 0,
        "TAXES_PCT_CHG": 0,
        "GREENBELT": "GB",
        "EXEMPT_RES": "N",
        "COMMON_AREA": null,
        "PUBLIC_ROAD": null,
        "PRIVATE_ROAD": null,
        "PART_CENTRAL_ASSD": null,
        "PART_TAXABLE": null,
        "IMP_NO_RES": null,
        "COST_GROUP_RES": null,
        "STYLE_DESCR_RES": null,
        "QUALITY_RES": null,
        "QUALITY_DESCR_RES": null,
        "CONDITION_RES": null,
        "CONDITION_DESCR_RES": null,
        "YEARBLT_RES": null,
        "GLA_RES": null,
        "BASEMENT_RES": null,
        "BSMT_FINISH_RES": null,
        "ATT_GARAGE_SQFT_RES": null,
        "BATHROOMS_RES": null,
        "GLA_BEDROOMS_RES": null,
        "EXTERIOR_RES": null,
        "ALLOCATION_PCT_RES": null,
        "TRAV_COUNT": 1,
        "LASTUPDATE": null,
        "CREATED_DATE": 1712330344000,
        "LAST_EDITED_DATE": 1712330533000,
        "GLOBALID": "{639B13F0-ED47-4C8A-8B3A-B442BCDAFA94}",
        "Join_Count_12": 1,
        "TARGET_FID_12": 7233,
        "Code": null,
        "Desc_Cleaned": "Residential Agricultural",
        "Description": "Residential Agricultural Zone (5 Acres)",
        "City": null,
        "Description_detailed": null,
        "Desc": null,
        "Acres": null,
        "CityLU": "RA-5",
        "Unit_Rate": 5,
        "Parcel_Area": 40444,
        "PctDeveloped": null,
        "Slope_Score": 10,
        "GP_Score": 6,
        "Ownership_Type": "Private",
        "Ownership_Score": 10,
        "Wetlands_Score": 0,
        "Municipality_Score": 10,
        "Final_Score": 7.6,
        "OBJECTID_12": 7231,
        "Join_Count_12_13": 0,
        "TARGET_FID_12_13": 7233,
        "Area": null,
        "Shape_Length_12": null,
        "Shape_Area_12": null,
        "STATUS": " ",
        "CARTOCODE": "11",
        "FULLNAME": "100 N",
        "FROMADDR_L": 17201,
        "TOADDR_L": 17599,
        "FROMADDR_R": 17200,
        "TOADDR_R": 17598,
        "PARITY_L": " ",
        "PARITY_R": " ",
        "PREDIR": "W",
        "NAME": "100",
        "POSTTYPE": " ",
        "POSTDIR": "N",
        "AN_NAME": " ",
        "AN_POSTDIR": " ",
        "A1_PREDIR": " ",
        "A1_NAME": " ",
        "A1_POSTTYP": " ",
        "A1_POSTDIR": " ",
        "A2_PREDIR": " ",
        "A2_NAME": " ",
        "A2_POSTTYP": " ",
        "A2_POSTDIR": " ",
        "QUADRANT_L": "NE",
        "QUADRANT_R": "NE",
        "STATE_L": "UT",
        "STATE_R": "UT",
        "COUNTY_L": "49049",
        "COUNTY_R": "49049",
        "ADDRSYS_L": "Cedar Fort",
        "ADDRSYS_R": "Cedar Fort",
        "POSTCOMM_L": "CEDAR VALLEY",
        "POSTCOMM_R": "CEDAR VALLEY",
        "ZIPCODE_L": "84013",
        "ZIPCODE_R": "84013",
        "INCMUNI_L": "CEDAR FORT",
        "INCMUNI_R": "CEDAR FORT",
        "UNINCCOM_L": " ",
        "UNINCCOM_R": " ",
        "NBRHDCOM_L": " ",
        "NBRHDCOM_R": " ",
        "ER_CAD_ZON": " ",
        "ESN_L": " ",
        "ESN_R": " ",
        "MSAGCOMM_L": " ",
        "MSAGCOMM_R": " ",
        "ONEWAY": "0",
        "VERT_LEVEL": "0",
        "SPEED_LMT": 25,
        "ACCESSCODE": " ",
        "DOT_HWYNAM": " ",
        "DOT_RTNAME": " ",
        "DOT_RTPART": " ",
        "DOT_F_MILE": 0,
        "DOT_T_MILE": 0,
        "DOT_FCLASS": " ",
        "DOT_SRFTYP": " ",
        "DOT_CLASS": "C",
        "DOT_OWN_L": "MU Cedar Fort",
        "DOT_OWN_R": "MU Cedar Fort",
        "DOT_AADT": 0,
        "DOT_AADTYR": " ",
        "DOT_THRULA": 0,
        "BIKE_L": " ",
        "BIKE_R": " ",
        "UNIQUE_ID": "12TVK08476478_100_N",
        "LOCAL_UID": " ",
        "UTAHRD_UID": " ",
        "SOURCE": " ",
        "UPDATED": 1486425600000,
        "EFFECTIVE": null,
        "EXPIRE": null,
        "CUSTOMTAGS": " ",
        "Shape_STLe": 808.016678499,
        "START_ELEV": 1506.59033203125,
        "END_ELEV": 1512.888427734375,
        "STEL_FT": 4942.881824941406,
        "ENDEL_FT": 4963.544869248047,
        "ELEV_CHANGE": 20.663044306640586,
        "SLOPE": 0.7792713719753975,
        "IMP_NO_12": null,
        "USE_CODE_12": null,
        "USE_CODE_DESCR_12": null,
        "COST_CLASS_DESCR_12": null,
        "EXTERIOR_WALL_12": null,
        "ABOVE_GRADE_AREA_12": null,
        "MEZZANINE_12": null,
        "BASEMENT_12": null,
        "BSMT_FINISH_12": null,
        "BSMT_UNFINISH_12": null,
        "QUALITY_DESCR_12": null,
        "CONDITION_12": null,
        "CONDITION_DESCR_12": null,
        "YEAR_BUILT_12": null,
        "UNIT_COUNT_12": null,
        "PCT_COMPLETE_12": null,
        "ALLOCATION_PCT_12": null,
        "IMP_NO_23": null,
        "USE_CODE_23": null,
        "USE_CODE_DESCR_23": null,
        "COST_CLASS_DESCR_23": null,
        "EXTERIOR_WALL_23": null,
        "ABOVE_GRADE_AREA_23": null,
        "MEZZANINE_23": null,
        "BASEMENT_23": null,
        "BSMT_FINISH_23": null,
        "BSMT_UNFINISH_23": null,
        "QUALITY_DESCR_23": null,
        "CONDITION_23": null,
        "CONDITION_DESCR_23": null,
        "YEAR_BUILT_23": null,
        "UNIT_COUNT_23": null,
        "PCT_COMPLETE_23": null,
        "ALLOCATION_PCT_23": null,
        "Entry": 42820,
        "Year": 2025,
        "Record_Date": "2025-06-10",
        "Grantor": "PETERSON, PAUL DEC",
        "Grantee": "WHOM OF INTEREST",
        "Tax_Address": "405 S MAIN ST STE 800 SALT LAKE CITY, UT 84111",
        "Serial_Number": "59:036:0048",
        "Serial_Number_Available": "Yes",
        "Detail_URL": "https://www.utahcounty.gov/LandRecords/document.asp?avEntry=42820&avYear=2025",
        "Document_Type": "AF DC",
        "Shape_Length_12_13": 3299.006525337696,
        "Shape_Area_12_13": 435337.6972287644,
        "DocType": "AFDC",
        "Shape_Length": 0.009611540029492868,
        "Shape_Area": 4.2863310132878215e-06
      }
    },
    {
      "type": "Feature",
      "id": 39,
      "geometry": {
        "type": "Polygon",
        "coordinates": [
          [
            [
              -112.10223934499999,
              40.32176586600008
            ],
            [
              -112.10222195799997,
              40.32176050600003
            ],
            [
              -112.09676609899998,
              40.32178849500008
            ],
            [
              -112.09675125499996,
              40.322412332000056
            ],
            [
              -112.09999091099996,
              40.32383548800004
            ],
            [
              -112.10221196599997,
              40.32384093400003
            ],
            [
              -112.10223934499999,
              40.32176586600008
            ]
          ]
        ]
      },
      "properties": {
        "OBJECTID": 39,
        "Join_Count": 1,
        "TARGET_FID": 11006995,
        "PARCEL_NO": 590370001,
        "PARCELID": "590370001",
        "PARCELID_LABEL": "59:037:0001",
        "OWNER_NAME": "PETERSON, PAUL & MARGERY J",
        "CARE_NAME": "%PETERSON, JONATHAN",
        "ACREAGE": 20.77,
        "SITE_FULL_ADDRESS": "CEDAR FORT, UT",
        "SITE_HOUSE_NUM": " ",
        "SITE_PRE_DIR": null,
        "SITE_STREET_NAME": null,
        "SITE_STREET_TYPE": null,
        "SITE_POST_DIR": null,
        "SITE_STREET_UNIT": null,
        "SITE_CITY": "CEDAR FORT",
        "SITE_STATE": "UT",
        "SITE_ZIP5": "84013",
        "OWN_FULL_ADDRESS": "%PETERSON, JONATHAN  552 W 11200 S  WOODLAND HILLS, UT 84653",
        "OWN_STREET_ADDRESS": "552 W 11200 S",
        "OWN_CITY": "WOODLAND HILLS",
        "OWN_STATE": "UT",
        "OWN_ZIP5": "84653",
        "VESTING_DOC": "65878-2001",
        "PARCEL_CREATE_DATE": 410140800000,
        "MAP_FILING_NO": null,
        "SUB_NAME": null,
        "LEGAL_DESCR": "COM W 293.48 FT & N 601.27 FT FR SW COR SEC 5, T6S, R2W, SLM; N 57'52\"E 756.18 FT; S 89-25'53\"E 619.46 FT; S 59-45'48\"E 1041.80 FT; S 1-25'32\"W 222.36 FT; W 1521.73 FT TO BEG.  AREA 20.77 ACRES.",
        "BOOK_PAGE": 59037,
        "LOT": null,
        "BUILDING": null,
        "UNIT": null,
        "TAX_DISTRICT": "050",
        "TAX_DISTRICT_DESCR": "CEDAR FORT CITY",
        "SCHOOL_DISTRICT": "ALPINE",
        "TAXABLE_CODE": 100,
        "ACCOUNT_TYPE": "RESIDENTIAL",
        "PROP_TYPE": 900,
        "PROP_TYPE_DESCR": "VACANT",
        "SPECIFIC_PROP_TYPE": 901,
        "SPC_PROP_TYP_DESCR": "Vac Res",
        "NEIGHBORHOOD": "103",
        "NBHD_DISTRICT": "825",
        "LAND_DISTRICT": 8037,
        "ECONOMIC_UNIT": null,
        "GLA_WEIGHTED_YRBLT": null,
        "TOTAL_ABOVE_GRADE_AREA": null,
        "TOTAL_MEZZANINE": null,
        "TOTAL_BASEMENT": null,
        "TOTAL_BSMT_FINISH": null,
        "TOTAL_UNIT_COUNT": null,
        "TOTAL_IMP_COUNT": null,
        "ASMT_YEAR": 2026,
        "ASMT_CODE": "V",
        "ASMT_CODE_DESCR": "VACANT",
        "MKT_LAND_VALUE": 687000,
        "MKT_LAND_RES": 0,
        "MKT_LAND_AGR": 687000,
        "MKT_LAND_COM": 0,
        "MKT_IMP_VALUE": 0,
        "MKT_IMP_RES": 0,
        "MKT_IMP_AGR": 0,
        "MKT_IMP_COM": 0,
        "MKT_CUR_VALUE": 687000,
        "MKT_PRV_VAL": 687000,
        "MKT_VAL_YR_CHG": 0,
        "MKT_PCT_CHG": 0,
        "TXBL_CUR_VALUE": 291,
        "TXBL_PRV_VAL": 291,
        "TXBL_VAL_YR_CHG": 0,
        "TXBL_PCT_CHG": 0,
        "TOT_CUR_TAXES": 0,
        "TOT_PRV_TAXES": 0,
        "TAXES_YR_CHG": 0,
        "TAXES_PCT_CHG": 0,
        "GREENBELT": "GB",
        "EXEMPT_RES": "N",
        "COMMON_AREA": null,
        "PUBLIC_ROAD": null,
        "PRIVATE_ROAD": null,
        "PART_CENTRAL_ASSD": null,
        "PART_TAXABLE": null,
        "IMP_NO_RES": null,
        "COST_GROUP_RES": null,
        "STYLE_DESCR_RES": null,
        "QUALITY_RES": null,
        "QUALITY_DESCR_RES": null,
        "CONDITION_RES": null,
        "CONDITION_DESCR_RES": null,
        "YEARBLT_RES": null,
        "GLA_RES": null,
        "BASEMENT_RES": null,
        "BSMT_FINISH_RES": null,
        "ATT_GARAGE_SQFT_RES": null,
        "BATHROOMS_RES": null,
        "GLA_BEDROOMS_RES": null,
        "EXTERIOR_RES": null,
        "ALLOCATION_PCT_RES": null,
        "TRAV_COUNT": 1,
        "LASTUPDATE": null,
        "CREATED_DATE": 1712330344000,
        "LAST_EDITED_DATE": 1712330533000,
        "GLOBALID": "{D612E179-D84A-4943-8C59-B2A454078A79}",
        "Join_Count_12": 1,
        "TARGET_FID_12": 7235,
        "Code": null,
        "Desc_Cleaned": "Residential Agricultural",
        "Description": "Residential Agricultural Zone (5 Acres)",
        "City": null,
        "Description_detailed": null,
        "Desc": null,
        "Acres": null,
        "CityLU": "RA-5",
        "Unit_Rate": 5,
        "Parcel_Area": 84725,
        "PctDeveloped": null,
        "Slope_Score": 10,
        "GP_Score": 6,
        "Ownership_Type": "Private",
        "Ownership_Score": 10,
        "Wetlands_Score": 0,
        "Municipality_Score": 10,
        "Final_Score": 7.6,
        "OBJECTID_12": 7233,
        "Join_Count_12_13": 0,
        "TARGET_FID_12_13": 7235,
        "Area": null,
        "Shape_Length_12": null,
        "Shape_Area_12": null,
        "STATUS": " ",
        "CARTOCODE": "11",
        "FULLNAME": "STATION RD",
        "FROMADDR_L": 201,
        "TOADDR_L": 599,
        "FROMADDR_R": 200,
        "TOADDR_R": 598,
        "PARITY_L": " ",
        "PARITY_R": " ",
        "PREDIR": "E",
        "NAME": "STATION",
        "POSTTYPE": "RD",
        "POSTDIR": " ",
        "AN_NAME": " ",
        "AN_POSTDIR": " ",
        "A1_PREDIR": " ",
        "A1_NAME": " ",
        "A1_POSTTYP": " ",
        "A1_POSTDIR": " ",
        "A2_PREDIR": " ",
        "A2_NAME": " ",
        "A2_POSTTYP": " ",
        "A2_POSTDIR": " ",
        "QUADRANT_L": "SE",
        "QUADRANT_R": "SE",
        "STATE_L": "UT",
        "STATE_R": "UT",
        "COUNTY_L": "49049",
        "COUNTY_R": "49049",
        "ADDRSYS_L": "Cedar Fort",
        "ADDRSYS_R": "Cedar Fort",
        "POSTCOMM_L": "CEDAR VALLEY",
        "POSTCOMM_R": "CEDAR VALLEY",
        "ZIPCODE_L": "84013",
        "ZIPCODE_R": "84013",
        "INCMUNI_L": "CEDAR FORT",
        "INCMUNI_R": "CEDAR FORT",
        "UNINCCOM_L": " ",
        "UNINCCOM_R": " ",
        "NBRHDCOM_L": " ",
        "NBRHDCOM_R": " ",
        "ER_CAD_ZON": " ",
        "ESN_L": " ",
        "ESN_R": " ",
        "MSAGCOMM_L": " ",
        "MSAGCOMM_R": " ",
        "ONEWAY": "0",
        "VERT_LEVEL": "0",
        "SPEED_LMT": 25,
        "ACCESSCODE": " ",
        "DOT_HWYNAM": " ",
        "DOT_RTNAME": " ",
        "DOT_RTPART": " ",
        "DOT_F_MILE": 0,
        "DOT_T_MILE": 0,
        "DOT_FCLASS": " ",
        "DOT_SRFTYP": " ",
        "DOT_CLASS": "C",
        "DOT_OWN_L": "MU Cedar Fort",
        "DOT_OWN_R": "MU Cedar Fort",
        "DOT_AADT": 0,
        "DOT_AADTYR": " ",
        "DOT_THRULA": 0,
        "BIKE_L": " ",
        "BIKE_R": " ",
        "UNIQUE_ID": "12TVK06826412_STATION_RD",
        "LOCAL_UID": " ",
        "UTAHRD_UID": " ",
        "SOURCE": " ",
        "UPDATED": 1486425600000,
        "EFFECTIVE": null,
        "EXPIRE": null,
        "CUSTOMTAGS": " ",
        "Shape_STLe": 1080.30100786,
        "START_ELEV": 1512.42724609375,
        "END_ELEV": 1547.443359375,
        "STEL_FT": 4962.031806074218,
        "ENDEL_FT": 5076.914071171875,
        "ELEV_CHANGE": 114.88226509765627,
        "SLOPE": 3.2405963608961543,
        "IMP_NO_12": null,
        "USE_CODE_12": null,
        "USE_CODE_DESCR_12": null,
        "COST_CLASS_DESCR_12": null,
        "EXTERIOR_WALL_12": null,
        "ABOVE_GRADE_AREA_12": null,
        "MEZZANINE_12": null,
        "BASEMENT_12": null,
        "BSMT_FINISH_12": null,
        "BSMT_UNFINISH_12": null,
        "QUALITY_DESCR_12": null,
        "CONDITION_12": null,
        "CONDITION_DESCR_12": null,
        "YEAR_BUILT_12": null,
        "UNIT_COUNT_12": null,
        "PCT_COMPLETE_12": null,
        "ALLOCATION_PCT_12": null,
        "IMP_NO_23": null,
        "USE_CODE_23": null,
        "USE_CODE_DESCR_23": null,
        "COST_CLASS_DESCR_23": null,
        "EXTERIOR_WALL_23": null,
        "ABOVE_GRADE_AREA_23": null,
        "MEZZANINE_23": null,
        "BASEMENT_23": null,
        "BSMT_FINISH_23": null,
        "BSMT_UNFINISH_23": null,
        "QUALITY_DESCR_23": null,
        "CONDITION_23": null,
        "CONDITION_DESCR_23": null,
        "YEAR_BUILT_23": null,
        "UNIT_COUNT_23": null,
        "PCT_COMPLETE_23": null,
        "ALLOCATION_PCT_23": null,
        "Entry": 42822,
        "Year": 2025,
        "Record_Date": "2025-06-10",
        "Grantor": "PETERSON, PAUL",
        "Grantee": "WHOM OF INTEREST",
        "Tax_Address": "405 S MAIN ST STE 800 SALT LAKE CITY, UT 84111",
        "Serial_Number": "59:037:0001",
        "Serial_Number_Available": "Yes",
        "Detail_URL": "https://www.utahcounty.gov/LandRecords/document.asp?avEntry=42822&avYear=2025",
        "Document_Type": "AF DC",
        "Shape_Length_12_13": 4170.486730628321,
        "Shape_Area_12_13": 911965.8951843112,
        "DocType": "AFDC",
        "Shape_Length": 0.013932915429935189,
        "Shape_Area": 8.978766219732278e-06
      }
    },
    {
      "type": "Feature",
      "id": 40,
      "geometry": {
        "type": "Polygon",
        "coordinates": [
          [
            [
              -112.08236725899997,
              40.321112267000046
            ],
            [
              -112.08235753699995,
              40.32485285800004
            ],
            [
              -112.08356410799996,
              40.32485289200008
            ],
            [
              -112.08360987199995,
              40.32111386100007
            ],
            [
              -112.08236725899997,
              40.321112267000046
            ]
          ]
        ]
      },
      "properties": {
        "OBJECTID": 40,
        "Join_Count": 1,
        "TARGET_FID": 11006996,
        "PARCEL_NO": 590370003,
        "PARCELID": "590370003",
        "PARCELID_LABEL": "59:037:0003",
        "OWNER_NAME": "LCTR BERRY LLC",
        "CARE_NAME": "%COLLEDGE, LESLIE",
        "ACREAGE": 10.685248,
        "SITE_FULL_ADDRESS": "CEDAR FORT, UT",
        "SITE_HOUSE_NUM": " ",
        "SITE_PRE_DIR": null,
        "SITE_STREET_NAME": null,
        "SITE_STREET_TYPE": null,
        "SITE_POST_DIR": null,
        "SITE_STREET_UNIT": null,
        "SITE_CITY": "CEDAR FORT",
        "SITE_STATE": "UT",
        "SITE_ZIP5": "84013",
        "OWN_FULL_ADDRESS": "%COLLEDGE, LESLIE  695 W 1200 N  LEHI, UT 84043-2308",
        "OWN_STREET_ADDRESS": "695 W 1200 N",
        "OWN_CITY": "LEHI",
        "OWN_STATE": "UT",
        "OWN_ZIP5": "84043",
        "VESTING_DOC": "8669-2024",
        "PARCEL_CREATE_DATE": 410140800000,
        "MAP_FILING_NO": null,
        "SUB_NAME": null,
        "LEGAL_DESCR": "COM N 335.85 FT & W 52.5 FT FR SE COR. SEC. 5, T6S, R2W, SLB&M.; N 89 DEG 31' 50\" W 346.58 FT; N 0 DEG 54' 38\" E 1362.54 FT; S 89 DEG 37' 28\" E 336.51 FT; S 0 DEG 29' 13\" W 1363.06 FT TO BEG. AREA 10.685 AC.",
        "BOOK_PAGE": 59037,
        "LOT": null,
        "BUILDING": null,
        "UNIT": null,
        "TAX_DISTRICT": "050",
        "TAX_DISTRICT_DESCR": "CEDAR FORT CITY",
        "SCHOOL_DISTRICT": "ALPINE",
        "TAXABLE_CODE": 100,
        "ACCOUNT_TYPE": "RESIDENTIAL",
        "PROP_TYPE": 900,
        "PROP_TYPE_DESCR": "VACANT",
        "SPECIFIC_PROP_TYPE": 901,
        "SPC_PROP_TYP_DESCR": "Vac Res",
        "NEIGHBORHOOD": "103",
        "NBHD_DISTRICT": "825",
        "LAND_DISTRICT": 8002,
        "ECONOMIC_UNIT": null,
        "GLA_WEIGHTED_YRBLT": null,
        "TOTAL_ABOVE_GRADE_AREA": null,
        "TOTAL_MEZZANINE": null,
        "TOTAL_BASEMENT": null,
        "TOTAL_BSMT_FINISH": null,
        "TOTAL_UNIT_COUNT": null,
        "TOTAL_IMP_COUNT": null,
        "ASMT_YEAR": 2026,
        "ASMT_CODE": "V",
        "ASMT_CODE_DESCR": "VACANT",
        "MKT_LAND_VALUE": 117900,
        "MKT_LAND_RES": 0,
        "MKT_LAND_AGR": 117900,
        "MKT_LAND_COM": 0,
        "MKT_IMP_VALUE": 0,
        "MKT_IMP_RES": 0,
        "MKT_IMP_AGR": 0,
        "MKT_IMP_COM": 0,
        "MKT_CUR_VALUE": 117900,
        "MKT_PRV_VAL": 117900,
        "MKT_VAL_YR_CHG": 0,
        "MKT_PCT_CHG": 0,
        "TXBL_CUR_VALUE": 5324,
        "TXBL_PRV_VAL": 5324,
        "TXBL_VAL_YR_CHG": 0,
        "TXBL_PCT_CHG": 0,
        "TOT_CUR_TAXES": 0,
        "TOT_PRV_TAXES": 0,
        "TAXES_YR_CHG": 0,
        "TAXES_PCT_CHG": 0,
        "GREENBELT": "GB",
        "EXEMPT_RES": "N",
        "COMMON_AREA": null,
        "PUBLIC_ROAD": null,
        "PRIVATE_ROAD": null,
        "PART_CENTRAL_ASSD": null,
        "PART_TAXABLE": null,
        "IMP_NO_RES": null,
        "COST_GROUP_RES": null,
        "STYLE_DESCR_RES": null,
        "QUALITY_RES": null,
        "QUALITY_DESCR_RES": null,
        "CONDITION_RES": null,
        "CONDITION_DESCR_RES": null,
        "YEARBLT_RES": null,
        "GLA_RES": null,
        "BASEMENT_RES": null,
        "BSMT_FINISH_RES": null,
        "ATT_GARAGE_SQFT_RES": null,
        "BATHROOMS_RES": null,
        "GLA_BEDROOMS_RES": null,
        "EXTERIOR_RES": null,
        "ALLOCATION_PCT_RES": null,
        "TRAV_COUNT": 1,
        "LASTUPDATE": null,
        "CREATED_DATE": 1712330344000,
        "LAST_EDITED_DATE": 1712330533000,
        "GLOBALID": "{59AC0A24-3B22-42A1-AAAC-A30B996A67B9}",
        "Join_Count_12": 1,
        "TARGET_FID_12": 7236,
        "Code": null,
        "Desc_Cleaned": "Residential Agricultural",
        "Description": "Residential Agricultural Zone (5 Acres)",
        "City": null,
        "Description_detailed": null,
        "Desc": null,
        "Acres": null,
        "CityLU": "RA-5",
        "Unit_Rate": 5,
        "Parcel_Area": 43215,
        "PctDeveloped": null,
        "Slope_Score": 10,
        "GP_Score": 6,
        "Ownership_Type": "Business",
        "Ownership_Score": 5,
        "Wetlands_Score": 10,
        "Municipality_Score": 10,
        "Final_Score": 7.1,
        "OBJECTID_12": 7234,
        "Join_Count_12_13": 0,
        "TARGET_FID_12_13": 7236,
        "Area": null,
        "Shape_Length_12": null,
        "Shape_Area_12": null,
        "STATUS": " ",
        "CARTOCODE": "11",
        "FULLNAME": "17800 W",
        "FROMADDR_L": 5061,
        "TOADDR_L": 5199,
        "FROMADDR_R": 5060,
        "TOADDR_R": 5198,
        "PARITY_L": " ",
        "PARITY_R": " ",
        "PREDIR": "N",
        "NAME": "17800",
        "POSTTYPE": " ",
        "POSTDIR": "W",
        "AN_NAME": " ",
        "AN_POSTDIR": " ",
        "A1_PREDIR": " ",
        "A1_NAME": " ",
        "A1_POSTTYP": " ",
        "A1_POSTDIR": " ",
        "A2_PREDIR": " ",
        "A2_NAME": " ",
        "A2_POSTTYP": " ",
        "A2_POSTDIR": " ",
        "QUADRANT_L": "SE",
        "QUADRANT_R": "SE",
        "STATE_L": "UT",
        "STATE_R": "UT",
        "COUNTY_L": "49049",
        "COUNTY_R": "49049",
        "ADDRSYS_L": "Cedar Fort",
        "ADDRSYS_R": "Cedar Fort",
        "POSTCOMM_L": "CEDAR VALLEY",
        "POSTCOMM_R": "CEDAR VALLEY",
        "ZIPCODE_L": "84013",
        "ZIPCODE_R": "84013",
        "INCMUNI_L": "CEDAR FORT",
        "INCMUNI_R": "CEDAR FORT",
        "UNINCCOM_L": " ",
        "UNINCCOM_R": " ",
        "NBRHDCOM_L": " ",
        "NBRHDCOM_R": " ",
        "ER_CAD_ZON": " ",
        "ESN_L": " ",
        "ESN_R": " ",
        "MSAGCOMM_L": " ",
        "MSAGCOMM_R": " ",
        "ONEWAY": "0",
        "VERT_LEVEL": "0",
        "SPEED_LMT": 25,
        "ACCESSCODE": " ",
        "DOT_HWYNAM": " ",
        "DOT_RTNAME": " ",
        "DOT_RTPART": " ",
        "DOT_F_MILE": 0,
        "DOT_T_MILE": 0,
        "DOT_FCLASS": " ",
        "DOT_SRFTYP": " ",
        "DOT_CLASS": "C",
        "DOT_OWN_L": "MU Cedar Fort",
        "DOT_OWN_R": "MU Cedar Fort",
        "DOT_AADT": 0,
        "DOT_AADTYR": " ",
        "DOT_THRULA": 0,
        "BIKE_L": " ",
        "BIKE_R": " ",
        "UNIQUE_ID": "12TVK08066432_17800_W",
        "LOCAL_UID": " ",
        "UTAHRD_UID": " ",
        "SOURCE": " ",
        "UPDATED": 1486425600000,
        "EFFECTIVE": null,
        "EXPIRE": null,
        "CUSTOMTAGS": " ",
        "Shape_STLe": 930.116535579,
        "START_ELEV": 1502.1243896484375,
        "END_ELEV": 1512.888427734375,
        "STEL_FT": 4928.229782534179,
        "ENDEL_FT": 4963.544869248047,
        "ELEV_CHANGE": 35.31508671386746,
        "SLOPE": 1.157013160697493,
        "IMP_NO_12": null,
        "USE_CODE_12": null,
        "USE_CODE_DESCR_12": null,
        "COST_CLASS_DESCR_12": null,
        "EXTERIOR_WALL_12": null,
        "ABOVE_GRADE_AREA_12": null,
        "MEZZANINE_12": null,
        "BASEMENT_12": null,
        "BSMT_FINISH_12": null,
        "BSMT_UNFINISH_12": null,
        "QUALITY_DESCR_12": null,
        "CONDITION_12": null,
        "CONDITION_DESCR_12": null,
        "YEAR_BUILT_12": null,
        "UNIT_COUNT_12": null,
        "PCT_COMPLETE_12": null,
        "ALLOCATION_PCT_12": null,
        "IMP_NO_23": null,
        "USE_CODE_23": null,
        "USE_CODE_DESCR_23": null,
        "COST_CLASS_DESCR_23": null,
        "EXTERIOR_WALL_23": null,
        "ABOVE_GRADE_AREA_23": null,
        "MEZZANINE_23": null,
        "BASEMENT_23": null,
        "BSMT_FINISH_23": null,
        "BSMT_UNFINISH_23": null,
        "QUALITY_DESCR_23": null,
        "CONDITION_23": null,
        "CONDITION_DESCR_23": null,
        "YEAR_BUILT_23": null,
        "UNIT_COUNT_23": null,
        "PCT_COMPLETE_23": null,
        "ALLOCATION_PCT_23": null,
        "Entry": 42819,
        "Year": 2025,
        "Record_Date": "2025-06-10",
        "Grantor": "PETERSON, PAUL DEC",
        "Grantee": "WHOM OF INTEREST",
        "Tax_Address": "1019 N TIMPVIEW DR AMERICAN FORK, UT 84003",
        "Serial_Number": "59:040:0030",
        "Serial_Number_Available": "Yes",
        "Detail_URL": "https://www.utahcounty.gov/LandRecords/document.asp?avEntry=42819&avYear=2025",
        "Document_Type": "AF DC",
        "Shape_Length_12_13": 4412.784577229549,
        "Shape_Area_12_13": 1180850.5484965325,
        "DocType": "AFDC",
        "Shape_Length": 0.009929099711389437,
        "Shape_Area": 4.5797652149173875e-06
      }
    },
    {
      "type": "Feature",
      "id": 41,
      "geometry": {
        "type": "Polygon",
        "coordinates": [
          [
            [
              -112.09076228499998,
              40.32020147800006
            ],
            [
              -112.09053041199996,
              40.32016409400006
            ],
            [
              -112.08703539099997,
              40.320175816000074
            ],
            [
              -112.08698877999996,
              40.321132275000025
            ],
            [
              -112.08721235799999,
              40.32113768800008
            ],
            [
              -112.08721068199998,
              40.321237050000036
            ],
            [
              -112.09075114599995,
              40.32122517000005
            ],
            [
              -112.09076228499998,
              40.32020147800006
            ]
          ]
        ]
      },
      "properties": {
        "OBJECTID": 41,
        "Join_Count": 1,
        "TARGET_FID": 11006997,
        "PARCEL_NO": 590370008,
        "PARCELID": "590370008",
        "PARCELID_LABEL": "59:037:0008",
        "OWNER_NAME": "LOLAS FAMILY LLC",
        "CARE_NAME": null,
        "ACREAGE": 9.22,
        "SITE_FULL_ADDRESS": "CEDAR FORT, UT",
        "SITE_HOUSE_NUM": " ",
        "SITE_PRE_DIR": null,
        "SITE_STREET_NAME": null,
        "SITE_STREET_TYPE": null,
        "SITE_POST_DIR": null,
        "SITE_STREET_UNIT": null,
        "SITE_CITY": "CEDAR FORT",
        "SITE_STATE": "UT",
        "SITE_ZIP5": "84013",
        "OWN_FULL_ADDRESS": "536 W 1200 N  OREM, UT 84057-2949",
        "OWN_STREET_ADDRESS": "536 W 1200 N",
        "OWN_CITY": "OREM",
        "OWN_STATE": "UT",
        "OWN_ZIP5": "84057",
        "VESTING_DOC": "103029-2001",
        "PARCEL_CREATE_DATE": 410140800000,
        "MAP_FILING_NO": null,
        "SUB_NAME": null,
        "LEGAL_DESCR": "COM AT PT IN FENCE N 13.35 FT & E 253.05 FT FR S 1/4 COR SEC 5, T6S, R2W, SLM; (BASED ON UT ST COORDINATE SYSTEM, CEN ZONE) N 51'21\"E ALONG FENCE LINE PROJECTED & FENCE LINE 373.04 FT; ALONG FOLLOWING FENCE LINES TO FENCE CORS; S 89 52'26\"E 987.49 FT; S 1 06'57\"W 36.21 FT; S 87 48'44\"E 62.39 FT; S 2 30'44\"W 348.77 FT TO S LINE OF SEC 5; N 89 52'26\"W ALONG SEC LINE 974.83 FT; N 77 43'37\"W ALONG FENCE LINE 66.09 FT TO BEG.  AREA 9.220 ACRES.",
        "BOOK_PAGE": 59037,
        "LOT": null,
        "BUILDING": null,
        "UNIT": null,
        "TAX_DISTRICT": "050",
        "TAX_DISTRICT_DESCR": "CEDAR FORT CITY",
        "SCHOOL_DISTRICT": "ALPINE",
        "TAXABLE_CODE": 100,
        "ACCOUNT_TYPE": "RESIDENTIAL",
        "PROP_TYPE": 900,
        "PROP_TYPE_DESCR": "VACANT",
        "SPECIFIC_PROP_TYPE": 901,
        "SPC_PROP_TYP_DESCR": "Vac Res",
        "NEIGHBORHOOD": "103",
        "NBHD_DISTRICT": "825",
        "LAND_DISTRICT": 8002,
        "ECONOMIC_UNIT": null,
        "GLA_WEIGHTED_YRBLT": null,
        "TOTAL_ABOVE_GRADE_AREA": null,
        "TOTAL_MEZZANINE": null,
        "TOTAL_BASEMENT": null,
        "TOTAL_BSMT_FINISH": null,
        "TOTAL_UNIT_COUNT": null,
        "TOTAL_IMP_COUNT": null,
        "ASMT_YEAR": 2026,
        "ASMT_CODE": "V",
        "ASMT_CODE_DESCR": "VACANT",
        "MKT_LAND_VALUE": 68800,
        "MKT_LAND_RES": 0,
        "MKT_LAND_AGR": 68800,
        "MKT_LAND_COM": 0,
        "MKT_IMP_VALUE": 0,
        "MKT_IMP_RES": 0,
        "MKT_IMP_AGR": 0,
        "MKT_IMP_COM": 0,
        "MKT_CUR_VALUE": 68800,
        "MKT_PRV_VAL": 68800,
        "MKT_VAL_YR_CHG": 0,
        "MKT_PCT_CHG": 0,
        "TXBL_CUR_VALUE": 129,
        "TXBL_PRV_VAL": 129,
        "TXBL_VAL_YR_CHG": 0,
        "TXBL_PCT_CHG": 0,
        "TOT_CUR_TAXES": 0,
        "TOT_PRV_TAXES": 0,
        "TAXES_YR_CHG": 0,
        "TAXES_PCT_CHG": 0,
        "GREENBELT": "GB",
        "EXEMPT_RES": "N",
        "COMMON_AREA": null,
        "PUBLIC_ROAD": null,
        "PRIVATE_ROAD": null,
        "PART_CENTRAL_ASSD": null,
        "PART_TAXABLE": null,
        "IMP_NO_RES": null,
        "COST_GROUP_RES": null,
        "STYLE_DESCR_RES": null,
        "QUALITY_RES": null,
        "QUALITY_DESCR_RES": null,
        "CONDITION_RES": null,
        "CONDITION_DESCR_RES": null,
        "YEARBLT_RES": null,
        "GLA_RES": null,
        "BASEMENT_RES": null,
        "BSMT_FINISH_RES": null,
        "ATT_GARAGE_SQFT_RES": null,
        "BATHROOMS_RES": null,
        "GLA_BEDROOMS_RES": null,
        "EXTERIOR_RES": null,
        "ALLOCATION_PCT_RES": null,
        "TRAV_COUNT": 1,
        "LASTUPDATE": null,
        "CREATED_DATE": 1712330344000,
        "LAST_EDITED_DATE": 1712330533000,
        "GLOBALID": "{5125B713-C58A-4548-8559-072FCA40FDA8}",
        "Join_Count_12": 1,
        "TARGET_FID_12": 7237,
        "Code": null,
        "Desc_Cleaned": "Residential Agricultural",
        "Description": "Residential Agricultural Zone (5 Acres)",
        "City": null,
        "Description_detailed": null,
        "Desc": null,
        "Acres": null,
        "CityLU": "RA-5",
        "Unit_Rate": 5,
        "Parcel_Area": 37289,
        "PctDeveloped": null,
        "Slope_Score": 10,
        "GP_Score": 6,
        "Ownership_Type": "Business",
        "Ownership_Score": 5,
        "Wetlands_Score": 10,
        "Municipality_Score": 10,
        "Final_Score": 7.1,
        "OBJECTID_12": 7235,
        "Join_Count_12_13": 0,
        "TARGET_FID_12_13": 7237,
        "Area": null,
        "Shape_Length_12": null,
        "Shape_Area_12": null,
        "STATUS": " ",
        "CARTOCODE": "11",
        "FULLNAME": "STATION RD",
        "FROMADDR_L": 17601,
        "TOADDR_L": 17999,
        "FROMADDR_R": 17600,
        "TOADDR_R": 17998,
        "PARITY_L": " ",
        "PARITY_R": " ",
        "PREDIR": "W",
        "NAME": "STATION",
        "POSTTYPE": "RD",
        "POSTDIR": " ",
        "AN_NAME": " ",
        "AN_POSTDIR": " ",
        "A1_PREDIR": " ",
        "A1_NAME": " ",
        "A1_POSTTYP": " ",
        "A1_POSTDIR": " ",
        "A2_PREDIR": " ",
        "A2_NAME": " ",
        "A2_POSTTYP": " ",
        "A2_POSTDIR": " ",
        "QUADRANT_L": "SE",
        "QUADRANT_R": "SE",
        "STATE_L": "UT",
        "STATE_R": "UT",
        "COUNTY_L": "49049",
        "COUNTY_R": "49049",
        "ADDRSYS_L": "Cedar Fort",
        "ADDRSYS_R": "Cedar Fort",
        "POSTCOMM_L": "CEDAR VALLEY",
        "POSTCOMM_R": "CEDAR VALLEY",
        "ZIPCODE_L": "84013",
        "ZIPCODE_R": "84013",
        "INCMUNI_L": "CEDAR FORT",
        "INCMUNI_R": "CEDAR FORT",
        "UNINCCOM_L": " ",
        "UNINCCOM_R": " ",
        "NBRHDCOM_L": " ",
        "NBRHDCOM_R": " ",
        "ER_CAD_ZON": " ",
        "ESN_L": " ",
        "ESN_R": " ",
        "MSAGCOMM_L": " ",
        "MSAGCOMM_R": " ",
        "ONEWAY": "0",
        "VERT_LEVEL": "0",
        "SPEED_LMT": 25,
        "ACCESSCODE": " ",
        "DOT_HWYNAM": " ",
        "DOT_RTNAME": " ",
        "DOT_RTPART": " ",
        "DOT_F_MILE": 0,
        "DOT_T_MILE": 0,
        "DOT_FCLASS": " ",
        "DOT_SRFTYP": " ",
        "DOT_CLASS": "C",
        "DOT_OWN_L": "MU Cedar Fort",
        "DOT_OWN_R": "MU Cedar Fort",
        "DOT_AADT": 0,
        "DOT_AADTYR": " ",
        "DOT_THRULA": 0,
        "BIKE_L": " ",
        "BIKE_R": " ",
        "UNIQUE_ID": "12TVK07666368_STATION_RD",
        "LOCAL_UID": " ",
        "UTAHRD_UID": " ",
        "SOURCE": " ",
        "UPDATED": 1486425600000,
        "EFFECTIVE": null,
        "EXPIRE": null,
        "CUSTOMTAGS": " ",
        "Shape_STLe": 832.437973473,
        "START_ELEV": 1500.1092529296875,
        "END_ELEV": 1512.42724609375,
        "STEL_FT": 4921.6184413818355,
        "ENDEL_FT": 4962.031806074218,
        "ELEV_CHANGE": 40.413364692382856,
        "SLOPE": 1.479412531656342,
        "IMP_NO_12": null,
        "USE_CODE_12": null,
        "USE_CODE_DESCR_12": null,
        "COST_CLASS_DESCR_12": null,
        "EXTERIOR_WALL_12": null,
        "ABOVE_GRADE_AREA_12": null,
        "MEZZANINE_12": null,
        "BASEMENT_12": null,
        "BSMT_FINISH_12": null,
        "BSMT_UNFINISH_12": null,
        "QUALITY_DESCR_12": null,
        "CONDITION_12": null,
        "CONDITION_DESCR_12": null,
        "YEAR_BUILT_12": null,
        "UNIT_COUNT_12": null,
        "PCT_COMPLETE_12": null,
        "ALLOCATION_PCT_12": null,
        "IMP_NO_23": null,
        "USE_CODE_23": null,
        "USE_CODE_DESCR_23": null,
        "COST_CLASS_DESCR_23": null,
        "EXTERIOR_WALL_23": null,
        "ABOVE_GRADE_AREA_23": null,
        "MEZZANINE_23": null,
        "BASEMENT_23": null,
        "BSMT_FINISH_23": null,
        "BSMT_UNFINISH_23": null,
        "QUALITY_DESCR_23": null,
        "CONDITION_23": null,
        "CONDITION_DESCR_23": null,
        "YEAR_BUILT_23": null,
        "UNIT_COUNT_23": null,
        "PCT_COMPLETE_23": null,
        "ALLOCATION_PCT_23": null,
        "Entry": 42819,
        "Year": 2025,
        "Record_Date": "2025-06-10",
        "Grantor": "PETERSON, PAUL DEC",
        "Grantee": "WHOM OF INTEREST",
        "Tax_Address": "1019 N TIMPVIEW DR AMERICAN FORK, UT 84003",
        "Serial_Number": "59:040:0005",
        "Serial_Number_Available": "Yes",
        "Detail_URL": "https://www.utahcounty.gov/LandRecords/document.asp?avEntry=42819&avYear=2025",
        "Document_Type": "AF DC",
        "Shape_Length_12_13": 3694.8541588187218,
        "Shape_Area_12_13": 696527.8469504841,
        "DocType": "AFDC",
        "Shape_Length": 0.009574758217649191,
        "Shape_Area": 3.95154806730959e-06
      }
    },
    {
      "type": "Feature",
      "id": 42,
      "geometry": {
        "type": "Polygon",
        "coordinates": [
          [
            [
              -112.07265307499995,
              40.32121674600006
            ],
            [
              -112.07268337599999,
              40.32483914000005
            ],
            [
              -112.07741621099996,
              40.32481585100004
            ],
            [
              -112.07738565899996,
              40.32119345800004
            ],
            [
              -112.07620251299994,
              40.32119929800007
            ],
            [
              -112.07619336699997,
              40.32011258000006
            ],
            [
              -112.07501023999998,
              40.32011840800004
            ],
            [
              -112.07501936799997,
              40.32120512600005
            ],
            [
              -112.07265307499995,
              40.32121674600006
            ]
          ]
        ]
      },
      "properties": {
        "OBJECTID": 42,
        "Join_Count": 1,
        "TARGET_FID": 11007071,
        "PARCEL_NO": 590360001,
        "PARCELID": "590360001",
        "PARCELID_LABEL": "59:036:0001",
        "OWNER_NAME": "COOK, SHARON",
        "CARE_NAME": null,
        "ACREAGE": 43,
        "SITE_FULL_ADDRESS": "CEDAR FORT, UT",
        "SITE_HOUSE_NUM": " ",
        "SITE_PRE_DIR": null,
        "SITE_STREET_NAME": null,
        "SITE_STREET_TYPE": null,
        "SITE_POST_DIR": null,
        "SITE_STREET_UNIT": null,
        "SITE_CITY": "CEDAR FORT",
        "SITE_STATE": "UT",
        "SITE_ZIP5": "84013",
        "OWN_FULL_ADDRESS": "PO BOX 353  CEDAR VALLEY, UT 84013-0353",
        "OWN_STREET_ADDRESS": "PO BOX 353",
        "OWN_CITY": "CEDAR VALLEY",
        "OWN_STATE": "UT",
        "OWN_ZIP5": "84013",
        "VESTING_DOC": "20110-2010",
        "PARCEL_CREATE_DATE": 347068800000,
        "MAP_FILING_NO": null,
        "SUB_NAME": null,
        "LEGAL_DESCR": "COM N 24 RD FR SE COR. OF SW 1/4 SEC. 4, T6S, R2W, SLB&M.; N 80 RD; W 80 RD; S 80 RD; E 20 RD; S 24 RD; E 20 RD; N 24 RD; E 40 RD TO BEG. AREA 43.000 AC.",
        "BOOK_PAGE": 59036,
        "LOT": null,
        "BUILDING": null,
        "UNIT": null,
        "TAX_DISTRICT": "050",
        "TAX_DISTRICT_DESCR": "CEDAR FORT CITY",
        "SCHOOL_DISTRICT": "ALPINE",
        "TAXABLE_CODE": 100,
        "ACCOUNT_TYPE": "RESIDENTIAL",
        "PROP_TYPE": 900,
        "PROP_TYPE_DESCR": "VACANT",
        "SPECIFIC_PROP_TYPE": 901,
        "SPC_PROP_TYP_DESCR": "Vac Res",
        "NEIGHBORHOOD": "103",
        "NBHD_DISTRICT": "825",
        "LAND_DISTRICT": 8002,
        "ECONOMIC_UNIT": null,
        "GLA_WEIGHTED_YRBLT": null,
        "TOTAL_ABOVE_GRADE_AREA": null,
        "TOTAL_MEZZANINE": null,
        "TOTAL_BASEMENT": null,
        "TOTAL_BSMT_FINISH": null,
        "TOTAL_UNIT_COUNT": null,
        "TOTAL_IMP_COUNT": null,
        "ASMT_YEAR": 2026,
        "ASMT_CODE": "V",
        "ASMT_CODE_DESCR": "VACANT",
        "MKT_LAND_VALUE": 316700,
        "MKT_LAND_RES": 0,
        "MKT_LAND_AGR": 316700,
        "MKT_LAND_COM": 0,
        "MKT_IMP_VALUE": 0,
        "MKT_IMP_RES": 0,
        "MKT_IMP_AGR": 0,
        "MKT_IMP_COM": 0,
        "MKT_CUR_VALUE": 316700,
        "MKT_PRV_VAL": 316700,
        "MKT_VAL_YR_CHG": 0,
        "MKT_PCT_CHG": 0,
        "TXBL_CUR_VALUE": 20675,
        "TXBL_PRV_VAL": 20675,
        "TXBL_VAL_YR_CHG": 0,
        "TXBL_PCT_CHG": 0,
        "TOT_CUR_TAXES": 0,
        "TOT_PRV_TAXES": 0,
        "TAXES_YR_CHG": 0,
        "TAXES_PCT_CHG": 0,
        "GREENBELT": "GB",
        "EXEMPT_RES": "N",
        "COMMON_AREA": null,
        "PUBLIC_ROAD": null,
        "PRIVATE_ROAD": null,
        "PART_CENTRAL_ASSD": null,
        "PART_TAXABLE": null,
        "IMP_NO_RES": null,
        "COST_GROUP_RES": null,
        "STYLE_DESCR_RES": null,
        "QUALITY_RES": null,
        "QUALITY_DESCR_RES": null,
        "CONDITION_RES": null,
        "CONDITION_DESCR_RES": null,
        "YEARBLT_RES": null,
        "GLA_RES": null,
        "BASEMENT_RES": null,
        "BSMT_FINISH_RES": null,
        "ATT_GARAGE_SQFT_RES": null,
        "BATHROOMS_RES": null,
        "GLA_BEDROOMS_RES": null,
        "EXTERIOR_RES": null,
        "ALLOCATION_PCT_RES": null,
        "TRAV_COUNT": 1,
        "LASTUPDATE": null,
        "CREATED_DATE": 1712330344000,
        "LAST_EDITED_DATE": 1712330533000,
        "GLOBALID": "{F22374A9-6DDC-4AFA-B553-CCBCFC7D34F5}",
        "Join_Count_12": 0,
        "TARGET_FID_12": 7290,
        "Code": null,
        "Desc_Cleaned": "Residential Agricultural",
        "Description": "Residential Agricultural Zone (5 Acres)",
        "City": null,
        "Description_detailed": null,
        "Desc": null,
        "Acres": null,
        "CityLU": "RA-5",
        "Unit_Rate": 5,
        "Parcel_Area": 173911,
        "PctDeveloped": null,
        "Slope_Score": 0,
        "GP_Score": 6,
        "Ownership_Type": "Private",
        "Ownership_Score": 10,
        "Wetlands_Score": 0,
        "Municipality_Score": 10,
        "Final_Score": 6.1,
        "OBJECTID_12": 7288,
        "Join_Count_12_13": 0,
        "TARGET_FID_12_13": 7290,
        "Area": null,
        "Shape_Length_12": null,
        "Shape_Area_12": null,
        "STATUS": null,
        "CARTOCODE": null,
        "FULLNAME": null,
        "FROMADDR_L": null,
        "TOADDR_L": null,
        "FROMADDR_R": null,
        "TOADDR_R": null,
        "PARITY_L": null,
        "PARITY_R": null,
        "PREDIR": null,
        "NAME": null,
        "POSTTYPE": null,
        "POSTDIR": null,
        "AN_NAME": null,
        "AN_POSTDIR": null,
        "A1_PREDIR": null,
        "A1_NAME": null,
        "A1_POSTTYP": null,
        "A1_POSTDIR": null,
        "A2_PREDIR": null,
        "A2_NAME": null,
        "A2_POSTTYP": null,
        "A2_POSTDIR": null,
        "QUADRANT_L": null,
        "QUADRANT_R": null,
        "STATE_L": null,
        "STATE_R": null,
        "COUNTY_L": null,
        "COUNTY_R": null,
        "ADDRSYS_L": null,
        "ADDRSYS_R": null,
        "POSTCOMM_L": null,
        "POSTCOMM_R": null,
        "ZIPCODE_L": null,
        "ZIPCODE_R": null,
        "INCMUNI_L": null,
        "INCMUNI_R": null,
        "UNINCCOM_L": null,
        "UNINCCOM_R": null,
        "NBRHDCOM_L": null,
        "NBRHDCOM_R": null,
        "ER_CAD_ZON": null,
        "ESN_L": null,
        "ESN_R": null,
        "MSAGCOMM_L": null,
        "MSAGCOMM_R": null,
        "ONEWAY": null,
        "VERT_LEVEL": null,
        "SPEED_LMT": null,
        "ACCESSCODE": null,
        "DOT_HWYNAM": null,
        "DOT_RTNAME": null,
        "DOT_RTPART": null,
        "DOT_F_MILE": null,
        "DOT_T_MILE": null,
        "DOT_FCLASS": null,
        "DOT_SRFTYP": null,
        "DOT_CLASS": null,
        "DOT_OWN_L": null,
        "DOT_OWN_R": null,
        "DOT_AADT": null,
        "DOT_AADTYR": null,
        "DOT_THRULA": null,
        "BIKE_L": null,
        "BIKE_R": null,
        "UNIQUE_ID": null,
        "LOCAL_UID": null,
        "UTAHRD_UID": null,
        "SOURCE": null,
        "UPDATED": null,
        "EFFECTIVE": null,
        "EXPIRE": null,
        "CUSTOMTAGS": null,
        "Shape_STLe": null,
        "START_ELEV": null,
        "END_ELEV": null,
        "STEL_FT": null,
        "ENDEL_FT": null,
        "ELEV_CHANGE": null,
        "SLOPE": null,
        "IMP_NO_12": null,
        "USE_CODE_12": null,
        "USE_CODE_DESCR_12": null,
        "COST_CLASS_DESCR_12": null,
        "EXTERIOR_WALL_12": null,
        "ABOVE_GRADE_AREA_12": null,
        "MEZZANINE_12": null,
        "BASEMENT_12": null,
        "BSMT_FINISH_12": null,
        "BSMT_UNFINISH_12": null,
        "QUALITY_DESCR_12": null,
        "CONDITION_12": null,
        "CONDITION_DESCR_12": null,
        "YEAR_BUILT_12": null,
        "UNIT_COUNT_12": null,
        "PCT_COMPLETE_12": null,
        "ALLOCATION_PCT_12": null,
        "IMP_NO_23": null,
        "USE_CODE_23": null,
        "USE_CODE_DESCR_23": null,
        "COST_CLASS_DESCR_23": null,
        "EXTERIOR_WALL_23": null,
        "ABOVE_GRADE_AREA_23": null,
        "MEZZANINE_23": null,
        "BASEMENT_23": null,
        "BSMT_FINISH_23": null,
        "BSMT_UNFINISH_23": null,
        "QUALITY_DESCR_23": null,
        "CONDITION_23": null,
        "CONDITION_DESCR_23": null,
        "YEAR_BUILT_23": null,
        "UNIT_COUNT_23": null,
        "PCT_COMPLETE_23": null,
        "ALLOCATION_PCT_23": null,
        "Entry": 42820,
        "Year": 2025,
        "Record_Date": "2025-06-10",
        "Grantor": "PETERSON, PAUL DEC",
        "Grantee": "WHOM OF INTEREST",
        "Tax_Address": "405 S MAIN ST STE 800 SALT LAKE CITY, UT 84111",
        "Serial_Number": "59:036:0048",
        "Serial_Number_Available": "Yes",
        "Detail_URL": "https://www.utahcounty.gov/LandRecords/document.asp?avEntry=42820&avYear=2025",
        "Document_Type": "AF DC",
        "Shape_Length_12_13": 3299.006525337696,
        "Shape_Area_12_13": 435337.6972287644,
        "DocType": "AFDC",
        "Shape_Length": 0.01888407098731153,
        "Shape_Area": 1.8430169257112186e-05
      }
    },
    {
      "type": "Feature",
      "id": 43,
      "geometry": {
        "type": "Polygon",
        "coordinates": [
          [
            [
              -112.07403859099998,
              40.32845502600003
            ],
            [
              -112.07406972899997,
              40.332167973000026
            ],
            [
              -112.07806976499995,
              40.33214825700003
            ],
            [
              -112.07803840999998,
              40.32843531100008
            ],
            [
              -112.07403859099998,
              40.32845502600003
            ]
          ]
        ]
      },
      "properties": {
        "OBJECTID": 43,
        "Join_Count": 1,
        "TARGET_FID": 11007075,
        "PARCEL_NO": 590360008,
        "PARCELID": "590360008",
        "PARCELID_LABEL": "59:036:0008",
        "OWNER_NAME": "PETERSON, JAY R & JUDY ANNE C",
        "CARE_NAME": null,
        "ACREAGE": 34.648109999999996,
        "SITE_FULL_ADDRESS": "CEDAR FORT, UT",
        "SITE_HOUSE_NUM": " ",
        "SITE_PRE_DIR": null,
        "SITE_STREET_NAME": null,
        "SITE_STREET_TYPE": null,
        "SITE_POST_DIR": null,
        "SITE_STREET_UNIT": null,
        "SITE_CITY": "CEDAR FORT",
        "SITE_STATE": "UT",
        "SITE_ZIP5": "84013",
        "OWN_FULL_ADDRESS": "2169 E 200 N  SAINT ANTHONY, ID 83445-5600",
        "OWN_STREET_ADDRESS": "2169 E 200 N",
        "OWN_CITY": "SAINT ANTHONY",
        "OWN_STATE": "ID",
        "OWN_ZIP5": "83445",
        "VESTING_DOC": "19712-2000",
        "PARCEL_CREATE_DATE": 347068800000,
        "MAP_FILING_NO": null,
        "SUB_NAME": null,
        "LEGAL_DESCR": "COM & N 24 RD & W 369.5 FT FR SE COR. LOT 1 SEC. 4 T6S R2W SLB&M.; W 1115.5 FT; N 20.5 CH; E 1115.5 FT; S 20.5 CH TO BEG. AREA 34.648 AC.",
        "BOOK_PAGE": 59036,
        "LOT": null,
        "BUILDING": null,
        "UNIT": null,
        "TAX_DISTRICT": "050",
        "TAX_DISTRICT_DESCR": "CEDAR FORT CITY",
        "SCHOOL_DISTRICT": "ALPINE",
        "TAXABLE_CODE": 100,
        "ACCOUNT_TYPE": "RESIDENTIAL",
        "PROP_TYPE": 900,
        "PROP_TYPE_DESCR": "VACANT",
        "SPECIFIC_PROP_TYPE": 901,
        "SPC_PROP_TYP_DESCR": "Vac Res",
        "NEIGHBORHOOD": "103",
        "NBHD_DISTRICT": "825",
        "LAND_DISTRICT": 8002,
        "ECONOMIC_UNIT": null,
        "GLA_WEIGHTED_YRBLT": null,
        "TOTAL_ABOVE_GRADE_AREA": null,
        "TOTAL_MEZZANINE": null,
        "TOTAL_BASEMENT": null,
        "TOTAL_BSMT_FINISH": null,
        "TOTAL_UNIT_COUNT": null,
        "TOTAL_IMP_COUNT": null,
        "ASMT_YEAR": 2026,
        "ASMT_CODE": "V",
        "ASMT_CODE_DESCR": "VACANT",
        "MKT_LAND_VALUE": 255300,
        "MKT_LAND_RES": 0,
        "MKT_LAND_AGR": 255300,
        "MKT_LAND_COM": 0,
        "MKT_IMP_VALUE": 0,
        "MKT_IMP_RES": 0,
        "MKT_IMP_AGR": 0,
        "MKT_IMP_COM": 0,
        "MKT_CUR_VALUE": 255300,
        "MKT_PRV_VAL": 255300,
        "MKT_VAL_YR_CHG": 0,
        "MKT_PCT_CHG": 0,
        "TXBL_CUR_VALUE": 17256,
        "TXBL_PRV_VAL": 17256,
        "TXBL_VAL_YR_CHG": 0,
        "TXBL_PCT_CHG": 0,
        "TOT_CUR_TAXES": 0,
        "TOT_PRV_TAXES": 0,
        "TAXES_YR_CHG": 0,
        "TAXES_PCT_CHG": 0,
        "GREENBELT": "GB",
        "EXEMPT_RES": "N",
        "COMMON_AREA": null,
        "PUBLIC_ROAD": null,
        "PRIVATE_ROAD": null,
        "PART_CENTRAL_ASSD": null,
        "PART_TAXABLE": null,
        "IMP_NO_RES": null,
        "COST_GROUP_RES": null,
        "STYLE_DESCR_RES": null,
        "QUALITY_RES": null,
        "QUALITY_DESCR_RES": null,
        "CONDITION_RES": null,
        "CONDITION_DESCR_RES": null,
        "YEARBLT_RES": null,
        "GLA_RES": null,
        "BASEMENT_RES": null,
        "BSMT_FINISH_RES": null,
        "ATT_GARAGE_SQFT_RES": null,
        "BATHROOMS_RES": null,
        "GLA_BEDROOMS_RES": null,
        "EXTERIOR_RES": null,
        "ALLOCATION_PCT_RES": null,
        "TRAV_COUNT": 1,
        "LASTUPDATE": null,
        "CREATED_DATE": 1712330344000,
        "LAST_EDITED_DATE": 1712330533000,
        "GLOBALID": "{9C136D95-8ADB-4EA5-86D0-C93F3A57E428}",
        "Join_Count_12": 1,
        "TARGET_FID_12": 7293,
        "Code": null,
        "Desc_Cleaned": "Residential Agricultural",
        "Description": "Residential Agricultural Zone (5 Acres)",
        "City": null,
        "Description_detailed": null,
        "Desc": null,
        "Acres": null,
        "CityLU": "RA-5",
        "Unit_Rate": 5,
        "Parcel_Area": 140132,
        "PctDeveloped": null,
        "Slope_Score": 10,
        "GP_Score": 6,
        "Ownership_Type": "Private",
        "Ownership_Score": 10,
        "Wetlands_Score": 0,
        "Municipality_Score": 10,
        "Final_Score": 7.6,
        "OBJECTID_12": 7291,
        "Join_Count_12_13": 0,
        "TARGET_FID_12_13": 7293,
        "Area": null,
        "Shape_Length_12": null,
        "Shape_Area_12": null,
        "STATUS": " ",
        "CARTOCODE": "11",
        "FULLNAME": "100 N",
        "FROMADDR_L": 17201,
        "TOADDR_L": 17599,
        "FROMADDR_R": 17200,
        "TOADDR_R": 17598,
        "PARITY_L": " ",
        "PARITY_R": " ",
        "PREDIR": "W",
        "NAME": "100",
        "POSTTYPE": " ",
        "POSTDIR": "N",
        "AN_NAME": " ",
        "AN_POSTDIR": " ",
        "A1_PREDIR": " ",
        "A1_NAME": " ",
        "A1_POSTTYP": " ",
        "A1_POSTDIR": " ",
        "A2_PREDIR": " ",
        "A2_NAME": " ",
        "A2_POSTTYP": " ",
        "A2_POSTDIR": " ",
        "QUADRANT_L": "NE",
        "QUADRANT_R": "NE",
        "STATE_L": "UT",
        "STATE_R": "UT",
        "COUNTY_L": "49049",
        "COUNTY_R": "49049",
        "ADDRSYS_L": "Cedar Fort",
        "ADDRSYS_R": "Cedar Fort",
        "POSTCOMM_L": "CEDAR VALLEY",
        "POSTCOMM_R": "CEDAR VALLEY",
        "ZIPCODE_L": "84013",
        "ZIPCODE_R": "84013",
        "INCMUNI_L": "CEDAR FORT",
        "INCMUNI_R": "CEDAR FORT",
        "UNINCCOM_L": " ",
        "UNINCCOM_R": " ",
        "NBRHDCOM_L": " ",
        "NBRHDCOM_R": " ",
        "ER_CAD_ZON": " ",
        "ESN_L": " ",
        "ESN_R": " ",
        "MSAGCOMM_L": " ",
        "MSAGCOMM_R": " ",
        "ONEWAY": "0",
        "VERT_LEVEL": "0",
        "SPEED_LMT": 25,
        "ACCESSCODE": " ",
        "DOT_HWYNAM": " ",
        "DOT_RTNAME": " ",
        "DOT_RTPART": " ",
        "DOT_F_MILE": 0,
        "DOT_T_MILE": 0,
        "DOT_FCLASS": " ",
        "DOT_SRFTYP": " ",
        "DOT_CLASS": "C",
        "DOT_OWN_L": "MU Cedar Fort",
        "DOT_OWN_R": "MU Cedar Fort",
        "DOT_AADT": 0,
        "DOT_AADTYR": " ",
        "DOT_THRULA": 0,
        "BIKE_L": " ",
        "BIKE_R": " ",
        "UNIQUE_ID": "12TVK08476478_100_N",
        "LOCAL_UID": " ",
        "UTAHRD_UID": " ",
        "SOURCE": " ",
        "UPDATED": 1486425600000,
        "EFFECTIVE": null,
        "EXPIRE": null,
        "CUSTOMTAGS": " ",
        "Shape_STLe": 808.016678499,
        "START_ELEV": 1506.59033203125,
        "END_ELEV": 1512.888427734375,
        "STEL_FT": 4942.881824941406,
        "ENDEL_FT": 4963.544869248047,
        "ELEV_CHANGE": 20.663044306640586,
        "SLOPE": 0.7792713719753975,
        "IMP_NO_12": null,
        "USE_CODE_12": null,
        "USE_CODE_DESCR_12": null,
        "COST_CLASS_DESCR_12": null,
        "EXTERIOR_WALL_12": null,
        "ABOVE_GRADE_AREA_12": null,
        "MEZZANINE_12": null,
        "BASEMENT_12": null,
        "BSMT_FINISH_12": null,
        "BSMT_UNFINISH_12": null,
        "QUALITY_DESCR_12": null,
        "CONDITION_12": null,
        "CONDITION_DESCR_12": null,
        "YEAR_BUILT_12": null,
        "UNIT_COUNT_12": null,
        "PCT_COMPLETE_12": null,
        "ALLOCATION_PCT_12": null,
        "IMP_NO_23": null,
        "USE_CODE_23": null,
        "USE_CODE_DESCR_23": null,
        "COST_CLASS_DESCR_23": null,
        "EXTERIOR_WALL_23": null,
        "ABOVE_GRADE_AREA_23": null,
        "MEZZANINE_23": null,
        "BASEMENT_23": null,
        "BSMT_FINISH_23": null,
        "BSMT_UNFINISH_23": null,
        "QUALITY_DESCR_23": null,
        "CONDITION_23": null,
        "CONDITION_DESCR_23": null,
        "YEAR_BUILT_23": null,
        "UNIT_COUNT_23": null,
        "PCT_COMPLETE_23": null,
        "ALLOCATION_PCT_23": null,
        "Entry": 42820,
        "Year": 2025,
        "Record_Date": "2025-06-10",
        "Grantor": "PETERSON, PAUL DEC",
        "Grantee": "WHOM OF INTEREST",
        "Tax_Address": "405 S MAIN ST STE 800 SALT LAKE CITY, UT 84111",
        "Serial_Number": "59:036:0048",
        "Serial_Number_Available": "Yes",
        "Detail_URL": "https://www.utahcounty.gov/LandRecords/document.asp?avEntry=42820&avYear=2025",
        "Document_Type": "AF DC",
        "Shape_Length_12_13": 3299.006525337696,
        "Shape_Area_12_13": 435337.6972287644,
        "DocType": "AFDC",
        "Shape_Length": 0.01542610813144114,
        "Shape_Area": 1.4852132851605996e-05
      }
    },
    {
      "type": "Feature",
      "id": 44,
      "geometry": {
        "type": "Polygon",
        "coordinates": [
          [
            [
              -112.07507107599997,
              40.327363115000026
            ],
            [
              -112.07508020499995,
              40.32844982100005
            ],
            [
              -112.07626346499995,
              40.328443993000064
            ],
            [
              -112.07623297299995,
              40.32482163700007
            ],
            [
              -112.07504977499997,
              40.324827465000055
            ],
            [
              -112.07507107599997,
              40.327363115000026
            ]
          ]
        ]
      },
      "properties": {
        "OBJECTID": 44,
        "Join_Count": 1,
        "TARGET_FID": 11007076,
        "PARCEL_NO": 590360013,
        "PARCELID": "590360013",
        "PARCELID_LABEL": "59:036:0013",
        "OWNER_NAME": "PETERSON, PAUL & MARGERY J",
        "CARE_NAME": "%PETERSON, JONATHAN",
        "ACREAGE": 10,
        "SITE_FULL_ADDRESS": "CEDAR FORT, UT",
        "SITE_HOUSE_NUM": " ",
        "SITE_PRE_DIR": null,
        "SITE_STREET_NAME": null,
        "SITE_STREET_TYPE": null,
        "SITE_POST_DIR": null,
        "SITE_STREET_UNIT": null,
        "SITE_CITY": "CEDAR FORT",
        "SITE_STATE": "UT",
        "SITE_ZIP5": "84013",
        "OWN_FULL_ADDRESS": "%PETERSON, JONATHAN  552 W 11200 S  WOODLAND HILLS, UT 84653",
        "OWN_STREET_ADDRESS": "552 W 11200 S",
        "OWN_CITY": "WOODLAND HILLS",
        "OWN_STATE": "UT",
        "OWN_ZIP5": "84653",
        "VESTING_DOC": "65878-2001",
        "PARCEL_CREATE_DATE": 347068800000,
        "MAP_FILING_NO": null,
        "SUB_NAME": null,
        "LEGAL_DESCR": "COM AT NE COR. LOT 14 SEC. 4 T6S R2W SLB&M.; N 6 CH; W 5 CH; S 20 CH; E 5 CH; N 14 CH TO BEG. AREA 10.000 AC.",
        "BOOK_PAGE": 59036,
        "LOT": null,
        "BUILDING": null,
        "UNIT": null,
        "TAX_DISTRICT": "050",
        "TAX_DISTRICT_DESCR": "CEDAR FORT CITY",
        "SCHOOL_DISTRICT": "ALPINE",
        "TAXABLE_CODE": 100,
        "ACCOUNT_TYPE": "RESIDENTIAL",
        "PROP_TYPE": 900,
        "PROP_TYPE_DESCR": "VACANT",
        "SPECIFIC_PROP_TYPE": 901,
        "SPC_PROP_TYP_DESCR": "Vac Res",
        "NEIGHBORHOOD": "103",
        "NBHD_DISTRICT": "825",
        "LAND_DISTRICT": 8002,
        "ECONOMIC_UNIT": null,
        "GLA_WEIGHTED_YRBLT": null,
        "TOTAL_ABOVE_GRADE_AREA": null,
        "TOTAL_MEZZANINE": null,
        "TOTAL_BASEMENT": null,
        "TOTAL_BSMT_FINISH": null,
        "TOTAL_UNIT_COUNT": null,
        "TOTAL_IMP_COUNT": null,
        "ASMT_YEAR": 2026,
        "ASMT_CODE": "V",
        "ASMT_CODE_DESCR": "VACANT",
        "MKT_LAND_VALUE": 74600,
        "MKT_LAND_RES": 0,
        "MKT_LAND_AGR": 74600,
        "MKT_LAND_COM": 0,
        "MKT_IMP_VALUE": 0,
        "MKT_IMP_RES": 0,
        "MKT_IMP_AGR": 0,
        "MKT_IMP_COM": 0,
        "MKT_CUR_VALUE": 74600,
        "MKT_PRV_VAL": 74600,
        "MKT_VAL_YR_CHG": 0,
        "MKT_PCT_CHG": 0,
        "TXBL_CUR_VALUE": 4980,
        "TXBL_PRV_VAL": 4980,
        "TXBL_VAL_YR_CHG": 0,
        "TXBL_PCT_CHG": 0,
        "TOT_CUR_TAXES": 0,
        "TOT_PRV_TAXES": 0,
        "TAXES_YR_CHG": 0,
        "TAXES_PCT_CHG": 0,
        "GREENBELT": "GB",
        "EXEMPT_RES": "N",
        "COMMON_AREA": null,
        "PUBLIC_ROAD": null,
        "PRIVATE_ROAD": null,
        "PART_CENTRAL_ASSD": null,
        "PART_TAXABLE": null,
        "IMP_NO_RES": null,
        "COST_GROUP_RES": null,
        "STYLE_DESCR_RES": null,
        "QUALITY_RES": null,
        "QUALITY_DESCR_RES": null,
        "CONDITION_RES": null,
        "CONDITION_DESCR_RES": null,
        "YEARBLT_RES": null,
        "GLA_RES": null,
        "BASEMENT_RES": null,
        "BSMT_FINISH_RES": null,
        "ATT_GARAGE_SQFT_RES": null,
        "BATHROOMS_RES": null,
        "GLA_BEDROOMS_RES": null,
        "EXTERIOR_RES": null,
        "ALLOCATION_PCT_RES": null,
        "TRAV_COUNT": 1,
        "LASTUPDATE": null,
        "CREATED_DATE": 1712330344000,
        "LAST_EDITED_DATE": 1712330533000,
        "GLOBALID": "{36230856-D68C-4BE8-8F71-562F27642005}",
        "Join_Count_12": 1,
        "TARGET_FID_12": 7294,
        "Code": null,
        "Desc_Cleaned": "Residential Agricultural",
        "Description": "Residential Agricultural Zone (5 Acres)",
        "City": null,
        "Description_detailed": null,
        "Desc": null,
        "Acres": null,
        "CityLU": "RA-5",
        "Unit_Rate": 5,
        "Parcel_Area": 40444,
        "PctDeveloped": null,
        "Slope_Score": 10,
        "GP_Score": 6,
        "Ownership_Type": "Private",
        "Ownership_Score": 10,
        "Wetlands_Score": 0,
        "Municipality_Score": 10,
        "Final_Score": 7.6,
        "OBJECTID_12": 7292,
        "Join_Count_12_13": 0,
        "TARGET_FID_12_13": 7294,
        "Area": null,
        "Shape_Length_12": null,
        "Shape_Area_12": null,
        "STATUS": " ",
        "CARTOCODE": "11",
        "FULLNAME": "100 N",
        "FROMADDR_L": 17201,
        "TOADDR_L": 17599,
        "FROMADDR_R": 17200,
        "TOADDR_R": 17598,
        "PARITY_L": " ",
        "PARITY_R": " ",
        "PREDIR": "W",
        "NAME": "100",
        "POSTTYPE": " ",
        "POSTDIR": "N",
        "AN_NAME": " ",
        "AN_POSTDIR": " ",
        "A1_PREDIR": " ",
        "A1_NAME": " ",
        "A1_POSTTYP": " ",
        "A1_POSTDIR": " ",
        "A2_PREDIR": " ",
        "A2_NAME": " ",
        "A2_POSTTYP": " ",
        "A2_POSTDIR": " ",
        "QUADRANT_L": "NE",
        "QUADRANT_R": "NE",
        "STATE_L": "UT",
        "STATE_R": "UT",
        "COUNTY_L": "49049",
        "COUNTY_R": "49049",
        "ADDRSYS_L": "Cedar Fort",
        "ADDRSYS_R": "Cedar Fort",
        "POSTCOMM_L": "CEDAR VALLEY",
        "POSTCOMM_R": "CEDAR VALLEY",
        "ZIPCODE_L": "84013",
        "ZIPCODE_R": "84013",
        "INCMUNI_L": "CEDAR FORT",
        "INCMUNI_R": "CEDAR FORT",
        "UNINCCOM_L": " ",
        "UNINCCOM_R": " ",
        "NBRHDCOM_L": " ",
        "NBRHDCOM_R": " ",
        "ER_CAD_ZON": " ",
        "ESN_L": " ",
        "ESN_R": " ",
        "MSAGCOMM_L": " ",
        "MSAGCOMM_R": " ",
        "ONEWAY": "0",
        "VERT_LEVEL": "0",
        "SPEED_LMT": 25,
        "ACCESSCODE": " ",
        "DOT_HWYNAM": " ",
        "DOT_RTNAME": " ",
        "DOT_RTPART": " ",
        "DOT_F_MILE": 0,
        "DOT_T_MILE": 0,
        "DOT_FCLASS": " ",
        "DOT_SRFTYP": " ",
        "DOT_CLASS": "C",
        "DOT_OWN_L": "MU Cedar Fort",
        "DOT_OWN_R": "MU Cedar Fort",
        "DOT_AADT": 0,
        "DOT_AADTYR": " ",
        "DOT_THRULA": 0,
        "BIKE_L": " ",
        "BIKE_R": " ",
        "UNIQUE_ID": "12TVK08476478_100_N",
        "LOCAL_UID": " ",
        "UTAHRD_UID": " ",
        "SOURCE": " ",
        "UPDATED": 1486425600000,
        "EFFECTIVE": null,
        "EXPIRE": null,
        "CUSTOMTAGS": " ",
        "Shape_STLe": 808.016678499,
        "START_ELEV": 1506.59033203125,
        "END_ELEV": 1512.888427734375,
        "STEL_FT": 4942.881824941406,
        "ENDEL_FT": 4963.544869248047,
        "ELEV_CHANGE": 20.663044306640586,
        "SLOPE": 0.7792713719753975,
        "IMP_NO_12": null,
        "USE_CODE_12": null,
        "USE_CODE_DESCR_12": null,
        "COST_CLASS_DESCR_12": null,
        "EXTERIOR_WALL_12": null,
        "ABOVE_GRADE_AREA_12": null,
        "MEZZANINE_12": null,
        "BASEMENT_12": null,
        "BSMT_FINISH_12": null,
        "BSMT_UNFINISH_12": null,
        "QUALITY_DESCR_12": null,
        "CONDITION_12": null,
        "CONDITION_DESCR_12": null,
        "YEAR_BUILT_12": null,
        "UNIT_COUNT_12": null,
        "PCT_COMPLETE_12": null,
        "ALLOCATION_PCT_12": null,
        "IMP_NO_23": null,
        "USE_CODE_23": null,
        "USE_CODE_DESCR_23": null,
        "COST_CLASS_DESCR_23": null,
        "EXTERIOR_WALL_23": null,
        "ABOVE_GRADE_AREA_23": null,
        "MEZZANINE_23": null,
        "BASEMENT_23": null,
        "BSMT_FINISH_23": null,
        "BSMT_UNFINISH_23": null,
        "QUALITY_DESCR_23": null,
        "CONDITION_23": null,
        "CONDITION_DESCR_23": null,
        "YEAR_BUILT_23": null,
        "UNIT_COUNT_23": null,
        "PCT_COMPLETE_23": null,
        "ALLOCATION_PCT_23": null,
        "Entry": 42819,
        "Year": 2025,
        "Record_Date": "2025-06-10",
        "Grantor": "PETERSON, PAUL DEC",
        "Grantee": "WHOM OF INTEREST",
        "Tax_Address": "1019 N TIMPVIEW DR AMERICAN FORK, UT 84003",
        "Serial_Number": "59:036:0013",
        "Serial_Number_Available": "Yes",
        "Detail_URL": "https://www.utahcounty.gov/LandRecords/document.asp?avEntry=42819&avYear=2025",
        "Document_Type": "AF DC",
        "Shape_Length_12_13": 3298.976997822523,
        "Shape_Area_12_13": 435329.90434405254,
        "DocType": "AFDC",
        "Shape_Length": 0.009611454853040236,
        "Shape_Area": 4.286254206334528e-06
      }
    },
    {
      "type": "Feature",
      "id": 45,
      "geometry": {
        "type": "Polygon",
        "coordinates": [
          [
            [
              -112.07743755899997,
              40.32735144600008
            ],
            [
              -112.07744672499996,
              40.32843815200005
            ],
            [
              -112.07862998499996,
              40.32843230000003
            ],
            [
              -112.07859936799997,
              40.32480994500003
            ],
            [
              -112.07741616999999,
              40.32481579700004
            ],
            [
              -112.07743755899997,
              40.32735144600008
            ]
          ]
        ]
      },
      "properties": {
        "OBJECTID": 45,
        "Join_Count": 1,
        "TARGET_FID": 11007077,
        "PARCEL_NO": 590360014,
        "PARCELID": "590360014",
        "PARCELID_LABEL": "59:036:0014",
        "OWNER_NAME": "PETERSON, JAY R & JUDY ANN C",
        "CARE_NAME": null,
        "ACREAGE": 10,
        "SITE_FULL_ADDRESS": "CEDAR FORT, UT",
        "SITE_HOUSE_NUM": " ",
        "SITE_PRE_DIR": null,
        "SITE_STREET_NAME": null,
        "SITE_STREET_TYPE": null,
        "SITE_POST_DIR": null,
        "SITE_STREET_UNIT": null,
        "SITE_CITY": "CEDAR FORT",
        "SITE_STATE": "UT",
        "SITE_ZIP5": "84013",
        "OWN_FULL_ADDRESS": "2169 E 200 N  SAINT ANTHONY, ID 83445-5600",
        "OWN_STREET_ADDRESS": "2169 E 200 N",
        "OWN_CITY": "SAINT ANTHONY",
        "OWN_STATE": "ID",
        "OWN_ZIP5": "83445",
        "VESTING_DOC": "20970-2000",
        "PARCEL_CREATE_DATE": 347068800000,
        "MAP_FILING_NO": null,
        "SUB_NAME": null,
        "LEGAL_DESCR": "COM AT NE COR. LOT 12 SEC. 4 T6S R2W SLB&M.; N 6 CH; W 5 CH; S 20 CH; E 5 CH; N 14 CH TO BEG. AREA 10.000 AC.",
        "BOOK_PAGE": 59036,
        "LOT": null,
        "BUILDING": null,
        "UNIT": null,
        "TAX_DISTRICT": "050",
        "TAX_DISTRICT_DESCR": "CEDAR FORT CITY",
        "SCHOOL_DISTRICT": "ALPINE",
        "TAXABLE_CODE": 100,
        "ACCOUNT_TYPE": "RESIDENTIAL",
        "PROP_TYPE": 900,
        "PROP_TYPE_DESCR": "VACANT",
        "SPECIFIC_PROP_TYPE": 901,
        "SPC_PROP_TYP_DESCR": "Vac Res",
        "NEIGHBORHOOD": "103",
        "NBHD_DISTRICT": "825",
        "LAND_DISTRICT": 8002,
        "ECONOMIC_UNIT": null,
        "GLA_WEIGHTED_YRBLT": null,
        "TOTAL_ABOVE_GRADE_AREA": null,
        "TOTAL_MEZZANINE": null,
        "TOTAL_BASEMENT": null,
        "TOTAL_BSMT_FINISH": null,
        "TOTAL_UNIT_COUNT": null,
        "TOTAL_IMP_COUNT": null,
        "ASMT_YEAR": 2026,
        "ASMT_CODE": "V",
        "ASMT_CODE_DESCR": "VACANT",
        "MKT_LAND_VALUE": 74600,
        "MKT_LAND_RES": 0,
        "MKT_LAND_AGR": 74600,
        "MKT_LAND_COM": 0,
        "MKT_IMP_VALUE": 0,
        "MKT_IMP_RES": 0,
        "MKT_IMP_AGR": 0,
        "MKT_IMP_COM": 0,
        "MKT_CUR_VALUE": 74600,
        "MKT_PRV_VAL": 74600,
        "MKT_VAL_YR_CHG": 0,
        "MKT_PCT_CHG": 0,
        "TXBL_CUR_VALUE": 4980,
        "TXBL_PRV_VAL": 4980,
        "TXBL_VAL_YR_CHG": 0,
        "TXBL_PCT_CHG": 0,
        "TOT_CUR_TAXES": 0,
        "TOT_PRV_TAXES": 0,
        "TAXES_YR_CHG": 0,
        "TAXES_PCT_CHG": 0,
        "GREENBELT": "GB",
        "EXEMPT_RES": "N",
        "COMMON_AREA": null,
        "PUBLIC_ROAD": null,
        "PRIVATE_ROAD": null,
        "PART_CENTRAL_ASSD": null,
        "PART_TAXABLE": null,
        "IMP_NO_RES": null,
        "COST_GROUP_RES": null,
        "STYLE_DESCR_RES": null,
        "QUALITY_RES": null,
        "QUALITY_DESCR_RES": null,
        "CONDITION_RES": null,
        "CONDITION_DESCR_RES": null,
        "YEARBLT_RES": null,
        "GLA_RES": null,
        "BASEMENT_RES": null,
        "BSMT_FINISH_RES": null,
        "ATT_GARAGE_SQFT_RES": null,
        "BATHROOMS_RES": null,
        "GLA_BEDROOMS_RES": null,
        "EXTERIOR_RES": null,
        "ALLOCATION_PCT_RES": null,
        "TRAV_COUNT": 1,
        "LASTUPDATE": null,
        "CREATED_DATE": 1712330344000,
        "LAST_EDITED_DATE": 1712330533000,
        "GLOBALID": "{CC96CB63-F62D-4DFB-B204-BB085F3E71E4}",
        "Join_Count_12": 1,
        "TARGET_FID_12": 7295,
        "Code": null,
        "Desc_Cleaned": "Residential Agricultural",
        "Description": "Residential Agricultural Zone (5 Acres)",
        "City": null,
        "Description_detailed": null,
        "Desc": null,
        "Acres": null,
        "CityLU": "RA-5",
        "Unit_Rate": 5,
        "Parcel_Area": 40444,
        "PctDeveloped": null,
        "Slope_Score": 10,
        "GP_Score": 6,
        "Ownership_Type": "Private",
        "Ownership_Score": 10,
        "Wetlands_Score": 0,
        "Municipality_Score": 10,
        "Final_Score": 7.6,
        "OBJECTID_12": 7293,
        "Join_Count_12_13": 0,
        "TARGET_FID_12_13": 7295,
        "Area": null,
        "Shape_Length_12": null,
        "Shape_Area_12": null,
        "STATUS": " ",
        "CARTOCODE": "11",
        "FULLNAME": "100 N",
        "FROMADDR_L": 17201,
        "TOADDR_L": 17599,
        "FROMADDR_R": 17200,
        "TOADDR_R": 17598,
        "PARITY_L": " ",
        "PARITY_R": " ",
        "PREDIR": "W",
        "NAME": "100",
        "POSTTYPE": " ",
        "POSTDIR": "N",
        "AN_NAME": " ",
        "AN_POSTDIR": " ",
        "A1_PREDIR": " ",
        "A1_NAME": " ",
        "A1_POSTTYP": " ",
        "A1_POSTDIR": " ",
        "A2_PREDIR": " ",
        "A2_NAME": " ",
        "A2_POSTTYP": " ",
        "A2_POSTDIR": " ",
        "QUADRANT_L": "NE",
        "QUADRANT_R": "NE",
        "STATE_L": "UT",
        "STATE_R": "UT",
        "COUNTY_L": "49049",
        "COUNTY_R": "49049",
        "ADDRSYS_L": "Cedar Fort",
        "ADDRSYS_R": "Cedar Fort",
        "POSTCOMM_L": "CEDAR VALLEY",
        "POSTCOMM_R": "CEDAR VALLEY",
        "ZIPCODE_L": "84013",
        "ZIPCODE_R": "84013",
        "INCMUNI_L": "CEDAR FORT",
        "INCMUNI_R": "CEDAR FORT",
        "UNINCCOM_L": " ",
        "UNINCCOM_R": " ",
        "NBRHDCOM_L": " ",
        "NBRHDCOM_R": " ",
        "ER_CAD_ZON": " ",
        "ESN_L": " ",
        "ESN_R": " ",
        "MSAGCOMM_L": " ",
        "MSAGCOMM_R": " ",
        "ONEWAY": "0",
        "VERT_LEVEL": "0",
        "SPEED_LMT": 25,
        "ACCESSCODE": " ",
        "DOT_HWYNAM": " ",
        "DOT_RTNAME": " ",
        "DOT_RTPART": " ",
        "DOT_F_MILE": 0,
        "DOT_T_MILE": 0,
        "DOT_FCLASS": " ",
        "DOT_SRFTYP": " ",
        "DOT_CLASS": "C",
        "DOT_OWN_L": "MU Cedar Fort",
        "DOT_OWN_R": "MU Cedar Fort",
        "DOT_AADT": 0,
        "DOT_AADTYR": " ",
        "DOT_THRULA": 0,
        "BIKE_L": " ",
        "BIKE_R": " ",
        "UNIQUE_ID": "12TVK08476478_100_N",
        "LOCAL_UID": " ",
        "UTAHRD_UID": " ",
        "SOURCE": " ",
        "UPDATED": 1486425600000,
        "EFFECTIVE": null,
        "EXPIRE": null,
        "CUSTOMTAGS": " ",
        "Shape_STLe": 808.016678499,
        "START_ELEV": 1506.59033203125,
        "END_ELEV": 1512.888427734375,
        "STEL_FT": 4942.881824941406,
        "ENDEL_FT": 4963.544869248047,
        "ELEV_CHANGE": 20.663044306640586,
        "SLOPE": 0.7792713719753975,
        "IMP_NO_12": null,
        "USE_CODE_12": null,
        "USE_CODE_DESCR_12": null,
        "COST_CLASS_DESCR_12": null,
        "EXTERIOR_WALL_12": null,
        "ABOVE_GRADE_AREA_12": null,
        "MEZZANINE_12": null,
        "BASEMENT_12": null,
        "BSMT_FINISH_12": null,
        "BSMT_UNFINISH_12": null,
        "QUALITY_DESCR_12": null,
        "CONDITION_12": null,
        "CONDITION_DESCR_12": null,
        "YEAR_BUILT_12": null,
        "UNIT_COUNT_12": null,
        "PCT_COMPLETE_12": null,
        "ALLOCATION_PCT_12": null,
        "IMP_NO_23": null,
        "USE_CODE_23": null,
        "USE_CODE_DESCR_23": null,
        "COST_CLASS_DESCR_23": null,
        "EXTERIOR_WALL_23": null,
        "ABOVE_GRADE_AREA_23": null,
        "MEZZANINE_23": null,
        "BASEMENT_23": null,
        "BSMT_FINISH_23": null,
        "BSMT_UNFINISH_23": null,
        "QUALITY_DESCR_23": null,
        "CONDITION_23": null,
        "CONDITION_DESCR_23": null,
        "YEAR_BUILT_23": null,
        "UNIT_COUNT_23": null,
        "PCT_COMPLETE_23": null,
        "ALLOCATION_PCT_23": null,
        "Entry": 42820,
        "Year": 2025,
        "Record_Date": "2025-06-10",
        "Grantor": "PETERSON, PAUL DEC",
        "Grantee": "WHOM OF INTEREST",
        "Tax_Address": "405 S MAIN ST STE 800 SALT LAKE CITY, UT 84111",
        "Serial_Number": "59:036:0048",
        "Serial_Number_Available": "Yes",
        "Detail_URL": "https://www.utahcounty.gov/LandRecords/document.asp?avEntry=42820&avYear=2025",
        "Document_Type": "AF DC",
        "Shape_Length_12_13": 3299.006525337696,
        "Shape_Area_12_13": 435337.6972287644,
        "DocType": "AFDC",
        "Shape_Length": 0.009611455196571733,
        "Shape_Area": 4.286253575581671e-06
      }
    },
    {
      "type": "Feature",
      "id": 46,
      "geometry": {
        "type": "Polygon",
        "coordinates": [
          [
            [
              -112.07271368299996,
              40.32846152600007
            ],
            [
              -112.07275308499999,
              40.33317063000004
            ],
            [
              -112.07393644099994,
              40.33316482500004
            ],
            [
              -112.07392808799995,
              40.332168669000055
            ],
            [
              -112.07406972899997,
              40.332167973000026
            ],
            [
              -112.07403859099998,
              40.32845502600003
            ],
            [
              -112.07271368299996,
              40.32846152600007
            ]
          ]
        ]
      },
      "properties": {
        "OBJECTID": 46,
        "Join_Count": 1,
        "TARGET_FID": 11007165,
        "PARCEL_NO": 590360016,
        "PARCELID": "590360016",
        "PARCELID_LABEL": "59:036:0016",
        "OWNER_NAME": "PETERSON, PAUL & MARGERY J",
        "CARE_NAME": null,
        "ACREAGE": 14.22689,
        "SITE_FULL_ADDRESS": "CEDAR FORT, UT",
        "SITE_HOUSE_NUM": " ",
        "SITE_PRE_DIR": null,
        "SITE_STREET_NAME": null,
        "SITE_STREET_TYPE": null,
        "SITE_POST_DIR": null,
        "SITE_STREET_UNIT": null,
        "SITE_CITY": "CEDAR FORT",
        "SITE_STATE": "UT",
        "SITE_ZIP5": "84013",
        "OWN_FULL_ADDRESS": "1019 TIMPVIEW DR  AMERICAN FORK, UT 84003-1234",
        "OWN_STREET_ADDRESS": "1019 TIMPVIEW DR",
        "OWN_CITY": "AMERICAN FORK",
        "OWN_STATE": "UT",
        "OWN_ZIP5": "84003",
        "VESTING_DOC": "8690-1977",
        "PARCEL_CREATE_DATE": 347068800000,
        "MAP_FILING_NO": null,
        "SUB_NAME": null,
        "LEGAL_DESCR": "COM & N 24 RD FR SE COR. LOT 1 SEC. 4 T6S R2W SLB&M.; W 369.5 FT; N 20.5 CH; E 39.5 FT; N 5.5 CH; E 5 CH; S 26 CH TO BEG. AREA 14.227 AC.",
        "BOOK_PAGE": 59036,
        "LOT": null,
        "BUILDING": null,
        "UNIT": null,
        "TAX_DISTRICT": "050",
        "TAX_DISTRICT_DESCR": "CEDAR FORT CITY",
        "SCHOOL_DISTRICT": "ALPINE",
        "TAXABLE_CODE": 100,
        "ACCOUNT_TYPE": "RESIDENTIAL",
        "PROP_TYPE": 900,
        "PROP_TYPE_DESCR": "VACANT",
        "SPECIFIC_PROP_TYPE": 901,
        "SPC_PROP_TYP_DESCR": "Vac Res",
        "NEIGHBORHOOD": "103",
        "NBHD_DISTRICT": "825",
        "LAND_DISTRICT": 8002,
        "ECONOMIC_UNIT": null,
        "GLA_WEIGHTED_YRBLT": null,
        "TOTAL_ABOVE_GRADE_AREA": null,
        "TOTAL_MEZZANINE": null,
        "TOTAL_BASEMENT": null,
        "TOTAL_BSMT_FINISH": null,
        "TOTAL_UNIT_COUNT": null,
        "TOTAL_IMP_COUNT": null,
        "ASMT_YEAR": 2026,
        "ASMT_CODE": "V",
        "ASMT_CODE_DESCR": "VACANT",
        "MKT_LAND_VALUE": 104700,
        "MKT_LAND_RES": 0,
        "MKT_LAND_AGR": 104700,
        "MKT_LAND_COM": 0,
        "MKT_IMP_VALUE": 0,
        "MKT_IMP_RES": 0,
        "MKT_IMP_AGR": 0,
        "MKT_IMP_COM": 0,
        "MKT_CUR_VALUE": 104700,
        "MKT_PRV_VAL": 104700,
        "MKT_VAL_YR_CHG": 0,
        "MKT_PCT_CHG": 0,
        "TXBL_CUR_VALUE": 7087,
        "TXBL_PRV_VAL": 7087,
        "TXBL_VAL_YR_CHG": 0,
        "TXBL_PCT_CHG": 0,
        "TOT_CUR_TAXES": 0,
        "TOT_PRV_TAXES": 0,
        "TAXES_YR_CHG": 0,
        "TAXES_PCT_CHG": 0,
        "GREENBELT": "GB",
        "EXEMPT_RES": "N",
        "COMMON_AREA": null,
        "PUBLIC_ROAD": null,
        "PRIVATE_ROAD": null,
        "PART_CENTRAL_ASSD": null,
        "PART_TAXABLE": null,
        "IMP_NO_RES": null,
        "COST_GROUP_RES": null,
        "STYLE_DESCR_RES": null,
        "QUALITY_RES": null,
        "QUALITY_DESCR_RES": null,
        "CONDITION_RES": null,
        "CONDITION_DESCR_RES": null,
        "YEARBLT_RES": null,
        "GLA_RES": null,
        "BASEMENT_RES": null,
        "BSMT_FINISH_RES": null,
        "ATT_GARAGE_SQFT_RES": null,
        "BATHROOMS_RES": null,
        "GLA_BEDROOMS_RES": null,
        "EXTERIOR_RES": null,
        "ALLOCATION_PCT_RES": null,
        "TRAV_COUNT": 1,
        "LASTUPDATE": null,
        "CREATED_DATE": 1712330344000,
        "LAST_EDITED_DATE": 1712330533000,
        "GLOBALID": "{E730353E-68A2-4F93-9E01-6F9E35CF5995}",
        "Join_Count_12": 1,
        "TARGET_FID_12": 7347,
        "Code": null,
        "Desc_Cleaned": "Residential Agricultural",
        "Description": "Residential Agricultural Zone (5 Acres)",
        "City": null,
        "Description_detailed": null,
        "Desc": null,
        "Acres": null,
        "CityLU": "RA-5",
        "Unit_Rate": 5,
        "Parcel_Area": 57540,
        "PctDeveloped": null,
        "Slope_Score": 10,
        "GP_Score": 6,
        "Ownership_Type": "Private",
        "Ownership_Score": 10,
        "Wetlands_Score": 0,
        "Municipality_Score": 10,
        "Final_Score": 7.6,
        "OBJECTID_12": 7345,
        "Join_Count_12_13": 0,
        "TARGET_FID_12_13": 7347,
        "Area": null,
        "Shape_Length_12": null,
        "Shape_Area_12": null,
        "STATUS": " ",
        "CARTOCODE": "11",
        "FULLNAME": "100 N",
        "FROMADDR_L": 17201,
        "TOADDR_L": 17599,
        "FROMADDR_R": 17200,
        "TOADDR_R": 17598,
        "PARITY_L": " ",
        "PARITY_R": " ",
        "PREDIR": "W",
        "NAME": "100",
        "POSTTYPE": " ",
        "POSTDIR": "N",
        "AN_NAME": " ",
        "AN_POSTDIR": " ",
        "A1_PREDIR": " ",
        "A1_NAME": " ",
        "A1_POSTTYP": " ",
        "A1_POSTDIR": " ",
        "A2_PREDIR": " ",
        "A2_NAME": " ",
        "A2_POSTTYP": " ",
        "A2_POSTDIR": " ",
        "QUADRANT_L": "NE",
        "QUADRANT_R": "NE",
        "STATE_L": "UT",
        "STATE_R": "UT",
        "COUNTY_L": "49049",
        "COUNTY_R": "49049",
        "ADDRSYS_L": "Cedar Fort",
        "ADDRSYS_R": "Cedar Fort",
        "POSTCOMM_L": "CEDAR VALLEY",
        "POSTCOMM_R": "CEDAR VALLEY",
        "ZIPCODE_L": "84013",
        "ZIPCODE_R": "84013",
        "INCMUNI_L": "CEDAR FORT",
        "INCMUNI_R": "CEDAR FORT",
        "UNINCCOM_L": " ",
        "UNINCCOM_R": " ",
        "NBRHDCOM_L": " ",
        "NBRHDCOM_R": " ",
        "ER_CAD_ZON": " ",
        "ESN_L": " ",
        "ESN_R": " ",
        "MSAGCOMM_L": " ",
        "MSAGCOMM_R": " ",
        "ONEWAY": "0",
        "VERT_LEVEL": "0",
        "SPEED_LMT": 25,
        "ACCESSCODE": " ",
        "DOT_HWYNAM": " ",
        "DOT_RTNAME": " ",
        "DOT_RTPART": " ",
        "DOT_F_MILE": 0,
        "DOT_T_MILE": 0,
        "DOT_FCLASS": " ",
        "DOT_SRFTYP": " ",
        "DOT_CLASS": "C",
        "DOT_OWN_L": "MU Cedar Fort",
        "DOT_OWN_R": "MU Cedar Fort",
        "DOT_AADT": 0,
        "DOT_AADTYR": " ",
        "DOT_THRULA": 0,
        "BIKE_L": " ",
        "BIKE_R": " ",
        "UNIQUE_ID": "12TVK08476478_100_N",
        "LOCAL_UID": " ",
        "UTAHRD_UID": " ",
        "SOURCE": " ",
        "UPDATED": 1486425600000,
        "EFFECTIVE": null,
        "EXPIRE": null,
        "CUSTOMTAGS": " ",
        "Shape_STLe": 808.016678499,
        "START_ELEV": 1506.59033203125,
        "END_ELEV": 1512.888427734375,
        "STEL_FT": 4942.881824941406,
        "ENDEL_FT": 4963.544869248047,
        "ELEV_CHANGE": 20.663044306640586,
        "SLOPE": 0.7792713719753975,
        "IMP_NO_12": null,
        "USE_CODE_12": null,
        "USE_CODE_DESCR_12": null,
        "COST_CLASS_DESCR_12": null,
        "EXTERIOR_WALL_12": null,
        "ABOVE_GRADE_AREA_12": null,
        "MEZZANINE_12": null,
        "BASEMENT_12": null,
        "BSMT_FINISH_12": null,
        "BSMT_UNFINISH_12": null,
        "QUALITY_DESCR_12": null,
        "CONDITION_12": null,
        "CONDITION_DESCR_12": null,
        "YEAR_BUILT_12": null,
        "UNIT_COUNT_12": null,
        "PCT_COMPLETE_12": null,
        "ALLOCATION_PCT_12": null,
        "IMP_NO_23": null,
        "USE_CODE_23": null,
        "USE_CODE_DESCR_23": null,
        "COST_CLASS_DESCR_23": null,
        "EXTERIOR_WALL_23": null,
        "ABOVE_GRADE_AREA_23": null,
        "MEZZANINE_23": null,
        "BASEMENT_23": null,
        "BSMT_FINISH_23": null,
        "BSMT_UNFINISH_23": null,
        "QUALITY_DESCR_23": null,
        "CONDITION_23": null,
        "CONDITION_DESCR_23": null,
        "YEAR_BUILT_23": null,
        "UNIT_COUNT_23": null,
        "PCT_COMPLETE_23": null,
        "ALLOCATION_PCT_23": null,
        "Entry": 42818,
        "Year": 2025,
        "Record_Date": "2025-06-10",
        "Grantor": "PETERSON, PAUL DEC",
        "Grantee": "WHOM OF INTEREST",
        "Tax_Address": "1019 N TIMPVIEW DR AMERICAN FORK, UT 84003",
        "Serial_Number": "59:036:0016",
        "Serial_Number_Available": "Yes",
        "Detail_URL": "https://www.utahcounty.gov/LandRecords/document.asp?avEntry=42818&avYear=2025",
        "Document_Type": "AF DC",
        "Shape_Length_12_13": 4169.748878359795,
        "Shape_Area_12_13": 619352.1523119939,
        "DocType": "AFDC",
        "Shape_Length": 0.012068474316656298,
        "Shape_Area": 6.098495255836798e-06
      }
    },
    {
      "type": "Feature",
      "id": 47,
      "geometry": {
        "type": "Polygon",
        "coordinates": [
          [
            [
              -112.07263870299994,
              40.32742205200003
            ],
            [
              -112.07264779399998,
              40.32850876900005
            ],
            [
              -112.07501433999994,
              40.32849714900004
            ],
            [
              -112.07498391399997,
              40.32487475800008
            ],
            [
              -112.07261749299994,
              40.32488637700004
            ],
            [
              -112.07263870299994,
              40.32742205200003
            ]
          ]
        ]
      },
      "properties": {
        "OBJECTID": 47,
        "Join_Count": 1,
        "TARGET_FID": 11007166,
        "PARCEL_NO": 590360017,
        "PARCELID": "590360017",
        "PARCELID_LABEL": "59:036:0017",
        "OWNER_NAME": "PETERSON, PAUL & MARGERY J",
        "CARE_NAME": "%PETERSON, JONATHAN",
        "ACREAGE": 20,
        "SITE_FULL_ADDRESS": "CEDAR FORT, UT",
        "SITE_HOUSE_NUM": " ",
        "SITE_PRE_DIR": null,
        "SITE_STREET_NAME": null,
        "SITE_STREET_TYPE": null,
        "SITE_POST_DIR": null,
        "SITE_STREET_UNIT": null,
        "SITE_CITY": "CEDAR FORT",
        "SITE_STATE": "UT",
        "SITE_ZIP5": "84013",
        "OWN_FULL_ADDRESS": "%PETERSON, JONATHAN  552 W 11200 S  WOODLAND HILLS, UT 84653",
        "OWN_STREET_ADDRESS": "552 W 11200 S",
        "OWN_CITY": "WOODLAND HILLS",
        "OWN_STATE": "UT",
        "OWN_ZIP5": "84653",
        "VESTING_DOC": "8690-1977",
        "PARCEL_CREATE_DATE": 315446400000,
        "MAP_FILING_NO": null,
        "SUB_NAME": null,
        "LEGAL_DESCR": "COM AT CENTER SEC. 4 T6S R2W SLB&M.; N 6 CH; W 10 CH; S 20 CH; E 10 CH; N 14 CH TO BEG. AREA 20.000 AC.",
        "BOOK_PAGE": 59036,
        "LOT": null,
        "BUILDING": null,
        "UNIT": null,
        "TAX_DISTRICT": "050",
        "TAX_DISTRICT_DESCR": "CEDAR FORT CITY",
        "SCHOOL_DISTRICT": "ALPINE",
        "TAXABLE_CODE": 100,
        "ACCOUNT_TYPE": "RESIDENTIAL",
        "PROP_TYPE": 900,
        "PROP_TYPE_DESCR": "VACANT",
        "SPECIFIC_PROP_TYPE": 901,
        "SPC_PROP_TYP_DESCR": "Vac Res",
        "NEIGHBORHOOD": "103",
        "NBHD_DISTRICT": "825",
        "LAND_DISTRICT": 8002,
        "ECONOMIC_UNIT": null,
        "GLA_WEIGHTED_YRBLT": null,
        "TOTAL_ABOVE_GRADE_AREA": null,
        "TOTAL_MEZZANINE": null,
        "TOTAL_BASEMENT": null,
        "TOTAL_BSMT_FINISH": null,
        "TOTAL_UNIT_COUNT": null,
        "TOTAL_IMP_COUNT": null,
        "ASMT_YEAR": 2026,
        "ASMT_CODE": "V",
        "ASMT_CODE_DESCR": "VACANT",
        "MKT_LAND_VALUE": 147200,
        "MKT_LAND_RES": 0,
        "MKT_LAND_AGR": 147200,
        "MKT_LAND_COM": 0,
        "MKT_IMP_VALUE": 0,
        "MKT_IMP_RES": 0,
        "MKT_IMP_AGR": 0,
        "MKT_IMP_COM": 0,
        "MKT_CUR_VALUE": 147200,
        "MKT_PRV_VAL": 147200,
        "MKT_VAL_YR_CHG": 0,
        "MKT_PCT_CHG": 0,
        "TXBL_CUR_VALUE": 9960,
        "TXBL_PRV_VAL": 9960,
        "TXBL_VAL_YR_CHG": 0,
        "TXBL_PCT_CHG": 0,
        "TOT_CUR_TAXES": 0,
        "TOT_PRV_TAXES": 0,
        "TAXES_YR_CHG": 0,
        "TAXES_PCT_CHG": 0,
        "GREENBELT": "GB",
        "EXEMPT_RES": "N",
        "COMMON_AREA": null,
        "PUBLIC_ROAD": null,
        "PRIVATE_ROAD": null,
        "PART_CENTRAL_ASSD": null,
        "PART_TAXABLE": null,
        "IMP_NO_RES": null,
        "COST_GROUP_RES": null,
        "STYLE_DESCR_RES": null,
        "QUALITY_RES": null,
        "QUALITY_DESCR_RES": null,
        "CONDITION_RES": null,
        "CONDITION_DESCR_RES": null,
        "YEARBLT_RES": null,
        "GLA_RES": null,
        "BASEMENT_RES": null,
        "BSMT_FINISH_RES": null,
        "ATT_GARAGE_SQFT_RES": null,
        "BATHROOMS_RES": null,
        "GLA_BEDROOMS_RES": null,
        "EXTERIOR_RES": null,
        "ALLOCATION_PCT_RES": null,
        "TRAV_COUNT": 1,
        "LASTUPDATE": null,
        "CREATED_DATE": 1712330344000,
        "LAST_EDITED_DATE": 1712330533000,
        "GLOBALID": "{3C8A3D78-9CB9-4CC9-8D94-9117DF40AAA7}",
        "Join_Count_12": 1,
        "TARGET_FID_12": 7348,
        "Code": null,
        "Desc_Cleaned": "Residential Agricultural",
        "Description": "Residential Agricultural Zone (5 Acres)",
        "City": null,
        "Description_detailed": null,
        "Desc": null,
        "Acres": null,
        "CityLU": "RA-5",
        "Unit_Rate": 5,
        "Parcel_Area": 80889,
        "PctDeveloped": null,
        "Slope_Score": 10,
        "GP_Score": 6,
        "Ownership_Type": "Private",
        "Ownership_Score": 10,
        "Wetlands_Score": 0,
        "Municipality_Score": 10,
        "Final_Score": 7.6,
        "OBJECTID_12": 7346,
        "Join_Count_12_13": 0,
        "TARGET_FID_12_13": 7348,
        "Area": null,
        "Shape_Length_12": null,
        "Shape_Area_12": null,
        "STATUS": " ",
        "CARTOCODE": "11",
        "FULLNAME": "100 N",
        "FROMADDR_L": 17201,
        "TOADDR_L": 17599,
        "FROMADDR_R": 17200,
        "TOADDR_R": 17598,
        "PARITY_L": " ",
        "PARITY_R": " ",
        "PREDIR": "W",
        "NAME": "100",
        "POSTTYPE": " ",
        "POSTDIR": "N",
        "AN_NAME": " ",
        "AN_POSTDIR": " ",
        "A1_PREDIR": " ",
        "A1_NAME": " ",
        "A1_POSTTYP": " ",
        "A1_POSTDIR": " ",
        "A2_PREDIR": " ",
        "A2_NAME": " ",
        "A2_POSTTYP": " ",
        "A2_POSTDIR": " ",
        "QUADRANT_L": "NE",
        "QUADRANT_R": "NE",
        "STATE_L": "UT",
        "STATE_R": "UT",
        "COUNTY_L": "49049",
        "COUNTY_R": "49049",
        "ADDRSYS_L": "Cedar Fort",
        "ADDRSYS_R": "Cedar Fort",
        "POSTCOMM_L": "CEDAR VALLEY",
        "POSTCOMM_R": "CEDAR VALLEY",
        "ZIPCODE_L": "84013",
        "ZIPCODE_R": "84013",
        "INCMUNI_L": "CEDAR FORT",
        "INCMUNI_R": "CEDAR FORT",
        "UNINCCOM_L": " ",
        "UNINCCOM_R": " ",
        "NBRHDCOM_L": " ",
        "NBRHDCOM_R": " ",
        "ER_CAD_ZON": " ",
        "ESN_L": " ",
        "ESN_R": " ",
        "MSAGCOMM_L": " ",
        "MSAGCOMM_R": " ",
        "ONEWAY": "0",
        "VERT_LEVEL": "0",
        "SPEED_LMT": 25,
        "ACCESSCODE": " ",
        "DOT_HWYNAM": " ",
        "DOT_RTNAME": " ",
        "DOT_RTPART": " ",
        "DOT_F_MILE": 0,
        "DOT_T_MILE": 0,
        "DOT_FCLASS": " ",
        "DOT_SRFTYP": " ",
        "DOT_CLASS": "C",
        "DOT_OWN_L": "MU Cedar Fort",
        "DOT_OWN_R": "MU Cedar Fort",
        "DOT_AADT": 0,
        "DOT_AADTYR": " ",
        "DOT_THRULA": 0,
        "BIKE_L": " ",
        "BIKE_R": " ",
        "UNIQUE_ID": "12TVK08476478_100_N",
        "LOCAL_UID": " ",
        "UTAHRD_UID": " ",
        "SOURCE": " ",
        "UPDATED": 1486425600000,
        "EFFECTIVE": null,
        "EXPIRE": null,
        "CUSTOMTAGS": " ",
        "Shape_STLe": 808.016678499,
        "START_ELEV": 1506.59033203125,
        "END_ELEV": 1512.888427734375,
        "STEL_FT": 4942.881824941406,
        "ENDEL_FT": 4963.544869248047,
        "ELEV_CHANGE": 20.663044306640586,
        "SLOPE": 0.7792713719753975,
        "IMP_NO_12": null,
        "USE_CODE_12": null,
        "USE_CODE_DESCR_12": null,
        "COST_CLASS_DESCR_12": null,
        "EXTERIOR_WALL_12": null,
        "ABOVE_GRADE_AREA_12": null,
        "MEZZANINE_12": null,
        "BASEMENT_12": null,
        "BSMT_FINISH_12": null,
        "BSMT_UNFINISH_12": null,
        "QUALITY_DESCR_12": null,
        "CONDITION_12": null,
        "CONDITION_DESCR_12": null,
        "YEAR_BUILT_12": null,
        "UNIT_COUNT_12": null,
        "PCT_COMPLETE_12": null,
        "ALLOCATION_PCT_12": null,
        "IMP_NO_23": null,
        "USE_CODE_23": null,
        "USE_CODE_DESCR_23": null,
        "COST_CLASS_DESCR_23": null,
        "EXTERIOR_WALL_23": null,
        "ABOVE_GRADE_AREA_23": null,
        "MEZZANINE_23": null,
        "BASEMENT_23": null,
        "BSMT_FINISH_23": null,
        "BSMT_UNFINISH_23": null,
        "QUALITY_DESCR_23": null,
        "CONDITION_23": null,
        "CONDITION_DESCR_23": null,
        "YEAR_BUILT_23": null,
        "UNIT_COUNT_23": null,
        "PCT_COMPLETE_23": null,
        "ALLOCATION_PCT_23": null,
        "Entry": 42821,
        "Year": 2025,
        "Record_Date": "2025-06-10",
        "Grantor": "PETERSON, PAUL DEC",
        "Grantee": "WHOM OF INTEREST",
        "Tax_Address": "1019 N TIMPVIEW DR AMERICAN FORK, UT 84003",
        "Serial_Number": "59:036:0027",
        "Serial_Number_Available": "Yes",
        "Detail_URL": "https://www.utahcounty.gov/LandRecords/document.asp?avEntry=42821&avYear=2025",
        "Document_Type": "AF DC",
        "Shape_Length_12_13": 7971.898584353152,
        "Shape_Area_12_13": 3531776.4117728467,
        "DocType": "AFDC",
        "Shape_Length": 0.011978061560312288,
        "Shape_Area": 8.572683800916915e-06
      }
    },
    {
      "type": "Feature",
      "id": 48,
      "geometry": {
        "type": "Polygon",
        "coordinates": [
          [
            [
              -112.08941131199998,
              40.333345777000034
            ],
            [
              -112.08940681599995,
              40.332443659000035
            ],
            [
              -112.08822906399996,
              40.33242307800003
            ],
            [
              -112.08701909599995,
              40.332406957000046
            ],
            [
              -112.08701293299998,
              40.33332976600008
            ],
            [
              -112.08900075699995,
              40.333343196000044
            ],
            [
              -112.08941131199998,
              40.333345777000034
            ]
          ]
        ]
      },
      "properties": {
        "OBJECTID": 48,
        "Join_Count": 1,
        "TARGET_FID": 11007394,
        "PARCEL_NO": 590370099,
        "PARCELID": "590370099",
        "PARCELID_LABEL": "59:037:0099",
        "OWNER_NAME": "COOK, G L & S (ET AL)",
        "CARE_NAME": null,
        "ACREAGE": 5.10121,
        "SITE_FULL_ADDRESS": "CEDAR FORT, UT",
        "SITE_HOUSE_NUM": " ",
        "SITE_PRE_DIR": null,
        "SITE_STREET_NAME": null,
        "SITE_STREET_TYPE": null,
        "SITE_POST_DIR": null,
        "SITE_STREET_UNIT": null,
        "SITE_CITY": "CEDAR FORT",
        "SITE_STATE": "UT",
        "SITE_ZIP5": "84013",
        "OWN_FULL_ADDRESS": "2764 FOOTHILL DR  OGDEN, UT 84403",
        "OWN_STREET_ADDRESS": "2764 FOOTHILL DR",
        "OWN_CITY": "OGDEN",
        "OWN_STATE": "UT",
        "OWN_ZIP5": "84403",
        "VESTING_DOC": "45193-2016",
        "PARCEL_CREATE_DATE": 1052092800000,
        "MAP_FILING_NO": null,
        "SUB_NAME": null,
        "LEGAL_DESCR": "COM S 89 DEG 9' 10\" E 31.38 FT & S 89 DEG 9' 10\" E 591.42 FT FR N1/4 COR. SEC. 5 T6S R2W SLB&M.; S 89 DEG 9' 10\" E 114.49 FT; S 89 DEG 7' 3\" E 554.35 FT; S 0 DEG 40' 8\" W 336.27 FT; N 88 DEG 37' 34\" W 337.47 FT; N 88 DEG 18' 53\" W 328.52 FT; N 0 DEG 9' 31\" E 328.73 FT TO BEG. AREA 5.101 AC.",
        "BOOK_PAGE": 59037,
        "LOT": null,
        "BUILDING": null,
        "UNIT": null,
        "TAX_DISTRICT": "050",
        "TAX_DISTRICT_DESCR": "CEDAR FORT CITY",
        "SCHOOL_DISTRICT": "ALPINE",
        "TAXABLE_CODE": 100,
        "ACCOUNT_TYPE": "RESIDENTIAL",
        "PROP_TYPE": 900,
        "PROP_TYPE_DESCR": "VACANT",
        "SPECIFIC_PROP_TYPE": 901,
        "SPC_PROP_TYP_DESCR": "Vac Res",
        "NEIGHBORHOOD": "103",
        "NBHD_DISTRICT": "825",
        "LAND_DISTRICT": 8002,
        "ECONOMIC_UNIT": null,
        "GLA_WEIGHTED_YRBLT": null,
        "TOTAL_ABOVE_GRADE_AREA": null,
        "TOTAL_MEZZANINE": null,
        "TOTAL_BASEMENT": null,
        "TOTAL_BSMT_FINISH": null,
        "TOTAL_UNIT_COUNT": null,
        "TOTAL_IMP_COUNT": null,
        "ASMT_YEAR": 2026,
        "ASMT_CODE": "V",
        "ASMT_CODE_DESCR": "VACANT",
        "MKT_LAND_VALUE": 38000,
        "MKT_LAND_RES": 0,
        "MKT_LAND_AGR": 38000,
        "MKT_LAND_COM": 0,
        "MKT_IMP_VALUE": 0,
        "MKT_IMP_RES": 0,
        "MKT_IMP_AGR": 0,
        "MKT_IMP_COM": 0,
        "MKT_CUR_VALUE": 38000,
        "MKT_PRV_VAL": 38000,
        "MKT_VAL_YR_CHG": 0,
        "MKT_PCT_CHG": 0,
        "TXBL_CUR_VALUE": 2540,
        "TXBL_PRV_VAL": 2540,
        "TXBL_VAL_YR_CHG": 0,
        "TXBL_PCT_CHG": 0,
        "TOT_CUR_TAXES": 0,
        "TOT_PRV_TAXES": 0,
        "TAXES_YR_CHG": 0,
        "TAXES_PCT_CHG": 0,
        "GREENBELT": "GB",
        "EXEMPT_RES": "N",
        "COMMON_AREA": null,
        "PUBLIC_ROAD": null,
        "PRIVATE_ROAD": null,
        "PART_CENTRAL_ASSD": null,
        "PART_TAXABLE": null,
        "IMP_NO_RES": null,
        "COST_GROUP_RES": null,
        "STYLE_DESCR_RES": null,
        "QUALITY_RES": null,
        "QUALITY_DESCR_RES": null,
        "CONDITION_RES": null,
        "CONDITION_DESCR_RES": null,
        "YEARBLT_RES": null,
        "GLA_RES": null,
        "BASEMENT_RES": null,
        "BSMT_FINISH_RES": null,
        "ATT_GARAGE_SQFT_RES": null,
        "BATHROOMS_RES": null,
        "GLA_BEDROOMS_RES": null,
        "EXTERIOR_RES": null,
        "ALLOCATION_PCT_RES": null,
        "TRAV_COUNT": 1,
        "LASTUPDATE": null,
        "CREATED_DATE": 1712330344000,
        "LAST_EDITED_DATE": 1712330533000,
        "GLOBALID": "{C7E3D844-BF90-488F-A456-066146AF9358}",
        "Join_Count_12": 0,
        "TARGET_FID_12": 7465,
        "Code": null,
        "Desc_Cleaned": "Residential Agricultural",
        "Description": "Residential Agricultural Zone (5 Acres)",
        "City": null,
        "Description_detailed": null,
        "Desc": null,
        "Acres": null,
        "CityLU": "RA-5",
        "Unit_Rate": 5,
        "Parcel_Area": 20632,
        "PctDeveloped": null,
        "Slope_Score": 0,
        "GP_Score": 6,
        "Ownership_Type": "Private",
        "Ownership_Score": 10,
        "Wetlands_Score": 10,
        "Municipality_Score": 10,
        "Final_Score": 7.1,
        "OBJECTID_12": 7463,
        "Join_Count_12_13": 0,
        "TARGET_FID_12_13": 7465,
        "Area": null,
        "Shape_Length_12": null,
        "Shape_Area_12": null,
        "STATUS": null,
        "CARTOCODE": null,
        "FULLNAME": null,
        "FROMADDR_L": null,
        "TOADDR_L": null,
        "FROMADDR_R": null,
        "TOADDR_R": null,
        "PARITY_L": null,
        "PARITY_R": null,
        "PREDIR": null,
        "NAME": null,
        "POSTTYPE": null,
        "POSTDIR": null,
        "AN_NAME": null,
        "AN_POSTDIR": null,
        "A1_PREDIR": null,
        "A1_NAME": null,
        "A1_POSTTYP": null,
        "A1_POSTDIR": null,
        "A2_PREDIR": null,
        "A2_NAME": null,
        "A2_POSTTYP": null,
        "A2_POSTDIR": null,
        "QUADRANT_L": null,
        "QUADRANT_R": null,
        "STATE_L": null,
        "STATE_R": null,
        "COUNTY_L": null,
        "COUNTY_R": null,
        "ADDRSYS_L": null,
        "ADDRSYS_R": null,
        "POSTCOMM_L": null,
        "POSTCOMM_R": null,
        "ZIPCODE_L": null,
        "ZIPCODE_R": null,
        "INCMUNI_L": null,
        "INCMUNI_R": null,
        "UNINCCOM_L": null,
        "UNINCCOM_R": null,
        "NBRHDCOM_L": null,
        "NBRHDCOM_R": null,
        "ER_CAD_ZON": null,
        "ESN_L": null,
        "ESN_R": null,
        "MSAGCOMM_L": null,
        "MSAGCOMM_R": null,
        "ONEWAY": null,
        "VERT_LEVEL": null,
        "SPEED_LMT": null,
        "ACCESSCODE": null,
        "DOT_HWYNAM": null,
        "DOT_RTNAME": null,
        "DOT_RTPART": null,
        "DOT_F_MILE": null,
        "DOT_T_MILE": null,
        "DOT_FCLASS": null,
        "DOT_SRFTYP": null,
        "DOT_CLASS": null,
        "DOT_OWN_L": null,
        "DOT_OWN_R": null,
        "DOT_AADT": null,
        "DOT_AADTYR": null,
        "DOT_THRULA": null,
        "BIKE_L": null,
        "BIKE_R": null,
        "UNIQUE_ID": null,
        "LOCAL_UID": null,
        "UTAHRD_UID": null,
        "SOURCE": null,
        "UPDATED": null,
        "EFFECTIVE": null,
        "EXPIRE": null,
        "CUSTOMTAGS": null,
        "Shape_STLe": null,
        "START_ELEV": null,
        "END_ELEV": null,
        "STEL_FT": null,
        "ENDEL_FT": null,
        "ELEV_CHANGE": null,
        "SLOPE": null,
        "IMP_NO_12": null,
        "USE_CODE_12": null,
        "USE_CODE_DESCR_12": null,
        "COST_CLASS_DESCR_12": null,
        "EXTERIOR_WALL_12": null,
        "ABOVE_GRADE_AREA_12": null,
        "MEZZANINE_12": null,
        "BASEMENT_12": null,
        "BSMT_FINISH_12": null,
        "BSMT_UNFINISH_12": null,
        "QUALITY_DESCR_12": null,
        "CONDITION_12": null,
        "CONDITION_DESCR_12": null,
        "YEAR_BUILT_12": null,
        "UNIT_COUNT_12": null,
        "PCT_COMPLETE_12": null,
        "ALLOCATION_PCT_12": null,
        "IMP_NO_23": null,
        "USE_CODE_23": null,
        "USE_CODE_DESCR_23": null,
        "COST_CLASS_DESCR_23": null,
        "EXTERIOR_WALL_23": null,
        "ABOVE_GRADE_AREA_23": null,
        "MEZZANINE_23": null,
        "BASEMENT_23": null,
        "BSMT_FINISH_23": null,
        "BSMT_UNFINISH_23": null,
        "QUALITY_DESCR_23": null,
        "CONDITION_23": null,
        "CONDITION_DESCR_23": null,
        "YEAR_BUILT_23": null,
        "UNIT_COUNT_23": null,
        "PCT_COMPLETE_23": null,
        "ALLOCATION_PCT_23": null,
        "Entry": 42819,
        "Year": 2025,
        "Record_Date": "2025-06-10",
        "Grantor": "PETERSON, PAUL DEC",
        "Grantee": "WHOM OF INTEREST",
        "Tax_Address": "1019 N TIMPVIEW DR AMERICAN FORK, UT 84003",
        "Serial_Number": "59:037:0071",
        "Serial_Number_Available": "Yes",
        "Detail_URL": "https://www.utahcounty.gov/LandRecords/document.asp?avEntry=42819&avYear=2025",
        "Document_Type": "AF DC",
        "Shape_Length_12_13": 3059.2877750147795,
        "Shape_Area_12_13": 224529.73850297296,
        "DocType": "AFDC",
        "Shape_Length": 0.006611398463056049,
        "Shape_Area": 2.1867417862938505e-06
      }
    },
    {
      "type": "Feature",
      "id": 49,
      "geometry": {
        "type": "Polygon",
        "coordinates": [
          [
            [
              -112.08721238499999,
              40.32113771200005
            ],
            [
              -112.08698881799995,
              40.32113229700008
            ],
            [
              -112.08609513999994,
              40.32111379000003
            ],
            [
              -112.08602410099996,
              40.32114419100003
            ],
            [
              -112.08599971599995,
              40.323924635000026
            ],
            [
              -112.08716519899997,
              40.32396750200007
            ],
            [
              -112.08716567999994,
              40.32390619500006
            ],
            [
              -112.08721238499999,
              40.32113771200005
            ]
          ]
        ]
      },
      "properties": {
        "OBJECTID": 49,
        "Join_Count": 1,
        "TARGET_FID": 11007416,
        "PARCEL_NO": 590370119,
        "PARCELID": "590370119",
        "PARCELID_LABEL": "59:037:0119",
        "OWNER_NAME": "KLN LAND AND CATTLE LLC",
        "CARE_NAME": null,
        "ACREAGE": 7.744566,
        "SITE_FULL_ADDRESS": "CEDAR FORT, UT",
        "SITE_HOUSE_NUM": " ",
        "SITE_PRE_DIR": null,
        "SITE_STREET_NAME": null,
        "SITE_STREET_TYPE": null,
        "SITE_POST_DIR": null,
        "SITE_STREET_UNIT": null,
        "SITE_CITY": "CEDAR FORT",
        "SITE_STATE": "UT",
        "SITE_ZIP5": "84013",
        "OWN_FULL_ADDRESS": "77 E MISSOURI AV # 48  PHOENIX, AZ 85012",
        "OWN_STREET_ADDRESS": "77 E MISSOURI AV # 48",
        "OWN_CITY": "PHOENIX",
        "OWN_STATE": "AZ",
        "OWN_ZIP5": "85012",
        "VESTING_DOC": "91048-2012",
        "PARCEL_CREATE_DATE": 1328486400000,
        "MAP_FILING_NO": null,
        "SUB_NAME": null,
        "LEGAL_DESCR": "COM N 347.98 FT & E 1245.4 FT FR S 1/4 COR. SEC. 5, T6S, R2W, SLB&M.; N 1 DEG 6' 57\" E 1008.9 FT; N 0 DEG 43' 14\" E 22.34 FT; S 86 DEG 52' 23\" E 325.43 FT; S 0 DEG 45' 36\" W 1013.2 FT; S 61 DEG 9' 55\" W 22.7 FT; N 88 DEG 4' 28\" W 249.35 FT; N 87 DEG 48' 44\" W 62.39 FT TO BEG. AREA 7.745 AC.",
        "BOOK_PAGE": 59037,
        "LOT": null,
        "BUILDING": null,
        "UNIT": null,
        "TAX_DISTRICT": "050",
        "TAX_DISTRICT_DESCR": "CEDAR FORT CITY",
        "SCHOOL_DISTRICT": "ALPINE",
        "TAXABLE_CODE": 100,
        "ACCOUNT_TYPE": "RESIDENTIAL",
        "PROP_TYPE": 900,
        "PROP_TYPE_DESCR": "VACANT",
        "SPECIFIC_PROP_TYPE": 901,
        "SPC_PROP_TYP_DESCR": "Vac Res",
        "NEIGHBORHOOD": "103",
        "NBHD_DISTRICT": "825",
        "LAND_DISTRICT": 8002,
        "ECONOMIC_UNIT": null,
        "GLA_WEIGHTED_YRBLT": null,
        "TOTAL_ABOVE_GRADE_AREA": null,
        "TOTAL_MEZZANINE": null,
        "TOTAL_BASEMENT": null,
        "TOTAL_BSMT_FINISH": null,
        "TOTAL_UNIT_COUNT": null,
        "TOTAL_IMP_COUNT": null,
        "ASMT_YEAR": 2026,
        "ASMT_CODE": "V",
        "ASMT_CODE_DESCR": "VACANT",
        "MKT_LAND_VALUE": 86600,
        "MKT_LAND_RES": 0,
        "MKT_LAND_AGR": 86600,
        "MKT_LAND_COM": 0,
        "MKT_IMP_VALUE": 0,
        "MKT_IMP_RES": 0,
        "MKT_IMP_AGR": 0,
        "MKT_IMP_COM": 0,
        "MKT_CUR_VALUE": 86600,
        "MKT_PRV_VAL": 86600,
        "MKT_VAL_YR_CHG": 0,
        "MKT_PCT_CHG": 0,
        "TXBL_CUR_VALUE": 3855,
        "TXBL_PRV_VAL": 3855,
        "TXBL_VAL_YR_CHG": 0,
        "TXBL_PCT_CHG": 0,
        "TOT_CUR_TAXES": 0,
        "TOT_PRV_TAXES": 0,
        "TAXES_YR_CHG": 0,
        "TAXES_PCT_CHG": 0,
        "GREENBELT": "GB",
        "EXEMPT_RES": "N",
        "COMMON_AREA": null,
        "PUBLIC_ROAD": null,
        "PRIVATE_ROAD": null,
        "PART_CENTRAL_ASSD": null,
        "PART_TAXABLE": null,
        "IMP_NO_RES": null,
        "COST_GROUP_RES": null,
        "STYLE_DESCR_RES": null,
        "QUALITY_RES": null,
        "QUALITY_DESCR_RES": null,
        "CONDITION_RES": null,
        "CONDITION_DESCR_RES": null,
        "YEARBLT_RES": null,
        "GLA_RES": null,
        "BASEMENT_RES": null,
        "BSMT_FINISH_RES": null,
        "ATT_GARAGE_SQFT_RES": null,
        "BATHROOMS_RES": null,
        "GLA_BEDROOMS_RES": null,
        "EXTERIOR_RES": null,
        "ALLOCATION_PCT_RES": null,
        "TRAV_COUNT": 1,
        "LASTUPDATE": null,
        "CREATED_DATE": 1712330344000,
        "LAST_EDITED_DATE": 1712330533000,
        "GLOBALID": "{2BA4AE22-5BD4-4E71-B340-8416DF9D7EF1}",
        "Join_Count_12": 1,
        "TARGET_FID_12": 7480,
        "Code": null,
        "Desc_Cleaned": "Residential Agricultural",
        "Description": "Residential Agricultural Zone (5 Acres)",
        "City": null,
        "Description_detailed": null,
        "Desc": null,
        "Acres": null,
        "CityLU": "RA-5",
        "Unit_Rate": 5,
        "Parcel_Area": 31322,
        "PctDeveloped": null,
        "Slope_Score": 10,
        "GP_Score": 6,
        "Ownership_Type": "Business",
        "Ownership_Score": 5,
        "Wetlands_Score": 10,
        "Municipality_Score": 10,
        "Final_Score": 7.1,
        "OBJECTID_12": 7478,
        "Join_Count_12_13": 0,
        "TARGET_FID_12_13": 7480,
        "Area": null,
        "Shape_Length_12": null,
        "Shape_Area_12": null,
        "STATUS": " ",
        "CARTOCODE": "11",
        "FULLNAME": "STATION RD",
        "FROMADDR_L": 17601,
        "TOADDR_L": 17999,
        "FROMADDR_R": 17600,
        "TOADDR_R": 17998,
        "PARITY_L": " ",
        "PARITY_R": " ",
        "PREDIR": "W",
        "NAME": "STATION",
        "POSTTYPE": "RD",
        "POSTDIR": " ",
        "AN_NAME": " ",
        "AN_POSTDIR": " ",
        "A1_PREDIR": " ",
        "A1_NAME": " ",
        "A1_POSTTYP": " ",
        "A1_POSTDIR": " ",
        "A2_PREDIR": " ",
        "A2_NAME": " ",
        "A2_POSTTYP": " ",
        "A2_POSTDIR": " ",
        "QUADRANT_L": "SE",
        "QUADRANT_R": "SE",
        "STATE_L": "UT",
        "STATE_R": "UT",
        "COUNTY_L": "49049",
        "COUNTY_R": "49049",
        "ADDRSYS_L": "Cedar Fort",
        "ADDRSYS_R": "Cedar Fort",
        "POSTCOMM_L": "CEDAR VALLEY",
        "POSTCOMM_R": "CEDAR VALLEY",
        "ZIPCODE_L": "84013",
        "ZIPCODE_R": "84013",
        "INCMUNI_L": "CEDAR FORT",
        "INCMUNI_R": "CEDAR FORT",
        "UNINCCOM_L": " ",
        "UNINCCOM_R": " ",
        "NBRHDCOM_L": " ",
        "NBRHDCOM_R": " ",
        "ER_CAD_ZON": " ",
        "ESN_L": " ",
        "ESN_R": " ",
        "MSAGCOMM_L": " ",
        "MSAGCOMM_R": " ",
        "ONEWAY": "0",
        "VERT_LEVEL": "0",
        "SPEED_LMT": 25,
        "ACCESSCODE": " ",
        "DOT_HWYNAM": " ",
        "DOT_RTNAME": " ",
        "DOT_RTPART": " ",
        "DOT_F_MILE": 0,
        "DOT_T_MILE": 0,
        "DOT_FCLASS": " ",
        "DOT_SRFTYP": " ",
        "DOT_CLASS": "C",
        "DOT_OWN_L": "MU Cedar Fort",
        "DOT_OWN_R": "MU Cedar Fort",
        "DOT_AADT": 0,
        "DOT_AADTYR": " ",
        "DOT_THRULA": 0,
        "BIKE_L": " ",
        "BIKE_R": " ",
        "UNIQUE_ID": "12TVK07666368_STATION_RD",
        "LOCAL_UID": " ",
        "UTAHRD_UID": " ",
        "SOURCE": " ",
        "UPDATED": 1486425600000,
        "EFFECTIVE": null,
        "EXPIRE": null,
        "CUSTOMTAGS": " ",
        "Shape_STLe": 832.437973473,
        "START_ELEV": 1500.1092529296875,
        "END_ELEV": 1512.42724609375,
        "STEL_FT": 4921.6184413818355,
        "ENDEL_FT": 4962.031806074218,
        "ELEV_CHANGE": 40.413364692382856,
        "SLOPE": 1.479412531656342,
        "IMP_NO_12": null,
        "USE_CODE_12": null,
        "USE_CODE_DESCR_12": null,
        "COST_CLASS_DESCR_12": null,
        "EXTERIOR_WALL_12": null,
        "ABOVE_GRADE_AREA_12": null,
        "MEZZANINE_12": null,
        "BASEMENT_12": null,
        "BSMT_FINISH_12": null,
        "BSMT_UNFINISH_12": null,
        "QUALITY_DESCR_12": null,
        "CONDITION_12": null,
        "CONDITION_DESCR_12": null,
        "YEAR_BUILT_12": null,
        "UNIT_COUNT_12": null,
        "PCT_COMPLETE_12": null,
        "ALLOCATION_PCT_12": null,
        "IMP_NO_23": null,
        "USE_CODE_23": null,
        "USE_CODE_DESCR_23": null,
        "COST_CLASS_DESCR_23": null,
        "EXTERIOR_WALL_23": null,
        "ABOVE_GRADE_AREA_23": null,
        "MEZZANINE_23": null,
        "BASEMENT_23": null,
        "BSMT_FINISH_23": null,
        "BSMT_UNFINISH_23": null,
        "QUALITY_DESCR_23": null,
        "CONDITION_23": null,
        "CONDITION_DESCR_23": null,
        "YEAR_BUILT_23": null,
        "UNIT_COUNT_23": null,
        "PCT_COMPLETE_23": null,
        "ALLOCATION_PCT_23": null,
        "Entry": 42819,
        "Year": 2025,
        "Record_Date": "2025-06-10",
        "Grantor": "PETERSON, PAUL DEC",
        "Grantee": "WHOM OF INTEREST",
        "Tax_Address": "1019 N TIMPVIEW DR AMERICAN FORK, UT 84003",
        "Serial_Number": "59:040:0022",
        "Serial_Number_Available": "Yes",
        "Detail_URL": "https://www.utahcounty.gov/LandRecords/document.asp?avEntry=42819&avYear=2025",
        "Document_Type": "AF DC",
        "Shape_Length_12_13": 2957.013921957929,
        "Shape_Area_12_13": 435575.6117770078,
        "DocType": "AFDC",
        "Shape_Length": 0.007971780689354993,
        "Shape_Area": 3.319364378773633e-06
      }
    },
    {
      "type": "Feature",
      "id": 50,
      "geometry": {
        "type": "Polygon",
        "coordinates": [
          [
            [
              -112.08356387699996,
              40.324819912000066
            ],
            [
              -112.08597053599999,
              40.32484408200003
            ],
            [
              -112.08598712499997,
              40.32392769000006
            ],
            [
              -112.08600022999997,
              40.32392445800008
            ],
            [
              -112.08602461499999,
              40.32114401300004
            ],
            [
              -112.08360923299995,
              40.32111404400007
            ],
            [
              -112.08360907699995,
              40.32112776400004
            ],
            [
              -112.08356388799996,
              40.324819898000044
            ],
            [
              -112.08356387699996,
              40.324819912000066
            ]
          ]
        ]
      },
      "properties": {
        "OBJECTID": 50,
        "Join_Count": 1,
        "TARGET_FID": 11007420,
        "PARCEL_NO": 590370124,
        "PARCELID": "590370124",
        "PARCELID_LABEL": "59:037:0124",
        "OWNER_NAME": "BERRY, RIAL VERN & LAUREL P",
        "CARE_NAME": "%COLLEDGE, LESLIE",
        "ACREAGE": 20.877284,
        "SITE_FULL_ADDRESS": "CEDAR FORT, UT",
        "SITE_HOUSE_NUM": " ",
        "SITE_PRE_DIR": null,
        "SITE_STREET_NAME": null,
        "SITE_STREET_TYPE": null,
        "SITE_POST_DIR": null,
        "SITE_STREET_UNIT": null,
        "SITE_CITY": "CEDAR FORT",
        "SITE_STATE": "UT",
        "SITE_ZIP5": "84013",
        "OWN_FULL_ADDRESS": "%COLLEDGE, LESLIE  695 W 1200 N  LEHI, UT 84043-2308",
        "OWN_STREET_ADDRESS": "695 W 1200 N",
        "OWN_CITY": "LEHI",
        "OWN_STATE": "UT",
        "OWN_ZIP5": "84043",
        "VESTING_DOC": "88127-2015",
        "PARCEL_CREATE_DATE": 1445990400000,
        "MAP_FILING_NO": null,
        "SUB_NAME": null,
        "LEGAL_DESCR": "COM S 0 DEG 17' 32\" W 963.74 FT & W 386.24 FT FR E 1/4 COR. SEC. 5, T6S, R2W, SLB&M.; N 88 DEG 52' 25\" W 671.27 FT; S 1 DEG 10' 9\" W 333.96 FT; S 72 DEG 31' 6\" W 3.84 FT; S 0 DEG 45' 36\" W 1013.2 FT; S 88 DEG 41' 48\" E 673.77 FT; N 0 DEG 52' 30\" E 5 FT; N 0 DEG 54' 38\" E 1345.45 FT TO BEG. AREA 20.877 AC.",
        "BOOK_PAGE": 59037,
        "LOT": null,
        "BUILDING": null,
        "UNIT": null,
        "TAX_DISTRICT": "050",
        "TAX_DISTRICT_DESCR": "CEDAR FORT CITY",
        "SCHOOL_DISTRICT": "ALPINE",
        "TAXABLE_CODE": 100,
        "ACCOUNT_TYPE": "RESIDENTIAL",
        "PROP_TYPE": 900,
        "PROP_TYPE_DESCR": "VACANT",
        "SPECIFIC_PROP_TYPE": 901,
        "SPC_PROP_TYP_DESCR": "Vac Res",
        "NEIGHBORHOOD": "103",
        "NBHD_DISTRICT": "825",
        "LAND_DISTRICT": 8002,
        "ECONOMIC_UNIT": null,
        "GLA_WEIGHTED_YRBLT": null,
        "TOTAL_ABOVE_GRADE_AREA": null,
        "TOTAL_MEZZANINE": null,
        "TOTAL_BASEMENT": null,
        "TOTAL_BSMT_FINISH": null,
        "TOTAL_UNIT_COUNT": null,
        "TOTAL_IMP_COUNT": null,
        "ASMT_YEAR": 2026,
        "ASMT_CODE": "V",
        "ASMT_CODE_DESCR": "VACANT",
        "MKT_LAND_VALUE": 230700,
        "MKT_LAND_RES": 0,
        "MKT_LAND_AGR": 230700,
        "MKT_LAND_COM": 0,
        "MKT_IMP_VALUE": 0,
        "MKT_IMP_RES": 0,
        "MKT_IMP_AGR": 0,
        "MKT_IMP_COM": 0,
        "MKT_CUR_VALUE": 230700,
        "MKT_PRV_VAL": 230700,
        "MKT_VAL_YR_CHG": 0,
        "MKT_PCT_CHG": 0,
        "TXBL_CUR_VALUE": 10398,
        "TXBL_PRV_VAL": 10398,
        "TXBL_VAL_YR_CHG": 0,
        "TXBL_PCT_CHG": 0,
        "TOT_CUR_TAXES": 0,
        "TOT_PRV_TAXES": 0,
        "TAXES_YR_CHG": 0,
        "TAXES_PCT_CHG": 0,
        "GREENBELT": "GB",
        "EXEMPT_RES": "N",
        "COMMON_AREA": null,
        "PUBLIC_ROAD": null,
        "PRIVATE_ROAD": null,
        "PART_CENTRAL_ASSD": null,
        "PART_TAXABLE": null,
        "IMP_NO_RES": null,
        "COST_GROUP_RES": null,
        "STYLE_DESCR_RES": null,
        "QUALITY_RES": null,
        "QUALITY_DESCR_RES": null,
        "CONDITION_RES": null,
        "CONDITION_DESCR_RES": null,
        "YEARBLT_RES": null,
        "GLA_RES": null,
        "BASEMENT_RES": null,
        "BSMT_FINISH_RES": null,
        "ATT_GARAGE_SQFT_RES": null,
        "BATHROOMS_RES": null,
        "GLA_BEDROOMS_RES": null,
        "EXTERIOR_RES": null,
        "ALLOCATION_PCT_RES": null,
        "TRAV_COUNT": 1,
        "LASTUPDATE": null,
        "CREATED_DATE": 1712330344000,
        "LAST_EDITED_DATE": 1712330533000,
        "GLOBALID": "{B3DBABA1-4174-46E9-9132-55A774D0B64A}",
        "Join_Count_12": 1,
        "TARGET_FID_12": 7482,
        "Code": null,
        "Desc_Cleaned": "Residential Agricultural",
        "Description": "Residential Agricultural Zone (5 Acres)",
        "City": null,
        "Description_detailed": null,
        "Desc": null,
        "Acres": null,
        "CityLU": "RA-5",
        "Unit_Rate": 5,
        "Parcel_Area": 84485,
        "PctDeveloped": null,
        "Slope_Score": 10,
        "GP_Score": 6,
        "Ownership_Type": "Private",
        "Ownership_Score": 10,
        "Wetlands_Score": 10,
        "Municipality_Score": 10,
        "Final_Score": 8.6,
        "OBJECTID_12": 7480,
        "Join_Count_12_13": 0,
        "TARGET_FID_12_13": 7482,
        "Area": null,
        "Shape_Length_12": null,
        "Shape_Area_12": null,
        "STATUS": " ",
        "CARTOCODE": "11",
        "FULLNAME": "17800 W",
        "FROMADDR_L": 5061,
        "TOADDR_L": 5199,
        "FROMADDR_R": 5060,
        "TOADDR_R": 5198,
        "PARITY_L": " ",
        "PARITY_R": " ",
        "PREDIR": "N",
        "NAME": "17800",
        "POSTTYPE": " ",
        "POSTDIR": "W",
        "AN_NAME": " ",
        "AN_POSTDIR": " ",
        "A1_PREDIR": " ",
        "A1_NAME": " ",
        "A1_POSTTYP": " ",
        "A1_POSTDIR": " ",
        "A2_PREDIR": " ",
        "A2_NAME": " ",
        "A2_POSTTYP": " ",
        "A2_POSTDIR": " ",
        "QUADRANT_L": "SE",
        "QUADRANT_R": "SE",
        "STATE_L": "UT",
        "STATE_R": "UT",
        "COUNTY_L": "49049",
        "COUNTY_R": "49049",
        "ADDRSYS_L": "Cedar Fort",
        "ADDRSYS_R": "Cedar Fort",
        "POSTCOMM_L": "CEDAR VALLEY",
        "POSTCOMM_R": "CEDAR VALLEY",
        "ZIPCODE_L": "84013",
        "ZIPCODE_R": "84013",
        "INCMUNI_L": "CEDAR FORT",
        "INCMUNI_R": "CEDAR FORT",
        "UNINCCOM_L": " ",
        "UNINCCOM_R": " ",
        "NBRHDCOM_L": " ",
        "NBRHDCOM_R": " ",
        "ER_CAD_ZON": " ",
        "ESN_L": " ",
        "ESN_R": " ",
        "MSAGCOMM_L": " ",
        "MSAGCOMM_R": " ",
        "ONEWAY": "0",
        "VERT_LEVEL": "0",
        "SPEED_LMT": 25,
        "ACCESSCODE": " ",
        "DOT_HWYNAM": " ",
        "DOT_RTNAME": " ",
        "DOT_RTPART": " ",
        "DOT_F_MILE": 0,
        "DOT_T_MILE": 0,
        "DOT_FCLASS": " ",
        "DOT_SRFTYP": " ",
        "DOT_CLASS": "C",
        "DOT_OWN_L": "MU Cedar Fort",
        "DOT_OWN_R": "MU Cedar Fort",
        "DOT_AADT": 0,
        "DOT_AADTYR": " ",
        "DOT_THRULA": 0,
        "BIKE_L": " ",
        "BIKE_R": " ",
        "UNIQUE_ID": "12TVK08066432_17800_W",
        "LOCAL_UID": " ",
        "UTAHRD_UID": " ",
        "SOURCE": " ",
        "UPDATED": 1486425600000,
        "EFFECTIVE": null,
        "EXPIRE": null,
        "CUSTOMTAGS": " ",
        "Shape_STLe": 930.116535579,
        "START_ELEV": 1502.1243896484375,
        "END_ELEV": 1512.888427734375,
        "STEL_FT": 4928.229782534179,
        "ENDEL_FT": 4963.544869248047,
        "ELEV_CHANGE": 35.31508671386746,
        "SLOPE": 1.157013160697493,
        "IMP_NO_12": null,
        "USE_CODE_12": null,
        "USE_CODE_DESCR_12": null,
        "COST_CLASS_DESCR_12": null,
        "EXTERIOR_WALL_12": null,
        "ABOVE_GRADE_AREA_12": null,
        "MEZZANINE_12": null,
        "BASEMENT_12": null,
        "BSMT_FINISH_12": null,
        "BSMT_UNFINISH_12": null,
        "QUALITY_DESCR_12": null,
        "CONDITION_12": null,
        "CONDITION_DESCR_12": null,
        "YEAR_BUILT_12": null,
        "UNIT_COUNT_12": null,
        "PCT_COMPLETE_12": null,
        "ALLOCATION_PCT_12": null,
        "IMP_NO_23": null,
        "USE_CODE_23": null,
        "USE_CODE_DESCR_23": null,
        "COST_CLASS_DESCR_23": null,
        "EXTERIOR_WALL_23": null,
        "ABOVE_GRADE_AREA_23": null,
        "MEZZANINE_23": null,
        "BASEMENT_23": null,
        "BSMT_FINISH_23": null,
        "BSMT_UNFINISH_23": null,
        "QUALITY_DESCR_23": null,
        "CONDITION_23": null,
        "CONDITION_DESCR_23": null,
        "YEAR_BUILT_23": null,
        "UNIT_COUNT_23": null,
        "PCT_COMPLETE_23": null,
        "ALLOCATION_PCT_23": null,
        "Entry": 42819,
        "Year": 2025,
        "Record_Date": "2025-06-10",
        "Grantor": "PETERSON, PAUL DEC",
        "Grantee": "WHOM OF INTEREST",
        "Tax_Address": "1019 N TIMPVIEW DR AMERICAN FORK, UT 84003",
        "Serial_Number": "59:040:0030",
        "Serial_Number_Available": "Yes",
        "Detail_URL": "https://www.utahcounty.gov/LandRecords/document.asp?avEntry=42819&avYear=2025",
        "Document_Type": "AF DC",
        "Shape_Length_12_13": 4412.784577229549,
        "Shape_Area_12_13": 1180850.5484965325,
        "DocType": "AFDC",
        "Shape_Length": 0.012239089229468895,
        "Shape_Area": 8.953327617966336e-06
      }
    },
    {
      "type": "Feature",
      "id": 51,
      "geometry": {
        "type": "Polygon",
        "coordinates": [
          [
            [
              -112.08539605199996,
              40.321136151000076
            ],
            [
              -112.08602522999996,
              40.321143953000046
            ],
            [
              -112.08609626699996,
              40.32111355200004
            ],
            [
              -112.08698994199995,
              40.321132059000035
            ],
            [
              -112.08703655299996,
              40.32017560500003
            ],
            [
              -112.08692010199997,
              40.32017598700003
            ],
            [
              -112.08691913099995,
              40.31863974100003
            ],
            [
              -112.08539421299997,
              40.31811094900007
            ],
            [
              -112.08539605199996,
              40.321136151000076
            ]
          ]
        ]
      },
      "properties": {
        "OBJECTID": 51,
        "Join_Count": 1,
        "TARGET_FID": 11007527,
        "PARCEL_NO": 590400022,
        "PARCELID": "590400022",
        "PARCELID_LABEL": "59:040:0022",
        "OWNER_NAME": "KLN LAND AND CATTLE LLC",
        "CARE_NAME": null,
        "ACREAGE": 10.000039,
        "SITE_FULL_ADDRESS": "CEDAR FORT, UT",
        "SITE_HOUSE_NUM": " ",
        "SITE_PRE_DIR": null,
        "SITE_STREET_NAME": null,
        "SITE_STREET_TYPE": null,
        "SITE_POST_DIR": null,
        "SITE_STREET_UNIT": null,
        "SITE_CITY": "CEDAR FORT",
        "SITE_STATE": "UT",
        "SITE_ZIP5": "84013",
        "OWN_FULL_ADDRESS": "77 E MISSOURI AV # 48  PHOENIX, AZ 85012",
        "OWN_STREET_ADDRESS": "77 E MISSOURI AV # 48",
        "OWN_CITY": "PHOENIX",
        "OWN_STATE": "AZ",
        "OWN_ZIP5": "85012",
        "VESTING_DOC": "91048-2012",
        "PARCEL_CREATE_DATE": 1328486400000,
        "MAP_FILING_NO": null,
        "SUB_NAME": null,
        "LEGAL_DESCR": "COM N 89 DEG 52' 15\" W 1324.57 FT FR SE COR. SEC. 5, T6S, R2W, SLB&M.; N 89 DEG 52' 15\" W 32.48 FT; N 2 DEG 30' 44\" E 348.77 FT; S 88 DEG 4' 28\" E 249.35 FT; N 61 DEG 9' 55\" E 22.7 FT; S 88 DEG 41' 48\" E 175.51 FT; S 0 DEG 20' 54\" W 1102.37 FT; N 65 DEG 15' 10\" W 466.95 FT; N 0 DEG 20' 54\" E 559.8 FT TO BEG. AREA 10.000 AC.",
        "BOOK_PAGE": 59040,
        "LOT": null,
        "BUILDING": null,
        "UNIT": null,
        "TAX_DISTRICT": "050",
        "TAX_DISTRICT_DESCR": "CEDAR FORT CITY",
        "SCHOOL_DISTRICT": "ALPINE",
        "TAXABLE_CODE": 100,
        "ACCOUNT_TYPE": "RESIDENTIAL",
        "PROP_TYPE": 900,
        "PROP_TYPE_DESCR": "VACANT",
        "SPECIFIC_PROP_TYPE": 901,
        "SPC_PROP_TYP_DESCR": "Vac Res",
        "NEIGHBORHOOD": "103",
        "NBHD_DISTRICT": "825",
        "LAND_DISTRICT": 8002,
        "ECONOMIC_UNIT": null,
        "GLA_WEIGHTED_YRBLT": null,
        "TOTAL_ABOVE_GRADE_AREA": null,
        "TOTAL_MEZZANINE": null,
        "TOTAL_BASEMENT": null,
        "TOTAL_BSMT_FINISH": null,
        "TOTAL_UNIT_COUNT": null,
        "TOTAL_IMP_COUNT": null,
        "ASMT_YEAR": 2026,
        "ASMT_CODE": "V",
        "ASMT_CODE_DESCR": "VACANT",
        "MKT_LAND_VALUE": 110500,
        "MKT_LAND_RES": 0,
        "MKT_LAND_AGR": 110500,
        "MKT_LAND_COM": 0,
        "MKT_IMP_VALUE": 0,
        "MKT_IMP_RES": 0,
        "MKT_IMP_AGR": 0,
        "MKT_IMP_COM": 0,
        "MKT_CUR_VALUE": 110500,
        "MKT_PRV_VAL": 110500,
        "MKT_VAL_YR_CHG": 0,
        "MKT_PCT_CHG": 0,
        "TXBL_CUR_VALUE": 140,
        "TXBL_PRV_VAL": 140,
        "TXBL_VAL_YR_CHG": 0,
        "TXBL_PCT_CHG": 0,
        "TOT_CUR_TAXES": 0,
        "TOT_PRV_TAXES": 0,
        "TAXES_YR_CHG": 0,
        "TAXES_PCT_CHG": 0,
        "GREENBELT": "GB",
        "EXEMPT_RES": "N",
        "COMMON_AREA": null,
        "PUBLIC_ROAD": null,
        "PRIVATE_ROAD": null,
        "PART_CENTRAL_ASSD": null,
        "PART_TAXABLE": null,
        "IMP_NO_RES": null,
        "COST_GROUP_RES": null,
        "STYLE_DESCR_RES": null,
        "QUALITY_RES": null,
        "QUALITY_DESCR_RES": null,
        "CONDITION_RES": null,
        "CONDITION_DESCR_RES": null,
        "YEARBLT_RES": null,
        "GLA_RES": null,
        "BASEMENT_RES": null,
        "BSMT_FINISH_RES": null,
        "ATT_GARAGE_SQFT_RES": null,
        "BATHROOMS_RES": null,
        "GLA_BEDROOMS_RES": null,
        "EXTERIOR_RES": null,
        "ALLOCATION_PCT_RES": null,
        "TRAV_COUNT": 1,
        "LASTUPDATE": null,
        "CREATED_DATE": 1712330344000,
        "LAST_EDITED_DATE": 1712330533000,
        "GLOBALID": "{E16B97B2-1E61-4E95-BC73-3C13A24BD22A}",
        "Join_Count_12": 1,
        "TARGET_FID_12": 7532,
        "Code": null,
        "Desc_Cleaned": "Residential Agricultural",
        "Description": "Residential Agricultural Zone (5 Acres)",
        "City": null,
        "Description_detailed": null,
        "Desc": null,
        "Acres": null,
        "CityLU": "RA-5",
        "Unit_Rate": 5,
        "Parcel_Area": 40466,
        "PctDeveloped": null,
        "Slope_Score": 10,
        "GP_Score": 6,
        "Ownership_Type": "Business",
        "Ownership_Score": 5,
        "Wetlands_Score": 10,
        "Municipality_Score": 10,
        "Final_Score": 7.1,
        "OBJECTID_12": 7530,
        "Join_Count_12_13": 0,
        "TARGET_FID_12_13": 7532,
        "Area": null,
        "Shape_Length_12": null,
        "Shape_Area_12": null,
        "STATUS": " ",
        "CARTOCODE": "11",
        "FULLNAME": "STATION RD",
        "FROMADDR_L": 17601,
        "TOADDR_L": 17999,
        "FROMADDR_R": 17600,
        "TOADDR_R": 17998,
        "PARITY_L": " ",
        "PARITY_R": " ",
        "PREDIR": "W",
        "NAME": "STATION",
        "POSTTYPE": "RD",
        "POSTDIR": " ",
        "AN_NAME": " ",
        "AN_POSTDIR": " ",
        "A1_PREDIR": " ",
        "A1_NAME": " ",
        "A1_POSTTYP": " ",
        "A1_POSTDIR": " ",
        "A2_PREDIR": " ",
        "A2_NAME": " ",
        "A2_POSTTYP": " ",
        "A2_POSTDIR": " ",
        "QUADRANT_L": "SE",
        "QUADRANT_R": "SE",
        "STATE_L": "UT",
        "STATE_R": "UT",
        "COUNTY_L": "49049",
        "COUNTY_R": "49049",
        "ADDRSYS_L": "Cedar Fort",
        "ADDRSYS_R": "Cedar Fort",
        "POSTCOMM_L": "CEDAR VALLEY",
        "POSTCOMM_R": "CEDAR VALLEY",
        "ZIPCODE_L": "84013",
        "ZIPCODE_R": "84013",
        "INCMUNI_L": "CEDAR FORT",
        "INCMUNI_R": "CEDAR FORT",
        "UNINCCOM_L": " ",
        "UNINCCOM_R": " ",
        "NBRHDCOM_L": " ",
        "NBRHDCOM_R": " ",
        "ER_CAD_ZON": " ",
        "ESN_L": " ",
        "ESN_R": " ",
        "MSAGCOMM_L": " ",
        "MSAGCOMM_R": " ",
        "ONEWAY": "0",
        "VERT_LEVEL": "0",
        "SPEED_LMT": 25,
        "ACCESSCODE": " ",
        "DOT_HWYNAM": " ",
        "DOT_RTNAME": " ",
        "DOT_RTPART": " ",
        "DOT_F_MILE": 0,
        "DOT_T_MILE": 0,
        "DOT_FCLASS": " ",
        "DOT_SRFTYP": " ",
        "DOT_CLASS": "C",
        "DOT_OWN_L": "MU Cedar Fort",
        "DOT_OWN_R": "MU Cedar Fort",
        "DOT_AADT": 0,
        "DOT_AADTYR": " ",
        "DOT_THRULA": 0,
        "BIKE_L": " ",
        "BIKE_R": " ",
        "UNIQUE_ID": "12TVK07666368_STATION_RD",
        "LOCAL_UID": " ",
        "UTAHRD_UID": " ",
        "SOURCE": " ",
        "UPDATED": 1486425600000,
        "EFFECTIVE": null,
        "EXPIRE": null,
        "CUSTOMTAGS": " ",
        "Shape_STLe": 832.437973473,
        "START_ELEV": 1500.1092529296875,
        "END_ELEV": 1512.42724609375,
        "STEL_FT": 4921.6184413818355,
        "ENDEL_FT": 4962.031806074218,
        "ELEV_CHANGE": 40.413364692382856,
        "SLOPE": 1.479412531656342,
        "IMP_NO_12": null,
        "USE_CODE_12": null,
        "USE_CODE_DESCR_12": null,
        "COST_CLASS_DESCR_12": null,
        "EXTERIOR_WALL_12": null,
        "ABOVE_GRADE_AREA_12": null,
        "MEZZANINE_12": null,
        "BASEMENT_12": null,
        "BSMT_FINISH_12": null,
        "BSMT_UNFINISH_12": null,
        "QUALITY_DESCR_12": null,
        "CONDITION_12": null,
        "CONDITION_DESCR_12": null,
        "YEAR_BUILT_12": null,
        "UNIT_COUNT_12": null,
        "PCT_COMPLETE_12": null,
        "ALLOCATION_PCT_12": null,
        "IMP_NO_23": null,
        "USE_CODE_23": null,
        "USE_CODE_DESCR_23": null,
        "COST_CLASS_DESCR_23": null,
        "EXTERIOR_WALL_23": null,
        "ABOVE_GRADE_AREA_23": null,
        "MEZZANINE_23": null,
        "BASEMENT_23": null,
        "BSMT_FINISH_23": null,
        "BSMT_UNFINISH_23": null,
        "QUALITY_DESCR_23": null,
        "CONDITION_23": null,
        "CONDITION_DESCR_23": null,
        "YEAR_BUILT_23": null,
        "UNIT_COUNT_23": null,
        "PCT_COMPLETE_23": null,
        "ALLOCATION_PCT_23": null,
        "Entry": 42819,
        "Year": 2025,
        "Record_Date": "2025-06-10",
        "Grantor": "PETERSON, PAUL DEC",
        "Grantee": "WHOM OF INTEREST",
        "Tax_Address": "1019 N TIMPVIEW DR AMERICAN FORK, UT 84003",
        "Serial_Number": "59:040:0005",
        "Serial_Number_Available": "Yes",
        "Detail_URL": "https://www.utahcounty.gov/LandRecords/document.asp?avEntry=42819&avYear=2025",
        "Document_Type": "AF DC",
        "Shape_Length_12_13": 3694.8541588187218,
        "Shape_Area_12_13": 696527.8469504841,
        "DocType": "AFDC",
        "Shape_Length": 0.008849851370632017,
        "Shape_Area": 4.288254502922354e-06
      }
    },
    {
      "type": "Feature",
      "id": 52,
      "geometry": {
        "type": "Polygon",
        "coordinates": [
          [
            [
              -112.13466939999995,
              40.333671561000074
            ],
            [
              -112.13464952099997,
              40.33097470900003
            ],
            [
              -112.13345341999997,
              40.33098118500004
            ],
            [
              -112.13345803599998,
              40.33165280700007
            ],
            [
              -112.13346265199999,
              40.33232442700006
            ],
            [
              -112.13346726699996,
              40.33299604900003
            ],
            [
              -112.13347188299997,
              40.33366766900008
            ],
            [
              -112.134669412,
              40.33367160500006
            ],
            [
              -112.13466939999995,
              40.333671561000074
            ]
          ]
        ]
      },
      "properties": {
        "OBJECTID": 52,
        "Join_Count": 1,
        "TARGET_FID": 11007537,
        "PARCEL_NO": 590700013,
        "PARCELID": "590700013",
        "PARCELID_LABEL": "59:070:0013",
        "OWNER_NAME": "COOK, BLAINE E",
        "CARE_NAME": null,
        "ACREAGE": 48.7333,
        "SITE_FULL_ADDRESS": "CEDAR FORT, UT",
        "SITE_HOUSE_NUM": " ",
        "SITE_PRE_DIR": null,
        "SITE_STREET_NAME": null,
        "SITE_STREET_TYPE": null,
        "SITE_POST_DIR": null,
        "SITE_STREET_UNIT": null,
        "SITE_CITY": "CEDAR FORT",
        "SITE_STATE": "UT",
        "SITE_ZIP5": "84013",
        "OWN_FULL_ADDRESS": "365 CLIFTON AV  AMERICAN FORK, UT 84003-1127",
        "OWN_STREET_ADDRESS": "365 CLIFTON AV",
        "OWN_CITY": "AMERICAN FORK",
        "OWN_STATE": "UT",
        "OWN_ZIP5": "84003",
        "VESTING_DOC": "38095-2003",
        "PARCEL_CREATE_DATE": 410140800000,
        "MAP_FILING_NO": null,
        "SUB_NAME": null,
        "LEGAL_DESCR": "LOT 4, SEC. 1. AREA 30.351 AC. ALSO W 1/4 OF LOT 3, SEC. 1. AREA 7.515 AC. ALSO E 3/4 OF S 1/2 OF S 1/2 OF LOT 3, SEC. 1. AREA 5.590 AC. ALSO S 1/2 OF S 1/2 OF LOT 2, SEC. 1 LESS THAT PORTION TO CEDAR FORT CITY. ALL LOCATED IN T6S, R3W, SLB&M. AREA 5.277 AC. TOTAL AREA 48.733 AC.",
        "BOOK_PAGE": 59070,
        "LOT": "4",
        "BUILDING": null,
        "UNIT": null,
        "TAX_DISTRICT": "050",
        "TAX_DISTRICT_DESCR": "CEDAR FORT CITY",
        "SCHOOL_DISTRICT": "ALPINE",
        "TAXABLE_CODE": 100,
        "ACCOUNT_TYPE": "RESIDENTIAL",
        "PROP_TYPE": 900,
        "PROP_TYPE_DESCR": "VACANT",
        "SPECIFIC_PROP_TYPE": 901,
        "SPC_PROP_TYP_DESCR": "Vac Res",
        "NEIGHBORHOOD": "121",
        "NBHD_DISTRICT": "802",
        "LAND_DISTRICT": 8001,
        "ECONOMIC_UNIT": null,
        "GLA_WEIGHTED_YRBLT": null,
        "TOTAL_ABOVE_GRADE_AREA": null,
        "TOTAL_MEZZANINE": null,
        "TOTAL_BASEMENT": null,
        "TOTAL_BSMT_FINISH": null,
        "TOTAL_UNIT_COUNT": null,
        "TOTAL_IMP_COUNT": null,
        "ASMT_YEAR": 2026,
        "ASMT_CODE": "V",
        "ASMT_CODE_DESCR": "VACANT",
        "MKT_LAND_VALUE": 76900,
        "MKT_LAND_RES": 0,
        "MKT_LAND_AGR": 76900,
        "MKT_LAND_COM": 0,
        "MKT_IMP_VALUE": 0,
        "MKT_IMP_RES": 0,
        "MKT_IMP_AGR": 0,
        "MKT_IMP_COM": 0,
        "MKT_CUR_VALUE": 76900,
        "MKT_PRV_VAL": 76900,
        "MKT_VAL_YR_CHG": 0,
        "MKT_PCT_CHG": 0,
        "TXBL_CUR_VALUE": 682,
        "TXBL_PRV_VAL": 682,
        "TXBL_VAL_YR_CHG": 0,
        "TXBL_PCT_CHG": 0,
        "TOT_CUR_TAXES": 0,
        "TOT_PRV_TAXES": 0,
        "TAXES_YR_CHG": 0,
        "TAXES_PCT_CHG": 0,
        "GREENBELT": "GB",
        "EXEMPT_RES": "N",
        "COMMON_AREA": null,
        "PUBLIC_ROAD": null,
        "PRIVATE_ROAD": null,
        "PART_CENTRAL_ASSD": null,
        "PART_TAXABLE": null,
        "IMP_NO_RES": null,
        "COST_GROUP_RES": null,
        "STYLE_DESCR_RES": null,
        "QUALITY_RES": null,
        "QUALITY_DESCR_RES": null,
        "CONDITION_RES": null,
        "CONDITION_DESCR_RES": null,
        "YEARBLT_RES": null,
        "GLA_RES": null,
        "BASEMENT_RES": null,
        "BSMT_FINISH_RES": null,
        "ATT_GARAGE_SQFT_RES": null,
        "BATHROOMS_RES": null,
        "GLA_BEDROOMS_RES": null,
        "EXTERIOR_RES": null,
        "ALLOCATION_PCT_RES": null,
        "TRAV_COUNT": 4,
        "LASTUPDATE": null,
        "CREATED_DATE": 1712330344000,
        "LAST_EDITED_DATE": 1712330533000,
        "GLOBALID": "{F300CD14-A068-4C7E-ADB2-0CC228AF9EA5}",
        "Join_Count_12": 0,
        "TARGET_FID_12": 7538,
        "Code": null,
        "Desc_Cleaned": "Residential Agricultural",
        "Description": "Mining and Grazing (40 Acres)",
        "City": null,
        "Description_detailed": null,
        "Desc": null,
        "Acres": null,
        "CityLU": "MG-40",
        "Unit_Rate": 40,
        "Parcel_Area": 30394,
        "PctDeveloped": null,
        "Slope_Score": 0,
        "GP_Score": 6,
        "Ownership_Type": "Private",
        "Ownership_Score": 10,
        "Wetlands_Score": 10,
        "Municipality_Score": 10,
        "Final_Score": 7.1,
        "OBJECTID_12": 7536,
        "Join_Count_12_13": 0,
        "TARGET_FID_12_13": 7538,
        "Area": null,
        "Shape_Length_12": null,
        "Shape_Area_12": null,
        "STATUS": null,
        "CARTOCODE": null,
        "FULLNAME": null,
        "FROMADDR_L": null,
        "TOADDR_L": null,
        "FROMADDR_R": null,
        "TOADDR_R": null,
        "PARITY_L": null,
        "PARITY_R": null,
        "PREDIR": null,
        "NAME": null,
        "POSTTYPE": null,
        "POSTDIR": null,
        "AN_NAME": null,
        "AN_POSTDIR": null,
        "A1_PREDIR": null,
        "A1_NAME": null,
        "A1_POSTTYP": null,
        "A1_POSTDIR": null,
        "A2_PREDIR": null,
        "A2_NAME": null,
        "A2_POSTTYP": null,
        "A2_POSTDIR": null,
        "QUADRANT_L": null,
        "QUADRANT_R": null,
        "STATE_L": null,
        "STATE_R": null,
        "COUNTY_L": null,
        "COUNTY_R": null,
        "ADDRSYS_L": null,
        "ADDRSYS_R": null,
        "POSTCOMM_L": null,
        "POSTCOMM_R": null,
        "ZIPCODE_L": null,
        "ZIPCODE_R": null,
        "INCMUNI_L": null,
        "INCMUNI_R": null,
        "UNINCCOM_L": null,
        "UNINCCOM_R": null,
        "NBRHDCOM_L": null,
        "NBRHDCOM_R": null,
        "ER_CAD_ZON": null,
        "ESN_L": null,
        "ESN_R": null,
        "MSAGCOMM_L": null,
        "MSAGCOMM_R": null,
        "ONEWAY": null,
        "VERT_LEVEL": null,
        "SPEED_LMT": null,
        "ACCESSCODE": null,
        "DOT_HWYNAM": null,
        "DOT_RTNAME": null,
        "DOT_RTPART": null,
        "DOT_F_MILE": null,
        "DOT_T_MILE": null,
        "DOT_FCLASS": null,
        "DOT_SRFTYP": null,
        "DOT_CLASS": null,
        "DOT_OWN_L": null,
        "DOT_OWN_R": null,
        "DOT_AADT": null,
        "DOT_AADTYR": null,
        "DOT_THRULA": null,
        "BIKE_L": null,
        "BIKE_R": null,
        "UNIQUE_ID": null,
        "LOCAL_UID": null,
        "UTAHRD_UID": null,
        "SOURCE": null,
        "UPDATED": null,
        "EFFECTIVE": null,
        "EXPIRE": null,
        "CUSTOMTAGS": null,
        "Shape_STLe": null,
        "START_ELEV": null,
        "END_ELEV": null,
        "STEL_FT": null,
        "ENDEL_FT": null,
        "ELEV_CHANGE": null,
        "SLOPE": null,
        "IMP_NO_12": null,
        "USE_CODE_12": null,
        "USE_CODE_DESCR_12": null,
        "COST_CLASS_DESCR_12": null,
        "EXTERIOR_WALL_12": null,
        "ABOVE_GRADE_AREA_12": null,
        "MEZZANINE_12": null,
        "BASEMENT_12": null,
        "BSMT_FINISH_12": null,
        "BSMT_UNFINISH_12": null,
        "QUALITY_DESCR_12": null,
        "CONDITION_12": null,
        "CONDITION_DESCR_12": null,
        "YEAR_BUILT_12": null,
        "UNIT_COUNT_12": null,
        "PCT_COMPLETE_12": null,
        "ALLOCATION_PCT_12": null,
        "IMP_NO_23": null,
        "USE_CODE_23": null,
        "USE_CODE_DESCR_23": null,
        "COST_CLASS_DESCR_23": null,
        "EXTERIOR_WALL_23": null,
        "ABOVE_GRADE_AREA_23": null,
        "MEZZANINE_23": null,
        "BASEMENT_23": null,
        "BSMT_FINISH_23": null,
        "BSMT_UNFINISH_23": null,
        "QUALITY_DESCR_23": null,
        "CONDITION_23": null,
        "CONDITION_DESCR_23": null,
        "YEAR_BUILT_23": null,
        "UNIT_COUNT_23": null,
        "PCT_COMPLETE_23": null,
        "ALLOCATION_PCT_23": null,
        "Entry": 24178,
        "Year": 2025,
        "Record_Date": "2025-04-04",
        "Grantor": "COOK, RICHARD ERNEST AKA COOK, RICHARD E DEC RICHARD E COOK TRUST 03-27-1978 AS AMD AND RESTATED 02-11-1992 AKA RICHARD E COOK REVOCABLE TRUST 03-27-1978 AS AMD",
        "Grantee": "COOK, MARY N SUCTEE COOK, RICHARD W SUCTEE RICHARD E COOK TRUST 03-27-1978 AS AMD AND RESTATED 02-11-1992 AKA RICHARD E COOK REVOCABLE TRUST 03-27-1978 AS AMD",
        "Tax_Address": "2535 E 1700 S SALT LAKE CITY, UT 84108",
        "Serial_Number": "59:070:0002",
        "Serial_Number_Available": "Yes",
        "Detail_URL": "https://www.utahcounty.gov/LandRecords/document.asp?avEntry=24178&avYear=2025",
        "Document_Type": "AF DC",
        "Shape_Length_12_13": 5153.796124844892,
        "Shape_Area_12_13": 389038.6258201531,
        "DocType": "AFDC",
        "Shape_Length": 0.007777172314837123,
        "Shape_Area": 3.2214632517925113e-06
      }
    },
    {
      "type": "Feature",
      "id": 53,
      "geometry": {
        "type": "Polygon",
        "coordinates": [
          [
            [
              -112.12317314099994,
              40.33061408200007
            ],
            [
              -112.12095225399997,
              40.331855689000065
            ],
            [
              -112.12043928199995,
              40.33299060000007
            ],
            [
              -112.12154259099998,
              40.33350266900004
            ],
            [
              -112.12792907199997,
              40.333491276000075
            ],
            [
              -112.12792344099995,
              40.33287748200007
            ],
            [
              -112.12661439299995,
              40.33134652800004
            ],
            [
              -112.12512877099999,
              40.33005649000006
            ],
            [
              -112.12317314099994,
              40.33061408200007
            ]
          ]
        ]
      },
      "properties": {
        "OBJECTID": 53,
        "Join_Count": 1,
        "TARGET_FID": 11007542,
        "PARCEL_NO": 590700017,
        "PARCELID": "590700017",
        "PARCELID_LABEL": "59:070:0017",
        "OWNER_NAME": "CEDAR FORT TOWN OF",
        "CARE_NAME": null,
        "ACREAGE": 40.707049999999995,
        "SITE_FULL_ADDRESS": "CULINARY WATER STORAGE, CEDAR FORT, UT",
        "SITE_HOUSE_NUM": " ",
        "SITE_PRE_DIR": null,
        "SITE_STREET_NAME": "CULINARY WATER STORAGE",
        "SITE_STREET_TYPE": null,
        "SITE_POST_DIR": null,
        "SITE_STREET_UNIT": null,
        "SITE_CITY": "CEDAR FORT",
        "SITE_STATE": "UT",
        "SITE_ZIP5": "84013",
        "OWN_FULL_ADDRESS": "75 S CHURCH  CEDAR FORT, UT 84013",
        "OWN_STREET_ADDRESS": "75 S CHURCH",
        "OWN_CITY": "CEDAR FORT",
        "OWN_STATE": "UT",
        "OWN_ZIP5": "84013",
        "VESTING_DOC": "11940-1968",
        "PARCEL_CREATE_DATE": -34387200000,
        "MAP_FILING_NO": null,
        "SUB_NAME": null,
        "LEGAL_DESCR": "COM W 339.36 FT FR NE COR. SEC. 1 T6S R3W SLB&M.; N 89 DEG 44' 0\" W 1780.98 FT; S 223.67 FT; S 32 DEG 47' 51\" E 666.7 FT; S 40 DEG 59' 24\" E 626.6 FT; N 69 DEG 58' 0\" E 582 FT; N 54 DEG 15' 0\" E 767 FT; N 19 DEG 28' 42\" E 437.6 FT; N 58 DEG 22' 0\" W 359.85 FT TO BEG. AREA 40.707 AC.",
        "BOOK_PAGE": 59070,
        "LOT": null,
        "BUILDING": null,
        "UNIT": null,
        "TAX_DISTRICT": "050",
        "TAX_DISTRICT_DESCR": "CEDAR FORT CITY",
        "SCHOOL_DISTRICT": "ALPINE",
        "TAXABLE_CODE": 950,
        "ACCOUNT_TYPE": "EXEMPT",
        "PROP_TYPE": 951,
        "PROP_TYPE_DESCR": "EXEMPT",
        "SPECIFIC_PROP_TYPE": 951,
        "SPC_PROP_TYP_DESCR": "Exempt",
        "NEIGHBORHOOD": "1000",
        "NBHD_DISTRICT": "8999",
        "LAND_DISTRICT": 8999,
        "ECONOMIC_UNIT": null,
        "GLA_WEIGHTED_YRBLT": null,
        "TOTAL_ABOVE_GRADE_AREA": null,
        "TOTAL_MEZZANINE": null,
        "TOTAL_BASEMENT": null,
        "TOTAL_BSMT_FINISH": null,
        "TOTAL_UNIT_COUNT": null,
        "TOTAL_IMP_COUNT": null,
        "ASMT_YEAR": 2026,
        "ASMT_CODE": "UNK",
        "ASMT_CODE_DESCR": "UNK",
        "MKT_LAND_VALUE": 0,
        "MKT_LAND_RES": 0,
        "MKT_LAND_AGR": 0,
        "MKT_LAND_COM": 0,
        "MKT_IMP_VALUE": 0,
        "MKT_IMP_RES": 0,
        "MKT_IMP_AGR": 0,
        "MKT_IMP_COM": 0,
        "MKT_CUR_VALUE": 0,
        "MKT_PRV_VAL": 0,
        "MKT_VAL_YR_CHG": 0,
        "MKT_PCT_CHG": 0,
        "TXBL_CUR_VALUE": 0,
        "TXBL_PRV_VAL": 0,
        "TXBL_VAL_YR_CHG": 0,
        "TXBL_PCT_CHG": 0,
        "TOT_CUR_TAXES": 0,
        "TOT_PRV_TAXES": 0,
        "TAXES_YR_CHG": 0,
        "TAXES_PCT_CHG": 0,
        "GREENBELT": null,
        "EXEMPT_RES": "UNK",
        "COMMON_AREA": null,
        "PUBLIC_ROAD": null,
        "PRIVATE_ROAD": null,
        "PART_CENTRAL_ASSD": null,
        "PART_TAXABLE": null,
        "IMP_NO_RES": null,
        "COST_GROUP_RES": null,
        "STYLE_DESCR_RES": null,
        "QUALITY_RES": null,
        "QUALITY_DESCR_RES": null,
        "CONDITION_RES": null,
        "CONDITION_DESCR_RES": null,
        "YEARBLT_RES": null,
        "GLA_RES": null,
        "BASEMENT_RES": null,
        "BSMT_FINISH_RES": null,
        "ATT_GARAGE_SQFT_RES": null,
        "BATHROOMS_RES": null,
        "GLA_BEDROOMS_RES": null,
        "EXTERIOR_RES": null,
        "ALLOCATION_PCT_RES": null,
        "TRAV_COUNT": 1,
        "LASTUPDATE": null,
        "CREATED_DATE": 1712330344000,
        "LAST_EDITED_DATE": 1712330533000,
        "GLOBALID": "{403E7F56-FFA0-4B44-B38E-D433CC9A5F36}",
        "Join_Count_12": 0,
        "TARGET_FID_12": 7542,
        "Code": null,
        "Desc_Cleaned": "Residential Agricultural",
        "Description": "Mining and Grazing (40 Acres)",
        "City": null,
        "Description_detailed": null,
        "Desc": null,
        "Acres": null,
        "CityLU": "MG-40",
        "Unit_Rate": 40,
        "Parcel_Area": 164634,
        "PctDeveloped": null,
        "Slope_Score": 0,
        "GP_Score": 6,
        "Ownership_Type": "Private",
        "Ownership_Score": 10,
        "Wetlands_Score": 0,
        "Municipality_Score": 10,
        "Final_Score": 6.1,
        "OBJECTID_12": 7540,
        "Join_Count_12_13": 0,
        "TARGET_FID_12_13": 7542,
        "Area": null,
        "Shape_Length_12": null,
        "Shape_Area_12": null,
        "STATUS": null,
        "CARTOCODE": null,
        "FULLNAME": null,
        "FROMADDR_L": null,
        "TOADDR_L": null,
        "FROMADDR_R": null,
        "TOADDR_R": null,
        "PARITY_L": null,
        "PARITY_R": null,
        "PREDIR": null,
        "NAME": null,
        "POSTTYPE": null,
        "POSTDIR": null,
        "AN_NAME": null,
        "AN_POSTDIR": null,
        "A1_PREDIR": null,
        "A1_NAME": null,
        "A1_POSTTYP": null,
        "A1_POSTDIR": null,
        "A2_PREDIR": null,
        "A2_NAME": null,
        "A2_POSTTYP": null,
        "A2_POSTDIR": null,
        "QUADRANT_L": null,
        "QUADRANT_R": null,
        "STATE_L": null,
        "STATE_R": null,
        "COUNTY_L": null,
        "COUNTY_R": null,
        "ADDRSYS_L": null,
        "ADDRSYS_R": null,
        "POSTCOMM_L": null,
        "POSTCOMM_R": null,
        "ZIPCODE_L": null,
        "ZIPCODE_R": null,
        "INCMUNI_L": null,
        "INCMUNI_R": null,
        "UNINCCOM_L": null,
        "UNINCCOM_R": null,
        "NBRHDCOM_L": null,
        "NBRHDCOM_R": null,
        "ER_CAD_ZON": null,
        "ESN_L": null,
        "ESN_R": null,
        "MSAGCOMM_L": null,
        "MSAGCOMM_R": null,
        "ONEWAY": null,
        "VERT_LEVEL": null,
        "SPEED_LMT": null,
        "ACCESSCODE": null,
        "DOT_HWYNAM": null,
        "DOT_RTNAME": null,
        "DOT_RTPART": null,
        "DOT_F_MILE": null,
        "DOT_T_MILE": null,
        "DOT_FCLASS": null,
        "DOT_SRFTYP": null,
        "DOT_CLASS": null,
        "DOT_OWN_L": null,
        "DOT_OWN_R": null,
        "DOT_AADT": null,
        "DOT_AADTYR": null,
        "DOT_THRULA": null,
        "BIKE_L": null,
        "BIKE_R": null,
        "UNIQUE_ID": null,
        "LOCAL_UID": null,
        "UTAHRD_UID": null,
        "SOURCE": null,
        "UPDATED": null,
        "EFFECTIVE": null,
        "EXPIRE": null,
        "CUSTOMTAGS": null,
        "Shape_STLe": null,
        "START_ELEV": null,
        "END_ELEV": null,
        "STEL_FT": null,
        "ENDEL_FT": null,
        "ELEV_CHANGE": null,
        "SLOPE": null,
        "IMP_NO_12": null,
        "USE_CODE_12": null,
        "USE_CODE_DESCR_12": null,
        "COST_CLASS_DESCR_12": null,
        "EXTERIOR_WALL_12": null,
        "ABOVE_GRADE_AREA_12": null,
        "MEZZANINE_12": null,
        "BASEMENT_12": null,
        "BSMT_FINISH_12": null,
        "BSMT_UNFINISH_12": null,
        "QUALITY_DESCR_12": null,
        "CONDITION_12": null,
        "CONDITION_DESCR_12": null,
        "YEAR_BUILT_12": null,
        "UNIT_COUNT_12": null,
        "PCT_COMPLETE_12": null,
        "ALLOCATION_PCT_12": null,
        "IMP_NO_23": null,
        "USE_CODE_23": null,
        "USE_CODE_DESCR_23": null,
        "COST_CLASS_DESCR_23": null,
        "EXTERIOR_WALL_23": null,
        "ABOVE_GRADE_AREA_23": null,
        "MEZZANINE_23": null,
        "BASEMENT_23": null,
        "BSMT_FINISH_23": null,
        "BSMT_UNFINISH_23": null,
        "QUALITY_DESCR_23": null,
        "CONDITION_23": null,
        "CONDITION_DESCR_23": null,
        "YEAR_BUILT_23": null,
        "UNIT_COUNT_23": null,
        "PCT_COMPLETE_23": null,
        "ALLOCATION_PCT_23": null,
        "Entry": 24178,
        "Year": 2025,
        "Record_Date": "2025-04-04",
        "Grantor": "COOK, RICHARD ERNEST AKA COOK, RICHARD E DEC RICHARD E COOK TRUST 03-27-1978 AS AMD AND RESTATED 02-11-1992 AKA RICHARD E COOK REVOCABLE TRUST 03-27-1978 AS AMD",
        "Grantee": "COOK, MARY N SUCTEE COOK, RICHARD W SUCTEE RICHARD E COOK TRUST 03-27-1978 AS AMD AND RESTATED 02-11-1992 AKA RICHARD E COOK REVOCABLE TRUST 03-27-1978 AS AMD",
        "Tax_Address": "2535 E 1700 S SALT LAKE CITY, UT 84108",
        "Serial_Number": "59:070:0002",
        "Serial_Number_Available": "Yes",
        "Detail_URL": "https://www.utahcounty.gov/LandRecords/document.asp?avEntry=24178&avYear=2025",
        "Document_Type": "AF DC",
        "Shape_Length_12_13": 5153.796124844892,
        "Shape_Area_12_13": 389038.6258201531,
        "DocType": "AFDC",
        "Shape_Length": 0.018021936277823336,
        "Shape_Area": 1.744932333525084e-05
      }
    },
    {
      "type": "Feature",
      "id": 54,
      "geometry": {
        "type": "Polygon",
        "coordinates": [
          [
            [
              -112.10226112599997,
              40.32011663900005
            ],
            [
              -112.10117264899998,
              40.32012126600006
            ],
            [
              -112.10118995199997,
              40.32011823400006
            ],
            [
              -112.09682273499999,
              40.320144818000074
            ],
            [
              -112.096783502,
              40.32179386000007
            ],
            [
              -112.10223936199998,
              40.321765869000046
            ],
            [
              -112.10226112599997,
              40.32011663900005
            ]
          ]
        ]
      },
      "properties": {
        "OBJECTID": 54,
        "Join_Count": 1,
        "TARGET_FID": 11007604,
        "PARCEL_NO": 590370012,
        "PARCELID": "590370012",
        "PARCELID_LABEL": "59:037:0012",
        "OWNER_NAME": "PETERSON, JAY R & JUDY ANN C",
        "CARE_NAME": null,
        "ACREAGE": 21,
        "SITE_FULL_ADDRESS": "CEDAR FORT, UT",
        "SITE_HOUSE_NUM": " ",
        "SITE_PRE_DIR": null,
        "SITE_STREET_NAME": null,
        "SITE_STREET_TYPE": null,
        "SITE_POST_DIR": null,
        "SITE_STREET_UNIT": null,
        "SITE_CITY": "CEDAR FORT",
        "SITE_STATE": "UT",
        "SITE_ZIP5": "84013",
        "OWN_FULL_ADDRESS": "2169 E 200 N  SAINT ANTHONY, ID 83445-5600",
        "OWN_STREET_ADDRESS": "2169 E 200 N",
        "OWN_CITY": "SAINT ANTHONY",
        "OWN_STATE": "ID",
        "OWN_ZIP5": "83445",
        "VESTING_DOC": "20970-2000",
        "PARCEL_CREATE_DATE": 410140800000,
        "MAP_FILING_NO": null,
        "SUB_NAME": null,
        "LEGAL_DESCR": "COM SW COR SEC 5, T6S, R2W, SLM; N 89-55'58\"W 303.60 FT; N 57'52\"E 601 FT; E 1521.73 FT; S 1-25'32\"W 601 FT; S 89-55'41\"W 1218.13 FT TO BEG.  AREA 21 ACRES.",
        "BOOK_PAGE": 59037,
        "LOT": null,
        "BUILDING": null,
        "UNIT": null,
        "TAX_DISTRICT": "050",
        "TAX_DISTRICT_DESCR": "CEDAR FORT CITY",
        "SCHOOL_DISTRICT": "ALPINE",
        "TAXABLE_CODE": 100,
        "ACCOUNT_TYPE": "RESIDENTIAL",
        "PROP_TYPE": 900,
        "PROP_TYPE_DESCR": "VACANT",
        "SPECIFIC_PROP_TYPE": 901,
        "SPC_PROP_TYP_DESCR": "Vac Res",
        "NEIGHBORHOOD": "103",
        "NBHD_DISTRICT": "825",
        "LAND_DISTRICT": 8037,
        "ECONOMIC_UNIT": null,
        "GLA_WEIGHTED_YRBLT": null,
        "TOTAL_ABOVE_GRADE_AREA": null,
        "TOTAL_MEZZANINE": null,
        "TOTAL_BASEMENT": null,
        "TOTAL_BSMT_FINISH": null,
        "TOTAL_UNIT_COUNT": null,
        "TOTAL_IMP_COUNT": null,
        "ASMT_YEAR": 2026,
        "ASMT_CODE": "V",
        "ASMT_CODE_DESCR": "VACANT",
        "MKT_LAND_VALUE": 694600,
        "MKT_LAND_RES": 0,
        "MKT_LAND_AGR": 694600,
        "MKT_LAND_COM": 0,
        "MKT_IMP_VALUE": 0,
        "MKT_IMP_RES": 0,
        "MKT_IMP_AGR": 0,
        "MKT_IMP_COM": 0,
        "MKT_CUR_VALUE": 694600,
        "MKT_PRV_VAL": 694600,
        "MKT_VAL_YR_CHG": 0,
        "MKT_PCT_CHG": 0,
        "TXBL_CUR_VALUE": 294,
        "TXBL_PRV_VAL": 294,
        "TXBL_VAL_YR_CHG": 0,
        "TXBL_PCT_CHG": 0,
        "TOT_CUR_TAXES": 0,
        "TOT_PRV_TAXES": 0,
        "TAXES_YR_CHG": 0,
        "TAXES_PCT_CHG": 0,
        "GREENBELT": "GB",
        "EXEMPT_RES": "N",
        "COMMON_AREA": null,
        "PUBLIC_ROAD": null,
        "PRIVATE_ROAD": null,
        "PART_CENTRAL_ASSD": null,
        "PART_TAXABLE": null,
        "IMP_NO_RES": null,
        "COST_GROUP_RES": null,
        "STYLE_DESCR_RES": null,
        "QUALITY_RES": null,
        "QUALITY_DESCR_RES": null,
        "CONDITION_RES": null,
        "CONDITION_DESCR_RES": null,
        "YEARBLT_RES": null,
        "GLA_RES": null,
        "BASEMENT_RES": null,
        "BSMT_FINISH_RES": null,
        "ATT_GARAGE_SQFT_RES": null,
        "BATHROOMS_RES": null,
        "GLA_BEDROOMS_RES": null,
        "EXTERIOR_RES": null,
        "ALLOCATION_PCT_RES": null,
        "TRAV_COUNT": 1,
        "LASTUPDATE": null,
        "CREATED_DATE": 1712330344000,
        "LAST_EDITED_DATE": 1712330533000,
        "GLOBALID": "{1303B275-1DB6-4507-967B-B020DDCCB1D3}",
        "Join_Count_12": 1,
        "TARGET_FID_12": 7561,
        "Code": null,
        "Desc_Cleaned": "Residential Agricultural",
        "Description": "Residential Agricultural Zone (5 Acres)",
        "City": null,
        "Description_detailed": null,
        "Desc": null,
        "Acres": null,
        "CityLU": "RA-5",
        "Unit_Rate": 5,
        "Parcel_Area": 84847,
        "PctDeveloped": null,
        "Slope_Score": 10,
        "GP_Score": 6,
        "Ownership_Type": "Private",
        "Ownership_Score": 10,
        "Wetlands_Score": 0,
        "Municipality_Score": 10,
        "Final_Score": 7.6,
        "OBJECTID_12": 7559,
        "Join_Count_12_13": 0,
        "TARGET_FID_12_13": 7561,
        "Area": null,
        "Shape_Length_12": null,
        "Shape_Area_12": null,
        "STATUS": " ",
        "CARTOCODE": "5",
        "FULLNAME": "CEDAR FORT RD",
        "FROMADDR_L": 321,
        "TOADDR_L": 399,
        "FROMADDR_R": 320,
        "TOADDR_R": 398,
        "PARITY_L": " ",
        "PARITY_R": " ",
        "PREDIR": "S",
        "NAME": "CEDAR FORT",
        "POSTTYPE": "RD",
        "POSTDIR": " ",
        "AN_NAME": " ",
        "AN_POSTDIR": " ",
        "A1_PREDIR": " ",
        "A1_NAME": "HIGHWAY 73",
        "A1_POSTTYP": " ",
        "A1_POSTDIR": " ",
        "A2_PREDIR": " ",
        "A2_NAME": " ",
        "A2_POSTTYP": " ",
        "A2_POSTDIR": " ",
        "QUADRANT_L": "SE",
        "QUADRANT_R": "SE",
        "STATE_L": "UT",
        "STATE_R": "UT",
        "COUNTY_L": "49049",
        "COUNTY_R": "49049",
        "ADDRSYS_L": "Cedar Fort",
        "ADDRSYS_R": "Cedar Fort",
        "POSTCOMM_L": "CEDAR VALLEY",
        "POSTCOMM_R": "CEDAR VALLEY",
        "ZIPCODE_L": "84013",
        "ZIPCODE_R": "84013",
        "INCMUNI_L": "CEDAR FORT",
        "INCMUNI_R": "CEDAR FORT",
        "UNINCCOM_L": " ",
        "UNINCCOM_R": " ",
        "NBRHDCOM_L": " ",
        "NBRHDCOM_R": " ",
        "ER_CAD_ZON": " ",
        "ESN_L": " ",
        "ESN_R": " ",
        "MSAGCOMM_L": " ",
        "MSAGCOMM_R": " ",
        "ONEWAY": "0",
        "VERT_LEVEL": "0",
        "SPEED_LMT": 40,
        "ACCESSCODE": " ",
        "DOT_HWYNAM": "SR 73",
        "DOT_RTNAME": "0073P",
        "DOT_RTPART": "1",
        "DOT_F_MILE": 24.907,
        "DOT_T_MILE": 24.813,
        "DOT_FCLASS": " ",
        "DOT_SRFTYP": " ",
        "DOT_CLASS": "A",
        "DOT_OWN_L": "UDOT",
        "DOT_OWN_R": "UDOT",
        "DOT_AADT": 0,
        "DOT_AADTYR": " ",
        "DOT_THRULA": 0,
        "BIKE_L": " ",
        "BIKE_R": " ",
        "UNIQUE_ID": "12TVK06346393_CEDAR FORT_RD",
        "LOCAL_UID": " ",
        "UTAHRD_UID": " ",
        "SOURCE": " ",
        "UPDATED": 1434067200000,
        "EFFECTIVE": null,
        "EXPIRE": null,
        "CUSTOMTAGS": " ",
        "Shape_STLe": 152.02055782,
        "START_ELEV": 1556.227294921875,
        "END_ELEV": 1557.66796875,
        "STEL_FT": 5105.732758271484,
        "ENDEL_FT": 5110.4593785937495,
        "ELEV_CHANGE": 4.726620322265262,
        "SLOPE": 0.9474704900363723,
        "IMP_NO_12": null,
        "USE_CODE_12": null,
        "USE_CODE_DESCR_12": null,
        "COST_CLASS_DESCR_12": null,
        "EXTERIOR_WALL_12": null,
        "ABOVE_GRADE_AREA_12": null,
        "MEZZANINE_12": null,
        "BASEMENT_12": null,
        "BSMT_FINISH_12": null,
        "BSMT_UNFINISH_12": null,
        "QUALITY_DESCR_12": null,
        "CONDITION_12": null,
        "CONDITION_DESCR_12": null,
        "YEAR_BUILT_12": null,
        "UNIT_COUNT_12": null,
        "PCT_COMPLETE_12": null,
        "ALLOCATION_PCT_12": null,
        "IMP_NO_23": null,
        "USE_CODE_23": null,
        "USE_CODE_DESCR_23": null,
        "COST_CLASS_DESCR_23": null,
        "EXTERIOR_WALL_23": null,
        "ABOVE_GRADE_AREA_23": null,
        "MEZZANINE_23": null,
        "BASEMENT_23": null,
        "BSMT_FINISH_23": null,
        "BSMT_UNFINISH_23": null,
        "QUALITY_DESCR_23": null,
        "CONDITION_23": null,
        "CONDITION_DESCR_23": null,
        "YEAR_BUILT_23": null,
        "UNIT_COUNT_23": null,
        "PCT_COMPLETE_23": null,
        "ALLOCATION_PCT_23": null,
        "Entry": 42822,
        "Year": 2025,
        "Record_Date": "2025-06-10",
        "Grantor": "PETERSON, PAUL",
        "Grantee": "WHOM OF INTEREST",
        "Tax_Address": "405 S MAIN ST STE 800 SALT LAKE CITY, UT 84111",
        "Serial_Number": "59:037:0001",
        "Serial_Number_Available": "Yes",
        "Detail_URL": "https://www.utahcounty.gov/LandRecords/document.asp?avEntry=42822&avYear=2025",
        "Document_Type": "AF DC",
        "Shape_Length_12_13": 4170.486730628321,
        "Shape_Area_12_13": 911965.8951843112,
        "DocType": "AFDC",
        "Shape_Length": 0.014228165422159674,
        "Shape_Area": 8.991339296740329e-06
      }
    },
    {
      "type": "Feature",
      "id": 55,
      "geometry": {
        "type": "Polygon",
        "coordinates": [
          [
            [
              -112.08542829399994,
              40.31286285600004
            ],
            [
              -112.08542831099999,
              40.31286284300006
            ],
            [
              -112.08542986099997,
              40.317956509000055
            ],
            [
              -112.08539176699998,
              40.31811203800004
            ],
            [
              -112.08691790699999,
              40.318641254000056
            ],
            [
              -112.086915767,
              40.31286262500004
            ],
            [
              -112.08691480499999,
              40.30920172800006
            ],
            [
              -112.08542718099994,
              40.30920303100004
            ],
            [
              -112.08542829399994,
              40.31286285600004
            ]
          ]
        ]
      },
      "properties": {
        "OBJECTID": 55,
        "Join_Count": 1,
        "TARGET_FID": 11007629,
        "PARCEL_NO": 590400026,
        "PARCELID": "590400026",
        "PARCELID_LABEL": "59:040:0026",
        "OWNER_NAME": "KLN LAND AND CATTLE LLC",
        "CARE_NAME": null,
        "ACREAGE": 31.857097999999997,
        "SITE_FULL_ADDRESS": "CEDAR FORT, UT",
        "SITE_HOUSE_NUM": " ",
        "SITE_PRE_DIR": null,
        "SITE_STREET_NAME": null,
        "SITE_STREET_TYPE": null,
        "SITE_POST_DIR": null,
        "SITE_STREET_UNIT": null,
        "SITE_CITY": "CEDAR FORT",
        "SITE_STATE": "UT",
        "SITE_ZIP5": "84013",
        "OWN_FULL_ADDRESS": "77 E MISSOURI AVE # 48  PHOENIX, AZ 85012",
        "OWN_STREET_ADDRESS": "77 E MISSOURI AVE # 48",
        "OWN_CITY": "PHOENIX",
        "OWN_STATE": "AZ",
        "OWN_ZIP5": "85012",
        "VESTING_DOC": "11521-2022",
        "PARCEL_CREATE_DATE": 1640908800000,
        "MAP_FILING_NO": null,
        "SUB_NAME": null,
        "LEGAL_DESCR": "COM N 89 DEG 38' 11\" W 908.35 FT FR E 1/4 COR. SEC. 8, T6S, R2W, SLB&M.; S 0 DEG 21' 42\" W 1333.58 FT; N 89 DEG 41' 24\" W 414.98 FT; N 0 DEG 21' 52\" E 1333.97 FT; N 0 DEG 21' 35\" E 2105.64 FT; S 65 DEG 15' 10\" E 467.31 FT; S 10 DEG 59' 38\" W 57.66 FT; S 0 DEG 21' 42\" W 1856.05 FT TO BEG. AREA 31.857 AC.",
        "BOOK_PAGE": 59040,
        "LOT": null,
        "BUILDING": null,
        "UNIT": null,
        "TAX_DISTRICT": "050",
        "TAX_DISTRICT_DESCR": "CEDAR FORT CITY",
        "SCHOOL_DISTRICT": "ALPINE",
        "TAXABLE_CODE": 100,
        "ACCOUNT_TYPE": "RESIDENTIAL",
        "PROP_TYPE": 900,
        "PROP_TYPE_DESCR": "VACANT",
        "SPECIFIC_PROP_TYPE": 901,
        "SPC_PROP_TYP_DESCR": "Vac Res",
        "NEIGHBORHOOD": "103",
        "NBHD_DISTRICT": "825",
        "LAND_DISTRICT": 8002,
        "ECONOMIC_UNIT": null,
        "GLA_WEIGHTED_YRBLT": null,
        "TOTAL_ABOVE_GRADE_AREA": null,
        "TOTAL_MEZZANINE": null,
        "TOTAL_BASEMENT": null,
        "TOTAL_BSMT_FINISH": null,
        "TOTAL_UNIT_COUNT": null,
        "TOTAL_IMP_COUNT": null,
        "ASMT_YEAR": 2026,
        "ASMT_CODE": "V",
        "ASMT_CODE_DESCR": "VACANT",
        "MKT_LAND_VALUE": 351900,
        "MKT_LAND_RES": 0,
        "MKT_LAND_AGR": 351900,
        "MKT_LAND_COM": 0,
        "MKT_IMP_VALUE": 0,
        "MKT_IMP_RES": 0,
        "MKT_IMP_AGR": 0,
        "MKT_IMP_COM": 0,
        "MKT_CUR_VALUE": 351900,
        "MKT_PRV_VAL": 351900,
        "MKT_VAL_YR_CHG": 0,
        "MKT_PCT_CHG": 0,
        "TXBL_CUR_VALUE": 1625,
        "TXBL_PRV_VAL": 1625,
        "TXBL_VAL_YR_CHG": 0,
        "TXBL_PCT_CHG": 0,
        "TOT_CUR_TAXES": 0,
        "TOT_PRV_TAXES": 0,
        "TAXES_YR_CHG": 0,
        "TAXES_PCT_CHG": 0,
        "GREENBELT": "GB",
        "EXEMPT_RES": "N",
        "COMMON_AREA": null,
        "PUBLIC_ROAD": null,
        "PRIVATE_ROAD": null,
        "PART_CENTRAL_ASSD": null,
        "PART_TAXABLE": null,
        "IMP_NO_RES": null,
        "COST_GROUP_RES": null,
        "STYLE_DESCR_RES": null,
        "QUALITY_RES": null,
        "QUALITY_DESCR_RES": null,
        "CONDITION_RES": null,
        "CONDITION_DESCR_RES": null,
        "YEARBLT_RES": null,
        "GLA_RES": null,
        "BASEMENT_RES": null,
        "BSMT_FINISH_RES": null,
        "ATT_GARAGE_SQFT_RES": null,
        "BATHROOMS_RES": null,
        "GLA_BEDROOMS_RES": null,
        "EXTERIOR_RES": null,
        "ALLOCATION_PCT_RES": null,
        "TRAV_COUNT": 1,
        "LASTUPDATE": null,
        "CREATED_DATE": 1712330344000,
        "LAST_EDITED_DATE": 1712330533000,
        "GLOBALID": "{08918E09-4271-44D0-8FEB-A72CC0235605}",
        "Join_Count_12": 1,
        "TARGET_FID_12": 7567,
        "Code": null,
        "Desc_Cleaned": "Residential Agricultural",
        "Description": "Residential Agricultural Zone (5 Acres)",
        "City": null,
        "Description_detailed": null,
        "Desc": null,
        "Acres": null,
        "CityLU": "RA-5",
        "Unit_Rate": 5,
        "Parcel_Area": 128922,
        "PctDeveloped": null,
        "Slope_Score": 10,
        "GP_Score": 6,
        "Ownership_Type": "Business",
        "Ownership_Score": 5,
        "Wetlands_Score": 10,
        "Municipality_Score": 10,
        "Final_Score": 7.1,
        "OBJECTID_12": 7565,
        "Join_Count_12_13": 0,
        "TARGET_FID_12_13": 7567,
        "Area": null,
        "Shape_Length_12": null,
        "Shape_Area_12": null,
        "STATUS": " ",
        "CARTOCODE": "11",
        "FULLNAME": "STATION RD",
        "FROMADDR_L": 17601,
        "TOADDR_L": 17999,
        "FROMADDR_R": 17600,
        "TOADDR_R": 17998,
        "PARITY_L": " ",
        "PARITY_R": " ",
        "PREDIR": "W",
        "NAME": "STATION",
        "POSTTYPE": "RD",
        "POSTDIR": " ",
        "AN_NAME": " ",
        "AN_POSTDIR": " ",
        "A1_PREDIR": " ",
        "A1_NAME": " ",
        "A1_POSTTYP": " ",
        "A1_POSTDIR": " ",
        "A2_PREDIR": " ",
        "A2_NAME": " ",
        "A2_POSTTYP": " ",
        "A2_POSTDIR": " ",
        "QUADRANT_L": "SE",
        "QUADRANT_R": "SE",
        "STATE_L": "UT",
        "STATE_R": "UT",
        "COUNTY_L": "49049",
        "COUNTY_R": "49049",
        "ADDRSYS_L": "Cedar Fort",
        "ADDRSYS_R": "Cedar Fort",
        "POSTCOMM_L": "CEDAR VALLEY",
        "POSTCOMM_R": "CEDAR VALLEY",
        "ZIPCODE_L": "84013",
        "ZIPCODE_R": "84013",
        "INCMUNI_L": "CEDAR FORT",
        "INCMUNI_R": "CEDAR FORT",
        "UNINCCOM_L": " ",
        "UNINCCOM_R": " ",
        "NBRHDCOM_L": " ",
        "NBRHDCOM_R": " ",
        "ER_CAD_ZON": " ",
        "ESN_L": " ",
        "ESN_R": " ",
        "MSAGCOMM_L": " ",
        "MSAGCOMM_R": " ",
        "ONEWAY": "0",
        "VERT_LEVEL": "0",
        "SPEED_LMT": 25,
        "ACCESSCODE": " ",
        "DOT_HWYNAM": " ",
        "DOT_RTNAME": " ",
        "DOT_RTPART": " ",
        "DOT_F_MILE": 0,
        "DOT_T_MILE": 0,
        "DOT_FCLASS": " ",
        "DOT_SRFTYP": " ",
        "DOT_CLASS": "C",
        "DOT_OWN_L": "MU Cedar Fort",
        "DOT_OWN_R": "MU Cedar Fort",
        "DOT_AADT": 0,
        "DOT_AADTYR": " ",
        "DOT_THRULA": 0,
        "BIKE_L": " ",
        "BIKE_R": " ",
        "UNIQUE_ID": "12TVK07666368_STATION_RD",
        "LOCAL_UID": " ",
        "UTAHRD_UID": " ",
        "SOURCE": " ",
        "UPDATED": 1486425600000,
        "EFFECTIVE": null,
        "EXPIRE": null,
        "CUSTOMTAGS": " ",
        "Shape_STLe": 832.437973473,
        "START_ELEV": 1500.1092529296875,
        "END_ELEV": 1512.42724609375,
        "STEL_FT": 4921.6184413818355,
        "ENDEL_FT": 4962.031806074218,
        "ELEV_CHANGE": 40.413364692382856,
        "SLOPE": 1.479412531656342,
        "IMP_NO_12": null,
        "USE_CODE_12": null,
        "USE_CODE_DESCR_12": null,
        "COST_CLASS_DESCR_12": null,
        "EXTERIOR_WALL_12": null,
        "ABOVE_GRADE_AREA_12": null,
        "MEZZANINE_12": null,
        "BASEMENT_12": null,
        "BSMT_FINISH_12": null,
        "BSMT_UNFINISH_12": null,
        "QUALITY_DESCR_12": null,
        "CONDITION_12": null,
        "CONDITION_DESCR_12": null,
        "YEAR_BUILT_12": null,
        "UNIT_COUNT_12": null,
        "PCT_COMPLETE_12": null,
        "ALLOCATION_PCT_12": null,
        "IMP_NO_23": null,
        "USE_CODE_23": null,
        "USE_CODE_DESCR_23": null,
        "COST_CLASS_DESCR_23": null,
        "EXTERIOR_WALL_23": null,
        "ABOVE_GRADE_AREA_23": null,
        "MEZZANINE_23": null,
        "BASEMENT_23": null,
        "BSMT_FINISH_23": null,
        "BSMT_UNFINISH_23": null,
        "QUALITY_DESCR_23": null,
        "CONDITION_23": null,
        "CONDITION_DESCR_23": null,
        "YEAR_BUILT_23": null,
        "UNIT_COUNT_23": null,
        "PCT_COMPLETE_23": null,
        "ALLOCATION_PCT_23": null,
        "Entry": 42819,
        "Year": 2025,
        "Record_Date": "2025-06-10",
        "Grantor": "PETERSON, PAUL DEC",
        "Grantee": "WHOM OF INTEREST",
        "Tax_Address": "1019 N TIMPVIEW DR AMERICAN FORK, UT 84003",
        "Serial_Number": "59:040:0022",
        "Serial_Number_Available": "Yes",
        "Detail_URL": "https://www.utahcounty.gov/LandRecords/document.asp?avEntry=42819&avYear=2025",
        "Document_Type": "AF DC",
        "Shape_Length_12_13": 2957.013921957929,
        "Shape_Area_12_13": 435575.6117770078,
        "DocType": "AFDC",
        "Shape_Length": 0.02145608360325896,
        "Shape_Area": 1.3660717538716815e-05
      }
    },
    {
      "type": "Feature",
      "id": 56,
      "geometry": {
        "type": "Polygon",
        "coordinates": [
          [
            [
              -112.08217250999996,
              40.31720245400004
            ],
            [
              -112.08217119999995,
              40.32019160600004
            ],
            [
              -112.08217278199999,
              40.32109809200006
            ],
            [
              -112.08237357599995,
              40.32111254800003
            ],
            [
              -112.08360990399996,
              40.32111413300004
            ],
            [
              -112.08539614999995,
              40.321136301000024
            ],
            [
              -112.08539430999997,
              40.31811089800004
            ],
            [
              -112.08541335899997,
              40.31803313300003
            ],
            [
              -112.08360507699996,
              40.31740539500004
            ],
            [
              -112.08345654876523,
              40.3173579032541
            ],
            [
              -112.08330617673019,
              40.31731661943741
            ],
            [
              -112.0831542202415,
              40.31728161475219
            ],
            [
              -112.08300094137853,
              40.31725294957102
            ],
            [
              -112.08284660450137,
              40.31723067333274
            ],
            [
              -112.08269147579485,
              40.31721482445718
            ],
            [
              -112.08253582280946,
              40.317205430278904
            ],
            [
              -112.08237991399994,
              40.31720250700005
            ],
            [
              -112.08217250999996,
              40.31720245400004
            ]
          ]
        ]
      },
      "properties": {
        "OBJECTID": 56,
        "Join_Count": 1,
        "TARGET_FID": 11007630,
        "PARCEL_NO": 590400030,
        "PARCELID": "590400030",
        "PARCELID_LABEL": "59:040:0030",
        "OWNER_NAME": "KLN LAND AND CATTLE LLC",
        "CARE_NAME": null,
        "ACREAGE": 27.108634,
        "SITE_FULL_ADDRESS": "CEDAR FORT, UT",
        "SITE_HOUSE_NUM": " ",
        "SITE_PRE_DIR": null,
        "SITE_STREET_NAME": null,
        "SITE_STREET_TYPE": null,
        "SITE_POST_DIR": null,
        "SITE_STREET_UNIT": null,
        "SITE_CITY": "CEDAR FORT",
        "SITE_STATE": "UT",
        "SITE_ZIP5": "84013",
        "OWN_FULL_ADDRESS": "77 E MISSOURI AVE # 48  PHOENIX, AZ 85012",
        "OWN_STREET_ADDRESS": "77 E MISSOURI AVE # 48",
        "OWN_CITY": "PHOENIX",
        "OWN_STATE": "AZ",
        "OWN_ZIP5": "85012",
        "VESTING_DOC": "11525-2022",
        "PARCEL_CREATE_DATE": 1640908800000,
        "MAP_FILING_NO": null,
        "SUB_NAME": null,
        "LEGAL_DESCR": "COM AT NE COR. SEC. 8, T6S, R2W, SLB&M.; S 0 DEG 23' 32\" W 1089.18 FT; N 89 DEG 36' 28\" W 57.85 FT; ALONG A CURVE TO R (CHORD BEARS: N 77 DEG 25' 9\" W 349.63 FT, RADIUS = 828 FT); N 65 DEG 13' 50\" W 553.81 FT; N 10 DEG 59' 38\" E 28.83 FT; N 0 DEG 20' 54\" E 1102.41 FT; S 88 DEG 41' 48\" E 498.26 FT; S 89 DEG 31' 50\" E 344.82 FT; S 84 DEG 15' 14\" E 56.25 FT; S 0 DEG 17' 47\" W 330.31 FT TO BEG. AREA 27.109 AC.",
        "BOOK_PAGE": 59040,
        "LOT": null,
        "BUILDING": null,
        "UNIT": null,
        "TAX_DISTRICT": "050",
        "TAX_DISTRICT_DESCR": "CEDAR FORT CITY",
        "SCHOOL_DISTRICT": "ALPINE",
        "TAXABLE_CODE": 100,
        "ACCOUNT_TYPE": "RESIDENTIAL",
        "PROP_TYPE": 900,
        "PROP_TYPE_DESCR": "VACANT",
        "SPECIFIC_PROP_TYPE": 901,
        "SPC_PROP_TYP_DESCR": "Vac Res",
        "NEIGHBORHOOD": "103",
        "NBHD_DISTRICT": "825",
        "LAND_DISTRICT": 8002,
        "ECONOMIC_UNIT": null,
        "GLA_WEIGHTED_YRBLT": null,
        "TOTAL_ABOVE_GRADE_AREA": null,
        "TOTAL_MEZZANINE": null,
        "TOTAL_BASEMENT": null,
        "TOTAL_BSMT_FINISH": null,
        "TOTAL_UNIT_COUNT": null,
        "TOTAL_IMP_COUNT": null,
        "ASMT_YEAR": 2026,
        "ASMT_CODE": "V",
        "ASMT_CODE_DESCR": "VACANT",
        "MKT_LAND_VALUE": 299400,
        "MKT_LAND_RES": 0,
        "MKT_LAND_AGR": 299400,
        "MKT_LAND_COM": 0,
        "MKT_IMP_VALUE": 0,
        "MKT_IMP_RES": 0,
        "MKT_IMP_AGR": 0,
        "MKT_IMP_COM": 0,
        "MKT_CUR_VALUE": 299400,
        "MKT_PRV_VAL": 299400,
        "MKT_VAL_YR_CHG": 0,
        "MKT_PCT_CHG": 0,
        "TXBL_CUR_VALUE": 1383,
        "TXBL_PRV_VAL": 1383,
        "TXBL_VAL_YR_CHG": 0,
        "TXBL_PCT_CHG": 0,
        "TOT_CUR_TAXES": 0,
        "TOT_PRV_TAXES": 0,
        "TAXES_YR_CHG": 0,
        "TAXES_PCT_CHG": 0,
        "GREENBELT": "GB",
        "EXEMPT_RES": "N",
        "COMMON_AREA": null,
        "PUBLIC_ROAD": null,
        "PRIVATE_ROAD": null,
        "PART_CENTRAL_ASSD": null,
        "PART_TAXABLE": null,
        "IMP_NO_RES": null,
        "COST_GROUP_RES": null,
        "STYLE_DESCR_RES": null,
        "QUALITY_RES": null,
        "QUALITY_DESCR_RES": null,
        "CONDITION_RES": null,
        "CONDITION_DESCR_RES": null,
        "YEARBLT_RES": null,
        "GLA_RES": null,
        "BASEMENT_RES": null,
        "BSMT_FINISH_RES": null,
        "ATT_GARAGE_SQFT_RES": null,
        "BATHROOMS_RES": null,
        "GLA_BEDROOMS_RES": null,
        "EXTERIOR_RES": null,
        "ALLOCATION_PCT_RES": null,
        "TRAV_COUNT": 1,
        "LASTUPDATE": null,
        "CREATED_DATE": 1712330344000,
        "LAST_EDITED_DATE": 1712330533000,
        "GLOBALID": "{A2BB8078-879A-43AA-8F44-1D747AC159E0}",
        "Join_Count_12": 1,
        "TARGET_FID_12": 7568,
        "Code": null,
        "Desc_Cleaned": "Residential Agricultural",
        "Description": "Residential Agricultural Zone (5 Acres)",
        "City": null,
        "Description_detailed": null,
        "Desc": null,
        "Acres": null,
        "CityLU": "RA-5",
        "Unit_Rate": 5,
        "Parcel_Area": 109705,
        "PctDeveloped": null,
        "Slope_Score": 10,
        "GP_Score": 6,
        "Ownership_Type": "Business",
        "Ownership_Score": 5,
        "Wetlands_Score": 10,
        "Municipality_Score": 10,
        "Final_Score": 7.1,
        "OBJECTID_12": 7566,
        "Join_Count_12_13": 0,
        "TARGET_FID_12_13": 7568,
        "Area": null,
        "Shape_Length_12": null,
        "Shape_Area_12": null,
        "STATUS": " ",
        "CARTOCODE": "11",
        "FULLNAME": "STATION RD",
        "FROMADDR_L": 17601,
        "TOADDR_L": 17999,
        "FROMADDR_R": 17600,
        "TOADDR_R": 17998,
        "PARITY_L": " ",
        "PARITY_R": " ",
        "PREDIR": "W",
        "NAME": "STATION",
        "POSTTYPE": "RD",
        "POSTDIR": " ",
        "AN_NAME": " ",
        "AN_POSTDIR": " ",
        "A1_PREDIR": " ",
        "A1_NAME": " ",
        "A1_POSTTYP": " ",
        "A1_POSTDIR": " ",
        "A2_PREDIR": " ",
        "A2_NAME": " ",
        "A2_POSTTYP": " ",
        "A2_POSTDIR": " ",
        "QUADRANT_L": "SE",
        "QUADRANT_R": "SE",
        "STATE_L": "UT",
        "STATE_R": "UT",
        "COUNTY_L": "49049",
        "COUNTY_R": "49049",
        "ADDRSYS_L": "Cedar Fort",
        "ADDRSYS_R": "Cedar Fort",
        "POSTCOMM_L": "CEDAR VALLEY",
        "POSTCOMM_R": "CEDAR VALLEY",
        "ZIPCODE_L": "84013",
        "ZIPCODE_R": "84013",
        "INCMUNI_L": "CEDAR FORT",
        "INCMUNI_R": "CEDAR FORT",
        "UNINCCOM_L": " ",
        "UNINCCOM_R": " ",
        "NBRHDCOM_L": " ",
        "NBRHDCOM_R": " ",
        "ER_CAD_ZON": " ",
        "ESN_L": " ",
        "ESN_R": " ",
        "MSAGCOMM_L": " ",
        "MSAGCOMM_R": " ",
        "ONEWAY": "0",
        "VERT_LEVEL": "0",
        "SPEED_LMT": 25,
        "ACCESSCODE": " ",
        "DOT_HWYNAM": " ",
        "DOT_RTNAME": " ",
        "DOT_RTPART": " ",
        "DOT_F_MILE": 0,
        "DOT_T_MILE": 0,
        "DOT_FCLASS": " ",
        "DOT_SRFTYP": " ",
        "DOT_CLASS": "C",
        "DOT_OWN_L": "MU Cedar Fort",
        "DOT_OWN_R": "MU Cedar Fort",
        "DOT_AADT": 0,
        "DOT_AADTYR": " ",
        "DOT_THRULA": 0,
        "BIKE_L": " ",
        "BIKE_R": " ",
        "UNIQUE_ID": "12TVK07666368_STATION_RD",
        "LOCAL_UID": " ",
        "UTAHRD_UID": " ",
        "SOURCE": " ",
        "UPDATED": 1486425600000,
        "EFFECTIVE": null,
        "EXPIRE": null,
        "CUSTOMTAGS": " ",
        "Shape_STLe": 832.437973473,
        "START_ELEV": 1500.1092529296875,
        "END_ELEV": 1512.42724609375,
        "STEL_FT": 4921.6184413818355,
        "ENDEL_FT": 4962.031806074218,
        "ELEV_CHANGE": 40.413364692382856,
        "SLOPE": 1.479412531656342,
        "IMP_NO_12": null,
        "USE_CODE_12": null,
        "USE_CODE_DESCR_12": null,
        "COST_CLASS_DESCR_12": null,
        "EXTERIOR_WALL_12": null,
        "ABOVE_GRADE_AREA_12": null,
        "MEZZANINE_12": null,
        "BASEMENT_12": null,
        "BSMT_FINISH_12": null,
        "BSMT_UNFINISH_12": null,
        "QUALITY_DESCR_12": null,
        "CONDITION_12": null,
        "CONDITION_DESCR_12": null,
        "YEAR_BUILT_12": null,
        "UNIT_COUNT_12": null,
        "PCT_COMPLETE_12": null,
        "ALLOCATION_PCT_12": null,
        "IMP_NO_23": null,
        "USE_CODE_23": null,
        "USE_CODE_DESCR_23": null,
        "COST_CLASS_DESCR_23": null,
        "EXTERIOR_WALL_23": null,
        "ABOVE_GRADE_AREA_23": null,
        "MEZZANINE_23": null,
        "BASEMENT_23": null,
        "BSMT_FINISH_23": null,
        "BSMT_UNFINISH_23": null,
        "QUALITY_DESCR_23": null,
        "CONDITION_23": null,
        "CONDITION_DESCR_23": null,
        "YEAR_BUILT_23": null,
        "UNIT_COUNT_23": null,
        "PCT_COMPLETE_23": null,
        "ALLOCATION_PCT_23": null,
        "Entry": 42819,
        "Year": 2025,
        "Record_Date": "2025-06-10",
        "Grantor": "PETERSON, PAUL DEC",
        "Grantee": "WHOM OF INTEREST",
        "Tax_Address": "1019 N TIMPVIEW DR AMERICAN FORK, UT 84003",
        "Serial_Number": "59:040:0022",
        "Serial_Number_Available": "Yes",
        "Detail_URL": "https://www.utahcounty.gov/LandRecords/document.asp?avEntry=42819&avYear=2025",
        "Document_Type": "AF DC",
        "Shape_Length_12_13": 2957.013921957929,
        "Shape_Area_12_13": 435575.6117770078,
        "DocType": "AFDC",
        "Shape_Length": 0.013594258755567492,
        "Shape_Area": 1.1625391898604188e-05
      }
    },
    {
      "type": "Feature",
      "id": 57,
      "geometry": {
        "type": "Polygon",
        "coordinates": [
          [
            [
              -112.08217427599999,
              40.30920581400005
            ],
            [
              -112.08217185499996,
              40.31286332800005
            ],
            [
              -112.08216994499998,
              40.31720361300006
            ],
            [
              -112.08237735099999,
              40.31720366600007
            ],
            [
              -112.08253325984614,
              40.317206589524055
            ],
            [
              -112.0826889128579,
              40.31721598394973
            ],
            [
              -112.08284404158042,
              40.31723183307452
            ],
            [
              -112.08299837846306,
              40.317254109563436
            ],
            [
              -112.08315165732093,
              40.3172827749962
            ],
            [
              -112.08330361379386,
              40.31731777993351
            ],
            [
              -112.08345398580244,
              40.317359064002346
            ],
            [
              -112.08360251399995,
              40.31740655600004
            ],
            [
              -112.08384834599997,
              40.317491896000035
            ],
            [
              -112.08384704499997,
              40.31286309700005
            ],
            [
              -112.08384601599994,
              40.30920439700003
            ],
            [
              -112.08217427599999,
              40.30920581400005
            ]
          ]
        ]
      },
      "properties": {
        "OBJECTID": 57,
        "Join_Count": 1,
        "TARGET_FID": 11007631,
        "PARCEL_NO": 590400032,
        "PARCELID": "590400032",
        "PARCELID_LABEL": "59:040:0032",
        "OWNER_NAME": "ASHLEY, WILLIS G & EILEEN E",
        "CARE_NAME": null,
        "ACREAGE": 31.578932,
        "SITE_FULL_ADDRESS": "CEDAR FORT, UT",
        "SITE_HOUSE_NUM": " ",
        "SITE_PRE_DIR": null,
        "SITE_STREET_NAME": null,
        "SITE_STREET_TYPE": null,
        "SITE_POST_DIR": null,
        "SITE_STREET_UNIT": null,
        "SITE_CITY": "CEDAR FORT",
        "SITE_STATE": "UT",
        "SITE_ZIP5": "84013",
        "OWN_FULL_ADDRESS": "82 W 200 N  CEDAR FORT, UT 84013",
        "OWN_STREET_ADDRESS": "82 W 200 N",
        "OWN_CITY": "CEDAR FORT",
        "OWN_STATE": "UT",
        "OWN_ZIP5": "84013",
        "VESTING_DOC": "207521-2021",
        "PARCEL_CREATE_DATE": 1640908800000,
        "MAP_FILING_NO": null,
        "SUB_NAME": null,
        "LEGAL_DESCR": "COM AT E 1/4 COR. SEC. 8, T6S, R2W, SLB&M.; S 0 DEG 24' 7\" W 1332.73 FT; N 89 DEG 41' 24\" W 466.34 FT; N 0 DEG 21' 42\" E 1333.17 FT; N 0 DEG 21' 42\" E 1686.66 FT; S 65 DEG 13' 51\" E 75.29 FT; ALONG A CURVE TO L (CHORD BEARS: S 77 DEG 25' 9\" E 349.63 FT, RADIUS = 828 FT); S 89 DEG 36' 28\" E 57.85 FT; S 0 DEG 23' 32\" W 1581.53 FT TO BEG. AREA 31.579 AC.",
        "BOOK_PAGE": 59040,
        "LOT": null,
        "BUILDING": null,
        "UNIT": null,
        "TAX_DISTRICT": "050",
        "TAX_DISTRICT_DESCR": "CEDAR FORT CITY",
        "SCHOOL_DISTRICT": "ALPINE",
        "TAXABLE_CODE": 100,
        "ACCOUNT_TYPE": "RESIDENTIAL",
        "PROP_TYPE": 900,
        "PROP_TYPE_DESCR": "VACANT",
        "SPECIFIC_PROP_TYPE": 901,
        "SPC_PROP_TYP_DESCR": "Vac Res",
        "NEIGHBORHOOD": "103",
        "NBHD_DISTRICT": "825",
        "LAND_DISTRICT": 8002,
        "ECONOMIC_UNIT": null,
        "GLA_WEIGHTED_YRBLT": null,
        "TOTAL_ABOVE_GRADE_AREA": null,
        "TOTAL_MEZZANINE": null,
        "TOTAL_BASEMENT": null,
        "TOTAL_BSMT_FINISH": null,
        "TOTAL_UNIT_COUNT": null,
        "TOTAL_IMP_COUNT": null,
        "ASMT_YEAR": 2026,
        "ASMT_CODE": "V",
        "ASMT_CODE_DESCR": "VACANT",
        "MKT_LAND_VALUE": 348800,
        "MKT_LAND_RES": 0,
        "MKT_LAND_AGR": 348800,
        "MKT_LAND_COM": 0,
        "MKT_IMP_VALUE": 0,
        "MKT_IMP_RES": 0,
        "MKT_IMP_AGR": 0,
        "MKT_IMP_COM": 0,
        "MKT_CUR_VALUE": 348800,
        "MKT_PRV_VAL": 348800,
        "MKT_VAL_YR_CHG": 0,
        "MKT_PCT_CHG": 0,
        "TXBL_CUR_VALUE": 1611,
        "TXBL_PRV_VAL": 1611,
        "TXBL_VAL_YR_CHG": 0,
        "TXBL_PCT_CHG": 0,
        "TOT_CUR_TAXES": 0,
        "TOT_PRV_TAXES": 0,
        "TAXES_YR_CHG": 0,
        "TAXES_PCT_CHG": 0,
        "GREENBELT": "GB",
        "EXEMPT_RES": "N",
        "COMMON_AREA": null,
        "PUBLIC_ROAD": null,
        "PRIVATE_ROAD": null,
        "PART_CENTRAL_ASSD": null,
        "PART_TAXABLE": null,
        "IMP_NO_RES": null,
        "COST_GROUP_RES": null,
        "STYLE_DESCR_RES": null,
        "QUALITY_RES": null,
        "QUALITY_DESCR_RES": null,
        "CONDITION_RES": null,
        "CONDITION_DESCR_RES": null,
        "YEARBLT_RES": null,
        "GLA_RES": null,
        "BASEMENT_RES": null,
        "BSMT_FINISH_RES": null,
        "ATT_GARAGE_SQFT_RES": null,
        "BATHROOMS_RES": null,
        "GLA_BEDROOMS_RES": null,
        "EXTERIOR_RES": null,
        "ALLOCATION_PCT_RES": null,
        "TRAV_COUNT": 1,
        "LASTUPDATE": null,
        "CREATED_DATE": 1712330344000,
        "LAST_EDITED_DATE": 1712330533000,
        "GLOBALID": "{0C3CA618-9F13-4807-9ADB-150E878CC5A9}",
        "Join_Count_12": 1,
        "TARGET_FID_12": 7569,
        "Code": null,
        "Desc_Cleaned": "Residential Agricultural",
        "Description": "Residential Agricultural Zone (5 Acres)",
        "City": null,
        "Description_detailed": null,
        "Desc": null,
        "Acres": null,
        "CityLU": "RA-5",
        "Unit_Rate": 5,
        "Parcel_Area": 127796,
        "PctDeveloped": null,
        "Slope_Score": 10,
        "GP_Score": 6,
        "Ownership_Type": "Private",
        "Ownership_Score": 10,
        "Wetlands_Score": 10,
        "Municipality_Score": 10,
        "Final_Score": 8.6,
        "OBJECTID_12": 7567,
        "Join_Count_12_13": 0,
        "TARGET_FID_12_13": 7569,
        "Area": null,
        "Shape_Length_12": null,
        "Shape_Area_12": null,
        "STATUS": " ",
        "CARTOCODE": "11",
        "FULLNAME": "STATION RD",
        "FROMADDR_L": 17601,
        "TOADDR_L": 17999,
        "FROMADDR_R": 17600,
        "TOADDR_R": 17998,
        "PARITY_L": " ",
        "PARITY_R": " ",
        "PREDIR": "W",
        "NAME": "STATION",
        "POSTTYPE": "RD",
        "POSTDIR": " ",
        "AN_NAME": " ",
        "AN_POSTDIR": " ",
        "A1_PREDIR": " ",
        "A1_NAME": " ",
        "A1_POSTTYP": " ",
        "A1_POSTDIR": " ",
        "A2_PREDIR": " ",
        "A2_NAME": " ",
        "A2_POSTTYP": " ",
        "A2_POSTDIR": " ",
        "QUADRANT_L": "SE",
        "QUADRANT_R": "SE",
        "STATE_L": "UT",
        "STATE_R": "UT",
        "COUNTY_L": "49049",
        "COUNTY_R": "49049",
        "ADDRSYS_L": "Cedar Fort",
        "ADDRSYS_R": "Cedar Fort",
        "POSTCOMM_L": "CEDAR VALLEY",
        "POSTCOMM_R": "CEDAR VALLEY",
        "ZIPCODE_L": "84013",
        "ZIPCODE_R": "84013",
        "INCMUNI_L": "CEDAR FORT",
        "INCMUNI_R": "CEDAR FORT",
        "UNINCCOM_L": " ",
        "UNINCCOM_R": " ",
        "NBRHDCOM_L": " ",
        "NBRHDCOM_R": " ",
        "ER_CAD_ZON": " ",
        "ESN_L": " ",
        "ESN_R": " ",
        "MSAGCOMM_L": " ",
        "MSAGCOMM_R": " ",
        "ONEWAY": "0",
        "VERT_LEVEL": "0",
        "SPEED_LMT": 25,
        "ACCESSCODE": " ",
        "DOT_HWYNAM": " ",
        "DOT_RTNAME": " ",
        "DOT_RTPART": " ",
        "DOT_F_MILE": 0,
        "DOT_T_MILE": 0,
        "DOT_FCLASS": " ",
        "DOT_SRFTYP": " ",
        "DOT_CLASS": "C",
        "DOT_OWN_L": "MU Cedar Fort",
        "DOT_OWN_R": "MU Cedar Fort",
        "DOT_AADT": 0,
        "DOT_AADTYR": " ",
        "DOT_THRULA": 0,
        "BIKE_L": " ",
        "BIKE_R": " ",
        "UNIQUE_ID": "12TVK07666368_STATION_RD",
        "LOCAL_UID": " ",
        "UTAHRD_UID": " ",
        "SOURCE": " ",
        "UPDATED": 1486425600000,
        "EFFECTIVE": null,
        "EXPIRE": null,
        "CUSTOMTAGS": " ",
        "Shape_STLe": 832.437973473,
        "START_ELEV": 1500.1092529296875,
        "END_ELEV": 1512.42724609375,
        "STEL_FT": 4921.6184413818355,
        "ENDEL_FT": 4962.031806074218,
        "ELEV_CHANGE": 40.413364692382856,
        "SLOPE": 1.479412531656342,
        "IMP_NO_12": null,
        "USE_CODE_12": null,
        "USE_CODE_DESCR_12": null,
        "COST_CLASS_DESCR_12": null,
        "EXTERIOR_WALL_12": null,
        "ABOVE_GRADE_AREA_12": null,
        "MEZZANINE_12": null,
        "BASEMENT_12": null,
        "BSMT_FINISH_12": null,
        "BSMT_UNFINISH_12": null,
        "QUALITY_DESCR_12": null,
        "CONDITION_12": null,
        "CONDITION_DESCR_12": null,
        "YEAR_BUILT_12": null,
        "UNIT_COUNT_12": null,
        "PCT_COMPLETE_12": null,
        "ALLOCATION_PCT_12": null,
        "IMP_NO_23": null,
        "USE_CODE_23": null,
        "USE_CODE_DESCR_23": null,
        "COST_CLASS_DESCR_23": null,
        "EXTERIOR_WALL_23": null,
        "ABOVE_GRADE_AREA_23": null,
        "MEZZANINE_23": null,
        "BASEMENT_23": null,
        "BSMT_FINISH_23": null,
        "BSMT_UNFINISH_23": null,
        "QUALITY_DESCR_23": null,
        "CONDITION_23": null,
        "CONDITION_DESCR_23": null,
        "YEAR_BUILT_23": null,
        "UNIT_COUNT_23": null,
        "PCT_COMPLETE_23": null,
        "ALLOCATION_PCT_23": null,
        "Entry": 42819,
        "Year": 2025,
        "Record_Date": "2025-06-10",
        "Grantor": "PETERSON, PAUL DEC",
        "Grantee": "WHOM OF INTEREST",
        "Tax_Address": "1019 N TIMPVIEW DR AMERICAN FORK, UT 84003",
        "Serial_Number": "59:040:0030",
        "Serial_Number_Available": "Yes",
        "Detail_URL": "https://www.utahcounty.gov/LandRecords/document.asp?avEntry=42819&avYear=2025",
        "Document_Type": "AF DC",
        "Shape_Length_12_13": 4412.784577229549,
        "Shape_Area_12_13": 1180850.5484965325,
        "DocType": "AFDC",
        "Shape_Length": 0.019672249387664372,
        "Shape_Area": 1.354136815450732e-05
      }
    },
    {
      "type": "Feature",
      "id": 58,
      "geometry": {
        "type": "Polygon",
        "coordinates": [
          [
            [
              -112.08384705699996,
              40.31286308600005
            ],
            [
              -112.08384750599998,
              40.31286324300004
            ],
            [
              -112.08384880799997,
              40.31749000700006
            ],
            [
              -112.08541125599999,
              40.31803240100004
            ],
            [
              -112.08542984299999,
              40.31795651400006
            ],
            [
              -112.08542829399994,
              40.312862849000055
            ],
            [
              -112.08542717999995,
              40.30920302200008
            ],
            [
              -112.08384602699999,
              40.30920438600003
            ],
            [
              -112.08384705699996,
              40.31286308600005
            ]
          ]
        ]
      },
      "properties": {
        "OBJECTID": 58,
        "Join_Count": 1,
        "TARGET_FID": 11007632,
        "PARCEL_NO": 590400036,
        "PARCELID": "590400036",
        "PARCELID_LABEL": "59:040:0036",
        "OWNER_NAME": "BECK, LISA HUNT",
        "CARE_NAME": null,
        "ACREAGE": 31.573390999999997,
        "SITE_FULL_ADDRESS": "CEDAR FORT, UT",
        "SITE_HOUSE_NUM": " ",
        "SITE_PRE_DIR": null,
        "SITE_STREET_NAME": null,
        "SITE_STREET_TYPE": null,
        "SITE_POST_DIR": null,
        "SITE_STREET_UNIT": null,
        "SITE_CITY": "CEDAR FORT",
        "SITE_STATE": "UT",
        "SITE_ZIP5": "84013",
        "OWN_FULL_ADDRESS": "PO BOX 814  NEW HARMONY, UT 84757",
        "OWN_STREET_ADDRESS": "PO BOX 814",
        "OWN_CITY": "NEW HARMONY",
        "OWN_STATE": "UT",
        "OWN_ZIP5": "84757",
        "VESTING_DOC": "211235-2021",
        "PARCEL_CREATE_DATE": 1640908800000,
        "MAP_FILING_NO": null,
        "SUB_NAME": null,
        "LEGAL_DESCR": "COM N 89 DEG 38' 11\" W 467.28 FT FR E 1/4 COR. SEC. 8, T6S, R2W, SLB&M.; S 0 DEG 21' 42\" W 1333.17 FT; N 89 DEG 41' 24\" W 441.07 FT; N 0 DEG 21' 42\" E 1333.58 FT; N 0 DEG 21' 42\" E 1856.05 FT; N 10 DEG 59' 38\" E 28.134 FT; S 65 DEG 13' 50\" E 478.52 FT; S 0 DEG 21' 42\" W 1685.918 FT TO BEG. AREA 31.573 AC.",
        "BOOK_PAGE": 59040,
        "LOT": null,
        "BUILDING": null,
        "UNIT": null,
        "TAX_DISTRICT": "050",
        "TAX_DISTRICT_DESCR": "CEDAR FORT CITY",
        "SCHOOL_DISTRICT": "ALPINE",
        "TAXABLE_CODE": 100,
        "ACCOUNT_TYPE": "RESIDENTIAL",
        "PROP_TYPE": 900,
        "PROP_TYPE_DESCR": "VACANT",
        "SPECIFIC_PROP_TYPE": 901,
        "SPC_PROP_TYP_DESCR": "Vac Res",
        "NEIGHBORHOOD": "103",
        "NBHD_DISTRICT": "825",
        "LAND_DISTRICT": 8002,
        "ECONOMIC_UNIT": null,
        "GLA_WEIGHTED_YRBLT": null,
        "TOTAL_ABOVE_GRADE_AREA": null,
        "TOTAL_MEZZANINE": null,
        "TOTAL_BASEMENT": null,
        "TOTAL_BSMT_FINISH": null,
        "TOTAL_UNIT_COUNT": null,
        "TOTAL_IMP_COUNT": null,
        "ASMT_YEAR": 2026,
        "ASMT_CODE": "V",
        "ASMT_CODE_DESCR": "VACANT",
        "MKT_LAND_VALUE": 348800,
        "MKT_LAND_RES": 0,
        "MKT_LAND_AGR": 348800,
        "MKT_LAND_COM": 0,
        "MKT_IMP_VALUE": 0,
        "MKT_IMP_RES": 0,
        "MKT_IMP_AGR": 0,
        "MKT_IMP_COM": 0,
        "MKT_CUR_VALUE": 348800,
        "MKT_PRV_VAL": 348800,
        "MKT_VAL_YR_CHG": 0,
        "MKT_PCT_CHG": 0,
        "TXBL_CUR_VALUE": 1610,
        "TXBL_PRV_VAL": 1610,
        "TXBL_VAL_YR_CHG": 0,
        "TXBL_PCT_CHG": 0,
        "TOT_CUR_TAXES": 0,
        "TOT_PRV_TAXES": 0,
        "TAXES_YR_CHG": 0,
        "TAXES_PCT_CHG": 0,
        "GREENBELT": "GB",
        "EXEMPT_RES": "N",
        "COMMON_AREA": null,
        "PUBLIC_ROAD": null,
        "PRIVATE_ROAD": null,
        "PART_CENTRAL_ASSD": null,
        "PART_TAXABLE": null,
        "IMP_NO_RES": null,
        "COST_GROUP_RES": null,
        "STYLE_DESCR_RES": null,
        "QUALITY_RES": null,
        "QUALITY_DESCR_RES": null,
        "CONDITION_RES": null,
        "CONDITION_DESCR_RES": null,
        "YEARBLT_RES": null,
        "GLA_RES": null,
        "BASEMENT_RES": null,
        "BSMT_FINISH_RES": null,
        "ATT_GARAGE_SQFT_RES": null,
        "BATHROOMS_RES": null,
        "GLA_BEDROOMS_RES": null,
        "EXTERIOR_RES": null,
        "ALLOCATION_PCT_RES": null,
        "TRAV_COUNT": 1,
        "LASTUPDATE": null,
        "CREATED_DATE": 1712330344000,
        "LAST_EDITED_DATE": 1712330533000,
        "GLOBALID": "{566347A4-C9F6-4135-BF8E-9AFBFF43005C}",
        "Join_Count_12": 1,
        "TARGET_FID_12": 7570,
        "Code": null,
        "Desc_Cleaned": "Residential Agricultural",
        "Description": "Residential Agricultural Zone (5 Acres)",
        "City": null,
        "Description_detailed": null,
        "Desc": null,
        "Acres": null,
        "CityLU": "RA-5",
        "Unit_Rate": 5,
        "Parcel_Area": 127723,
        "PctDeveloped": null,
        "Slope_Score": 10,
        "GP_Score": 6,
        "Ownership_Type": "Private",
        "Ownership_Score": 10,
        "Wetlands_Score": 10,
        "Municipality_Score": 10,
        "Final_Score": 8.6,
        "OBJECTID_12": 7568,
        "Join_Count_12_13": 0,
        "TARGET_FID_12_13": 7570,
        "Area": null,
        "Shape_Length_12": null,
        "Shape_Area_12": null,
        "STATUS": " ",
        "CARTOCODE": "11",
        "FULLNAME": "STATION RD",
        "FROMADDR_L": 17601,
        "TOADDR_L": 17999,
        "FROMADDR_R": 17600,
        "TOADDR_R": 17998,
        "PARITY_L": " ",
        "PARITY_R": " ",
        "PREDIR": "W",
        "NAME": "STATION",
        "POSTTYPE": "RD",
        "POSTDIR": " ",
        "AN_NAME": " ",
        "AN_POSTDIR": " ",
        "A1_PREDIR": " ",
        "A1_NAME": " ",
        "A1_POSTTYP": " ",
        "A1_POSTDIR": " ",
        "A2_PREDIR": " ",
        "A2_NAME": " ",
        "A2_POSTTYP": " ",
        "A2_POSTDIR": " ",
        "QUADRANT_L": "SE",
        "QUADRANT_R": "SE",
        "STATE_L": "UT",
        "STATE_R": "UT",
        "COUNTY_L": "49049",
        "COUNTY_R": "49049",
        "ADDRSYS_L": "Cedar Fort",
        "ADDRSYS_R": "Cedar Fort",
        "POSTCOMM_L": "CEDAR VALLEY",
        "POSTCOMM_R": "CEDAR VALLEY",
        "ZIPCODE_L": "84013",
        "ZIPCODE_R": "84013",
        "INCMUNI_L": "CEDAR FORT",
        "INCMUNI_R": "CEDAR FORT",
        "UNINCCOM_L": " ",
        "UNINCCOM_R": " ",
        "NBRHDCOM_L": " ",
        "NBRHDCOM_R": " ",
        "ER_CAD_ZON": " ",
        "ESN_L": " ",
        "ESN_R": " ",
        "MSAGCOMM_L": " ",
        "MSAGCOMM_R": " ",
        "ONEWAY": "0",
        "VERT_LEVEL": "0",
        "SPEED_LMT": 25,
        "ACCESSCODE": " ",
        "DOT_HWYNAM": " ",
        "DOT_RTNAME": " ",
        "DOT_RTPART": " ",
        "DOT_F_MILE": 0,
        "DOT_T_MILE": 0,
        "DOT_FCLASS": " ",
        "DOT_SRFTYP": " ",
        "DOT_CLASS": "C",
        "DOT_OWN_L": "MU Cedar Fort",
        "DOT_OWN_R": "MU Cedar Fort",
        "DOT_AADT": 0,
        "DOT_AADTYR": " ",
        "DOT_THRULA": 0,
        "BIKE_L": " ",
        "BIKE_R": " ",
        "UNIQUE_ID": "12TVK07666368_STATION_RD",
        "LOCAL_UID": " ",
        "UTAHRD_UID": " ",
        "SOURCE": " ",
        "UPDATED": 1486425600000,
        "EFFECTIVE": null,
        "EXPIRE": null,
        "CUSTOMTAGS": " ",
        "Shape_STLe": 832.437973473,
        "START_ELEV": 1500.1092529296875,
        "END_ELEV": 1512.42724609375,
        "STEL_FT": 4921.6184413818355,
        "ENDEL_FT": 4962.031806074218,
        "ELEV_CHANGE": 40.413364692382856,
        "SLOPE": 1.479412531656342,
        "IMP_NO_12": null,
        "USE_CODE_12": null,
        "USE_CODE_DESCR_12": null,
        "COST_CLASS_DESCR_12": null,
        "EXTERIOR_WALL_12": null,
        "ABOVE_GRADE_AREA_12": null,
        "MEZZANINE_12": null,
        "BASEMENT_12": null,
        "BSMT_FINISH_12": null,
        "BSMT_UNFINISH_12": null,
        "QUALITY_DESCR_12": null,
        "CONDITION_12": null,
        "CONDITION_DESCR_12": null,
        "YEAR_BUILT_12": null,
        "UNIT_COUNT_12": null,
        "PCT_COMPLETE_12": null,
        "ALLOCATION_PCT_12": null,
        "IMP_NO_23": null,
        "USE_CODE_23": null,
        "USE_CODE_DESCR_23": null,
        "COST_CLASS_DESCR_23": null,
        "EXTERIOR_WALL_23": null,
        "ABOVE_GRADE_AREA_23": null,
        "MEZZANINE_23": null,
        "BASEMENT_23": null,
        "BSMT_FINISH_23": null,
        "BSMT_UNFINISH_23": null,
        "QUALITY_DESCR_23": null,
        "CONDITION_23": null,
        "CONDITION_DESCR_23": null,
        "YEAR_BUILT_23": null,
        "UNIT_COUNT_23": null,
        "PCT_COMPLETE_23": null,
        "ALLOCATION_PCT_23": null,
        "Entry": 42819,
        "Year": 2025,
        "Record_Date": "2025-06-10",
        "Grantor": "PETERSON, PAUL DEC",
        "Grantee": "WHOM OF INTEREST",
        "Tax_Address": "1019 N TIMPVIEW DR AMERICAN FORK, UT 84003",
        "Serial_Number": "59:040:0030",
        "Serial_Number_Available": "Yes",
        "Detail_URL": "https://www.utahcounty.gov/LandRecords/document.asp?avEntry=42819&avYear=2025",
        "Document_Type": "AF DC",
        "Shape_Length_12_13": 4412.784577229549,
        "Shape_Area_12_13": 1180850.5484965325,
        "DocType": "AFDC",
        "Shape_Length": 0.020352631137635944,
        "Shape_Area": 1.3533696445945918e-05
      }
    },
    {
      "type": "Feature",
      "id": 59,
      "geometry": {
        "type": "Polygon",
        "coordinates": [
          [
            [
              -112.07500033599996,
              40.33322287200008
            ],
            [
              -112.07499196799995,
              40.33222671500005
            ],
            [
              -112.07380862999997,
              40.332232531000045
            ],
            [
              -112.073816981,
              40.33322868700003
            ],
            [
              -112.07500033599996,
              40.33322287200008
            ]
          ]
        ]
      },
      "properties": {
        "OBJECTID": 59,
        "Join_Count": 1,
        "TARGET_FID": 11007785,
        "PARCEL_NO": 590360025,
        "PARCELID": "590360025",
        "PARCELID_LABEL": "59:036:0025",
        "OWNER_NAME": "BERRY, MARNA P",
        "CARE_NAME": null,
        "ACREAGE": 5.5,
        "SITE_FULL_ADDRESS": "CEDAR FORT, UT",
        "SITE_HOUSE_NUM": " ",
        "SITE_PRE_DIR": null,
        "SITE_STREET_NAME": null,
        "SITE_STREET_TYPE": null,
        "SITE_POST_DIR": null,
        "SITE_STREET_UNIT": null,
        "SITE_CITY": "CEDAR FORT",
        "SITE_STATE": "UT",
        "SITE_ZIP5": "84013",
        "OWN_FULL_ADDRESS": "116 S 600 E  LEHI, UT 84043-2236",
        "OWN_STREET_ADDRESS": "116 S 600 E",
        "OWN_CITY": "LEHI",
        "OWN_STATE": "UT",
        "OWN_ZIP5": "84043",
        "VESTING_DOC": "88137-2015",
        "PARCEL_CREATE_DATE": 315446400000,
        "MAP_FILING_NO": null,
        "SUB_NAME": null,
        "LEGAL_DESCR": "COM AT NW COR. LOT 14 SEC. 4 T6S R2W SLB&M.; E 20 RD; S 22 RD; W 20 RD; N 22 RD TO BEG. AREA 2.750 AC. ALSO COM FR NW COR. LOT 15 SEC. 4 T6S R2W SLB&M.; E 20 RD; S 22 RD; W 20 RD; N 22 RD TO BEG. AREA 2.750 AC. TOTAL AREA 5.5 AC.",
        "BOOK_PAGE": 59036,
        "LOT": null,
        "BUILDING": null,
        "UNIT": null,
        "TAX_DISTRICT": "050",
        "TAX_DISTRICT_DESCR": "CEDAR FORT CITY",
        "SCHOOL_DISTRICT": "ALPINE",
        "TAXABLE_CODE": 100,
        "ACCOUNT_TYPE": "RESIDENTIAL",
        "PROP_TYPE": 900,
        "PROP_TYPE_DESCR": "VACANT",
        "SPECIFIC_PROP_TYPE": 901,
        "SPC_PROP_TYP_DESCR": "Vac Res",
        "NEIGHBORHOOD": "103",
        "NBHD_DISTRICT": "825",
        "LAND_DISTRICT": 8002,
        "ECONOMIC_UNIT": null,
        "GLA_WEIGHTED_YRBLT": null,
        "TOTAL_ABOVE_GRADE_AREA": null,
        "TOTAL_MEZZANINE": null,
        "TOTAL_BASEMENT": null,
        "TOTAL_BSMT_FINISH": null,
        "TOTAL_UNIT_COUNT": null,
        "TOTAL_IMP_COUNT": null,
        "ASMT_YEAR": 2026,
        "ASMT_CODE": "V",
        "ASMT_CODE_DESCR": "VACANT",
        "MKT_LAND_VALUE": 41100,
        "MKT_LAND_RES": 0,
        "MKT_LAND_AGR": 41100,
        "MKT_LAND_COM": 0,
        "MKT_IMP_VALUE": 0,
        "MKT_IMP_RES": 0,
        "MKT_IMP_AGR": 0,
        "MKT_IMP_COM": 0,
        "MKT_CUR_VALUE": 41100,
        "MKT_PRV_VAL": 41100,
        "MKT_VAL_YR_CHG": 0,
        "MKT_PCT_CHG": 0,
        "TXBL_CUR_VALUE": 83,
        "TXBL_PRV_VAL": 83,
        "TXBL_VAL_YR_CHG": 0,
        "TXBL_PCT_CHG": 0,
        "TOT_CUR_TAXES": 0,
        "TOT_PRV_TAXES": 0,
        "TAXES_YR_CHG": 0,
        "TAXES_PCT_CHG": 0,
        "GREENBELT": "GB",
        "EXEMPT_RES": "N",
        "COMMON_AREA": null,
        "PUBLIC_ROAD": null,
        "PRIVATE_ROAD": null,
        "PART_CENTRAL_ASSD": null,
        "PART_TAXABLE": null,
        "IMP_NO_RES": null,
        "COST_GROUP_RES": null,
        "STYLE_DESCR_RES": null,
        "QUALITY_RES": null,
        "QUALITY_DESCR_RES": null,
        "CONDITION_RES": null,
        "CONDITION_DESCR_RES": null,
        "YEARBLT_RES": null,
        "GLA_RES": null,
        "BASEMENT_RES": null,
        "BSMT_FINISH_RES": null,
        "ATT_GARAGE_SQFT_RES": null,
        "BATHROOMS_RES": null,
        "GLA_BEDROOMS_RES": null,
        "EXTERIOR_RES": null,
        "ALLOCATION_PCT_RES": null,
        "TRAV_COUNT": 2,
        "LASTUPDATE": null,
        "CREATED_DATE": 1712330344000,
        "LAST_EDITED_DATE": 1712330533000,
        "GLOBALID": "{2B42ADAE-3DBB-4089-A4D4-87E16AF771FD}",
        "Join_Count_12": 0,
        "TARGET_FID_12": 7655,
        "Code": null,
        "Desc_Cleaned": "Residential Agricultural",
        "Description": "Residential Agricultural Zone (5 Acres)",
        "City": null,
        "Description_detailed": null,
        "Desc": null,
        "Acres": null,
        "CityLU": "RA-5",
        "Unit_Rate": 5,
        "Parcel_Area": 11122,
        "PctDeveloped": null,
        "Slope_Score": 0,
        "GP_Score": 6,
        "Ownership_Type": "Private",
        "Ownership_Score": 10,
        "Wetlands_Score": 10,
        "Municipality_Score": 10,
        "Final_Score": 7.1,
        "OBJECTID_12": 7653,
        "Join_Count_12_13": 0,
        "TARGET_FID_12_13": 7655,
        "Area": null,
        "Shape_Length_12": null,
        "Shape_Area_12": null,
        "STATUS": null,
        "CARTOCODE": null,
        "FULLNAME": null,
        "FROMADDR_L": null,
        "TOADDR_L": null,
        "FROMADDR_R": null,
        "TOADDR_R": null,
        "PARITY_L": null,
        "PARITY_R": null,
        "PREDIR": null,
        "NAME": null,
        "POSTTYPE": null,
        "POSTDIR": null,
        "AN_NAME": null,
        "AN_POSTDIR": null,
        "A1_PREDIR": null,
        "A1_NAME": null,
        "A1_POSTTYP": null,
        "A1_POSTDIR": null,
        "A2_PREDIR": null,
        "A2_NAME": null,
        "A2_POSTTYP": null,
        "A2_POSTDIR": null,
        "QUADRANT_L": null,
        "QUADRANT_R": null,
        "STATE_L": null,
        "STATE_R": null,
        "COUNTY_L": null,
        "COUNTY_R": null,
        "ADDRSYS_L": null,
        "ADDRSYS_R": null,
        "POSTCOMM_L": null,
        "POSTCOMM_R": null,
        "ZIPCODE_L": null,
        "ZIPCODE_R": null,
        "INCMUNI_L": null,
        "INCMUNI_R": null,
        "UNINCCOM_L": null,
        "UNINCCOM_R": null,
        "NBRHDCOM_L": null,
        "NBRHDCOM_R": null,
        "ER_CAD_ZON": null,
        "ESN_L": null,
        "ESN_R": null,
        "MSAGCOMM_L": null,
        "MSAGCOMM_R": null,
        "ONEWAY": null,
        "VERT_LEVEL": null,
        "SPEED_LMT": null,
        "ACCESSCODE": null,
        "DOT_HWYNAM": null,
        "DOT_RTNAME": null,
        "DOT_RTPART": null,
        "DOT_F_MILE": null,
        "DOT_T_MILE": null,
        "DOT_FCLASS": null,
        "DOT_SRFTYP": null,
        "DOT_CLASS": null,
        "DOT_OWN_L": null,
        "DOT_OWN_R": null,
        "DOT_AADT": null,
        "DOT_AADTYR": null,
        "DOT_THRULA": null,
        "BIKE_L": null,
        "BIKE_R": null,
        "UNIQUE_ID": null,
        "LOCAL_UID": null,
        "UTAHRD_UID": null,
        "SOURCE": null,
        "UPDATED": null,
        "EFFECTIVE": null,
        "EXPIRE": null,
        "CUSTOMTAGS": null,
        "Shape_STLe": null,
        "START_ELEV": null,
        "END_ELEV": null,
        "STEL_FT": null,
        "ENDEL_FT": null,
        "ELEV_CHANGE": null,
        "SLOPE": null,
        "IMP_NO_12": null,
        "USE_CODE_12": null,
        "USE_CODE_DESCR_12": null,
        "COST_CLASS_DESCR_12": null,
        "EXTERIOR_WALL_12": null,
        "ABOVE_GRADE_AREA_12": null,
        "MEZZANINE_12": null,
        "BASEMENT_12": null,
        "BSMT_FINISH_12": null,
        "BSMT_UNFINISH_12": null,
        "QUALITY_DESCR_12": null,
        "CONDITION_12": null,
        "CONDITION_DESCR_12": null,
        "YEAR_BUILT_12": null,
        "UNIT_COUNT_12": null,
        "PCT_COMPLETE_12": null,
        "ALLOCATION_PCT_12": null,
        "IMP_NO_23": null,
        "USE_CODE_23": null,
        "USE_CODE_DESCR_23": null,
        "COST_CLASS_DESCR_23": null,
        "EXTERIOR_WALL_23": null,
        "ABOVE_GRADE_AREA_23": null,
        "MEZZANINE_23": null,
        "BASEMENT_23": null,
        "BSMT_FINISH_23": null,
        "BSMT_UNFINISH_23": null,
        "QUALITY_DESCR_23": null,
        "CONDITION_23": null,
        "CONDITION_DESCR_23": null,
        "YEAR_BUILT_23": null,
        "UNIT_COUNT_23": null,
        "PCT_COMPLETE_23": null,
        "ALLOCATION_PCT_23": null,
        "Entry": 42818,
        "Year": 2025,
        "Record_Date": "2025-06-10",
        "Grantor": "PETERSON, PAUL DEC",
        "Grantee": "WHOM OF INTEREST",
        "Tax_Address": "1019 N TIMPVIEW DR AMERICAN FORK, UT 84003",
        "Serial_Number": "59:036:0016",
        "Serial_Number_Available": "Yes",
        "Detail_URL": "https://www.utahcounty.gov/LandRecords/document.asp?avEntry=42818&avYear=2025",
        "Document_Type": "AF DC",
        "Shape_Length_12_13": 4169.748878359795,
        "Shape_Area_12_13": 619352.1523119939,
        "DocType": "AFDC",
        "Shape_Length": 0.004359104729486704,
        "Shape_Area": 1.1788469223803834e-06
      }
    },
    {
      "type": "Feature",
      "id": 60,
      "geometry": {
        "type": "Polygon",
        "coordinates": [
          [
            [
              -112.06310986299997,
              40.32372001400006
            ],
            [
              -112.07264213699995,
              40.32377634200003
            ],
            [
              -112.07264482699998,
              40.32012999500006
            ],
            [
              -112.06787356599995,
              40.32009833700005
            ],
            [
              -112.06310230999998,
              40.32006648500004
            ],
            [
              -112.06310986299997,
              40.32372001400006
            ]
          ]
        ]
      },
      "properties": {
        "OBJECTID": 60,
        "Join_Count": 1,
        "TARGET_FID": 11007888,
        "PARCEL_NO": 590360026,
        "PARCELID": "590360026",
        "PARCELID_LABEL": "59:036:0026",
        "OWNER_NAME": "PETERSON, JAY R & JUDY ANNE C",
        "CARE_NAME": null,
        "ACREAGE": 81.21862999999999,
        "SITE_FULL_ADDRESS": "CEDAR FORT, UT",
        "SITE_HOUSE_NUM": " ",
        "SITE_PRE_DIR": null,
        "SITE_STREET_NAME": null,
        "SITE_STREET_TYPE": null,
        "SITE_POST_DIR": null,
        "SITE_STREET_UNIT": null,
        "SITE_CITY": "CEDAR FORT",
        "SITE_STATE": "UT",
        "SITE_ZIP5": "84013",
        "OWN_FULL_ADDRESS": "2169 E 200 N  SAINT ANTHONY, ID 83445-5600",
        "OWN_STREET_ADDRESS": "2169 E 200 N",
        "OWN_CITY": "SAINT ANTHONY",
        "OWN_STATE": "ID",
        "OWN_ZIP5": "83445",
        "VESTING_DOC": "19712-2000",
        "PARCEL_CREATE_DATE": 347068800000,
        "MAP_FILING_NO": null,
        "SUB_NAME": null,
        "LEGAL_DESCR": "S 1/2 OF SE 1/4 SEC. 4, T6S, R2W, SLB&M. AREA 81.219 AC.",
        "BOOK_PAGE": 59036,
        "LOT": null,
        "BUILDING": null,
        "UNIT": null,
        "TAX_DISTRICT": "050",
        "TAX_DISTRICT_DESCR": "CEDAR FORT CITY",
        "SCHOOL_DISTRICT": "ALPINE",
        "TAXABLE_CODE": 100,
        "ACCOUNT_TYPE": "RESIDENTIAL",
        "PROP_TYPE": 900,
        "PROP_TYPE_DESCR": "VACANT",
        "SPECIFIC_PROP_TYPE": 901,
        "SPC_PROP_TYP_DESCR": "Vac Res",
        "NEIGHBORHOOD": "103",
        "NBHD_DISTRICT": "825",
        "LAND_DISTRICT": 8002,
        "ECONOMIC_UNIT": null,
        "GLA_WEIGHTED_YRBLT": null,
        "TOTAL_ABOVE_GRADE_AREA": null,
        "TOTAL_MEZZANINE": null,
        "TOTAL_BASEMENT": null,
        "TOTAL_BSMT_FINISH": null,
        "TOTAL_UNIT_COUNT": null,
        "TOTAL_IMP_COUNT": null,
        "ASMT_YEAR": 2026,
        "ASMT_CODE": "V",
        "ASMT_CODE_DESCR": "VACANT",
        "MKT_LAND_VALUE": 598000,
        "MKT_LAND_RES": 0,
        "MKT_LAND_AGR": 598000,
        "MKT_LAND_COM": 0,
        "MKT_IMP_VALUE": 0,
        "MKT_IMP_RES": 0,
        "MKT_IMP_AGR": 0,
        "MKT_IMP_COM": 0,
        "MKT_CUR_VALUE": 598000,
        "MKT_PRV_VAL": 598000,
        "MKT_VAL_YR_CHG": 0,
        "MKT_PCT_CHG": 0,
        "TXBL_CUR_VALUE": 1218,
        "TXBL_PRV_VAL": 1218,
        "TXBL_VAL_YR_CHG": 0,
        "TXBL_PCT_CHG": 0,
        "TOT_CUR_TAXES": 0,
        "TOT_PRV_TAXES": 0,
        "TAXES_YR_CHG": 0,
        "TAXES_PCT_CHG": 0,
        "GREENBELT": "GB",
        "EXEMPT_RES": "N",
        "COMMON_AREA": null,
        "PUBLIC_ROAD": null,
        "PRIVATE_ROAD": null,
        "PART_CENTRAL_ASSD": null,
        "PART_TAXABLE": null,
        "IMP_NO_RES": null,
        "COST_GROUP_RES": null,
        "STYLE_DESCR_RES": null,
        "QUALITY_RES": null,
        "QUALITY_DESCR_RES": null,
        "CONDITION_RES": null,
        "CONDITION_DESCR_RES": null,
        "YEARBLT_RES": null,
        "GLA_RES": null,
        "BASEMENT_RES": null,
        "BSMT_FINISH_RES": null,
        "ATT_GARAGE_SQFT_RES": null,
        "BATHROOMS_RES": null,
        "GLA_BEDROOMS_RES": null,
        "EXTERIOR_RES": null,
        "ALLOCATION_PCT_RES": null,
        "TRAV_COUNT": 1,
        "LASTUPDATE": null,
        "CREATED_DATE": 1712330344000,
        "LAST_EDITED_DATE": 1712330533000,
        "GLOBALID": "{4C27B67F-00F1-4CEA-A56E-9B607711B519}",
        "Join_Count_12": 0,
        "TARGET_FID_12": 7717,
        "Code": null,
        "Desc_Cleaned": "Residential Agricultural",
        "Description": "Rural Agricultural Zone (10 Acres)",
        "City": null,
        "Description_detailed": null,
        "Desc": null,
        "Acres": null,
        "CityLU": "RA-10",
        "Unit_Rate": 10,
        "Parcel_Area": 328485,
        "PctDeveloped": null,
        "Slope_Score": 0,
        "GP_Score": 6,
        "Ownership_Type": "Private",
        "Ownership_Score": 10,
        "Wetlands_Score": 10,
        "Municipality_Score": 10,
        "Final_Score": 7.1,
        "OBJECTID_12": 7715,
        "Join_Count_12_13": 0,
        "TARGET_FID_12_13": 7717,
        "Area": null,
        "Shape_Length_12": null,
        "Shape_Area_12": null,
        "STATUS": null,
        "CARTOCODE": null,
        "FULLNAME": null,
        "FROMADDR_L": null,
        "TOADDR_L": null,
        "FROMADDR_R": null,
        "TOADDR_R": null,
        "PARITY_L": null,
        "PARITY_R": null,
        "PREDIR": null,
        "NAME": null,
        "POSTTYPE": null,
        "POSTDIR": null,
        "AN_NAME": null,
        "AN_POSTDIR": null,
        "A1_PREDIR": null,
        "A1_NAME": null,
        "A1_POSTTYP": null,
        "A1_POSTDIR": null,
        "A2_PREDIR": null,
        "A2_NAME": null,
        "A2_POSTTYP": null,
        "A2_POSTDIR": null,
        "QUADRANT_L": null,
        "QUADRANT_R": null,
        "STATE_L": null,
        "STATE_R": null,
        "COUNTY_L": null,
        "COUNTY_R": null,
        "ADDRSYS_L": null,
        "ADDRSYS_R": null,
        "POSTCOMM_L": null,
        "POSTCOMM_R": null,
        "ZIPCODE_L": null,
        "ZIPCODE_R": null,
        "INCMUNI_L": null,
        "INCMUNI_R": null,
        "UNINCCOM_L": null,
        "UNINCCOM_R": null,
        "NBRHDCOM_L": null,
        "NBRHDCOM_R": null,
        "ER_CAD_ZON": null,
        "ESN_L": null,
        "ESN_R": null,
        "MSAGCOMM_L": null,
        "MSAGCOMM_R": null,
        "ONEWAY": null,
        "VERT_LEVEL": null,
        "SPEED_LMT": null,
        "ACCESSCODE": null,
        "DOT_HWYNAM": null,
        "DOT_RTNAME": null,
        "DOT_RTPART": null,
        "DOT_F_MILE": null,
        "DOT_T_MILE": null,
        "DOT_FCLASS": null,
        "DOT_SRFTYP": null,
        "DOT_CLASS": null,
        "DOT_OWN_L": null,
        "DOT_OWN_R": null,
        "DOT_AADT": null,
        "DOT_AADTYR": null,
        "DOT_THRULA": null,
        "BIKE_L": null,
        "BIKE_R": null,
        "UNIQUE_ID": null,
        "LOCAL_UID": null,
        "UTAHRD_UID": null,
        "SOURCE": null,
        "UPDATED": null,
        "EFFECTIVE": null,
        "EXPIRE": null,
        "CUSTOMTAGS": null,
        "Shape_STLe": null,
        "START_ELEV": null,
        "END_ELEV": null,
        "STEL_FT": null,
        "ENDEL_FT": null,
        "ELEV_CHANGE": null,
        "SLOPE": null,
        "IMP_NO_12": null,
        "USE_CODE_12": null,
        "USE_CODE_DESCR_12": null,
        "COST_CLASS_DESCR_12": null,
        "EXTERIOR_WALL_12": null,
        "ABOVE_GRADE_AREA_12": null,
        "MEZZANINE_12": null,
        "BASEMENT_12": null,
        "BSMT_FINISH_12": null,
        "BSMT_UNFINISH_12": null,
        "QUALITY_DESCR_12": null,
        "CONDITION_12": null,
        "CONDITION_DESCR_12": null,
        "YEAR_BUILT_12": null,
        "UNIT_COUNT_12": null,
        "PCT_COMPLETE_12": null,
        "ALLOCATION_PCT_12": null,
        "IMP_NO_23": null,
        "USE_CODE_23": null,
        "USE_CODE_DESCR_23": null,
        "COST_CLASS_DESCR_23": null,
        "EXTERIOR_WALL_23": null,
        "ABOVE_GRADE_AREA_23": null,
        "MEZZANINE_23": null,
        "BASEMENT_23": null,
        "BSMT_FINISH_23": null,
        "BSMT_UNFINISH_23": null,
        "QUALITY_DESCR_23": null,
        "CONDITION_23": null,
        "CONDITION_DESCR_23": null,
        "YEAR_BUILT_23": null,
        "UNIT_COUNT_23": null,
        "PCT_COMPLETE_23": null,
        "ALLOCATION_PCT_23": null,
        "Entry": 42821,
        "Year": 2025,
        "Record_Date": "2025-06-10",
        "Grantor": "PETERSON, PAUL DEC",
        "Grantee": "WHOM OF INTEREST",
        "Tax_Address": "1019 N TIMPVIEW DR AMERICAN FORK, UT 84003",
        "Serial_Number": "59:036:0027",
        "Serial_Number_Available": "Yes",
        "Detail_URL": "https://www.utahcounty.gov/LandRecords/document.asp?avEntry=42821&avYear=2025",
        "Document_Type": "AF DC",
        "Shape_Length_12_13": 7971.898584353152,
        "Shape_Area_12_13": 3531776.4117728467,
        "DocType": "AFDC",
        "Shape_Length": 0.02637505356863843,
        "Shape_Area": 3.48102936718995e-05
      }
    },
    {
      "type": "Feature",
      "id": 61,
      "geometry": {
        "type": "Polygon",
        "coordinates": [
          [
            [
              -112.06311621199995,
              40.32737229400004
            ],
            [
              -112.06311623999994,
              40.32737227400003
            ],
            [
              -112.06787724899999,
              40.32739695200007
            ],
            [
              -112.07263826199994,
              40.327421436000066
            ],
            [
              -112.07264095099998,
              40.32377509300005
            ],
            [
              -112.06310867699995,
              40.32371876500008
            ],
            [
              -112.06311621199995,
              40.32737229400004
            ]
          ]
        ]
      },
      "properties": {
        "OBJECTID": 61,
        "Join_Count": 1,
        "TARGET_FID": 11007889,
        "PARCEL_NO": 590360027,
        "PARCELID": "590360027",
        "PARCELID_LABEL": "59:036:0027",
        "OWNER_NAME": "PETERSON, PAUL & MARGERY",
        "CARE_NAME": "%PETERSON, JONATHAN",
        "ACREAGE": 81.1271,
        "SITE_FULL_ADDRESS": "CEDAR FORT, UT",
        "SITE_HOUSE_NUM": " ",
        "SITE_PRE_DIR": null,
        "SITE_STREET_NAME": null,
        "SITE_STREET_TYPE": null,
        "SITE_POST_DIR": null,
        "SITE_STREET_UNIT": null,
        "SITE_CITY": "CEDAR FORT",
        "SITE_STATE": "UT",
        "SITE_ZIP5": "84013",
        "OWN_FULL_ADDRESS": "%PETERSON, JONATHAN  552 W 11200 S  WOODLAND HILLS, UT 84653",
        "OWN_STREET_ADDRESS": "552 W 11200 S",
        "OWN_CITY": "WOODLAND HILLS",
        "OWN_STATE": "UT",
        "OWN_ZIP5": "84653",
        "VESTING_DOC": "8044-1975",
        "PARCEL_CREATE_DATE": 347068800000,
        "MAP_FILING_NO": null,
        "SUB_NAME": null,
        "LEGAL_DESCR": "N 1/2 OF SE 1/4 SEC. 4, T6S, R2W, SLB&M. AREA 81.127 AC.",
        "BOOK_PAGE": 59036,
        "LOT": null,
        "BUILDING": null,
        "UNIT": null,
        "TAX_DISTRICT": "050",
        "TAX_DISTRICT_DESCR": "CEDAR FORT CITY",
        "SCHOOL_DISTRICT": "ALPINE",
        "TAXABLE_CODE": 100,
        "ACCOUNT_TYPE": "RESIDENTIAL",
        "PROP_TYPE": 900,
        "PROP_TYPE_DESCR": "VACANT",
        "SPECIFIC_PROP_TYPE": 901,
        "SPC_PROP_TYP_DESCR": "Vac Res",
        "NEIGHBORHOOD": "103",
        "NBHD_DISTRICT": "825",
        "LAND_DISTRICT": 8002,
        "ECONOMIC_UNIT": null,
        "GLA_WEIGHTED_YRBLT": null,
        "TOTAL_ABOVE_GRADE_AREA": null,
        "TOTAL_MEZZANINE": null,
        "TOTAL_BASEMENT": null,
        "TOTAL_BSMT_FINISH": null,
        "TOTAL_UNIT_COUNT": null,
        "TOTAL_IMP_COUNT": null,
        "ASMT_YEAR": 2026,
        "ASMT_CODE": "V",
        "ASMT_CODE_DESCR": "VACANT",
        "MKT_LAND_VALUE": 597200,
        "MKT_LAND_RES": 0,
        "MKT_LAND_AGR": 597200,
        "MKT_LAND_COM": 0,
        "MKT_IMP_VALUE": 0,
        "MKT_IMP_RES": 0,
        "MKT_IMP_AGR": 0,
        "MKT_IMP_COM": 0,
        "MKT_CUR_VALUE": 597200,
        "MKT_PRV_VAL": 597200,
        "MKT_VAL_YR_CHG": 0,
        "MKT_PCT_CHG": 0,
        "TXBL_CUR_VALUE": 1217,
        "TXBL_PRV_VAL": 1217,
        "TXBL_VAL_YR_CHG": 0,
        "TXBL_PCT_CHG": 0,
        "TOT_CUR_TAXES": 0,
        "TOT_PRV_TAXES": 0,
        "TAXES_YR_CHG": 0,
        "TAXES_PCT_CHG": 0,
        "GREENBELT": "GB",
        "EXEMPT_RES": "N",
        "COMMON_AREA": null,
        "PUBLIC_ROAD": null,
        "PRIVATE_ROAD": null,
        "PART_CENTRAL_ASSD": null,
        "PART_TAXABLE": null,
        "IMP_NO_RES": null,
        "COST_GROUP_RES": null,
        "STYLE_DESCR_RES": null,
        "QUALITY_RES": null,
        "QUALITY_DESCR_RES": null,
        "CONDITION_RES": null,
        "CONDITION_DESCR_RES": null,
        "YEARBLT_RES": null,
        "GLA_RES": null,
        "BASEMENT_RES": null,
        "BSMT_FINISH_RES": null,
        "ATT_GARAGE_SQFT_RES": null,
        "BATHROOMS_RES": null,
        "GLA_BEDROOMS_RES": null,
        "EXTERIOR_RES": null,
        "ALLOCATION_PCT_RES": null,
        "TRAV_COUNT": 1,
        "LASTUPDATE": null,
        "CREATED_DATE": 1712330344000,
        "LAST_EDITED_DATE": 1712330533000,
        "GLOBALID": "{D94C88B0-2EED-46BC-8BD6-1C40F2A30B05}",
        "Join_Count_12": 1,
        "TARGET_FID_12": 7718,
        "Code": null,
        "Desc_Cleaned": "Residential Agricultural",
        "Description": "Rural Agricultural Zone (10 Acres)",
        "City": null,
        "Description_detailed": null,
        "Desc": null,
        "Acres": null,
        "CityLU": "RA-10",
        "Unit_Rate": 10,
        "Parcel_Area": 328114,
        "PctDeveloped": null,
        "Slope_Score": 10,
        "GP_Score": 6,
        "Ownership_Type": "Private",
        "Ownership_Score": 10,
        "Wetlands_Score": 0,
        "Municipality_Score": 10,
        "Final_Score": 7.6,
        "OBJECTID_12": 7716,
        "Join_Count_12_13": 0,
        "TARGET_FID_12_13": 7718,
        "Area": null,
        "Shape_Length_12": null,
        "Shape_Area_12": null,
        "STATUS": " ",
        "CARTOCODE": "11",
        "FULLNAME": "100 N",
        "FROMADDR_L": 17201,
        "TOADDR_L": 17599,
        "FROMADDR_R": 17200,
        "TOADDR_R": 17598,
        "PARITY_L": " ",
        "PARITY_R": " ",
        "PREDIR": "W",
        "NAME": "100",
        "POSTTYPE": " ",
        "POSTDIR": "N",
        "AN_NAME": " ",
        "AN_POSTDIR": " ",
        "A1_PREDIR": " ",
        "A1_NAME": " ",
        "A1_POSTTYP": " ",
        "A1_POSTDIR": " ",
        "A2_PREDIR": " ",
        "A2_NAME": " ",
        "A2_POSTTYP": " ",
        "A2_POSTDIR": " ",
        "QUADRANT_L": "NE",
        "QUADRANT_R": "NE",
        "STATE_L": "UT",
        "STATE_R": "UT",
        "COUNTY_L": "49049",
        "COUNTY_R": "49049",
        "ADDRSYS_L": "Cedar Fort",
        "ADDRSYS_R": "Cedar Fort",
        "POSTCOMM_L": "CEDAR VALLEY",
        "POSTCOMM_R": "CEDAR VALLEY",
        "ZIPCODE_L": "84013",
        "ZIPCODE_R": "84013",
        "INCMUNI_L": "CEDAR FORT",
        "INCMUNI_R": "CEDAR FORT",
        "UNINCCOM_L": " ",
        "UNINCCOM_R": " ",
        "NBRHDCOM_L": " ",
        "NBRHDCOM_R": " ",
        "ER_CAD_ZON": " ",
        "ESN_L": " ",
        "ESN_R": " ",
        "MSAGCOMM_L": " ",
        "MSAGCOMM_R": " ",
        "ONEWAY": "0",
        "VERT_LEVEL": "0",
        "SPEED_LMT": 25,
        "ACCESSCODE": " ",
        "DOT_HWYNAM": " ",
        "DOT_RTNAME": " ",
        "DOT_RTPART": " ",
        "DOT_F_MILE": 0,
        "DOT_T_MILE": 0,
        "DOT_FCLASS": " ",
        "DOT_SRFTYP": " ",
        "DOT_CLASS": "C",
        "DOT_OWN_L": "MU Cedar Fort",
        "DOT_OWN_R": "MU Cedar Fort",
        "DOT_AADT": 0,
        "DOT_AADTYR": " ",
        "DOT_THRULA": 0,
        "BIKE_L": " ",
        "BIKE_R": " ",
        "UNIQUE_ID": "12TVK08476478_100_N",
        "LOCAL_UID": " ",
        "UTAHRD_UID": " ",
        "SOURCE": " ",
        "UPDATED": 1486425600000,
        "EFFECTIVE": null,
        "EXPIRE": null,
        "CUSTOMTAGS": " ",
        "Shape_STLe": 808.016678499,
        "START_ELEV": 1506.59033203125,
        "END_ELEV": 1512.888427734375,
        "STEL_FT": 4942.881824941406,
        "ENDEL_FT": 4963.544869248047,
        "ELEV_CHANGE": 20.663044306640586,
        "SLOPE": 0.7792713719753975,
        "IMP_NO_12": null,
        "USE_CODE_12": null,
        "USE_CODE_DESCR_12": null,
        "COST_CLASS_DESCR_12": null,
        "EXTERIOR_WALL_12": null,
        "ABOVE_GRADE_AREA_12": null,
        "MEZZANINE_12": null,
        "BASEMENT_12": null,
        "BSMT_FINISH_12": null,
        "BSMT_UNFINISH_12": null,
        "QUALITY_DESCR_12": null,
        "CONDITION_12": null,
        "CONDITION_DESCR_12": null,
        "YEAR_BUILT_12": null,
        "UNIT_COUNT_12": null,
        "PCT_COMPLETE_12": null,
        "ALLOCATION_PCT_12": null,
        "IMP_NO_23": null,
        "USE_CODE_23": null,
        "USE_CODE_DESCR_23": null,
        "COST_CLASS_DESCR_23": null,
        "EXTERIOR_WALL_23": null,
        "ABOVE_GRADE_AREA_23": null,
        "MEZZANINE_23": null,
        "BASEMENT_23": null,
        "BSMT_FINISH_23": null,
        "BSMT_UNFINISH_23": null,
        "QUALITY_DESCR_23": null,
        "CONDITION_23": null,
        "CONDITION_DESCR_23": null,
        "YEAR_BUILT_23": null,
        "UNIT_COUNT_23": null,
        "PCT_COMPLETE_23": null,
        "ALLOCATION_PCT_23": null,
        "Entry": 42821,
        "Year": 2025,
        "Record_Date": "2025-06-10",
        "Grantor": "PETERSON, PAUL DEC",
        "Grantee": "WHOM OF INTEREST",
        "Tax_Address": "1019 N TIMPVIEW DR AMERICAN FORK, UT 84003",
        "Serial_Number": "59:036:0027",
        "Serial_Number_Available": "Yes",
        "Detail_URL": "https://www.utahcounty.gov/LandRecords/document.asp?avEntry=42821&avYear=2025",
        "Document_Type": "AF DC",
        "Shape_Length_12_13": 7971.898584353152,
        "Shape_Area_12_13": 3531776.4117728467,
        "DocType": "AFDC",
        "Shape_Length": 0.026354504508098904,
        "Shape_Area": 3.4773769743444095e-05
      }
    },
    {
      "type": "Feature",
      "id": 62,
      "geometry": {
        "type": "Polygon",
        "coordinates": [
          [
            [
              -112.06311621199995,
              40.327372301000025
            ],
            [
              -112.06311058699998,
              40.333177231000036
            ],
            [
              -112.06940748099998,
              40.333195225000054
            ],
            [
              -112.07263394499995,
              40.333233896000024
            ],
            [
              -112.07263823399995,
              40.327421463000064
            ],
            [
              -112.06311621199995,
              40.327372301000025
            ]
          ]
        ]
      },
      "properties": {
        "OBJECTID": 62,
        "Join_Count": 1,
        "TARGET_FID": 11007890,
        "PARCEL_NO": 590360028,
        "PARCELID": "590360028",
        "PARCELID_LABEL": "59:036:0028",
        "OWNER_NAME": "ALLEN, MARLENE COOK & MARLENE (ET AL)",
        "CARE_NAME": null,
        "ACREAGE": 128.82423,
        "SITE_FULL_ADDRESS": "CEDAR FORT, UT",
        "SITE_HOUSE_NUM": " ",
        "SITE_PRE_DIR": null,
        "SITE_STREET_NAME": null,
        "SITE_STREET_TYPE": null,
        "SITE_POST_DIR": null,
        "SITE_STREET_UNIT": null,
        "SITE_CITY": "CEDAR FORT",
        "SITE_STATE": "UT",
        "SITE_ZIP5": "84013",
        "OWN_FULL_ADDRESS": "135 N 100 W  CEDAR FORT, UT 84013",
        "OWN_STREET_ADDRESS": "135 N 100 W",
        "OWN_CITY": "CEDAR FORT",
        "OWN_STATE": "UT",
        "OWN_ZIP5": "84013",
        "VESTING_DOC": "52264-2020 (MORE)",
        "PARCEL_CREATE_DATE": 347068800000,
        "MAP_FILING_NO": null,
        "SUB_NAME": null,
        "LEGAL_DESCR": "LOTS 1, 2, & S 1/2 NE 1/4 SEC. 4, T6S, R2W, SLB&M. AREA 128.824 AC.",
        "BOOK_PAGE": 59036,
        "LOT": null,
        "BUILDING": null,
        "UNIT": null,
        "TAX_DISTRICT": "050",
        "TAX_DISTRICT_DESCR": "CEDAR FORT CITY",
        "SCHOOL_DISTRICT": "ALPINE",
        "TAXABLE_CODE": 100,
        "ACCOUNT_TYPE": "RESIDENTIAL",
        "PROP_TYPE": 900,
        "PROP_TYPE_DESCR": "VACANT",
        "SPECIFIC_PROP_TYPE": 902,
        "SPC_PROP_TYP_DESCR": "Vac Res w/Det",
        "NEIGHBORHOOD": "103",
        "NBHD_DISTRICT": "825",
        "LAND_DISTRICT": 8002,
        "ECONOMIC_UNIT": null,
        "GLA_WEIGHTED_YRBLT": 2012,
        "TOTAL_ABOVE_GRADE_AREA": 1200,
        "TOTAL_MEZZANINE": 0,
        "TOTAL_BASEMENT": 0,
        "TOTAL_BSMT_FINISH": 0,
        "TOTAL_UNIT_COUNT": null,
        "TOTAL_IMP_COUNT": 1,
        "ASMT_YEAR": 2026,
        "ASMT_CODE": "AD",
        "ASMT_CODE_DESCR": "AG-COM LAND WITH AG BLDGS",
        "MKT_LAND_VALUE": 1511300,
        "MKT_LAND_RES": 0,
        "MKT_LAND_AGR": 948500,
        "MKT_LAND_COM": 562800,
        "MKT_IMP_VALUE": 19500,
        "MKT_IMP_RES": 0,
        "MKT_IMP_AGR": 19500,
        "MKT_IMP_COM": 0,
        "MKT_CUR_VALUE": 1530800,
        "MKT_PRV_VAL": 1530800,
        "MKT_VAL_YR_CHG": 0,
        "MKT_PCT_CHG": 0,
        "TXBL_CUR_VALUE": 584232,
        "TXBL_PRV_VAL": 584232,
        "TXBL_VAL_YR_CHG": 0,
        "TXBL_PCT_CHG": 0,
        "TOT_CUR_TAXES": 0,
        "TOT_PRV_TAXES": 0,
        "TAXES_YR_CHG": 0,
        "TAXES_PCT_CHG": 0,
        "GREENBELT": "GB",
        "EXEMPT_RES": "N",
        "COMMON_AREA": null,
        "PUBLIC_ROAD": null,
        "PRIVATE_ROAD": null,
        "PART_CENTRAL_ASSD": null,
        "PART_TAXABLE": null,
        "IMP_NO_RES": null,
        "COST_GROUP_RES": null,
        "STYLE_DESCR_RES": null,
        "QUALITY_RES": null,
        "QUALITY_DESCR_RES": null,
        "CONDITION_RES": null,
        "CONDITION_DESCR_RES": null,
        "YEARBLT_RES": null,
        "GLA_RES": null,
        "BASEMENT_RES": null,
        "BSMT_FINISH_RES": null,
        "ATT_GARAGE_SQFT_RES": null,
        "BATHROOMS_RES": null,
        "GLA_BEDROOMS_RES": null,
        "EXTERIOR_RES": null,
        "ALLOCATION_PCT_RES": null,
        "TRAV_COUNT": 1,
        "LASTUPDATE": null,
        "CREATED_DATE": 1712330344000,
        "LAST_EDITED_DATE": 1712330533000,
        "GLOBALID": "{33E6456D-55DE-4197-A5B5-6D520EA46521}",
        "Join_Count_12": 1,
        "TARGET_FID_12": 7719,
        "Code": null,
        "Desc_Cleaned": "Residential Agricultural",
        "Description": "Rural Agricultural Zone (10 Acres)",
        "City": null,
        "Description_detailed": null,
        "Desc": null,
        "Acres": null,
        "CityLU": "RA-10",
        "Unit_Rate": 10,
        "Parcel_Area": 521023,
        "PctDeveloped": 0,
        "Slope_Score": 10,
        "GP_Score": 6,
        "Ownership_Type": "Private",
        "Ownership_Score": 10,
        "Wetlands_Score": 0,
        "Municipality_Score": 10,
        "Final_Score": 7.6,
        "OBJECTID_12": 7717,
        "Join_Count_12_13": 1,
        "TARGET_FID_12_13": 7719,
        "Area": 124,
        "Shape_Length_12": 147.5949608645492,
        "Shape_Area_12": 1336.7035820557403,
        "STATUS": " ",
        "CARTOCODE": "11",
        "FULLNAME": "100 N",
        "FROMADDR_L": 17201,
        "TOADDR_L": 17599,
        "FROMADDR_R": 17200,
        "TOADDR_R": 17598,
        "PARITY_L": " ",
        "PARITY_R": " ",
        "PREDIR": "W",
        "NAME": "100",
        "POSTTYPE": " ",
        "POSTDIR": "N",
        "AN_NAME": " ",
        "AN_POSTDIR": " ",
        "A1_PREDIR": " ",
        "A1_NAME": " ",
        "A1_POSTTYP": " ",
        "A1_POSTDIR": " ",
        "A2_PREDIR": " ",
        "A2_NAME": " ",
        "A2_POSTTYP": " ",
        "A2_POSTDIR": " ",
        "QUADRANT_L": "NE",
        "QUADRANT_R": "NE",
        "STATE_L": "UT",
        "STATE_R": "UT",
        "COUNTY_L": "49049",
        "COUNTY_R": "49049",
        "ADDRSYS_L": "Cedar Fort",
        "ADDRSYS_R": "Cedar Fort",
        "POSTCOMM_L": "CEDAR VALLEY",
        "POSTCOMM_R": "CEDAR VALLEY",
        "ZIPCODE_L": "84013",
        "ZIPCODE_R": "84013",
        "INCMUNI_L": "CEDAR FORT",
        "INCMUNI_R": "CEDAR FORT",
        "UNINCCOM_L": " ",
        "UNINCCOM_R": " ",
        "NBRHDCOM_L": " ",
        "NBRHDCOM_R": " ",
        "ER_CAD_ZON": " ",
        "ESN_L": " ",
        "ESN_R": " ",
        "MSAGCOMM_L": " ",
        "MSAGCOMM_R": " ",
        "ONEWAY": "0",
        "VERT_LEVEL": "0",
        "SPEED_LMT": 25,
        "ACCESSCODE": " ",
        "DOT_HWYNAM": " ",
        "DOT_RTNAME": " ",
        "DOT_RTPART": " ",
        "DOT_F_MILE": 0,
        "DOT_T_MILE": 0,
        "DOT_FCLASS": " ",
        "DOT_SRFTYP": " ",
        "DOT_CLASS": "C",
        "DOT_OWN_L": "MU Cedar Fort",
        "DOT_OWN_R": "MU Cedar Fort",
        "DOT_AADT": 0,
        "DOT_AADTYR": " ",
        "DOT_THRULA": 0,
        "BIKE_L": " ",
        "BIKE_R": " ",
        "UNIQUE_ID": "12TVK08476478_100_N",
        "LOCAL_UID": " ",
        "UTAHRD_UID": " ",
        "SOURCE": " ",
        "UPDATED": 1486425600000,
        "EFFECTIVE": null,
        "EXPIRE": null,
        "CUSTOMTAGS": " ",
        "Shape_STLe": 808.016678499,
        "START_ELEV": 1506.59033203125,
        "END_ELEV": 1512.888427734375,
        "STEL_FT": 4942.881824941406,
        "ENDEL_FT": 4963.544869248047,
        "ELEV_CHANGE": 20.663044306640586,
        "SLOPE": 0.7792713719753975,
        "IMP_NO_12": null,
        "USE_CODE_12": null,
        "USE_CODE_DESCR_12": null,
        "COST_CLASS_DESCR_12": null,
        "EXTERIOR_WALL_12": null,
        "ABOVE_GRADE_AREA_12": null,
        "MEZZANINE_12": null,
        "BASEMENT_12": null,
        "BSMT_FINISH_12": null,
        "BSMT_UNFINISH_12": null,
        "QUALITY_DESCR_12": null,
        "CONDITION_12": null,
        "CONDITION_DESCR_12": null,
        "YEAR_BUILT_12": null,
        "UNIT_COUNT_12": null,
        "PCT_COMPLETE_12": null,
        "ALLOCATION_PCT_12": null,
        "IMP_NO_23": null,
        "USE_CODE_23": null,
        "USE_CODE_DESCR_23": null,
        "COST_CLASS_DESCR_23": null,
        "EXTERIOR_WALL_23": null,
        "ABOVE_GRADE_AREA_23": null,
        "MEZZANINE_23": null,
        "BASEMENT_23": null,
        "BSMT_FINISH_23": null,
        "BSMT_UNFINISH_23": null,
        "QUALITY_DESCR_23": null,
        "CONDITION_23": null,
        "CONDITION_DESCR_23": null,
        "YEAR_BUILT_23": null,
        "UNIT_COUNT_23": null,
        "PCT_COMPLETE_23": null,
        "ALLOCATION_PCT_23": null,
        "Entry": 42821,
        "Year": 2025,
        "Record_Date": "2025-06-10",
        "Grantor": "PETERSON, PAUL DEC",
        "Grantee": "WHOM OF INTEREST",
        "Tax_Address": "1019 N TIMPVIEW DR AMERICAN FORK, UT 84003",
        "Serial_Number": "59:036:0027",
        "Serial_Number_Available": "Yes",
        "Detail_URL": "https://www.utahcounty.gov/LandRecords/document.asp?avEntry=42821&avYear=2025",
        "Document_Type": "AF DC",
        "Shape_Length_12_13": 7971.898584353152,
        "Shape_Area_12_13": 3531776.4117728467,
        "DocType": "AFDC",
        "Shape_Length": 0.030663131666404324,
        "Shape_Area": 5.522181042800899e-05
      }
    },
    {
      "type": "Feature",
      "id": 63,
      "geometry": {
        "type": "Polygon",
        "coordinates": [
          [
            [
              -112.07261416899996,
              40.31650760500003
            ],
            [
              -112.072614811,
              40.31650808200004
            ],
            [
              -112.07616407999996,
              40.31649063400005
            ],
            [
              -112.07611835699998,
              40.31105691600004
            ],
            [
              -112.07616779199998,
              40.31105667200006
            ],
            [
              -112.07616734099997,
              40.31097170800007
            ],
            [
              -112.07730067099999,
              40.31097020100003
            ],
            [
              -112.07725662299998,
              40.305661720000046
            ],
            [
              -112.07261740899997,
              40.30564594400005
            ],
            [
              -112.07252478299995,
              40.305645636000065
            ],
            [
              -112.07261416899996,
              40.31650760500003
            ]
          ]
        ]
      },
      "properties": {
        "OBJECTID": 63,
        "Join_Count": 1,
        "TARGET_FID": 11008045,
        "PARCEL_NO": 590410033,
        "PARCELID": "590410033",
        "PARCELID_LABEL": "59:041:0033",
        "OWNER_NAME": "SMITH, DEAN B & NANCY R",
        "CARE_NAME": null,
        "ACREAGE": 142.224448,
        "SITE_FULL_ADDRESS": "CEDAR FORT, UT",
        "SITE_HOUSE_NUM": " ",
        "SITE_PRE_DIR": null,
        "SITE_STREET_NAME": null,
        "SITE_STREET_TYPE": null,
        "SITE_POST_DIR": null,
        "SITE_STREET_UNIT": null,
        "SITE_CITY": "CEDAR FORT",
        "SITE_STATE": "UT",
        "SITE_ZIP5": "84013",
        "OWN_FULL_ADDRESS": "PO BOX 225  CEDAR FORT, UT 84013",
        "OWN_STREET_ADDRESS": "PO BOX 225",
        "OWN_CITY": "CEDAR FORT",
        "OWN_STATE": "UT",
        "OWN_ZIP5": "84013",
        "VESTING_DOC": "57848-2012",
        "PARCEL_CREATE_DATE": 1616112000000,
        "MAP_FILING_NO": null,
        "SUB_NAME": null,
        "LEGAL_DESCR": "COM S 0 DEG 0' 21\" W 1319.98 FT FR N 1/4 COR. SEC. 9, T6S, R2W, SLB&M.; S 0 DEG 0' 21\" W 3958 FT; N 89 DEG 23' 4\" W 25.84 FT; N 89 DEG 22' 38\" W 1294.21 FT; N 0 DEG 0' 21\" E 1934.36 FT; S 89 DEG 43' 48\" E 316.14 FT; N 0 DEG 8' 10\" E 30.96 FT; E 13.79 FT; N 1980 FT; E 990 FT TO BEG. AREA 104.444 AC. ALSO COM N 0 DEG 0' 21\" E 47 FT & S 89 DEG 59' 39\" E .33 FT FR SW COR. SEC. 9, T6S, R2W, SLB&M.; N 0 DEG 24' 4\" E 1276.66 FT; S 89 DEG 16' 24\" E 1296.33 FT; S 0 DEG 51' 28\" W 1274.18 FT; N 89 DEG 22' 38\" W 1286.14 FT TO BEG. AREA 37.780 AC. TOTAL AREA 142.224 AC.",
        "BOOK_PAGE": 59041,
        "LOT": null,
        "BUILDING": null,
        "UNIT": null,
        "TAX_DISTRICT": "050",
        "TAX_DISTRICT_DESCR": "CEDAR FORT CITY",
        "SCHOOL_DISTRICT": "ALPINE",
        "TAXABLE_CODE": 100,
        "ACCOUNT_TYPE": "RESIDENTIAL",
        "PROP_TYPE": 900,
        "PROP_TYPE_DESCR": "VACANT",
        "SPECIFIC_PROP_TYPE": 901,
        "SPC_PROP_TYP_DESCR": "Vac Res",
        "NEIGHBORHOOD": "103",
        "NBHD_DISTRICT": "825",
        "LAND_DISTRICT": 8002,
        "ECONOMIC_UNIT": null,
        "GLA_WEIGHTED_YRBLT": null,
        "TOTAL_ABOVE_GRADE_AREA": null,
        "TOTAL_MEZZANINE": null,
        "TOTAL_BASEMENT": null,
        "TOTAL_BSMT_FINISH": null,
        "TOTAL_UNIT_COUNT": null,
        "TOTAL_IMP_COUNT": null,
        "ASMT_YEAR": 2026,
        "ASMT_CODE": "V",
        "ASMT_CODE_DESCR": "VACANT",
        "MKT_LAND_VALUE": 2094300,
        "MKT_LAND_RES": 0,
        "MKT_LAND_AGR": 2094300,
        "MKT_LAND_COM": 0,
        "MKT_IMP_VALUE": 0,
        "MKT_IMP_RES": 0,
        "MKT_IMP_AGR": 0,
        "MKT_IMP_COM": 0,
        "MKT_CUR_VALUE": 2094300,
        "MKT_PRV_VAL": 2094300,
        "MKT_VAL_YR_CHG": 0,
        "MKT_PCT_CHG": 0,
        "TXBL_CUR_VALUE": 3271,
        "TXBL_PRV_VAL": 3271,
        "TXBL_VAL_YR_CHG": 0,
        "TXBL_PCT_CHG": 0,
        "TOT_CUR_TAXES": 0,
        "TOT_PRV_TAXES": 0,
        "TAXES_YR_CHG": 0,
        "TAXES_PCT_CHG": 0,
        "GREENBELT": "GB",
        "EXEMPT_RES": "N",
        "COMMON_AREA": null,
        "PUBLIC_ROAD": null,
        "PRIVATE_ROAD": null,
        "PART_CENTRAL_ASSD": null,
        "PART_TAXABLE": null,
        "IMP_NO_RES": null,
        "COST_GROUP_RES": null,
        "STYLE_DESCR_RES": null,
        "QUALITY_RES": null,
        "QUALITY_DESCR_RES": null,
        "CONDITION_RES": null,
        "CONDITION_DESCR_RES": null,
        "YEARBLT_RES": null,
        "GLA_RES": null,
        "BASEMENT_RES": null,
        "BSMT_FINISH_RES": null,
        "ATT_GARAGE_SQFT_RES": null,
        "BATHROOMS_RES": null,
        "GLA_BEDROOMS_RES": null,
        "EXTERIOR_RES": null,
        "ALLOCATION_PCT_RES": null,
        "TRAV_COUNT": 2,
        "LASTUPDATE": null,
        "CREATED_DATE": 1712330344000,
        "LAST_EDITED_DATE": 1712330533000,
        "GLOBALID": "{1B399DAD-8687-485C-8B61-A615C0E50D3A}",
        "Join_Count_12": 1,
        "TARGET_FID_12": 7815,
        "Code": null,
        "Desc_Cleaned": "Residential Agricultural",
        "Description": "Rural Agricultural Zone (10 Acres)",
        "City": null,
        "Description_detailed": null,
        "Desc": null,
        "Acres": null,
        "CityLU": "RA-10",
        "Unit_Rate": 10,
        "Parcel_Area": 422703,
        "PctDeveloped": null,
        "Slope_Score": 10,
        "GP_Score": 6,
        "Ownership_Type": "Private",
        "Ownership_Score": 10,
        "Wetlands_Score": 0,
        "Municipality_Score": 10,
        "Final_Score": 7.6,
        "OBJECTID_12": 7813,
        "Join_Count_12_13": 0,
        "TARGET_FID_12_13": 7815,
        "Area": null,
        "Shape_Length_12": null,
        "Shape_Area_12": null,
        "STATUS": " ",
        "CARTOCODE": "11",
        "FULLNAME": "4000 N",
        "FROMADDR_L": 16001,
        "TOADDR_L": 17999,
        "FROMADDR_R": 16000,
        "TOADDR_R": 17998,
        "PARITY_L": " ",
        "PARITY_R": " ",
        "PREDIR": "W",
        "NAME": "4000",
        "POSTTYPE": " ",
        "POSTDIR": "N",
        "AN_NAME": " ",
        "AN_POSTDIR": " ",
        "A1_PREDIR": " ",
        "A1_NAME": " ",
        "A1_POSTTYP": " ",
        "A1_POSTDIR": " ",
        "A2_PREDIR": " ",
        "A2_NAME": " ",
        "A2_POSTTYP": " ",
        "A2_POSTDIR": " ",
        "QUADRANT_L": "NW",
        "QUADRANT_R": "SE",
        "STATE_L": "UT",
        "STATE_R": "UT",
        "COUNTY_L": "49049",
        "COUNTY_R": "49049",
        "ADDRSYS_L": "Eagle Mountain",
        "ADDRSYS_R": "Cedar Fort",
        "POSTCOMM_L": "CEDAR VALLEY",
        "POSTCOMM_R": "CEDAR VALLEY",
        "ZIPCODE_L": "84013",
        "ZIPCODE_R": "84013",
        "INCMUNI_L": "EAGLE MOUNTAIN",
        "INCMUNI_R": "CEDAR FORT",
        "UNINCCOM_L": " ",
        "UNINCCOM_R": " ",
        "NBRHDCOM_L": " ",
        "NBRHDCOM_R": " ",
        "ER_CAD_ZON": " ",
        "ESN_L": " ",
        "ESN_R": " ",
        "MSAGCOMM_L": " ",
        "MSAGCOMM_R": " ",
        "ONEWAY": "0",
        "VERT_LEVEL": "0",
        "SPEED_LMT": 25,
        "ACCESSCODE": " ",
        "DOT_HWYNAM": " ",
        "DOT_RTNAME": " ",
        "DOT_RTPART": " ",
        "DOT_F_MILE": 0,
        "DOT_T_MILE": 0,
        "DOT_FCLASS": " ",
        "DOT_SRFTYP": " ",
        "DOT_CLASS": "B",
        "DOT_OWN_L": "MU Eagle Mountain",
        "DOT_OWN_R": "MU Cedar Fort",
        "DOT_AADT": 0,
        "DOT_AADTYR": " ",
        "DOT_THRULA": 0,
        "BIKE_L": " ",
        "BIKE_R": " ",
        "UNIQUE_ID": "12TVK09666220_4000_N",
        "LOCAL_UID": " ",
        "UTAHRD_UID": " ",
        "SOURCE": " ",
        "UPDATED": 1434067200000,
        "EFFECTIVE": null,
        "EXPIRE": null,
        "CUSTOMTAGS": " ",
        "Shape_STLe": 3243.32113468,
        "START_ELEV": 1483.9398193359375,
        "END_ELEV": 1492.4476318359375,
        "STEL_FT": 4868.569116870117,
        "ENDEL_FT": 4896.481888432617,
        "ELEV_CHANGE": 27.912771562499984,
        "SLOPE": 0.262257584559601,
        "IMP_NO_12": null,
        "USE_CODE_12": null,
        "USE_CODE_DESCR_12": null,
        "COST_CLASS_DESCR_12": null,
        "EXTERIOR_WALL_12": null,
        "ABOVE_GRADE_AREA_12": null,
        "MEZZANINE_12": null,
        "BASEMENT_12": null,
        "BSMT_FINISH_12": null,
        "BSMT_UNFINISH_12": null,
        "QUALITY_DESCR_12": null,
        "CONDITION_12": null,
        "CONDITION_DESCR_12": null,
        "YEAR_BUILT_12": null,
        "UNIT_COUNT_12": null,
        "PCT_COMPLETE_12": null,
        "ALLOCATION_PCT_12": null,
        "IMP_NO_23": null,
        "USE_CODE_23": null,
        "USE_CODE_DESCR_23": null,
        "COST_CLASS_DESCR_23": null,
        "EXTERIOR_WALL_23": null,
        "ABOVE_GRADE_AREA_23": null,
        "MEZZANINE_23": null,
        "BASEMENT_23": null,
        "BSMT_FINISH_23": null,
        "BSMT_UNFINISH_23": null,
        "QUALITY_DESCR_23": null,
        "CONDITION_23": null,
        "CONDITION_DESCR_23": null,
        "YEAR_BUILT_23": null,
        "UNIT_COUNT_23": null,
        "PCT_COMPLETE_23": null,
        "ALLOCATION_PCT_23": null,
        "Entry": 42819,
        "Year": 2025,
        "Record_Date": "2025-06-10",
        "Grantor": "PETERSON, PAUL DEC",
        "Grantee": "WHOM OF INTEREST",
        "Tax_Address": "1019 N TIMPVIEW DR AMERICAN FORK, UT 84003",
        "Serial_Number": "59:041:0006",
        "Serial_Number_Available": "Yes",
        "Detail_URL": "https://www.utahcounty.gov/LandRecords/document.asp?avEntry=42819&avYear=2025",
        "Document_Type": "AF DC",
        "Shape_Length_12_13": 3496.9496989548206,
        "Shape_Area_12_13": 565939.9913141232,
        "DocType": "AFDC",
        "Shape_Length": 0.031154621729001616,
        "Shape_Area": 4.4788326525243474e-05
      }
    },
    {
      "type": "Feature",
      "id": 64,
      "geometry": {
        "type": "Polygon",
        "coordinates": [
          [
            [
              -112.06787266399999,
              40.32009837000004
            ],
            [
              -112.07264396899996,
              40.32013002900004
            ],
            [
              -112.07280117399995,
              40.312818048000054
            ],
            [
              -112.06793577899998,
              40.312794616000076
            ],
            [
              -112.06787266399999,
              40.32009837000004
            ]
          ]
        ]
      },
      "properties": {
        "OBJECTID": 64,
        "Join_Count": 1,
        "TARGET_FID": 11008047,
        "PARCEL_NO": 590410034,
        "PARCELID": "590410034",
        "PARCELID_LABEL": "59:041:0034",
        "OWNER_NAME": "SMITH, NANCY R & NANCY R (ET AL)",
        "CARE_NAME": null,
        "ACREAGE": 112.995492,
        "SITE_FULL_ADDRESS": "CEDAR FORT, UT",
        "SITE_HOUSE_NUM": " ",
        "SITE_PRE_DIR": null,
        "SITE_STREET_NAME": null,
        "SITE_STREET_TYPE": null,
        "SITE_POST_DIR": null,
        "SITE_STREET_UNIT": null,
        "SITE_CITY": "CEDAR FORT",
        "SITE_STATE": "UT",
        "SITE_ZIP5": "84013",
        "OWN_FULL_ADDRESS": "PO BOX 225  CEDAR FORT, UT 84013",
        "OWN_STREET_ADDRESS": "PO BOX 225",
        "OWN_CITY": "CEDAR FORT",
        "OWN_STATE": "UT",
        "OWN_ZIP5": "84013",
        "VESTING_DOC": "37716-2024 (MORE)",
        "PARCEL_CREATE_DATE": 1616112000000,
        "MAP_FILING_NO": null,
        "SUB_NAME": null,
        "LEGAL_DESCR": "W 1/2 OF NE 1/4 SEC. 9, T6S, R2W, SLB&M. AREA 82.115 AC. ALSO COM N 0 DEG 0' 21\" E 46.13 FT & S 89 DEG 59' 39\" E 1.05 FT FR SW COR. OF SE 1/4 OF SEC. 9, T6S, R2W, SLB&M.; N 1 DEG 18' 56\" E 2613.78 FT; S 89 DEG 16' 6\" E 514.99 FT; S 1 DEG 18' 56\" W 2612.74 FT; N 89 DEG 23' 5\" W 489.85 FT; N 89 DEG 23' 3\" W 25.15 FT TO BEG. AREA 30.880 AC. TOTAL AREA 112.995 AC.",
        "BOOK_PAGE": 59041,
        "LOT": null,
        "BUILDING": null,
        "UNIT": null,
        "TAX_DISTRICT": "050",
        "TAX_DISTRICT_DESCR": "CEDAR FORT CITY",
        "SCHOOL_DISTRICT": "ALPINE",
        "TAXABLE_CODE": 100,
        "ACCOUNT_TYPE": "RESIDENTIAL",
        "PROP_TYPE": 900,
        "PROP_TYPE_DESCR": "VACANT",
        "SPECIFIC_PROP_TYPE": 901,
        "SPC_PROP_TYP_DESCR": "Vac Res",
        "NEIGHBORHOOD": "103",
        "NBHD_DISTRICT": "825",
        "LAND_DISTRICT": 8002,
        "ECONOMIC_UNIT": null,
        "GLA_WEIGHTED_YRBLT": null,
        "TOTAL_ABOVE_GRADE_AREA": null,
        "TOTAL_MEZZANINE": null,
        "TOTAL_BASEMENT": null,
        "TOTAL_BSMT_FINISH": null,
        "TOTAL_UNIT_COUNT": null,
        "TOTAL_IMP_COUNT": null,
        "ASMT_YEAR": 2026,
        "ASMT_CODE": "V",
        "ASMT_CODE_DESCR": "VACANT",
        "MKT_LAND_VALUE": 1664100,
        "MKT_LAND_RES": 0,
        "MKT_LAND_AGR": 1664100,
        "MKT_LAND_COM": 0,
        "MKT_IMP_VALUE": 0,
        "MKT_IMP_RES": 0,
        "MKT_IMP_AGR": 0,
        "MKT_IMP_COM": 0,
        "MKT_CUR_VALUE": 1664100,
        "MKT_PRV_VAL": 1664100,
        "MKT_VAL_YR_CHG": 0,
        "MKT_PCT_CHG": 0,
        "TXBL_CUR_VALUE": 2599,
        "TXBL_PRV_VAL": 2599,
        "TXBL_VAL_YR_CHG": 0,
        "TXBL_PCT_CHG": 0,
        "TOT_CUR_TAXES": 0,
        "TOT_PRV_TAXES": 0,
        "TAXES_YR_CHG": 0,
        "TAXES_PCT_CHG": 0,
        "GREENBELT": "GB",
        "EXEMPT_RES": "N",
        "COMMON_AREA": null,
        "PUBLIC_ROAD": null,
        "PRIVATE_ROAD": null,
        "PART_CENTRAL_ASSD": null,
        "PART_TAXABLE": null,
        "IMP_NO_RES": null,
        "COST_GROUP_RES": null,
        "STYLE_DESCR_RES": null,
        "QUALITY_RES": null,
        "QUALITY_DESCR_RES": null,
        "CONDITION_RES": null,
        "CONDITION_DESCR_RES": null,
        "YEARBLT_RES": null,
        "GLA_RES": null,
        "BASEMENT_RES": null,
        "BSMT_FINISH_RES": null,
        "ATT_GARAGE_SQFT_RES": null,
        "BATHROOMS_RES": null,
        "GLA_BEDROOMS_RES": null,
        "EXTERIOR_RES": null,
        "ALLOCATION_PCT_RES": null,
        "TRAV_COUNT": 2,
        "LASTUPDATE": null,
        "CREATED_DATE": 1712330344000,
        "LAST_EDITED_DATE": 1712330533000,
        "GLOBALID": "{33F246D1-183B-40E4-A0D8-653340219A5F}",
        "Join_Count_12": 0,
        "TARGET_FID_12": 7816,
        "Code": null,
        "Desc_Cleaned": "Residential Agricultural",
        "Description": "Residential Agricultural Zone (5 Acres)",
        "City": null,
        "Description_detailed": null,
        "Desc": null,
        "Acres": null,
        "CityLU": "RA-5",
        "Unit_Rate": 5,
        "Parcel_Area": 332324,
        "PctDeveloped": null,
        "Slope_Score": 0,
        "GP_Score": 6,
        "Ownership_Type": "Private",
        "Ownership_Score": 10,
        "Wetlands_Score": 10,
        "Municipality_Score": 10,
        "Final_Score": 7.1,
        "OBJECTID_12": 7814,
        "Join_Count_12_13": 0,
        "TARGET_FID_12_13": 7816,
        "Area": null,
        "Shape_Length_12": null,
        "Shape_Area_12": null,
        "STATUS": null,
        "CARTOCODE": null,
        "FULLNAME": null,
        "FROMADDR_L": null,
        "TOADDR_L": null,
        "FROMADDR_R": null,
        "TOADDR_R": null,
        "PARITY_L": null,
        "PARITY_R": null,
        "PREDIR": null,
        "NAME": null,
        "POSTTYPE": null,
        "POSTDIR": null,
        "AN_NAME": null,
        "AN_POSTDIR": null,
        "A1_PREDIR": null,
        "A1_NAME": null,
        "A1_POSTTYP": null,
        "A1_POSTDIR": null,
        "A2_PREDIR": null,
        "A2_NAME": null,
        "A2_POSTTYP": null,
        "A2_POSTDIR": null,
        "QUADRANT_L": null,
        "QUADRANT_R": null,
        "STATE_L": null,
        "STATE_R": null,
        "COUNTY_L": null,
        "COUNTY_R": null,
        "ADDRSYS_L": null,
        "ADDRSYS_R": null,
        "POSTCOMM_L": null,
        "POSTCOMM_R": null,
        "ZIPCODE_L": null,
        "ZIPCODE_R": null,
        "INCMUNI_L": null,
        "INCMUNI_R": null,
        "UNINCCOM_L": null,
        "UNINCCOM_R": null,
        "NBRHDCOM_L": null,
        "NBRHDCOM_R": null,
        "ER_CAD_ZON": null,
        "ESN_L": null,
        "ESN_R": null,
        "MSAGCOMM_L": null,
        "MSAGCOMM_R": null,
        "ONEWAY": null,
        "VERT_LEVEL": null,
        "SPEED_LMT": null,
        "ACCESSCODE": null,
        "DOT_HWYNAM": null,
        "DOT_RTNAME": null,
        "DOT_RTPART": null,
        "DOT_F_MILE": null,
        "DOT_T_MILE": null,
        "DOT_FCLASS": null,
        "DOT_SRFTYP": null,
        "DOT_CLASS": null,
        "DOT_OWN_L": null,
        "DOT_OWN_R": null,
        "DOT_AADT": null,
        "DOT_AADTYR": null,
        "DOT_THRULA": null,
        "BIKE_L": null,
        "BIKE_R": null,
        "UNIQUE_ID": null,
        "LOCAL_UID": null,
        "UTAHRD_UID": null,
        "SOURCE": null,
        "UPDATED": null,
        "EFFECTIVE": null,
        "EXPIRE": null,
        "CUSTOMTAGS": null,
        "Shape_STLe": null,
        "START_ELEV": null,
        "END_ELEV": null,
        "STEL_FT": null,
        "ENDEL_FT": null,
        "ELEV_CHANGE": null,
        "SLOPE": null,
        "IMP_NO_12": null,
        "USE_CODE_12": null,
        "USE_CODE_DESCR_12": null,
        "COST_CLASS_DESCR_12": null,
        "EXTERIOR_WALL_12": null,
        "ABOVE_GRADE_AREA_12": null,
        "MEZZANINE_12": null,
        "BASEMENT_12": null,
        "BSMT_FINISH_12": null,
        "BSMT_UNFINISH_12": null,
        "QUALITY_DESCR_12": null,
        "CONDITION_12": null,
        "CONDITION_DESCR_12": null,
        "YEAR_BUILT_12": null,
        "UNIT_COUNT_12": null,
        "PCT_COMPLETE_12": null,
        "ALLOCATION_PCT_12": null,
        "IMP_NO_23": null,
        "USE_CODE_23": null,
        "USE_CODE_DESCR_23": null,
        "COST_CLASS_DESCR_23": null,
        "EXTERIOR_WALL_23": null,
        "ABOVE_GRADE_AREA_23": null,
        "MEZZANINE_23": null,
        "BASEMENT_23": null,
        "BSMT_FINISH_23": null,
        "BSMT_UNFINISH_23": null,
        "QUALITY_DESCR_23": null,
        "CONDITION_23": null,
        "CONDITION_DESCR_23": null,
        "YEAR_BUILT_23": null,
        "UNIT_COUNT_23": null,
        "PCT_COMPLETE_23": null,
        "ALLOCATION_PCT_23": null,
        "Entry": 42819,
        "Year": 2025,
        "Record_Date": "2025-06-10",
        "Grantor": "PETERSON, PAUL DEC",
        "Grantee": "WHOM OF INTEREST",
        "Tax_Address": "1019 N TIMPVIEW DR AMERICAN FORK, UT 84003",
        "Serial_Number": "59:041:0018",
        "Serial_Number_Available": "Yes",
        "Detail_URL": "https://www.utahcounty.gov/LandRecords/document.asp?avEntry=42819&avYear=2025",
        "Document_Type": "AF DC",
        "Shape_Length_12_13": 3760.8710871636868,
        "Shape_Area_12_13": 740075.8062288173,
        "DocType": "AFDC",
        "Shape_Length": 0.024254558884632522,
        "Shape_Area": 3.521489778052858e-05
      }
    },
    {
      "type": "Feature",
      "id": 65,
      "geometry": {
        "type": "Polygon",
        "coordinates": [
          [
            [
              -112.13956045499998,
              40.33360733200004
            ],
            [
              -112.14428357399999,
              40.33361761500004
            ],
            [
              -112.14425745799997,
              40.33084288100008
            ],
            [
              -112.13953487599997,
              40.330868819000045
            ],
            [
              -112.13956045499998,
              40.33360733200004
            ]
          ]
        ]
      },
      "properties": {
        "OBJECTID": 65,
        "Join_Count": 1,
        "TARGET_FID": 11008133,
        "PARCEL_NO": 590700002,
        "PARCELID": "590700002",
        "PARCELID_LABEL": "59:070:0002",
        "OWNER_NAME": "COOK, MARY N & RICHARD W (ET AL)",
        "CARE_NAME": null,
        "ACREAGE": 39.30816,
        "SITE_FULL_ADDRESS": "CEDAR FORT, UT",
        "SITE_HOUSE_NUM": " ",
        "SITE_PRE_DIR": null,
        "SITE_STREET_NAME": null,
        "SITE_STREET_TYPE": null,
        "SITE_POST_DIR": null,
        "SITE_STREET_UNIT": null,
        "SITE_CITY": "CEDAR FORT",
        "SITE_STATE": "UT",
        "SITE_ZIP5": "84013",
        "OWN_FULL_ADDRESS": "2535 E 1700 S  SALT LAKE CITY, UT 84108",
        "OWN_STREET_ADDRESS": "2535 E 1700 S",
        "OWN_CITY": "SALT LAKE CITY",
        "OWN_STATE": "UT",
        "OWN_ZIP5": "84108",
        "VESTING_DOC": "24178-2025 (MORE)",
        "PARCEL_CREATE_DATE": 347068800000,
        "MAP_FILING_NO": null,
        "SUB_NAME": null,
        "LEGAL_DESCR": "ALL OF LOT 1 SEC. 2, T6S, R3W, SLB&M. AREA 30.372 AC. ALSO E 3/4 OF N 1/4 OF LOT 3 AND N 1/4 OF LOT 2, SEC. 1, T6S, R3W, SLB&M. LESS THAT PORTION OF SAID LOT 2 IN CEDAR FORT CITY PARCEL. AREA 8.937 AC. TOTAL AREA 39.308 AC.",
        "BOOK_PAGE": 59070,
        "LOT": "1",
        "BUILDING": null,
        "UNIT": null,
        "TAX_DISTRICT": "050",
        "TAX_DISTRICT_DESCR": "CEDAR FORT CITY",
        "SCHOOL_DISTRICT": "ALPINE",
        "TAXABLE_CODE": 100,
        "ACCOUNT_TYPE": "RESIDENTIAL",
        "PROP_TYPE": 900,
        "PROP_TYPE_DESCR": "VACANT",
        "SPECIFIC_PROP_TYPE": 901,
        "SPC_PROP_TYP_DESCR": "Vac Res",
        "NEIGHBORHOOD": "121",
        "NBHD_DISTRICT": "802",
        "LAND_DISTRICT": 8001,
        "ECONOMIC_UNIT": null,
        "GLA_WEIGHTED_YRBLT": null,
        "TOTAL_ABOVE_GRADE_AREA": null,
        "TOTAL_MEZZANINE": null,
        "TOTAL_BASEMENT": null,
        "TOTAL_BSMT_FINISH": null,
        "TOTAL_UNIT_COUNT": null,
        "TOTAL_IMP_COUNT": null,
        "ASMT_YEAR": 2026,
        "ASMT_CODE": "V",
        "ASMT_CODE_DESCR": "VACANT",
        "MKT_LAND_VALUE": 62000,
        "MKT_LAND_RES": 0,
        "MKT_LAND_AGR": 62000,
        "MKT_LAND_COM": 0,
        "MKT_IMP_VALUE": 0,
        "MKT_IMP_RES": 0,
        "MKT_IMP_AGR": 0,
        "MKT_IMP_COM": 0,
        "MKT_CUR_VALUE": 62000,
        "MKT_PRV_VAL": 62000,
        "MKT_VAL_YR_CHG": 0,
        "MKT_PCT_CHG": 0,
        "TXBL_CUR_VALUE": 550,
        "TXBL_PRV_VAL": 550,
        "TXBL_VAL_YR_CHG": 0,
        "TXBL_PCT_CHG": 0,
        "TOT_CUR_TAXES": 0,
        "TOT_PRV_TAXES": 0,
        "TAXES_YR_CHG": 0,
        "TAXES_PCT_CHG": 0,
        "GREENBELT": "GB",
        "EXEMPT_RES": "N",
        "COMMON_AREA": null,
        "PUBLIC_ROAD": null,
        "PRIVATE_ROAD": null,
        "PART_CENTRAL_ASSD": null,
        "PART_TAXABLE": null,
        "IMP_NO_RES": null,
        "COST_GROUP_RES": null,
        "STYLE_DESCR_RES": null,
        "QUALITY_RES": null,
        "QUALITY_DESCR_RES": null,
        "CONDITION_RES": null,
        "CONDITION_DESCR_RES": null,
        "YEARBLT_RES": null,
        "GLA_RES": null,
        "BASEMENT_RES": null,
        "BSMT_FINISH_RES": null,
        "ATT_GARAGE_SQFT_RES": null,
        "BATHROOMS_RES": null,
        "GLA_BEDROOMS_RES": null,
        "EXTERIOR_RES": null,
        "ALLOCATION_PCT_RES": null,
        "TRAV_COUNT": 2,
        "LASTUPDATE": null,
        "CREATED_DATE": 1712330344000,
        "LAST_EDITED_DATE": 1712330533000,
        "GLOBALID": "{92B0E30B-2FF8-4EA0-AD4D-5A3BA729325F}",
        "Join_Count_12": 0,
        "TARGET_FID_12": 7873,
        "Code": null,
        "Desc_Cleaned": "Residential Agricultural",
        "Description": "Mining and Grazing (40 Acres)",
        "City": null,
        "Description_detailed": null,
        "Desc": null,
        "Acres": null,
        "CityLU": "MG-40",
        "Unit_Rate": 40,
        "Parcel_Area": 122836,
        "PctDeveloped": null,
        "Slope_Score": 0,
        "GP_Score": 6,
        "Ownership_Type": "Private",
        "Ownership_Score": 10,
        "Wetlands_Score": 0,
        "Municipality_Score": 10,
        "Final_Score": 6.1,
        "OBJECTID_12": 7871,
        "Join_Count_12_13": 0,
        "TARGET_FID_12_13": 7873,
        "Area": null,
        "Shape_Length_12": null,
        "Shape_Area_12": null,
        "STATUS": null,
        "CARTOCODE": null,
        "FULLNAME": null,
        "FROMADDR_L": null,
        "TOADDR_L": null,
        "FROMADDR_R": null,
        "TOADDR_R": null,
        "PARITY_L": null,
        "PARITY_R": null,
        "PREDIR": null,
        "NAME": null,
        "POSTTYPE": null,
        "POSTDIR": null,
        "AN_NAME": null,
        "AN_POSTDIR": null,
        "A1_PREDIR": null,
        "A1_NAME": null,
        "A1_POSTTYP": null,
        "A1_POSTDIR": null,
        "A2_PREDIR": null,
        "A2_NAME": null,
        "A2_POSTTYP": null,
        "A2_POSTDIR": null,
        "QUADRANT_L": null,
        "QUADRANT_R": null,
        "STATE_L": null,
        "STATE_R": null,
        "COUNTY_L": null,
        "COUNTY_R": null,
        "ADDRSYS_L": null,
        "ADDRSYS_R": null,
        "POSTCOMM_L": null,
        "POSTCOMM_R": null,
        "ZIPCODE_L": null,
        "ZIPCODE_R": null,
        "INCMUNI_L": null,
        "INCMUNI_R": null,
        "UNINCCOM_L": null,
        "UNINCCOM_R": null,
        "NBRHDCOM_L": null,
        "NBRHDCOM_R": null,
        "ER_CAD_ZON": null,
        "ESN_L": null,
        "ESN_R": null,
        "MSAGCOMM_L": null,
        "MSAGCOMM_R": null,
        "ONEWAY": null,
        "VERT_LEVEL": null,
        "SPEED_LMT": null,
        "ACCESSCODE": null,
        "DOT_HWYNAM": null,
        "DOT_RTNAME": null,
        "DOT_RTPART": null,
        "DOT_F_MILE": null,
        "DOT_T_MILE": null,
        "DOT_FCLASS": null,
        "DOT_SRFTYP": null,
        "DOT_CLASS": null,
        "DOT_OWN_L": null,
        "DOT_OWN_R": null,
        "DOT_AADT": null,
        "DOT_AADTYR": null,
        "DOT_THRULA": null,
        "BIKE_L": null,
        "BIKE_R": null,
        "UNIQUE_ID": null,
        "LOCAL_UID": null,
        "UTAHRD_UID": null,
        "SOURCE": null,
        "UPDATED": null,
        "EFFECTIVE": null,
        "EXPIRE": null,
        "CUSTOMTAGS": null,
        "Shape_STLe": null,
        "START_ELEV": null,
        "END_ELEV": null,
        "STEL_FT": null,
        "ENDEL_FT": null,
        "ELEV_CHANGE": null,
        "SLOPE": null,
        "IMP_NO_12": null,
        "USE_CODE_12": null,
        "USE_CODE_DESCR_12": null,
        "COST_CLASS_DESCR_12": null,
        "EXTERIOR_WALL_12": null,
        "ABOVE_GRADE_AREA_12": null,
        "MEZZANINE_12": null,
        "BASEMENT_12": null,
        "BSMT_FINISH_12": null,
        "BSMT_UNFINISH_12": null,
        "QUALITY_DESCR_12": null,
        "CONDITION_12": null,
        "CONDITION_DESCR_12": null,
        "YEAR_BUILT_12": null,
        "UNIT_COUNT_12": null,
        "PCT_COMPLETE_12": null,
        "ALLOCATION_PCT_12": null,
        "IMP_NO_23": null,
        "USE_CODE_23": null,
        "USE_CODE_DESCR_23": null,
        "COST_CLASS_DESCR_23": null,
        "EXTERIOR_WALL_23": null,
        "ABOVE_GRADE_AREA_23": null,
        "MEZZANINE_23": null,
        "BASEMENT_23": null,
        "BSMT_FINISH_23": null,
        "BSMT_UNFINISH_23": null,
        "QUALITY_DESCR_23": null,
        "CONDITION_23": null,
        "CONDITION_DESCR_23": null,
        "YEAR_BUILT_23": null,
        "UNIT_COUNT_23": null,
        "PCT_COMPLETE_23": null,
        "ALLOCATION_PCT_23": null,
        "Entry": 24178,
        "Year": 2025,
        "Record_Date": "2025-04-04",
        "Grantor": "COOK, RICHARD ERNEST AKA COOK, RICHARD E DEC RICHARD E COOK TRUST 03-27-1978 AS AMD AND RESTATED 02-11-1992 AKA RICHARD E COOK REVOCABLE TRUST 03-27-1978 AS AMD",
        "Grantee": "COOK, MARY N SUCTEE COOK, RICHARD W SUCTEE RICHARD E COOK TRUST 03-27-1978 AS AMD AND RESTATED 02-11-1992 AKA RICHARD E COOK REVOCABLE TRUST 03-27-1978 AS AMD",
        "Tax_Address": "2535 E 1700 S SALT LAKE CITY, UT 84108",
        "Serial_Number": "59:070:0002",
        "Serial_Number_Available": "Yes",
        "Detail_URL": "https://www.utahcounty.gov/LandRecords/document.asp?avEntry=24178&avYear=2025",
        "Document_Type": "AF DC",
        "Shape_Length_12_13": 4641.776323418079,
        "Shape_Area_12_13": 1322191.0853855005,
        "DocType": "AFDC",
        "Shape_Length": 0.014959272780851768,
        "Shape_Area": 1.3019322996488636e-05
      }
    },
    {
      "type": "Feature",
      "id": 66,
      "geometry": {
        "type": "Polygon",
        "coordinates": [
          [
            [
              -112.13348217299995,
              40.33304211900003
            ],
            [
              -112.12989066499995,
              40.333038051000074
            ],
            [
              -112.12789996199996,
              40.33303574900003
            ],
            [
              -112.12790556499999,
              40.33364655100007
            ],
            [
              -112.12510398699999,
              40.333651589000056
            ],
            [
              -112.12510409799995,
              40.333685838000065
            ],
            [
              -112.12989421299994,
              40.33370185000007
            ],
            [
              -112.13348679199999,
              40.333713732000035
            ],
            [
              -112.13348217299995,
              40.33304211900003
            ]
          ]
        ]
      },
      "properties": {
        "OBJECTID": 66,
        "Join_Count": 1,
        "TARGET_FID": 11008134,
        "PARCEL_NO": 590700002,
        "PARCELID": "590700002",
        "PARCELID_LABEL": "59:070:0002",
        "OWNER_NAME": "COOK, MARY N & RICHARD W (ET AL)",
        "CARE_NAME": null,
        "ACREAGE": 39.30816,
        "SITE_FULL_ADDRESS": "CEDAR FORT, UT",
        "SITE_HOUSE_NUM": " ",
        "SITE_PRE_DIR": null,
        "SITE_STREET_NAME": null,
        "SITE_STREET_TYPE": null,
        "SITE_POST_DIR": null,
        "SITE_STREET_UNIT": null,
        "SITE_CITY": "CEDAR FORT",
        "SITE_STATE": "UT",
        "SITE_ZIP5": "84013",
        "OWN_FULL_ADDRESS": "2535 E 1700 S  SALT LAKE CITY, UT 84108",
        "OWN_STREET_ADDRESS": "2535 E 1700 S",
        "OWN_CITY": "SALT LAKE CITY",
        "OWN_STATE": "UT",
        "OWN_ZIP5": "84108",
        "VESTING_DOC": "24178-2025 (MORE)",
        "PARCEL_CREATE_DATE": 347068800000,
        "MAP_FILING_NO": null,
        "SUB_NAME": null,
        "LEGAL_DESCR": "ALL OF LOT 1 SEC. 2, T6S, R3W, SLB&M. AREA 30.372 AC. ALSO E 3/4 OF N 1/4 OF LOT 3 AND N 1/4 OF LOT 2, SEC. 1, T6S, R3W, SLB&M. LESS THAT PORTION OF SAID LOT 2 IN CEDAR FORT CITY PARCEL. AREA 8.937 AC. TOTAL AREA 39.308 AC.",
        "BOOK_PAGE": 59070,
        "LOT": "1",
        "BUILDING": null,
        "UNIT": null,
        "TAX_DISTRICT": "050",
        "TAX_DISTRICT_DESCR": "CEDAR FORT CITY",
        "SCHOOL_DISTRICT": "ALPINE",
        "TAXABLE_CODE": 100,
        "ACCOUNT_TYPE": "RESIDENTIAL",
        "PROP_TYPE": 900,
        "PROP_TYPE_DESCR": "VACANT",
        "SPECIFIC_PROP_TYPE": 901,
        "SPC_PROP_TYP_DESCR": "Vac Res",
        "NEIGHBORHOOD": "121",
        "NBHD_DISTRICT": "802",
        "LAND_DISTRICT": 8001,
        "ECONOMIC_UNIT": null,
        "GLA_WEIGHTED_YRBLT": null,
        "TOTAL_ABOVE_GRADE_AREA": null,
        "TOTAL_MEZZANINE": null,
        "TOTAL_BASEMENT": null,
        "TOTAL_BSMT_FINISH": null,
        "TOTAL_UNIT_COUNT": null,
        "TOTAL_IMP_COUNT": null,
        "ASMT_YEAR": 2026,
        "ASMT_CODE": "V",
        "ASMT_CODE_DESCR": "VACANT",
        "MKT_LAND_VALUE": 62000,
        "MKT_LAND_RES": 0,
        "MKT_LAND_AGR": 62000,
        "MKT_LAND_COM": 0,
        "MKT_IMP_VALUE": 0,
        "MKT_IMP_RES": 0,
        "MKT_IMP_AGR": 0,
        "MKT_IMP_COM": 0,
        "MKT_CUR_VALUE": 62000,
        "MKT_PRV_VAL": 62000,
        "MKT_VAL_YR_CHG": 0,
        "MKT_PCT_CHG": 0,
        "TXBL_CUR_VALUE": 550,
        "TXBL_PRV_VAL": 550,
        "TXBL_VAL_YR_CHG": 0,
        "TXBL_PCT_CHG": 0,
        "TOT_CUR_TAXES": 0,
        "TOT_PRV_TAXES": 0,
        "TAXES_YR_CHG": 0,
        "TAXES_PCT_CHG": 0,
        "GREENBELT": "GB",
        "EXEMPT_RES": "N",
        "COMMON_AREA": null,
        "PUBLIC_ROAD": null,
        "PRIVATE_ROAD": null,
        "PART_CENTRAL_ASSD": null,
        "PART_TAXABLE": null,
        "IMP_NO_RES": null,
        "COST_GROUP_RES": null,
        "STYLE_DESCR_RES": null,
        "QUALITY_RES": null,
        "QUALITY_DESCR_RES": null,
        "CONDITION_RES": null,
        "CONDITION_DESCR_RES": null,
        "YEARBLT_RES": null,
        "GLA_RES": null,
        "BASEMENT_RES": null,
        "BSMT_FINISH_RES": null,
        "ATT_GARAGE_SQFT_RES": null,
        "BATHROOMS_RES": null,
        "GLA_BEDROOMS_RES": null,
        "EXTERIOR_RES": null,
        "ALLOCATION_PCT_RES": null,
        "TRAV_COUNT": 2,
        "LASTUPDATE": null,
        "CREATED_DATE": 1712330344000,
        "LAST_EDITED_DATE": 1712330533000,
        "GLOBALID": "{3136A28A-E5EE-403C-ABB4-DDE768F1D0B8}",
        "Join_Count_12": 0,
        "TARGET_FID_12": 7874,
        "Code": null,
        "Desc_Cleaned": "Residential Agricultural",
        "Description": "Mining and Grazing (40 Acres)",
        "City": null,
        "Description_detailed": null,
        "Desc": null,
        "Acres": null,
        "CityLU": "MG-40",
        "Unit_Rate": 40,
        "Parcel_Area": 36143,
        "PctDeveloped": null,
        "Slope_Score": 0,
        "GP_Score": 6,
        "Ownership_Type": "Private",
        "Ownership_Score": 10,
        "Wetlands_Score": 0,
        "Municipality_Score": 10,
        "Final_Score": 6.1,
        "OBJECTID_12": 7872,
        "Join_Count_12_13": 0,
        "TARGET_FID_12_13": 7874,
        "Area": null,
        "Shape_Length_12": null,
        "Shape_Area_12": null,
        "STATUS": null,
        "CARTOCODE": null,
        "FULLNAME": null,
        "FROMADDR_L": null,
        "TOADDR_L": null,
        "FROMADDR_R": null,
        "TOADDR_R": null,
        "PARITY_L": null,
        "PARITY_R": null,
        "PREDIR": null,
        "NAME": null,
        "POSTTYPE": null,
        "POSTDIR": null,
        "AN_NAME": null,
        "AN_POSTDIR": null,
        "A1_PREDIR": null,
        "A1_NAME": null,
        "A1_POSTTYP": null,
        "A1_POSTDIR": null,
        "A2_PREDIR": null,
        "A2_NAME": null,
        "A2_POSTTYP": null,
        "A2_POSTDIR": null,
        "QUADRANT_L": null,
        "QUADRANT_R": null,
        "STATE_L": null,
        "STATE_R": null,
        "COUNTY_L": null,
        "COUNTY_R": null,
        "ADDRSYS_L": null,
        "ADDRSYS_R": null,
        "POSTCOMM_L": null,
        "POSTCOMM_R": null,
        "ZIPCODE_L": null,
        "ZIPCODE_R": null,
        "INCMUNI_L": null,
        "INCMUNI_R": null,
        "UNINCCOM_L": null,
        "UNINCCOM_R": null,
        "NBRHDCOM_L": null,
        "NBRHDCOM_R": null,
        "ER_CAD_ZON": null,
        "ESN_L": null,
        "ESN_R": null,
        "MSAGCOMM_L": null,
        "MSAGCOMM_R": null,
        "ONEWAY": null,
        "VERT_LEVEL": null,
        "SPEED_LMT": null,
        "ACCESSCODE": null,
        "DOT_HWYNAM": null,
        "DOT_RTNAME": null,
        "DOT_RTPART": null,
        "DOT_F_MILE": null,
        "DOT_T_MILE": null,
        "DOT_FCLASS": null,
        "DOT_SRFTYP": null,
        "DOT_CLASS": null,
        "DOT_OWN_L": null,
        "DOT_OWN_R": null,
        "DOT_AADT": null,
        "DOT_AADTYR": null,
        "DOT_THRULA": null,
        "BIKE_L": null,
        "BIKE_R": null,
        "UNIQUE_ID": null,
        "LOCAL_UID": null,
        "UTAHRD_UID": null,
        "SOURCE": null,
        "UPDATED": null,
        "EFFECTIVE": null,
        "EXPIRE": null,
        "CUSTOMTAGS": null,
        "Shape_STLe": null,
        "START_ELEV": null,
        "END_ELEV": null,
        "STEL_FT": null,
        "ENDEL_FT": null,
        "ELEV_CHANGE": null,
        "SLOPE": null,
        "IMP_NO_12": null,
        "USE_CODE_12": null,
        "USE_CODE_DESCR_12": null,
        "COST_CLASS_DESCR_12": null,
        "EXTERIOR_WALL_12": null,
        "ABOVE_GRADE_AREA_12": null,
        "MEZZANINE_12": null,
        "BASEMENT_12": null,
        "BSMT_FINISH_12": null,
        "BSMT_UNFINISH_12": null,
        "QUALITY_DESCR_12": null,
        "CONDITION_12": null,
        "CONDITION_DESCR_12": null,
        "YEAR_BUILT_12": null,
        "UNIT_COUNT_12": null,
        "PCT_COMPLETE_12": null,
        "ALLOCATION_PCT_12": null,
        "IMP_NO_23": null,
        "USE_CODE_23": null,
        "USE_CODE_DESCR_23": null,
        "COST_CLASS_DESCR_23": null,
        "EXTERIOR_WALL_23": null,
        "ABOVE_GRADE_AREA_23": null,
        "MEZZANINE_23": null,
        "BASEMENT_23": null,
        "BSMT_FINISH_23": null,
        "BSMT_UNFINISH_23": null,
        "QUALITY_DESCR_23": null,
        "CONDITION_23": null,
        "CONDITION_DESCR_23": null,
        "YEAR_BUILT_23": null,
        "UNIT_COUNT_23": null,
        "PCT_COMPLETE_23": null,
        "ALLOCATION_PCT_23": null,
        "Entry": 24178,
        "Year": 2025,
        "Record_Date": "2025-04-04",
        "Grantor": "COOK, RICHARD ERNEST AKA COOK, RICHARD E DEC RICHARD E COOK TRUST 03-27-1978 AS AMD AND RESTATED 02-11-1992 AKA RICHARD E COOK REVOCABLE TRUST 03-27-1978 AS AMD",
        "Grantee": "COOK, MARY N SUCTEE COOK, RICHARD W SUCTEE RICHARD E COOK TRUST 03-27-1978 AS AMD AND RESTATED 02-11-1992 AKA RICHARD E COOK REVOCABLE TRUST 03-27-1978 AS AMD",
        "Tax_Address": "2535 E 1700 S SALT LAKE CITY, UT 84108",
        "Serial_Number": "59:070:0002",
        "Serial_Number_Available": "Yes",
        "Detail_URL": "https://www.utahcounty.gov/LandRecords/document.asp?avEntry=24178&avYear=2025",
        "Document_Type": "AF DC",
        "Shape_Length_12_13": 5153.796124844892,
        "Shape_Area_12_13": 389038.6258201531,
        "DocType": "AFDC",
        "Shape_Length": 0.018083243336887506,
        "Shape_Area": 3.8307849165077e-06
      }
    },
    {
      "type": "Feature",
      "id": 67,
      "geometry": {
        "type": "Polygon",
        "coordinates": [
          [
            [
              -112.09833758399998,
              40.32482881100003
            ],
            [
              -112.09745000099997,
              40.32481901700004
            ],
            [
              -112.09744470299995,
              40.32488692700008
            ],
            [
              -112.09744394299997,
              40.32540606500004
            ],
            [
              -112.09738118199999,
              40.325411847000055
            ],
            [
              -112.09736482499994,
              40.32661210800006
            ],
            [
              -112.09732978199997,
              40.328625499000054
            ],
            [
              -112.09828404899997,
              40.32863508600008
            ],
            [
              -112.09833758399998,
              40.32482881100003
            ]
          ]
        ]
      },
      "properties": {
        "OBJECTID": 67,
        "Join_Count": 1,
        "TARGET_FID": 11008214,
        "PARCEL_NO": 590370111,
        "PARCELID": "590370111",
        "PARCELID_LABEL": "59:037:0111",
        "OWNER_NAME": "RICHMOND, BRET & ALISHA",
        "CARE_NAME": null,
        "ACREAGE": 8.352,
        "SITE_FULL_ADDRESS": "420 E 100 NORTH, CEDAR FORT, UT",
        "SITE_HOUSE_NUM": "420",
        "SITE_PRE_DIR": "E",
        "SITE_STREET_NAME": "100 NORTH",
        "SITE_STREET_TYPE": null,
        "SITE_POST_DIR": null,
        "SITE_STREET_UNIT": null,
        "SITE_CITY": "CEDAR FORT",
        "SITE_STATE": "UT",
        "SITE_ZIP5": "84013",
        "OWN_FULL_ADDRESS": "420 E 100 N  CEDAR FORT, UT 84013",
        "OWN_STREET_ADDRESS": "420 E 100 N",
        "OWN_CITY": "CEDAR FORT",
        "OWN_STATE": "UT",
        "OWN_ZIP5": "84013",
        "VESTING_DOC": "50177-2022",
        "PARCEL_CREATE_DATE": 1150070400000,
        "MAP_FILING_NO": null,
        "SUB_NAME": null,
        "LEGAL_DESCR": "COM S 929.5 FT & E 782.09 FT FR W 1/4 COR. SEC. 5, T6S, R2W, SLB&M.; N 1 DEG 0' 0\" E 1387.06 FT; S 88 DEG 51' 54\" E 266.15 FT; S 1 DEG 8' 45\" W 733.73 FT; S 0 DEG 58' 49\" W 437.39 FT; S 83 DEG 31' 9\" W 17.63 FT; S 0 DEG 26' 49\" W 189.17 FT; S 3 DEG 48' 0\" W 24.79 FT; N 88 DEG 47' 26\" W 247.57 FT TO BEG. AREA 8.352 AC.",
        "BOOK_PAGE": 59037,
        "LOT": null,
        "BUILDING": null,
        "UNIT": null,
        "TAX_DISTRICT": "050",
        "TAX_DISTRICT_DESCR": "CEDAR FORT CITY",
        "SCHOOL_DISTRICT": "ALPINE",
        "TAXABLE_CODE": 100,
        "ACCOUNT_TYPE": "RESIDENTIAL",
        "PROP_TYPE": 111,
        "PROP_TYPE_DESCR": "SINGLE FAMILY RES",
        "SPECIFIC_PROP_TYPE": 111,
        "SPC_PROP_TYP_DESCR": "Single Family Res",
        "NEIGHBORHOOD": "103",
        "NBHD_DISTRICT": "825",
        "LAND_DISTRICT": 8037,
        "ECONOMIC_UNIT": null,
        "GLA_WEIGHTED_YRBLT": 2017.5,
        "TOTAL_ABOVE_GRADE_AREA": 2805,
        "TOTAL_MEZZANINE": 0,
        "TOTAL_BASEMENT": 1563,
        "TOTAL_BSMT_FINISH": 0,
        "TOTAL_UNIT_COUNT": 1,
        "TOTAL_IMP_COUNT": 2,
        "ASMT_YEAR": 2026,
        "ASMT_CODE": "RPO",
        "ASMT_CODE_DESCR": "RP PLUS ACREAGE",
        "MKT_LAND_VALUE": 412300,
        "MKT_LAND_RES": 168800,
        "MKT_LAND_AGR": 243500,
        "MKT_LAND_COM": 0,
        "MKT_IMP_VALUE": 365600,
        "MKT_IMP_RES": 365600,
        "MKT_IMP_AGR": 0,
        "MKT_IMP_COM": 0,
        "MKT_CUR_VALUE": 777900,
        "MKT_PRV_VAL": 777900,
        "MKT_VAL_YR_CHG": 0,
        "MKT_PCT_CHG": 0,
        "TXBL_CUR_VALUE": 251314,
        "TXBL_PRV_VAL": 251314,
        "TXBL_VAL_YR_CHG": 0,
        "TXBL_PCT_CHG": 0,
        "TOT_CUR_TAXES": 0,
        "TOT_PRV_TAXES": 0,
        "TAXES_YR_CHG": 0,
        "TAXES_PCT_CHG": 0,
        "GREENBELT": "GB",
        "EXEMPT_RES": "Y",
        "COMMON_AREA": null,
        "PUBLIC_ROAD": null,
        "PRIVATE_ROAD": null,
        "PART_CENTRAL_ASSD": null,
        "PART_TAXABLE": null,
        "IMP_NO_RES": 237262,
        "COST_GROUP_RES": "SFR",
        "STYLE_DESCR_RES": "One Story",
        "QUALITY_RES": 3,
        "QUALITY_DESCR_RES": "Average",
        "CONDITION_RES": 3,
        "CONDITION_DESCR_RES": "Average",
        "YEARBLT_RES": 2015,
        "GLA_RES": 1542,
        "BASEMENT_RES": 1563,
        "BSMT_FINISH_RES": 0,
        "ATT_GARAGE_SQFT_RES": 675,
        "BATHROOMS_RES": 2,
        "GLA_BEDROOMS_RES": 3,
        "EXTERIOR_RES": "Stucco or Cement Fiber Siding",
        "ALLOCATION_PCT_RES": null,
        "TRAV_COUNT": 1,
        "LASTUPDATE": null,
        "CREATED_DATE": 1712330344000,
        "LAST_EDITED_DATE": 1712330533000,
        "GLOBALID": "{D9CDBB3B-FEAF-41D7-9CA2-BF41021024CA}",
        "Join_Count_12": 1,
        "TARGET_FID_12": 7909,
        "Code": null,
        "Desc_Cleaned": "Residential Agricultural",
        "Description": "Residential Agricultural Zone (4 Acres)",
        "City": null,
        "Description_detailed": null,
        "Desc": null,
        "Acres": null,
        "CityLU": "RA-4",
        "Unit_Rate": 4,
        "Parcel_Area": 33779,
        "PctDeveloped": 1,
        "Slope_Score": 10,
        "GP_Score": 6,
        "Ownership_Type": "Private",
        "Ownership_Score": 10,
        "Wetlands_Score": 10,
        "Municipality_Score": 10,
        "Final_Score": 8.6,
        "OBJECTID_12": 7907,
        "Join_Count_12_13": 1,
        "TARGET_FID_12_13": 7909,
        "Area": 262,
        "Shape_Length_12": 224.1797015568502,
        "Shape_Area_12": 2820.3875850922277,
        "STATUS": " ",
        "CARTOCODE": "11",
        "FULLNAME": "100 N",
        "FROMADDR_L": 201,
        "TOADDR_L": 999,
        "FROMADDR_R": 200,
        "TOADDR_R": 998,
        "PARITY_L": " ",
        "PARITY_R": " ",
        "PREDIR": "E",
        "NAME": "100",
        "POSTTYPE": " ",
        "POSTDIR": "N",
        "AN_NAME": " ",
        "AN_POSTDIR": " ",
        "A1_PREDIR": " ",
        "A1_NAME": " ",
        "A1_POSTTYP": " ",
        "A1_POSTDIR": " ",
        "A2_PREDIR": " ",
        "A2_NAME": " ",
        "A2_POSTTYP": " ",
        "A2_POSTDIR": " ",
        "QUADRANT_L": "NE",
        "QUADRANT_R": "NE",
        "STATE_L": "UT",
        "STATE_R": "UT",
        "COUNTY_L": "49049",
        "COUNTY_R": "49049",
        "ADDRSYS_L": "Cedar Fort",
        "ADDRSYS_R": "Cedar Fort",
        "POSTCOMM_L": "CEDAR VALLEY",
        "POSTCOMM_R": "CEDAR VALLEY",
        "ZIPCODE_L": "84013",
        "ZIPCODE_R": "84013",
        "INCMUNI_L": "CEDAR FORT",
        "INCMUNI_R": "CEDAR FORT",
        "UNINCCOM_L": " ",
        "UNINCCOM_R": " ",
        "NBRHDCOM_L": " ",
        "NBRHDCOM_R": " ",
        "ER_CAD_ZON": " ",
        "ESN_L": " ",
        "ESN_R": " ",
        "MSAGCOMM_L": " ",
        "MSAGCOMM_R": " ",
        "ONEWAY": "0",
        "VERT_LEVEL": "0",
        "SPEED_LMT": 25,
        "ACCESSCODE": " ",
        "DOT_HWYNAM": " ",
        "DOT_RTNAME": " ",
        "DOT_RTPART": " ",
        "DOT_F_MILE": 0,
        "DOT_T_MILE": 0,
        "DOT_FCLASS": " ",
        "DOT_SRFTYP": " ",
        "DOT_CLASS": "C",
        "DOT_OWN_L": "MU Cedar Fort",
        "DOT_OWN_R": "MU Cedar Fort",
        "DOT_AADT": 0,
        "DOT_AADTYR": " ",
        "DOT_THRULA": 0,
        "BIKE_L": " ",
        "BIKE_R": " ",
        "UNIQUE_ID": "12TVK07216480_100_N",
        "LOCAL_UID": " ",
        "UTAHRD_UID": " ",
        "SOURCE": " ",
        "UPDATED": 1486425600000,
        "EFFECTIVE": null,
        "EXPIRE": null,
        "CUSTOMTAGS": " ",
        "Shape_STLe": 1709.06032841,
        "START_ELEV": 1547.1134033203125,
        "END_ELEV": 1512.888427734375,
        "STEL_FT": 5075.831538149414,
        "ENDEL_FT": 4963.544869248047,
        "ELEV_CHANGE": 112.2866689013672,
        "SLOPE": 2.0021046695567977,
        "IMP_NO_12": null,
        "USE_CODE_12": null,
        "USE_CODE_DESCR_12": null,
        "COST_CLASS_DESCR_12": null,
        "EXTERIOR_WALL_12": null,
        "ABOVE_GRADE_AREA_12": null,
        "MEZZANINE_12": null,
        "BASEMENT_12": null,
        "BSMT_FINISH_12": null,
        "BSMT_UNFINISH_12": null,
        "QUALITY_DESCR_12": null,
        "CONDITION_12": null,
        "CONDITION_DESCR_12": null,
        "YEAR_BUILT_12": null,
        "UNIT_COUNT_12": null,
        "PCT_COMPLETE_12": null,
        "ALLOCATION_PCT_12": null,
        "IMP_NO_23": null,
        "USE_CODE_23": null,
        "USE_CODE_DESCR_23": null,
        "COST_CLASS_DESCR_23": null,
        "EXTERIOR_WALL_23": null,
        "ABOVE_GRADE_AREA_23": null,
        "MEZZANINE_23": null,
        "BASEMENT_23": null,
        "BSMT_FINISH_23": null,
        "BSMT_UNFINISH_23": null,
        "QUALITY_DESCR_23": null,
        "CONDITION_23": null,
        "CONDITION_DESCR_23": null,
        "YEAR_BUILT_23": null,
        "UNIT_COUNT_23": null,
        "PCT_COMPLETE_23": null,
        "ALLOCATION_PCT_23": null,
        "Entry": 42819,
        "Year": 2025,
        "Record_Date": "2025-06-10",
        "Grantor": "PETERSON, PAUL DEC",
        "Grantee": "WHOM OF INTEREST",
        "Tax_Address": "1019 N TIMPVIEW DR AMERICAN FORK, UT 84003",
        "Serial_Number": "59:037:0043",
        "Serial_Number_Available": "Yes",
        "Detail_URL": "https://www.utahcounty.gov/LandRecords/document.asp?avEntry=42819&avYear=2025",
        "Document_Type": "AF DC",
        "Shape_Length_12_13": 2064.0336107894304,
        "Shape_Area_12_13": 218219.95816854358,
        "DocType": "AFDC",
        "Shape_Length": 0.009512953725223408,
        "Shape_Area": 3.5799566191100015e-06
      }
    },
    {
      "type": "Feature",
      "id": 68,
      "geometry": {
        "type": "Polygon",
        "coordinates": [
          [
            [
              -112.08709751899994,
              40.32855562900005
            ],
            [
              -112.08709779999998,
              40.32855567200005
            ],
            [
              -112.08832132199996,
              40.32855753600006
            ],
            [
              -112.08834330799999,
              40.32485469100004
            ],
            [
              -112.08834804799994,
              40.32395855300007
            ],
            [
              -112.08731969099995,
              40.32394396500007
            ],
            [
              -112.08716615799995,
              40.323905997000054
            ],
            [
              -112.08716567599998,
              40.323967303000074
            ],
            [
              -112.08709751899994,
              40.32855562900005
            ]
          ]
        ]
      },
      "properties": {
        "OBJECTID": 68,
        "Join_Count": 1,
        "TARGET_FID": 11008313,
        "PARCEL_NO": 590370113,
        "PARCELID": "590370113",
        "PARCELID_LABEL": "59:037:0113",
        "OWNER_NAME": "NOLAND, TANYA M (ET AL)",
        "CARE_NAME": null,
        "ACREAGE": 12.937000000000001,
        "SITE_FULL_ADDRESS": "862 E 100 NORTH, CEDAR FORT, UT",
        "SITE_HOUSE_NUM": "862",
        "SITE_PRE_DIR": "E",
        "SITE_STREET_NAME": "100 NORTH",
        "SITE_STREET_TYPE": null,
        "SITE_POST_DIR": null,
        "SITE_STREET_UNIT": null,
        "SITE_CITY": "CEDAR FORT",
        "SITE_STATE": "UT",
        "SITE_ZIP5": "84013",
        "OWN_FULL_ADDRESS": "PO BOX 243  CEDAR FORT, UT 84013",
        "OWN_STREET_ADDRESS": "PO BOX 243",
        "OWN_CITY": "CEDAR FORT",
        "OWN_STATE": "UT",
        "OWN_ZIP5": "84013",
        "VESTING_DOC": "24561-2025",
        "PARCEL_CREATE_DATE": 1202688000000,
        "MAP_FILING_NO": null,
        "SUB_NAME": null,
        "LEGAL_DESCR": "COM N 403.97 FT & W 1367.72 FT FR E 1/4 COR. SEC. 5, T6S, R2W, SLB&M.; S 1 DEG 1' 39\" W 1672.07 FT; S 0 DEG 43' 14\" W 22.34 FT; N 71 DEG 43' 4\" W 45 FT; N 88 DEG 33' 42\" W 286.86 FT; N 0 DEG 36' 32\" E 326.55 FT; N 0 DEG 38' 14\" E 1349.31 FT; S 89 DEG 30' 34\" E 341.22 FT; S 76 DEG 46' 59\" E .08 FT TO BEG. AREA 12.937 AC.",
        "BOOK_PAGE": 59037,
        "LOT": null,
        "BUILDING": null,
        "UNIT": null,
        "TAX_DISTRICT": "050",
        "TAX_DISTRICT_DESCR": "CEDAR FORT CITY",
        "SCHOOL_DISTRICT": "ALPINE",
        "TAXABLE_CODE": 100,
        "ACCOUNT_TYPE": "RESIDENTIAL",
        "PROP_TYPE": 111,
        "PROP_TYPE_DESCR": "SINGLE FAMILY RES",
        "SPECIFIC_PROP_TYPE": 111,
        "SPC_PROP_TYP_DESCR": "Single Family Res",
        "NEIGHBORHOOD": "103",
        "NBHD_DISTRICT": "825",
        "LAND_DISTRICT": 8037,
        "ECONOMIC_UNIT": null,
        "GLA_WEIGHTED_YRBLT": 2018.3,
        "TOTAL_ABOVE_GRADE_AREA": 8085,
        "TOTAL_MEZZANINE": 0,
        "TOTAL_BASEMENT": 4099,
        "TOTAL_BSMT_FINISH": 4099,
        "TOTAL_UNIT_COUNT": 1,
        "TOTAL_IMP_COUNT": 2,
        "ASMT_YEAR": 2026,
        "ASMT_CODE": "RPO",
        "ASMT_CODE_DESCR": "RP PLUS ACREAGE",
        "MKT_LAND_VALUE": 564300,
        "MKT_LAND_RES": 168800,
        "MKT_LAND_AGR": 395500,
        "MKT_LAND_COM": 0,
        "MKT_IMP_VALUE": 1086700,
        "MKT_IMP_RES": 1086700,
        "MKT_IMP_AGR": 0,
        "MKT_IMP_COM": 0,
        "MKT_CUR_VALUE": 1651000,
        "MKT_PRV_VAL": 1651000,
        "MKT_VAL_YR_CHG": 0,
        "MKT_PCT_CHG": 0,
        "TXBL_CUR_VALUE": 650205,
        "TXBL_PRV_VAL": 650205,
        "TXBL_VAL_YR_CHG": 0,
        "TXBL_PCT_CHG": 0,
        "TOT_CUR_TAXES": 0,
        "TOT_PRV_TAXES": 0,
        "TAXES_YR_CHG": 0,
        "TAXES_PCT_CHG": 0,
        "GREENBELT": "GB",
        "EXEMPT_RES": "Y",
        "COMMON_AREA": null,
        "PUBLIC_ROAD": null,
        "PRIVATE_ROAD": null,
        "PART_CENTRAL_ASSD": null,
        "PART_TAXABLE": null,
        "IMP_NO_RES": 237267,
        "COST_GROUP_RES": "SFR",
        "STYLE_DESCR_RES": "One Story",
        "QUALITY_RES": 4,
        "QUALITY_DESCR_RES": "Good",
        "CONDITION_RES": 3,
        "CONDITION_DESCR_RES": "Average",
        "YEARBLT_RES": 2017,
        "GLA_RES": 2518,
        "BASEMENT_RES": 4099,
        "BSMT_FINISH_RES": 4099,
        "ATT_GARAGE_SQFT_RES": 1367,
        "BATHROOMS_RES": 4,
        "GLA_BEDROOMS_RES": 3,
        "EXTERIOR_RES": "Stucco or Cement Fiber Siding",
        "ALLOCATION_PCT_RES": null,
        "TRAV_COUNT": 1,
        "LASTUPDATE": null,
        "CREATED_DATE": 1712330344000,
        "LAST_EDITED_DATE": 1712330533000,
        "GLOBALID": "{59AC1191-C32B-49EA-A7FB-AFB49F9CF026}",
        "Join_Count_12": 1,
        "TARGET_FID_12": 7951,
        "Code": null,
        "Desc_Cleaned": "Residential Agricultural",
        "Description": "Residential Agricultural Zone (5 Acres)",
        "City": null,
        "Description_detailed": null,
        "Desc": null,
        "Acres": null,
        "CityLU": "RA-5",
        "Unit_Rate": 5,
        "Parcel_Area": 52324,
        "PctDeveloped": 1,
        "Slope_Score": 10,
        "GP_Score": 6,
        "Ownership_Type": "Private",
        "Ownership_Score": 10,
        "Wetlands_Score": 0,
        "Municipality_Score": 10,
        "Final_Score": 7.6,
        "OBJECTID_12": 7949,
        "Join_Count_12_13": 2,
        "TARGET_FID_12_13": 7951,
        "Area": 447,
        "Shape_Length_12": 297.9167270064354,
        "Shape_Area_12": 4812.82694574253,
        "STATUS": " ",
        "CARTOCODE": "11",
        "FULLNAME": "100 N",
        "FROMADDR_L": 201,
        "TOADDR_L": 999,
        "FROMADDR_R": 200,
        "TOADDR_R": 998,
        "PARITY_L": " ",
        "PARITY_R": " ",
        "PREDIR": "E",
        "NAME": "100",
        "POSTTYPE": " ",
        "POSTDIR": "N",
        "AN_NAME": " ",
        "AN_POSTDIR": " ",
        "A1_PREDIR": " ",
        "A1_NAME": " ",
        "A1_POSTTYP": " ",
        "A1_POSTDIR": " ",
        "A2_PREDIR": " ",
        "A2_NAME": " ",
        "A2_POSTTYP": " ",
        "A2_POSTDIR": " ",
        "QUADRANT_L": "NE",
        "QUADRANT_R": "NE",
        "STATE_L": "UT",
        "STATE_R": "UT",
        "COUNTY_L": "49049",
        "COUNTY_R": "49049",
        "ADDRSYS_L": "Cedar Fort",
        "ADDRSYS_R": "Cedar Fort",
        "POSTCOMM_L": "CEDAR VALLEY",
        "POSTCOMM_R": "CEDAR VALLEY",
        "ZIPCODE_L": "84013",
        "ZIPCODE_R": "84013",
        "INCMUNI_L": "CEDAR FORT",
        "INCMUNI_R": "CEDAR FORT",
        "UNINCCOM_L": " ",
        "UNINCCOM_R": " ",
        "NBRHDCOM_L": " ",
        "NBRHDCOM_R": " ",
        "ER_CAD_ZON": " ",
        "ESN_L": " ",
        "ESN_R": " ",
        "MSAGCOMM_L": " ",
        "MSAGCOMM_R": " ",
        "ONEWAY": "0",
        "VERT_LEVEL": "0",
        "SPEED_LMT": 25,
        "ACCESSCODE": " ",
        "DOT_HWYNAM": " ",
        "DOT_RTNAME": " ",
        "DOT_RTPART": " ",
        "DOT_F_MILE": 0,
        "DOT_T_MILE": 0,
        "DOT_FCLASS": " ",
        "DOT_SRFTYP": " ",
        "DOT_CLASS": "C",
        "DOT_OWN_L": "MU Cedar Fort",
        "DOT_OWN_R": "MU Cedar Fort",
        "DOT_AADT": 0,
        "DOT_AADTYR": " ",
        "DOT_THRULA": 0,
        "BIKE_L": " ",
        "BIKE_R": " ",
        "UNIQUE_ID": "12TVK07216480_100_N",
        "LOCAL_UID": " ",
        "UTAHRD_UID": " ",
        "SOURCE": " ",
        "UPDATED": 1486425600000,
        "EFFECTIVE": null,
        "EXPIRE": null,
        "CUSTOMTAGS": " ",
        "Shape_STLe": 1709.06032841,
        "START_ELEV": 1547.1134033203125,
        "END_ELEV": 1512.888427734375,
        "STEL_FT": 5075.831538149414,
        "ENDEL_FT": 4963.544869248047,
        "ELEV_CHANGE": 112.2866689013672,
        "SLOPE": 2.0021046695567977,
        "IMP_NO_12": 320217,
        "USE_CODE_12": 102,
        "USE_CODE_DESCR_12": "Barn (General)",
        "COST_CLASS_DESCR_12": "S - Metal",
        "EXTERIOR_WALL_12": null,
        "ABOVE_GRADE_AREA_12": 4200,
        "MEZZANINE_12": 0,
        "BASEMENT_12": 0,
        "BSMT_FINISH_12": 0,
        "BSMT_UNFINISH_12": 0,
        "QUALITY_DESCR_12": "Low",
        "CONDITION_12": 3,
        "CONDITION_DESCR_12": "Average",
        "YEAR_BUILT_12": 2019,
        "UNIT_COUNT_12": null,
        "PCT_COMPLETE_12": 1,
        "ALLOCATION_PCT_12": null,
        "IMP_NO_23": null,
        "USE_CODE_23": null,
        "USE_CODE_DESCR_23": null,
        "COST_CLASS_DESCR_23": null,
        "EXTERIOR_WALL_23": null,
        "ABOVE_GRADE_AREA_23": null,
        "MEZZANINE_23": null,
        "BASEMENT_23": null,
        "BSMT_FINISH_23": null,
        "BSMT_UNFINISH_23": null,
        "QUALITY_DESCR_23": null,
        "CONDITION_23": null,
        "CONDITION_DESCR_23": null,
        "YEAR_BUILT_23": null,
        "UNIT_COUNT_23": null,
        "PCT_COMPLETE_23": null,
        "ALLOCATION_PCT_23": null,
        "Entry": 24560,
        "Year": 2025,
        "Record_Date": "2025-04-07",
        "Grantor": "NOLAND, DOUGLAS WELDON AKA NOLAND, DOUGLAS DEC DOUGLAS AND TANYA NOLAND FAMILY LIVING TRUST THE",
        "Grantee": "NOLAND, TANYA M SUCTEE DOUGLAS AND TANYA NOLAND FAMILY LIVING TRUST THE",
        "Tax_Address": "862 E 100 N CEDAR FORT, UT 84013",
        "Serial_Number": "59:037:0113",
        "Serial_Number_Available": "Yes",
        "Detail_URL": "https://www.utahcounty.gov/LandRecords/document.asp?avEntry=24560&avYear=2025",
        "Document_Type": "AF DC",
        "Shape_Length_12_13": 4042.1946999077904,
        "Shape_Area_12_13": 563211.3606662258,
        "DocType": "AFDC",
        "Shape_Length": 0.01165962704147762,
        "Shape_Area": 5.5453462140064665e-06
      }
    },
    {
      "type": "Feature",
      "id": 69,
      "geometry": {
        "type": "Polygon",
        "coordinates": [
          [
            [
              -112.08832133399994,
              40.32855755500003
            ],
            [
              -112.08838767099996,
              40.32855766000006
            ],
            [
              -112.08942275999999,
              40.32856017300003
            ],
            [
              -112.08943237999995,
              40.32852305200004
            ],
            [
              -112.08946469699998,
              40.328521127000045
            ],
            [
              -112.08951955299995,
              40.32486200900007
            ],
            [
              -112.08834331899999,
              40.32485470300003
            ],
            [
              -112.08832133399994,
              40.32855755500003
            ]
          ]
        ]
      },
      "properties": {
        "OBJECTID": 69,
        "Join_Count": 1,
        "TARGET_FID": 11008314,
        "PARCEL_NO": 590370114,
        "PARCELID": "590370114",
        "PARCELID_LABEL": "59:037:0114",
        "OWNER_NAME": "ASHLEY, ANDREA & JASON E",
        "CARE_NAME": null,
        "ACREAGE": 10.008000000000001,
        "SITE_FULL_ADDRESS": "822 E 100 NORTH, CEDAR FORT, UT",
        "SITE_HOUSE_NUM": "822",
        "SITE_PRE_DIR": "E",
        "SITE_STREET_NAME": "100 NORTH",
        "SITE_STREET_TYPE": null,
        "SITE_POST_DIR": null,
        "SITE_STREET_UNIT": null,
        "SITE_CITY": "CEDAR FORT",
        "SITE_STATE": "UT",
        "SITE_ZIP5": "84013",
        "OWN_FULL_ADDRESS": "PO BOX 87  CEDAR VALLEY, UT 84013",
        "OWN_STREET_ADDRESS": "PO BOX 87",
        "OWN_CITY": "CEDAR VALLEY",
        "OWN_STATE": "UT",
        "OWN_ZIP5": "84013",
        "VESTING_DOC": "126544-2021",
        "PARCEL_CREATE_DATE": 1202688000000,
        "MAP_FILING_NO": null,
        "SUB_NAME": null,
        "LEGAL_DESCR": "COM N 406.91 FT & W 1709.01 FT FR E 1/4 COR. SEC. 5, T6S, R2W, SLB&M.; S 0 DEG 38' 14\" W 1349.31 FT; N 89 DEG 9' 28\" W 328.06 FT; N 1 DEG 2' 6\" E 1333.45 FT; N 85 DEG 55' 41\" E 9.04 FT; N 11 DEG 35' 45\" E 13.79 FT; S 89 DEG 26' 28\" E 288.67 FT; S 89 DEG 30' 34\" E 18.5 FT TO BEG. AREA 10.008 AC.",
        "BOOK_PAGE": 59037,
        "LOT": null,
        "BUILDING": null,
        "UNIT": null,
        "TAX_DISTRICT": "050",
        "TAX_DISTRICT_DESCR": "CEDAR FORT CITY",
        "SCHOOL_DISTRICT": "ALPINE",
        "TAXABLE_CODE": 100,
        "ACCOUNT_TYPE": "RESIDENTIAL",
        "PROP_TYPE": 111,
        "PROP_TYPE_DESCR": "SINGLE FAMILY RES",
        "SPECIFIC_PROP_TYPE": 111,
        "SPC_PROP_TYP_DESCR": "Single Family Res",
        "NEIGHBORHOOD": "103",
        "NBHD_DISTRICT": "825",
        "LAND_DISTRICT": 8037,
        "ECONOMIC_UNIT": null,
        "GLA_WEIGHTED_YRBLT": 2022.9,
        "TOTAL_ABOVE_GRADE_AREA": 6975,
        "TOTAL_MEZZANINE": 0,
        "TOTAL_BASEMENT": 2072,
        "TOTAL_BSMT_FINISH": 2072,
        "TOTAL_UNIT_COUNT": 1,
        "TOTAL_IMP_COUNT": 2,
        "ASMT_YEAR": 2026,
        "ASMT_CODE": "MRAB",
        "ASMT_CODE_DESCR": "MULTIPLE RES + AG > 1 ACRE",
        "MKT_LAND_VALUE": 466700,
        "MKT_LAND_RES": 168800,
        "MKT_LAND_AGR": 297900,
        "MKT_LAND_COM": 0,
        "MKT_IMP_VALUE": 581900,
        "MKT_IMP_RES": 509900,
        "MKT_IMP_AGR": 72000,
        "MKT_IMP_COM": 0,
        "MKT_CUR_VALUE": 1048600,
        "MKT_PRV_VAL": 1048600,
        "MKT_VAL_YR_CHG": 0,
        "MKT_PCT_CHG": 0,
        "TXBL_CUR_VALUE": 403505,
        "TXBL_PRV_VAL": 403505,
        "TXBL_VAL_YR_CHG": 0,
        "TXBL_PCT_CHG": 0,
        "TOT_CUR_TAXES": 0,
        "TOT_PRV_TAXES": 0,
        "TAXES_YR_CHG": 0,
        "TAXES_PCT_CHG": 0,
        "GREENBELT": "GB",
        "EXEMPT_RES": "Y",
        "COMMON_AREA": null,
        "PUBLIC_ROAD": null,
        "PRIVATE_ROAD": null,
        "PART_CENTRAL_ASSD": null,
        "PART_TAXABLE": null,
        "IMP_NO_RES": 10053455,
        "COST_GROUP_RES": "SFR",
        "STYLE_DESCR_RES": "One Story",
        "QUALITY_RES": 3,
        "QUALITY_DESCR_RES": "Average",
        "CONDITION_RES": 3,
        "CONDITION_DESCR_RES": "Average",
        "YEARBLT_RES": 2024,
        "GLA_RES": 2629,
        "BASEMENT_RES": 2072,
        "BSMT_FINISH_RES": 2072,
        "ATT_GARAGE_SQFT_RES": 1147,
        "BATHROOMS_RES": 3.5,
        "GLA_BEDROOMS_RES": 2,
        "EXTERIOR_RES": "Stucco or Cement Fiber Siding",
        "ALLOCATION_PCT_RES": null,
        "TRAV_COUNT": 1,
        "LASTUPDATE": null,
        "CREATED_DATE": 1712330344000,
        "LAST_EDITED_DATE": 1712330533000,
        "GLOBALID": "{9CFF4F76-85A5-489E-A0F9-30825D0BC2EC}",
        "Join_Count_12": 1,
        "TARGET_FID_12": 7952,
        "Code": null,
        "Desc_Cleaned": "Residential Agricultural",
        "Description": "Residential Agricultural Zone (5 Acres)",
        "City": null,
        "Description_detailed": null,
        "Desc": null,
        "Acres": null,
        "CityLU": "RA-5",
        "Unit_Rate": 5,
        "Parcel_Area": 40475,
        "PctDeveloped": 1,
        "Slope_Score": 10,
        "GP_Score": 6,
        "Ownership_Type": "Private",
        "Ownership_Score": 10,
        "Wetlands_Score": 0,
        "Municipality_Score": 10,
        "Final_Score": 7.6,
        "OBJECTID_12": 7950,
        "Join_Count_12_13": 3,
        "TARGET_FID_12_13": 7952,
        "Area": 207,
        "Shape_Length_12": 190.91896950205972,
        "Shape_Area_12": 2233.004614452202,
        "STATUS": " ",
        "CARTOCODE": "11",
        "FULLNAME": "100 N",
        "FROMADDR_L": 201,
        "TOADDR_L": 999,
        "FROMADDR_R": 200,
        "TOADDR_R": 998,
        "PARITY_L": " ",
        "PARITY_R": " ",
        "PREDIR": "E",
        "NAME": "100",
        "POSTTYPE": " ",
        "POSTDIR": "N",
        "AN_NAME": " ",
        "AN_POSTDIR": " ",
        "A1_PREDIR": " ",
        "A1_NAME": " ",
        "A1_POSTTYP": " ",
        "A1_POSTDIR": " ",
        "A2_PREDIR": " ",
        "A2_NAME": " ",
        "A2_POSTTYP": " ",
        "A2_POSTDIR": " ",
        "QUADRANT_L": "NE",
        "QUADRANT_R": "NE",
        "STATE_L": "UT",
        "STATE_R": "UT",
        "COUNTY_L": "49049",
        "COUNTY_R": "49049",
        "ADDRSYS_L": "Cedar Fort",
        "ADDRSYS_R": "Cedar Fort",
        "POSTCOMM_L": "CEDAR VALLEY",
        "POSTCOMM_R": "CEDAR VALLEY",
        "ZIPCODE_L": "84013",
        "ZIPCODE_R": "84013",
        "INCMUNI_L": "CEDAR FORT",
        "INCMUNI_R": "CEDAR FORT",
        "UNINCCOM_L": " ",
        "UNINCCOM_R": " ",
        "NBRHDCOM_L": " ",
        "NBRHDCOM_R": " ",
        "ER_CAD_ZON": " ",
        "ESN_L": " ",
        "ESN_R": " ",
        "MSAGCOMM_L": " ",
        "MSAGCOMM_R": " ",
        "ONEWAY": "0",
        "VERT_LEVEL": "0",
        "SPEED_LMT": 25,
        "ACCESSCODE": " ",
        "DOT_HWYNAM": " ",
        "DOT_RTNAME": " ",
        "DOT_RTPART": " ",
        "DOT_F_MILE": 0,
        "DOT_T_MILE": 0,
        "DOT_FCLASS": " ",
        "DOT_SRFTYP": " ",
        "DOT_CLASS": "C",
        "DOT_OWN_L": "MU Cedar Fort",
        "DOT_OWN_R": "MU Cedar Fort",
        "DOT_AADT": 0,
        "DOT_AADTYR": " ",
        "DOT_THRULA": 0,
        "BIKE_L": " ",
        "BIKE_R": " ",
        "UNIQUE_ID": "12TVK07216480_100_N",
        "LOCAL_UID": " ",
        "UTAHRD_UID": " ",
        "SOURCE": " ",
        "UPDATED": 1486425600000,
        "EFFECTIVE": null,
        "EXPIRE": null,
        "CUSTOMTAGS": " ",
        "Shape_STLe": 1709.06032841,
        "START_ELEV": 1547.1134033203125,
        "END_ELEV": 1512.888427734375,
        "STEL_FT": 5075.831538149414,
        "ENDEL_FT": 4963.544869248047,
        "ELEV_CHANGE": 112.2866689013672,
        "SLOPE": 2.0021046695567977,
        "IMP_NO_12": 320217,
        "USE_CODE_12": 102,
        "USE_CODE_DESCR_12": "Barn (General)",
        "COST_CLASS_DESCR_12": "S - Metal",
        "EXTERIOR_WALL_12": null,
        "ABOVE_GRADE_AREA_12": 4200,
        "MEZZANINE_12": 0,
        "BASEMENT_12": 0,
        "BSMT_FINISH_12": 0,
        "BSMT_UNFINISH_12": 0,
        "QUALITY_DESCR_12": "Low",
        "CONDITION_12": 3,
        "CONDITION_DESCR_12": "Average",
        "YEAR_BUILT_12": 2019,
        "UNIT_COUNT_12": null,
        "PCT_COMPLETE_12": 1,
        "ALLOCATION_PCT_12": null,
        "IMP_NO_23": null,
        "USE_CODE_23": null,
        "USE_CODE_DESCR_23": null,
        "COST_CLASS_DESCR_23": null,
        "EXTERIOR_WALL_23": null,
        "ABOVE_GRADE_AREA_23": null,
        "MEZZANINE_23": null,
        "BASEMENT_23": null,
        "BSMT_FINISH_23": null,
        "BSMT_UNFINISH_23": null,
        "QUALITY_DESCR_23": null,
        "CONDITION_23": null,
        "CONDITION_DESCR_23": null,
        "YEAR_BUILT_23": null,
        "UNIT_COUNT_23": null,
        "PCT_COMPLETE_23": null,
        "ALLOCATION_PCT_23": null,
        "Entry": 24560,
        "Year": 2025,
        "Record_Date": "2025-04-07",
        "Grantor": "NOLAND, DOUGLAS WELDON AKA NOLAND, DOUGLAS DEC DOUGLAS AND TANYA NOLAND FAMILY LIVING TRUST THE",
        "Grantee": "NOLAND, TANYA M SUCTEE DOUGLAS AND TANYA NOLAND FAMILY LIVING TRUST THE",
        "Tax_Address": "862 E 100 N CEDAR FORT, UT 84013",
        "Serial_Number": "59:037:0113",
        "Serial_Number_Available": "Yes",
        "Detail_URL": "https://www.utahcounty.gov/LandRecords/document.asp?avEntry=24560&avYear=2025",
        "Document_Type": "AF DC",
        "Shape_Length_12_13": 4042.1946999077904,
        "Shape_Area_12_13": 563211.3606662258,
        "DocType": "AFDC",
        "Shape_Length": 0.00971085380578168,
        "Shape_Area": 4.28957990524263e-06
      }
    },
    {
      "type": "Feature",
      "id": 70,
      "geometry": {
        "type": "Polygon",
        "coordinates": [
          [
            [
              -112.09166426299998,
              40.316510435000055
            ],
            [
              -112.09166922199995,
              40.320160248000036
            ],
            [
              -112.09642072199995,
              40.32014066000005
            ],
            [
              -112.09643097499998,
              40.316499786000065
            ],
            [
              -112.09166426299998,
              40.316510435000055
            ]
          ]
        ]
      },
      "properties": {
        "OBJECTID": 70,
        "Join_Count": 1,
        "TARGET_FID": 11008417,
        "PARCEL_NO": 590400005,
        "PARCELID": "590400005",
        "PARCELID_LABEL": "59:040:0005",
        "OWNER_NAME": "PETERSON, PAUL & MARGERY J",
        "CARE_NAME": "%PETERSON, JONATHAN",
        "ACREAGE": 56.47962,
        "SITE_FULL_ADDRESS": "CEDAR FORT, UT",
        "SITE_HOUSE_NUM": " ",
        "SITE_PRE_DIR": null,
        "SITE_STREET_NAME": null,
        "SITE_STREET_TYPE": null,
        "SITE_POST_DIR": null,
        "SITE_STREET_UNIT": null,
        "SITE_CITY": "CEDAR FORT",
        "SITE_STATE": "UT",
        "SITE_ZIP5": "84013",
        "OWN_FULL_ADDRESS": "%PETERSON, JONATHAN  552 W 11200 S  WOODLAND HILLS, UT 84653",
        "OWN_STREET_ADDRESS": "552 W 11200 S",
        "OWN_CITY": "WOODLAND HILLS",
        "OWN_STATE": "UT",
        "OWN_ZIP5": "84653",
        "VESTING_DOC": "65878-2001",
        "PARCEL_CREATE_DATE": 347068800000,
        "MAP_FILING_NO": null,
        "SUB_NAME": null,
        "LEGAL_DESCR": "NE 1/4 OF NW 1/4 OF SEC.8, T6S, R2W, SLB&M. AREA 40.480 AC. ALSO COM FR NW COR. OF N 16 ACRES OF SEC. 8, T6S, R2W, SLB&M.; S 528 FT; E 1320 FT; N 528 FT; W 1320 FT TO BEG. AREA 16.000 AC. TOTAL AREA 56.48 AC.",
        "BOOK_PAGE": 59040,
        "LOT": null,
        "BUILDING": null,
        "UNIT": null,
        "TAX_DISTRICT": "050",
        "TAX_DISTRICT_DESCR": "CEDAR FORT CITY",
        "SCHOOL_DISTRICT": "ALPINE",
        "TAXABLE_CODE": 100,
        "ACCOUNT_TYPE": "RESIDENTIAL",
        "PROP_TYPE": 900,
        "PROP_TYPE_DESCR": "VACANT",
        "SPECIFIC_PROP_TYPE": 901,
        "SPC_PROP_TYP_DESCR": "Vac Res",
        "NEIGHBORHOOD": "103",
        "NBHD_DISTRICT": "825",
        "LAND_DISTRICT": 8002,
        "ECONOMIC_UNIT": null,
        "GLA_WEIGHTED_YRBLT": null,
        "TOTAL_ABOVE_GRADE_AREA": null,
        "TOTAL_MEZZANINE": null,
        "TOTAL_BASEMENT": null,
        "TOTAL_BSMT_FINISH": null,
        "TOTAL_UNIT_COUNT": null,
        "TOTAL_IMP_COUNT": null,
        "ASMT_YEAR": 2026,
        "ASMT_CODE": "V",
        "ASMT_CODE_DESCR": "VACANT",
        "MKT_LAND_VALUE": 623900,
        "MKT_LAND_RES": 0,
        "MKT_LAND_AGR": 623900,
        "MKT_LAND_COM": 0,
        "MKT_IMP_VALUE": 0,
        "MKT_IMP_RES": 0,
        "MKT_IMP_AGR": 0,
        "MKT_IMP_COM": 0,
        "MKT_CUR_VALUE": 623900,
        "MKT_PRV_VAL": 623900,
        "MKT_VAL_YR_CHG": 0,
        "MKT_PCT_CHG": 0,
        "TXBL_CUR_VALUE": 847,
        "TXBL_PRV_VAL": 847,
        "TXBL_VAL_YR_CHG": 0,
        "TXBL_PCT_CHG": 0,
        "TOT_CUR_TAXES": 0,
        "TOT_PRV_TAXES": 0,
        "TAXES_YR_CHG": 0,
        "TAXES_PCT_CHG": 0,
        "GREENBELT": "GB",
        "EXEMPT_RES": "N",
        "COMMON_AREA": null,
        "PUBLIC_ROAD": null,
        "PRIVATE_ROAD": null,
        "PART_CENTRAL_ASSD": null,
        "PART_TAXABLE": null,
        "IMP_NO_RES": null,
        "COST_GROUP_RES": null,
        "STYLE_DESCR_RES": null,
        "QUALITY_RES": null,
        "QUALITY_DESCR_RES": null,
        "CONDITION_RES": null,
        "CONDITION_DESCR_RES": null,
        "YEARBLT_RES": null,
        "GLA_RES": null,
        "BASEMENT_RES": null,
        "BSMT_FINISH_RES": null,
        "ATT_GARAGE_SQFT_RES": null,
        "BATHROOMS_RES": null,
        "GLA_BEDROOMS_RES": null,
        "EXTERIOR_RES": null,
        "ALLOCATION_PCT_RES": null,
        "TRAV_COUNT": 2,
        "LASTUPDATE": null,
        "CREATED_DATE": 1712330344000,
        "LAST_EDITED_DATE": 1712330533000,
        "GLOBALID": "{78EF80C6-162E-483F-856C-072B245F71A2}",
        "Join_Count_12": 1,
        "TARGET_FID_12": 8007,
        "Code": null,
        "Desc_Cleaned": "Residential Agricultural",
        "Description": "Residential Agricultural Zone (5 Acres)",
        "City": null,
        "Description_detailed": null,
        "Desc": null,
        "Acres": null,
        "CityLU": "RA-5",
        "Unit_Rate": 5,
        "Parcel_Area": 163714,
        "PctDeveloped": null,
        "Slope_Score": 10,
        "GP_Score": 6,
        "Ownership_Type": "Private",
        "Ownership_Score": 10,
        "Wetlands_Score": 10,
        "Municipality_Score": 10,
        "Final_Score": 8.6,
        "OBJECTID_12": 8005,
        "Join_Count_12_13": 0,
        "TARGET_FID_12_13": 8007,
        "Area": null,
        "Shape_Length_12": null,
        "Shape_Area_12": null,
        "STATUS": " ",
        "CARTOCODE": "11",
        "FULLNAME": "STATION RD",
        "FROMADDR_L": 201,
        "TOADDR_L": 599,
        "FROMADDR_R": 200,
        "TOADDR_R": 598,
        "PARITY_L": " ",
        "PARITY_R": " ",
        "PREDIR": "E",
        "NAME": "STATION",
        "POSTTYPE": "RD",
        "POSTDIR": " ",
        "AN_NAME": " ",
        "AN_POSTDIR": " ",
        "A1_PREDIR": " ",
        "A1_NAME": " ",
        "A1_POSTTYP": " ",
        "A1_POSTDIR": " ",
        "A2_PREDIR": " ",
        "A2_NAME": " ",
        "A2_POSTTYP": " ",
        "A2_POSTDIR": " ",
        "QUADRANT_L": "SE",
        "QUADRANT_R": "SE",
        "STATE_L": "UT",
        "STATE_R": "UT",
        "COUNTY_L": "49049",
        "COUNTY_R": "49049",
        "ADDRSYS_L": "Cedar Fort",
        "ADDRSYS_R": "Cedar Fort",
        "POSTCOMM_L": "CEDAR VALLEY",
        "POSTCOMM_R": "CEDAR VALLEY",
        "ZIPCODE_L": "84013",
        "ZIPCODE_R": "84013",
        "INCMUNI_L": "CEDAR FORT",
        "INCMUNI_R": "CEDAR FORT",
        "UNINCCOM_L": " ",
        "UNINCCOM_R": " ",
        "NBRHDCOM_L": " ",
        "NBRHDCOM_R": " ",
        "ER_CAD_ZON": " ",
        "ESN_L": " ",
        "ESN_R": " ",
        "MSAGCOMM_L": " ",
        "MSAGCOMM_R": " ",
        "ONEWAY": "0",
        "VERT_LEVEL": "0",
        "SPEED_LMT": 25,
        "ACCESSCODE": " ",
        "DOT_HWYNAM": " ",
        "DOT_RTNAME": " ",
        "DOT_RTPART": " ",
        "DOT_F_MILE": 0,
        "DOT_T_MILE": 0,
        "DOT_FCLASS": " ",
        "DOT_SRFTYP": " ",
        "DOT_CLASS": "C",
        "DOT_OWN_L": "MU Cedar Fort",
        "DOT_OWN_R": "MU Cedar Fort",
        "DOT_AADT": 0,
        "DOT_AADTYR": " ",
        "DOT_THRULA": 0,
        "BIKE_L": " ",
        "BIKE_R": " ",
        "UNIQUE_ID": "12TVK06826412_STATION_RD",
        "LOCAL_UID": " ",
        "UTAHRD_UID": " ",
        "SOURCE": " ",
        "UPDATED": 1486425600000,
        "EFFECTIVE": null,
        "EXPIRE": null,
        "CUSTOMTAGS": " ",
        "Shape_STLe": 1080.30100786,
        "START_ELEV": 1512.42724609375,
        "END_ELEV": 1547.443359375,
        "STEL_FT": 4962.031806074218,
        "ENDEL_FT": 5076.914071171875,
        "ELEV_CHANGE": 114.88226509765627,
        "SLOPE": 3.2405963608961543,
        "IMP_NO_12": null,
        "USE_CODE_12": null,
        "USE_CODE_DESCR_12": null,
        "COST_CLASS_DESCR_12": null,
        "EXTERIOR_WALL_12": null,
        "ABOVE_GRADE_AREA_12": null,
        "MEZZANINE_12": null,
        "BASEMENT_12": null,
        "BSMT_FINISH_12": null,
        "BSMT_UNFINISH_12": null,
        "QUALITY_DESCR_12": null,
        "CONDITION_12": null,
        "CONDITION_DESCR_12": null,
        "YEAR_BUILT_12": null,
        "UNIT_COUNT_12": null,
        "PCT_COMPLETE_12": null,
        "ALLOCATION_PCT_12": null,
        "IMP_NO_23": null,
        "USE_CODE_23": null,
        "USE_CODE_DESCR_23": null,
        "COST_CLASS_DESCR_23": null,
        "EXTERIOR_WALL_23": null,
        "ABOVE_GRADE_AREA_23": null,
        "MEZZANINE_23": null,
        "BASEMENT_23": null,
        "BSMT_FINISH_23": null,
        "BSMT_UNFINISH_23": null,
        "QUALITY_DESCR_23": null,
        "CONDITION_23": null,
        "CONDITION_DESCR_23": null,
        "YEAR_BUILT_23": null,
        "UNIT_COUNT_23": null,
        "PCT_COMPLETE_23": null,
        "ALLOCATION_PCT_23": null,
        "Entry": 42819,
        "Year": 2025,
        "Record_Date": "2025-06-10",
        "Grantor": "PETERSON, PAUL DEC",
        "Grantee": "WHOM OF INTEREST",
        "Tax_Address": "1019 N TIMPVIEW DR AMERICAN FORK, UT 84003",
        "Serial_Number": "59:040:0005",
        "Serial_Number_Available": "Yes",
        "Detail_URL": "https://www.utahcounty.gov/LandRecords/document.asp?avEntry=42819&avYear=2025",
        "Document_Type": "AF DC",
        "Shape_Length_12_13": 5309.948897359311,
        "Shape_Area_12_13": 1762198.9517266878,
        "DocType": "AFDC",
        "Shape_Length": 0.01680896907604044,
        "Shape_Area": 1.7348536104139228e-05
      }
    },
    {
      "type": "Feature",
      "id": 71,
      "geometry": {
        "type": "Polygon",
        "coordinates": [
          [
            [
              -112.09165669799995,
              40.318711317000066
            ],
            [
              -112.08692433299996,
              40.31873518300006
            ],
            [
              -112.08693675399996,
              40.32018412700006
            ],
            [
              -112.09166921999997,
              40.32016026100007
            ],
            [
              -112.09165669799995,
              40.318711317000066
            ]
          ]
        ]
      },
      "properties": {
        "OBJECTID": 71,
        "Join_Count": 1,
        "TARGET_FID": 11008418,
        "PARCEL_NO": 590400005,
        "PARCELID": "590400005",
        "PARCELID_LABEL": "59:040:0005",
        "OWNER_NAME": "PETERSON, PAUL & MARGERY J",
        "CARE_NAME": "%PETERSON, JONATHAN",
        "ACREAGE": 56.47962,
        "SITE_FULL_ADDRESS": "CEDAR FORT, UT",
        "SITE_HOUSE_NUM": " ",
        "SITE_PRE_DIR": null,
        "SITE_STREET_NAME": null,
        "SITE_STREET_TYPE": null,
        "SITE_POST_DIR": null,
        "SITE_STREET_UNIT": null,
        "SITE_CITY": "CEDAR FORT",
        "SITE_STATE": "UT",
        "SITE_ZIP5": "84013",
        "OWN_FULL_ADDRESS": "%PETERSON, JONATHAN  552 W 11200 S  WOODLAND HILLS, UT 84653",
        "OWN_STREET_ADDRESS": "552 W 11200 S",
        "OWN_CITY": "WOODLAND HILLS",
        "OWN_STATE": "UT",
        "OWN_ZIP5": "84653",
        "VESTING_DOC": "65878-2001",
        "PARCEL_CREATE_DATE": 347068800000,
        "MAP_FILING_NO": null,
        "SUB_NAME": null,
        "LEGAL_DESCR": "NE 1/4 OF NW 1/4 OF SEC.8, T6S, R2W, SLB&M. AREA 40.480 AC. ALSO COM FR NW COR. OF N 16 ACRES OF SEC. 8, T6S, R2W, SLB&M.; S 528 FT; E 1320 FT; N 528 FT; W 1320 FT TO BEG. AREA 16.000 AC. TOTAL AREA 56.48 AC.",
        "BOOK_PAGE": 59040,
        "LOT": null,
        "BUILDING": null,
        "UNIT": null,
        "TAX_DISTRICT": "050",
        "TAX_DISTRICT_DESCR": "CEDAR FORT CITY",
        "SCHOOL_DISTRICT": "ALPINE",
        "TAXABLE_CODE": 100,
        "ACCOUNT_TYPE": "RESIDENTIAL",
        "PROP_TYPE": 900,
        "PROP_TYPE_DESCR": "VACANT",
        "SPECIFIC_PROP_TYPE": 901,
        "SPC_PROP_TYP_DESCR": "Vac Res",
        "NEIGHBORHOOD": "103",
        "NBHD_DISTRICT": "825",
        "LAND_DISTRICT": 8002,
        "ECONOMIC_UNIT": null,
        "GLA_WEIGHTED_YRBLT": null,
        "TOTAL_ABOVE_GRADE_AREA": null,
        "TOTAL_MEZZANINE": null,
        "TOTAL_BASEMENT": null,
        "TOTAL_BSMT_FINISH": null,
        "TOTAL_UNIT_COUNT": null,
        "TOTAL_IMP_COUNT": null,
        "ASMT_YEAR": 2026,
        "ASMT_CODE": "V",
        "ASMT_CODE_DESCR": "VACANT",
        "MKT_LAND_VALUE": 623900,
        "MKT_LAND_RES": 0,
        "MKT_LAND_AGR": 623900,
        "MKT_LAND_COM": 0,
        "MKT_IMP_VALUE": 0,
        "MKT_IMP_RES": 0,
        "MKT_IMP_AGR": 0,
        "MKT_IMP_COM": 0,
        "MKT_CUR_VALUE": 623900,
        "MKT_PRV_VAL": 623900,
        "MKT_VAL_YR_CHG": 0,
        "MKT_PCT_CHG": 0,
        "TXBL_CUR_VALUE": 847,
        "TXBL_PRV_VAL": 847,
        "TXBL_VAL_YR_CHG": 0,
        "TXBL_PCT_CHG": 0,
        "TOT_CUR_TAXES": 0,
        "TOT_PRV_TAXES": 0,
        "TAXES_YR_CHG": 0,
        "TAXES_PCT_CHG": 0,
        "GREENBELT": "GB",
        "EXEMPT_RES": "N",
        "COMMON_AREA": null,
        "PUBLIC_ROAD": null,
        "PRIVATE_ROAD": null,
        "PART_CENTRAL_ASSD": null,
        "PART_TAXABLE": null,
        "IMP_NO_RES": null,
        "COST_GROUP_RES": null,
        "STYLE_DESCR_RES": null,
        "QUALITY_RES": null,
        "QUALITY_DESCR_RES": null,
        "CONDITION_RES": null,
        "CONDITION_DESCR_RES": null,
        "YEARBLT_RES": null,
        "GLA_RES": null,
        "BASEMENT_RES": null,
        "BSMT_FINISH_RES": null,
        "ATT_GARAGE_SQFT_RES": null,
        "BATHROOMS_RES": null,
        "GLA_BEDROOMS_RES": null,
        "EXTERIOR_RES": null,
        "ALLOCATION_PCT_RES": null,
        "TRAV_COUNT": 2,
        "LASTUPDATE": null,
        "CREATED_DATE": 1712330344000,
        "LAST_EDITED_DATE": 1712330533000,
        "GLOBALID": "{B0E0B24C-1C2F-45BE-B832-13DE7FB934B5}",
        "Join_Count_12": 1,
        "TARGET_FID_12": 8008,
        "Code": null,
        "Desc_Cleaned": "Residential Agricultural",
        "Description": "Residential Agricultural Zone (5 Acres)",
        "City": null,
        "Description_detailed": null,
        "Desc": null,
        "Acres": null,
        "CityLU": "RA-5",
        "Unit_Rate": 5,
        "Parcel_Area": 64710,
        "PctDeveloped": null,
        "Slope_Score": 10,
        "GP_Score": 6,
        "Ownership_Type": "Private",
        "Ownership_Score": 10,
        "Wetlands_Score": 10,
        "Municipality_Score": 10,
        "Final_Score": 8.6,
        "OBJECTID_12": 8006,
        "Join_Count_12_13": 0,
        "TARGET_FID_12_13": 8008,
        "Area": null,
        "Shape_Length_12": null,
        "Shape_Area_12": null,
        "STATUS": " ",
        "CARTOCODE": "11",
        "FULLNAME": "STATION RD",
        "FROMADDR_L": 201,
        "TOADDR_L": 599,
        "FROMADDR_R": 200,
        "TOADDR_R": 598,
        "PARITY_L": " ",
        "PARITY_R": " ",
        "PREDIR": "E",
        "NAME": "STATION",
        "POSTTYPE": "RD",
        "POSTDIR": " ",
        "AN_NAME": " ",
        "AN_POSTDIR": " ",
        "A1_PREDIR": " ",
        "A1_NAME": " ",
        "A1_POSTTYP": " ",
        "A1_POSTDIR": " ",
        "A2_PREDIR": " ",
        "A2_NAME": " ",
        "A2_POSTTYP": " ",
        "A2_POSTDIR": " ",
        "QUADRANT_L": "SE",
        "QUADRANT_R": "SE",
        "STATE_L": "UT",
        "STATE_R": "UT",
        "COUNTY_L": "49049",
        "COUNTY_R": "49049",
        "ADDRSYS_L": "Cedar Fort",
        "ADDRSYS_R": "Cedar Fort",
        "POSTCOMM_L": "CEDAR VALLEY",
        "POSTCOMM_R": "CEDAR VALLEY",
        "ZIPCODE_L": "84013",
        "ZIPCODE_R": "84013",
        "INCMUNI_L": "CEDAR FORT",
        "INCMUNI_R": "CEDAR FORT",
        "UNINCCOM_L": " ",
        "UNINCCOM_R": " ",
        "NBRHDCOM_L": " ",
        "NBRHDCOM_R": " ",
        "ER_CAD_ZON": " ",
        "ESN_L": " ",
        "ESN_R": " ",
        "MSAGCOMM_L": " ",
        "MSAGCOMM_R": " ",
        "ONEWAY": "0",
        "VERT_LEVEL": "0",
        "SPEED_LMT": 25,
        "ACCESSCODE": " ",
        "DOT_HWYNAM": " ",
        "DOT_RTNAME": " ",
        "DOT_RTPART": " ",
        "DOT_F_MILE": 0,
        "DOT_T_MILE": 0,
        "DOT_FCLASS": " ",
        "DOT_SRFTYP": " ",
        "DOT_CLASS": "C",
        "DOT_OWN_L": "MU Cedar Fort",
        "DOT_OWN_R": "MU Cedar Fort",
        "DOT_AADT": 0,
        "DOT_AADTYR": " ",
        "DOT_THRULA": 0,
        "BIKE_L": " ",
        "BIKE_R": " ",
        "UNIQUE_ID": "12TVK06826412_STATION_RD",
        "LOCAL_UID": " ",
        "UTAHRD_UID": " ",
        "SOURCE": " ",
        "UPDATED": 1486425600000,
        "EFFECTIVE": null,
        "EXPIRE": null,
        "CUSTOMTAGS": " ",
        "Shape_STLe": 1080.30100786,
        "START_ELEV": 1512.42724609375,
        "END_ELEV": 1547.443359375,
        "STEL_FT": 4962.031806074218,
        "ENDEL_FT": 5076.914071171875,
        "ELEV_CHANGE": 114.88226509765627,
        "SLOPE": 3.2405963608961543,
        "IMP_NO_12": null,
        "USE_CODE_12": null,
        "USE_CODE_DESCR_12": null,
        "COST_CLASS_DESCR_12": null,
        "EXTERIOR_WALL_12": null,
        "ABOVE_GRADE_AREA_12": null,
        "MEZZANINE_12": null,
        "BASEMENT_12": null,
        "BSMT_FINISH_12": null,
        "BSMT_UNFINISH_12": null,
        "QUALITY_DESCR_12": null,
        "CONDITION_12": null,
        "CONDITION_DESCR_12": null,
        "YEAR_BUILT_12": null,
        "UNIT_COUNT_12": null,
        "PCT_COMPLETE_12": null,
        "ALLOCATION_PCT_12": null,
        "IMP_NO_23": null,
        "USE_CODE_23": null,
        "USE_CODE_DESCR_23": null,
        "COST_CLASS_DESCR_23": null,
        "EXTERIOR_WALL_23": null,
        "ABOVE_GRADE_AREA_23": null,
        "MEZZANINE_23": null,
        "BASEMENT_23": null,
        "BSMT_FINISH_23": null,
        "BSMT_UNFINISH_23": null,
        "QUALITY_DESCR_23": null,
        "CONDITION_23": null,
        "CONDITION_DESCR_23": null,
        "YEAR_BUILT_23": null,
        "UNIT_COUNT_23": null,
        "PCT_COMPLETE_23": null,
        "ALLOCATION_PCT_23": null,
        "Entry": 42819,
        "Year": 2025,
        "Record_Date": "2025-06-10",
        "Grantor": "PETERSON, PAUL DEC",
        "Grantee": "WHOM OF INTEREST",
        "Tax_Address": "1019 N TIMPVIEW DR AMERICAN FORK, UT 84003",
        "Serial_Number": "59:040:0005",
        "Serial_Number_Available": "Yes",
        "Detail_URL": "https://www.utahcounty.gov/LandRecords/document.asp?avEntry=42819&avYear=2025",
        "Document_Type": "AF DC",
        "Shape_Length_12_13": 5309.948897359311,
        "Shape_Area_12_13": 1762198.9517266878,
        "DocType": "AFDC",
        "Shape_Length": 0.012362946703394644,
        "Shape_Area": 6.857302689069114e-06
      }
    },
    {
      "type": "Feature",
      "id": 72,
      "geometry": {
        "type": "Polygon",
        "coordinates": [
          [
            [
              -112.09166428099996,
              40.31651043000005
            ],
            [
              -112.09643099099998,
              40.31649978100006
            ],
            [
              -112.09644124299996,
              40.31285890300006
            ],
            [
              -112.09644046599999,
              40.30919490500003
            ],
            [
              -112.09165434899995,
              40.30919641400004
            ],
            [
              -112.09165932399998,
              40.31286060200006
            ],
            [
              -112.09166428099996,
              40.31651043000005
            ]
          ]
        ]
      },
      "properties": {
        "OBJECTID": 72,
        "Join_Count": 1,
        "TARGET_FID": 11008419,
        "PARCEL_NO": 590400009,
        "PARCELID": "590400009",
        "PARCELID_LABEL": "59:040:0009",
        "OWNER_NAME": "T E K PIONEER LLC",
        "CARE_NAME": null,
        "ACREAGE": 81.51641,
        "SITE_FULL_ADDRESS": "CEDAR FORT, UT",
        "SITE_HOUSE_NUM": " ",
        "SITE_PRE_DIR": null,
        "SITE_STREET_NAME": null,
        "SITE_STREET_TYPE": null,
        "SITE_POST_DIR": null,
        "SITE_STREET_UNIT": null,
        "SITE_CITY": "CEDAR FORT",
        "SITE_STATE": "UT",
        "SITE_ZIP5": "84013",
        "OWN_FULL_ADDRESS": "348 N 400 E  AMERICAN FORK, UT 84003-1810",
        "OWN_STREET_ADDRESS": "348 N 400 E",
        "OWN_CITY": "AMERICAN FORK",
        "OWN_STATE": "UT",
        "OWN_ZIP5": "84003",
        "VESTING_DOC": "127301-2005",
        "PARCEL_CREATE_DATE": 347068800000,
        "MAP_FILING_NO": null,
        "SUB_NAME": null,
        "LEGAL_DESCR": "SE 1/4 OF NW 1/4; NE 1/4 OF SW 1/4 SEC. 8, T6S, R2W, SLB&M. AREA 81.516 AC.",
        "BOOK_PAGE": 59040,
        "LOT": null,
        "BUILDING": null,
        "UNIT": null,
        "TAX_DISTRICT": "050",
        "TAX_DISTRICT_DESCR": "CEDAR FORT CITY",
        "SCHOOL_DISTRICT": "ALPINE",
        "TAXABLE_CODE": 100,
        "ACCOUNT_TYPE": "RESIDENTIAL",
        "PROP_TYPE": 900,
        "PROP_TYPE_DESCR": "VACANT",
        "SPECIFIC_PROP_TYPE": 901,
        "SPC_PROP_TYP_DESCR": "Vac Res",
        "NEIGHBORHOOD": "103",
        "NBHD_DISTRICT": "825",
        "LAND_DISTRICT": 8002,
        "ECONOMIC_UNIT": null,
        "GLA_WEIGHTED_YRBLT": null,
        "TOTAL_ABOVE_GRADE_AREA": null,
        "TOTAL_MEZZANINE": null,
        "TOTAL_BASEMENT": null,
        "TOTAL_BSMT_FINISH": null,
        "TOTAL_UNIT_COUNT": null,
        "TOTAL_IMP_COUNT": null,
        "ASMT_YEAR": 2026,
        "ASMT_CODE": "V",
        "ASMT_CODE_DESCR": "VACANT",
        "MKT_LAND_VALUE": 600200,
        "MKT_LAND_RES": 0,
        "MKT_LAND_AGR": 600200,
        "MKT_LAND_COM": 0,
        "MKT_IMP_VALUE": 0,
        "MKT_IMP_RES": 0,
        "MKT_IMP_AGR": 0,
        "MKT_IMP_COM": 0,
        "MKT_CUR_VALUE": 600200,
        "MKT_PRV_VAL": 600200,
        "MKT_VAL_YR_CHG": 0,
        "MKT_PCT_CHG": 0,
        "TXBL_CUR_VALUE": 1141,
        "TXBL_PRV_VAL": 1141,
        "TXBL_VAL_YR_CHG": 0,
        "TXBL_PCT_CHG": 0,
        "TOT_CUR_TAXES": 0,
        "TOT_PRV_TAXES": 0,
        "TAXES_YR_CHG": 0,
        "TAXES_PCT_CHG": 0,
        "GREENBELT": "GB",
        "EXEMPT_RES": "N",
        "COMMON_AREA": null,
        "PUBLIC_ROAD": null,
        "PRIVATE_ROAD": null,
        "PART_CENTRAL_ASSD": null,
        "PART_TAXABLE": null,
        "IMP_NO_RES": null,
        "COST_GROUP_RES": null,
        "STYLE_DESCR_RES": null,
        "QUALITY_RES": null,
        "QUALITY_DESCR_RES": null,
        "CONDITION_RES": null,
        "CONDITION_DESCR_RES": null,
        "YEARBLT_RES": null,
        "GLA_RES": null,
        "BASEMENT_RES": null,
        "BSMT_FINISH_RES": null,
        "ATT_GARAGE_SQFT_RES": null,
        "BATHROOMS_RES": null,
        "GLA_BEDROOMS_RES": null,
        "EXTERIOR_RES": null,
        "ALLOCATION_PCT_RES": null,
        "TRAV_COUNT": 1,
        "LASTUPDATE": null,
        "CREATED_DATE": 1712330344000,
        "LAST_EDITED_DATE": 1712330533000,
        "GLOBALID": "{B296D55B-AD3B-4E44-B93D-F19B5A2292F0}",
        "Join_Count_12": 0,
        "TARGET_FID_12": 8009,
        "Code": null,
        "Desc_Cleaned": "Residential Agricultural",
        "Description": "Rural Agricultural Zone (10 Acres)",
        "City": null,
        "Description_detailed": null,
        "Desc": null,
        "Acres": null,
        "CityLU": "RA-10",
        "Unit_Rate": 10,
        "Parcel_Area": 329682,
        "PctDeveloped": null,
        "Slope_Score": 0,
        "GP_Score": 6,
        "Ownership_Type": "Business",
        "Ownership_Score": 5,
        "Wetlands_Score": 10,
        "Municipality_Score": 10,
        "Final_Score": 5.6,
        "OBJECTID_12": 8007,
        "Join_Count_12_13": 0,
        "TARGET_FID_12_13": 8009,
        "Area": null,
        "Shape_Length_12": null,
        "Shape_Area_12": null,
        "STATUS": null,
        "CARTOCODE": null,
        "FULLNAME": null,
        "FROMADDR_L": null,
        "TOADDR_L": null,
        "FROMADDR_R": null,
        "TOADDR_R": null,
        "PARITY_L": null,
        "PARITY_R": null,
        "PREDIR": null,
        "NAME": null,
        "POSTTYPE": null,
        "POSTDIR": null,
        "AN_NAME": null,
        "AN_POSTDIR": null,
        "A1_PREDIR": null,
        "A1_NAME": null,
        "A1_POSTTYP": null,
        "A1_POSTDIR": null,
        "A2_PREDIR": null,
        "A2_NAME": null,
        "A2_POSTTYP": null,
        "A2_POSTDIR": null,
        "QUADRANT_L": null,
        "QUADRANT_R": null,
        "STATE_L": null,
        "STATE_R": null,
        "COUNTY_L": null,
        "COUNTY_R": null,
        "ADDRSYS_L": null,
        "ADDRSYS_R": null,
        "POSTCOMM_L": null,
        "POSTCOMM_R": null,
        "ZIPCODE_L": null,
        "ZIPCODE_R": null,
        "INCMUNI_L": null,
        "INCMUNI_R": null,
        "UNINCCOM_L": null,
        "UNINCCOM_R": null,
        "NBRHDCOM_L": null,
        "NBRHDCOM_R": null,
        "ER_CAD_ZON": null,
        "ESN_L": null,
        "ESN_R": null,
        "MSAGCOMM_L": null,
        "MSAGCOMM_R": null,
        "ONEWAY": null,
        "VERT_LEVEL": null,
        "SPEED_LMT": null,
        "ACCESSCODE": null,
        "DOT_HWYNAM": null,
        "DOT_RTNAME": null,
        "DOT_RTPART": null,
        "DOT_F_MILE": null,
        "DOT_T_MILE": null,
        "DOT_FCLASS": null,
        "DOT_SRFTYP": null,
        "DOT_CLASS": null,
        "DOT_OWN_L": null,
        "DOT_OWN_R": null,
        "DOT_AADT": null,
        "DOT_AADTYR": null,
        "DOT_THRULA": null,
        "BIKE_L": null,
        "BIKE_R": null,
        "UNIQUE_ID": null,
        "LOCAL_UID": null,
        "UTAHRD_UID": null,
        "SOURCE": null,
        "UPDATED": null,
        "EFFECTIVE": null,
        "EXPIRE": null,
        "CUSTOMTAGS": null,
        "Shape_STLe": null,
        "START_ELEV": null,
        "END_ELEV": null,
        "STEL_FT": null,
        "ENDEL_FT": null,
        "ELEV_CHANGE": null,
        "SLOPE": null,
        "IMP_NO_12": null,
        "USE_CODE_12": null,
        "USE_CODE_DESCR_12": null,
        "COST_CLASS_DESCR_12": null,
        "EXTERIOR_WALL_12": null,
        "ABOVE_GRADE_AREA_12": null,
        "MEZZANINE_12": null,
        "BASEMENT_12": null,
        "BSMT_FINISH_12": null,
        "BSMT_UNFINISH_12": null,
        "QUALITY_DESCR_12": null,
        "CONDITION_12": null,
        "CONDITION_DESCR_12": null,
        "YEAR_BUILT_12": null,
        "UNIT_COUNT_12": null,
        "PCT_COMPLETE_12": null,
        "ALLOCATION_PCT_12": null,
        "IMP_NO_23": null,
        "USE_CODE_23": null,
        "USE_CODE_DESCR_23": null,
        "COST_CLASS_DESCR_23": null,
        "EXTERIOR_WALL_23": null,
        "ABOVE_GRADE_AREA_23": null,
        "MEZZANINE_23": null,
        "BASEMENT_23": null,
        "BSMT_FINISH_23": null,
        "BSMT_UNFINISH_23": null,
        "QUALITY_DESCR_23": null,
        "CONDITION_23": null,
        "CONDITION_DESCR_23": null,
        "YEAR_BUILT_23": null,
        "UNIT_COUNT_23": null,
        "PCT_COMPLETE_23": null,
        "ALLOCATION_PCT_23": null,
        "Entry": 42819,
        "Year": 2025,
        "Record_Date": "2025-06-10",
        "Grantor": "PETERSON, PAUL DEC",
        "Grantee": "WHOM OF INTEREST",
        "Tax_Address": "1019 N TIMPVIEW DR AMERICAN FORK, UT 84003",
        "Serial_Number": "59:040:0005",
        "Serial_Number_Available": "Yes",
        "Detail_URL": "https://www.utahcounty.gov/LandRecords/document.asp?avEntry=42819&avYear=2025",
        "Document_Type": "AF DC",
        "Shape_Length_12_13": 5309.948897359311,
        "Shape_Area_12_13": 1762198.9517266878,
        "DocType": "AFDC",
        "Shape_Length": 0.024171752392787398,
        "Shape_Area": 3.493313681876041e-05
      }
    },
    {
      "type": "Feature",
      "id": 73,
      "geometry": {
        "type": "Polygon",
        "coordinates": [
          [
            [
              -112.09166425799998,
              40.316510427000026
            ],
            [
              -112.08693204499997,
              40.316534293000075
            ],
            [
              -112.08695067699995,
              40.31870771000007
            ],
            [
              -112.09168304099995,
              40.31868384300003
            ],
            [
              -112.09166425799998,
              40.316510427000026
            ]
          ]
        ]
      },
      "properties": {
        "OBJECTID": 73,
        "Join_Count": 1,
        "TARGET_FID": 11008421,
        "PARCEL_NO": 590400013,
        "PARCELID": "590400013",
        "PARCELID_LABEL": "59:040:0013",
        "OWNER_NAME": "PETERSON, JAY R & JUDY ANN C",
        "CARE_NAME": null,
        "ACREAGE": 24,
        "SITE_FULL_ADDRESS": "CEDAR FORT, UT",
        "SITE_HOUSE_NUM": " ",
        "SITE_PRE_DIR": null,
        "SITE_STREET_NAME": null,
        "SITE_STREET_TYPE": null,
        "SITE_POST_DIR": null,
        "SITE_STREET_UNIT": null,
        "SITE_CITY": "CEDAR FORT",
        "SITE_STATE": "UT",
        "SITE_ZIP5": "84013",
        "OWN_FULL_ADDRESS": "2169 E 200 N  SAINT ANTHONY, ID 83445-5600",
        "OWN_STREET_ADDRESS": "2169 E 200 N",
        "OWN_CITY": "SAINT ANTHONY",
        "OWN_STATE": "ID",
        "OWN_ZIP5": "83445",
        "VESTING_DOC": "20970-2000",
        "PARCEL_CREATE_DATE": 410140800000,
        "MAP_FILING_NO": null,
        "SUB_NAME": null,
        "LEGAL_DESCR": "COM AT SW COR. NW 1/4 NE 1/4 SEC. 8 T6S R2W SLB&M.; N 792 FT; E 1320 FT; S 792 FT; W 1320 FT TO BEG. AREA 24.000 AC.",
        "BOOK_PAGE": 59040,
        "LOT": null,
        "BUILDING": null,
        "UNIT": null,
        "TAX_DISTRICT": "050",
        "TAX_DISTRICT_DESCR": "CEDAR FORT CITY",
        "SCHOOL_DISTRICT": "ALPINE",
        "TAXABLE_CODE": 100,
        "ACCOUNT_TYPE": "RESIDENTIAL",
        "PROP_TYPE": 900,
        "PROP_TYPE_DESCR": "VACANT",
        "SPECIFIC_PROP_TYPE": 901,
        "SPC_PROP_TYP_DESCR": "Vac Res",
        "NEIGHBORHOOD": "103",
        "NBHD_DISTRICT": "825",
        "LAND_DISTRICT": 8002,
        "ECONOMIC_UNIT": null,
        "GLA_WEIGHTED_YRBLT": null,
        "TOTAL_ABOVE_GRADE_AREA": null,
        "TOTAL_MEZZANINE": null,
        "TOTAL_BASEMENT": null,
        "TOTAL_BSMT_FINISH": null,
        "TOTAL_UNIT_COUNT": null,
        "TOTAL_IMP_COUNT": null,
        "ASMT_YEAR": 2026,
        "ASMT_CODE": "V",
        "ASMT_CODE_DESCR": "VACANT",
        "MKT_LAND_VALUE": 265000,
        "MKT_LAND_RES": 0,
        "MKT_LAND_AGR": 265000,
        "MKT_LAND_COM": 0,
        "MKT_IMP_VALUE": 0,
        "MKT_IMP_RES": 0,
        "MKT_IMP_AGR": 0,
        "MKT_IMP_COM": 0,
        "MKT_CUR_VALUE": 265000,
        "MKT_PRV_VAL": 265000,
        "MKT_VAL_YR_CHG": 0,
        "MKT_PCT_CHG": 0,
        "TXBL_CUR_VALUE": 360,
        "TXBL_PRV_VAL": 360,
        "TXBL_VAL_YR_CHG": 0,
        "TXBL_PCT_CHG": 0,
        "TOT_CUR_TAXES": 0,
        "TOT_PRV_TAXES": 0,
        "TAXES_YR_CHG": 0,
        "TAXES_PCT_CHG": 0,
        "GREENBELT": "GB",
        "EXEMPT_RES": "N",
        "COMMON_AREA": null,
        "PUBLIC_ROAD": null,
        "PRIVATE_ROAD": null,
        "PART_CENTRAL_ASSD": null,
        "PART_TAXABLE": null,
        "IMP_NO_RES": null,
        "COST_GROUP_RES": null,
        "STYLE_DESCR_RES": null,
        "QUALITY_RES": null,
        "QUALITY_DESCR_RES": null,
        "CONDITION_RES": null,
        "CONDITION_DESCR_RES": null,
        "YEARBLT_RES": null,
        "GLA_RES": null,
        "BASEMENT_RES": null,
        "BSMT_FINISH_RES": null,
        "ATT_GARAGE_SQFT_RES": null,
        "BATHROOMS_RES": null,
        "GLA_BEDROOMS_RES": null,
        "EXTERIOR_RES": null,
        "ALLOCATION_PCT_RES": null,
        "TRAV_COUNT": 1,
        "LASTUPDATE": null,
        "CREATED_DATE": 1712330344000,
        "LAST_EDITED_DATE": 1712330533000,
        "GLOBALID": "{50CDBC5D-DC58-4E18-823F-33036A533062}",
        "Join_Count_12": 1,
        "TARGET_FID_12": 8010,
        "Code": null,
        "Desc_Cleaned": "Residential Agricultural",
        "Description": "Residential Agricultural Zone (5 Acres)",
        "City": null,
        "Description_detailed": null,
        "Desc": null,
        "Acres": null,
        "CityLU": "RA-5",
        "Unit_Rate": 5,
        "Parcel_Area": 97065,
        "PctDeveloped": null,
        "Slope_Score": 10,
        "GP_Score": 6,
        "Ownership_Type": "Private",
        "Ownership_Score": 10,
        "Wetlands_Score": 10,
        "Municipality_Score": 10,
        "Final_Score": 8.6,
        "OBJECTID_12": 8008,
        "Join_Count_12_13": 0,
        "TARGET_FID_12_13": 8010,
        "Area": null,
        "Shape_Length_12": null,
        "Shape_Area_12": null,
        "STATUS": " ",
        "CARTOCODE": "11",
        "FULLNAME": "STATION RD",
        "FROMADDR_L": 17601,
        "TOADDR_L": 17999,
        "FROMADDR_R": 17600,
        "TOADDR_R": 17998,
        "PARITY_L": " ",
        "PARITY_R": " ",
        "PREDIR": "W",
        "NAME": "STATION",
        "POSTTYPE": "RD",
        "POSTDIR": " ",
        "AN_NAME": " ",
        "AN_POSTDIR": " ",
        "A1_PREDIR": " ",
        "A1_NAME": " ",
        "A1_POSTTYP": " ",
        "A1_POSTDIR": " ",
        "A2_PREDIR": " ",
        "A2_NAME": " ",
        "A2_POSTTYP": " ",
        "A2_POSTDIR": " ",
        "QUADRANT_L": "SE",
        "QUADRANT_R": "SE",
        "STATE_L": "UT",
        "STATE_R": "UT",
        "COUNTY_L": "49049",
        "COUNTY_R": "49049",
        "ADDRSYS_L": "Cedar Fort",
        "ADDRSYS_R": "Cedar Fort",
        "POSTCOMM_L": "CEDAR VALLEY",
        "POSTCOMM_R": "CEDAR VALLEY",
        "ZIPCODE_L": "84013",
        "ZIPCODE_R": "84013",
        "INCMUNI_L": "CEDAR FORT",
        "INCMUNI_R": "CEDAR FORT",
        "UNINCCOM_L": " ",
        "UNINCCOM_R": " ",
        "NBRHDCOM_L": " ",
        "NBRHDCOM_R": " ",
        "ER_CAD_ZON": " ",
        "ESN_L": " ",
        "ESN_R": " ",
        "MSAGCOMM_L": " ",
        "MSAGCOMM_R": " ",
        "ONEWAY": "0",
        "VERT_LEVEL": "0",
        "SPEED_LMT": 25,
        "ACCESSCODE": " ",
        "DOT_HWYNAM": " ",
        "DOT_RTNAME": " ",
        "DOT_RTPART": " ",
        "DOT_F_MILE": 0,
        "DOT_T_MILE": 0,
        "DOT_FCLASS": " ",
        "DOT_SRFTYP": " ",
        "DOT_CLASS": "C",
        "DOT_OWN_L": "MU Cedar Fort",
        "DOT_OWN_R": "MU Cedar Fort",
        "DOT_AADT": 0,
        "DOT_AADTYR": " ",
        "DOT_THRULA": 0,
        "BIKE_L": " ",
        "BIKE_R": " ",
        "UNIQUE_ID": "12TVK07666368_STATION_RD",
        "LOCAL_UID": " ",
        "UTAHRD_UID": " ",
        "SOURCE": " ",
        "UPDATED": 1486425600000,
        "EFFECTIVE": null,
        "EXPIRE": null,
        "CUSTOMTAGS": " ",
        "Shape_STLe": 832.437973473,
        "START_ELEV": 1500.1092529296875,
        "END_ELEV": 1512.42724609375,
        "STEL_FT": 4921.6184413818355,
        "ENDEL_FT": 4962.031806074218,
        "ELEV_CHANGE": 40.413364692382856,
        "SLOPE": 1.479412531656342,
        "IMP_NO_12": null,
        "USE_CODE_12": null,
        "USE_CODE_DESCR_12": null,
        "COST_CLASS_DESCR_12": null,
        "EXTERIOR_WALL_12": null,
        "ABOVE_GRADE_AREA_12": null,
        "MEZZANINE_12": null,
        "BASEMENT_12": null,
        "BSMT_FINISH_12": null,
        "BSMT_UNFINISH_12": null,
        "QUALITY_DESCR_12": null,
        "CONDITION_12": null,
        "CONDITION_DESCR_12": null,
        "YEAR_BUILT_12": null,
        "UNIT_COUNT_12": null,
        "PCT_COMPLETE_12": null,
        "ALLOCATION_PCT_12": null,
        "IMP_NO_23": null,
        "USE_CODE_23": null,
        "USE_CODE_DESCR_23": null,
        "COST_CLASS_DESCR_23": null,
        "EXTERIOR_WALL_23": null,
        "ABOVE_GRADE_AREA_23": null,
        "MEZZANINE_23": null,
        "BASEMENT_23": null,
        "BSMT_FINISH_23": null,
        "BSMT_UNFINISH_23": null,
        "QUALITY_DESCR_23": null,
        "CONDITION_23": null,
        "CONDITION_DESCR_23": null,
        "YEAR_BUILT_23": null,
        "UNIT_COUNT_23": null,
        "PCT_COMPLETE_23": null,
        "ALLOCATION_PCT_23": null,
        "Entry": 42819,
        "Year": 2025,
        "Record_Date": "2025-06-10",
        "Grantor": "PETERSON, PAUL DEC",
        "Grantee": "WHOM OF INTEREST",
        "Tax_Address": "1019 N TIMPVIEW DR AMERICAN FORK, UT 84003",
        "Serial_Number": "59:040:0005",
        "Serial_Number_Available": "Yes",
        "Detail_URL": "https://www.utahcounty.gov/LandRecords/document.asp?avEntry=42819&avYear=2025",
        "Document_Type": "AF DC",
        "Shape_Length_12_13": 5309.948897359311,
        "Shape_Area_12_13": 1762198.9517266878,
        "DocType": "AFDC",
        "Shape_Length": 0.013811691388799804,
        "Shape_Area": 1.0285680391226801e-05
      }
    },
    {
      "type": "Feature",
      "id": 74,
      "geometry": {
        "type": "Polygon",
        "coordinates": [
          [
            [
              -112.08467399799997,
              40.335874681000064
            ],
            [
              -112.08470107399995,
              40.33904429300003
            ],
            [
              -112.08606206099995,
              40.33903747700003
            ],
            [
              -112.08603492099996,
              40.33586786600006
            ],
            [
              -112.08467399799997,
              40.335874681000064
            ]
          ]
        ]
      },
      "properties": {
        "OBJECTID": 74,
        "Join_Count": 1,
        "TARGET_FID": 11008501,
        "PARCEL_NO": 580520001,
        "PARCELID": "580520001",
        "PARCELID_LABEL": "58:052:0001",
        "OWNER_NAME": "TNT LAND AND HOLDINGS LLC",
        "CARE_NAME": null,
        "ACREAGE": 10.0625,
        "SITE_FULL_ADDRESS": "CEDAR FORT, UT",
        "SITE_HOUSE_NUM": " ",
        "SITE_PRE_DIR": null,
        "SITE_STREET_NAME": null,
        "SITE_STREET_TYPE": null,
        "SITE_POST_DIR": null,
        "SITE_STREET_UNIT": null,
        "SITE_CITY": "CEDAR FORT",
        "SITE_STATE": "UT",
        "SITE_ZIP5": "84013",
        "OWN_FULL_ADDRESS": "562 N 600 E  NEPHI, UT 84648",
        "OWN_STREET_ADDRESS": "562 N 600 E",
        "OWN_CITY": "NEPHI",
        "OWN_STATE": "UT",
        "OWN_ZIP5": "84648",
        "VESTING_DOC": "96876-2018",
        "PARCEL_CREATE_DATE": 315446400000,
        "MAP_FILING_NO": null,
        "SUB_NAME": null,
        "LEGAL_DESCR": "COM W 92 RD & N 58 RD FR SE COR. SEC. 32 T5S R2W SLB&M.; N 70 RD; W 23 RD; S 70 RD; E 23 RD TO BEG. AREA 10.063 AC.",
        "BOOK_PAGE": 58052,
        "LOT": null,
        "BUILDING": null,
        "UNIT": null,
        "TAX_DISTRICT": "050",
        "TAX_DISTRICT_DESCR": "CEDAR FORT CITY",
        "SCHOOL_DISTRICT": "ALPINE",
        "TAXABLE_CODE": 100,
        "ACCOUNT_TYPE": "RESIDENTIAL",
        "PROP_TYPE": 900,
        "PROP_TYPE_DESCR": "VACANT",
        "SPECIFIC_PROP_TYPE": 901,
        "SPC_PROP_TYP_DESCR": "Vac Res",
        "NEIGHBORHOOD": "103",
        "NBHD_DISTRICT": "825",
        "LAND_DISTRICT": 8002,
        "ECONOMIC_UNIT": null,
        "GLA_WEIGHTED_YRBLT": null,
        "TOTAL_ABOVE_GRADE_AREA": null,
        "TOTAL_MEZZANINE": null,
        "TOTAL_BASEMENT": null,
        "TOTAL_BSMT_FINISH": null,
        "TOTAL_UNIT_COUNT": null,
        "TOTAL_IMP_COUNT": null,
        "ASMT_YEAR": 2026,
        "ASMT_CODE": "V",
        "ASMT_CODE_DESCR": "VACANT",
        "MKT_LAND_VALUE": 75000,
        "MKT_LAND_RES": 0,
        "MKT_LAND_AGR": 75000,
        "MKT_LAND_COM": 0,
        "MKT_IMP_VALUE": 0,
        "MKT_IMP_RES": 0,
        "MKT_IMP_AGR": 0,
        "MKT_IMP_COM": 0,
        "MKT_CUR_VALUE": 75000,
        "MKT_PRV_VAL": 75000,
        "MKT_VAL_YR_CHG": 0,
        "MKT_PCT_CHG": 0,
        "TXBL_CUR_VALUE": 4014,
        "TXBL_PRV_VAL": 4014,
        "TXBL_VAL_YR_CHG": 0,
        "TXBL_PCT_CHG": 0,
        "TOT_CUR_TAXES": 0,
        "TOT_PRV_TAXES": 0,
        "TAXES_YR_CHG": 0,
        "TAXES_PCT_CHG": 0,
        "GREENBELT": "GB",
        "EXEMPT_RES": "N",
        "COMMON_AREA": null,
        "PUBLIC_ROAD": null,
        "PRIVATE_ROAD": null,
        "PART_CENTRAL_ASSD": null,
        "PART_TAXABLE": null,
        "IMP_NO_RES": null,
        "COST_GROUP_RES": null,
        "STYLE_DESCR_RES": null,
        "QUALITY_RES": null,
        "QUALITY_DESCR_RES": null,
        "CONDITION_RES": null,
        "CONDITION_DESCR_RES": null,
        "YEARBLT_RES": null,
        "GLA_RES": null,
        "BASEMENT_RES": null,
        "BSMT_FINISH_RES": null,
        "ATT_GARAGE_SQFT_RES": null,
        "BATHROOMS_RES": null,
        "GLA_BEDROOMS_RES": null,
        "EXTERIOR_RES": null,
        "ALLOCATION_PCT_RES": null,
        "TRAV_COUNT": 1,
        "LASTUPDATE": null,
        "CREATED_DATE": 1712330344000,
        "LAST_EDITED_DATE": 1712330533000,
        "GLOBALID": "{21CC2F0B-86D1-47DC-B06C-C44543D0F0CE}",
        "Join_Count_12": 1,
        "TARGET_FID_12": 8052,
        "Code": null,
        "Desc_Cleaned": "Residential Agricultural",
        "Description": "Residential Agricultural Zone (5 Acres)",
        "City": null,
        "Description_detailed": null,
        "Desc": null,
        "Acres": null,
        "CityLU": "RA-5",
        "Unit_Rate": 5,
        "Parcel_Area": 40698,
        "PctDeveloped": null,
        "Slope_Score": 10,
        "GP_Score": 6,
        "Ownership_Type": "Business",
        "Ownership_Score": 5,
        "Wetlands_Score": 10,
        "Municipality_Score": 10,
        "Final_Score": 7.1,
        "OBJECTID_12": 8050,
        "Join_Count_12_13": 0,
        "TARGET_FID_12_13": 8052,
        "Area": null,
        "Shape_Length_12": null,
        "Shape_Area_12": null,
        "STATUS": " ",
        "CARTOCODE": "11",
        "FULLNAME": "17800 W",
        "FROMADDR_L": 101,
        "TOADDR_L": 799,
        "FROMADDR_R": 100,
        "TOADDR_R": 798,
        "PARITY_L": " ",
        "PARITY_R": " ",
        "PREDIR": "N",
        "NAME": "17800",
        "POSTTYPE": " ",
        "POSTDIR": "W",
        "AN_NAME": " ",
        "AN_POSTDIR": " ",
        "A1_PREDIR": " ",
        "A1_NAME": " ",
        "A1_POSTTYP": " ",
        "A1_POSTDIR": " ",
        "A2_PREDIR": " ",
        "A2_NAME": " ",
        "A2_POSTTYP": " ",
        "A2_POSTDIR": " ",
        "QUADRANT_L": "NE",
        "QUADRANT_R": "NE",
        "STATE_L": "UT",
        "STATE_R": "UT",
        "COUNTY_L": "49049",
        "COUNTY_R": "49049",
        "ADDRSYS_L": "Cedar Fort",
        "ADDRSYS_R": "Cedar Fort",
        "POSTCOMM_L": "CEDAR VALLEY",
        "POSTCOMM_R": "CEDAR VALLEY",
        "ZIPCODE_L": "84013",
        "ZIPCODE_R": "84013",
        "INCMUNI_L": "CEDAR FORT",
        "INCMUNI_R": "CEDAR FORT",
        "UNINCCOM_L": " ",
        "UNINCCOM_R": " ",
        "NBRHDCOM_L": " ",
        "NBRHDCOM_R": " ",
        "ER_CAD_ZON": " ",
        "ESN_L": " ",
        "ESN_R": " ",
        "MSAGCOMM_L": " ",
        "MSAGCOMM_R": " ",
        "ONEWAY": "0",
        "VERT_LEVEL": "0",
        "SPEED_LMT": 25,
        "ACCESSCODE": " ",
        "DOT_HWYNAM": " ",
        "DOT_RTNAME": " ",
        "DOT_RTPART": " ",
        "DOT_F_MILE": 0,
        "DOT_T_MILE": 0,
        "DOT_FCLASS": " ",
        "DOT_SRFTYP": " ",
        "DOT_CLASS": "C",
        "DOT_OWN_L": "MU Cedar Fort",
        "DOT_OWN_R": "MU Cedar Fort",
        "DOT_AADT": 0,
        "DOT_AADTYR": " ",
        "DOT_THRULA": 0,
        "BIKE_L": " ",
        "BIKE_R": " ",
        "UNIQUE_ID": "12TVK08076548_17800_W",
        "LOCAL_UID": " ",
        "UTAHRD_UID": " ",
        "SOURCE": " ",
        "UPDATED": 1486425600000,
        "EFFECTIVE": null,
        "EXPIRE": null,
        "CUSTOMTAGS": " ",
        "Shape_STLe": 1396.7385523,
        "START_ELEV": 1512.888427734375,
        "END_ELEV": 1542.975341796875,
        "STEL_FT": 4963.544869248047,
        "ENDEL_FT": 5062.255220380859,
        "ELEV_CHANGE": 98.71035113281232,
        "SLOPE": 2.1535863220119196,
        "IMP_NO_12": null,
        "USE_CODE_12": null,
        "USE_CODE_DESCR_12": null,
        "COST_CLASS_DESCR_12": null,
        "EXTERIOR_WALL_12": null,
        "ABOVE_GRADE_AREA_12": null,
        "MEZZANINE_12": null,
        "BASEMENT_12": null,
        "BSMT_FINISH_12": null,
        "BSMT_UNFINISH_12": null,
        "QUALITY_DESCR_12": null,
        "CONDITION_12": null,
        "CONDITION_DESCR_12": null,
        "YEAR_BUILT_12": null,
        "UNIT_COUNT_12": null,
        "PCT_COMPLETE_12": null,
        "ALLOCATION_PCT_12": null,
        "IMP_NO_23": null,
        "USE_CODE_23": null,
        "USE_CODE_DESCR_23": null,
        "COST_CLASS_DESCR_23": null,
        "EXTERIOR_WALL_23": null,
        "ABOVE_GRADE_AREA_23": null,
        "MEZZANINE_23": null,
        "BASEMENT_23": null,
        "BSMT_FINISH_23": null,
        "BSMT_UNFINISH_23": null,
        "QUALITY_DESCR_23": null,
        "CONDITION_23": null,
        "CONDITION_DESCR_23": null,
        "YEAR_BUILT_23": null,
        "UNIT_COUNT_23": null,
        "PCT_COMPLETE_23": null,
        "ALLOCATION_PCT_23": null,
        "Entry": 42819,
        "Year": 2025,
        "Record_Date": "2025-06-10",
        "Grantor": "PETERSON, PAUL DEC",
        "Grantee": "WHOM OF INTEREST",
        "Tax_Address": "1019 N TIMPVIEW DR AMERICAN FORK, UT 84003",
        "Serial_Number": "58:052:0003",
        "Serial_Number_Available": "Yes",
        "Detail_URL": "https://www.utahcounty.gov/LandRecords/document.asp?avEntry=42819&avYear=2025",
        "Document_Type": "AF DC",
        "Shape_Length_12_13": 2574.009364469399,
        "Shape_Area_12_13": 315269.9658974481,
        "DocType": "AFDC",
        "Shape_Length": 0.009061398967305706,
        "Shape_Area": 4.31388337350206e-06
      }
    },
    {
      "type": "Feature",
      "id": 75,
      "geometry": {
        "type": "Polygon",
        "coordinates": [
          [
            [
              -112.08580291999999,
              40.33332138700007
            ],
            [
              -112.08580291599998,
              40.33332134400007
            ],
            [
              -112.08462225899996,
              40.33331333900003
            ],
            [
              -112.08460711099997,
              40.33412829000008
            ],
            [
              -112.08457553899996,
              40.33594837800007
            ],
            [
              -112.08575159099996,
              40.335948167000026
            ],
            [
              -112.08578946099999,
              40.33413531300005
            ],
            [
              -112.08580291999999,
              40.33332138700007
            ]
          ]
        ]
      },
      "properties": {
        "OBJECTID": 75,
        "Join_Count": 1,
        "TARGET_FID": 11008502,
        "PARCEL_NO": 580520003,
        "PARCELID": "580520003",
        "PARCELID_LABEL": "58:052:0003",
        "OWNER_NAME": "PETERSON, PAUL & MARGERY J",
        "CARE_NAME": "%PETERSON, JONATHAN",
        "ACREAGE": 7.2418000000000005,
        "SITE_FULL_ADDRESS": "CEDAR FORT, UT",
        "SITE_HOUSE_NUM": " ",
        "SITE_PRE_DIR": null,
        "SITE_STREET_NAME": null,
        "SITE_STREET_TYPE": null,
        "SITE_POST_DIR": null,
        "SITE_STREET_UNIT": null,
        "SITE_CITY": "CEDAR FORT",
        "SITE_STATE": "UT",
        "SITE_ZIP5": "84013",
        "OWN_FULL_ADDRESS": "%PETERSON, JONATHAN  552 W 11200 S  WOODLAND HILLS, UT 84653",
        "OWN_STREET_ADDRESS": "552 W 11200 S",
        "OWN_CITY": "WOODLAND HILLS",
        "OWN_STATE": "UT",
        "OWN_ZIP5": "84653",
        "VESTING_DOC": "65878-2001",
        "PARCEL_CREATE_DATE": 347068800000,
        "MAP_FILING_NO": null,
        "SUB_NAME": null,
        "LEGAL_DESCR": "COM S 89 DEG 7' 3\" E 891.87 FT FR S 1/4 COR. SEC. 32 T5S R2W SLB&M.; N 1 DEG 6' 1\" E 296.61 FT; N 1 DEG 17' 28\" E 660.67 FT; S 89 DEG 38' 19\" E 327.94 FT; S 1 DEG 8' 6\" W 663.28 FT; S 1 DEG 11' 22\" W 296.99 FT; N 89 DEG 7' 3\" W 329.25 FT TO BEG. AREA 7.242 AC.",
        "BOOK_PAGE": 58052,
        "LOT": null,
        "BUILDING": null,
        "UNIT": null,
        "TAX_DISTRICT": "050",
        "TAX_DISTRICT_DESCR": "CEDAR FORT CITY",
        "SCHOOL_DISTRICT": "ALPINE",
        "TAXABLE_CODE": 100,
        "ACCOUNT_TYPE": "RESIDENTIAL",
        "PROP_TYPE": 900,
        "PROP_TYPE_DESCR": "VACANT",
        "SPECIFIC_PROP_TYPE": 901,
        "SPC_PROP_TYP_DESCR": "Vac Res",
        "NEIGHBORHOOD": "103",
        "NBHD_DISTRICT": "825",
        "LAND_DISTRICT": 8002,
        "ECONOMIC_UNIT": null,
        "GLA_WEIGHTED_YRBLT": null,
        "TOTAL_ABOVE_GRADE_AREA": null,
        "TOTAL_MEZZANINE": null,
        "TOTAL_BASEMENT": null,
        "TOTAL_BSMT_FINISH": null,
        "TOTAL_UNIT_COUNT": null,
        "TOTAL_IMP_COUNT": null,
        "ASMT_YEAR": 2026,
        "ASMT_CODE": "V",
        "ASMT_CODE_DESCR": "VACANT",
        "MKT_LAND_VALUE": 54000,
        "MKT_LAND_RES": 0,
        "MKT_LAND_AGR": 54000,
        "MKT_LAND_COM": 0,
        "MKT_IMP_VALUE": 0,
        "MKT_IMP_RES": 0,
        "MKT_IMP_AGR": 0,
        "MKT_IMP_COM": 0,
        "MKT_CUR_VALUE": 54000,
        "MKT_PRV_VAL": 54000,
        "MKT_VAL_YR_CHG": 0,
        "MKT_PCT_CHG": 0,
        "TXBL_CUR_VALUE": 3606,
        "TXBL_PRV_VAL": 3606,
        "TXBL_VAL_YR_CHG": 0,
        "TXBL_PCT_CHG": 0,
        "TOT_CUR_TAXES": 0,
        "TOT_PRV_TAXES": 0,
        "TAXES_YR_CHG": 0,
        "TAXES_PCT_CHG": 0,
        "GREENBELT": "GB",
        "EXEMPT_RES": "N",
        "COMMON_AREA": null,
        "PUBLIC_ROAD": null,
        "PRIVATE_ROAD": null,
        "PART_CENTRAL_ASSD": null,
        "PART_TAXABLE": null,
        "IMP_NO_RES": null,
        "COST_GROUP_RES": null,
        "STYLE_DESCR_RES": null,
        "QUALITY_RES": null,
        "QUALITY_DESCR_RES": null,
        "CONDITION_RES": null,
        "CONDITION_DESCR_RES": null,
        "YEARBLT_RES": null,
        "GLA_RES": null,
        "BASEMENT_RES": null,
        "BSMT_FINISH_RES": null,
        "ATT_GARAGE_SQFT_RES": null,
        "BATHROOMS_RES": null,
        "GLA_BEDROOMS_RES": null,
        "EXTERIOR_RES": null,
        "ALLOCATION_PCT_RES": null,
        "TRAV_COUNT": 1,
        "LASTUPDATE": null,
        "CREATED_DATE": 1712330344000,
        "LAST_EDITED_DATE": 1712330533000,
        "GLOBALID": "{F0AB0281-31DE-4A88-AEDA-64C818E8ACC3}",
        "Join_Count_12": 1,
        "TARGET_FID_12": 8053,
        "Code": null,
        "Desc_Cleaned": "Residential Agricultural",
        "Description": "Residential Agricultural Zone (5 Acres)",
        "City": null,
        "Description_detailed": null,
        "Desc": null,
        "Acres": null,
        "CityLU": "RA-5",
        "Unit_Rate": 5,
        "Parcel_Area": 29290,
        "PctDeveloped": null,
        "Slope_Score": 10,
        "GP_Score": 6,
        "Ownership_Type": "Private",
        "Ownership_Score": 10,
        "Wetlands_Score": 10,
        "Municipality_Score": 10,
        "Final_Score": 8.6,
        "OBJECTID_12": 8051,
        "Join_Count_12_13": 0,
        "TARGET_FID_12_13": 8053,
        "Area": null,
        "Shape_Length_12": null,
        "Shape_Area_12": null,
        "STATUS": " ",
        "CARTOCODE": "11",
        "FULLNAME": "17800 W",
        "FROMADDR_L": 101,
        "TOADDR_L": 799,
        "FROMADDR_R": 100,
        "TOADDR_R": 798,
        "PARITY_L": " ",
        "PARITY_R": " ",
        "PREDIR": "N",
        "NAME": "17800",
        "POSTTYPE": " ",
        "POSTDIR": "W",
        "AN_NAME": " ",
        "AN_POSTDIR": " ",
        "A1_PREDIR": " ",
        "A1_NAME": " ",
        "A1_POSTTYP": " ",
        "A1_POSTDIR": " ",
        "A2_PREDIR": " ",
        "A2_NAME": " ",
        "A2_POSTTYP": " ",
        "A2_POSTDIR": " ",
        "QUADRANT_L": "NE",
        "QUADRANT_R": "NE",
        "STATE_L": "UT",
        "STATE_R": "UT",
        "COUNTY_L": "49049",
        "COUNTY_R": "49049",
        "ADDRSYS_L": "Cedar Fort",
        "ADDRSYS_R": "Cedar Fort",
        "POSTCOMM_L": "CEDAR VALLEY",
        "POSTCOMM_R": "CEDAR VALLEY",
        "ZIPCODE_L": "84013",
        "ZIPCODE_R": "84013",
        "INCMUNI_L": "CEDAR FORT",
        "INCMUNI_R": "CEDAR FORT",
        "UNINCCOM_L": " ",
        "UNINCCOM_R": " ",
        "NBRHDCOM_L": " ",
        "NBRHDCOM_R": " ",
        "ER_CAD_ZON": " ",
        "ESN_L": " ",
        "ESN_R": " ",
        "MSAGCOMM_L": " ",
        "MSAGCOMM_R": " ",
        "ONEWAY": "0",
        "VERT_LEVEL": "0",
        "SPEED_LMT": 25,
        "ACCESSCODE": " ",
        "DOT_HWYNAM": " ",
        "DOT_RTNAME": " ",
        "DOT_RTPART": " ",
        "DOT_F_MILE": 0,
        "DOT_T_MILE": 0,
        "DOT_FCLASS": " ",
        "DOT_SRFTYP": " ",
        "DOT_CLASS": "C",
        "DOT_OWN_L": "MU Cedar Fort",
        "DOT_OWN_R": "MU Cedar Fort",
        "DOT_AADT": 0,
        "DOT_AADTYR": " ",
        "DOT_THRULA": 0,
        "BIKE_L": " ",
        "BIKE_R": " ",
        "UNIQUE_ID": "12TVK08076548_17800_W",
        "LOCAL_UID": " ",
        "UTAHRD_UID": " ",
        "SOURCE": " ",
        "UPDATED": 1486425600000,
        "EFFECTIVE": null,
        "EXPIRE": null,
        "CUSTOMTAGS": " ",
        "Shape_STLe": 1396.7385523,
        "START_ELEV": 1512.888427734375,
        "END_ELEV": 1542.975341796875,
        "STEL_FT": 4963.544869248047,
        "ENDEL_FT": 5062.255220380859,
        "ELEV_CHANGE": 98.71035113281232,
        "SLOPE": 2.1535863220119196,
        "IMP_NO_12": null,
        "USE_CODE_12": null,
        "USE_CODE_DESCR_12": null,
        "COST_CLASS_DESCR_12": null,
        "EXTERIOR_WALL_12": null,
        "ABOVE_GRADE_AREA_12": null,
        "MEZZANINE_12": null,
        "BASEMENT_12": null,
        "BSMT_FINISH_12": null,
        "BSMT_UNFINISH_12": null,
        "QUALITY_DESCR_12": null,
        "CONDITION_12": null,
        "CONDITION_DESCR_12": null,
        "YEAR_BUILT_12": null,
        "UNIT_COUNT_12": null,
        "PCT_COMPLETE_12": null,
        "ALLOCATION_PCT_12": null,
        "IMP_NO_23": null,
        "USE_CODE_23": null,
        "USE_CODE_DESCR_23": null,
        "COST_CLASS_DESCR_23": null,
        "EXTERIOR_WALL_23": null,
        "ABOVE_GRADE_AREA_23": null,
        "MEZZANINE_23": null,
        "BASEMENT_23": null,
        "BSMT_FINISH_23": null,
        "BSMT_UNFINISH_23": null,
        "QUALITY_DESCR_23": null,
        "CONDITION_23": null,
        "CONDITION_DESCR_23": null,
        "YEAR_BUILT_23": null,
        "UNIT_COUNT_23": null,
        "PCT_COMPLETE_23": null,
        "ALLOCATION_PCT_23": null,
        "Entry": 42819,
        "Year": 2025,
        "Record_Date": "2025-06-10",
        "Grantor": "PETERSON, PAUL DEC",
        "Grantee": "WHOM OF INTEREST",
        "Tax_Address": "1019 N TIMPVIEW DR AMERICAN FORK, UT 84003",
        "Serial_Number": "58:052:0003",
        "Serial_Number_Available": "Yes",
        "Detail_URL": "https://www.utahcounty.gov/LandRecords/document.asp?avEntry=42819&avYear=2025",
        "Document_Type": "AF DC",
        "Shape_Length_12_13": 2574.009364469399,
        "Shape_Area_12_13": 315269.9658974481,
        "DocType": "AFDC",
        "Shape_Length": 0.007619519696424598,
        "Shape_Area": 3.1044993987435554e-06
      }
    },
    {
      "type": "Feature",
      "id": 76,
      "geometry": {
        "type": "Polygon",
        "coordinates": [
          [
            [
              -112.07465530599995,
              40.320120142000064
            ],
            [
              -112.07619337299997,
              40.32011256800007
            ],
            [
              -112.07616288799994,
              40.31649016800003
            ],
            [
              -112.07462490199998,
              40.316497741000035
            ],
            [
              -112.07465530599995,
              40.320120142000064
            ]
          ]
        ]
      },
      "properties": {
        "OBJECTID": 76,
        "Join_Count": 1,
        "TARGET_FID": 11008537,
        "PARCEL_NO": 590410006,
        "PARCELID": "590410006",
        "PARCELID_LABEL": "59:041:0006",
        "OWNER_NAME": "PETERSON, JAY RONALD & JUDY C",
        "CARE_NAME": null,
        "ACREAGE": 13,
        "SITE_FULL_ADDRESS": "CEDAR FORT, UT",
        "SITE_HOUSE_NUM": " ",
        "SITE_PRE_DIR": null,
        "SITE_STREET_NAME": null,
        "SITE_STREET_TYPE": null,
        "SITE_POST_DIR": null,
        "SITE_STREET_UNIT": null,
        "SITE_CITY": "CEDAR FORT",
        "SITE_STATE": "UT",
        "SITE_ZIP5": "84013",
        "OWN_FULL_ADDRESS": "2169 E 200 N  SAINT ANTHONY, ID 83445-5600",
        "OWN_STREET_ADDRESS": "2169 E 200 N",
        "OWN_CITY": "SAINT ANTHONY",
        "OWN_STATE": "ID",
        "OWN_ZIP5": "83445",
        "VESTING_DOC": "26629-1990",
        "PARCEL_CREATE_DATE": 347068800000,
        "MAP_FILING_NO": null,
        "SUB_NAME": null,
        "LEGAL_DESCR": "COM W 8.5 CH FR N 1/4 COR. SEC. 9 T6 R2W SLB&M.; W 6.5 CH; S 20 CH; E 6.5 CH; N 20 CH TO BEG. AREA 13.000 AC.",
        "BOOK_PAGE": 59041,
        "LOT": null,
        "BUILDING": null,
        "UNIT": null,
        "TAX_DISTRICT": "050",
        "TAX_DISTRICT_DESCR": "CEDAR FORT CITY",
        "SCHOOL_DISTRICT": "ALPINE",
        "TAXABLE_CODE": 100,
        "ACCOUNT_TYPE": "RESIDENTIAL",
        "PROP_TYPE": 900,
        "PROP_TYPE_DESCR": "VACANT",
        "SPECIFIC_PROP_TYPE": 901,
        "SPC_PROP_TYP_DESCR": "Vac Res",
        "NEIGHBORHOOD": "103",
        "NBHD_DISTRICT": "825",
        "LAND_DISTRICT": 8002,
        "ECONOMIC_UNIT": null,
        "GLA_WEIGHTED_YRBLT": null,
        "TOTAL_ABOVE_GRADE_AREA": null,
        "TOTAL_MEZZANINE": null,
        "TOTAL_BASEMENT": null,
        "TOTAL_BSMT_FINISH": null,
        "TOTAL_UNIT_COUNT": null,
        "TOTAL_IMP_COUNT": null,
        "ASMT_YEAR": 2026,
        "ASMT_CODE": "V",
        "ASMT_CODE_DESCR": "VACANT",
        "MKT_LAND_VALUE": 95800,
        "MKT_LAND_RES": 0,
        "MKT_LAND_AGR": 95800,
        "MKT_LAND_COM": 0,
        "MKT_IMP_VALUE": 0,
        "MKT_IMP_RES": 0,
        "MKT_IMP_AGR": 0,
        "MKT_IMP_COM": 0,
        "MKT_CUR_VALUE": 95800,
        "MKT_PRV_VAL": 95800,
        "MKT_VAL_YR_CHG": 0,
        "MKT_PCT_CHG": 0,
        "TXBL_CUR_VALUE": 6474,
        "TXBL_PRV_VAL": 6474,
        "TXBL_VAL_YR_CHG": 0,
        "TXBL_PCT_CHG": 0,
        "TOT_CUR_TAXES": 0,
        "TOT_PRV_TAXES": 0,
        "TAXES_YR_CHG": 0,
        "TAXES_PCT_CHG": 0,
        "GREENBELT": "GB",
        "EXEMPT_RES": "N",
        "COMMON_AREA": null,
        "PUBLIC_ROAD": null,
        "PRIVATE_ROAD": null,
        "PART_CENTRAL_ASSD": null,
        "PART_TAXABLE": null,
        "IMP_NO_RES": null,
        "COST_GROUP_RES": null,
        "STYLE_DESCR_RES": null,
        "QUALITY_RES": null,
        "QUALITY_DESCR_RES": null,
        "CONDITION_RES": null,
        "CONDITION_DESCR_RES": null,
        "YEARBLT_RES": null,
        "GLA_RES": null,
        "BASEMENT_RES": null,
        "BSMT_FINISH_RES": null,
        "ATT_GARAGE_SQFT_RES": null,
        "BATHROOMS_RES": null,
        "GLA_BEDROOMS_RES": null,
        "EXTERIOR_RES": null,
        "ALLOCATION_PCT_RES": null,
        "TRAV_COUNT": 1,
        "LASTUPDATE": null,
        "CREATED_DATE": 1712330344000,
        "LAST_EDITED_DATE": 1712330533000,
        "GLOBALID": "{A4DD7093-113D-4A50-A890-6B3459A3C272}",
        "Join_Count_12": 0,
        "TARGET_FID_12": 8070,
        "Code": null,
        "Desc_Cleaned": "Residential Agricultural",
        "Description": "Residential Agricultural Zone (5 Acres)",
        "City": null,
        "Description_detailed": null,
        "Desc": null,
        "Acres": null,
        "CityLU": "RA-5",
        "Unit_Rate": 5,
        "Parcel_Area": 52578,
        "PctDeveloped": null,
        "Slope_Score": 0,
        "GP_Score": 6,
        "Ownership_Type": "Private",
        "Ownership_Score": 10,
        "Wetlands_Score": 10,
        "Municipality_Score": 10,
        "Final_Score": 7.1,
        "OBJECTID_12": 8068,
        "Join_Count_12_13": 0,
        "TARGET_FID_12_13": 8070,
        "Area": null,
        "Shape_Length_12": null,
        "Shape_Area_12": null,
        "STATUS": null,
        "CARTOCODE": null,
        "FULLNAME": null,
        "FROMADDR_L": null,
        "TOADDR_L": null,
        "FROMADDR_R": null,
        "TOADDR_R": null,
        "PARITY_L": null,
        "PARITY_R": null,
        "PREDIR": null,
        "NAME": null,
        "POSTTYPE": null,
        "POSTDIR": null,
        "AN_NAME": null,
        "AN_POSTDIR": null,
        "A1_PREDIR": null,
        "A1_NAME": null,
        "A1_POSTTYP": null,
        "A1_POSTDIR": null,
        "A2_PREDIR": null,
        "A2_NAME": null,
        "A2_POSTTYP": null,
        "A2_POSTDIR": null,
        "QUADRANT_L": null,
        "QUADRANT_R": null,
        "STATE_L": null,
        "STATE_R": null,
        "COUNTY_L": null,
        "COUNTY_R": null,
        "ADDRSYS_L": null,
        "ADDRSYS_R": null,
        "POSTCOMM_L": null,
        "POSTCOMM_R": null,
        "ZIPCODE_L": null,
        "ZIPCODE_R": null,
        "INCMUNI_L": null,
        "INCMUNI_R": null,
        "UNINCCOM_L": null,
        "UNINCCOM_R": null,
        "NBRHDCOM_L": null,
        "NBRHDCOM_R": null,
        "ER_CAD_ZON": null,
        "ESN_L": null,
        "ESN_R": null,
        "MSAGCOMM_L": null,
        "MSAGCOMM_R": null,
        "ONEWAY": null,
        "VERT_LEVEL": null,
        "SPEED_LMT": null,
        "ACCESSCODE": null,
        "DOT_HWYNAM": null,
        "DOT_RTNAME": null,
        "DOT_RTPART": null,
        "DOT_F_MILE": null,
        "DOT_T_MILE": null,
        "DOT_FCLASS": null,
        "DOT_SRFTYP": null,
        "DOT_CLASS": null,
        "DOT_OWN_L": null,
        "DOT_OWN_R": null,
        "DOT_AADT": null,
        "DOT_AADTYR": null,
        "DOT_THRULA": null,
        "BIKE_L": null,
        "BIKE_R": null,
        "UNIQUE_ID": null,
        "LOCAL_UID": null,
        "UTAHRD_UID": null,
        "SOURCE": null,
        "UPDATED": null,
        "EFFECTIVE": null,
        "EXPIRE": null,
        "CUSTOMTAGS": null,
        "Shape_STLe": null,
        "START_ELEV": null,
        "END_ELEV": null,
        "STEL_FT": null,
        "ENDEL_FT": null,
        "ELEV_CHANGE": null,
        "SLOPE": null,
        "IMP_NO_12": null,
        "USE_CODE_12": null,
        "USE_CODE_DESCR_12": null,
        "COST_CLASS_DESCR_12": null,
        "EXTERIOR_WALL_12": null,
        "ABOVE_GRADE_AREA_12": null,
        "MEZZANINE_12": null,
        "BASEMENT_12": null,
        "BSMT_FINISH_12": null,
        "BSMT_UNFINISH_12": null,
        "QUALITY_DESCR_12": null,
        "CONDITION_12": null,
        "CONDITION_DESCR_12": null,
        "YEAR_BUILT_12": null,
        "UNIT_COUNT_12": null,
        "PCT_COMPLETE_12": null,
        "ALLOCATION_PCT_12": null,
        "IMP_NO_23": null,
        "USE_CODE_23": null,
        "USE_CODE_DESCR_23": null,
        "COST_CLASS_DESCR_23": null,
        "EXTERIOR_WALL_23": null,
        "ABOVE_GRADE_AREA_23": null,
        "MEZZANINE_23": null,
        "BASEMENT_23": null,
        "BSMT_FINISH_23": null,
        "BSMT_UNFINISH_23": null,
        "QUALITY_DESCR_23": null,
        "CONDITION_23": null,
        "CONDITION_DESCR_23": null,
        "YEAR_BUILT_23": null,
        "UNIT_COUNT_23": null,
        "PCT_COMPLETE_23": null,
        "ALLOCATION_PCT_23": null,
        "Entry": 42819,
        "Year": 2025,
        "Record_Date": "2025-06-10",
        "Grantor": "PETERSON, PAUL DEC",
        "Grantee": "WHOM OF INTEREST",
        "Tax_Address": "1019 N TIMPVIEW DR AMERICAN FORK, UT 84003",
        "Serial_Number": "59:041:0006",
        "Serial_Number_Available": "Yes",
        "Detail_URL": "https://www.utahcounty.gov/LandRecords/document.asp?avEntry=42819&avYear=2025",
        "Document_Type": "AF DC",
        "Shape_Length_12_13": 3496.9496989548206,
        "Shape_Area_12_13": 565939.9913141232,
        "DocType": "AFDC",
        "Shape_Length": 0.01032114716002734,
        "Shape_Area": 5.571578534037868e-06
      }
    },
    {
      "type": "Feature",
      "id": 77,
      "geometry": {
        "type": "Polygon",
        "coordinates": [
          [
            [
              -112.07465530599995,
              40.320120142000064
            ],
            [
              -112.07462490199998,
              40.316497741000035
            ],
            [
              -112.07261368899998,
              40.316507614000045
            ],
            [
              -112.07264398699999,
              40.320130016000064
            ],
            [
              -112.07465530599995,
              40.320120142000064
            ]
          ]
        ]
      },
      "properties": {
        "OBJECTID": 77,
        "Join_Count": 1,
        "TARGET_FID": 11008541,
        "PARCEL_NO": 590410018,
        "PARCELID": "590410018",
        "PARCELID_LABEL": "59:041:0018",
        "OWNER_NAME": "PETERSON, JAY R & JUDY ANN C",
        "CARE_NAME": null,
        "ACREAGE": 17,
        "SITE_FULL_ADDRESS": "CEDAR FORT, UT",
        "SITE_HOUSE_NUM": " ",
        "SITE_PRE_DIR": null,
        "SITE_STREET_NAME": null,
        "SITE_STREET_TYPE": null,
        "SITE_POST_DIR": null,
        "SITE_STREET_UNIT": null,
        "SITE_CITY": "CEDAR FORT",
        "SITE_STATE": "UT",
        "SITE_ZIP5": "84013",
        "OWN_FULL_ADDRESS": "2169 E 200 N  SAINT ANTHONY, ID 83445-5600",
        "OWN_STREET_ADDRESS": "2169 E 200 N",
        "OWN_CITY": "SAINT ANTHONY",
        "OWN_STATE": "ID",
        "OWN_ZIP5": "83445",
        "VESTING_DOC": "20970-2000",
        "PARCEL_CREATE_DATE": 410140800000,
        "MAP_FILING_NO": null,
        "SUB_NAME": null,
        "LEGAL_DESCR": "COM AT N 1/4 COR. SEC. 9 T6 R2W SLB&M.; W 8.5 CH; S 20 CH; E 8.5 CH; N 20 CH TO BEG. AREA 17.000 AC.",
        "BOOK_PAGE": 59041,
        "LOT": null,
        "BUILDING": null,
        "UNIT": null,
        "TAX_DISTRICT": "050",
        "TAX_DISTRICT_DESCR": "CEDAR FORT CITY",
        "SCHOOL_DISTRICT": "ALPINE",
        "TAXABLE_CODE": 100,
        "ACCOUNT_TYPE": "RESIDENTIAL",
        "PROP_TYPE": 900,
        "PROP_TYPE_DESCR": "VACANT",
        "SPECIFIC_PROP_TYPE": 901,
        "SPC_PROP_TYP_DESCR": "Vac Res",
        "NEIGHBORHOOD": "103",
        "NBHD_DISTRICT": "825",
        "LAND_DISTRICT": 8002,
        "ECONOMIC_UNIT": null,
        "GLA_WEIGHTED_YRBLT": null,
        "TOTAL_ABOVE_GRADE_AREA": null,
        "TOTAL_MEZZANINE": null,
        "TOTAL_BASEMENT": null,
        "TOTAL_BSMT_FINISH": null,
        "TOTAL_UNIT_COUNT": null,
        "TOTAL_IMP_COUNT": null,
        "ASMT_YEAR": 2026,
        "ASMT_CODE": "V",
        "ASMT_CODE_DESCR": "VACANT",
        "MKT_LAND_VALUE": 125300,
        "MKT_LAND_RES": 0,
        "MKT_LAND_AGR": 125300,
        "MKT_LAND_COM": 0,
        "MKT_IMP_VALUE": 0,
        "MKT_IMP_RES": 0,
        "MKT_IMP_AGR": 0,
        "MKT_IMP_COM": 0,
        "MKT_CUR_VALUE": 125300,
        "MKT_PRV_VAL": 125300,
        "MKT_VAL_YR_CHG": 0,
        "MKT_PCT_CHG": 0,
        "TXBL_CUR_VALUE": 8466,
        "TXBL_PRV_VAL": 8466,
        "TXBL_VAL_YR_CHG": 0,
        "TXBL_PCT_CHG": 0,
        "TOT_CUR_TAXES": 0,
        "TOT_PRV_TAXES": 0,
        "TAXES_YR_CHG": 0,
        "TAXES_PCT_CHG": 0,
        "GREENBELT": "GB",
        "EXEMPT_RES": "N",
        "COMMON_AREA": null,
        "PUBLIC_ROAD": null,
        "PRIVATE_ROAD": null,
        "PART_CENTRAL_ASSD": null,
        "PART_TAXABLE": null,
        "IMP_NO_RES": null,
        "COST_GROUP_RES": null,
        "STYLE_DESCR_RES": null,
        "QUALITY_RES": null,
        "QUALITY_DESCR_RES": null,
        "CONDITION_RES": null,
        "CONDITION_DESCR_RES": null,
        "YEARBLT_RES": null,
        "GLA_RES": null,
        "BASEMENT_RES": null,
        "BSMT_FINISH_RES": null,
        "ATT_GARAGE_SQFT_RES": null,
        "BATHROOMS_RES": null,
        "GLA_BEDROOMS_RES": null,
        "EXTERIOR_RES": null,
        "ALLOCATION_PCT_RES": null,
        "TRAV_COUNT": 1,
        "LASTUPDATE": null,
        "CREATED_DATE": 1712330344000,
        "LAST_EDITED_DATE": 1712330533000,
        "GLOBALID": "{1496DE6F-7189-4B96-AC62-42F1A8759C71}",
        "Join_Count_12": 0,
        "TARGET_FID_12": 8073,
        "Code": null,
        "Desc_Cleaned": "Residential Agricultural",
        "Description": "Residential Agricultural Zone (5 Acres)",
        "City": null,
        "Description_detailed": null,
        "Desc": null,
        "Acres": null,
        "CityLU": "RA-5",
        "Unit_Rate": 5,
        "Parcel_Area": 68756,
        "PctDeveloped": null,
        "Slope_Score": 0,
        "GP_Score": 6,
        "Ownership_Type": "Private",
        "Ownership_Score": 10,
        "Wetlands_Score": 10,
        "Municipality_Score": 10,
        "Final_Score": 7.1,
        "OBJECTID_12": 8071,
        "Join_Count_12_13": 0,
        "TARGET_FID_12_13": 8073,
        "Area": null,
        "Shape_Length_12": null,
        "Shape_Area_12": null,
        "STATUS": null,
        "CARTOCODE": null,
        "FULLNAME": null,
        "FROMADDR_L": null,
        "TOADDR_L": null,
        "FROMADDR_R": null,
        "TOADDR_R": null,
        "PARITY_L": null,
        "PARITY_R": null,
        "PREDIR": null,
        "NAME": null,
        "POSTTYPE": null,
        "POSTDIR": null,
        "AN_NAME": null,
        "AN_POSTDIR": null,
        "A1_PREDIR": null,
        "A1_NAME": null,
        "A1_POSTTYP": null,
        "A1_POSTDIR": null,
        "A2_PREDIR": null,
        "A2_NAME": null,
        "A2_POSTTYP": null,
        "A2_POSTDIR": null,
        "QUADRANT_L": null,
        "QUADRANT_R": null,
        "STATE_L": null,
        "STATE_R": null,
        "COUNTY_L": null,
        "COUNTY_R": null,
        "ADDRSYS_L": null,
        "ADDRSYS_R": null,
        "POSTCOMM_L": null,
        "POSTCOMM_R": null,
        "ZIPCODE_L": null,
        "ZIPCODE_R": null,
        "INCMUNI_L": null,
        "INCMUNI_R": null,
        "UNINCCOM_L": null,
        "UNINCCOM_R": null,
        "NBRHDCOM_L": null,
        "NBRHDCOM_R": null,
        "ER_CAD_ZON": null,
        "ESN_L": null,
        "ESN_R": null,
        "MSAGCOMM_L": null,
        "MSAGCOMM_R": null,
        "ONEWAY": null,
        "VERT_LEVEL": null,
        "SPEED_LMT": null,
        "ACCESSCODE": null,
        "DOT_HWYNAM": null,
        "DOT_RTNAME": null,
        "DOT_RTPART": null,
        "DOT_F_MILE": null,
        "DOT_T_MILE": null,
        "DOT_FCLASS": null,
        "DOT_SRFTYP": null,
        "DOT_CLASS": null,
        "DOT_OWN_L": null,
        "DOT_OWN_R": null,
        "DOT_AADT": null,
        "DOT_AADTYR": null,
        "DOT_THRULA": null,
        "BIKE_L": null,
        "BIKE_R": null,
        "UNIQUE_ID": null,
        "LOCAL_UID": null,
        "UTAHRD_UID": null,
        "SOURCE": null,
        "UPDATED": null,
        "EFFECTIVE": null,
        "EXPIRE": null,
        "CUSTOMTAGS": null,
        "Shape_STLe": null,
        "START_ELEV": null,
        "END_ELEV": null,
        "STEL_FT": null,
        "ENDEL_FT": null,
        "ELEV_CHANGE": null,
        "SLOPE": null,
        "IMP_NO_12": null,
        "USE_CODE_12": null,
        "USE_CODE_DESCR_12": null,
        "COST_CLASS_DESCR_12": null,
        "EXTERIOR_WALL_12": null,
        "ABOVE_GRADE_AREA_12": null,
        "MEZZANINE_12": null,
        "BASEMENT_12": null,
        "BSMT_FINISH_12": null,
        "BSMT_UNFINISH_12": null,
        "QUALITY_DESCR_12": null,
        "CONDITION_12": null,
        "CONDITION_DESCR_12": null,
        "YEAR_BUILT_12": null,
        "UNIT_COUNT_12": null,
        "PCT_COMPLETE_12": null,
        "ALLOCATION_PCT_12": null,
        "IMP_NO_23": null,
        "USE_CODE_23": null,
        "USE_CODE_DESCR_23": null,
        "COST_CLASS_DESCR_23": null,
        "EXTERIOR_WALL_23": null,
        "ABOVE_GRADE_AREA_23": null,
        "MEZZANINE_23": null,
        "BASEMENT_23": null,
        "BSMT_FINISH_23": null,
        "BSMT_UNFINISH_23": null,
        "QUALITY_DESCR_23": null,
        "CONDITION_23": null,
        "CONDITION_DESCR_23": null,
        "YEAR_BUILT_23": null,
        "UNIT_COUNT_23": null,
        "PCT_COMPLETE_23": null,
        "ALLOCATION_PCT_23": null,
        "Entry": 42819,
        "Year": 2025,
        "Record_Date": "2025-06-10",
        "Grantor": "PETERSON, PAUL DEC",
        "Grantee": "WHOM OF INTEREST",
        "Tax_Address": "1019 N TIMPVIEW DR AMERICAN FORK, UT 84003",
        "Serial_Number": "59:041:0006",
        "Serial_Number_Available": "Yes",
        "Detail_URL": "https://www.utahcounty.gov/LandRecords/document.asp?avEntry=42819&avYear=2025",
        "Document_Type": "AF DC",
        "Shape_Length_12_13": 3496.9496989548206,
        "Shape_Area_12_13": 565939.9913141232,
        "DocType": "AFDC",
        "Shape_Length": 0.011267637767798117,
        "Shape_Area": 7.28591264588306e-06
      }
    },
    {
      "type": "Feature",
      "id": 78,
      "geometry": {
        "type": "Polygon",
        "coordinates": [
          [
            [
              -112.08225444599998,
              40.33232508400005
            ],
            [
              -112.08346462699996,
              40.33232935500007
            ],
            [
              -112.08350750999995,
              40.32865132000006
            ],
            [
              -112.08227619799999,
              40.328635503000044
            ],
            [
              -112.08225444599998,
              40.33232508400005
            ]
          ]
        ]
      },
      "properties": {
        "OBJECTID": 78,
        "Join_Count": 1,
        "TARGET_FID": 11008760,
        "PARCEL_NO": 590370066,
        "PARCELID": "590370066",
        "PARCELID_LABEL": "59:037:0066",
        "OWNER_NAME": "PETERSON, PAUL & MARGERY J",
        "CARE_NAME": "%PETERSON, JONATHAN",
        "ACREAGE": 10.43,
        "SITE_FULL_ADDRESS": "CEDAR FORT, UT",
        "SITE_HOUSE_NUM": " ",
        "SITE_PRE_DIR": null,
        "SITE_STREET_NAME": null,
        "SITE_STREET_TYPE": null,
        "SITE_POST_DIR": null,
        "SITE_STREET_UNIT": null,
        "SITE_CITY": "CEDAR FORT",
        "SITE_STATE": "UT",
        "SITE_ZIP5": "84013",
        "OWN_FULL_ADDRESS": "%PETERSON, JONATHAN  552 W 11200 S  WOODLAND HILLS, UT 84653",
        "OWN_STREET_ADDRESS": "552 W 11200 S",
        "OWN_CITY": "WOODLAND HILLS",
        "OWN_STATE": "UT",
        "OWN_ZIP5": "84653",
        "VESTING_DOC": "65878-2001",
        "PARCEL_CREATE_DATE": 410140800000,
        "MAP_FILING_NO": null,
        "SUB_NAME": null,
        "LEGAL_DESCR": "COM IN FENCE COR IN INTERSEC OF S LINE OF LANE & W LINE OF ST S 353.64 FT & W 34.12 FT FR NE COR SEC 5, T6S, R2W, SLM; (BASED ON UT ST COORDINATE SYSTEM, CEN ZONE) ALONG FOLLOWING FENCE LINES TO FENCE CORS: S 37'54\"W ON W LINE OF ST 1344.48 FT IN N LINE OF E-W ST; N 88 39'54\"W ON N LINE OF ST 343.44 FT; N 53'06\"E 1340.31 FT ON S LINE OF LANE; S 89 21'43\"E ONLINE OF LANE 337.48 FT TO BEG.  AREA 10.430 ACRES.",
        "BOOK_PAGE": 59037,
        "LOT": null,
        "BUILDING": null,
        "UNIT": null,
        "TAX_DISTRICT": "050",
        "TAX_DISTRICT_DESCR": "CEDAR FORT CITY",
        "SCHOOL_DISTRICT": "ALPINE",
        "TAXABLE_CODE": 100,
        "ACCOUNT_TYPE": "RESIDENTIAL",
        "PROP_TYPE": 900,
        "PROP_TYPE_DESCR": "VACANT",
        "SPECIFIC_PROP_TYPE": 901,
        "SPC_PROP_TYP_DESCR": "Vac Res",
        "NEIGHBORHOOD": "103",
        "NBHD_DISTRICT": "825",
        "LAND_DISTRICT": 8037,
        "ECONOMIC_UNIT": null,
        "GLA_WEIGHTED_YRBLT": null,
        "TOTAL_ABOVE_GRADE_AREA": null,
        "TOTAL_MEZZANINE": null,
        "TOTAL_BASEMENT": null,
        "TOTAL_BSMT_FINISH": null,
        "TOTAL_UNIT_COUNT": null,
        "TOTAL_IMP_COUNT": null,
        "ASMT_YEAR": 2026,
        "ASMT_CODE": "V",
        "ASMT_CODE_DESCR": "VACANT",
        "MKT_LAND_VALUE": 345400,
        "MKT_LAND_RES": 0,
        "MKT_LAND_AGR": 345400,
        "MKT_LAND_COM": 0,
        "MKT_IMP_VALUE": 0,
        "MKT_IMP_RES": 0,
        "MKT_IMP_AGR": 0,
        "MKT_IMP_COM": 0,
        "MKT_CUR_VALUE": 345400,
        "MKT_PRV_VAL": 345400,
        "MKT_VAL_YR_CHG": 0,
        "MKT_PCT_CHG": 0,
        "TXBL_CUR_VALUE": 5194,
        "TXBL_PRV_VAL": 5194,
        "TXBL_VAL_YR_CHG": 0,
        "TXBL_PCT_CHG": 0,
        "TOT_CUR_TAXES": 0,
        "TOT_PRV_TAXES": 0,
        "TAXES_YR_CHG": 0,
        "TAXES_PCT_CHG": 0,
        "GREENBELT": "GB",
        "EXEMPT_RES": "N",
        "COMMON_AREA": null,
        "PUBLIC_ROAD": null,
        "PRIVATE_ROAD": null,
        "PART_CENTRAL_ASSD": null,
        "PART_TAXABLE": null,
        "IMP_NO_RES": null,
        "COST_GROUP_RES": null,
        "STYLE_DESCR_RES": null,
        "QUALITY_RES": null,
        "QUALITY_DESCR_RES": null,
        "CONDITION_RES": null,
        "CONDITION_DESCR_RES": null,
        "YEARBLT_RES": null,
        "GLA_RES": null,
        "BASEMENT_RES": null,
        "BSMT_FINISH_RES": null,
        "ATT_GARAGE_SQFT_RES": null,
        "BATHROOMS_RES": null,
        "GLA_BEDROOMS_RES": null,
        "EXTERIOR_RES": null,
        "ALLOCATION_PCT_RES": null,
        "TRAV_COUNT": 1,
        "LASTUPDATE": null,
        "CREATED_DATE": 1712330344000,
        "LAST_EDITED_DATE": 1712330533000,
        "GLOBALID": "{8431F447-7416-489A-A811-ABE92866850A}",
        "Join_Count_12": 1,
        "TARGET_FID_12": 8150,
        "Code": null,
        "Desc_Cleaned": "Residential Agricultural",
        "Description": "Residential Agricultural Zone (5 Acres)",
        "City": null,
        "Description_detailed": null,
        "Desc": null,
        "Acres": null,
        "CityLU": "RA-5",
        "Unit_Rate": 5,
        "Parcel_Area": 42433,
        "PctDeveloped": null,
        "Slope_Score": 10,
        "GP_Score": 6,
        "Ownership_Type": "Private",
        "Ownership_Score": 10,
        "Wetlands_Score": 0,
        "Municipality_Score": 10,
        "Final_Score": 7.6,
        "OBJECTID_12": 8148,
        "Join_Count_12_13": 0,
        "TARGET_FID_12_13": 8150,
        "Area": null,
        "Shape_Length_12": null,
        "Shape_Area_12": null,
        "STATUS": " ",
        "CARTOCODE": "11",
        "FULLNAME": "17800 W",
        "FROMADDR_L": 101,
        "TOADDR_L": 799,
        "FROMADDR_R": 100,
        "TOADDR_R": 798,
        "PARITY_L": " ",
        "PARITY_R": " ",
        "PREDIR": "N",
        "NAME": "17800",
        "POSTTYPE": " ",
        "POSTDIR": "W",
        "AN_NAME": " ",
        "AN_POSTDIR": " ",
        "A1_PREDIR": " ",
        "A1_NAME": " ",
        "A1_POSTTYP": " ",
        "A1_POSTDIR": " ",
        "A2_PREDIR": " ",
        "A2_NAME": " ",
        "A2_POSTTYP": " ",
        "A2_POSTDIR": " ",
        "QUADRANT_L": "NE",
        "QUADRANT_R": "NE",
        "STATE_L": "UT",
        "STATE_R": "UT",
        "COUNTY_L": "49049",
        "COUNTY_R": "49049",
        "ADDRSYS_L": "Cedar Fort",
        "ADDRSYS_R": "Cedar Fort",
        "POSTCOMM_L": "CEDAR VALLEY",
        "POSTCOMM_R": "CEDAR VALLEY",
        "ZIPCODE_L": "84013",
        "ZIPCODE_R": "84013",
        "INCMUNI_L": "CEDAR FORT",
        "INCMUNI_R": "CEDAR FORT",
        "UNINCCOM_L": " ",
        "UNINCCOM_R": " ",
        "NBRHDCOM_L": " ",
        "NBRHDCOM_R": " ",
        "ER_CAD_ZON": " ",
        "ESN_L": " ",
        "ESN_R": " ",
        "MSAGCOMM_L": " ",
        "MSAGCOMM_R": " ",
        "ONEWAY": "0",
        "VERT_LEVEL": "0",
        "SPEED_LMT": 25,
        "ACCESSCODE": " ",
        "DOT_HWYNAM": " ",
        "DOT_RTNAME": " ",
        "DOT_RTPART": " ",
        "DOT_F_MILE": 0,
        "DOT_T_MILE": 0,
        "DOT_FCLASS": " ",
        "DOT_SRFTYP": " ",
        "DOT_CLASS": "C",
        "DOT_OWN_L": "MU Cedar Fort",
        "DOT_OWN_R": "MU Cedar Fort",
        "DOT_AADT": 0,
        "DOT_AADTYR": " ",
        "DOT_THRULA": 0,
        "BIKE_L": " ",
        "BIKE_R": " ",
        "UNIQUE_ID": "12TVK08076548_17800_W",
        "LOCAL_UID": " ",
        "UTAHRD_UID": " ",
        "SOURCE": " ",
        "UPDATED": 1486425600000,
        "EFFECTIVE": null,
        "EXPIRE": null,
        "CUSTOMTAGS": " ",
        "Shape_STLe": 1396.7385523,
        "START_ELEV": 1512.888427734375,
        "END_ELEV": 1542.975341796875,
        "STEL_FT": 4963.544869248047,
        "ENDEL_FT": 5062.255220380859,
        "ELEV_CHANGE": 98.71035113281232,
        "SLOPE": 2.1535863220119196,
        "IMP_NO_12": null,
        "USE_CODE_12": null,
        "USE_CODE_DESCR_12": null,
        "COST_CLASS_DESCR_12": null,
        "EXTERIOR_WALL_12": null,
        "ABOVE_GRADE_AREA_12": null,
        "MEZZANINE_12": null,
        "BASEMENT_12": null,
        "BSMT_FINISH_12": null,
        "BSMT_UNFINISH_12": null,
        "QUALITY_DESCR_12": null,
        "CONDITION_12": null,
        "CONDITION_DESCR_12": null,
        "YEAR_BUILT_12": null,
        "UNIT_COUNT_12": null,
        "PCT_COMPLETE_12": null,
        "ALLOCATION_PCT_12": null,
        "IMP_NO_23": null,
        "USE_CODE_23": null,
        "USE_CODE_DESCR_23": null,
        "COST_CLASS_DESCR_23": null,
        "EXTERIOR_WALL_23": null,
        "ABOVE_GRADE_AREA_23": null,
        "MEZZANINE_23": null,
        "BASEMENT_23": null,
        "BSMT_FINISH_23": null,
        "BSMT_UNFINISH_23": null,
        "QUALITY_DESCR_23": null,
        "CONDITION_23": null,
        "CONDITION_DESCR_23": null,
        "YEAR_BUILT_23": null,
        "UNIT_COUNT_23": null,
        "PCT_COMPLETE_23": null,
        "ALLOCATION_PCT_23": null,
        "Entry": 42819,
        "Year": 2025,
        "Record_Date": "2025-06-10",
        "Grantor": "PETERSON, PAUL DEC",
        "Grantee": "WHOM OF INTEREST",
        "Tax_Address": "1019 N TIMPVIEW DR AMERICAN FORK, UT 84003",
        "Serial_Number": "59:037:0066",
        "Serial_Number_Available": "Yes",
        "Detail_URL": "https://www.utahcounty.gov/LandRecords/document.asp?avEntry=42819&avYear=2025",
        "Document_Type": "AF DC",
        "Shape_Length_12_13": 3364.68478337586,
        "Shape_Area_12_13": 456741.6951915833,
        "DocType": "AFDC",
        "Shape_Length": 0.009809532223874847,
        "Shape_Area": 4.4973203195297774e-06
      }
    },
    {
      "type": "Feature",
      "id": 79,
      "geometry": {
        "type": "Polygon",
        "coordinates": [
          [
            [
              -112.08346460099995,
              40.33232937900004
            ],
            [
              -112.08463405199996,
              40.33233861700006
            ],
            [
              -112.08470148499998,
              40.32866790500003
            ],
            [
              -112.08350748499998,
              40.32865133900003
            ],
            [
              -112.08346460099995,
              40.33232937900004
            ]
          ]
        ]
      },
      "properties": {
        "OBJECTID": 79,
        "Join_Count": 1,
        "TARGET_FID": 11008761,
        "PARCEL_NO": 590370067,
        "PARCELID": "590370067",
        "PARCELID_LABEL": "59:037:0067",
        "OWNER_NAME": "ALLEN, MARLENE COOK & MARLENE (ET AL)",
        "CARE_NAME": null,
        "ACREAGE": 10.13,
        "SITE_FULL_ADDRESS": "CEDAR FORT, UT",
        "SITE_HOUSE_NUM": " ",
        "SITE_PRE_DIR": null,
        "SITE_STREET_NAME": null,
        "SITE_STREET_TYPE": null,
        "SITE_POST_DIR": null,
        "SITE_STREET_UNIT": null,
        "SITE_CITY": "CEDAR FORT",
        "SITE_STATE": "UT",
        "SITE_ZIP5": "84013",
        "OWN_FULL_ADDRESS": "135 N 100 W  CEDAR FORT, UT 84013",
        "OWN_STREET_ADDRESS": "135 N 100 W",
        "OWN_CITY": "CEDAR FORT",
        "OWN_STATE": "UT",
        "OWN_ZIP5": "84013",
        "VESTING_DOC": "52263-2020 (MORE)",
        "PARCEL_CREATE_DATE": 410140800000,
        "MAP_FILING_NO": null,
        "SUB_NAME": null,
        "LEGAL_DESCR": "COM AT PT IN FENCE COR ON S LINE OF LANE S 349.88 FT & W 371.58 FT FR NE COR SEC 5, T6S, R2W, SLM; (BASED ON UT ST COORDINATE SYSTEM, CEN ZONE) ALONG FOLLOWING FENCE LINES TO FENCE CORS: S 53'06\"W 1340.31 FT ON N LINE OF ST; N 88 35'14\"W ON LINE OF ST 333.04 FT; N 1 10'48\"E 1337.72 FT ON S LINE OF LANE; S 89 02'06\"E ON LINE OF LANE 326.14 FT TO BEG.  AREA 10.131 ACRES.",
        "BOOK_PAGE": 59037,
        "LOT": null,
        "BUILDING": null,
        "UNIT": null,
        "TAX_DISTRICT": "050",
        "TAX_DISTRICT_DESCR": "CEDAR FORT CITY",
        "SCHOOL_DISTRICT": "ALPINE",
        "TAXABLE_CODE": 100,
        "ACCOUNT_TYPE": "RESIDENTIAL",
        "PROP_TYPE": 900,
        "PROP_TYPE_DESCR": "VACANT",
        "SPECIFIC_PROP_TYPE": 901,
        "SPC_PROP_TYP_DESCR": "Vac Res",
        "NEIGHBORHOOD": "103",
        "NBHD_DISTRICT": "825",
        "LAND_DISTRICT": 8037,
        "ECONOMIC_UNIT": null,
        "GLA_WEIGHTED_YRBLT": null,
        "TOTAL_ABOVE_GRADE_AREA": null,
        "TOTAL_MEZZANINE": null,
        "TOTAL_BASEMENT": null,
        "TOTAL_BSMT_FINISH": null,
        "TOTAL_UNIT_COUNT": null,
        "TOTAL_IMP_COUNT": null,
        "ASMT_YEAR": 2026,
        "ASMT_CODE": "V",
        "ASMT_CODE_DESCR": "VACANT",
        "MKT_LAND_VALUE": 335700,
        "MKT_LAND_RES": 0,
        "MKT_LAND_AGR": 335700,
        "MKT_LAND_COM": 0,
        "MKT_IMP_VALUE": 0,
        "MKT_IMP_RES": 0,
        "MKT_IMP_AGR": 0,
        "MKT_IMP_COM": 0,
        "MKT_CUR_VALUE": 335700,
        "MKT_PRV_VAL": 335700,
        "MKT_VAL_YR_CHG": 0,
        "MKT_PCT_CHG": 0,
        "TXBL_CUR_VALUE": 5045,
        "TXBL_PRV_VAL": 5045,
        "TXBL_VAL_YR_CHG": 0,
        "TXBL_PCT_CHG": 0,
        "TOT_CUR_TAXES": 0,
        "TOT_PRV_TAXES": 0,
        "TAXES_YR_CHG": 0,
        "TAXES_PCT_CHG": 0,
        "GREENBELT": "GB",
        "EXEMPT_RES": "N",
        "COMMON_AREA": null,
        "PUBLIC_ROAD": null,
        "PRIVATE_ROAD": null,
        "PART_CENTRAL_ASSD": null,
        "PART_TAXABLE": null,
        "IMP_NO_RES": null,
        "COST_GROUP_RES": null,
        "STYLE_DESCR_RES": null,
        "QUALITY_RES": null,
        "QUALITY_DESCR_RES": null,
        "CONDITION_RES": null,
        "CONDITION_DESCR_RES": null,
        "YEARBLT_RES": null,
        "GLA_RES": null,
        "BASEMENT_RES": null,
        "BSMT_FINISH_RES": null,
        "ATT_GARAGE_SQFT_RES": null,
        "BATHROOMS_RES": null,
        "GLA_BEDROOMS_RES": null,
        "EXTERIOR_RES": null,
        "ALLOCATION_PCT_RES": null,
        "TRAV_COUNT": 1,
        "LASTUPDATE": null,
        "CREATED_DATE": 1712330344000,
        "LAST_EDITED_DATE": 1712330533000,
        "GLOBALID": "{A298F088-551E-40F0-99B8-B7116B858AF9}",
        "Join_Count_12": 1,
        "TARGET_FID_12": 8151,
        "Code": null,
        "Desc_Cleaned": "Residential Agricultural",
        "Description": "Residential Agricultural Zone (5 Acres)",
        "City": null,
        "Description_detailed": null,
        "Desc": null,
        "Acres": null,
        "CityLU": "RA-5",
        "Unit_Rate": 5,
        "Parcel_Area": 40975,
        "PctDeveloped": null,
        "Slope_Score": 10,
        "GP_Score": 6,
        "Ownership_Type": "Private",
        "Ownership_Score": 10,
        "Wetlands_Score": 0,
        "Municipality_Score": 10,
        "Final_Score": 7.6,
        "OBJECTID_12": 8149,
        "Join_Count_12_13": 0,
        "TARGET_FID_12_13": 8151,
        "Area": null,
        "Shape_Length_12": null,
        "Shape_Area_12": null,
        "STATUS": " ",
        "CARTOCODE": "11",
        "FULLNAME": "100 N",
        "FROMADDR_L": 201,
        "TOADDR_L": 999,
        "FROMADDR_R": 200,
        "TOADDR_R": 998,
        "PARITY_L": " ",
        "PARITY_R": " ",
        "PREDIR": "E",
        "NAME": "100",
        "POSTTYPE": " ",
        "POSTDIR": "N",
        "AN_NAME": " ",
        "AN_POSTDIR": " ",
        "A1_PREDIR": " ",
        "A1_NAME": " ",
        "A1_POSTTYP": " ",
        "A1_POSTDIR": " ",
        "A2_PREDIR": " ",
        "A2_NAME": " ",
        "A2_POSTTYP": " ",
        "A2_POSTDIR": " ",
        "QUADRANT_L": "NE",
        "QUADRANT_R": "NE",
        "STATE_L": "UT",
        "STATE_R": "UT",
        "COUNTY_L": "49049",
        "COUNTY_R": "49049",
        "ADDRSYS_L": "Cedar Fort",
        "ADDRSYS_R": "Cedar Fort",
        "POSTCOMM_L": "CEDAR VALLEY",
        "POSTCOMM_R": "CEDAR VALLEY",
        "ZIPCODE_L": "84013",
        "ZIPCODE_R": "84013",
        "INCMUNI_L": "CEDAR FORT",
        "INCMUNI_R": "CEDAR FORT",
        "UNINCCOM_L": " ",
        "UNINCCOM_R": " ",
        "NBRHDCOM_L": " ",
        "NBRHDCOM_R": " ",
        "ER_CAD_ZON": " ",
        "ESN_L": " ",
        "ESN_R": " ",
        "MSAGCOMM_L": " ",
        "MSAGCOMM_R": " ",
        "ONEWAY": "0",
        "VERT_LEVEL": "0",
        "SPEED_LMT": 25,
        "ACCESSCODE": " ",
        "DOT_HWYNAM": " ",
        "DOT_RTNAME": " ",
        "DOT_RTPART": " ",
        "DOT_F_MILE": 0,
        "DOT_T_MILE": 0,
        "DOT_FCLASS": " ",
        "DOT_SRFTYP": " ",
        "DOT_CLASS": "C",
        "DOT_OWN_L": "MU Cedar Fort",
        "DOT_OWN_R": "MU Cedar Fort",
        "DOT_AADT": 0,
        "DOT_AADTYR": " ",
        "DOT_THRULA": 0,
        "BIKE_L": " ",
        "BIKE_R": " ",
        "UNIQUE_ID": "12TVK07216480_100_N",
        "LOCAL_UID": " ",
        "UTAHRD_UID": " ",
        "SOURCE": " ",
        "UPDATED": 1486425600000,
        "EFFECTIVE": null,
        "EXPIRE": null,
        "CUSTOMTAGS": " ",
        "Shape_STLe": 1709.06032841,
        "START_ELEV": 1547.1134033203125,
        "END_ELEV": 1512.888427734375,
        "STEL_FT": 5075.831538149414,
        "ENDEL_FT": 4963.544869248047,
        "ELEV_CHANGE": 112.2866689013672,
        "SLOPE": 2.0021046695567977,
        "IMP_NO_12": null,
        "USE_CODE_12": null,
        "USE_CODE_DESCR_12": null,
        "COST_CLASS_DESCR_12": null,
        "EXTERIOR_WALL_12": null,
        "ABOVE_GRADE_AREA_12": null,
        "MEZZANINE_12": null,
        "BASEMENT_12": null,
        "BSMT_FINISH_12": null,
        "BSMT_UNFINISH_12": null,
        "QUALITY_DESCR_12": null,
        "CONDITION_12": null,
        "CONDITION_DESCR_12": null,
        "YEAR_BUILT_12": null,
        "UNIT_COUNT_12": null,
        "PCT_COMPLETE_12": null,
        "ALLOCATION_PCT_12": null,
        "IMP_NO_23": null,
        "USE_CODE_23": null,
        "USE_CODE_DESCR_23": null,
        "COST_CLASS_DESCR_23": null,
        "EXTERIOR_WALL_23": null,
        "ABOVE_GRADE_AREA_23": null,
        "MEZZANINE_23": null,
        "BASEMENT_23": null,
        "BSMT_FINISH_23": null,
        "BSMT_UNFINISH_23": null,
        "QUALITY_DESCR_23": null,
        "CONDITION_23": null,
        "CONDITION_DESCR_23": null,
        "YEAR_BUILT_23": null,
        "UNIT_COUNT_23": null,
        "PCT_COMPLETE_23": null,
        "ALLOCATION_PCT_23": null,
        "Entry": 42819,
        "Year": 2025,
        "Record_Date": "2025-06-10",
        "Grantor": "PETERSON, PAUL DEC",
        "Grantee": "WHOM OF INTEREST",
        "Tax_Address": "1019 N TIMPVIEW DR AMERICAN FORK, UT 84003",
        "Serial_Number": "59:037:0066",
        "Serial_Number_Available": "Yes",
        "Detail_URL": "https://www.utahcounty.gov/LandRecords/document.asp?avEntry=42819&avYear=2025",
        "Document_Type": "AF DC",
        "Shape_Length_12_13": 3364.68478337586,
        "Shape_Area_12_13": 456741.6951915833,
        "DocType": "AFDC",
        "Shape_Length": 0.009713223735147573,
        "Shape_Area": 4.342815470794793e-06
      }
    },
    {
      "type": "Feature",
      "id": 80,
      "geometry": {
        "type": "Polygon",
        "coordinates": [
          [
            [
              -112.08463407599999,
              40.33233860300004
            ],
            [
              -112.08581932399994,
              40.33233921000004
            ],
            [
              -112.085886072,
              40.32868474000003
            ],
            [
              -112.08470151199998,
              40.32866788500007
            ],
            [
              -112.08463407599999,
              40.33233860300004
            ]
          ]
        ]
      },
      "properties": {
        "OBJECTID": 80,
        "Join_Count": 1,
        "TARGET_FID": 11008762,
        "PARCEL_NO": 590370068,
        "PARCELID": "590370068",
        "PARCELID_LABEL": "59:037:0068",
        "OWNER_NAME": "PETERSON, PAUL & MARGERY J",
        "CARE_NAME": "%PETERSON, JONATHAN",
        "ACREAGE": 10.13,
        "SITE_FULL_ADDRESS": "CEDAR FORT, UT",
        "SITE_HOUSE_NUM": " ",
        "SITE_PRE_DIR": null,
        "SITE_STREET_NAME": null,
        "SITE_STREET_TYPE": null,
        "SITE_POST_DIR": null,
        "SITE_STREET_UNIT": null,
        "SITE_CITY": "CEDAR FORT",
        "SITE_STATE": "UT",
        "SITE_ZIP5": "84013",
        "OWN_FULL_ADDRESS": "%PETERSON, JONATHAN  552 W 11200 S  WOODLAND HILLS, UT 84653",
        "OWN_STREET_ADDRESS": "552 W 11200 S",
        "OWN_CITY": "WOODLAND HILLS",
        "OWN_STATE": "UT",
        "OWN_ZIP5": "84653",
        "VESTING_DOC": "65878-2001",
        "PARCEL_CREATE_DATE": 410140800000,
        "MAP_FILING_NO": null,
        "SUB_NAME": null,
        "LEGAL_DESCR": "COM IN FENCE COR ON S LINE OF LANE S 344.39 FT & W 697.68 FT FR NE COR SEC 5, T6S, R2W, SLM; (BASED ON UT ST COORDINATE SYSTEM, CEN ZONE) ALONG FOLLOWING FENCE LINES TO FENCE CORS: S 1 10'48\"W 1337.72 FT ON N LINE OF ST; N 88 33'36\"W ON LINE OF ST 330.41 FT; N 1 10'34\"E 1331.80 FT ON S LINE OF LANE 330.53 FT TO BEG. AREA 10.126 AC.",
        "BOOK_PAGE": 59037,
        "LOT": null,
        "BUILDING": null,
        "UNIT": null,
        "TAX_DISTRICT": "050",
        "TAX_DISTRICT_DESCR": "CEDAR FORT CITY",
        "SCHOOL_DISTRICT": "ALPINE",
        "TAXABLE_CODE": 100,
        "ACCOUNT_TYPE": "RESIDENTIAL",
        "PROP_TYPE": 900,
        "PROP_TYPE_DESCR": "VACANT",
        "SPECIFIC_PROP_TYPE": 901,
        "SPC_PROP_TYP_DESCR": "Vac Res",
        "NEIGHBORHOOD": "103",
        "NBHD_DISTRICT": "825",
        "LAND_DISTRICT": 8037,
        "ECONOMIC_UNIT": null,
        "GLA_WEIGHTED_YRBLT": null,
        "TOTAL_ABOVE_GRADE_AREA": null,
        "TOTAL_MEZZANINE": null,
        "TOTAL_BASEMENT": null,
        "TOTAL_BSMT_FINISH": null,
        "TOTAL_UNIT_COUNT": null,
        "TOTAL_IMP_COUNT": null,
        "ASMT_YEAR": 2026,
        "ASMT_CODE": "V",
        "ASMT_CODE_DESCR": "VACANT",
        "MKT_LAND_VALUE": 335700,
        "MKT_LAND_RES": 0,
        "MKT_LAND_AGR": 335700,
        "MKT_LAND_COM": 0,
        "MKT_IMP_VALUE": 0,
        "MKT_IMP_RES": 0,
        "MKT_IMP_AGR": 0,
        "MKT_IMP_COM": 0,
        "MKT_CUR_VALUE": 335700,
        "MKT_PRV_VAL": 335700,
        "MKT_VAL_YR_CHG": 0,
        "MKT_PCT_CHG": 0,
        "TXBL_CUR_VALUE": 5045,
        "TXBL_PRV_VAL": 5045,
        "TXBL_VAL_YR_CHG": 0,
        "TXBL_PCT_CHG": 0,
        "TOT_CUR_TAXES": 0,
        "TOT_PRV_TAXES": 0,
        "TAXES_YR_CHG": 0,
        "TAXES_PCT_CHG": 0,
        "GREENBELT": "GB",
        "EXEMPT_RES": "N",
        "COMMON_AREA": null,
        "PUBLIC_ROAD": null,
        "PRIVATE_ROAD": null,
        "PART_CENTRAL_ASSD": null,
        "PART_TAXABLE": null,
        "IMP_NO_RES": null,
        "COST_GROUP_RES": null,
        "STYLE_DESCR_RES": null,
        "QUALITY_RES": null,
        "QUALITY_DESCR_RES": null,
        "CONDITION_RES": null,
        "CONDITION_DESCR_RES": null,
        "YEARBLT_RES": null,
        "GLA_RES": null,
        "BASEMENT_RES": null,
        "BSMT_FINISH_RES": null,
        "ATT_GARAGE_SQFT_RES": null,
        "BATHROOMS_RES": null,
        "GLA_BEDROOMS_RES": null,
        "EXTERIOR_RES": null,
        "ALLOCATION_PCT_RES": null,
        "TRAV_COUNT": 1,
        "LASTUPDATE": null,
        "CREATED_DATE": 1712330344000,
        "LAST_EDITED_DATE": 1712330533000,
        "GLOBALID": "{F86E66CE-1BCF-4D55-B73D-E4500D51A020}",
        "Join_Count_12": 1,
        "TARGET_FID_12": 8152,
        "Code": null,
        "Desc_Cleaned": "Residential Agricultural",
        "Description": "Residential Agricultural Zone (5 Acres)",
        "City": null,
        "Description_detailed": null,
        "Desc": null,
        "Acres": null,
        "CityLU": "RA-5",
        "Unit_Rate": 5,
        "Parcel_Area": 40952,
        "PctDeveloped": null,
        "Slope_Score": 10,
        "GP_Score": 6,
        "Ownership_Type": "Private",
        "Ownership_Score": 10,
        "Wetlands_Score": 0,
        "Municipality_Score": 10,
        "Final_Score": 7.6,
        "OBJECTID_12": 8150,
        "Join_Count_12_13": 0,
        "TARGET_FID_12_13": 8152,
        "Area": null,
        "Shape_Length_12": null,
        "Shape_Area_12": null,
        "STATUS": " ",
        "CARTOCODE": "11",
        "FULLNAME": "100 N",
        "FROMADDR_L": 201,
        "TOADDR_L": 999,
        "FROMADDR_R": 200,
        "TOADDR_R": 998,
        "PARITY_L": " ",
        "PARITY_R": " ",
        "PREDIR": "E",
        "NAME": "100",
        "POSTTYPE": " ",
        "POSTDIR": "N",
        "AN_NAME": " ",
        "AN_POSTDIR": " ",
        "A1_PREDIR": " ",
        "A1_NAME": " ",
        "A1_POSTTYP": " ",
        "A1_POSTDIR": " ",
        "A2_PREDIR": " ",
        "A2_NAME": " ",
        "A2_POSTTYP": " ",
        "A2_POSTDIR": " ",
        "QUADRANT_L": "NE",
        "QUADRANT_R": "NE",
        "STATE_L": "UT",
        "STATE_R": "UT",
        "COUNTY_L": "49049",
        "COUNTY_R": "49049",
        "ADDRSYS_L": "Cedar Fort",
        "ADDRSYS_R": "Cedar Fort",
        "POSTCOMM_L": "CEDAR VALLEY",
        "POSTCOMM_R": "CEDAR VALLEY",
        "ZIPCODE_L": "84013",
        "ZIPCODE_R": "84013",
        "INCMUNI_L": "CEDAR FORT",
        "INCMUNI_R": "CEDAR FORT",
        "UNINCCOM_L": " ",
        "UNINCCOM_R": " ",
        "NBRHDCOM_L": " ",
        "NBRHDCOM_R": " ",
        "ER_CAD_ZON": " ",
        "ESN_L": " ",
        "ESN_R": " ",
        "MSAGCOMM_L": " ",
        "MSAGCOMM_R": " ",
        "ONEWAY": "0",
        "VERT_LEVEL": "0",
        "SPEED_LMT": 25,
        "ACCESSCODE": " ",
        "DOT_HWYNAM": " ",
        "DOT_RTNAME": " ",
        "DOT_RTPART": " ",
        "DOT_F_MILE": 0,
        "DOT_T_MILE": 0,
        "DOT_FCLASS": " ",
        "DOT_SRFTYP": " ",
        "DOT_CLASS": "C",
        "DOT_OWN_L": "MU Cedar Fort",
        "DOT_OWN_R": "MU Cedar Fort",
        "DOT_AADT": 0,
        "DOT_AADTYR": " ",
        "DOT_THRULA": 0,
        "BIKE_L": " ",
        "BIKE_R": " ",
        "UNIQUE_ID": "12TVK07216480_100_N",
        "LOCAL_UID": " ",
        "UTAHRD_UID": " ",
        "SOURCE": " ",
        "UPDATED": 1486425600000,
        "EFFECTIVE": null,
        "EXPIRE": null,
        "CUSTOMTAGS": " ",
        "Shape_STLe": 1709.06032841,
        "START_ELEV": 1547.1134033203125,
        "END_ELEV": 1512.888427734375,
        "STEL_FT": 5075.831538149414,
        "ENDEL_FT": 4963.544869248047,
        "ELEV_CHANGE": 112.2866689013672,
        "SLOPE": 2.0021046695567977,
        "IMP_NO_12": null,
        "USE_CODE_12": null,
        "USE_CODE_DESCR_12": null,
        "COST_CLASS_DESCR_12": null,
        "EXTERIOR_WALL_12": null,
        "ABOVE_GRADE_AREA_12": null,
        "MEZZANINE_12": null,
        "BASEMENT_12": null,
        "BSMT_FINISH_12": null,
        "BSMT_UNFINISH_12": null,
        "QUALITY_DESCR_12": null,
        "CONDITION_12": null,
        "CONDITION_DESCR_12": null,
        "YEAR_BUILT_12": null,
        "UNIT_COUNT_12": null,
        "PCT_COMPLETE_12": null,
        "ALLOCATION_PCT_12": null,
        "IMP_NO_23": null,
        "USE_CODE_23": null,
        "USE_CODE_DESCR_23": null,
        "COST_CLASS_DESCR_23": null,
        "EXTERIOR_WALL_23": null,
        "ABOVE_GRADE_AREA_23": null,
        "MEZZANINE_23": null,
        "BASEMENT_23": null,
        "BSMT_FINISH_23": null,
        "BSMT_UNFINISH_23": null,
        "QUALITY_DESCR_23": null,
        "CONDITION_23": null,
        "CONDITION_DESCR_23": null,
        "YEAR_BUILT_23": null,
        "UNIT_COUNT_23": null,
        "PCT_COMPLETE_23": null,
        "ALLOCATION_PCT_23": null,
        "Entry": 42819,
        "Year": 2025,
        "Record_Date": "2025-06-10",
        "Grantor": "PETERSON, PAUL DEC",
        "Grantee": "WHOM OF INTEREST",
        "Tax_Address": "1019 N TIMPVIEW DR AMERICAN FORK, UT 84003",
        "Serial_Number": "59:037:0068",
        "Serial_Number_Available": "Yes",
        "Detail_URL": "https://www.utahcounty.gov/LandRecords/document.asp?avEntry=42819&avYear=2025",
        "Document_Type": "AF DC",
        "Shape_Length_12_13": 3329.4439819098907,
        "Shape_Area_12_13": 440805.55334793776,
        "DocType": "AFDC",
        "Shape_Length": 0.009696344973086926,
        "Shape_Area": 4.340408061159183e-06
      }
    },
    {
      "type": "Feature",
      "id": 81,
      "geometry": {
        "type": "Polygon",
        "coordinates": [
          [
            [
              -112.08822946599997,
              40.33242307900008
            ],
            [
              -112.08822948499994,
              40.33242307900008
            ],
            [
              -112.08828930799996,
              40.33242386400008
            ],
            [
              -112.08834052699996,
              40.32868142600006
            ],
            [
              -112.08713338699994,
              40.328682677000074
            ],
            [
              -112.08701950399995,
              40.332406957000046
            ],
            [
              -112.08822946599997,
              40.33242307900008
            ]
          ]
        ]
      },
      "properties": {
        "OBJECTID": 81,
        "Join_Count": 1,
        "TARGET_FID": 11008763,
        "PARCEL_NO": 590370070,
        "PARCELID": "590370070",
        "PARCELID_LABEL": "59:037:0070",
        "OWNER_NAME": "COOK, CALVIN J & JEANINE (ET AL)",
        "CARE_NAME": null,
        "ACREAGE": 10.787987,
        "SITE_FULL_ADDRESS": "CEDAR FORT, UT",
        "SITE_HOUSE_NUM": " ",
        "SITE_PRE_DIR": null,
        "SITE_STREET_NAME": null,
        "SITE_STREET_TYPE": null,
        "SITE_POST_DIR": null,
        "SITE_STREET_UNIT": null,
        "SITE_CITY": "CEDAR FORT",
        "SITE_STATE": "UT",
        "SITE_ZIP5": "84013",
        "OWN_FULL_ADDRESS": "210 N 200 E  CEDAR FORT, UT 84013",
        "OWN_STREET_ADDRESS": "210 N 200 E",
        "OWN_CITY": "CEDAR FORT",
        "OWN_STATE": "UT",
        "OWN_ZIP5": "84013",
        "VESTING_DOC": "89474-2024 (MORE)",
        "PARCEL_CREATE_DATE": 410140800000,
        "MAP_FILING_NO": null,
        "SUB_NAME": null,
        "LEGAL_DESCR": "COM S 347.6 FT & E 950.09 FT FR N 1/4 COR. SEC. 5, T6S, R2W, SLB&M.; S 88 DEG 37' 34\" E 337.47 FT; S 1 DEG 43' 0\" W 1357.48 FT; N 89 DEG 42' 4\" W 336.65 FT; N 0 DEG 58' 37\" E 1363.8 FT TO BEG. AREA 10.788 AC.",
        "BOOK_PAGE": 59037,
        "LOT": null,
        "BUILDING": null,
        "UNIT": null,
        "TAX_DISTRICT": "050",
        "TAX_DISTRICT_DESCR": "CEDAR FORT CITY",
        "SCHOOL_DISTRICT": "ALPINE",
        "TAXABLE_CODE": 100,
        "ACCOUNT_TYPE": "RESIDENTIAL",
        "PROP_TYPE": 900,
        "PROP_TYPE_DESCR": "VACANT",
        "SPECIFIC_PROP_TYPE": 901,
        "SPC_PROP_TYP_DESCR": "Vac Res",
        "NEIGHBORHOOD": "103",
        "NBHD_DISTRICT": "825",
        "LAND_DISTRICT": 8037,
        "ECONOMIC_UNIT": null,
        "GLA_WEIGHTED_YRBLT": null,
        "TOTAL_ABOVE_GRADE_AREA": null,
        "TOTAL_MEZZANINE": null,
        "TOTAL_BASEMENT": null,
        "TOTAL_BSMT_FINISH": null,
        "TOTAL_UNIT_COUNT": null,
        "TOTAL_IMP_COUNT": null,
        "ASMT_YEAR": 2026,
        "ASMT_CODE": "V",
        "ASMT_CODE_DESCR": "VACANT",
        "MKT_LAND_VALUE": 357600,
        "MKT_LAND_RES": 0,
        "MKT_LAND_AGR": 357600,
        "MKT_LAND_COM": 0,
        "MKT_IMP_VALUE": 0,
        "MKT_IMP_RES": 0,
        "MKT_IMP_AGR": 0,
        "MKT_IMP_COM": 0,
        "MKT_CUR_VALUE": 357600,
        "MKT_PRV_VAL": 357600,
        "MKT_VAL_YR_CHG": 0,
        "MKT_PCT_CHG": 0,
        "TXBL_CUR_VALUE": 5373,
        "TXBL_PRV_VAL": 5373,
        "TXBL_VAL_YR_CHG": 0,
        "TXBL_PCT_CHG": 0,
        "TOT_CUR_TAXES": 0,
        "TOT_PRV_TAXES": 0,
        "TAXES_YR_CHG": 0,
        "TAXES_PCT_CHG": 0,
        "GREENBELT": "GB",
        "EXEMPT_RES": "N",
        "COMMON_AREA": null,
        "PUBLIC_ROAD": null,
        "PRIVATE_ROAD": null,
        "PART_CENTRAL_ASSD": null,
        "PART_TAXABLE": null,
        "IMP_NO_RES": null,
        "COST_GROUP_RES": null,
        "STYLE_DESCR_RES": null,
        "QUALITY_RES": null,
        "QUALITY_DESCR_RES": null,
        "CONDITION_RES": null,
        "CONDITION_DESCR_RES": null,
        "YEARBLT_RES": null,
        "GLA_RES": null,
        "BASEMENT_RES": null,
        "BSMT_FINISH_RES": null,
        "ATT_GARAGE_SQFT_RES": null,
        "BATHROOMS_RES": null,
        "GLA_BEDROOMS_RES": null,
        "EXTERIOR_RES": null,
        "ALLOCATION_PCT_RES": null,
        "TRAV_COUNT": 1,
        "LASTUPDATE": null,
        "CREATED_DATE": 1712330344000,
        "LAST_EDITED_DATE": 1712330533000,
        "GLOBALID": "{92EBBB30-0C9B-4169-B73E-4F923BFF35E7}",
        "Join_Count_12": 1,
        "TARGET_FID_12": 8153,
        "Code": null,
        "Desc_Cleaned": "Residential Agricultural",
        "Description": "Residential Agricultural Zone (5 Acres)",
        "City": null,
        "Description_detailed": null,
        "Desc": null,
        "Acres": null,
        "CityLU": "RA-5",
        "Unit_Rate": 5,
        "Parcel_Area": 43631,
        "PctDeveloped": null,
        "Slope_Score": 10,
        "GP_Score": 6,
        "Ownership_Type": "Private",
        "Ownership_Score": 10,
        "Wetlands_Score": 0,
        "Municipality_Score": 10,
        "Final_Score": 7.6,
        "OBJECTID_12": 8151,
        "Join_Count_12_13": 0,
        "TARGET_FID_12_13": 8153,
        "Area": null,
        "Shape_Length_12": null,
        "Shape_Area_12": null,
        "STATUS": " ",
        "CARTOCODE": "11",
        "FULLNAME": "100 N",
        "FROMADDR_L": 201,
        "TOADDR_L": 999,
        "FROMADDR_R": 200,
        "TOADDR_R": 998,
        "PARITY_L": " ",
        "PARITY_R": " ",
        "PREDIR": "E",
        "NAME": "100",
        "POSTTYPE": " ",
        "POSTDIR": "N",
        "AN_NAME": " ",
        "AN_POSTDIR": " ",
        "A1_PREDIR": " ",
        "A1_NAME": " ",
        "A1_POSTTYP": " ",
        "A1_POSTDIR": " ",
        "A2_PREDIR": " ",
        "A2_NAME": " ",
        "A2_POSTTYP": " ",
        "A2_POSTDIR": " ",
        "QUADRANT_L": "NE",
        "QUADRANT_R": "NE",
        "STATE_L": "UT",
        "STATE_R": "UT",
        "COUNTY_L": "49049",
        "COUNTY_R": "49049",
        "ADDRSYS_L": "Cedar Fort",
        "ADDRSYS_R": "Cedar Fort",
        "POSTCOMM_L": "CEDAR VALLEY",
        "POSTCOMM_R": "CEDAR VALLEY",
        "ZIPCODE_L": "84013",
        "ZIPCODE_R": "84013",
        "INCMUNI_L": "CEDAR FORT",
        "INCMUNI_R": "CEDAR FORT",
        "UNINCCOM_L": " ",
        "UNINCCOM_R": " ",
        "NBRHDCOM_L": " ",
        "NBRHDCOM_R": " ",
        "ER_CAD_ZON": " ",
        "ESN_L": " ",
        "ESN_R": " ",
        "MSAGCOMM_L": " ",
        "MSAGCOMM_R": " ",
        "ONEWAY": "0",
        "VERT_LEVEL": "0",
        "SPEED_LMT": 25,
        "ACCESSCODE": " ",
        "DOT_HWYNAM": " ",
        "DOT_RTNAME": " ",
        "DOT_RTPART": " ",
        "DOT_F_MILE": 0,
        "DOT_T_MILE": 0,
        "DOT_FCLASS": " ",
        "DOT_SRFTYP": " ",
        "DOT_CLASS": "C",
        "DOT_OWN_L": "MU Cedar Fort",
        "DOT_OWN_R": "MU Cedar Fort",
        "DOT_AADT": 0,
        "DOT_AADTYR": " ",
        "DOT_THRULA": 0,
        "BIKE_L": " ",
        "BIKE_R": " ",
        "UNIQUE_ID": "12TVK07216480_100_N",
        "LOCAL_UID": " ",
        "UTAHRD_UID": " ",
        "SOURCE": " ",
        "UPDATED": 1486425600000,
        "EFFECTIVE": null,
        "EXPIRE": null,
        "CUSTOMTAGS": " ",
        "Shape_STLe": 1709.06032841,
        "START_ELEV": 1547.1134033203125,
        "END_ELEV": 1512.888427734375,
        "STEL_FT": 5075.831538149414,
        "ENDEL_FT": 4963.544869248047,
        "ELEV_CHANGE": 112.2866689013672,
        "SLOPE": 2.0021046695567977,
        "IMP_NO_12": null,
        "USE_CODE_12": null,
        "USE_CODE_DESCR_12": null,
        "COST_CLASS_DESCR_12": null,
        "EXTERIOR_WALL_12": null,
        "ABOVE_GRADE_AREA_12": null,
        "MEZZANINE_12": null,
        "BASEMENT_12": null,
        "BSMT_FINISH_12": null,
        "BSMT_UNFINISH_12": null,
        "QUALITY_DESCR_12": null,
        "CONDITION_12": null,
        "CONDITION_DESCR_12": null,
        "YEAR_BUILT_12": null,
        "UNIT_COUNT_12": null,
        "PCT_COMPLETE_12": null,
        "ALLOCATION_PCT_12": null,
        "IMP_NO_23": null,
        "USE_CODE_23": null,
        "USE_CODE_DESCR_23": null,
        "COST_CLASS_DESCR_23": null,
        "EXTERIOR_WALL_23": null,
        "ABOVE_GRADE_AREA_23": null,
        "MEZZANINE_23": null,
        "BASEMENT_23": null,
        "BSMT_FINISH_23": null,
        "BSMT_UNFINISH_23": null,
        "QUALITY_DESCR_23": null,
        "CONDITION_23": null,
        "CONDITION_DESCR_23": null,
        "YEAR_BUILT_23": null,
        "UNIT_COUNT_23": null,
        "PCT_COMPLETE_23": null,
        "ALLOCATION_PCT_23": null,
        "Entry": 42819,
        "Year": 2025,
        "Record_Date": "2025-06-10",
        "Grantor": "PETERSON, PAUL DEC",
        "Grantee": "WHOM OF INTEREST",
        "Tax_Address": "1019 N TIMPVIEW DR AMERICAN FORK, UT 84003",
        "Serial_Number": "59:037:0071",
        "Serial_Number_Available": "Yes",
        "Detail_URL": "https://www.utahcounty.gov/LandRecords/document.asp?avEntry=42819&avYear=2025",
        "Document_Type": "AF DC",
        "Shape_Length_12_13": 3059.2877750147795,
        "Shape_Area_12_13": 224529.73850297296,
        "DocType": "AFDC",
        "Shape_Length": 0.009945866457100183,
        "Shape_Area": 4.62431426553431e-06
      }
    },
    {
      "type": "Feature",
      "id": 82,
      "geometry": {
        "type": "Polygon",
        "coordinates": [
          [
            [
              -112.08881834399995,
              40.33243338800003
            ],
            [
              -112.08886924599994,
              40.32868117900006
            ],
            [
              -112.08827949999994,
              40.32868063500007
            ],
            [
              -112.08822827999995,
              40.332423074000076
            ],
            [
              -112.08881834399995,
              40.33243338800003
            ]
          ]
        ]
      },
      "properties": {
        "OBJECTID": 82,
        "Join_Count": 1,
        "TARGET_FID": 11009371,
        "PARCEL_NO": 590370071,
        "PARCELID": "590370071",
        "PARCELID_LABEL": "59:037:0071",
        "OWNER_NAME": "PETERSON, PAUL & MARGERY J",
        "CARE_NAME": null,
        "ACREAGE": 5.16,
        "SITE_FULL_ADDRESS": "CEDAR FORT, UT",
        "SITE_HOUSE_NUM": " ",
        "SITE_PRE_DIR": null,
        "SITE_STREET_NAME": null,
        "SITE_STREET_TYPE": null,
        "SITE_POST_DIR": null,
        "SITE_STREET_UNIT": null,
        "SITE_CITY": "CEDAR FORT",
        "SITE_STATE": "UT",
        "SITE_ZIP5": "84013",
        "OWN_FULL_ADDRESS": "1019 TIMPVIEW DR  AMERICAN FORK, UT 84003-1234",
        "OWN_STREET_ADDRESS": "1019 TIMPVIEW DR",
        "OWN_CITY": "AMERICAN FORK",
        "OWN_STATE": "UT",
        "OWN_ZIP5": "84003",
        "VESTING_DOC": "65878-2001",
        "PARCEL_CREATE_DATE": 410140800000,
        "MAP_FILING_NO": null,
        "SUB_NAME": null,
        "LEGAL_DESCR": "COM AT FT IN FENCE S 342.76 FT & E 785.90 FT FR N1/4 COR SEC 5, T6S, R2W, SLM; (BASED ON UT ST COORDINATE SYSTEM, CEN ZONE) ALONG FOLLOWING FENCE LINES TO FENCE CORS: S 88 18'53\"E 164.59 FT; S 58'37\"W 1363.80 FT ON N LINE OF ST; N 89 33'14\"W ON LINE OF ST 164.47 FT; N 58'19\"E 1367.36 FT TO BEG. AREA 5.157 ACRES.",
        "BOOK_PAGE": 59037,
        "LOT": null,
        "BUILDING": null,
        "UNIT": null,
        "TAX_DISTRICT": "050",
        "TAX_DISTRICT_DESCR": "CEDAR FORT CITY",
        "SCHOOL_DISTRICT": "ALPINE",
        "TAXABLE_CODE": 100,
        "ACCOUNT_TYPE": "RESIDENTIAL",
        "PROP_TYPE": 900,
        "PROP_TYPE_DESCR": "VACANT",
        "SPECIFIC_PROP_TYPE": 901,
        "SPC_PROP_TYP_DESCR": "Vac Res",
        "NEIGHBORHOOD": "103",
        "NBHD_DISTRICT": "825",
        "LAND_DISTRICT": 8037,
        "ECONOMIC_UNIT": null,
        "GLA_WEIGHTED_YRBLT": null,
        "TOTAL_ABOVE_GRADE_AREA": null,
        "TOTAL_MEZZANINE": null,
        "TOTAL_BASEMENT": null,
        "TOTAL_BSMT_FINISH": null,
        "TOTAL_UNIT_COUNT": null,
        "TOTAL_IMP_COUNT": null,
        "ASMT_YEAR": 2026,
        "ASMT_CODE": "V",
        "ASMT_CODE_DESCR": "VACANT",
        "MKT_LAND_VALUE": 170900,
        "MKT_LAND_RES": 0,
        "MKT_LAND_AGR": 170900,
        "MKT_LAND_COM": 0,
        "MKT_IMP_VALUE": 0,
        "MKT_IMP_RES": 0,
        "MKT_IMP_AGR": 0,
        "MKT_IMP_COM": 0,
        "MKT_CUR_VALUE": 170900,
        "MKT_PRV_VAL": 170900,
        "MKT_VAL_YR_CHG": 0,
        "MKT_PCT_CHG": 0,
        "TXBL_CUR_VALUE": 2570,
        "TXBL_PRV_VAL": 2570,
        "TXBL_VAL_YR_CHG": 0,
        "TXBL_PCT_CHG": 0,
        "TOT_CUR_TAXES": 0,
        "TOT_PRV_TAXES": 0,
        "TAXES_YR_CHG": 0,
        "TAXES_PCT_CHG": 0,
        "GREENBELT": "GB",
        "EXEMPT_RES": "N",
        "COMMON_AREA": null,
        "PUBLIC_ROAD": null,
        "PRIVATE_ROAD": null,
        "PART_CENTRAL_ASSD": null,
        "PART_TAXABLE": null,
        "IMP_NO_RES": null,
        "COST_GROUP_RES": null,
        "STYLE_DESCR_RES": null,
        "QUALITY_RES": null,
        "QUALITY_DESCR_RES": null,
        "CONDITION_RES": null,
        "CONDITION_DESCR_RES": null,
        "YEARBLT_RES": null,
        "GLA_RES": null,
        "BASEMENT_RES": null,
        "BSMT_FINISH_RES": null,
        "ATT_GARAGE_SQFT_RES": null,
        "BATHROOMS_RES": null,
        "GLA_BEDROOMS_RES": null,
        "EXTERIOR_RES": null,
        "ALLOCATION_PCT_RES": null,
        "TRAV_COUNT": 1,
        "LASTUPDATE": null,
        "CREATED_DATE": 1712330344000,
        "LAST_EDITED_DATE": 1712330533000,
        "GLOBALID": "{46E57E00-5053-446C-B978-AA8D6CE72257}",
        "Join_Count_12": 1,
        "TARGET_FID_12": 8328,
        "Code": null,
        "Desc_Cleaned": "Residential Agricultural",
        "Description": "Residential Agricultural Zone (5 Acres)",
        "City": null,
        "Description_detailed": null,
        "Desc": null,
        "Acres": null,
        "CityLU": "RA-5",
        "Unit_Rate": 5,
        "Parcel_Area": 20860,
        "PctDeveloped": null,
        "Slope_Score": 10,
        "GP_Score": 6,
        "Ownership_Type": "Private",
        "Ownership_Score": 10,
        "Wetlands_Score": 0,
        "Municipality_Score": 10,
        "Final_Score": 7.6,
        "OBJECTID_12": 8326,
        "Join_Count_12_13": 0,
        "TARGET_FID_12_13": 8328,
        "Area": null,
        "Shape_Length_12": null,
        "Shape_Area_12": null,
        "STATUS": " ",
        "CARTOCODE": "11",
        "FULLNAME": "100 N",
        "FROMADDR_L": 201,
        "TOADDR_L": 999,
        "FROMADDR_R": 200,
        "TOADDR_R": 998,
        "PARITY_L": " ",
        "PARITY_R": " ",
        "PREDIR": "E",
        "NAME": "100",
        "POSTTYPE": " ",
        "POSTDIR": "N",
        "AN_NAME": " ",
        "AN_POSTDIR": " ",
        "A1_PREDIR": " ",
        "A1_NAME": " ",
        "A1_POSTTYP": " ",
        "A1_POSTDIR": " ",
        "A2_PREDIR": " ",
        "A2_NAME": " ",
        "A2_POSTTYP": " ",
        "A2_POSTDIR": " ",
        "QUADRANT_L": "NE",
        "QUADRANT_R": "NE",
        "STATE_L": "UT",
        "STATE_R": "UT",
        "COUNTY_L": "49049",
        "COUNTY_R": "49049",
        "ADDRSYS_L": "Cedar Fort",
        "ADDRSYS_R": "Cedar Fort",
        "POSTCOMM_L": "CEDAR VALLEY",
        "POSTCOMM_R": "CEDAR VALLEY",
        "ZIPCODE_L": "84013",
        "ZIPCODE_R": "84013",
        "INCMUNI_L": "CEDAR FORT",
        "INCMUNI_R": "CEDAR FORT",
        "UNINCCOM_L": " ",
        "UNINCCOM_R": " ",
        "NBRHDCOM_L": " ",
        "NBRHDCOM_R": " ",
        "ER_CAD_ZON": " ",
        "ESN_L": " ",
        "ESN_R": " ",
        "MSAGCOMM_L": " ",
        "MSAGCOMM_R": " ",
        "ONEWAY": "0",
        "VERT_LEVEL": "0",
        "SPEED_LMT": 25,
        "ACCESSCODE": " ",
        "DOT_HWYNAM": " ",
        "DOT_RTNAME": " ",
        "DOT_RTPART": " ",
        "DOT_F_MILE": 0,
        "DOT_T_MILE": 0,
        "DOT_FCLASS": " ",
        "DOT_SRFTYP": " ",
        "DOT_CLASS": "C",
        "DOT_OWN_L": "MU Cedar Fort",
        "DOT_OWN_R": "MU Cedar Fort",
        "DOT_AADT": 0,
        "DOT_AADTYR": " ",
        "DOT_THRULA": 0,
        "BIKE_L": " ",
        "BIKE_R": " ",
        "UNIQUE_ID": "12TVK07216480_100_N",
        "LOCAL_UID": " ",
        "UTAHRD_UID": " ",
        "SOURCE": " ",
        "UPDATED": 1486425600000,
        "EFFECTIVE": null,
        "EXPIRE": null,
        "CUSTOMTAGS": " ",
        "Shape_STLe": 1709.06032841,
        "START_ELEV": 1547.1134033203125,
        "END_ELEV": 1512.888427734375,
        "STEL_FT": 5075.831538149414,
        "ENDEL_FT": 4963.544869248047,
        "ELEV_CHANGE": 112.2866689013672,
        "SLOPE": 2.0021046695567977,
        "IMP_NO_12": null,
        "USE_CODE_12": null,
        "USE_CODE_DESCR_12": null,
        "COST_CLASS_DESCR_12": null,
        "EXTERIOR_WALL_12": null,
        "ABOVE_GRADE_AREA_12": null,
        "MEZZANINE_12": null,
        "BASEMENT_12": null,
        "BSMT_FINISH_12": null,
        "BSMT_UNFINISH_12": null,
        "QUALITY_DESCR_12": null,
        "CONDITION_12": null,
        "CONDITION_DESCR_12": null,
        "YEAR_BUILT_12": null,
        "UNIT_COUNT_12": null,
        "PCT_COMPLETE_12": null,
        "ALLOCATION_PCT_12": null,
        "IMP_NO_23": null,
        "USE_CODE_23": null,
        "USE_CODE_DESCR_23": null,
        "COST_CLASS_DESCR_23": null,
        "EXTERIOR_WALL_23": null,
        "ABOVE_GRADE_AREA_23": null,
        "MEZZANINE_23": null,
        "BASEMENT_23": null,
        "BSMT_FINISH_23": null,
        "BSMT_UNFINISH_23": null,
        "QUALITY_DESCR_23": null,
        "CONDITION_23": null,
        "CONDITION_DESCR_23": null,
        "YEAR_BUILT_23": null,
        "UNIT_COUNT_23": null,
        "PCT_COMPLETE_23": null,
        "ALLOCATION_PCT_23": null,
        "Entry": 42819,
        "Year": 2025,
        "Record_Date": "2025-06-10",
        "Grantor": "PETERSON, PAUL DEC",
        "Grantee": "WHOM OF INTEREST",
        "Tax_Address": "1019 N TIMPVIEW DR AMERICAN FORK, UT 84003",
        "Serial_Number": "59:037:0071",
        "Serial_Number_Available": "Yes",
        "Detail_URL": "https://www.utahcounty.gov/LandRecords/document.asp?avEntry=42819&avYear=2025",
        "Document_Type": "AF DC",
        "Shape_Length_12_13": 3059.2877750147795,
        "Shape_Area_12_13": 224529.73850297296,
        "DocType": "AFDC",
        "Shape_Length": 0.008675244123529456,
        "Shape_Area": 2.2108423743738823e-06
      }
    },
    {
      "type": "Feature",
      "id": 83,
      "geometry": {
        "type": "Polygon",
        "coordinates": [
          [
            [
              -112.13608139299998,
              40.34445012800006
            ],
            [
              -112.13603812199995,
              40.340859469000065
            ],
            [
              -112.13129241299998,
              40.34088313600006
            ],
            [
              -112.13132239199996,
              40.34447894600004
            ],
            [
              -112.13608139299998,
              40.34445012800006
            ]
          ]
        ]
      },
      "properties": {
        "OBJECTID": 83,
        "Join_Count": 1,
        "TARGET_FID": 11009636,
        "PARCEL_NO": 580660006,
        "PARCELID": "580660006",
        "PARCELID_LABEL": "58:066:0006",
        "OWNER_NAME": "PETERSON, PAUL & MARGERY J",
        "CARE_NAME": "%PETERSON, JONATHAN",
        "ACREAGE": 39.83198,
        "SITE_FULL_ADDRESS": "CEDAR FORT, UT",
        "SITE_HOUSE_NUM": " ",
        "SITE_PRE_DIR": null,
        "SITE_STREET_NAME": null,
        "SITE_STREET_TYPE": null,
        "SITE_POST_DIR": null,
        "SITE_STREET_UNIT": null,
        "SITE_CITY": "CEDAR FORT",
        "SITE_STATE": "UT",
        "SITE_ZIP5": "84013",
        "OWN_FULL_ADDRESS": "%PETERSON, JONATHAN  552 W 11200 S  WOODLAND HILLS, UT 84653",
        "OWN_STREET_ADDRESS": "552 W 11200 S",
        "OWN_CITY": "WOODLAND HILLS",
        "OWN_STATE": "UT",
        "OWN_ZIP5": "84653",
        "VESTING_DOC": "65878-2001",
        "PARCEL_CREATE_DATE": 347068800000,
        "MAP_FILING_NO": null,
        "SUB_NAME": null,
        "LEGAL_DESCR": "SW 1/4 OF NW 1/4 SEC. 36, T5S, R3W, SLB&M. AREA 39.832 AC.",
        "BOOK_PAGE": 58066,
        "LOT": null,
        "BUILDING": null,
        "UNIT": null,
        "TAX_DISTRICT": "050",
        "TAX_DISTRICT_DESCR": "CEDAR FORT CITY",
        "SCHOOL_DISTRICT": "ALPINE",
        "TAXABLE_CODE": 100,
        "ACCOUNT_TYPE": "RESIDENTIAL",
        "PROP_TYPE": 900,
        "PROP_TYPE_DESCR": "VACANT",
        "SPECIFIC_PROP_TYPE": 901,
        "SPC_PROP_TYP_DESCR": "Vac Res",
        "NEIGHBORHOOD": "121",
        "NBHD_DISTRICT": "802",
        "LAND_DISTRICT": 8001,
        "ECONOMIC_UNIT": null,
        "GLA_WEIGHTED_YRBLT": null,
        "TOTAL_ABOVE_GRADE_AREA": null,
        "TOTAL_MEZZANINE": null,
        "TOTAL_BASEMENT": null,
        "TOTAL_BSMT_FINISH": null,
        "TOTAL_UNIT_COUNT": null,
        "TOTAL_IMP_COUNT": null,
        "ASMT_YEAR": 2026,
        "ASMT_CODE": "V",
        "ASMT_CODE_DESCR": "VACANT",
        "MKT_LAND_VALUE": 62800,
        "MKT_LAND_RES": 0,
        "MKT_LAND_AGR": 62800,
        "MKT_LAND_COM": 0,
        "MKT_IMP_VALUE": 0,
        "MKT_IMP_RES": 0,
        "MKT_IMP_AGR": 0,
        "MKT_IMP_COM": 0,
        "MKT_CUR_VALUE": 62800,
        "MKT_PRV_VAL": 62800,
        "MKT_VAL_YR_CHG": 0,
        "MKT_PCT_CHG": 0,
        "TXBL_CUR_VALUE": 199,
        "TXBL_PRV_VAL": 199,
        "TXBL_VAL_YR_CHG": 0,
        "TXBL_PCT_CHG": 0,
        "TOT_CUR_TAXES": 0,
        "TOT_PRV_TAXES": 0,
        "TAXES_YR_CHG": 0,
        "TAXES_PCT_CHG": 0,
        "GREENBELT": "GB",
        "EXEMPT_RES": "N",
        "COMMON_AREA": null,
        "PUBLIC_ROAD": null,
        "PRIVATE_ROAD": null,
        "PART_CENTRAL_ASSD": null,
        "PART_TAXABLE": null,
        "IMP_NO_RES": null,
        "COST_GROUP_RES": null,
        "STYLE_DESCR_RES": null,
        "QUALITY_RES": null,
        "QUALITY_DESCR_RES": null,
        "CONDITION_RES": null,
        "CONDITION_DESCR_RES": null,
        "YEARBLT_RES": null,
        "GLA_RES": null,
        "BASEMENT_RES": null,
        "BSMT_FINISH_RES": null,
        "ATT_GARAGE_SQFT_RES": null,
        "BATHROOMS_RES": null,
        "GLA_BEDROOMS_RES": null,
        "EXTERIOR_RES": null,
        "ALLOCATION_PCT_RES": null,
        "TRAV_COUNT": 1,
        "LASTUPDATE": null,
        "CREATED_DATE": 1712330344000,
        "LAST_EDITED_DATE": 1712330533000,
        "GLOBALID": "{33D6B5D0-923E-4599-82D8-88147F649481}",
        "Join_Count_12": 0,
        "TARGET_FID_12": 8397,
        "Code": null,
        "Desc_Cleaned": "Residential Agricultural",
        "Description": "Mining and Grazing (40 Acres)",
        "City": null,
        "Description_detailed": null,
        "Desc": null,
        "Acres": null,
        "CityLU": "MG-40",
        "Unit_Rate": 40,
        "Parcel_Area": 161099,
        "PctDeveloped": null,
        "Slope_Score": 0,
        "GP_Score": 6,
        "Ownership_Type": "Private",
        "Ownership_Score": 10,
        "Wetlands_Score": 10,
        "Municipality_Score": 10,
        "Final_Score": 7.1,
        "OBJECTID_12": 8395,
        "Join_Count_12_13": 0,
        "TARGET_FID_12_13": 8397,
        "Area": null,
        "Shape_Length_12": null,
        "Shape_Area_12": null,
        "STATUS": null,
        "CARTOCODE": null,
        "FULLNAME": null,
        "FROMADDR_L": null,
        "TOADDR_L": null,
        "FROMADDR_R": null,
        "TOADDR_R": null,
        "PARITY_L": null,
        "PARITY_R": null,
        "PREDIR": null,
        "NAME": null,
        "POSTTYPE": null,
        "POSTDIR": null,
        "AN_NAME": null,
        "AN_POSTDIR": null,
        "A1_PREDIR": null,
        "A1_NAME": null,
        "A1_POSTTYP": null,
        "A1_POSTDIR": null,
        "A2_PREDIR": null,
        "A2_NAME": null,
        "A2_POSTTYP": null,
        "A2_POSTDIR": null,
        "QUADRANT_L": null,
        "QUADRANT_R": null,
        "STATE_L": null,
        "STATE_R": null,
        "COUNTY_L": null,
        "COUNTY_R": null,
        "ADDRSYS_L": null,
        "ADDRSYS_R": null,
        "POSTCOMM_L": null,
        "POSTCOMM_R": null,
        "ZIPCODE_L": null,
        "ZIPCODE_R": null,
        "INCMUNI_L": null,
        "INCMUNI_R": null,
        "UNINCCOM_L": null,
        "UNINCCOM_R": null,
        "NBRHDCOM_L": null,
        "NBRHDCOM_R": null,
        "ER_CAD_ZON": null,
        "ESN_L": null,
        "ESN_R": null,
        "MSAGCOMM_L": null,
        "MSAGCOMM_R": null,
        "ONEWAY": null,
        "VERT_LEVEL": null,
        "SPEED_LMT": null,
        "ACCESSCODE": null,
        "DOT_HWYNAM": null,
        "DOT_RTNAME": null,
        "DOT_RTPART": null,
        "DOT_F_MILE": null,
        "DOT_T_MILE": null,
        "DOT_FCLASS": null,
        "DOT_SRFTYP": null,
        "DOT_CLASS": null,
        "DOT_OWN_L": null,
        "DOT_OWN_R": null,
        "DOT_AADT": null,
        "DOT_AADTYR": null,
        "DOT_THRULA": null,
        "BIKE_L": null,
        "BIKE_R": null,
        "UNIQUE_ID": null,
        "LOCAL_UID": null,
        "UTAHRD_UID": null,
        "SOURCE": null,
        "UPDATED": null,
        "EFFECTIVE": null,
        "EXPIRE": null,
        "CUSTOMTAGS": null,
        "Shape_STLe": null,
        "START_ELEV": null,
        "END_ELEV": null,
        "STEL_FT": null,
        "ENDEL_FT": null,
        "ELEV_CHANGE": null,
        "SLOPE": null,
        "IMP_NO_12": null,
        "USE_CODE_12": null,
        "USE_CODE_DESCR_12": null,
        "COST_CLASS_DESCR_12": null,
        "EXTERIOR_WALL_12": null,
        "ABOVE_GRADE_AREA_12": null,
        "MEZZANINE_12": null,
        "BASEMENT_12": null,
        "BSMT_FINISH_12": null,
        "BSMT_UNFINISH_12": null,
        "QUALITY_DESCR_12": null,
        "CONDITION_12": null,
        "CONDITION_DESCR_12": null,
        "YEAR_BUILT_12": null,
        "UNIT_COUNT_12": null,
        "PCT_COMPLETE_12": null,
        "ALLOCATION_PCT_12": null,
        "IMP_NO_23": null,
        "USE_CODE_23": null,
        "USE_CODE_DESCR_23": null,
        "COST_CLASS_DESCR_23": null,
        "EXTERIOR_WALL_23": null,
        "ABOVE_GRADE_AREA_23": null,
        "MEZZANINE_23": null,
        "BASEMENT_23": null,
        "BSMT_FINISH_23": null,
        "BSMT_UNFINISH_23": null,
        "QUALITY_DESCR_23": null,
        "CONDITION_23": null,
        "CONDITION_DESCR_23": null,
        "YEAR_BUILT_23": null,
        "UNIT_COUNT_23": null,
        "PCT_COMPLETE_23": null,
        "ALLOCATION_PCT_23": null,
        "Entry": 42819,
        "Year": 2025,
        "Record_Date": "2025-06-10",
        "Grantor": "PETERSON, PAUL DEC",
        "Grantee": "WHOM OF INTEREST",
        "Tax_Address": "1019 N TIMPVIEW DR AMERICAN FORK, UT 84003",
        "Serial_Number": "58:066:0006",
        "Serial_Number_Available": "Yes",
        "Detail_URL": "https://www.utahcounty.gov/LandRecords/document.asp?avEntry=42819&avYear=2025",
        "Document_Type": "AF DC",
        "Shape_Length_12_13": 5267.421167765466,
        "Shape_Area_12_13": 1734043.8007998653,
        "DocType": "AFDC",
        "Shape_Length": 0.01669171095423319,
        "Shape_Area": 1.707728707372919e-05
      }
    },
    {
      "type": "Feature",
      "id": 84,
      "geometry": {
        "type": "Polygon",
        "coordinates": [
          [
            [
              -112.13611647399995,
              40.34073419600003
            ],
            [
              -112.13602992499995,
              40.33355290800006
            ],
            [
              -112.11715336199995,
              40.33360522300006
            ],
            [
              -112.11714348299995,
              40.33721647400006
            ],
            [
              -112.12187592799995,
              40.33719852000007
            ],
            [
              -112.12660836899994,
              40.33718037400007
            ],
            [
              -112.12662506999999,
              40.34078134300006
            ],
            [
              -112.13137077399995,
              40.34075786600005
            ],
            [
              -112.13611647399995,
              40.34073419600003
            ]
          ]
        ]
      },
      "properties": {
        "OBJECTID": 84,
        "Join_Count": 1,
        "TARGET_FID": 11009640,
        "PARCEL_NO": 580660009,
        "PARCELID": "580660009",
        "PARCELID_LABEL": "58:066:0009",
        "OWNER_NAME": "UTAH STATE DEPT OF NATURAL RESOURCES",
        "CARE_NAME": "%UTAH TRUST LANDS ADMINISTRATION",
        "ACREAGE": 238.2877,
        "SITE_FULL_ADDRESS": "CEDAR FORT, UT",
        "SITE_HOUSE_NUM": " ",
        "SITE_PRE_DIR": null,
        "SITE_STREET_NAME": null,
        "SITE_STREET_TYPE": null,
        "SITE_POST_DIR": null,
        "SITE_STREET_UNIT": null,
        "SITE_CITY": "CEDAR FORT",
        "SITE_STATE": "UT",
        "SITE_ZIP5": "84013",
        "OWN_FULL_ADDRESS": "%UTAH TRUST LANDS ADMINISTRATION  675 E 500 S STE 500  SALT LAKE CITY, UT 84102-2813",
        "OWN_STREET_ADDRESS": "675 E 500 S STE 500",
        "OWN_CITY": "SALT LAKE CITY",
        "OWN_STATE": "UT",
        "OWN_ZIP5": "84102",
        "VESTING_DOC": "18811-1965",
        "PARCEL_CREATE_DATE": 586051200000,
        "MAP_FILING_NO": null,
        "SUB_NAME": null,
        "LEGAL_DESCR": "SW AND S 1/2 OF SE SEC. 36, T5S, R3W, SLB&M. AREA 238.288 AC.",
        "BOOK_PAGE": 58066,
        "LOT": null,
        "BUILDING": null,
        "UNIT": null,
        "TAX_DISTRICT": "050",
        "TAX_DISTRICT_DESCR": "CEDAR FORT CITY",
        "SCHOOL_DISTRICT": "ALPINE",
        "TAXABLE_CODE": 931,
        "ACCOUNT_TYPE": "EXEMPT",
        "PROP_TYPE": 951,
        "PROP_TYPE_DESCR": "EXEMPT",
        "SPECIFIC_PROP_TYPE": 951,
        "SPC_PROP_TYP_DESCR": "Exempt",
        "NEIGHBORHOOD": "1000",
        "NBHD_DISTRICT": "8999",
        "LAND_DISTRICT": 8999,
        "ECONOMIC_UNIT": null,
        "GLA_WEIGHTED_YRBLT": null,
        "TOTAL_ABOVE_GRADE_AREA": null,
        "TOTAL_MEZZANINE": null,
        "TOTAL_BASEMENT": null,
        "TOTAL_BSMT_FINISH": null,
        "TOTAL_UNIT_COUNT": null,
        "TOTAL_IMP_COUNT": null,
        "ASMT_YEAR": 2026,
        "ASMT_CODE": "UNK",
        "ASMT_CODE_DESCR": "UNK",
        "MKT_LAND_VALUE": 0,
        "MKT_LAND_RES": 0,
        "MKT_LAND_AGR": 0,
        "MKT_LAND_COM": 0,
        "MKT_IMP_VALUE": 0,
        "MKT_IMP_RES": 0,
        "MKT_IMP_AGR": 0,
        "MKT_IMP_COM": 0,
        "MKT_CUR_VALUE": 0,
        "MKT_PRV_VAL": 0,
        "MKT_VAL_YR_CHG": 0,
        "MKT_PCT_CHG": 0,
        "TXBL_CUR_VALUE": 0,
        "TXBL_PRV_VAL": 0,
        "TXBL_VAL_YR_CHG": 0,
        "TXBL_PCT_CHG": 0,
        "TOT_CUR_TAXES": 0,
        "TOT_PRV_TAXES": 0,
        "TAXES_YR_CHG": 0,
        "TAXES_PCT_CHG": 0,
        "GREENBELT": null,
        "EXEMPT_RES": "UNK",
        "COMMON_AREA": null,
        "PUBLIC_ROAD": null,
        "PRIVATE_ROAD": null,
        "PART_CENTRAL_ASSD": null,
        "PART_TAXABLE": null,
        "IMP_NO_RES": null,
        "COST_GROUP_RES": null,
        "STYLE_DESCR_RES": null,
        "QUALITY_RES": null,
        "QUALITY_DESCR_RES": null,
        "CONDITION_RES": null,
        "CONDITION_DESCR_RES": null,
        "YEARBLT_RES": null,
        "GLA_RES": null,
        "BASEMENT_RES": null,
        "BSMT_FINISH_RES": null,
        "ATT_GARAGE_SQFT_RES": null,
        "BATHROOMS_RES": null,
        "GLA_BEDROOMS_RES": null,
        "EXTERIOR_RES": null,
        "ALLOCATION_PCT_RES": null,
        "TRAV_COUNT": 1,
        "LASTUPDATE": null,
        "CREATED_DATE": 1712330344000,
        "LAST_EDITED_DATE": 1712330533000,
        "GLOBALID": "{20AEB0DE-C94E-4A0F-83A7-94BB9A8FA69F}",
        "Join_Count_12": 1,
        "TARGET_FID_12": 8401,
        "Code": null,
        "Desc_Cleaned": "Residential Agricultural",
        "Description": "Mining and Grazing (40 Acres)",
        "City": null,
        "Description_detailed": null,
        "Desc": null,
        "Acres": null,
        "CityLU": "MG-40",
        "Unit_Rate": 40,
        "Parcel_Area": 963742,
        "PctDeveloped": null,
        "Slope_Score": 5,
        "GP_Score": 6,
        "Ownership_Type": "Government",
        "Ownership_Score": 0,
        "Wetlands_Score": 0,
        "Municipality_Score": 10,
        "Final_Score": 3.8499999999999996,
        "OBJECTID_12": 8399,
        "Join_Count_12_13": 0,
        "TARGET_FID_12_13": 8401,
        "Area": null,
        "Shape_Length_12": null,
        "Shape_Area_12": null,
        "STATUS": " ",
        "CARTOCODE": "11",
        "FULLNAME": "100 W",
        "FROMADDR_L": 201,
        "TOADDR_L": 509,
        "FROMADDR_R": 200,
        "TOADDR_R": 508,
        "PARITY_L": " ",
        "PARITY_R": " ",
        "PREDIR": "N",
        "NAME": "100",
        "POSTTYPE": " ",
        "POSTDIR": "W",
        "AN_NAME": " ",
        "AN_POSTDIR": " ",
        "A1_PREDIR": " ",
        "A1_NAME": " ",
        "A1_POSTTYP": " ",
        "A1_POSTDIR": " ",
        "A2_PREDIR": " ",
        "A2_NAME": " ",
        "A2_POSTTYP": " ",
        "A2_POSTDIR": " ",
        "QUADRANT_L": "NW",
        "QUADRANT_R": "NW",
        "STATE_L": "UT",
        "STATE_R": "UT",
        "COUNTY_L": "49049",
        "COUNTY_R": "49049",
        "ADDRSYS_L": "Cedar Fort",
        "ADDRSYS_R": "Cedar Fort",
        "POSTCOMM_L": "CEDAR VALLEY",
        "POSTCOMM_R": "CEDAR VALLEY",
        "ZIPCODE_L": "84013",
        "ZIPCODE_R": "84013",
        "INCMUNI_L": "CEDAR FORT",
        "INCMUNI_R": "CEDAR FORT",
        "UNINCCOM_L": " ",
        "UNINCCOM_R": " ",
        "NBRHDCOM_L": " ",
        "NBRHDCOM_R": " ",
        "ER_CAD_ZON": " ",
        "ESN_L": " ",
        "ESN_R": " ",
        "MSAGCOMM_L": " ",
        "MSAGCOMM_R": " ",
        "ONEWAY": "0",
        "VERT_LEVEL": "0",
        "SPEED_LMT": 25,
        "ACCESSCODE": " ",
        "DOT_HWYNAM": " ",
        "DOT_RTNAME": " ",
        "DOT_RTPART": " ",
        "DOT_F_MILE": 0,
        "DOT_T_MILE": 0,
        "DOT_FCLASS": " ",
        "DOT_SRFTYP": " ",
        "DOT_CLASS": "C",
        "DOT_OWN_L": "MU Cedar Fort",
        "DOT_OWN_R": "MU Cedar Fort",
        "DOT_AADT": 0,
        "DOT_AADTYR": " ",
        "DOT_THRULA": 0,
        "BIKE_L": " ",
        "BIKE_R": " ",
        "UNIQUE_ID": "12TVK05616535_100_W",
        "LOCAL_UID": " ",
        "UTAHRD_UID": " ",
        "SOURCE": " ",
        "UPDATED": 1486425600000,
        "EFFECTIVE": null,
        "EXPIRE": null,
        "CUSTOMTAGS": " ",
        "Shape_STLe": 713.071544585,
        "START_ELEV": 1581.0921630859375,
        "END_ELEV": 1635.3509521484375,
        "STEL_FT": 5187.3104123388675,
        "ENDEL_FT": 5365.324817846679,
        "ELEV_CHANGE": 178.01440550781172,
        "SLOPE": 7.607454177004811,
        "IMP_NO_12": null,
        "USE_CODE_12": null,
        "USE_CODE_DESCR_12": null,
        "COST_CLASS_DESCR_12": null,
        "EXTERIOR_WALL_12": null,
        "ABOVE_GRADE_AREA_12": null,
        "MEZZANINE_12": null,
        "BASEMENT_12": null,
        "BSMT_FINISH_12": null,
        "BSMT_UNFINISH_12": null,
        "QUALITY_DESCR_12": null,
        "CONDITION_12": null,
        "CONDITION_DESCR_12": null,
        "YEAR_BUILT_12": null,
        "UNIT_COUNT_12": null,
        "PCT_COMPLETE_12": null,
        "ALLOCATION_PCT_12": null,
        "IMP_NO_23": null,
        "USE_CODE_23": null,
        "USE_CODE_DESCR_23": null,
        "COST_CLASS_DESCR_23": null,
        "EXTERIOR_WALL_23": null,
        "ABOVE_GRADE_AREA_23": null,
        "MEZZANINE_23": null,
        "BASEMENT_23": null,
        "BSMT_FINISH_23": null,
        "BSMT_UNFINISH_23": null,
        "QUALITY_DESCR_23": null,
        "CONDITION_23": null,
        "CONDITION_DESCR_23": null,
        "YEAR_BUILT_23": null,
        "UNIT_COUNT_23": null,
        "PCT_COMPLETE_23": null,
        "ALLOCATION_PCT_23": null,
        "Entry": 24178,
        "Year": 2025,
        "Record_Date": "2025-04-04",
        "Grantor": "COOK, RICHARD ERNEST AKA COOK, RICHARD E DEC RICHARD E COOK TRUST 03-27-1978 AS AMD AND RESTATED 02-11-1992 AKA RICHARD E COOK REVOCABLE TRUST 03-27-1978 AS AMD",
        "Grantee": "COOK, MARY N SUCTEE COOK, RICHARD W SUCTEE RICHARD E COOK TRUST 03-27-1978 AS AMD AND RESTATED 02-11-1992 AKA RICHARD E COOK REVOCABLE TRUST 03-27-1978 AS AMD",
        "Tax_Address": "2535 E 1700 S SALT LAKE CITY, UT 84108",
        "Serial_Number": "59:070:0002",
        "Serial_Number_Available": "Yes",
        "Detail_URL": "https://www.utahcounty.gov/LandRecords/document.asp?avEntry=24178&avYear=2025",
        "Document_Type": "AF DC",
        "Shape_Length_12_13": 5153.796124844892,
        "Shape_Area_12_13": 389038.6258201531,
        "DocType": "AFDC",
        "Shape_Length": 0.05222719320557612,
        "Shape_Area": 0.00010215732423246094
      }
    },
    {
      "type": "Feature",
      "id": 85,
      "geometry": {
        "type": "Polygon",
        "coordinates": [
          [
            [
              -112.13129575399995,
              40.340883129000076
            ],
            [
              -112.12892459599999,
              40.34089488300003
            ],
            [
              -112.12894542099997,
              40.34449326400005
            ],
            [
              -112.13132406799997,
              40.34447892400004
            ],
            [
              -112.13129575399995,
              40.340883129000076
            ]
          ]
        ]
      },
      "properties": {
        "OBJECTID": 85,
        "Join_Count": 1,
        "TARGET_FID": 11009724,
        "PARCEL_NO": 580660012,
        "PARCELID": "580660012",
        "PARCELID_LABEL": "58:066:0012",
        "OWNER_NAME": "COOK, ROBERT EDWARD & JASON STAN",
        "CARE_NAME": null,
        "ACREAGE": 19.925900000000002,
        "SITE_FULL_ADDRESS": "CEDAR FORT, UT",
        "SITE_HOUSE_NUM": " ",
        "SITE_PRE_DIR": null,
        "SITE_STREET_NAME": null,
        "SITE_STREET_TYPE": null,
        "SITE_POST_DIR": null,
        "SITE_STREET_UNIT": null,
        "SITE_CITY": "CEDAR FORT",
        "SITE_STATE": "UT",
        "SITE_ZIP5": "84013",
        "OWN_FULL_ADDRESS": "83 W 100 SOUTH BOX 223  CEDAR FORT, UT 84013",
        "OWN_STREET_ADDRESS": "83 W 100 SOUTH BOX 223",
        "OWN_CITY": "CEDAR FORT",
        "OWN_STATE": "UT",
        "OWN_ZIP5": "84013",
        "VESTING_DOC": "770-2019",
        "PARCEL_CREATE_DATE": 948412800000,
        "MAP_FILING_NO": null,
        "SUB_NAME": null,
        "LEGAL_DESCR": "W 1/2 OF SE 1/4 OF NW 1/4 SEC. 36 T5S R3W SLB&M. DESCRIBED AS FOLLOWS:; COM S .75 FT & E 1322.33 FT FR W 1/4 COR. SEC. 36 T5S R3E SLB&M.; N 0 DEG 3' 33\" E 1310.3 FT; N 89 DEG 57' 8\" E 663.22 FT; S 0 DEG 8' 57\" W 1311.23 FT; N 89 DEG 58' 3\" W 661.16 FT TO BEG. AREA 19.926 AC.",
        "BOOK_PAGE": 58066,
        "LOT": null,
        "BUILDING": null,
        "UNIT": null,
        "TAX_DISTRICT": "050",
        "TAX_DISTRICT_DESCR": "CEDAR FORT CITY",
        "SCHOOL_DISTRICT": "ALPINE",
        "TAXABLE_CODE": 100,
        "ACCOUNT_TYPE": "RESIDENTIAL",
        "PROP_TYPE": 900,
        "PROP_TYPE_DESCR": "VACANT",
        "SPECIFIC_PROP_TYPE": 901,
        "SPC_PROP_TYP_DESCR": "Vac Res",
        "NEIGHBORHOOD": "121",
        "NBHD_DISTRICT": "802",
        "LAND_DISTRICT": 8001,
        "ECONOMIC_UNIT": null,
        "GLA_WEIGHTED_YRBLT": null,
        "TOTAL_ABOVE_GRADE_AREA": null,
        "TOTAL_MEZZANINE": null,
        "TOTAL_BASEMENT": null,
        "TOTAL_BSMT_FINISH": null,
        "TOTAL_UNIT_COUNT": null,
        "TOTAL_IMP_COUNT": null,
        "ASMT_YEAR": 2026,
        "ASMT_CODE": "V",
        "ASMT_CODE_DESCR": "VACANT",
        "MKT_LAND_VALUE": 31400,
        "MKT_LAND_RES": 0,
        "MKT_LAND_AGR": 31400,
        "MKT_LAND_COM": 0,
        "MKT_IMP_VALUE": 0,
        "MKT_IMP_RES": 0,
        "MKT_IMP_AGR": 0,
        "MKT_IMP_COM": 0,
        "MKT_CUR_VALUE": 31400,
        "MKT_PRV_VAL": 31400,
        "MKT_VAL_YR_CHG": 0,
        "MKT_PCT_CHG": 0,
        "TXBL_CUR_VALUE": 100,
        "TXBL_PRV_VAL": 100,
        "TXBL_VAL_YR_CHG": 0,
        "TXBL_PCT_CHG": 0,
        "TOT_CUR_TAXES": 0,
        "TOT_PRV_TAXES": 0,
        "TAXES_YR_CHG": 0,
        "TAXES_PCT_CHG": 0,
        "GREENBELT": "GB",
        "EXEMPT_RES": "N",
        "COMMON_AREA": null,
        "PUBLIC_ROAD": null,
        "PRIVATE_ROAD": null,
        "PART_CENTRAL_ASSD": null,
        "PART_TAXABLE": null,
        "IMP_NO_RES": null,
        "COST_GROUP_RES": null,
        "STYLE_DESCR_RES": null,
        "QUALITY_RES": null,
        "QUALITY_DESCR_RES": null,
        "CONDITION_RES": null,
        "CONDITION_DESCR_RES": null,
        "YEARBLT_RES": null,
        "GLA_RES": null,
        "BASEMENT_RES": null,
        "BSMT_FINISH_RES": null,
        "ATT_GARAGE_SQFT_RES": null,
        "BATHROOMS_RES": null,
        "GLA_BEDROOMS_RES": null,
        "EXTERIOR_RES": null,
        "ALLOCATION_PCT_RES": null,
        "TRAV_COUNT": 1,
        "LASTUPDATE": null,
        "CREATED_DATE": 1712330344000,
        "LAST_EDITED_DATE": 1712330533000,
        "GLOBALID": "{BEB5BDA4-EE32-496F-9714-99817A175EFB}",
        "Join_Count_12": 0,
        "TARGET_FID_12": 8423,
        "Code": null,
        "Desc_Cleaned": "Residential Agricultural",
        "Description": "Mining and Grazing (40 Acres)",
        "City": null,
        "Description_detailed": null,
        "Desc": null,
        "Acres": null,
        "CityLU": "MG-40",
        "Unit_Rate": 40,
        "Parcel_Area": 80591,
        "PctDeveloped": null,
        "Slope_Score": 0,
        "GP_Score": 6,
        "Ownership_Type": "Private",
        "Ownership_Score": 10,
        "Wetlands_Score": 10,
        "Municipality_Score": 10,
        "Final_Score": 7.1,
        "OBJECTID_12": 8421,
        "Join_Count_12_13": 0,
        "TARGET_FID_12_13": 8423,
        "Area": null,
        "Shape_Length_12": null,
        "Shape_Area_12": null,
        "STATUS": null,
        "CARTOCODE": null,
        "FULLNAME": null,
        "FROMADDR_L": null,
        "TOADDR_L": null,
        "FROMADDR_R": null,
        "TOADDR_R": null,
        "PARITY_L": null,
        "PARITY_R": null,
        "PREDIR": null,
        "NAME": null,
        "POSTTYPE": null,
        "POSTDIR": null,
        "AN_NAME": null,
        "AN_POSTDIR": null,
        "A1_PREDIR": null,
        "A1_NAME": null,
        "A1_POSTTYP": null,
        "A1_POSTDIR": null,
        "A2_PREDIR": null,
        "A2_NAME": null,
        "A2_POSTTYP": null,
        "A2_POSTDIR": null,
        "QUADRANT_L": null,
        "QUADRANT_R": null,
        "STATE_L": null,
        "STATE_R": null,
        "COUNTY_L": null,
        "COUNTY_R": null,
        "ADDRSYS_L": null,
        "ADDRSYS_R": null,
        "POSTCOMM_L": null,
        "POSTCOMM_R": null,
        "ZIPCODE_L": null,
        "ZIPCODE_R": null,
        "INCMUNI_L": null,
        "INCMUNI_R": null,
        "UNINCCOM_L": null,
        "UNINCCOM_R": null,
        "NBRHDCOM_L": null,
        "NBRHDCOM_R": null,
        "ER_CAD_ZON": null,
        "ESN_L": null,
        "ESN_R": null,
        "MSAGCOMM_L": null,
        "MSAGCOMM_R": null,
        "ONEWAY": null,
        "VERT_LEVEL": null,
        "SPEED_LMT": null,
        "ACCESSCODE": null,
        "DOT_HWYNAM": null,
        "DOT_RTNAME": null,
        "DOT_RTPART": null,
        "DOT_F_MILE": null,
        "DOT_T_MILE": null,
        "DOT_FCLASS": null,
        "DOT_SRFTYP": null,
        "DOT_CLASS": null,
        "DOT_OWN_L": null,
        "DOT_OWN_R": null,
        "DOT_AADT": null,
        "DOT_AADTYR": null,
        "DOT_THRULA": null,
        "BIKE_L": null,
        "BIKE_R": null,
        "UNIQUE_ID": null,
        "LOCAL_UID": null,
        "UTAHRD_UID": null,
        "SOURCE": null,
        "UPDATED": null,
        "EFFECTIVE": null,
        "EXPIRE": null,
        "CUSTOMTAGS": null,
        "Shape_STLe": null,
        "START_ELEV": null,
        "END_ELEV": null,
        "STEL_FT": null,
        "ENDEL_FT": null,
        "ELEV_CHANGE": null,
        "SLOPE": null,
        "IMP_NO_12": null,
        "USE_CODE_12": null,
        "USE_CODE_DESCR_12": null,
        "COST_CLASS_DESCR_12": null,
        "EXTERIOR_WALL_12": null,
        "ABOVE_GRADE_AREA_12": null,
        "MEZZANINE_12": null,
        "BASEMENT_12": null,
        "BSMT_FINISH_12": null,
        "BSMT_UNFINISH_12": null,
        "QUALITY_DESCR_12": null,
        "CONDITION_12": null,
        "CONDITION_DESCR_12": null,
        "YEAR_BUILT_12": null,
        "UNIT_COUNT_12": null,
        "PCT_COMPLETE_12": null,
        "ALLOCATION_PCT_12": null,
        "IMP_NO_23": null,
        "USE_CODE_23": null,
        "USE_CODE_DESCR_23": null,
        "COST_CLASS_DESCR_23": null,
        "EXTERIOR_WALL_23": null,
        "ABOVE_GRADE_AREA_23": null,
        "MEZZANINE_23": null,
        "BASEMENT_23": null,
        "BSMT_FINISH_23": null,
        "BSMT_UNFINISH_23": null,
        "QUALITY_DESCR_23": null,
        "CONDITION_23": null,
        "CONDITION_DESCR_23": null,
        "YEAR_BUILT_23": null,
        "UNIT_COUNT_23": null,
        "PCT_COMPLETE_23": null,
        "ALLOCATION_PCT_23": null,
        "Entry": 42819,
        "Year": 2025,
        "Record_Date": "2025-06-10",
        "Grantor": "PETERSON, PAUL DEC",
        "Grantee": "WHOM OF INTEREST",
        "Tax_Address": "1019 N TIMPVIEW DR AMERICAN FORK, UT 84003",
        "Serial_Number": "58:066:0006",
        "Serial_Number_Available": "Yes",
        "Detail_URL": "https://www.utahcounty.gov/LandRecords/document.asp?avEntry=42819&avYear=2025",
        "Document_Type": "AF DC",
        "Shape_Length_12_13": 5267.421167765466,
        "Shape_Area_12_13": 1734043.8007998653,
        "DocType": "AFDC",
        "Shape_Length": 0.011944225090714397,
        "Shape_Area": 8.54305384209635e-06
      }
    },
    {
      "type": "Feature",
      "id": 86,
      "geometry": {
        "type": "Polygon",
        "coordinates": [
          [
            [
              -111.74774153299995,
              40.420687000000044
            ],
            [
              -111.74774579499996,
              40.42070128800003
            ],
            [
              -111.74775982080972,
              40.42065113584249
            ],
            [
              -111.74776703197598,
              40.42059956102958
            ],
            [
              -111.74776729963376,
              40.42054748521365
            ],
            [
              -111.74776061899996,
              40.42049583900007
            ],
            [
              -111.74769406799999,
              40.42015949200004
            ],
            [
              -111.74769267521415,
              40.42015260634242
            ],
            [
              -111.74769021061591,
              40.4201460277492
            ],
            [
              -111.747686736283,
              40.420139921920494
            ],
            [
              -111.74768233972614,
              40.42013444264855
            ],
            [
              -111.74767713168481,
              40.42012972794403
            ],
            [
              -111.74767124333796,
              40.42012589655984
            ],
            [
              -111.74766482299998,
              40.420123045000025
            ],
            [
              -111.74764808630579,
              40.420113902009945
            ],
            [
              -111.74763309552081,
              40.420102112711135
            ],
            [
              -111.74762026491501,
              40.42008800290054
            ],
            [
              -111.74760994906183,
              40.420071962502384
            ],
            [
              -111.74760243303955,
              40.420054434792625
            ],
            [
              -111.74759792455326,
              40.42003590414904
            ],
            [
              -111.74759654819485,
              40.42001688266545
            ],
            [
              -111.74759834199995,
              40.41999789600004
            ],
            [
              -111.74731048399997,
              40.419670100000076
            ],
            [
              -111.74813530699998,
              40.41944967200004
            ],
            [
              -111.74894650499999,
              40.419133499000054
            ],
            [
              -111.74863738999994,
              40.418343519000075
            ],
            [
              -111.74734759599994,
              40.418347080000046
            ],
            [
              -111.74733768899995,
              40.41836934600008
            ],
            [
              -111.74754164799998,
              40.41842235300004
            ],
            [
              -111.74750439199994,
              40.41850609000005
            ],
            [
              -111.74746766899995,
              40.41858863200008
            ],
            [
              -111.74743041499994,
              40.418672370000024
            ],
            [
              -111.74741321299996,
              40.41866789900007
            ],
            [
              -111.74740595599997,
              40.418694998000035
            ],
            [
              -111.74738291599999,
              40.41878102900006
            ],
            [
              -111.74735987599996,
              40.418867060000025
            ],
            [
              -111.74735301699997,
              40.418893997000055
            ],
            [
              -111.74732997699999,
              40.41898002800008
            ],
            [
              -111.74730693699996,
              40.419066059000045
            ],
            [
              -111.74729989499997,
              40.419092996000074
            ],
            [
              -111.74727694899997,
              40.41917904200005
            ],
            [
              -111.74725400399996,
              40.41926508700004
            ],
            [
              -111.74724685099994,
              40.41929195100005
            ],
            [
              -111.74722481499998,
              40.419378136000034
            ],
            [
              -111.74720277999995,
              40.41946432100008
            ],
            [
              -111.74714364899995,
              40.41945548800004
            ],
            [
              -111.74718585999995,
              40.41953075400005
            ],
            [
              -111.74723112699996,
              40.41961146500006
            ],
            [
              -111.74727639399998,
              40.41969217700006
            ],
            [
              -111.74729426099998,
              40.41971617000007
            ],
            [
              -111.74735228299994,
              40.41979196500006
            ],
            [
              -111.74741031199994,
              40.41986775700008
            ],
            [
              -111.74744610899995,
              40.41990021700008
            ],
            [
              -111.74749613199998,
              40.41997927300008
            ],
            [
              -111.74754615299997,
              40.42005832900003
            ],
            [
              -111.74757451599999,
              40.42011947300006
            ],
            [
              -111.74760006099996,
              40.420205089000035
            ],
            [
              -111.74762560299996,
              40.42029070700005
            ],
            [
              -111.74763208899998,
              40.420317698000076
            ],
            [
              -111.74765763199997,
              40.420403314000055
            ],
            [
              -111.74768317499996,
              40.42048893100008
            ],
            [
              -111.74769048899998,
              40.420515798000054
            ],
            [
              -111.74771603399995,
              40.42060141500008
            ],
            [
              -111.74774157699994,
              40.420687032000046
            ],
            [
              -111.74774153299995,
              40.420687000000044
            ]
          ]
        ]
      },
      "properties": {
        "OBJECTID": 86,
        "Join_Count": 1,
        "TARGET_FID": 11014751,
        "PARCEL_NO": 651040452,
        "PARCELID": "651040452",
        "PARCELID_LABEL": "65:104:0452",
        "OWNER_NAME": "COMMON AREA",
        "CARE_NAME": null,
        "ACREAGE": 8.998000000000001,
        "SITE_FULL_ADDRESS": "CEDAR HILLS, UT",
        "SITE_HOUSE_NUM": " ",
        "SITE_PRE_DIR": null,
        "SITE_STREET_NAME": null,
        "SITE_STREET_TYPE": null,
        "SITE_POST_DIR": null,
        "SITE_STREET_UNIT": null,
        "SITE_CITY": "CEDAR HILLS",
        "SITE_STATE": "UT",
        "SITE_ZIP5": "84062",
        "OWN_FULL_ADDRESS": "100 E CENTER  PROVO, UT 84606",
        "OWN_STREET_ADDRESS": "100 E CENTER",
        "OWN_CITY": "PROVO",
        "OWN_STATE": "UT",
        "OWN_ZIP5": "84606",
        "VESTING_DOC": "3790-2005",
        "PARCEL_CREATE_DATE": 1105488000000,
        "MAP_FILING_NO": "10878 ",
        "SUB_NAME": "CEDARS TOWNHOMES THE PRD, PLAT E PHASE 4",
        "LEGAL_DESCR": "COMMON AREA, PLAT E, THE CEDARS TOWNHOMES PRD PHASE 4 SUBDV. AREA 0.735 AC. ALSO COMMON AREA, PLAT E, THE CEDARS TOWNHOMES PRD PHASE 4 SUBDV. AREA 3.587 AC. ALSO COMMON AREA, PLAT E, THE CEDARS TOWNHOMES PRD PHASE 4 SUBDV. AREA 0.724 AC. ALSO COMMON AREA, PLAT E, THE CEDARS TOWNHOMES PRD PHASE 4 SUBDV. AREA 3.952 AC. TOTAL AREA 8.998 AC.",
        "BOOK_PAGE": 65104,
        "LOT": null,
        "BUILDING": null,
        "UNIT": null,
        "TAX_DISTRICT": "021",
        "TAX_DISTRICT_DESCR": "CEDAR HILLS CITY",
        "SCHOOL_DISTRICT": "ALPINE",
        "TAXABLE_CODE": 600,
        "ACCOUNT_TYPE": "EXEMPT",
        "PROP_TYPE": 951,
        "PROP_TYPE_DESCR": "EXEMPT",
        "SPECIFIC_PROP_TYPE": 951,
        "SPC_PROP_TYP_DESCR": "Exempt",
        "NEIGHBORHOOD": "1000",
        "NBHD_DISTRICT": "8999",
        "LAND_DISTRICT": 8999,
        "ECONOMIC_UNIT": null,
        "GLA_WEIGHTED_YRBLT": null,
        "TOTAL_ABOVE_GRADE_AREA": null,
        "TOTAL_MEZZANINE": null,
        "TOTAL_BASEMENT": null,
        "TOTAL_BSMT_FINISH": null,
        "TOTAL_UNIT_COUNT": null,
        "TOTAL_IMP_COUNT": null,
        "ASMT_YEAR": 2026,
        "ASMT_CODE": "UNK",
        "ASMT_CODE_DESCR": "UNK",
        "MKT_LAND_VALUE": 0,
        "MKT_LAND_RES": 0,
        "MKT_LAND_AGR": 0,
        "MKT_LAND_COM": 0,
        "MKT_IMP_VALUE": 0,
        "MKT_IMP_RES": 0,
        "MKT_IMP_AGR": 0,
        "MKT_IMP_COM": 0,
        "MKT_CUR_VALUE": 0,
        "MKT_PRV_VAL": 0,
        "MKT_VAL_YR_CHG": 0,
        "MKT_PCT_CHG": 0,
        "TXBL_CUR_VALUE": 0,
        "TXBL_PRV_VAL": 0,
        "TXBL_VAL_YR_CHG": 0,
        "TXBL_PCT_CHG": 0,
        "TOT_CUR_TAXES": 0,
        "TOT_PRV_TAXES": 0,
        "TAXES_YR_CHG": 0,
        "TAXES_PCT_CHG": 0,
        "GREENBELT": null,
        "EXEMPT_RES": "UNK",
        "COMMON_AREA": "Yes",
        "PUBLIC_ROAD": null,
        "PRIVATE_ROAD": null,
        "PART_CENTRAL_ASSD": null,
        "PART_TAXABLE": null,
        "IMP_NO_RES": null,
        "COST_GROUP_RES": null,
        "STYLE_DESCR_RES": null,
        "QUALITY_RES": null,
        "QUALITY_DESCR_RES": null,
        "CONDITION_RES": null,
        "CONDITION_DESCR_RES": null,
        "YEARBLT_RES": null,
        "GLA_RES": null,
        "BASEMENT_RES": null,
        "BSMT_FINISH_RES": null,
        "ATT_GARAGE_SQFT_RES": null,
        "BATHROOMS_RES": null,
        "GLA_BEDROOMS_RES": null,
        "EXTERIOR_RES": null,
        "ALLOCATION_PCT_RES": null,
        "TRAV_COUNT": 4,
        "LASTUPDATE": null,
        "CREATED_DATE": 1712330344000,
        "LAST_EDITED_DATE": 1712330533000,
        "GLOBALID": "{AFCA48C3-CB22-481E-B102-7440877880D0}",
        "Join_Count_12": 1,
        "TARGET_FID_12": 8766,
        "Code": null,
        "Desc_Cleaned": "Low Density Residential",
        "Description": "Residential - Low Density",
        "City": "Cedar Hills",
        "Description_detailed": "Residential Single-Family",
        "Desc": null,
        "Acres": null,
        "CityLU": null,
        "Unit_Rate": null,
        "Parcel_Area": 15984,
        "PctDeveloped": 1,
        "Slope_Score": 10,
        "GP_Score": 9,
        "Ownership_Type": "Private",
        "Ownership_Score": 10,
        "Wetlands_Score": 10,
        "Municipality_Score": 10,
        "Final_Score": 9.65,
        "OBJECTID_12": 8764,
        "Join_Count_12_13": 2,
        "TARGET_FID_12_13": 8766,
        "Area": 158,
        "Shape_Length_12": 175.92557332594316,
        "Shape_Area_12": 1701.931036014028,
        "STATUS": " ",
        "CARTOCODE": "11",
        "FULLNAME": "MORGAN BLVD",
        "FROMADDR_L": 10251,
        "TOADDR_L": 10393,
        "FROMADDR_R": 10250,
        "TOADDR_R": 10394,
        "PARITY_L": " ",
        "PARITY_R": " ",
        "PREDIR": "N",
        "NAME": "MORGAN",
        "POSTTYPE": "BLVD",
        "POSTDIR": " ",
        "AN_NAME": " ",
        "AN_POSTDIR": " ",
        "A1_PREDIR": " ",
        "A1_NAME": " ",
        "A1_POSTTYP": " ",
        "A1_POSTDIR": " ",
        "A2_PREDIR": " ",
        "A2_NAME": " ",
        "A2_POSTTYP": " ",
        "A2_POSTDIR": " ",
        "QUADRANT_L": "NW",
        "QUADRANT_R": "NW",
        "STATE_L": "UT",
        "STATE_R": "UT",
        "COUNTY_L": "49049",
        "COUNTY_R": "49049",
        "ADDRSYS_L": "Provo",
        "ADDRSYS_R": "Provo",
        "POSTCOMM_L": "PLEASANT GROVE",
        "POSTCOMM_R": "PLEASANT GROVE",
        "ZIPCODE_L": "84062",
        "ZIPCODE_R": "84062",
        "INCMUNI_L": "CEDAR HILLS",
        "INCMUNI_R": "CEDAR HILLS",
        "UNINCCOM_L": " ",
        "UNINCCOM_R": " ",
        "NBRHDCOM_L": " ",
        "NBRHDCOM_R": " ",
        "ER_CAD_ZON": " ",
        "ESN_L": " ",
        "ESN_R": " ",
        "MSAGCOMM_L": " ",
        "MSAGCOMM_R": " ",
        "ONEWAY": "0",
        "VERT_LEVEL": "0",
        "SPEED_LMT": 25,
        "ACCESSCODE": " ",
        "DOT_HWYNAM": " ",
        "DOT_RTNAME": " ",
        "DOT_RTPART": " ",
        "DOT_F_MILE": 0,
        "DOT_T_MILE": 0,
        "DOT_FCLASS": " ",
        "DOT_SRFTYP": " ",
        "DOT_CLASS": "C",
        "DOT_OWN_L": "MU Cedar Hills",
        "DOT_OWN_R": "MU Cedar Hills",
        "DOT_AADT": 0,
        "DOT_AADTYR": " ",
        "DOT_THRULA": 0,
        "BIKE_L": " ",
        "BIKE_R": " ",
        "UNIQUE_ID": "12TVK36647461_MORGAN_BLVD",
        "LOCAL_UID": " ",
        "UTAHRD_UID": " ",
        "SOURCE": " ",
        "UPDATED": 1486425600000,
        "EFFECTIVE": null,
        "EXPIRE": null,
        "CUSTOMTAGS": " ",
        "Shape_STLe": 304.372260948,
        "START_ELEV": 1614.1229248046875,
        "END_ELEV": 1608.069580078125,
        "STEL_FT": 5295.679056616211,
        "ENDEL_FT": 5275.819001103516,
        "ELEV_CHANGE": 19.860055512695,
        "SLOPE": 1.988201418811266,
        "IMP_NO_12": null,
        "USE_CODE_12": null,
        "USE_CODE_DESCR_12": null,
        "COST_CLASS_DESCR_12": null,
        "EXTERIOR_WALL_12": null,
        "ABOVE_GRADE_AREA_12": null,
        "MEZZANINE_12": null,
        "BASEMENT_12": null,
        "BSMT_FINISH_12": null,
        "BSMT_UNFINISH_12": null,
        "QUALITY_DESCR_12": null,
        "CONDITION_12": null,
        "CONDITION_DESCR_12": null,
        "YEAR_BUILT_12": null,
        "UNIT_COUNT_12": null,
        "PCT_COMPLETE_12": null,
        "ALLOCATION_PCT_12": null,
        "IMP_NO_23": null,
        "USE_CODE_23": null,
        "USE_CODE_DESCR_23": null,
        "COST_CLASS_DESCR_23": null,
        "EXTERIOR_WALL_23": null,
        "ABOVE_GRADE_AREA_23": null,
        "MEZZANINE_23": null,
        "BASEMENT_23": null,
        "BSMT_FINISH_23": null,
        "BSMT_UNFINISH_23": null,
        "QUALITY_DESCR_23": null,
        "CONDITION_23": null,
        "CONDITION_DESCR_23": null,
        "YEAR_BUILT_23": null,
        "UNIT_COUNT_23": null,
        "PCT_COMPLETE_23": null,
        "ALLOCATION_PCT_23": null,
        "Entry": 33430,
        "Year": 2025,
        "Record_Date": "2025-05-07",
        "Grantor": "SMITH, GARY VERRON AKA SMITH, GARY V DEC",
        "Grantee": "WHOM OF INTEREST",
        "Tax_Address": "10383 N MORGAN BLVD # 429 CEDAR HILLS, UT 84062",
        "Serial_Number": "65:104:0429",
        "Serial_Number_Available": "Yes",
        "Detail_URL": "https://www.utahcounty.gov/LandRecords/document.asp?avEntry=33430&avYear=2025",
        "Document_Type": "AF DC",
        "Shape_Length_12_13": 183.9441549606159,
        "Shape_Area_12_13": 1918.8347689614425,
        "DocType": "AFDC",
        "Shape_Length": 0.007863803805888397,
        "Shape_Area": 1.6962375286750598e-06
      }
    },
    {
      "type": "Feature",
      "id": 87,
      "geometry": {
        "type": "Polygon",
        "coordinates": [
          [
            [
              -111.75103313399995,
              39.999600549000036
            ],
            [
              -111.75103312999994,
              39.999600516000044
            ],
            [
              -111.75182407999995,
              39.99799859500007
            ],
            [
              -111.75138853599998,
              39.99799992900006
            ],
            [
              -111.75085328699998,
              39.99800156500004
            ],
            [
              -111.75031803799999,
              39.99800320000003
            ],
            [
              -111.74955411499997,
              39.99800552800008
            ],
            [
              -111.74954617099996,
              39.99883917600005
            ],
            [
              -111.74954674299994,
              39.998909930000025
            ],
            [
              -111.75018151899997,
              39.99890037800003
            ],
            [
              -111.75018857599997,
              39.999177529000065
            ],
            [
              -111.75072390499997,
              39.999175895000064
            ],
            [
              -111.75073506999996,
              39.99961417800006
            ],
            [
              -111.75103313399995,
              39.999600549000036
            ]
          ]
        ]
      },
      "properties": {
        "OBJECTID": 87,
        "Join_Count": 1,
        "TARGET_FID": 11020033,
        "PARCEL_NO": 660410009,
        "PARCELID": "660410009",
        "PARCELID_LABEL": "66:041:0009",
        "OWNER_NAME": "SAUNDERS, RICHARD L & JOYCE B (ET AL)",
        "CARE_NAME": null,
        "ACREAGE": 5.461412999999999,
        "SITE_FULL_ADDRESS": null,
        "SITE_HOUSE_NUM": null,
        "SITE_PRE_DIR": null,
        "SITE_STREET_NAME": null,
        "SITE_STREET_TYPE": null,
        "SITE_POST_DIR": null,
        "SITE_STREET_UNIT": null,
        "SITE_CITY": null,
        "SITE_STATE": null,
        "SITE_ZIP5": "84651",
        "OWN_FULL_ADDRESS": "12875 S SPRINGLAKE RD  PAYSON, UT 84651",
        "OWN_STREET_ADDRESS": "12875 S SPRINGLAKE RD",
        "OWN_CITY": "PAYSON",
        "OWN_STATE": "UT",
        "OWN_ZIP5": "84651",
        "VESTING_DOC": "22119-2009 (MORE)",
        "PARCEL_CREATE_DATE": 1427932800000,
        "MAP_FILING_NO": "10661 ",
        "SUB_NAME": "SAUNDERS ACRES, PLAT B",
        "LEGAL_DESCR": "PART LOT 2, PLAT B, SAUNDERS ACRES SUB DESCRIBED AS FOLLOWS:; COM N 793.69 FT & W 686.77 FT FR SE COR. SEC. 30, T9S, R2E, SLB&M.; N 86 DEG 45' 30\" E 83.67 FT; S 0 DEG 57' 42\" E 159.72 FT; N 89 DEG 55' 59\" E 150.01 FT; S 0 DEG 57' 42\" E 101 FT; N 89 DEG 2' 21\" E 177.91 FT; S 0 DEG 11' 46\" E 25.78 FT; S 0 DEG 34' 47\" W 303.75 FT; S 89 DEG 55' 59\" W 214.07 FT; S 89 DEG 55' 59\" W 149.99 FT; S 89 DEG 55' 59\" W 149.99 FT; S 89 DEG 55' 59\" W 122.05 FT; N 20 DEG 57' 17\" E 624.33 FT TO BEG. AREA 5.461 AC.",
        "BOOK_PAGE": 66041,
        "LOT": "2",
        "BUILDING": null,
        "UNIT": null,
        "TAX_DISTRICT": "120",
        "TAX_DISTRICT_DESCR": "NEBO SCHOOL DIST S/A 6-7-8",
        "SCHOOL_DISTRICT": "NEBO",
        "TAXABLE_CODE": 100,
        "ACCOUNT_TYPE": "RESIDENTIAL",
        "PROP_TYPE": 900,
        "PROP_TYPE_DESCR": "VACANT",
        "SPECIFIC_PROP_TYPE": 911,
        "SPC_PROP_TYP_DESCR": "Vac Sub Lot",
        "NEIGHBORHOOD": "124",
        "NBHD_DISTRICT": "815",
        "LAND_DISTRICT": 8042,
        "ECONOMIC_UNIT": null,
        "GLA_WEIGHTED_YRBLT": null,
        "TOTAL_ABOVE_GRADE_AREA": null,
        "TOTAL_MEZZANINE": null,
        "TOTAL_BASEMENT": null,
        "TOTAL_BSMT_FINISH": null,
        "TOTAL_UNIT_COUNT": null,
        "TOTAL_IMP_COUNT": null,
        "ASMT_YEAR": 2026,
        "ASMT_CODE": "V",
        "ASMT_CODE_DESCR": "VACANT",
        "MKT_LAND_VALUE": 428000,
        "MKT_LAND_RES": 182000,
        "MKT_LAND_AGR": 246000,
        "MKT_LAND_COM": 0,
        "MKT_IMP_VALUE": 0,
        "MKT_IMP_RES": 0,
        "MKT_IMP_AGR": 0,
        "MKT_IMP_COM": 0,
        "MKT_CUR_VALUE": 428000,
        "MKT_PRV_VAL": 428000,
        "MKT_VAL_YR_CHG": 0,
        "MKT_PCT_CHG": 0,
        "TXBL_CUR_VALUE": 4090,
        "TXBL_PRV_VAL": 4090,
        "TXBL_VAL_YR_CHG": 0,
        "TXBL_PCT_CHG": 0,
        "TOT_CUR_TAXES": 0,
        "TOT_PRV_TAXES": 0,
        "TAXES_YR_CHG": 0,
        "TAXES_PCT_CHG": 0,
        "GREENBELT": "GB",
        "EXEMPT_RES": "N",
        "COMMON_AREA": null,
        "PUBLIC_ROAD": null,
        "PRIVATE_ROAD": null,
        "PART_CENTRAL_ASSD": null,
        "PART_TAXABLE": null,
        "IMP_NO_RES": null,
        "COST_GROUP_RES": null,
        "STYLE_DESCR_RES": null,
        "QUALITY_RES": null,
        "QUALITY_DESCR_RES": null,
        "CONDITION_RES": null,
        "CONDITION_DESCR_RES": null,
        "YEARBLT_RES": null,
        "GLA_RES": null,
        "BASEMENT_RES": null,
        "BSMT_FINISH_RES": null,
        "ATT_GARAGE_SQFT_RES": null,
        "BATHROOMS_RES": null,
        "GLA_BEDROOMS_RES": null,
        "EXTERIOR_RES": null,
        "ALLOCATION_PCT_RES": null,
        "TRAV_COUNT": 1,
        "LASTUPDATE": null,
        "CREATED_DATE": 1712330344000,
        "LAST_EDITED_DATE": 1712330533000,
        "GLOBALID": "{0DDC76BA-2FCB-4354-8B93-22D5E9452F72}",
        "Join_Count_12": 1,
        "TARGET_FID_12": 9494,
        "Code": "LDR",
        "Desc_Cleaned": "Low Density Residential",
        "Description": "Low Density Residential",
        "City": "Payson",
        "Description_detailed": null,
        "Desc": null,
        "Acres": null,
        "CityLU": null,
        "Unit_Rate": null,
        "Parcel_Area": 22101,
        "PctDeveloped": null,
        "Slope_Score": 10,
        "GP_Score": 9,
        "Ownership_Type": "Private",
        "Ownership_Score": 10,
        "Wetlands_Score": 10,
        "Municipality_Score": 0,
        "Final_Score": 8.65,
        "OBJECTID_12": 9492,
        "Join_Count_12_13": 0,
        "TARGET_FID_12_13": 9494,
        "Area": null,
        "Shape_Length_12": null,
        "Shape_Area_12": null,
        "STATUS": " ",
        "CARTOCODE": "11",
        "FULLNAME": "12680 S",
        "FROMADDR_L": 4001,
        "TOADDR_L": 4099,
        "FROMADDR_R": 4000,
        "TOADDR_R": 4098,
        "PARITY_L": " ",
        "PARITY_R": " ",
        "PREDIR": "W",
        "NAME": "12680",
        "POSTTYPE": " ",
        "POSTDIR": "S",
        "AN_NAME": " ",
        "AN_POSTDIR": " ",
        "A1_PREDIR": " ",
        "A1_NAME": " ",
        "A1_POSTTYP": " ",
        "A1_POSTDIR": " ",
        "A2_PREDIR": " ",
        "A2_NAME": " ",
        "A2_POSTTYP": " ",
        "A2_POSTDIR": " ",
        "QUADRANT_L": "SW",
        "QUADRANT_R": "SW",
        "STATE_L": "UT",
        "STATE_R": "UT",
        "COUNTY_L": "49049",
        "COUNTY_R": "49049",
        "ADDRSYS_L": "Provo",
        "ADDRSYS_R": "Provo",
        "POSTCOMM_L": "PAYSON",
        "POSTCOMM_R": "PAYSON",
        "ZIPCODE_L": "84651",
        "ZIPCODE_R": "84651",
        "INCMUNI_L": " ",
        "INCMUNI_R": " ",
        "UNINCCOM_L": " ",
        "UNINCCOM_R": " ",
        "NBRHDCOM_L": " ",
        "NBRHDCOM_R": " ",
        "ER_CAD_ZON": " ",
        "ESN_L": " ",
        "ESN_R": " ",
        "MSAGCOMM_L": " ",
        "MSAGCOMM_R": " ",
        "ONEWAY": "0",
        "VERT_LEVEL": "0",
        "SPEED_LMT": 25,
        "ACCESSCODE": " ",
        "DOT_HWYNAM": " ",
        "DOT_RTNAME": " ",
        "DOT_RTPART": " ",
        "DOT_F_MILE": 0,
        "DOT_T_MILE": 0,
        "DOT_FCLASS": " ",
        "DOT_SRFTYP": " ",
        "DOT_CLASS": "B",
        "DOT_OWN_L": "CO Utah",
        "DOT_OWN_R": "CO Utah",
        "DOT_AADT": 0,
        "DOT_AADTYR": " ",
        "DOT_THRULA": 0,
        "BIKE_L": " ",
        "BIKE_R": " ",
        "UNIQUE_ID": "12SVK35992798_12680_S",
        "LOCAL_UID": " ",
        "UTAHRD_UID": " ",
        "SOURCE": " ",
        "UPDATED": 1174435200000,
        "EFFECTIVE": null,
        "EXPIRE": null,
        "CUSTOMTAGS": " ",
        "Shape_STLe": 238.566914421,
        "START_ELEV": 1446.65771484375,
        "END_ELEV": 1442.7073974609375,
        "STEL_FT": 4746.252497167969,
        "ENDEL_FT": 4733.292137885742,
        "ELEV_CHANGE": 12.960359282226818,
        "SLOPE": 1.6554384233869148,
        "IMP_NO_12": null,
        "USE_CODE_12": null,
        "USE_CODE_DESCR_12": null,
        "COST_CLASS_DESCR_12": null,
        "EXTERIOR_WALL_12": null,
        "ABOVE_GRADE_AREA_12": null,
        "MEZZANINE_12": null,
        "BASEMENT_12": null,
        "BSMT_FINISH_12": null,
        "BSMT_UNFINISH_12": null,
        "QUALITY_DESCR_12": null,
        "CONDITION_12": null,
        "CONDITION_DESCR_12": null,
        "YEAR_BUILT_12": null,
        "UNIT_COUNT_12": null,
        "PCT_COMPLETE_12": null,
        "ALLOCATION_PCT_12": null,
        "IMP_NO_23": null,
        "USE_CODE_23": null,
        "USE_CODE_DESCR_23": null,
        "COST_CLASS_DESCR_23": null,
        "EXTERIOR_WALL_23": null,
        "ABOVE_GRADE_AREA_23": null,
        "MEZZANINE_23": null,
        "BASEMENT_23": null,
        "BSMT_FINISH_23": null,
        "BSMT_UNFINISH_23": null,
        "QUALITY_DESCR_23": null,
        "CONDITION_23": null,
        "CONDITION_DESCR_23": null,
        "YEAR_BUILT_23": null,
        "UNIT_COUNT_23": null,
        "PCT_COMPLETE_23": null,
        "ALLOCATION_PCT_23": null,
        "Entry": 38904,
        "Year": 2025,
        "Record_Date": "2025-05-27",
        "Grantor": "SAUNDERS, JOYCE AKA SAUNDERS, JOYCE B AKA SANDERS, JOYCE B DEC JOYCE B SAUNDERS REVOCABLE TRUST 02-26-2009 SAUNDERS, RICHARD LEONARD AKA SAUNDERS, DICK AKA SAUNDERS, RICHARD L AKA SANDERS, RICHARD L DEC RICHARD L SAUNDERS REVOCABLE TRUST 02-26-2009",
        "Grantee": "ANDREASEN, MARY LYNN SUCTEE SAUNDERS, MARK RICHARD SUCTEE JOYCE B SAUNDERS REVOCABLE TRUST 02-26-2009 ANDREASEN, MARY LYNN SUCTEE SAUNDERS, MARK RICHARD SUCTEE RICHARD L SAUNDERS REVOCABLE TRUST 02-26-2009",
        "Tax_Address": "149 N 500 W HYRUM, UT 84319",
        "Serial_Number": "66:041:0009",
        "Serial_Number_Available": "Yes",
        "Detail_URL": "https://www.utahcounty.gov/LandRecords/document.asp?avEntry=38904&avYear=2025",
        "Document_Type": "AF DC",
        "Shape_Length_12_13": 2261.64908209987,
        "Shape_Area_12_13": 237896.87564046905,
        "DocType": "AFDC",
        "Shape_Length": 0.007145219527737159,
        "Shape_Area": 2.331362475729873e-06
      }
    },
    {
      "type": "Feature",
      "id": 88,
      "geometry": {
        "type": "Polygon",
        "coordinates": [
          [
            [
              -111.69131670899998,
              40.10819872400003
            ],
            [
              -111.68814957199999,
              40.108180668000045
            ],
            [
              -111.68825655199998,
              40.10857461200004
            ],
            [
              -111.68922962799996,
              40.10966302300005
            ],
            [
              -111.68975036199998,
              40.11023038800005
            ],
            [
              -111.68930956999998,
              40.11346221100007
            ],
            [
              -111.69247079299998,
              40.11164529400003
            ],
            [
              -111.69247048099999,
              40.11153387000007
            ],
            [
              -111.69153003699995,
              40.11114381700003
            ],
            [
              -111.69113527899998,
              40.110958967000045
            ],
            [
              -111.69133863799999,
              40.11082384400004
            ],
            [
              -111.69136368799997,
              40.11065831500008
            ],
            [
              -111.69181880599996,
              40.11074626900006
            ],
            [
              -111.69131670899998,
              40.10819872400003
            ]
          ]
        ]
      },
      "properties": {
        "OBJECTID": 88,
        "Join_Count": 1,
        "TARGET_FID": 11049589,
        "PARCEL_NO": 250140054,
        "PARCELID": "250140054",
        "PARCELID_LABEL": "25:014:0054",
        "OWNER_NAME": "FISHER, DAVID L (ET AL)",
        "CARE_NAME": null,
        "ACREAGE": 25.830406,
        "SITE_FULL_ADDRESS": null,
        "SITE_HOUSE_NUM": null,
        "SITE_PRE_DIR": null,
        "SITE_STREET_NAME": null,
        "SITE_STREET_TYPE": null,
        "SITE_POST_DIR": null,
        "SITE_STREET_UNIT": null,
        "SITE_CITY": null,
        "SITE_STATE": null,
        "SITE_ZIP5": "84660",
        "OWN_FULL_ADDRESS": "2082 E PINNACLE DR  ST. GEORGE, UT 84790",
        "OWN_STREET_ADDRESS": "2082 E PINNACLE DR",
        "OWN_CITY": "ST. GEORGE",
        "OWN_STATE": "UT",
        "OWN_ZIP5": "84790",
        "VESTING_DOC": "24252-2025",
        "PARCEL_CREATE_DATE": 1744588800000,
        "MAP_FILING_NO": null,
        "SUB_NAME": null,
        "LEGAL_DESCR": "COM N 231.181 FT & E 388.339 FT FR W 1/4 COR. SEC. 23, T8S, R2E, SLB&M.; S 89 DEG 27' 10\" E 886.13 FT; N 11 DEG 39' 28\" W 146.63 FT; N 34 DEG 20' 51\" W 481.04 FT; N 35 DEG 3' 6\" W 252.91 FT; N 6 DEG 5' 59\" E 1184.03 FT; S 53 DEG 18' 17\" W 1104.74 FT; S 40.6 FT; S 61 DEG 30' 0\" E 299.04 FT; S 58 DEG 30' 0\" E 129.36 FT; S 49 DEG 15' 0\" W 75.24 FT; S 6 DEG 45' 2\" W 60.72 FT; N 75 DEG 44' 59\" W 131.3 FT; S 8 DEG 28' 57\" E 938.83 FT TO BEG. AREA 25.830 AC.",
        "BOOK_PAGE": 25014,
        "LOT": null,
        "BUILDING": null,
        "UNIT": null,
        "TAX_DISTRICT": "120",
        "TAX_DISTRICT_DESCR": "NEBO SCHOOL DIST S/A 6-7-8",
        "SCHOOL_DISTRICT": "NEBO",
        "TAXABLE_CODE": 100,
        "ACCOUNT_TYPE": null,
        "PROP_TYPE": 9999,
        "PROP_TYPE_DESCR": "DEFAULT",
        "SPECIFIC_PROP_TYPE": 9999,
        "SPC_PROP_TYP_DESCR": "DEFAULT",
        "NEIGHBORHOOD": "9999",
        "NBHD_DISTRICT": null,
        "LAND_DISTRICT": 9999,
        "ECONOMIC_UNIT": null,
        "GLA_WEIGHTED_YRBLT": null,
        "TOTAL_ABOVE_GRADE_AREA": null,
        "TOTAL_MEZZANINE": null,
        "TOTAL_BASEMENT": null,
        "TOTAL_BSMT_FINISH": null,
        "TOTAL_UNIT_COUNT": null,
        "TOTAL_IMP_COUNT": null,
        "ASMT_YEAR": 2026,
        "ASMT_CODE": "UNK",
        "ASMT_CODE_DESCR": "UNK",
        "MKT_LAND_VALUE": 0,
        "MKT_LAND_RES": 0,
        "MKT_LAND_AGR": 0,
        "MKT_LAND_COM": 0,
        "MKT_IMP_VALUE": 0,
        "MKT_IMP_RES": 0,
        "MKT_IMP_AGR": 0,
        "MKT_IMP_COM": 0,
        "MKT_CUR_VALUE": 0,
        "MKT_PRV_VAL": 0,
        "MKT_VAL_YR_CHG": 0,
        "MKT_PCT_CHG": 0,
        "TXBL_CUR_VALUE": 0,
        "TXBL_PRV_VAL": 0,
        "TXBL_VAL_YR_CHG": 0,
        "TXBL_PCT_CHG": 0,
        "TOT_CUR_TAXES": 0,
        "TOT_PRV_TAXES": 0,
        "TAXES_YR_CHG": 0,
        "TAXES_PCT_CHG": 0,
        "GREENBELT": null,
        "EXEMPT_RES": "UNK",
        "COMMON_AREA": null,
        "PUBLIC_ROAD": null,
        "PRIVATE_ROAD": null,
        "PART_CENTRAL_ASSD": null,
        "PART_TAXABLE": null,
        "IMP_NO_RES": null,
        "COST_GROUP_RES": null,
        "STYLE_DESCR_RES": null,
        "QUALITY_RES": null,
        "QUALITY_DESCR_RES": null,
        "CONDITION_RES": null,
        "CONDITION_DESCR_RES": null,
        "YEARBLT_RES": null,
        "GLA_RES": null,
        "BASEMENT_RES": null,
        "BSMT_FINISH_RES": null,
        "ATT_GARAGE_SQFT_RES": null,
        "BATHROOMS_RES": null,
        "GLA_BEDROOMS_RES": null,
        "EXTERIOR_RES": null,
        "ALLOCATION_PCT_RES": null,
        "TRAV_COUNT": null,
        "LASTUPDATE": null,
        "CREATED_DATE": 1744625106000,
        "LAST_EDITED_DATE": 1744625106000,
        "GLOBALID": "{5B974425-EFDC-4F16-99CB-2FE240FBA55C}",
        "Join_Count_12": 1,
        "TARGET_FID_12": 9827,
        "Code": null,
        "Desc_Cleaned": "Low Density Residential",
        "Description": "Low Density Residential",
        "City": "Spanish Fork",
        "Description_detailed": null,
        "Desc": null,
        "Acres": 226.758,
        "CityLU": null,
        "Unit_Rate": null,
        "Parcel_Area": 104526,
        "PctDeveloped": null,
        "Slope_Score": 10,
        "GP_Score": 9,
        "Ownership_Type": "Private",
        "Ownership_Score": 10,
        "Wetlands_Score": 0,
        "Municipality_Score": 0,
        "Final_Score": 7.65,
        "OBJECTID_12": 9825,
        "Join_Count_12_13": 0,
        "TARGET_FID_12_13": 9827,
        "Area": null,
        "Shape_Length_12": null,
        "Shape_Area_12": null,
        "STATUS": " ",
        "CARTOCODE": "11",
        "FULLNAME": "6800 S",
        "FROMADDR_L": 1051,
        "TOADDR_L": 1699,
        "FROMADDR_R": 1050,
        "TOADDR_R": 1698,
        "PARITY_L": " ",
        "PARITY_R": " ",
        "PREDIR": "W",
        "NAME": "6800",
        "POSTTYPE": " ",
        "POSTDIR": "S",
        "AN_NAME": " ",
        "AN_POSTDIR": " ",
        "A1_PREDIR": " ",
        "A1_NAME": " ",
        "A1_POSTTYP": " ",
        "A1_POSTDIR": " ",
        "A2_PREDIR": " ",
        "A2_NAME": " ",
        "A2_POSTTYP": " ",
        "A2_POSTDIR": " ",
        "QUADRANT_L": "SW",
        "QUADRANT_R": "SW",
        "STATE_L": "UT",
        "STATE_R": "UT",
        "COUNTY_L": "49049",
        "COUNTY_R": "49049",
        "ADDRSYS_L": "Provo",
        "ADDRSYS_R": "Provo",
        "POSTCOMM_L": "SPANISH FORK",
        "POSTCOMM_R": "SPANISH FORK",
        "ZIPCODE_L": "84660",
        "ZIPCODE_R": "84660",
        "INCMUNI_L": " ",
        "INCMUNI_R": " ",
        "UNINCCOM_L": " ",
        "UNINCCOM_R": " ",
        "NBRHDCOM_L": " ",
        "NBRHDCOM_R": " ",
        "ER_CAD_ZON": " ",
        "ESN_L": " ",
        "ESN_R": " ",
        "MSAGCOMM_L": " ",
        "MSAGCOMM_R": " ",
        "ONEWAY": "0",
        "VERT_LEVEL": "0",
        "SPEED_LMT": 25,
        "ACCESSCODE": " ",
        "DOT_HWYNAM": " ",
        "DOT_RTNAME": " ",
        "DOT_RTPART": " ",
        "DOT_F_MILE": 0,
        "DOT_T_MILE": 0,
        "DOT_FCLASS": " ",
        "DOT_SRFTYP": " ",
        "DOT_CLASS": "B",
        "DOT_OWN_L": "CO Utah",
        "DOT_OWN_R": "CO Utah",
        "DOT_AADT": 0,
        "DOT_AADTYR": " ",
        "DOT_THRULA": 0,
        "BIKE_L": " ",
        "BIKE_R": " ",
        "UNIQUE_ID": "12TVK41373998_6800_S",
        "LOCAL_UID": " ",
        "UTAHRD_UID": " ",
        "SOURCE": " ",
        "UPDATED": 1174608000000,
        "EFFECTIVE": null,
        "EXPIRE": null,
        "CUSTOMTAGS": " ",
        "Shape_STLe": 1400.63337247,
        "START_ELEV": 1393.716796875,
        "END_ELEV": 1388.5489501953125,
        "STEL_FT": 4572.561815859375,
        "ENDEL_FT": 4555.606937758789,
        "ELEV_CHANGE": 16.95487810058603,
        "SLOPE": 0.368866905489749,
        "IMP_NO_12": null,
        "USE_CODE_12": null,
        "USE_CODE_DESCR_12": null,
        "COST_CLASS_DESCR_12": null,
        "EXTERIOR_WALL_12": null,
        "ABOVE_GRADE_AREA_12": null,
        "MEZZANINE_12": null,
        "BASEMENT_12": null,
        "BSMT_FINISH_12": null,
        "BSMT_UNFINISH_12": null,
        "QUALITY_DESCR_12": null,
        "CONDITION_12": null,
        "CONDITION_DESCR_12": null,
        "YEAR_BUILT_12": null,
        "UNIT_COUNT_12": null,
        "PCT_COMPLETE_12": null,
        "ALLOCATION_PCT_12": null,
        "IMP_NO_23": null,
        "USE_CODE_23": null,
        "USE_CODE_DESCR_23": null,
        "COST_CLASS_DESCR_23": null,
        "EXTERIOR_WALL_23": null,
        "ABOVE_GRADE_AREA_23": null,
        "MEZZANINE_23": null,
        "BASEMENT_23": null,
        "BSMT_FINISH_23": null,
        "BSMT_UNFINISH_23": null,
        "QUALITY_DESCR_23": null,
        "CONDITION_23": null,
        "CONDITION_DESCR_23": null,
        "YEAR_BUILT_23": null,
        "UNIT_COUNT_23": null,
        "PCT_COMPLETE_23": null,
        "ALLOCATION_PCT_23": null,
        "Entry": 24251,
        "Year": 2025,
        "Record_Date": "2025-04-04",
        "Grantor": "KILLPACK, NELMA MUHLESTEIN AKA KILLPACK, NELMA M DEC NELMA M KILLPACK FAMILY TRUST 12-01-2000",
        "Grantee": "KILLPACK, NITA SUCTEE PULHAM, CHRISTINE SUCTEE KILLPACK, MICHAEL L SUCTEE RASMUSSEN, LORAINE SUCTEE NELMA M KILLPACK FAMILY TRUST 12-01-2000",
        "Tax_Address": "880 N 200 E OREM, UT 84057-3220",
        "Serial_Number": "25:014:0043",
        "Serial_Number_Available": "Yes",
        "Detail_URL": "https://www.utahcounty.gov/LandRecords/document.asp?avEntry=24251&avYear=2025",
        "Document_Type": "AF DC",
        "Shape_Length_12_13": 1532.5704969348262,
        "Shape_Area_12_13": 105812.86582843703,
        "DocType": "AFDC",
        "Shape_Length": 0.017750494346032895,
        "Shape_Area": 1.1043532335035784e-05
      }
    },
    {
      "type": "Feature",
      "id": 89,
      "geometry": {
        "type": "Polygon",
        "coordinates": [
          [
            [
              -111.63525951899999,
              40.06409653900005
            ],
            [
              -111.63520332499996,
              40.057907690000036
            ],
            [
              -111.63469793199994,
              40.05798378700007
            ],
            [
              -111.63417396799997,
              40.05838063400006
            ],
            [
              -111.63376782199998,
              40.05842775200006
            ],
            [
              -111.63376467499995,
              40.056811018000076
            ],
            [
              -111.63053562399995,
              40.056770484000026
            ],
            [
              -111.63055135599996,
              40.06228666900006
            ],
            [
              -111.63007268199999,
              40.062287371000025
            ],
            [
              -111.62988428099999,
              40.06377298700005
            ],
            [
              -111.63026805599998,
              40.06416076700003
            ],
            [
              -111.63027683099995,
              40.06414919500003
            ],
            [
              -111.63080917999997,
              40.06438437000003
            ],
            [
              -111.63069369999994,
              40.064550489000055
            ],
            [
              -111.63047754799999,
              40.06472303900006
            ],
            [
              -111.63079447499996,
              40.064964779000036
            ],
            [
              -111.63095416599998,
              40.06508660800006
            ],
            [
              -111.631038544504,
              40.06501842620272
            ],
            [
              -111.63111981711594,
              40.064946570430685
            ],
            [
              -111.63119782399997,
              40.06487118200005
            ],
            [
              -111.6311938957716,
              40.06487560515366
            ],
            [
              -111.63119077410148,
              40.06488063013541
            ],
            [
              -111.63118854932812,
              40.064886111526604
            ],
            [
              -111.63118728583454,
              40.06489189070042
            ],
            [
              -111.63118702018521,
              40.06489780041246
            ],
            [
              -111.63118776006776,
              40.06490366964067
            ],
            [
              -111.63118948407065,
              40.064909328534554
            ],
            [
              -111.63119214230268,
              40.06491461333053
            ],
            [
              -111.63119565783687,
              40.064919371091065
            ],
            [
              -111.63119992893664,
              40.06492346413061
            ],
            [
              -111.63120483199998,
              40.06492677400007
            ],
            [
              -111.63127354799997,
              40.064977906000024
            ],
            [
              -111.63135140999998,
              40.064947446000076
            ],
            [
              -111.63166663699997,
              40.06482411700006
            ],
            [
              -111.63209198199996,
              40.06468630000006
            ],
            [
              -111.63249098199998,
              40.06458173000004
            ],
            [
              -111.63283344099995,
              40.06450979400006
            ],
            [
              -111.63317944799996,
              40.06445301600007
            ],
            [
              -111.63352906899996,
              40.06441130400003
            ],
            [
              -111.63388119399997,
              40.064384791000066
            ],
            [
              -111.63424292099995,
              40.06437348000003
            ],
            [
              -111.63462613799999,
              40.06436999400006
            ],
            [
              -111.63462422199996,
              40.06415886100007
            ],
            [
              -111.6346222191115,
              40.064150779307376
            ],
            [
              -111.63461887439071,
              40.0641431544689
            ],
            [
              -111.63461428477636,
              40.0641362074725
            ],
            [
              -111.63460858328753,
              40.064130139660364
            ],
            [
              -111.63460193516836,
              40.06412512689363
            ],
            [
              -111.63459453309879,
              40.064121314455434
            ],
            [
              -111.63458659161023,
              40.064118812840256
            ],
            [
              -111.63457834086789,
              40.06411769455148
            ],
            [
              -111.63457001999996,
              40.064117992000035
            ],
            [
              -111.63456949199997,
              40.06408368700005
            ],
            [
              -111.63484856699995,
              40.06408219200006
            ],
            [
              -111.63484871799994,
              40.064098741000066
            ],
            [
              -111.63525951899999,
              40.06409653900005
            ]
          ]
        ]
      },
      "properties": {
        "OBJECTID": 89,
        "Join_Count": 1,
        "TARGET_FID": 11049954,
        "PARCEL_NO": 290490051,
        "PARCELID": "290490051",
        "PARCELID_LABEL": "29:049:0051",
        "OWNER_NAME": "D R HORTON INC",
        "CARE_NAME": "%THORNLEY, JONATHAN S",
        "ACREAGE": 82.786366,
        "SITE_FULL_ADDRESS": null,
        "SITE_HOUSE_NUM": null,
        "SITE_PRE_DIR": null,
        "SITE_STREET_NAME": null,
        "SITE_STREET_TYPE": null,
        "SITE_POST_DIR": null,
        "SITE_STREET_UNIT": null,
        "SITE_CITY": null,
        "SITE_STATE": null,
        "SITE_ZIP5": "84653",
        "OWN_FULL_ADDRESS": "%THORNLEY, JONATHAN S  12351 S GATEWAY PARK PL STE D-100  DRAPER, UT 84020",
        "OWN_STREET_ADDRESS": "12351 S GATEWAY PARK PL STE D-100",
        "OWN_CITY": "DRAPER",
        "OWN_STATE": "UT",
        "OWN_ZIP5": "84020",
        "VESTING_DOC": "33046-2023 (MORE)",
        "PARCEL_CREATE_DATE": 1735603200000,
        "MAP_FILING_NO": null,
        "SUB_NAME": null,
        "LEGAL_DESCR": "COM AT E 1/4 COR. SEC. 6, T9S, R3E, SLB&M.; N 89 DEG 41' 12\" E 115 FT; S 0 DEG 18' 48\" E 6.03 FT; N 89 DEG 41' 12\" E 78.13 FT; N 0 DEG 35' 32\" W 12.5 FT; ALONG A CURVE TO R (CHORD BEARS: N 45 DEG 27' 10\" W 21.26 FT, RADIUS = 15 FT); N 0 DEG 18' 48\" W 76.93 FT; N 89 DEG 24' 28\" E 107.29 FT; N 87 DEG 45' 20\" E 101.35 FT; N 84 DEG 29' 19\" E 99.05 FT; N 81 DEG 15' 33\" E 99.05 FT; N 78 DEG 1' 47\" E 99.05 FT; N 74 DEG 47' 40\" E 99.39 FT; N 71 DEG 15' 1\" E 118.02 FT; N 67 DEG 13' 9\" E 129.23 FT; N 63 DEG 5' 56\" E 99.03 FT; N 63 DEG 6' 2\" E 24.46 FT; ALONG A CURVE TO L (CHORD BEARS: S 45 DEG 50' 3\" E 26.78 FT, RADIUS = 329 FT); ALONG A CURVE TO R (CHORD BEARS: S 5 DEG 26' 52\" E 20.35 FT, RADIUS = 15 FT); ALONG A CURVE TO R (CHORD BEARS: N 41 DEG 4' 32\" E 103.99 FT, RADIUS = 784 FT); S 45 DEG 7' 9\" E 63 FT; S 45 DEG 7' 30\" E 125.02 FT; S 43 DEG 59' 20\" W 87.26 FT; S 28 DEG 11' 29\" W 68.62 FT; S 60 DEG 1' 9\" E 171.91 FT; ALONG A CURVE TO R (CHORD BEARS: N 30 DEG 18' 40\" E 4.88 FT, RADIUS = 423 FT); S 37 DEG 9' 59\" E 177.5 FT; S 5 DEG 38' 55\" W 543.86 FT; S 89 DEG 58' 27\" W 134.01 FT; S 0 DEG 2' 31\" E 2009.87 FT; N 88 DEG 58' 46\" W 904.2 FT; N 589.07 FT; S 81 DEG 30' 1\" W 115 FT; S 45 DEG 30' 0\" W 205.98 FT; S 78 DEG 59' 59\" W 144.19 FT; N 0 DEG 18' 48\" W 2255.01 FT; N 75 DEG 31' 47\" E .01 FT TO BEG. AREA 82.786 AC.",
        "BOOK_PAGE": 29049,
        "LOT": null,
        "BUILDING": null,
        "UNIT": null,
        "TAX_DISTRICT": "180",
        "TAX_DISTRICT_DESCR": "SALEM CITY",
        "SCHOOL_DISTRICT": "NEBO",
        "TAXABLE_CODE": 100,
        "ACCOUNT_TYPE": "RESIDENTIAL",
        "PROP_TYPE": 900,
        "PROP_TYPE_DESCR": "VACANT",
        "SPECIFIC_PROP_TYPE": 901,
        "SPC_PROP_TYP_DESCR": "Vac Res",
        "NEIGHBORHOOD": "124",
        "NBHD_DISTRICT": "815",
        "LAND_DISTRICT": 8013,
        "ECONOMIC_UNIT": null,
        "GLA_WEIGHTED_YRBLT": null,
        "TOTAL_ABOVE_GRADE_AREA": null,
        "TOTAL_MEZZANINE": null,
        "TOTAL_BASEMENT": null,
        "TOTAL_BSMT_FINISH": null,
        "TOTAL_UNIT_COUNT": null,
        "TOTAL_IMP_COUNT": null,
        "ASMT_YEAR": 2026,
        "ASMT_CODE": "V",
        "ASMT_CODE_DESCR": "VACANT",
        "MKT_LAND_VALUE": 6389000,
        "MKT_LAND_RES": 0,
        "MKT_LAND_AGR": 6389000,
        "MKT_LAND_COM": 0,
        "MKT_IMP_VALUE": 0,
        "MKT_IMP_RES": 0,
        "MKT_IMP_AGR": 0,
        "MKT_IMP_COM": 0,
        "MKT_CUR_VALUE": 6389000,
        "MKT_PRV_VAL": 6389000,
        "MKT_VAL_YR_CHG": 0,
        "MKT_PCT_CHG": 0,
        "TXBL_CUR_VALUE": 6389000,
        "TXBL_PRV_VAL": 6389000,
        "TXBL_VAL_YR_CHG": 0,
        "TXBL_PCT_CHG": 0,
        "TOT_CUR_TAXES": 0,
        "TOT_PRV_TAXES": 0,
        "TAXES_YR_CHG": 0,
        "TAXES_PCT_CHG": 0,
        "GREENBELT": null,
        "EXEMPT_RES": "N",
        "COMMON_AREA": null,
        "PUBLIC_ROAD": null,
        "PRIVATE_ROAD": null,
        "PART_CENTRAL_ASSD": null,
        "PART_TAXABLE": null,
        "IMP_NO_RES": null,
        "COST_GROUP_RES": null,
        "STYLE_DESCR_RES": null,
        "QUALITY_RES": null,
        "QUALITY_DESCR_RES": null,
        "CONDITION_RES": null,
        "CONDITION_DESCR_RES": null,
        "YEARBLT_RES": null,
        "GLA_RES": null,
        "BASEMENT_RES": null,
        "BSMT_FINISH_RES": null,
        "ATT_GARAGE_SQFT_RES": null,
        "BATHROOMS_RES": null,
        "GLA_BEDROOMS_RES": null,
        "EXTERIOR_RES": null,
        "ALLOCATION_PCT_RES": null,
        "TRAV_COUNT": null,
        "LASTUPDATE": null,
        "CREATED_DATE": 1736521310000,
        "LAST_EDITED_DATE": 1736521310000,
        "GLOBALID": "{776D0124-D02F-4735-BD75-3271A3F98C0B}",
        "Join_Count_12": 1,
        "TARGET_FID_12": 9832,
        "Code": null,
        "Desc_Cleaned": "Medium Density Residential",
        "Description": "Mixed Density Northeast",
        "City": "Salem",
        "Description_detailed": null,
        "Desc": null,
        "Acres": 1051.55,
        "CityLU": null,
        "Unit_Rate": null,
        "Parcel_Area": 335023,
        "PctDeveloped": null,
        "Slope_Score": 5,
        "GP_Score": 8,
        "Ownership_Type": "Business",
        "Ownership_Score": 5,
        "Wetlands_Score": 0,
        "Municipality_Score": 10,
        "Final_Score": 6.05,
        "OBJECTID_12": 9830,
        "Join_Count_12_13": 0,
        "TARGET_FID_12_13": 9832,
        "Area": null,
        "Shape_Length_12": null,
        "Shape_Area_12": null,
        "STATUS": " ",
        "CARTOCODE": "11",
        "FULLNAME": "9600 S",
        "FROMADDR_L": 801,
        "TOADDR_L": 1099,
        "FROMADDR_R": 800,
        "TOADDR_R": 1098,
        "PARITY_L": " ",
        "PARITY_R": " ",
        "PREDIR": "E",
        "NAME": "9600",
        "POSTTYPE": " ",
        "POSTDIR": "S",
        "AN_NAME": " ",
        "AN_POSTDIR": " ",
        "A1_PREDIR": " ",
        "A1_NAME": " ",
        "A1_POSTTYP": " ",
        "A1_POSTDIR": " ",
        "A2_PREDIR": " ",
        "A2_NAME": " ",
        "A2_POSTTYP": " ",
        "A2_POSTDIR": " ",
        "QUADRANT_L": "SE",
        "QUADRANT_R": "SE",
        "STATE_L": "UT",
        "STATE_R": "UT",
        "COUNTY_L": "49049",
        "COUNTY_R": "49049",
        "ADDRSYS_L": "Provo",
        "ADDRSYS_R": "Provo",
        "POSTCOMM_L": "SALEM",
        "POSTCOMM_R": "SALEM",
        "ZIPCODE_L": "84653",
        "ZIPCODE_R": "84653",
        "INCMUNI_L": " ",
        "INCMUNI_R": " ",
        "UNINCCOM_L": " ",
        "UNINCCOM_R": " ",
        "NBRHDCOM_L": " ",
        "NBRHDCOM_R": " ",
        "ER_CAD_ZON": " ",
        "ESN_L": " ",
        "ESN_R": " ",
        "MSAGCOMM_L": " ",
        "MSAGCOMM_R": " ",
        "ONEWAY": "0",
        "VERT_LEVEL": "0",
        "SPEED_LMT": 25,
        "ACCESSCODE": " ",
        "DOT_HWYNAM": " ",
        "DOT_RTNAME": " ",
        "DOT_RTPART": " ",
        "DOT_F_MILE": 0,
        "DOT_T_MILE": 0,
        "DOT_FCLASS": " ",
        "DOT_SRFTYP": " ",
        "DOT_CLASS": "B",
        "DOT_OWN_L": "CO Utah",
        "DOT_OWN_R": "CO Utah",
        "DOT_AADT": 0,
        "DOT_AADTYR": " ",
        "DOT_THRULA": 0,
        "BIKE_L": " ",
        "BIKE_R": " ",
        "UNIQUE_ID": "12TVK46023425_9600_S",
        "LOCAL_UID": " ",
        "UTAHRD_UID": " ",
        "SOURCE": " ",
        "UPDATED": 1377561600000,
        "EFFECTIVE": null,
        "EXPIRE": null,
        "CUSTOMTAGS": " ",
        "Shape_STLe": 397.113984222,
        "START_ELEV": 1438.4525146484375,
        "END_ELEV": 1466.772216796875,
        "STEL_FT": 4719.33254815918,
        "ENDEL_FT": 4812.24495975586,
        "ELEV_CHANGE": 92.9124115966797,
        "SLOPE": 7.129465365670374,
        "IMP_NO_12": 306007,
        "USE_CODE_12": 476,
        "USE_CODE_DESCR_12": "Shed - Farm Implement (Equip Shop)",
        "COST_CLASS_DESCR_12": "D - Wood/Steel Studs",
        "EXTERIOR_WALL_12": null,
        "ABOVE_GRADE_AREA_12": 1248,
        "MEZZANINE_12": 0,
        "BASEMENT_12": 0,
        "BSMT_FINISH_12": 0,
        "BSMT_UNFINISH_12": 0,
        "QUALITY_DESCR_12": "Fair",
        "CONDITION_12": 3,
        "CONDITION_DESCR_12": "Average",
        "YEAR_BUILT_12": 2000,
        "UNIT_COUNT_12": null,
        "PCT_COMPLETE_12": 1,
        "ALLOCATION_PCT_12": null,
        "IMP_NO_23": 306006,
        "USE_CODE_23": 476,
        "USE_CODE_DESCR_23": "Shed - Farm Implement (Equip Shop)",
        "COST_CLASS_DESCR_23": "D - Wood/Steel Studs",
        "EXTERIOR_WALL_23": null,
        "ABOVE_GRADE_AREA_23": 1152,
        "MEZZANINE_23": 0,
        "BASEMENT_23": 0,
        "BSMT_FINISH_23": 0,
        "BSMT_UNFINISH_23": 0,
        "QUALITY_DESCR_23": "Fair",
        "CONDITION_23": 3,
        "CONDITION_DESCR_23": "Average",
        "YEAR_BUILT_23": 2000,
        "UNIT_COUNT_23": null,
        "PCT_COMPLETE_23": 1,
        "ALLOCATION_PCT_23": null,
        "Entry": 33880,
        "Year": 2025,
        "Record_Date": "2025-05-08",
        "Grantor": "TWITCHELL, MARGIE KOYLE AKA TWITCHELL, MARGIE K DEC MARGIE K TWITCHELL FAMILY LIVING TRUST 03-26-2001 THE",
        "Grantee": "TWITCHELL, CLARON J TEE MARGIE K TWITCHELL FAMILY LIVING TRUST 03-26-2001 THE",
        "Tax_Address": "4908 WAIMEA WAY HOLLADAY, UT 84117",
        "Serial_Number": "29:049:0022",
        "Serial_Number_Available": "Yes",
        "Detail_URL": "https://www.utahcounty.gov/LandRecords/document.asp?avEntry=33880&avYear=2025",
        "Document_Type": "AF DC",
        "Shape_Length_12_13": 5394.847187922554,
        "Shape_Area_12_13": 1699828.7448540768,
        "DocType": "AFDC",
        "Shape_Length": 0.02726105271104331,
        "Shape_Area": 3.537150292528901e-05
      }
    },
    {
      "type": "Feature",
      "id": 90,
      "geometry": {
        "type": "Polygon",
        "coordinates": [
          [
            [
              -111.99306739599996,
              40.290853241000036
            ],
            [
              -111.99288244899998,
              40.293733417000055
            ],
            [
              -111.99275380699999,
              40.296833572000025
            ],
            [
              -111.99613887099997,
              40.296922094000024
            ],
            [
              -111.99692356299994,
              40.29694259900003
            ],
            [
              -111.99685174399997,
              40.29809277000004
            ],
            [
              -111.99734717699994,
              40.298095766000074
            ],
            [
              -111.99734601899996,
              40.29811306000005
            ],
            [
              -112.00154158699996,
              40.29813868400004
            ],
            [
              -112.00157054599998,
              40.29535059800003
            ],
            [
              -112.00160100999994,
              40.29535078300006
            ],
            [
              -112.00160932130835,
              40.29535106510631
            ],
            [
              -112.001617560605,
              40.29534993753288
            ],
            [
              -112.00162549052092,
              40.29534743276447
            ],
            [
              -112.00163288260016,
              40.29534362296189
            ],
            [
              -112.00163952388154,
              40.29533861788317
            ],
            [
              -112.00164522303386,
              40.29533256172151
            ],
            [
              -112.00164981586812,
              40.29532562895116
            ],
            [
              -112.00165317006761,
              40.2953180193009
            ],
            [
              -112.00165518899996,
              40.295309952000025
            ],
            [
              -112.00165528199994,
              40.29530092400006
            ],
            [
              -112.0016579934985,
              40.295203576588456
            ],
            [
              -112.00166409899998,
              40.295106383000075
            ],
            [
              -112.00166290028241,
              40.295098789588444
            ],
            [
              -112.00166049584345,
              40.29509148784226
            ],
            [
              -112.00165694829272,
              40.295084667893
            ],
            [
              -112.00165235000553,
              40.29507850732656
            ],
            [
              -112.00164682071751,
              40.29507316655901
            ],
            [
              -112.00164050440677,
              40.29506878465957
            ],
            [
              -112.00163356554486,
              40.2950654757293
            ],
            [
              -112.00162618481407,
              40.29506332593003
            ],
            [
              -112.00161855440254,
              40.29506239124077
            ],
            [
              -112.00161087299995,
              40.29506269600006
            ],
            [
              -112.00163758599996,
              40.29491741500004
            ],
            [
              -112.0016463453209,
              40.29491751061349
            ],
            [
              -112.00165499175706,
              40.29491610562701
            ],
            [
              -112.00166327014111,
              40.294913241503565
            ],
            [
              -112.00167093616734,
              40.29490900276707
            ],
            [
              -112.00167776360159,
              40.29490351450806
            ],
            [
              -112.00168355095755,
              40.29489693869204
            ],
            [
              -112.00168812744297,
              40.294889469379726
            ],
            [
              -112.00169135799996,
              40.29488132700004
            ],
            [
              -112.00170906912743,
              40.294783099397144
            ],
            [
              -112.00173018798931,
              40.29468554766891
            ],
            [
              -112.00175468899994,
              40.294588790000034
            ],
            [
              -112.00625815399997,
              40.29461612000006
            ],
            [
              -112.00626361899998,
              40.29408647100007
            ],
            [
              -112.00650775499997,
              40.294087948000026
            ],
            [
              -112.00652016899994,
              40.29287903300008
            ],
            [
              -112.00684278399996,
              40.292881256000044
            ],
            [
              -112.00685310299997,
              40.29188022100004
            ],
            [
              -112.00647648199998,
              40.29187794400008
            ],
            [
              -112.00628654099995,
              40.291876796000054
            ],
            [
              -112.00628904299998,
              40.29163420000003
            ],
            [
              -112.00348347199997,
              40.291614819000074
            ],
            [
              -112.00350872628513,
              40.291498471483685
            ],
            [
              -112.0035272473397,
              40.29138086411135
            ],
            [
              -112.0035389738512,
              40.29126238621292
            ],
            [
              -112.00354386699996,
              40.291143430000034
            ],
            [
              -112.00354632899996,
              40.29093461900004
            ],
            [
              -112.00354449353722,
              40.290926532154444
            ],
            [
              -112.0035413061744,
              40.29091887665227
            ],
            [
              -112.00353686024783,
              40.29091187667141
            ],
            [
              -112.00353128594861,
              40.29090573719396
            ],
            [
              -112.00352474651028,
              40.290900638003684
            ],
            [
              -112.00351743342874,
              40.290896728421394
            ],
            [
              -112.00350956085472,
              40.2908941229323
            ],
            [
              -112.00350135932266,
              40.29089289783357
            ],
            [
              -112.00349306899994,
              40.290893089000065
            ],
            [
              -112.00347156699996,
              40.29089294000005
            ],
            [
              -111.99727028699999,
              40.29084986200007
            ],
            [
              -111.99716722272217,
              40.29085045552003
            ],
            [
              -111.997064207,
              40.29085367400006
            ],
            [
              -111.99692664202416,
              40.29086208415193
            ],
            [
              -111.99678944599998,
              40.29087520300004
            ],
            [
              -111.99662286153672,
              40.29089094268477
            ],
            [
              -111.99645581487346,
              40.29090061394955
            ],
            [
              -111.99628852699999,
              40.29090420400007
            ],
            [
              -111.99622457999999,
              40.290899928000044
            ],
            [
              -111.99583958599999,
              40.29087417300008
            ],
            [
              -111.99569064399998,
              40.290874805000044
            ],
            [
              -111.99526044099997,
              40.29084591600008
            ],
            [
              -111.99306739599996,
              40.290853241000036
            ]
          ],
          [
            [
              -111.99733105899998,
              40.29280296100006
            ],
            [
              -111.99733205499996,
              40.29294017800004
            ],
            [
              -111.99715286099996,
              40.29294094100004
            ],
            [
              -111.99715186499998,
              40.292803724000066
            ],
            [
              -111.99733105899998,
              40.29280296100006
            ]
          ],
          [
            [
              -111.99733225799997,
              40.29297020000007
            ],
            [
              -111.99733325499994,
              40.293107417000044
            ],
            [
              -111.99715405799998,
              40.29310818000005
            ],
            [
              -111.99715355999996,
              40.293039572000055
            ],
            [
              -111.99715306199994,
              40.29297096300007
            ],
            [
              -111.99733225799997,
              40.29297020000007
            ]
          ],
          [
            [
              -111.99367329799998,
              40.29429174300003
            ],
            [
              -111.99367379299997,
              40.29436035100008
            ],
            [
              -111.99367428699998,
              40.29442895900007
            ],
            [
              -111.99349508899996,
              40.294429716000025
            ],
            [
              -111.99349409999996,
              40.29429250000004
            ],
            [
              -111.99367329799998,
              40.29429174300003
            ]
          ],
          [
            [
              -111.99754925799999,
              40.295070605000035
            ],
            [
              -111.99808744899997,
              40.295073897000066
            ],
            [
              -111.99807178799995,
              40.29529006900003
            ],
            [
              -111.99806942212476,
              40.295297814835905
            ],
            [
              -111.99806583195141,
              40.295305074725306
            ],
            [
              -111.99806111244288,
              40.29531165663826
            ],
            [
              -111.99805538843404,
              40.29531738647783
            ],
            [
              -111.99804881132953,
              40.29532211268509
            ],
            [
              -111.99804155509914,
              40.29532571024805
            ],
            [
              -111.99803381167602,
              40.29532808400822
            ],
            [
              -111.99802578588003,
              40.295329171177734
            ],
            [
              -111.99801768999998,
              40.29532894300007
            ],
            [
              -111.99753077199995,
              40.29532596100006
            ],
            [
              -111.99754925799999,
              40.295070605000035
            ]
          ]
        ]
      },
      "properties": {
        "OBJECTID": 90,
        "Join_Count": 1,
        "TARGET_FID": 11054867,
        "PARCEL_NO": 590180065,
        "PARCELID": "590180065",
        "PARCELID_LABEL": "59:018:0065",
        "OWNER_NAME": "BCP DEVELOPMENT INC",
        "CARE_NAME": null,
        "ACREAGE": 173.096792,
        "SITE_FULL_ADDRESS": null,
        "SITE_HOUSE_NUM": null,
        "SITE_PRE_DIR": null,
        "SITE_STREET_NAME": null,
        "SITE_STREET_TYPE": null,
        "SITE_POST_DIR": null,
        "SITE_STREET_UNIT": null,
        "SITE_CITY": null,
        "SITE_STATE": null,
        "SITE_ZIP5": "84005",
        "OWN_FULL_ADDRESS": "1250 E 200 S STE 1D  LEHI, UT 84043",
        "OWN_STREET_ADDRESS": "1250 E 200 S STE 1D",
        "OWN_CITY": "LEHI",
        "OWN_STATE": "UT",
        "OWN_ZIP5": "84043",
        "VESTING_DOC": "194013-2021",
        "PARCEL_CREATE_DATE": 1735603200000,
        "MAP_FILING_NO": null,
        "SUB_NAME": null,
        "LEGAL_DESCR": "COM N 59.364 FT & E .979 FT FR S 1/4 COR. SEC. 18, T6S, R1W, SLB&M.; S 84 DEG 41' 16\" E 107.83 FT; E 41.56 FT; S 84 DEG 40' 16\" E 120.5 FT; S 89 DEG 56' 0\" E 611.93 FT; N 3 DEG 7' 51\" E 1050.75 FT; N 2 DEG 8' 8\" E 1130.21 FT; N 87 DEG 43' 38\" W 945 FT; S 0 DEG 56' 32\" W 937.37 FT; E 698.02 FT; S 25 FT; E 50 FT; N 50 FT; W 50 FT; S 25 FT; W 698.02 FT; N 0 DEG 56' 32\" E 937.37 FT; N 87 DEG 43' 38\" W 219.06 FT; N 3 DEG 3' 20\" E 419.58 FT; N 89 DEG 13' 45\" W 138.23 FT; N 3 DEG 15' 18\" E 6.31 FT; N 89 DEG 13' 23\" W 1170.6 FT; S 0 DEG 46' 37\" W 1015.96 FT; N 89 DEG 13' 24\" W 8.5 FT; ALONG A CURVE TO L (CHORD BEARS: S 45 DEG 46' 38\" W 21.21 FT, RADIUS = 15 FT); S 0 DEG 46' 34\" W 3.29 FT; ALONG A CURVE TO R (CHORD BEARS: S 2 DEG 18' 32\" W 70.93 FT, RADIUS = 1326.51 FT); ALONG A CURVE TO L (CHORD BEARS: S 42 DEG 41' 29\" E 21.77 FT, RADIUS = 15 FT); S 8 DEG 20' 8\" W 53.46 FT; ALONG A CURVE TO L (CHORD BEARS: S 49 DEG 5' 13\" W 19.95 FT, RADIUS = 15 FT); ALONG A CURVE TO R (CHORD BEARS: S 9 DEG 44' 1\" W 108.05 FT, RADIUS = 1326.5 FT); N 89 DEG 13' 23\" W 1256.57 FT; S 0 DEG 46' 37\" W 193 FT; N 89 DEG 13' 23\" W 68.12 FT; S 0 DEG 46' 30\" W 440.52 FT; N 89 DEG 9' 35\" W 90.02 FT; S 0 DEG 46' 37\" W 364.77 FT; S 89 DEG 13' 23\" E 105.09 FT; S 89 DEG 13' 24\" E 53 FT; S 0 DEG 46' 37\" W 88.4 FT; S 89 DEG 9' 35\" E 782.86 FT; ALONG A CURVE TO L (CHORD BEARS: S 5 DEG 55' 33\" W 172.59 FT, RADIUS = 973.5 FT); S 0 DEG 50' 24\" W 76.09 FT; ALONG A CURVE TO L (CHORD BEARS: S 44 DEG 9' 33\" E 21.21 FT, RADIUS = 15 FT); S 89 DEG 9' 42\" E 6 FT; S 89 DEG 9' 35\" E 1730.41 FT; ALONG A CURVE TO L (CHORD BEARS: N 88 DEG 56' 5\" E 57.52 FT, RADIUS = 865 FT); N 10 DEG 11' 57\" W 1564.05 FT; N 3 DEG 29' 37\" E 78.89 FT; ALONG A CURVE TO R (CHORD BEARS: N 47 DEG 8' 13\" E 20.7 FT, RADIUS = 15 FT); S 89 DEG 13' 22\" E 135.86 FT; S 3 DEG 29' 30\" W 93.19 FT; N 89 DEG 13' 24\" W 150.17 FT; S 10 DEG 11' 57\" E 1564.05 FT; ALONG A CURVE TO L (CHORD BEARS: N 84 DEG 28' 34\" E 77.07 FT, RADIUS = 865 FT); ALONG A CURVE TO R (CHORD BEARS: N 85 DEG 59' 40\" E 140.17 FT, RADIUS = 987 FT); S 84 DEG 41' 16\" E 17.91 FT; N 0 DEG 56' 32\" E 781.18 FT; W 267.72 FT; S 25 FT; W 50 FT; N 50 FT; E 50 FT; S 25 FT; S 25 FT; S 0 DEG 1' 25\" W 10.94 FT; S 50 FT; W 50 FT; N 50 FT; E 50 FT; N 0 DEG 1' 25\" E 10.94 FT; N 25 FT; E 267.72 FT; S 0 DEG 56' 32\" W 781.18 FT TO BEG. AREA 173.097 AC.",
        "BOOK_PAGE": 59018,
        "LOT": null,
        "BUILDING": null,
        "UNIT": null,
        "TAX_DISTRICT": "038",
        "TAX_DISTRICT_DESCR": "EAGLE MOUNTAIN",
        "SCHOOL_DISTRICT": "ALPINE",
        "TAXABLE_CODE": 100,
        "ACCOUNT_TYPE": "RESIDENTIAL",
        "PROP_TYPE": 900,
        "PROP_TYPE_DESCR": "VACANT",
        "SPECIFIC_PROP_TYPE": 901,
        "SPC_PROP_TYP_DESCR": "Vac Res",
        "NEIGHBORHOOD": "103",
        "NBHD_DISTRICT": "152",
        "LAND_DISTRICT": 1526,
        "ECONOMIC_UNIT": null,
        "GLA_WEIGHTED_YRBLT": null,
        "TOTAL_ABOVE_GRADE_AREA": null,
        "TOTAL_MEZZANINE": null,
        "TOTAL_BASEMENT": null,
        "TOTAL_BSMT_FINISH": null,
        "TOTAL_UNIT_COUNT": null,
        "TOTAL_IMP_COUNT": null,
        "ASMT_YEAR": 2026,
        "ASMT_CODE": "V",
        "ASMT_CODE_DESCR": "VACANT",
        "MKT_LAND_VALUE": 9560100,
        "MKT_LAND_RES": 0,
        "MKT_LAND_AGR": 9560100,
        "MKT_LAND_COM": 0,
        "MKT_IMP_VALUE": 0,
        "MKT_IMP_RES": 0,
        "MKT_IMP_AGR": 0,
        "MKT_IMP_COM": 0,
        "MKT_CUR_VALUE": 9560100,
        "MKT_PRV_VAL": 9560100,
        "MKT_VAL_YR_CHG": 0,
        "MKT_PCT_CHG": 0,
        "TXBL_CUR_VALUE": 9560100,
        "TXBL_PRV_VAL": 9560100,
        "TXBL_VAL_YR_CHG": 0,
        "TXBL_PCT_CHG": 0,
        "TOT_CUR_TAXES": 0,
        "TOT_PRV_TAXES": 0,
        "TAXES_YR_CHG": 0,
        "TAXES_PCT_CHG": 0,
        "GREENBELT": null,
        "EXEMPT_RES": "N",
        "COMMON_AREA": null,
        "PUBLIC_ROAD": "Yes",
        "PRIVATE_ROAD": null,
        "PART_CENTRAL_ASSD": null,
        "PART_TAXABLE": null,
        "IMP_NO_RES": null,
        "COST_GROUP_RES": null,
        "STYLE_DESCR_RES": null,
        "QUALITY_RES": null,
        "QUALITY_DESCR_RES": null,
        "CONDITION_RES": null,
        "CONDITION_DESCR_RES": null,
        "YEARBLT_RES": null,
        "GLA_RES": null,
        "BASEMENT_RES": null,
        "BSMT_FINISH_RES": null,
        "ATT_GARAGE_SQFT_RES": null,
        "BATHROOMS_RES": null,
        "GLA_BEDROOMS_RES": null,
        "EXTERIOR_RES": null,
        "ALLOCATION_PCT_RES": null,
        "TRAV_COUNT": null,
        "LASTUPDATE": null,
        "CREATED_DATE": 1736762260000,
        "LAST_EDITED_DATE": 1736762260000,
        "GLOBALID": "{A1338AC9-44DF-4009-A117-A584C14E4914}",
        "Join_Count_12": 1,
        "TARGET_FID_12": 10035,
        "Code": null,
        "Desc_Cleaned": "Low Density Residential",
        "Description": "Residential - Low Density",
        "City": "Eagle Mountain",
        "Description_detailed": "Residential Single-Family",
        "Desc": null,
        "Acres": null,
        "CityLU": null,
        "Unit_Rate": null,
        "Parcel_Area": 700498,
        "PctDeveloped": null,
        "Slope_Score": 10,
        "GP_Score": 9,
        "Ownership_Type": "Business",
        "Ownership_Score": 5,
        "Wetlands_Score": 10,
        "Municipality_Score": 10,
        "Final_Score": 8.15,
        "OBJECTID_12": 10033,
        "Join_Count_12_13": 0,
        "TARGET_FID_12_13": 10035,
        "Area": null,
        "Shape_Length_12": null,
        "Shape_Area_12": null,
        "STATUS": " ",
        "CARTOCODE": "11",
        "FULLNAME": " ",
        "FROMADDR_L": 0,
        "TOADDR_L": 0,
        "FROMADDR_R": 0,
        "TOADDR_R": 0,
        "PARITY_L": " ",
        "PARITY_R": " ",
        "PREDIR": " ",
        "NAME": " ",
        "POSTTYPE": " ",
        "POSTDIR": " ",
        "AN_NAME": " ",
        "AN_POSTDIR": " ",
        "A1_PREDIR": " ",
        "A1_NAME": " ",
        "A1_POSTTYP": " ",
        "A1_POSTDIR": " ",
        "A2_PREDIR": " ",
        "A2_NAME": " ",
        "A2_POSTTYP": " ",
        "A2_POSTDIR": " ",
        "QUADRANT_L": "NE",
        "QUADRANT_R": "NE",
        "STATE_L": "UT",
        "STATE_R": "UT",
        "COUNTY_L": "49049",
        "COUNTY_R": "49049",
        "ADDRSYS_L": "Eagle Mountain",
        "ADDRSYS_R": "Eagle Mountain",
        "POSTCOMM_L": "EAGLE MOUNTAIN",
        "POSTCOMM_R": "EAGLE MOUNTAIN",
        "ZIPCODE_L": "84005",
        "ZIPCODE_R": "84005",
        "INCMUNI_L": "EAGLE MOUNTAIN",
        "INCMUNI_R": "EAGLE MOUNTAIN",
        "UNINCCOM_L": " ",
        "UNINCCOM_R": " ",
        "NBRHDCOM_L": " ",
        "NBRHDCOM_R": " ",
        "ER_CAD_ZON": " ",
        "ESN_L": " ",
        "ESN_R": " ",
        "MSAGCOMM_L": " ",
        "MSAGCOMM_R": " ",
        "ONEWAY": "0",
        "VERT_LEVEL": "0",
        "SPEED_LMT": 25,
        "ACCESSCODE": " ",
        "DOT_HWYNAM": " ",
        "DOT_RTNAME": " ",
        "DOT_RTPART": " ",
        "DOT_F_MILE": 0,
        "DOT_T_MILE": 0,
        "DOT_FCLASS": " ",
        "DOT_SRFTYP": " ",
        "DOT_CLASS": " ",
        "DOT_OWN_L": "MU Eagle Mountain",
        "DOT_OWN_R": "MU Eagle Mountain",
        "DOT_AADT": 0,
        "DOT_AADTYR": " ",
        "DOT_THRULA": 0,
        "BIKE_L": " ",
        "BIKE_R": " ",
        "UNIQUE_ID": "12TVK15076134",
        "LOCAL_UID": " ",
        "UTAHRD_UID": " ",
        "SOURCE": " ",
        "UPDATED": 1434067200000,
        "EFFECTIVE": null,
        "EXPIRE": null,
        "CUSTOMTAGS": " ",
        "Shape_STLe": 39.2406641714,
        "START_ELEV": 1484.3955078125,
        "END_ELEV": 1484.423828125,
        "STEL_FT": 4870.064157851562,
        "ENDEL_FT": 4870.157072265625,
        "ELEV_CHANGE": 0.09291441406276135,
        "SLOPE": 0.07215344044726787,
        "IMP_NO_12": null,
        "USE_CODE_12": null,
        "USE_CODE_DESCR_12": null,
        "COST_CLASS_DESCR_12": null,
        "EXTERIOR_WALL_12": null,
        "ABOVE_GRADE_AREA_12": null,
        "MEZZANINE_12": null,
        "BASEMENT_12": null,
        "BSMT_FINISH_12": null,
        "BSMT_UNFINISH_12": null,
        "QUALITY_DESCR_12": null,
        "CONDITION_12": null,
        "CONDITION_DESCR_12": null,
        "YEAR_BUILT_12": null,
        "UNIT_COUNT_12": null,
        "PCT_COMPLETE_12": null,
        "ALLOCATION_PCT_12": null,
        "IMP_NO_23": null,
        "USE_CODE_23": null,
        "USE_CODE_DESCR_23": null,
        "COST_CLASS_DESCR_23": null,
        "EXTERIOR_WALL_23": null,
        "ABOVE_GRADE_AREA_23": null,
        "MEZZANINE_23": null,
        "BASEMENT_23": null,
        "BSMT_FINISH_23": null,
        "BSMT_UNFINISH_23": null,
        "QUALITY_DESCR_23": null,
        "CONDITION_23": null,
        "CONDITION_DESCR_23": null,
        "YEAR_BUILT_23": null,
        "UNIT_COUNT_23": null,
        "PCT_COMPLETE_23": null,
        "ALLOCATION_PCT_23": null,
        "Entry": 13977,
        "Year": 2025,
        "Record_Date": "2025-02-26",
        "Grantor": "PACE, JANICE AULT AKA PACE, JANICE A DEC HRLS ALASKA TRUST 01-02-2014",
        "Grantee": "WARNER, SHERIE A TEE HRLS ALASKA TRUST 01-02-2014",
        "Tax_Address": "PO BOX 1274 AMERICAN FORK, UT 84003-6274",
        "Serial_Number": "59:018:0045",
        "Serial_Number_Available": "Yes",
        "Detail_URL": "https://www.utahcounty.gov/LandRecords/document.asp?avEntry=13977&avYear=2025",
        "Document_Type": "AF DC",
        "Shape_Length_12_13": 199.94054499268532,
        "Shape_Area_12_13": 2498.5138457482512,
        "DocType": "AFDC",
        "Shape_Length": 0.04579661733352615,
        "Shape_Area": 7.420489936990549e-05
      }
    }
  ]
}